-5.230760574340820312e-01 -2.995350956916809082e-01 -1.105476468801498413e-01 -4.029574096202850342e-01 3.007196485996246338e-01 5.881122946739196777e-01 -5.211749672889709473e-02 -2.636311650276184082e-01 -1.150252372026443481e-01 4.912625551223754883e-01 -5.427671670913696289e-01 -1.962696611881256104e-01 -4.159045815467834473e-01 5.089787840843200684e-01 3.256958723068237305e-02 -2.696926295757293701e-01 1.949430406093597412e-01 -7.736523449420928955e-02 -1.172754317522048950e-01 5.787260532379150391e-01 -1.083980053663253784e-01 -1.101164817810058594e-01 -2.134332060813903809e-01 3.394020497798919678e-01 1.789039671421051025e-01 -3.053975701332092285e-01 -6.612540036439895630e-02 1.286480426788330078e-01 1.488137096166610718e-01 -2.148655652999877930e-01 5.536180734634399414e-01 5.049694776535034180e-01 1.686132103204727173e-01 1.074942126870155334e-01 -2.845180928707122803e-01 4.454297423362731934e-01 3.353516757488250732e-01 -5.563743039965629578e-02 4.360064864158630371e-03 -2.876175567507743835e-02 1.852844357490539551e-01 -1.380772888660430908e-01 9.806177616119384766e-01 1.574128866195678711e-03 -1.615853309631347656e-01 3.695229887962341309e-01 3.535816073417663574e-01 3.034656047821044922e-01 -6.190760135650634766e-01 4.332786202430725098e-01 1.096805781126022339e-01 1.400185376405715942e-01 -5.677606537938117981e-02 1.174987852573394775e-02 2.087885290384292603e-01 4.590138494968414307e-01 5.409675240516662598e-01 6.517256498336791992e-01 1.545053273439407349e-01 1.227719560265541077e-01 4.340817406773567200e-02 -7.352769374847412109e-03 1.398692429065704346e-01 -7.069319486618041992e-02
-2.509325146675109863e-01 -2.882375419139862061e-01 -4.858535826206207275e-01 -4.477341473102569580e-01 -5.679227784276008606e-02 4.495944976806640625e-01 2.589874267578125000e-01 -2.270185798406600952e-01 -7.005389779806137085e-02 3.902802169322967529e-01 -7.255014181137084961e-01 -1.272040903568267822e-01 -2.962175607681274414e-01 2.208500206470489502e-01 -1.124082133173942566e-01 -4.427798092365264893e-01 4.508914425969123840e-03 -8.049836754798889160e-02 -5.578216910362243652e-02 5.230963826179504395e-01 -9.160447120666503906e-02 2.459953874349594116e-01 -1.662285923957824707e-01 5.915517210960388184e-01 4.160408973693847656e-01 -1.154273152351379395e-01 4.706379398703575134e-02 -3.167585730552673340e-01 2.657431662082672119e-01 -1.756430119276046753e-01 4.501383304595947266e-01 5.253599882125854492e-01 -5.814936943352222443e-03 1.825380921363830566e-01 -8.633670210838317871e-02 7.933300733566284180e-01 3.541927933692932129e-01 -1.382037699222564697e-01 1.483606398105621338e-01 -2.813346311450004578e-02 6.200234889984130859e-01 -3.901788592338562012e-01 7.089694738388061523e-01 -1.841618716716766357e-01 1.774687618017196655e-01 1.912814825773239136e-01 5.006557703018188477e-01 6.504527926445007324e-01 -8.014728426933288574e-01 1.852241158485412598e-02 -1.186805143952369690e-01 -2.686324417591094971e-01 8.321334421634674072e-02 -6.348431110382080078e-02 2.035040110349655151e-01 7.016019821166992188e-01 4.191629886627197266e-01 4.635742306709289551e-01 -9.093139320611953735e-02 -2.421317696571350098e-01 1.102308481931686401e-01 -1.589413881301879883e-01 -6.883462518453598022e-02 1.644211858510971069e-01
-5.767189860343933105e-01 -4.110867902636528015e-02 2.413047254085540771e-01 -2.974833250045776367e-01 5.395716428756713867e-01 3.095933496952056885e-01 -2.300172746181488037e-01 -2.550848126411437988e-01 -2.994471192359924316e-01 9.225936532020568848e-01 -5.625262856483459473e-01 6.929442286491394043e-02 9.787089377641677856e-02 6.134150624275207520e-01 -2.985469251871109009e-02 -1.405906677246093750e-01 3.639284670352935791e-01 2.280316054821014404e-01 -1.620125919580459595e-01 2.980048060417175293e-01 3.350028991699218750e-01 2.540628314018249512e-01 -6.717882752418518066e-01 -1.460194587707519531e-01 5.331020355224609375e-01 -1.952562332153320312e-01 -1.837681233882904053e-01 8.858069777488708496e-04 -4.462283477187156677e-02 1.155039891600608826e-01 3.782374858856201172e-01 5.502418279647827148e-01 3.695180416107177734e-01 -8.360204845666885376e-02 -6.068398952484130859e-01 4.382863044738769531e-01 2.264702022075653076e-01 2.925750017166137695e-01 -2.295658290386199951e-01 2.470978349447250366e-01 -8.638856559991836548e-02 6.482899934053421021e-02 3.218279778957366943e-01 -3.656692802906036377e-01 -4.672154486179351807e-01 3.928968310356140137e-01 5.301278233528137207e-01 -1.925434768199920654e-01 -3.538488745689392090e-01 2.674490213394165039e-01 7.526628673076629639e-02 6.313844025135040283e-02 -2.851176261901855469e-01 -3.959956467151641846e-01 2.609893083572387695e-01 2.330885231494903564e-01 2.757128328084945679e-03 3.517800569534301758e-01 6.602697372436523438e-01 9.343080222606658936e-03 1.417740881443023682e-01 1.496877819299697876e-01 2.106262370944023132e-02 -9.505599737167358398e-02
-2.654111385345458984e-01 -1.031306460499763489e-01 3.429413437843322754e-01 -3.163752257823944092e-01 5.070968866348266602e-01 9.762877225875854492e-02 -6.211873888969421387e-02 -1.699900180101394653e-01 -4.676190316677093506e-01 8.274461627006530762e-01 -4.784653782844543457e-01 8.473353087902069092e-02 -1.174824684858322144e-02 4.564214646816253662e-01 -7.372171431779861450e-02 -1.241187974810600281e-01 5.935741662979125977e-01 3.629877269268035889e-01 -2.717561125755310059e-01 2.123205810785293579e-01 3.790141344070434570e-01 3.122527003288269043e-01 -5.646812319755554199e-01 -2.280360758304595947e-01 4.808677732944488525e-01 -2.803938984870910645e-01 -3.143994212150573730e-01 -2.232723236083984375e-01 1.380379348993301392e-01 2.350822389125823975e-01 3.328150212764739990e-01 5.785678625106811523e-01 2.900633811950683594e-01 -5.866266414523124695e-02 -3.990028500556945801e-01 3.253522515296936035e-01 3.075679540634155273e-01 5.071119070053100586e-01 -2.995842695236206055e-01 3.643752336502075195e-01 -9.630262106657028198e-02 8.807868510484695435e-02 1.303213238716125488e-01 -4.798302352428436279e-01 -5.999563336372375488e-01 4.929081797599792480e-01 5.895385742187500000e-01 -1.369125097990036011e-01 -3.404231071472167969e-01 3.566595315933227539e-01 1.739207655191421509e-01 1.532492339611053467e-01 -3.522636294364929199e-01 -4.116462469100952148e-01 5.695973634719848633e-01 2.305947840213775635e-01 -9.787485003471374512e-02 3.346132636070251465e-01 9.151049256324768066e-01 3.989931195974349976e-02 1.871123015880584717e-01 1.417698413133621216e-01 -3.741689771413803101e-02 1.088752448558807373e-01
-5.721576213836669922e-01 -3.242464661598205566e-01 -3.044551312923431396e-01 -4.174439609050750732e-01 2.270198464393615723e-01 5.873722434043884277e-01 -2.771449089050292969e-02 -2.574453055858612061e-01 -2.032529711723327637e-01 5.145092606544494629e-01 -6.184868812561035156e-01 -2.570977061986923218e-02 -3.130074739456176758e-01 4.915138185024261475e-01 6.163343042135238647e-02 -3.449621498584747314e-01 4.074187576770782471e-02 -2.320029437541961670e-01 5.261691659688949585e-02 5.804337859153747559e-01 -1.814967542886734009e-01 -6.618310511112213135e-02 -2.322535216808319092e-01 3.701683580875396729e-01 2.682081460952758789e-01 -2.836625874042510986e-01 1.936026103794574738e-02 -9.963601827621459961e-03 2.192652374505996704e-01 -2.554256916046142578e-01 5.879722237586975098e-01 6.071232557296752930e-01 2.605280280113220215e-01 1.416272521018981934e-01 -2.666826248168945312e-01 6.427171826362609863e-01 1.851530373096466064e-01 -4.828354716300964355e-02 3.936342895030975342e-02 3.493701666593551636e-02 2.185101211071014404e-01 -1.939333379268646240e-01 9.702044725418090820e-01 9.609669446945190430e-03 7.790627330541610718e-02 2.834142446517944336e-01 3.698986768722534180e-01 3.135133385658264160e-01 -6.627229452133178711e-01 3.166927695274353027e-01 1.722042113542556763e-01 -3.942569345235824585e-02 -3.931270912289619446e-02 9.527038782835006714e-02 7.957074046134948730e-02 5.259613394737243652e-01 5.531615018844604492e-01 6.743079423904418945e-01 2.403671294450759888e-02 4.982754588127136230e-03 1.261841207742691040e-01 -7.811733335256576538e-02 -9.633912704885005951e-03 -8.912344276905059814e-02
-5.037934184074401855e-01 -5.220746248960494995e-02 1.575064063072204590e-01 -2.420111596584320068e-01 4.260055124759674072e-01 3.089089095592498779e-01 -7.931303977966308594e-02 -2.506529092788696289e-01 -2.485605776309967041e-01 9.049470424652099609e-01 -4.950739741325378418e-01 -3.403561562299728394e-02 -8.748282492160797119e-02 5.465269088745117188e-01 -1.574127078056335449e-01 -1.707073301076889038e-01 3.074611127376556396e-01 2.198841571807861328e-01 -2.985152602195739746e-01 1.923544555902481079e-01 3.003585040569305420e-01 2.943099439144134521e-01 -7.001785635948181152e-01 -8.173238486051559448e-02 5.353606343269348145e-01 -1.421809345483779907e-01 -1.630220264196395874e-01 -9.308354556560516357e-02 -1.261615380644798279e-02 2.669526934623718262e-01 5.179221630096435547e-01 5.431131124496459961e-01 1.515044569969177246e-01 -1.906498521566390991e-01 -5.741705894470214844e-01 4.961698651313781738e-01 2.902771234512329102e-01 2.421860098838806152e-01 -2.085693478584289551e-01 1.906003355979919434e-01 1.578232347965240479e-01 -7.178024202585220337e-02 3.377662301063537598e-01 -4.139176905155181885e-01 -3.757922649383544922e-01 3.037885427474975586e-01 4.616486430168151855e-01 7.214843481779098511e-02 -4.804713129997253418e-01 1.863890588283538818e-01 2.951815724372863770e-02 -3.647107630968093872e-02 -2.652491629123687744e-01 -4.404501616954803467e-01 2.206773012876510620e-01 3.245386779308319092e-01 1.860355958342552185e-02 3.073343932628631592e-01 6.135421991348266602e-01 -1.302455961704254150e-01 1.687977761030197144e-01 1.421513706445693970e-01 8.271481841802597046e-02 7.900658249855041504e-02
-4.551576972007751465e-01 -1.691844761371612549e-01 2.943845987319946289e-01 -2.574907839298248291e-01 5.313727855682373047e-01 2.634745240211486816e-01 -9.611545503139495850e-02 -2.434584051370620728e-01 -2.314002811908721924e-01 1.014434218406677246e+00 -5.654755830764770508e-01 1.438100337982177734e-01 6.006833910942077637e-02 4.074333012104034424e-01 -3.491051495075225830e-02 1.335979253053665161e-02 5.257026553153991699e-01 3.863331079483032227e-01 -3.016240000724792480e-01 2.451692223548889160e-01 5.121590495109558105e-01 3.159738779067993164e-01 -7.387446761131286621e-01 -2.778526544570922852e-01 4.932505786418914795e-01 -6.037309765815734863e-02 -2.164775580167770386e-01 -6.176824867725372314e-02 -1.272369623184204102e-01 1.526106148958206177e-01 3.593954443931579590e-01 5.112057924270629883e-01 3.584049642086029053e-01 -1.532134860754013062e-01 -5.020855665206909180e-01 4.482307434082031250e-01 3.275766372680664062e-01 4.314424395561218262e-01 -3.156717419624328613e-01 3.479227721691131592e-01 -2.754806280136108398e-01 7.640803605318069458e-02 2.154521644115447998e-01 -3.603264391422271729e-01 -5.763531327247619629e-01 4.560731053352355957e-01 5.249862074851989746e-01 -1.941091716289520264e-01 -2.597738504409790039e-01 2.202375531196594238e-01 1.953826844692230225e-02 2.550667226314544678e-01 -2.860412597656250000e-01 -4.982864558696746826e-01 3.532625436782836914e-01 1.503122746944427490e-01 -1.320807486772537231e-01 2.811545431613922119e-01 8.082103729248046875e-01 5.874636024236679077e-02 2.092370539903640747e-01 2.205498069524765015e-01 1.536384820938110352e-01 1.876359991729259491e-02
-6.117764115333557129e-01 -2.521316111087799072e-01 -2.497844099998474121e-01 -4.309107363224029541e-01 2.899898886680603027e-01 5.263089537620544434e-01 5.381928011775016785e-02 -3.301973342895507812e-01 -1.439751386642456055e-01 5.718048810958862305e-01 -5.941359996795654297e-01 -1.045426055788993835e-01 -3.419987559318542480e-01 4.415510594844818115e-01 -3.144992887973785400e-02 -3.696905374526977539e-01 -3.303519636392593384e-02 -8.337236940860748291e-02 -4.120446741580963135e-02 5.906986594200134277e-01 -7.386179268360137939e-02 -9.714795649051666260e-02 -1.262188255786895752e-01 4.143101871013641357e-01 3.434247374534606934e-01 -2.948954701423645020e-01 5.411887541413307190e-02 7.714778929948806763e-02 2.267863601446151733e-01 -1.815746277570724487e-01 5.288857817649841309e-01 4.576117098331451416e-01 1.332811862230300903e-01 4.437711834907531738e-02 -1.800360977649688721e-01 6.391774415969848633e-01 3.904583156108856201e-01 -9.209466725587844849e-02 7.036276161670684814e-02 -2.208290398120880127e-01 3.374770879745483398e-01 -2.269212901592254639e-01 7.171083092689514160e-01 2.507068961858749390e-02 -6.193831562995910645e-02 2.463111132383346558e-01 2.568016052246093750e-01 1.939888000488281250e-01 -6.155529022216796875e-01 1.975810825824737549e-01 1.583600491285324097e-01 -4.079238511621952057e-03 -6.700348109006881714e-03 -1.501108407974243164e-01 5.709271132946014404e-02 5.327658653259277344e-01 6.386134028434753418e-01 7.372829914093017578e-01 -1.394100487232208252e-02 2.056212127208709717e-01 -1.361699551343917847e-01 -1.857337951660156250e-01 -4.905559495091438293e-02 -1.677417382597923279e-02
-7.371833324432373047e-01 -1.673394739627838135e-01 8.445637673139572144e-02 -2.992210388183593750e-01 3.983662128448486328e-01 4.888622164726257324e-01 -2.047123610973358154e-01 -3.616679310798645020e-01 -4.520722478628158569e-02 1.013237357139587402e+00 -5.124232769012451172e-01 -1.338876038789749146e-02 -1.987996697425842285e-02 5.996576547622680664e-01 -9.412085264921188354e-02 3.834741562604904175e-02 3.060105144977569580e-01 1.102474629878997803e-01 -2.441032975912094116e-01 2.968739271163940430e-01 4.186537265777587891e-01 1.736129373311996460e-01 -7.587237954139709473e-01 9.359121322631835938e-04 4.657218456268310547e-01 -4.684724658727645874e-02 -9.781356155872344971e-02 1.212678775191307068e-01 -2.362755686044692993e-01 7.041486352682113647e-02 5.130768418312072754e-01 5.439081192016601562e-01 2.722258865833282471e-01 -1.627430468797683716e-01 -6.750156879425048828e-01 6.304142475128173828e-01 1.879039108753204346e-01 7.610432803630828857e-02 -1.389371454715728760e-01 1.404527425765991211e-01 -7.274971157312393188e-02 -8.513784408569335938e-02 5.165288448333740234e-01 -1.641772091388702393e-01 -2.763395011425018311e-01 2.865760326385498047e-01 4.170242846012115479e-01 -7.245631515979766846e-02 -4.439017176628112793e-01 9.285660088062286377e-02 1.878127455711364746e-03 1.216446757316589355e-01 -8.926323056221008301e-02 -3.424545526504516602e-01 -3.605399653315544128e-02 2.452726364135742188e-01 1.555352956056594849e-01 4.151714742183685303e-01 4.156777858734130859e-01 -2.623405307531356812e-02 1.526800245046615601e-01 2.154777795076370239e-01 2.041321247816085815e-01 -6.674821674823760986e-02
-8.969755768775939941e-01 -1.349638551473617554e-01 2.048408389091491699e-01 -3.069214820861816406e-01 5.095239877700805664e-01 4.856738150119781494e-01 -3.646043837070465088e-01 -3.624148964881896973e-01 -1.182831823825836182e-01 9.617103934288024902e-01 -6.536493301391601562e-01 2.475254237651824951e-01 1.254837363958358765e-01 6.659228801727294922e-01 2.723768353462219238e-03 1.672270707786083221e-02 2.897399365901947021e-01 1.887577027082443237e-01 -1.037222892045974731e-01 4.909372925758361816e-01 3.310726284980773926e-01 -7.288844883441925049e-02 -6.576872467994689941e-01 -6.559222191572189331e-02 4.235968887805938721e-01 -1.560672670602798462e-01 -1.161019206047058105e-01 2.224580943584442139e-01 -1.494596302509307861e-01 -2.872359752655029297e-02 3.660992681980133057e-01 4.446685314178466797e-01 5.415055155754089355e-01 -5.869277566671371460e-02 -5.963362455368041992e-01 3.814272880554199219e-01 2.045168578624725342e-01 2.584693431854248047e-01 -2.504363059997558594e-01 1.756932586431503296e-01 -4.336027204990386963e-01 1.120213717222213745e-01 6.664218902587890625e-01 3.539040684700012207e-03 -3.287672400474548340e-01 3.757601380348205566e-01 4.196754693984985352e-01 -3.102082610130310059e-01 -2.592210769653320312e-01 3.679396808147430420e-01 5.750571191310882568e-02 2.932988703250885010e-01 -1.620856374502182007e-01 -1.819155514240264893e-01 1.159242540597915649e-01 1.667180359363555908e-01 1.508184373378753662e-01 4.814605712890625000e-01 4.420726001262664795e-01 1.699099242687225342e-01 1.598703861236572266e-01 1.878312379121780396e-01 2.145901769399642944e-01 -2.800566852092742920e-01
-6.941804885864257812e-01 -1.853027343750000000e-01 -8.142019808292388916e-02 -3.015027940273284912e-01 4.331974089145660400e-01 4.945863485336303711e-01 -4.582662880420684814e-02 -3.548671603202819824e-01 -1.727004796266555786e-01 4.734720587730407715e-01 -5.567063093185424805e-01 2.582316100597381592e-02 -4.172630310058593750e-01 5.535526871681213379e-01 3.713792189955711365e-02 -2.321998476982116699e-01 1.536758691072463989e-01 5.214502289891242981e-02 -1.463871151208877563e-01 4.414137005805969238e-01 -1.795992404222488403e-01 -1.756693571805953979e-01 -3.272482454776763916e-01 1.171910315752029419e-01 2.739934623241424561e-01 -3.533652126789093018e-01 -7.065378874540328979e-02 2.372257113456726074e-01 1.627145111560821533e-01 3.786563873291015625e-03 5.665648579597473145e-01 4.663172960281372070e-01 2.399845421314239502e-01 -1.004433110356330872e-01 -2.960495650768280029e-01 4.215685725212097168e-01 3.551802337169647217e-01 -1.007296368479728699e-01 -2.687074542045593262e-01 1.619974710047245026e-02 1.835456788539886475e-01 -1.326050311326980591e-01 8.514964580535888672e-01 -3.735670447349548340e-02 -1.418417692184448242e-01 3.238343596458435059e-01 3.107162415981292725e-01 8.238544315099716187e-02 -5.318284630775451660e-01 4.069942831993103027e-01 2.137657254934310913e-01 3.360506147146224976e-02 -2.637246847152709961e-01 -2.183301746845245361e-01 1.138589680194854736e-01 3.691834509372711182e-01 6.139371395111083984e-01 6.971172690391540527e-01 1.916845738887786865e-01 1.854718029499053955e-01 -5.936162546277046204e-02 -9.237937629222869873e-02 1.819782406091690063e-01 -5.970356240868568420e-02
-4.121686816215515137e-01 -2.975331544876098633e-01 -4.521957635879516602e-01 -4.340436458587646484e-01 6.976112723350524902e-02 4.898540377616882324e-01 2.387348562479019165e-01 -2.605008482933044434e-01 -1.915821731090545654e-01 3.096526265144348145e-01 -6.804664134979248047e-01 -6.398033350706100464e-02 -4.001085162162780762e-01 2.476953864097595215e-01 -9.297352284193038940e-02 -4.391528666019439697e-01 -1.259188801050186157e-01 -1.456162184476852417e-01 1.815239340066909790e-02 5.552608370780944824e-01 -2.215382307767868042e-01 -2.113961055874824524e-02 -4.253285378217697144e-02 5.528827905654907227e-01 3.559561669826507568e-01 -2.079361081123352051e-01 5.432134121656417847e-02 -1.311001330614089966e-01 3.508057892322540283e-01 -1.944174170494079590e-01 4.949511587619781494e-01 4.771722257137298584e-01 7.624478638172149658e-02 1.406099200248718262e-01 9.106926620006561279e-03 7.557476758956909180e-01 3.537358641624450684e-01 -2.296689748764038086e-01 4.979747533798217773e-02 -1.451857835054397583e-01 4.961926043033599854e-01 -3.422235846519470215e-01 7.981079220771789551e-01 -2.946065366268157959e-02 1.675195991992950439e-01 1.053948700428009033e-01 3.840186595916748047e-01 4.236701428890228271e-01 -7.540584206581115723e-01 1.209122985601425171e-01 8.907626569271087646e-02 -2.076948732137680054e-01 -2.370063215494155884e-03 -1.306608617305755615e-01 1.132386326789855957e-01 6.316931247711181641e-01 6.196968555450439453e-01 6.054009199142456055e-01 -1.456691622734069824e-01 -5.762699618935585022e-02 -2.572771534323692322e-02 -2.093213796615600586e-01 -5.492579564452171326e-02 1.101439446210861206e-01
-6.192336678504943848e-01 -2.130733728408813477e-01 -3.053835928440093994e-01 -3.764248788356781006e-01 2.792027592658996582e-01 5.380550622940063477e-01 4.325807094573974609e-02 -3.534356355667114258e-01 -1.651407480239868164e-01 4.625569581985473633e-01 -6.394938230514526367e-01 1.931535452604293823e-02 -3.423557877540588379e-01 4.454317986965179443e-01 8.104956150054931641e-02 -3.239820003509521484e-01 -4.591935127973556519e-02 -1.515018194913864136e-01 -6.565782427787780762e-02 5.342246890068054199e-01 -2.476793080568313599e-01 -1.059814691543579102e-01 -1.834886372089385986e-01 3.280383348464965820e-01 3.218476474285125732e-01 -3.026511669158935547e-01 7.149790227413177490e-02 3.059778362512588501e-02 2.572725713253021240e-01 -1.951405704021453857e-01 5.780553221702575684e-01 5.393766164779663086e-01 2.836479246616363525e-01 2.330116927623748779e-02 -1.935249567031860352e-01 6.178120374679565430e-01 2.953180968761444092e-01 -1.092075258493423462e-01 -1.184010282158851624e-01 -1.800172030925750732e-03 2.621446549892425537e-01 -2.576295435428619385e-01 8.994359970092773438e-01 -5.548244714736938477e-02 2.972162701189517975e-02 2.493558973073959351e-01 3.282157480716705322e-01 2.972390055656433105e-01 -6.399852037429809570e-01 3.535546064376831055e-01 1.710499674081802368e-01 -6.122504919767379761e-02 -9.571099281311035156e-02 -4.558228701353073120e-02 3.212215006351470947e-02 5.204941034317016602e-01 6.215520501136779785e-01 6.895943284034729004e-01 -1.373682171106338501e-03 1.239766925573348999e-02 -4.460786469280719757e-03 -1.468146741390228271e-01 3.723696619272232056e-02 -3.025253489613533020e-02
-5.423006415367126465e-01 -4.100812673568725586e-01 -3.060901165008544922e-02 -3.481743931770324707e-01 3.376096785068511963e-01 6.784524917602539062e-01 -3.180381655693054199e-02 -3.037429153919219971e-01 -4.858814179897308350e-02 5.010247826576232910e-01 -6.460590362548828125e-01 -5.063667148351669312e-02 -3.372965455055236816e-01 4.137836992740631104e-01 -2.763626724481582642e-02 -2.759745121002197266e-01 2.678333818912506104e-01 -7.004646956920623779e-02 -1.308457106351852417e-01 6.725975871086120605e-01 -6.295871734619140625e-02 -1.678505092859268188e-01 -3.976109623908996582e-01 2.654332518577575684e-01 9.245145320892333984e-02 -3.032442927360534668e-01 -1.226622462272644043e-01 1.668010056018829346e-01 8.323334902524948120e-02 -1.572528034448623657e-01 5.517399311065673828e-01 5.113244652748107910e-01 2.278742194175720215e-01 1.787338256835937500e-01 -2.355975210666656494e-01 5.198588371276855469e-01 2.104998826980590820e-01 2.496740408241748810e-02 -6.079255044460296631e-02 4.602872207760810852e-02 3.329379111528396606e-02 -1.644339412450790405e-01 1.011483073234558105e+00 1.429872065782546997e-01 -3.648386895656585693e-02 3.567494153976440430e-01 2.249449789524078369e-01 2.152431607246398926e-01 -5.696249604225158691e-01 3.756749033927917480e-01 1.369908601045608521e-01 2.161168456077575684e-01 -1.499287933111190796e-01 8.702906221151351929e-02 2.444283813238143921e-01 4.462603330612182617e-01 4.788178503513336182e-01 6.345479488372802734e-01 1.768353879451751709e-01 1.529812812805175781e-01 1.272320747375488281e-01 1.996810883283615112e-01 1.787891834974288940e-01 -1.395564526319503784e-02
-3.243126273155212402e-01 -1.101280003786087036e-01 -4.247670173645019531e-01 -4.096985459327697754e-01 5.882416665554046631e-02 3.077968358993530273e-01 2.429500222206115723e-01 -2.383870780467987061e-01 -2.246910631656646729e-01 4.000922441482543945e-01 -6.393042802810668945e-01 -2.355264872312545776e-02 -3.045592308044433594e-01 3.091675639152526855e-01 -9.128651767969131470e-02 -4.016676247119903564e-01 -1.013988181948661804e-01 3.273658081889152527e-02 -1.121252030134201050e-01 2.767276465892791748e-01 -1.433884203433990479e-01 2.470641285181045532e-01 -1.943805664777755737e-01 3.356517553329467773e-01 5.177249312400817871e-01 -1.714791506528854370e-01 2.392200194299221039e-02 -3.079746961593627930e-01 3.840462267398834229e-01 -6.395041942596435547e-03 5.220931768417358398e-01 6.175121068954467773e-01 6.316092610359191895e-02 -1.163782924413681030e-02 -1.633653044700622559e-01 7.034756541252136230e-01 3.414014875888824463e-01 -1.396629810333251953e-01 -2.233973145484924316e-02 -2.879439666867256165e-02 6.048936843872070312e-01 -3.277486264705657959e-01 4.987429976463317871e-01 -3.720597922801971436e-01 8.992550522089004517e-02 1.760022640228271484e-01 4.745137095451354980e-01 5.606260299682617188e-01 -7.467328310012817383e-01 1.008757650852203369e-01 -3.288591653108596802e-02 -3.943736553192138672e-01 -1.121954917907714844e-01 -2.349977791309356689e-01 1.733701676130294800e-01 6.770687103271484375e-01 4.339114427566528320e-01 5.428633093833923340e-01 4.044200479984283447e-02 -2.987940311431884766e-01 -3.041941300034523010e-02 -2.958669066429138184e-01 -1.090585812926292419e-01 2.503092586994171143e-01
-4.912315607070922852e-01 -1.057584956288337708e-01 -1.969694942235946655e-01 -3.163036406040191650e-01 2.928580641746520996e-01 4.411487281322479248e-01 5.514726042747497559e-03 -2.973306179046630859e-01 -1.591317951679229736e-01 5.987015962600708008e-01 -6.048524379730224609e-01 -1.244370639324188232e-02 -3.192703127861022949e-01 5.220379233360290527e-01 -3.678234666585922241e-02 -3.294716477394104004e-01 1.368981450796127319e-01 2.188837900757789612e-02 -1.622196286916732788e-01 3.312630653381347656e-01 -1.040380001068115234e-01 8.475936949253082275e-02 -4.379872381687164307e-01 1.697591543197631836e-01 4.238244593143463135e-01 -2.751774787902832031e-01 -8.260355144739151001e-02 1.717428863048553467e-02 1.814039349555969238e-01 3.369634225964546204e-02 4.991875290870666504e-01 5.365388393402099609e-01 1.546671390533447266e-01 -9.519213438034057617e-02 -3.425640165805816650e-01 5.500349402427673340e-01 2.970813214778900146e-01 -2.737939357757568359e-02 -1.439070850610733032e-01 4.070109501481056213e-02 3.561406135559082031e-01 -1.627779304981231689e-01 6.287846565246582031e-01 -2.129766047000885010e-01 -1.130158975720405579e-01 3.266544938087463379e-01 3.875120580196380615e-01 2.388830184936523438e-01 -6.352862119674682617e-01 2.882549464702606201e-01 1.209835410118103027e-01 -9.550024569034576416e-02 -2.446140944957733154e-01 -1.741127967834472656e-01 1.943167299032211304e-01 5.124013423919677734e-01 3.676154613494873047e-01 5.952778458595275879e-01 2.073855102062225342e-01 -1.101963222026824951e-01 3.028638288378715515e-02 -6.587192416191101074e-02 4.410854727029800415e-02 9.095652401447296143e-02
-6.109634041786193848e-01 -2.707784771919250488e-01 -2.858048081398010254e-01 -4.204623103141784668e-01 2.576656937599182129e-01 6.066114306449890137e-01 -1.927201449871063232e-02 -2.973173260688781738e-01 -1.990605145692825317e-01 5.318893194198608398e-01 -5.906858444213867188e-01 -9.689333289861679077e-02 -2.837702035903930664e-01 4.522295892238616943e-01 1.399257034063339233e-02 -3.479763567447662354e-01 -3.105041943490505219e-02 -1.886446326971054077e-01 7.123440504074096680e-03 5.355789065361022949e-01 -4.796011745929718018e-02 -3.634880855679512024e-02 -2.172267735004425049e-01 4.139052033424377441e-01 3.383414149284362793e-01 -2.003351002931594849e-01 2.457858808338642120e-02 3.174541145563125610e-02 1.547405272722244263e-01 -2.610483169555664062e-01 5.514881014823913574e-01 5.629203915596008301e-01 2.722085118293762207e-01 6.239276379346847534e-02 -2.246921956539154053e-01 6.911323070526123047e-01 2.951229214668273926e-01 -1.605003625154495239e-01 3.386670351028442383e-02 -8.651603758335113525e-02 2.187078297138214111e-01 -2.002642154693603516e-01 8.667716383934020996e-01 2.289913594722747803e-03 -1.763552986085414886e-02 2.027630656957626343e-01 3.526723086833953857e-01 2.268399000167846680e-01 -6.170753836631774902e-01 2.228142321109771729e-01 9.906144440174102783e-02 -6.326451152563095093e-02 -1.111142709851264954e-02 -9.633600711822509766e-02 6.139598786830902100e-02 5.631495714187622070e-01 5.089914798736572266e-01 6.397187113761901855e-01 -1.299821957945823669e-02 3.516390919685363770e-03 2.918875217437744141e-02 -6.481321156024932861e-02 -6.452334113419055939e-03 -8.519986271858215332e-02
-7.081084847450256348e-01 -1.157637536525726318e-01 -1.915889382362365723e-01 -3.409550786018371582e-01 3.412535488605499268e-01 4.708429872989654541e-01 -5.922162532806396484e-02 -3.528060913085937500e-01 -1.707644313573837280e-01 6.137933135032653809e-01 -6.527799367904663086e-01 9.480099380016326904e-02 -2.221691757440567017e-01 5.691184997558593750e-01 2.750849723815917969e-02 -3.134650290012359619e-01 3.907144069671630859e-02 5.206767469644546509e-03 -6.536673009395599365e-02 4.344639182090759277e-01 -1.368316859006881714e-01 -2.171128615736961365e-02 -4.241437911987304688e-01 1.960312724113464355e-01 4.663834571838378906e-01 -2.918366491794586182e-01 1.442118827253580093e-02 7.739955931901931763e-02 1.613247096538543701e-01 -3.011536598205566406e-02 4.996859133243560791e-01 4.960635006427764893e-01 2.613328397274017334e-01 -4.831806942820549011e-02 -3.783712983131408691e-01 5.901668667793273926e-01 2.724037468433380127e-01 -4.015598818659782410e-02 -1.475601643323898315e-01 1.980579458177089691e-02 2.696871459484100342e-01 -1.505655199289321899e-01 7.291723489761352539e-01 -1.098235994577407837e-01 -2.607806213200092316e-02 3.024706840515136719e-01 4.152170121669769287e-01 1.314908266067504883e-01 -5.936188697814941406e-01 2.780399322509765625e-01 1.559136658906936646e-01 -1.143556535243988037e-01 -2.284739613533020020e-01 -1.976878941059112549e-01 6.630754470825195312e-02 4.778301417827606201e-01 4.941845834255218506e-01 6.540086269378662109e-01 1.545621156692504883e-01 2.881653606891632080e-03 -1.162442285567522049e-02 -1.436935216188430786e-01 7.940457202494144440e-03 -5.152458325028419495e-02
-2.626901268959045410e-01 -4.424052238464355469e-01 -4.168447852134704590e-01 -4.464137554168701172e-01 -1.570512354373931885e-01 5.753311514854431152e-01 1.590707302093505859e-01 -1.283654868602752686e-01 -3.256462812423706055e-01 2.278807461261749268e-01 -5.054711103439331055e-01 -2.532031238079071045e-01 -5.583716630935668945e-01 3.697156608104705811e-01 -1.386404633522033691e-01 -3.460026085376739502e-01 8.693004399538040161e-02 -1.639160215854644775e-01 7.881894707679748535e-02 5.172320008277893066e-01 -2.297535687685012817e-01 -6.837788969278335571e-04 8.468527346849441528e-02 6.739498972892761230e-01 1.229574456810951233e-01 -2.635168731212615967e-01 -1.588061898946762085e-01 -2.081549763679504395e-01 2.919774651527404785e-01 -1.434220522642135620e-01 5.238715410232543945e-01 6.149674057960510254e-01 -7.583726197481155396e-02 3.343170881271362305e-01 -1.293010562658309937e-01 5.479211807250976562e-01 2.760631740093231201e-01 -2.575487494468688965e-01 2.821487486362457275e-01 -1.175064146518707275e-01 4.868598580360412598e-01 -2.861985862255096436e-01 8.866295218467712402e-01 -8.889603614807128906e-02 2.438595890998840332e-01 8.454397320747375488e-02 4.638565182685852051e-01 4.987732470035552979e-01 -7.672166228294372559e-01 2.226977348327636719e-01 9.154234826564788818e-02 -1.456318646669387817e-01 1.085870265960693359e-01 1.963953375816345215e-01 1.372516602277755737e-01 5.339241623878479004e-01 5.784592628479003906e-01 5.379110574722290039e-01 -3.037096560001373291e-02 -7.559411972761154175e-02 9.563867747783660889e-02 -4.104389250278472900e-02 1.168166995048522949e-01 6.863263249397277832e-02
-8.414056897163391113e-01 -1.808184683322906494e-01 2.955641746520996094e-01 -2.719604969024658203e-01 5.570808649063110352e-01 4.224299192428588867e-01 -3.416307866573333740e-01 -4.015002250671386719e-01 -3.045005537569522858e-02 9.884677529335021973e-01 -6.058543920516967773e-01 1.551046967506408691e-01 9.976489841938018799e-02 6.368962526321411133e-01 6.221063435077667236e-03 1.037900373339653015e-01 3.910587728023529053e-01 3.216587901115417480e-01 -1.960364431142807007e-01 4.397673606872558594e-01 2.825801968574523926e-01 2.797638997435569763e-03 -6.931127309799194336e-01 -1.490849554538726807e-01 4.643582701683044434e-01 -1.971304416656494141e-01 -1.100231856107711792e-01 1.796199381351470947e-01 -1.953649967908859253e-01 1.290038824081420898e-01 3.681824505329132080e-01 3.508510291576385498e-01 3.678514063358306885e-01 4.506595432758331299e-03 -6.773673295974731445e-01 3.942397236824035645e-01 2.422216832637786865e-01 3.002612292766571045e-01 -2.333140075206756592e-01 1.598641276359558105e-01 -3.020088374614715576e-01 6.031668186187744141e-02 5.796347260475158691e-01 -5.162979662418365479e-02 -3.359409570693969727e-01 4.660189747810363770e-01 4.078942835330963135e-01 -3.200882673263549805e-01 -2.355109453201293945e-01 2.725719213485717773e-01 8.381366729736328125e-03 2.521884441375732422e-01 -2.542220950126647949e-01 -2.626030445098876953e-01 9.456092119216918945e-02 1.662209182977676392e-01 1.499237418174743652e-01 4.324546754360198975e-01 5.153301954269409180e-01 1.724648475646972656e-01 1.340605169534683228e-01 2.416200786828994751e-01 1.886702179908752441e-01 -1.551636159420013428e-01
-4.179462790489196777e-01 -2.436000257730484009e-01 -3.832451999187469482e-01 -4.455845355987548828e-01 1.224233210086822510e-01 3.969763517379760742e-01 1.651468873023986816e-01 -2.286834567785263062e-01 -3.282532691955566406e-01 2.842266857624053955e-01 -5.030393004417419434e-01 -1.006592139601707458e-01 -5.316010117530822754e-01 3.816411197185516357e-01 -3.241889923810958862e-02 -4.421693086624145508e-01 -4.231669008731842041e-02 -1.622412204742431641e-01 -2.161756157875061035e-02 4.126145541667938232e-01 -2.541276216506958008e-01 -9.929865598678588867e-02 6.516896188259124756e-03 4.539937674999237061e-01 3.518006801605224609e-01 -3.446020185947418213e-01 -3.813181072473526001e-02 -6.201767176389694214e-02 4.529858231544494629e-01 -9.419374167919158936e-02 5.132693052291870117e-01 5.118387937545776367e-01 6.756351888179779053e-02 1.107583940029144287e-02 -4.365983605384826660e-02 5.797584652900695801e-01 3.676420152187347412e-01 -2.147899717092514038e-01 -3.587559610605239868e-02 -1.252507269382476807e-01 5.180350542068481445e-01 -2.519879937171936035e-01 7.894745469093322754e-01 -1.099355220794677734e-01 1.368585415184497833e-02 1.659112423658370972e-01 4.234514534473419189e-01 3.643842935562133789e-01 -7.604484558105468750e-01 3.171360194683074951e-01 1.898556500673294067e-01 -1.938216686248779297e-01 -5.404569581151008606e-02 -1.176275834441184998e-01 1.563776731491088867e-01 5.597034096717834473e-01 6.739059090614318848e-01 7.217305302619934082e-01 -1.118039712309837341e-02 -1.309303194284439087e-02 -7.655588537454605103e-02 -2.174289673566818237e-01 -2.417280897498130798e-02 8.533154428005218506e-02
-1.639297902584075928e-01 -2.327418774366378784e-01 -6.766719818115234375e-01 -4.276743233203887939e-01 -1.710565388202667236e-01 3.928413987159729004e-01 3.135309517383575439e-01 -1.630995720624923706e-01 -1.706479936838150024e-01 4.620692729949951172e-01 -6.678279638290405273e-01 -1.713270246982574463e-01 -4.288760423660278320e-01 3.070489466190338135e-01 -1.930559575557708740e-01 -4.301179945468902588e-01 -6.357335299253463745e-02 -1.077195256948471069e-01 -1.513045281171798706e-02 3.480063676834106445e-01 -1.311723142862319946e-01 3.923624455928802490e-01 -1.093607917428016663e-01 7.033140659332275391e-01 4.623749554157257080e-01 -8.218489587306976318e-02 9.878984093666076660e-02 -3.627774715423583984e-01 3.059077560901641846e-01 -1.366323828697204590e-01 4.672888517379760742e-01 6.333867311477661133e-01 -1.976872235536575317e-01 1.497994363307952881e-01 -1.408398449420928955e-01 7.918868660926818848e-01 2.845494747161865234e-01 -2.572633326053619385e-01 3.057699501514434814e-01 -2.353366613388061523e-01 7.860667705535888672e-01 -3.329842090606689453e-01 4.125584661960601807e-01 -2.491370141506195068e-01 3.101310431957244873e-01 1.691067218780517578e-01 6.013252735137939453e-01 5.773457884788513184e-01 -8.363605737686157227e-01 -1.275854259729385376e-01 -7.707050442695617676e-02 -3.474345803260803223e-01 5.135304108262062073e-02 -8.028842508792877197e-02 7.897382974624633789e-02 6.596975326538085938e-01 3.869223594665527344e-01 4.326426982879638672e-01 -3.609264642000198364e-02 -3.424393534660339355e-01 2.644131705164909363e-02 -3.600084185600280762e-01 -2.083526998758316040e-01 2.280880659818649292e-01
-4.028850793838500977e-01 -5.091840624809265137e-01 -3.004810512065887451e-01 -4.916125833988189697e-01 3.669427335262298584e-02 6.700204014778137207e-01 1.720176935195922852e-01 -1.558143347501754761e-01 -2.794623672962188721e-01 2.993730902671813965e-01 -5.132688283920288086e-01 -2.063435912132263184e-01 -4.793881177902221680e-01 2.813487350940704346e-01 -1.330294609069824219e-01 -4.089916944503784180e-01 2.358649857342243195e-02 -2.921170294284820557e-01 5.543883144855499268e-02 5.873079895973205566e-01 -4.014183580875396729e-02 -1.120691150426864624e-01 -4.833917319774627686e-02 6.047015786170959473e-01 1.172202602028846741e-01 -2.309310436248779297e-01 -1.052983403205871582e-01 -4.381711035966873169e-02 2.782594561576843262e-01 -2.965634465217590332e-01 5.716050863265991211e-01 6.063439249992370605e-01 5.889565870165824890e-02 2.756005525588989258e-01 -7.761773467063903809e-02 6.510261297225952148e-01 2.241418659687042236e-01 -1.752169877290725708e-01 2.276436090469360352e-01 -1.566689461469650269e-01 2.548866868019104004e-01 -2.697079181671142578e-01 9.413510560989379883e-01 1.019930317997932434e-01 1.510331332683563232e-01 1.579671949148178101e-01 3.307385444641113281e-01 4.111301004886627197e-01 -7.587229013442993164e-01 2.320029735565185547e-01 1.538328379392623901e-01 -3.262729942798614502e-02 2.679071202874183655e-02 1.044942513108253479e-01 1.817584484815597534e-01 5.423110127449035645e-01 5.767987966537475586e-01 6.740821003913879395e-01 1.152305305004119873e-02 1.604403555393218994e-02 5.833351239562034607e-02 3.022721409797668457e-02 4.293859377503395081e-02 5.257176980376243591e-02
-4.680690467357635498e-01 -3.594451546669006348e-01 -4.255940020084381104e-01 -4.722023904323577881e-01 1.509348154067993164e-01 4.685090184211730957e-01 1.807899326086044312e-01 -2.396705895662307739e-01 -2.197575271129608154e-01 2.976395785808563232e-01 -5.534230470657348633e-01 -6.994842737913131714e-02 -4.886119961738586426e-01 3.138775229454040527e-01 -2.203492820262908936e-02 -3.780847191810607910e-01 -5.691689997911453247e-02 -1.400616317987442017e-01 2.274441719055175781e-02 5.684095025062561035e-01 -1.495459675788879395e-01 -1.542369425296783447e-01 2.110064774751663208e-02 4.164442718029022217e-01 3.167086243629455566e-01 -2.517031431198120117e-01 1.180105749517679214e-02 2.170521020889282227e-02 2.962495088577270508e-01 -2.576207816600799561e-01 5.770961642265319824e-01 5.538212060928344727e-01 1.841058135032653809e-01 4.858232289552688599e-02 -4.164725542068481445e-04 6.273850202560424805e-01 3.667137026786804199e-01 -2.265141457319259644e-01 7.612027227878570557e-03 -1.222475171089172363e-01 3.151632249355316162e-01 -2.802633047103881836e-01 8.949599862098693848e-01 3.737002611160278320e-03 -6.756117567420005798e-03 2.138843983411788940e-01 2.944252789020538330e-01 3.409804999828338623e-01 -6.617585420608520508e-01 2.840938270092010498e-01 1.798190027475357056e-01 -8.159759640693664551e-02 4.776912555098533630e-02 -1.103236898779869080e-01 3.627615422010421753e-02 5.751658678054809570e-01 7.641535401344299316e-01 7.594096660614013672e-01 -9.753203392028808594e-02 1.487718224525451660e-01 -1.174234673380851746e-01 -2.203163951635360718e-01 1.905340328812599182e-02 3.681537881493568420e-02
-4.314098060131072998e-01 -2.802000045776367188e-01 -3.182199001312255859e-01 -4.145807623863220215e-01 1.340348571538925171e-01 4.972816407680511475e-01 1.142373383045196533e-01 -3.493019938468933105e-01 2.055026590824127197e-03 5.474608540534973145e-01 -7.233523130416870117e-01 -2.791553735733032227e-03 -2.486539930105209351e-01 3.842570781707763672e-01 -2.546817064285278320e-02 -2.547954320907592773e-01 8.912082016468048096e-02 -7.281865179538726807e-02 -1.372848600149154663e-01 5.167374014854431152e-01 -1.353907287120819092e-01 1.174530684947967529e-01 -3.938346505165100098e-01 3.498925864696502686e-01 3.069085180759429932e-01 -2.287591993808746338e-01 5.591307953000068665e-02 -1.300262659788131714e-01 2.258682548999786377e-01 -9.435033798217773438e-02 5.188510417938232422e-01 5.777055025100708008e-01 8.998700976371765137e-02 1.479890048503875732e-01 -3.093810379505157471e-01 7.038909792900085449e-01 1.754116714000701904e-01 4.454729147255420685e-03 1.180251687765121460e-02 7.450192421674728394e-02 3.665531873703002930e-01 -3.084277212619781494e-01 7.604478001594543457e-01 -1.350153386592864990e-01 1.310623586177825928e-01 3.441002964973449707e-01 3.921329081058502197e-01 4.944014251232147217e-01 -7.523186802864074707e-01 1.815787851810455322e-01 3.733307123184204102e-02 -6.547045707702636719e-02 -1.281707137823104858e-01 5.938702076673507690e-02 1.182634532451629639e-01 5.790123939514160156e-01 4.162983894348144531e-01 5.622050166130065918e-01 1.023139357566833496e-01 -1.630488634109497070e-01 1.444836854934692383e-01 -6.587656587362289429e-02 3.006758168339729309e-02 1.469146311283111572e-01
-3.074218332767486572e-02 -1.125415787100791931e-01 -4.646676778793334961e-01 -3.842110335826873779e-01 2.674120664596557617e-02 3.096348941326141357e-01 3.105272352695465088e-01 -1.297541856765747070e-01 -3.075568974018096924e-01 3.621057868003845215e-01 -5.989814996719360352e-01 -1.965301334857940674e-01 -5.055273175239562988e-01 3.928799331188201904e-01 -7.489254325628280640e-02 -5.046402812004089355e-01 1.345777064561843872e-01 -2.438548579812049866e-02 -1.274924278259277344e-01 3.299959897994995117e-01 -2.256103008985519409e-01 3.888715803623199463e-01 -1.491707563400268555e-01 4.831785857677459717e-01 3.885668516159057617e-01 -2.505862712860107422e-01 -6.886431574821472168e-02 -3.650467395782470703e-01 4.326690435409545898e-01 -6.641836464405059814e-02 4.914337396621704102e-01 6.842288970947265625e-01 -8.244979381561279297e-02 7.193992286920547485e-02 -1.808679997920989990e-01 5.807227492332458496e-01 3.705369532108306885e-01 -1.301854401826858521e-01 7.764258980751037598e-02 -1.307889968156814575e-01 8.263792991638183594e-01 -3.233009278774261475e-01 3.578036427497863770e-01 -4.261946976184844971e-01 5.548730492591857910e-02 2.656196951866149902e-01 5.283100008964538574e-01 6.435997486114501953e-01 -7.829472422599792480e-01 1.382490098476409912e-01 6.327994167804718018e-02 -3.627547621726989746e-01 -2.042862176895141602e-01 -1.050646007061004639e-01 2.908628582954406738e-01 7.246960401535034180e-01 3.377782106399536133e-01 5.334764122962951660e-01 1.347575336694717407e-01 -3.150444924831390381e-01 5.065876059234142303e-03 -3.281546235084533691e-01 -2.136697173118591309e-01 3.071865439414978027e-01
-7.741971015930175781e-01 -1.186730712652206421e-01 9.245637804269790649e-02 -2.591197192668914795e-01 5.133488178253173828e-01 4.633181691169738770e-01 -2.797808647155761719e-01 -3.214587569236755371e-01 -1.064421236515045166e-01 9.916166067123413086e-01 -6.648651361465454102e-01 1.803735345602035522e-01 7.439843565225601196e-02 6.196965575218200684e-01 -1.195997744798660278e-02 -1.121607199311256409e-01 2.950174808502197266e-01 1.151366978883743286e-01 -1.619918197393417358e-01 4.091491401195526123e-01 2.413214445114135742e-01 8.146192878484725952e-02 -7.668150663375854492e-01 -7.797571271657943726e-02 5.124952793121337891e-01 -1.264218091964721680e-01 -9.040296077728271484e-02 1.226453706622123718e-01 -1.291813552379608154e-01 2.860908210277557373e-02 4.108849465847015381e-01 4.635668694972991943e-01 4.309856593608856201e-01 -1.111131161451339722e-01 -6.378734111785888672e-01 5.157245993614196777e-01 1.451791226863861084e-01 2.211816608905792236e-01 -2.762693762779235840e-01 2.317201644182205200e-01 -1.702970862388610840e-01 5.022068321704864502e-02 6.073476076126098633e-01 -1.455110013484954834e-01 -2.422695457935333252e-01 3.815447688102722168e-01 4.640293121337890625e-01 -1.891521960496902466e-01 -4.278465509414672852e-01 2.774559259414672852e-01 2.828910946846008301e-02 1.008328199386596680e-01 -2.433596253395080566e-01 -2.334560453891754150e-01 9.038572013378143311e-02 2.518410086631774902e-01 1.304029971361160278e-01 4.034306406974792480e-01 4.526025652885437012e-01 2.154447883367538452e-02 1.820546835660934448e-01 1.702104657888412476e-01 1.110592931509017944e-01 -2.121765464544296265e-01
-6.598103642463684082e-01 -9.666510671377182007e-02 1.415100693702697754e-01 -2.698032557964324951e-01 5.932313203811645508e-01 4.150615036487579346e-01 -2.724145948886871338e-01 -2.745509445667266846e-01 -1.184173971414566040e-01 8.378232717514038086e-01 -6.507972478866577148e-01 9.550205618143081665e-02 2.977676317095756531e-02 6.356967687606811523e-01 -3.460457175970077515e-02 -2.163352668285369873e-01 3.172899782657623291e-01 1.519569754600524902e-01 -1.505584269762039185e-01 4.629534780979156494e-01 1.421687006950378418e-01 8.208380639553070068e-02 -6.290065050125122070e-01 -1.100591495633125305e-01 4.423819780349731445e-01 -2.465891242027282715e-01 -9.910041838884353638e-02 1.781192123889923096e-01 -1.273907348513603210e-02 4.755525290966033936e-02 4.171305298805236816e-01 4.659324884414672852e-01 3.151405751705169678e-01 -3.513315320014953613e-02 -5.828348398208618164e-01 3.861066699028015137e-01 1.679190695285797119e-01 2.244623452425003052e-01 -2.386713922023773193e-01 2.403194606304168701e-01 -4.999770969152450562e-02 8.538337051868438721e-02 5.882371664047241211e-01 -1.782226860523223877e-01 -3.363223671913146973e-01 4.664410948753356934e-01 3.967978358268737793e-01 -1.494057774543762207e-01 -4.055054187774658203e-01 3.512325882911682129e-01 2.364791929721832275e-02 1.162375956773757935e-01 -2.391408681869506836e-01 -2.342018187046051025e-01 2.431294173002243042e-01 2.427844256162643433e-01 2.248689085245132446e-01 4.314102530479431152e-01 5.353926420211791992e-01 1.117112860083580017e-01 1.040549874305725098e-01 1.224029213190078735e-01 5.291429534554481506e-02 -1.803538650274276733e-01
-5.970007777214050293e-01 -1.675226837396621704e-01 4.330944120883941650e-01 -3.267184495925903320e-01 4.457863271236419678e-01 2.809890210628509521e-01 -2.302389740943908691e-01 -3.080603778362274170e-01 -3.231302201747894287e-01 1.020093560218811035e+00 -4.717096686363220215e-01 1.117157042026519775e-01 1.883393079042434692e-01 4.965760409832000732e-01 -3.730969876050949097e-02 8.851561695337295532e-02 4.729153811931610107e-01 3.481471240520477295e-01 -2.488173097372055054e-01 2.959178984165191650e-01 6.142814159393310547e-01 1.850467771291732788e-01 -7.355567216873168945e-01 -1.390046477317810059e-01 4.490124285221099854e-01 -1.355702430009841919e-01 -2.913356125354766846e-01 -2.195115014910697937e-02 -2.142344117164611816e-01 1.315933465957641602e-01 2.472832351922988892e-01 4.453668594360351562e-01 4.457992315292358398e-01 -6.123846769332885742e-02 -5.619155168533325195e-01 3.948901891708374023e-01 3.115495741367340088e-01 3.851943612098693848e-01 -2.327589541673660278e-01 2.930727899074554443e-01 -4.001330137252807617e-01 2.730441279709339142e-02 2.720437645912170410e-01 -2.921023070812225342e-01 -6.203092336654663086e-01 3.424787521362304688e-01 5.670887827873229980e-01 -2.826072573661804199e-01 -2.667760848999023438e-01 2.607899308204650879e-01 1.253390759229660034e-01 3.201207220554351807e-01 -1.835164427757263184e-01 -4.226642847061157227e-01 2.895511984825134277e-01 1.279502809047698975e-01 -1.453731656074523926e-01 3.072976768016815186e-01 7.794198393821716309e-01 1.452764123678207397e-02 2.022791206836700439e-01 3.818966150283813477e-01 2.117113769054412842e-01 -4.886604472994804382e-02
-6.365454792976379395e-01 -1.717515289783477783e-02 2.019272744655609131e-01 -2.725004553794860840e-01 5.326590538024902344e-01 3.059297800064086914e-01 -1.336944550275802612e-01 -2.431744784116744995e-01 -1.784635633230209351e-01 8.064037561416625977e-01 -6.011923551559448242e-01 1.724899709224700928e-01 -5.085496604442596436e-02 6.224732995033264160e-01 -6.589915603399276733e-02 -1.525547951459884644e-01 3.963164687156677246e-01 2.104443013668060303e-01 -2.182684391736984253e-01 3.608278632164001465e-01 1.538977921009063721e-01 6.017751619219779968e-02 -6.570921540260314941e-01 -1.842176318168640137e-01 5.081033110618591309e-01 -2.368466556072235107e-01 -1.575921475887298584e-01 1.044548973441123962e-01 5.510767549276351929e-02 1.354369819164276123e-01 4.480716884136199951e-01 4.792489111423492432e-01 3.162470459938049316e-01 -1.473426222801208496e-01 -5.856206417083740234e-01 4.057255983352661133e-01 2.029307484626770020e-01 2.491387426853179932e-01 -3.725071549415588379e-01 2.395208030939102173e-01 -2.448379993438720703e-03 2.743675373494625092e-02 4.749360680580139160e-01 -2.483399808406829834e-01 -3.146308958530426025e-01 4.074802398681640625e-01 4.333397150039672852e-01 -1.166656315326690674e-01 -4.178802669048309326e-01 3.661672770977020264e-01 1.330610811710357666e-01 2.139237523078918457e-02 -3.663991391658782959e-01 -3.493479490280151367e-01 1.942206770181655884e-01 2.260800898075103760e-01 2.715678513050079346e-01 4.929203093051910400e-01 5.672786235809326172e-01 8.666869252920150757e-02 6.132600456476211548e-02 5.043147504329681396e-02 7.008171081542968750e-02 -3.196621686220169067e-02
-6.440256834030151367e-01 -2.100984007120132446e-01 -1.624516695737838745e-01 -4.000457227230072021e-01 3.059853315353393555e-01 5.260058045387268066e-01 -4.046741127967834473e-02 -2.911301255226135254e-01 -2.688374817371368408e-01 5.179399847984313965e-01 -4.961483180522918701e-01 -9.645117074251174927e-02 -2.865152359008789062e-01 5.618282556533813477e-01 4.008137434720993042e-02 -3.298079669475555420e-01 3.416483104228973389e-02 -1.438395529985427856e-01 -5.480422079563140869e-02 5.380563139915466309e-01 -5.774031579494476318e-02 -6.329035758972167969e-02 -2.166397869586944580e-01 2.848581969738006592e-01 3.112954795360565186e-01 -2.826491594314575195e-01 -1.678626053035259247e-02 7.197264581918716431e-02 2.217127829790115356e-01 -1.836294531822204590e-01 5.845999717712402344e-01 5.861592292785644531e-01 2.810944914817810059e-01 4.654046893119812012e-02 -3.443192839622497559e-01 4.636087417602539062e-01 2.373760938644409180e-01 -3.474692581221461296e-03 -2.161936461925506592e-02 2.245498076081275940e-02 1.926634311676025391e-01 -1.997164487838745117e-01 8.510076999664306641e-01 -1.228470802307128906e-01 -1.695568412542343140e-01 3.250746726989746094e-01 3.424426615238189697e-01 2.885080873966217041e-01 -5.938290357589721680e-01 4.190755486488342285e-01 1.955216377973556519e-01 -2.199269831180572510e-02 -5.473625287413597107e-02 -5.227457731962203979e-02 5.928777158260345459e-02 4.462379515171051025e-01 5.196875333786010742e-01 7.256904840469360352e-01 1.894763112068176270e-01 9.695301204919815063e-02 -5.292617715895175934e-03 -1.262714266777038574e-01 1.124250050634145737e-02 -6.706362962722778320e-02
-1.212283521890640259e-01 -7.415600121021270752e-02 2.804729938507080078e-01 -2.741498351097106934e-01 5.542713403701782227e-01 2.852675020694732666e-01 6.098290532827377319e-02 -1.215701922774314880e-01 -3.240121006965637207e-01 4.852653443813323975e-01 -5.561999082565307617e-01 -2.110708355903625488e-01 -1.746833771467208862e-01 4.069184362888336182e-01 -2.022843360900878906e-01 -4.173151254653930664e-01 4.722788631916046143e-01 2.821341156959533691e-01 -3.225426673889160156e-01 4.033936858177185059e-01 3.106385469436645508e-03 3.317410647869110107e-01 -4.361170828342437744e-01 -2.669667452573776245e-02 2.042694985866546631e-01 -3.529240489006042480e-01 -2.391190975904464722e-01 -1.287786364555358887e-01 3.137359321117401123e-01 1.630269885063171387e-01 5.089866518974304199e-01 5.656132698059082031e-01 -3.382659330964088440e-02 8.653416484594345093e-02 -3.311411142349243164e-01 1.965090632438659668e-01 2.458148300647735596e-01 3.229856491088867188e-01 -1.576660722494125366e-01 2.880015671253204346e-01 3.371767699718475342e-01 3.498949855566024780e-02 3.558083772659301758e-01 -4.687590897083282471e-01 -4.120144844055175781e-01 5.535368323326110840e-01 4.360151588916778564e-01 2.541712522506713867e-01 -5.790309309959411621e-01 3.472675383090972900e-01 9.543876349925994873e-02 -2.961752749979496002e-02 -4.508065879344940186e-01 -3.301767706871032715e-01 7.246920466423034668e-01 4.115742743015289307e-01 1.136378645896911621e-01 2.593638896942138672e-01 7.760508060455322266e-01 8.402527123689651489e-02 3.427663445472717285e-02 -7.207390666007995605e-02 -1.364265978336334229e-01 9.760393202304840088e-02
-6.355980634689331055e-01 -1.467060446739196777e-01 1.590198278427124023e-01 -1.877036392688751221e-01 5.234886407852172852e-01 4.534743726253509521e-01 -2.158296704292297363e-01 -2.765855491161346436e-01 -1.361430883407592773e-01 8.656054735183715820e-01 -6.372168064117431641e-01 2.692090719938278198e-02 -2.001522481441497803e-02 5.948712229728698730e-01 -1.486802101135253906e-01 -1.811272352933883667e-01 2.806269824504852295e-01 2.137210071086883545e-01 -1.880211383104324341e-01 3.846737146377563477e-01 1.543952971696853638e-01 2.380995303392410278e-01 -6.570056080818176270e-01 -3.554848581552505493e-02 4.552770555019378662e-01 -1.887286305427551270e-01 -7.227347791194915771e-02 -2.104432880878448486e-02 -6.490629911422729492e-02 1.760950684547424316e-01 5.071576833724975586e-01 4.949104487895965576e-01 2.008129358291625977e-01 8.793573826551437378e-02 -5.770301818847656250e-01 4.360636472702026367e-01 2.307687103748321533e-01 3.380947113037109375e-01 -9.614907205104827881e-02 1.454316228628158569e-01 1.056927070021629333e-02 -4.139218479394912720e-02 5.324202775955200195e-01 -1.710050404071807861e-01 -2.033753097057342529e-01 4.319298863410949707e-01 3.703210353851318359e-01 1.772786676883697510e-02 -3.715468049049377441e-01 1.915777027606964111e-01 -7.121634483337402344e-02 3.568622469902038574e-02 -2.734245061874389648e-01 -2.173781692981719971e-01 2.608363032341003418e-01 3.250738978385925293e-01 5.766777321696281433e-02 3.378959894180297852e-01 5.547116398811340332e-01 -5.868375301361083984e-04 2.533082067966461182e-01 1.362324208021163940e-01 2.304625697433948517e-03 -4.959708079695701599e-02
-4.461227953433990479e-01 -1.469256132841110229e-01 -2.612727507948875427e-02 -2.672415971755981445e-01 4.275800287723541260e-01 3.283305466175079346e-01 -5.302025377750396729e-02 -2.094442397356033325e-01 -1.091203242540359497e-01 9.732228517532348633e-01 -6.153150796890258789e-01 5.557410418987274170e-02 -6.041052937507629395e-02 5.601029992103576660e-01 -1.097226515412330627e-01 -2.029342651367187500e-01 3.692708313465118408e-01 7.955469191074371338e-02 -1.511525660753250122e-01 3.343561887741088867e-01 2.703545689582824707e-01 3.814863562583923340e-01 -6.998674869537353516e-01 -4.643327742815017700e-02 5.933080315589904785e-01 -1.180787533521652222e-01 -4.887667298316955566e-02 -1.155973300337791443e-01 -3.376324102282524109e-02 9.437371790409088135e-02 5.025053620338439941e-01 5.859322547912597656e-01 1.476377397775650024e-01 -4.261237755417823792e-02 -5.970095396041870117e-01 6.684958338737487793e-01 1.915455162525177002e-01 3.167358934879302979e-01 -9.355241805315017700e-02 1.618085950613021851e-01 1.808467507362365723e-01 -1.326858997344970703e-01 2.947182953357696533e-01 -2.847721576690673828e-01 -2.056247740983963013e-01 4.253008961677551270e-01 4.104143977165222168e-01 6.535930186510086060e-02 -4.686987996101379395e-01 6.756266951560974121e-02 7.581993937492370605e-03 -5.326582491397857666e-02 -2.338858842849731445e-01 -2.610118687152862549e-01 1.046190708875656128e-01 3.494068682193756104e-01 7.506421208381652832e-02 4.108911454677581787e-01 4.978204965591430664e-01 -9.372666478157043457e-02 2.550869286060333252e-01 8.325920999050140381e-02 -9.427390992641448975e-02 8.059382438659667969e-02
-5.544807910919189453e-01 -9.200935065746307373e-02 2.634512484073638916e-01 -2.758702039718627930e-01 5.025168657302856445e-01 2.549448013305664062e-01 -1.341328769922256470e-01 -2.674217224121093750e-01 -2.543047368526458740e-01 9.394816756248474121e-01 -5.103627443313598633e-01 8.299573510885238647e-02 -3.183929622173309326e-02 5.721338391304016113e-01 -7.436683028936386108e-02 -6.461551040410995483e-02 4.747498631477355957e-01 2.468554973602294922e-01 -2.505599856376647949e-01 2.786362469196319580e-01 4.090437889099121094e-01 1.920957565307617188e-01 -7.158902883529663086e-01 -1.894959807395935059e-01 5.019132494926452637e-01 -1.531717330217361450e-01 -2.443692237138748169e-01 2.612409740686416626e-02 -8.367013931274414062e-02 1.896769106388092041e-01 4.386780858039855957e-01 5.162675380706787109e-01 3.447594344615936279e-01 -2.069959938526153564e-01 -5.509337186813354492e-01 5.084508061408996582e-01 2.945998609066009521e-01 2.568459510803222656e-01 -3.393732011318206787e-01 2.558793127536773682e-01 -3.985602408647537231e-02 -3.881308436393737793e-02 3.407623171806335449e-01 -3.025861382484436035e-01 -4.865159988403320312e-01 3.117846250534057617e-01 4.785056114196777344e-01 -1.491806656122207642e-01 -3.750058114528656006e-01 2.208414375782012939e-01 1.257014274597167969e-01 1.187107414007186890e-01 -2.129123210906982422e-01 -4.899433851242065430e-01 1.865247935056686401e-01 1.817394793033599854e-01 8.330874145030975342e-02 3.895997107028961182e-01 5.804347991943359375e-01 5.831541866064071655e-02 1.572147160768508911e-01 2.066595107316970825e-01 1.324217170476913452e-01 2.408903092145919800e-03
-6.326224803924560547e-01 -1.007680222392082214e-01 1.838122308254241943e-01 -2.549807429313659668e-01 5.578738451004028320e-01 3.437326848506927490e-01 -1.868184506893157959e-01 -3.068292140960693359e-01 -1.993310451507568359e-01 8.421111106872558594e-01 -6.044853925704956055e-01 1.117841750383377075e-01 1.973895542323589325e-02 5.578126311302185059e-01 -3.339763730764389038e-02 -1.398587822914123535e-01 3.292951583862304688e-01 2.808992862701416016e-01 -2.372279316186904907e-01 3.651497960090637207e-01 2.222819477319717407e-01 1.299076229333877563e-01 -6.143071651458740234e-01 -1.861647665500640869e-01 4.748778343200683594e-01 -2.114599198102951050e-01 -1.740382611751556396e-01 6.112150102853775024e-02 -1.227512210607528687e-02 1.475228667259216309e-01 4.013231992721557617e-01 4.653266966342926025e-01 3.736116886138916016e-01 -9.091253578662872314e-02 -5.475802421569824219e-01 3.807196617126464844e-01 2.719148695468902588e-01 2.557447552680969238e-01 -3.097725510597229004e-01 2.234931886196136475e-01 -6.226420402526855469e-02 -1.416485756635665894e-04 4.499831199645996094e-01 -2.782474756240844727e-01 -4.073943495750427246e-01 4.210184812545776367e-01 3.732556700706481934e-01 -1.294244825839996338e-01 -3.467959165573120117e-01 3.069090843200683594e-01 4.176388680934906006e-02 7.404720783233642578e-02 -2.814056575298309326e-01 -3.432568013668060303e-01 2.502409219741821289e-01 2.787190377712249756e-01 1.544888168573379517e-01 4.467068314552307129e-01 5.463901162147521973e-01 7.585475593805313110e-02 6.550402194261550903e-02 1.372288018465042114e-01 7.978878170251846313e-02 -2.984492853283882141e-02
-3.106231689453125000e-01 -2.080868184566497803e-02 3.057975471019744873e-01 -2.456224858760833740e-01 4.934060275554656982e-01 2.035383433103561401e-01 -6.715346872806549072e-02 -1.694041788578033447e-01 -4.340134263038635254e-01 7.633850574493408203e-01 -5.176947116851806641e-01 -3.053110092878341675e-02 -5.771778523921966553e-02 5.289276242256164551e-01 -8.575273305177688599e-02 -2.990289330482482910e-01 4.694152176380157471e-01 3.580051064491271973e-01 -2.566612958908081055e-01 2.657540440559387207e-01 1.979987323284149170e-01 3.320434689521789551e-01 -5.513045191764831543e-01 -1.948540806770324707e-01 4.637783765792846680e-01 -3.140439987182617188e-01 -3.081356585025787354e-01 -1.738978028297424316e-01 1.738466918468475342e-01 2.755463719367980957e-01 4.414678215980529785e-01 5.876117348670959473e-01 2.234198004007339478e-01 -8.369734138250350952e-02 -4.434685409069061279e-01 2.761442959308624268e-01 2.632106840610504150e-01 4.247831106185913086e-01 -2.388221323490142822e-01 2.768538296222686768e-01 1.496209204196929932e-01 4.615058749914169312e-02 2.223100066184997559e-01 -5.420973300933837891e-01 -5.289759635925292969e-01 4.420409202575683594e-01 4.929106533527374268e-01 2.840138971805572510e-03 -3.900898098945617676e-01 3.469269275665283203e-01 1.638764590024948120e-01 -1.363994460552930832e-02 -3.866864740848541260e-01 -3.885092735290527344e-01 5.107161998748779297e-01 3.407076299190521240e-01 -2.328131347894668579e-03 3.552609980106353760e-01 7.475770115852355957e-01 1.885701715946197510e-02 8.821361511945724487e-02 5.818653106689453125e-02 -9.392657876014709473e-02 1.255538463592529297e-01
-7.650215625762939453e-01 -3.173500895500183105e-01 1.826440989971160889e-01 -3.905999064445495605e-01 4.337789714336395264e-01 6.312299370765686035e-01 -2.249679267406463623e-01 -3.546901941299438477e-01 -7.647031545639038086e-02 7.235447764396667480e-01 -6.422723531723022461e-01 8.766065537929534912e-02 -6.734162569046020508e-03 5.594659447669982910e-01 2.832326292991638184e-02 -1.363824009895324707e-01 3.155559599399566650e-01 -1.660794019699096680e-03 -1.524315625429153442e-01 6.569088101387023926e-01 1.447521448135375977e-01 -1.539358496665954590e-01 -5.370391607284545898e-01 9.741658717393875122e-02 1.984516382217407227e-01 -2.589916288852691650e-01 -1.076172143220901489e-01 1.646362543106079102e-01 4.262106120586395264e-02 -9.050615131855010986e-02 4.832479059696197510e-01 5.206680297851562500e-01 4.047535955905914307e-01 1.406091153621673584e-01 -5.117473602294921875e-01 4.392188191413879395e-01 9.429239481687545776e-02 2.013055086135864258e-01 -1.578265726566314697e-01 1.737199723720550537e-01 -2.316373288631439209e-01 6.778145208954811096e-03 9.264750480651855469e-01 4.824139177799224854e-02 -1.334764659404754639e-01 4.218386411666870117e-01 3.173930346965789795e-01 -2.451415359973907471e-02 -4.193728268146514893e-01 4.388461410999298096e-01 6.215755641460418701e-02 2.312063425779342651e-01 -2.002839595079421997e-01 7.897833734750747681e-02 1.743728667497634888e-01 3.270659744739532471e-01 3.149425983428955078e-01 5.455154776573181152e-01 3.932903409004211426e-01 1.326847374439239502e-01 1.705696731805801392e-01 3.052532076835632324e-01 1.791544556617736816e-01 -1.528661251068115234e-01
-2.989816069602966309e-01 -1.774963140487670898e-01 -4.620439410209655762e-01 -4.311306178569793701e-01 1.320169866085052490e-02 4.185739159584045410e-01 2.307248115539550781e-01 -2.749251127243041992e-01 -2.387613058090209961e-01 3.176200091838836670e-01 -6.046583652496337891e-01 -1.364193260669708252e-01 -4.381177425384521484e-01 3.893774747848510742e-01 -6.918672472238540649e-02 -4.498604238033294678e-01 -4.007120430469512939e-02 -6.214746087789535522e-02 -5.829840898513793945e-02 4.296449124813079834e-01 -2.224849909543991089e-01 1.729785203933715820e-01 -6.171935424208641052e-02 5.557521581649780273e-01 3.861126899719238281e-01 -2.583339810371398926e-01 -1.022401032969355583e-03 -2.178318798542022705e-01 3.449219167232513428e-01 -1.038314998149871826e-01 5.302649736404418945e-01 6.510434150695800781e-01 2.607678622007369995e-02 1.416455507278442383e-01 -1.184940189123153687e-01 6.921387314796447754e-01 3.750987350940704346e-01 -2.488106787204742432e-01 1.233297288417816162e-01 -1.687880009412765503e-01 6.877172589302062988e-01 -3.750361502170562744e-01 5.838834643363952637e-01 -2.218856513500213623e-01 1.525051295757293701e-01 1.647478342056274414e-01 4.558172225952148438e-01 5.521302819252014160e-01 -7.325302958488464355e-01 1.345883309841156006e-01 3.984588384628295898e-02 -2.918131053447723389e-01 -3.296330571174621582e-03 -1.140464097261428833e-01 9.666581451892852783e-02 6.790721416473388672e-01 5.335685014724731445e-01 6.154536008834838867e-01 -5.620001628994941711e-02 -1.470599621534347534e-01 -8.293747901916503906e-02 -2.690469026565551758e-01 -1.070465222001075745e-01 1.780496984720230103e-01
-5.846192836761474609e-01 -1.912066340446472168e-02 2.413867413997650146e-01 -2.137499749660491943e-01 5.932151079177856445e-01 3.657425940036773682e-01 -2.390887737274169922e-01 -2.738954424858093262e-01 -2.019942402839660645e-01 9.334631562232971191e-01 -5.876861810684204102e-01 6.781442463397979736e-02 9.478833526372909546e-02 6.370871067047119141e-01 -2.935042977333068848e-02 -1.297743320465087891e-01 3.811872899532318115e-01 2.892055213451385498e-01 -1.941507309675216675e-01 3.984728455543518066e-01 2.973527312278747559e-01 2.416291087865829468e-01 -6.758547425270080566e-01 -1.973255574703216553e-01 5.309596061706542969e-01 -1.367683410644531250e-01 -1.359308958053588867e-01 6.651110202074050903e-02 -8.954264223575592041e-02 6.881881505250930786e-02 4.285749197006225586e-01 5.054657459259033203e-01 3.428655862808227539e-01 -6.855638325214385986e-02 -6.362365484237670898e-01 3.522843718528747559e-01 2.054397463798522949e-01 3.360653221607208252e-01 -2.296148687601089478e-01 2.670900523662567139e-01 -1.487859487533569336e-01 8.986023813486099243e-02 3.621112108230590820e-01 -3.450733721256256104e-01 -5.037987828254699707e-01 4.639126062393188477e-01 4.441491067409515381e-01 -1.820060908794403076e-01 -2.909438610076904297e-01 3.434913754463195801e-01 4.538589715957641602e-02 1.407033205032348633e-01 -2.898332774639129639e-01 -3.735042512416839600e-01 2.216788679361343384e-01 2.385850250720977783e-01 1.508148759603500366e-02 3.561228811740875244e-01 6.911672353744506836e-01 5.245057493448257446e-02 1.122629195451736450e-01 1.030614525079727173e-01 1.870586723089218140e-02 -9.462805092334747314e-02
-4.945642054080963135e-01 -9.298816323280334473e-02 -1.258879452943801880e-01 -2.494533956050872803e-01 3.642401397228240967e-01 4.395053386688232422e-01 1.725405454635620117e-04 -2.153099626302719116e-01 -2.940279543399810791e-01 6.194721460342407227e-01 -5.506247282028198242e-01 -3.541294485330581665e-02 -3.466408848762512207e-01 5.294609665870666504e-01 -6.400329619646072388e-02 -3.223425149917602539e-01 1.672094464302062988e-01 4.573665186762809753e-02 -1.595212072134017944e-01 2.716272175312042236e-01 -6.037570536136627197e-02 1.015335321426391602e-01 -3.987082839012145996e-01 6.253318488597869873e-02 4.340458512306213379e-01 -2.514391839504241943e-01 -1.475597023963928223e-01 2.855882048606872559e-03 1.249662488698959351e-01 2.579337731003761292e-02 5.746176242828369141e-01 5.778830051422119141e-01 2.163006365299224854e-01 -1.447349190711975098e-01 -3.618414998054504395e-01 4.849483370780944824e-01 3.173751235008239746e-01 8.109121583402156830e-03 -1.998521685600280762e-01 1.016788482666015625e-01 2.523990869522094727e-01 -1.376631855964660645e-01 5.996767878532409668e-01 -3.041276335716247559e-01 -1.841944158077239990e-01 3.042878508567810059e-01 3.808712661266326904e-01 1.549325287342071533e-01 -5.826925039291381836e-01 3.431937694549560547e-01 1.807873398065567017e-01 -1.046928912401199341e-01 -2.600114047527313232e-01 -2.482213675975799561e-01 2.076835185289382935e-01 4.177669882774353027e-01 3.581752479076385498e-01 5.452336072921752930e-01 3.049456477165222168e-01 -8.909249305725097656e-02 3.269219771027565002e-02 -5.746169388294219971e-02 5.568267777562141418e-02 5.721233040094375610e-02
-7.811711430549621582e-01 -3.267569839954376221e-01 3.308451175689697266e-01 -3.259607255458831787e-01 5.827326774597167969e-01 5.946601629257202148e-01 -3.923435509204864502e-01 -3.078219592571258545e-01 -1.140444427728652954e-01 9.315803647041320801e-01 -6.351103782653808594e-01 9.514029324054718018e-02 1.962634027004241943e-01 5.935741662979125977e-01 4.185663908720016479e-02 -7.393390685319900513e-02 3.997873961925506592e-01 3.505928441882133484e-02 -6.550522148609161377e-02 7.233083248138427734e-01 3.439649343490600586e-01 -1.014687865972518921e-01 -6.352958679199218750e-01 -1.504075527191162109e-02 3.052301704883575439e-01 -2.100165486335754395e-01 -1.741928160190582275e-01 2.057491242885589600e-01 -2.258770614862442017e-01 -1.755417436361312866e-01 3.350482881069183350e-01 3.948483765125274658e-01 5.563122034072875977e-01 2.228491604328155518e-01 -6.422717571258544922e-01 3.937036991119384766e-01 9.965794533491134644e-02 3.498950004577636719e-01 -1.397417038679122925e-01 1.988026797771453857e-01 -4.901792109012603760e-01 7.102459669113159180e-02 8.050765395164489746e-01 9.674098342657089233e-02 -3.404966592788696289e-01 4.402258992195129395e-01 3.326839208602905273e-01 -3.234349489212036133e-01 -2.854915857315063477e-01 4.204840362071990967e-01 7.701475918292999268e-02 3.632838129997253418e-01 -1.484678983688354492e-01 -4.974309355020523071e-03 1.290469020605087280e-01 2.058822810649871826e-01 1.233993470668792725e-01 4.148880541324615479e-01 4.722787439823150635e-01 2.007586956024169922e-01 2.221004217863082886e-01 4.855670928955078125e-01 1.261150687932968140e-01 -3.151552379131317139e-01
-2.537018656730651855e-01 -4.141057133674621582e-01 -5.328147411346435547e-01 -3.662294149398803711e-01 -1.030339151620864868e-01 5.560343265533447266e-01 2.231273353099822998e-01 -1.874393969774246216e-01 -1.642585843801498413e-01 3.913817405700683594e-01 -5.766260623931884766e-01 -2.459186315536499023e-01 -4.927031397819519043e-01 2.763641774654388428e-01 -1.103478446602821350e-01 -3.964806497097015381e-01 -9.138798341155052185e-03 -1.188105344772338867e-01 -5.855290591716766357e-02 3.734938800334930420e-01 -1.773304790258407593e-01 2.248449772596359253e-01 -1.743735969066619873e-01 5.595420598983764648e-01 2.675625383853912354e-01 -1.114641875028610229e-01 -5.522991344332695007e-02 -1.742970943450927734e-01 1.779226362705230713e-01 -9.738589823246002197e-02 4.586484134197235107e-01 5.364854335784912109e-01 -1.177356988191604614e-01 1.964910924434661865e-01 -1.886911988258361816e-01 6.892616748809814453e-01 2.737072110176086426e-01 -2.754431962966918945e-01 2.245158851146697998e-01 -7.838624715805053711e-02 6.133790612220764160e-01 -3.623728454113006592e-01 7.197294831275939941e-01 -2.250973284244537354e-01 1.747679412364959717e-01 1.924617737531661987e-01 4.783746600151062012e-01 5.894100666046142578e-01 -8.655195236206054688e-01 6.096915155649185181e-02 -3.203818202018737793e-02 -2.119245827198028564e-01 1.999259740114212036e-02 1.393447816371917725e-02 9.605984389781951904e-02 5.853898525238037109e-01 4.330643415451049805e-01 4.937471747398376465e-01 2.392657473683357239e-02 -2.749966681003570557e-01 7.739941030740737915e-02 -7.785728573799133301e-02 6.971961259841918945e-02 1.970685124397277832e-01
-7.806503772735595703e-01 -2.264263033866882324e-01 4.007957130670547485e-02 -3.381909728050231934e-01 3.992777466773986816e-01 5.148047208786010742e-01 -1.801654100418090820e-01 -3.700427412986755371e-01 -1.822267621755599976e-01 6.530534029006958008e-01 -5.824818611145019531e-01 1.030394285917282104e-01 -1.765897423028945923e-01 6.513599157333374023e-01 6.781600415706634521e-02 -2.861929833889007568e-01 2.465022355318069458e-01 2.600293979048728943e-02 -8.333103358745574951e-02 5.564994812011718750e-01 -6.227688491344451904e-02 -1.273581087589263916e-01 -5.063064098358154297e-01 1.051907539367675781e-01 3.161800205707550049e-01 -3.504487574100494385e-01 -1.362134963274002075e-01 1.992523372173309326e-01 4.191466048359870911e-02 9.506978094577789307e-03 4.966010451316833496e-01 4.996729791164398193e-01 3.968394994735717773e-01 5.176103115081787109e-02 -4.338413774967193604e-01 5.209788084030151367e-01 2.230170965194702148e-01 5.356518924236297607e-02 -1.541385203599929810e-01 9.655228257179260254e-02 1.379033029079437256e-01 -1.289130300283432007e-01 8.587296009063720703e-01 4.998590052127838135e-02 -1.094429567456245422e-01 3.521643877029418945e-01 3.479574620723724365e-01 4.804231971502304077e-02 -4.797704219818115234e-01 3.487018048763275146e-01 2.081063240766525269e-01 4.546996206045150757e-02 -1.457128673791885376e-01 -1.177107840776443481e-01 5.127258598804473877e-02 3.947645127773284912e-01 5.125951766967773438e-01 7.198678255081176758e-01 1.796649396419525146e-01 2.109087109565734863e-01 1.018289383500814438e-02 7.654984295368194580e-02 6.580631434917449951e-02 -1.180863827466964722e-01
-2.261439114809036255e-01 -2.245482802391052246e-01 3.927396535873413086e-01 -3.277387619018554688e-01 4.092741310596466064e-01 2.882669866085052490e-02 -1.456903666257858276e-02 -1.699352860450744629e-01 -5.092164874076843262e-01 9.953020811080932617e-01 -4.403204321861267090e-01 1.173707693815231323e-01 6.521597504615783691e-02 3.076065182685852051e-01 -8.198405057191848755e-02 9.342139959335327148e-02 6.124696135520935059e-01 5.188291072845458984e-01 -2.866902947425842285e-01 6.336002051830291748e-02 6.472136974334716797e-01 4.817584455013275146e-01 -5.870133638381958008e-01 -2.524796724319458008e-01 5.013742446899414062e-01 -1.293501704931259155e-01 -2.953592240810394287e-01 -3.403235971927642822e-01 1.155480556190013885e-02 2.946748733520507812e-01 2.032940834760665894e-01 5.479732751846313477e-01 2.860991358757019043e-01 -5.904909223318099976e-02 -3.116239011287689209e-01 3.599025607109069824e-01 4.065968990325927734e-01 6.467702984809875488e-01 -2.111684083938598633e-01 3.325668573379516602e-01 -3.423516154289245605e-01 1.196146756410598755e-01 -1.154436096549034119e-01 -5.110135078430175781e-01 -7.454113960266113281e-01 5.124660134315490723e-01 6.882312297821044922e-01 -2.528522908687591553e-01 -1.817093491554260254e-01 1.663828492164611816e-01 1.316360831260681152e-01 3.143090903759002686e-01 -3.317461907863616943e-01 -5.260184407234191895e-01 6.016683578491210938e-01 1.500054299831390381e-01 -3.686312735080718994e-01 2.184759676456451416e-01 1.088620781898498535e+00 -2.493783831596374512e-03 3.045606613159179688e-01 1.811227351427078247e-01 1.654190197587013245e-02 2.165927141904830933e-01
-2.113395780324935913e-01 -1.334039121866226196e-01 -5.338651537895202637e-01 -3.484048247337341309e-01 -1.432271301746368408e-01 4.115229249000549316e-01 2.548305988311767578e-01 -1.741891652345657349e-01 -2.539688944816589355e-01 3.318255543708801270e-01 -6.000796556472778320e-01 -1.533583104610443115e-01 -4.456443786621093750e-01 3.741951584815979004e-01 -2.186366319656372070e-01 -4.056980013847351074e-01 -1.213592216372489929e-01 -1.629644632339477539e-02 -8.265316486358642578e-02 1.993775665760040283e-01 -2.147253006696701050e-01 3.502584993839263916e-01 -1.631867289543151855e-01 5.496878623962402344e-01 3.864414095878601074e-01 -1.881081461906433105e-01 -2.249974571168422699e-02 -3.260151147842407227e-01 3.400006890296936035e-01 4.850037395954132080e-02 5.198403596878051758e-01 6.829429864883422852e-01 -1.765952259302139282e-01 1.070131286978721619e-01 -2.162406146526336670e-01 6.020088791847229004e-01 2.936925292015075684e-01 -2.652539014816284180e-01 2.120828926563262939e-01 -1.647846996784210205e-01 7.649226188659667969e-01 -3.646323680877685547e-01 4.376218318939208984e-01 -3.368708193302154541e-01 2.533427178859710693e-01 1.097696721553802490e-01 4.891579151153564453e-01 6.642254590988159180e-01 -7.575507760047912598e-01 2.639576792716979980e-03 -5.590316653251647949e-02 -3.984057009220123291e-01 -6.845568120479583740e-02 -7.265859842300415039e-02 2.022561579942703247e-01 6.436977386474609375e-01 3.391561806201934814e-01 4.697960317134857178e-01 6.459301710128784180e-02 -4.946377873420715332e-01 3.574781119823455811e-02 -2.372652292251586914e-01 -6.139833107590675354e-02 3.465417027473449707e-01
-2.327185869216918945e-01 -2.172735333442687988e-01 -6.553370356559753418e-01 -3.890131413936614990e-01 -1.923083662986755371e-01 3.682505190372467041e-01 3.240018486976623535e-01 -2.370104938745498657e-01 -1.570787131786346436e-01 3.982428014278411865e-01 -6.729767322540283203e-01 -1.517508029937744141e-01 -3.990101814270019531e-01 2.731011509895324707e-01 -2.207643091678619385e-01 -3.362850844860076904e-01 -1.417806148529052734e-01 -2.386309206485748291e-03 -6.934210658073425293e-02 3.463880717754364014e-01 -8.612954616546630859e-02 3.806909620761871338e-01 -9.751916676759719849e-02 6.742892265319824219e-01 5.023443102836608887e-01 -3.686919808387756348e-02 7.967203855514526367e-02 -4.433200061321258545e-01 2.996225357055664062e-01 -5.006798356771469116e-02 4.690092206001281738e-01 5.901437997817993164e-01 -1.185686290264129639e-01 1.581671535968780518e-01 -1.373433172702789307e-01 7.188263535499572754e-01 3.798405230045318604e-01 -2.020625025033950806e-01 2.264316976070404053e-01 -2.290734350681304932e-01 7.146565914154052734e-01 -4.868327379226684570e-01 4.646770358085632324e-01 -3.159019052982330322e-01 2.633342146873474121e-01 1.164813041687011719e-01 5.312237143516540527e-01 7.156798243522644043e-01 -7.784053683280944824e-01 -9.477492421865463257e-02 -1.583768278360366821e-01 -3.972617089748382568e-01 5.035646632313728333e-02 -8.382363617420196533e-02 7.062916457653045654e-02 6.974881887435913086e-01 2.975017130374908447e-01 4.420710206031799316e-01 -8.834213763475418091e-02 -3.874713182449340820e-01 9.721522033214569092e-02 -3.421947360038757324e-01 -9.877517074346542358e-02 3.049802482128143311e-01
-5.389597415924072266e-01 -5.018226429820060730e-02 1.732558608055114746e-01 -2.364860177040100098e-01 5.100396871566772461e-01 3.084974288940429688e-01 -1.491436064243316650e-01 -2.545858621597290039e-01 -1.954456865787506104e-01 9.993106126785278320e-01 -5.840634107589721680e-01 2.674701809883117676e-02 -1.791359484195709229e-02 5.741968750953674316e-01 -4.713290929794311523e-02 -1.584048122167587280e-01 3.874168694019317627e-01 2.374895811080932617e-01 -2.346815019845962524e-01 2.911170125007629395e-01 2.484036833047866821e-01 2.680875957012176514e-01 -6.866826415061950684e-01 -1.504120826721191406e-01 5.513127446174621582e-01 -1.391431242227554321e-01 -1.290684938430786133e-01 -5.891815200448036194e-02 6.321269273757934570e-02 1.940168291330337524e-01 4.488900899887084961e-01 4.668938517570495605e-01 1.989878118038177490e-01 -1.786640286445617676e-01 -5.925556421279907227e-01 4.678887128829956055e-01 1.916044652462005615e-01 3.510616123676300049e-01 -2.582368552684783936e-01 2.104818820953369141e-01 5.568985641002655029e-02 6.101035326719284058e-02 3.261529505252838135e-01 -4.269102513790130615e-01 -3.898335397243499756e-01 4.032901525497436523e-01 5.129966139793395996e-01 -1.059364452958106995e-01 -4.790607988834381104e-01 2.385552525520324707e-01 3.680175542831420898e-02 1.533288694918155670e-02 -3.535771071910858154e-01 -3.461531400680541992e-01 2.245085090398788452e-01 2.583089470863342285e-01 2.701497450470924377e-02 3.451222181320190430e-01 6.040369272232055664e-01 1.378563791513442993e-02 1.675319224596023560e-01 3.658263385295867920e-02 -4.072007257491350174e-03 -2.495648339390754700e-02
1.271332055330276489e-02 -4.716588929295539856e-02 3.540213406085968018e-01 -3.479930758476257324e-01 4.323919117450714111e-01 4.913314804434776306e-02 1.179368644952774048e-01 -1.116516888141632080e-01 -3.572031855583190918e-01 6.368014812469482422e-01 -5.345355272293090820e-01 -1.288440227508544922e-01 1.370708197355270386e-01 1.483909487724304199e-01 -1.820602416992187500e-01 -2.528352439403533936e-01 4.808780550956726074e-01 4.556839168071746826e-01 -4.280089139938354492e-01 1.760060638189315796e-01 3.213127255439758301e-01 6.381487846374511719e-01 -3.956682682037353516e-01 -1.509164273738861084e-01 3.437525928020477295e-01 -2.597657144069671631e-01 -1.898276060819625854e-01 -4.547979235649108887e-01 3.173647224903106689e-01 2.849560976028442383e-01 2.613418698310852051e-01 5.563138127326965332e-01 4.882866516709327698e-02 1.743905246257781982e-02 -1.816770434379577637e-01 1.840852200984954834e-01 3.195130825042724609e-01 6.520056128501892090e-01 -1.610390841960906982e-01 4.964796900749206543e-01 1.185687556862831116e-01 7.968821376562118530e-02 -2.276730909943580627e-02 -7.574104070663452148e-01 -6.882910728454589844e-01 6.198010444641113281e-01 5.706748366355895996e-01 2.311816513538360596e-01 -4.387339353561401367e-01 2.025528550148010254e-01 -5.730639025568962097e-02 1.258794963359832764e-02 -3.523623347282409668e-01 -4.065936505794525146e-01 9.104793667793273926e-01 3.744320869445800781e-01 -2.144173681735992432e-01 7.494621723890304565e-02 1.036916375160217285e+00 -5.127564072608947754e-03 1.524673700332641602e-01 -5.654960125684738159e-02 -1.616901904344558716e-01 2.175572365522384644e-01
-8.167572617530822754e-01 -2.693267166614532471e-01 1.012285426259040833e-01 -2.963736355304718018e-01 5.116976499557495117e-01 5.455381870269775391e-01 -2.956578731536865234e-01 -3.658336997032165527e-01 -7.752093672752380371e-02 8.498907685279846191e-01 -6.442682743072509766e-01 1.725651025772094727e-01 3.071288019418716431e-02 5.596647858619689941e-01 2.006264775991439819e-02 -6.720248609781265259e-02 2.753028571605682373e-01 1.682521551847457886e-01 -1.741884797811508179e-01 5.558190941810607910e-01 2.352059930562973022e-01 -1.086054444313049316e-01 -6.229334473609924316e-01 -1.006385758519172668e-01 3.392933607101440430e-01 -1.454012244939804077e-01 -1.660163253545761108e-01 2.430600225925445557e-01 -1.609635353088378906e-01 -5.265890806913375854e-02 4.448041617870330811e-01 4.801183640956878662e-01 5.696606636047363281e-01 -3.896843641996383667e-02 -5.247694253921508789e-01 3.908030390739440918e-01 1.842407882213592529e-01 1.512209922075271606e-01 -2.711146473884582520e-01 2.031829655170440674e-01 -3.442361652851104736e-01 2.609661407768726349e-02 8.260061144828796387e-01 9.720928966999053955e-03 -2.996034324169158936e-01 4.185574650764465332e-01 2.773295938968658447e-01 -1.661827266216278076e-01 -3.124343752861022949e-01 3.834592700004577637e-01 3.351335227489471436e-02 2.406163960695266724e-01 -1.271707713603973389e-01 -1.317295432090759277e-01 8.755062520503997803e-02 2.994789779186248779e-01 2.695509195327758789e-01 5.270343422889709473e-01 3.137505948543548584e-01 1.915972232818603516e-01 7.050336152315139771e-02 2.515982389450073242e-01 2.239930480718612671e-01 -2.076414674520492554e-01
-2.274466902017593384e-01 -2.055041790008544922e-01 -5.266345739364624023e-01 -3.521006107330322266e-01 -4.348190873861312866e-02 4.286479949951171875e-01 3.297862410545349121e-01 -1.860955506563186646e-01 -2.869980037212371826e-01 3.584924638271331787e-01 -6.284470558166503906e-01 -1.485533714294433594e-01 -4.841677546501159668e-01 2.847622632980346680e-01 -2.045339345932006836e-01 -4.665601253509521484e-01 -1.364440321922302246e-01 -2.863246947526931763e-02 -2.687704563140869141e-02 4.060385227203369141e-01 -1.401228010654449463e-01 2.707156538963317871e-01 -7.851825654506683350e-02 5.775862336158752441e-01 4.088292419910430908e-01 -9.081668406724929810e-02 9.778411127626895905e-03 -2.996940016746520996e-01 3.462514579296112061e-01 -8.963219821453094482e-02 5.877005457878112793e-01 6.429640054702758789e-01 -7.648161053657531738e-02 1.122739687561988831e-01 -5.324004590511322021e-02 6.786210536956787109e-01 3.726275265216827393e-01 -2.057212442159652710e-01 1.982372403144836426e-01 -2.439741194248199463e-01 6.616220474243164062e-01 -3.930540978908538818e-01 4.851075410842895508e-01 -2.362559735774993896e-01 1.619134098291397095e-01 6.881670653820037842e-02 4.440594911575317383e-01 6.075593829154968262e-01 -7.314453721046447754e-01 -9.141787886619567871e-04 -1.018947362899780273e-02 -3.216380476951599121e-01 -5.618963390588760376e-03 -1.936178207397460938e-01 1.086071580648422241e-01 6.366100311279296875e-01 3.846575915813446045e-01 5.147850513458251953e-01 -4.807316884398460388e-02 -1.845895648002624512e-01 -2.160403877496719360e-02 -3.386905491352081299e-01 -1.217745468020439148e-01 2.386503815650939941e-01
-6.051784753799438477e-01 -1.598491668701171875e-01 2.533063590526580811e-01 -2.064462900161743164e-01 6.212657690048217773e-01 3.236783742904663086e-01 -1.653072237968444824e-01 -3.423060774803161621e-01 -1.328562945127487183e-01 8.018966913223266602e-01 -6.260095834732055664e-01 5.969884246587753296e-02 5.944818258285522461e-04 4.677473008632659912e-01 -1.516722738742828369e-01 -1.358623057603836060e-01 3.680092096328735352e-01 3.384753763675689697e-01 -2.895153164863586426e-01 4.372357428073883057e-01 2.753289937973022461e-01 8.823655545711517334e-02 -7.194287776947021484e-01 -1.724548935890197754e-01 4.458393454551696777e-01 -1.975555419921875000e-01 -1.633453220129013062e-01 1.251561939716339111e-01 -3.686733916401863098e-02 2.122394442558288574e-01 4.214200377464294434e-01 3.850433528423309326e-01 2.599183619022369385e-01 -6.870992481708526611e-02 -4.532584846019744873e-01 3.539213836193084717e-01 1.907505691051483154e-01 2.903118133544921875e-01 -3.429973125457763672e-01 2.555142045021057129e-01 -1.080486401915550232e-01 6.417986005544662476e-04 5.153369307518005371e-01 -2.312669754028320312e-01 -4.331350624561309814e-01 4.509798884391784668e-01 3.900796175003051758e-01 -1.560265719890594482e-01 -4.214363396167755127e-01 2.822459638118743896e-01 4.859872162342071533e-02 1.761565059423446655e-01 -3.112687468528747559e-01 -4.203791916370391846e-01 3.270590305328369141e-01 2.128280699253082275e-01 1.147969216108322144e-01 3.506152331829071045e-01 6.372849345207214355e-01 1.910696327686309814e-01 1.035189628601074219e-01 1.358760446310043335e-01 8.989886939525604248e-02 -4.161617532372474670e-02
-8.808951377868652344e-01 -2.759356498718261719e-01 2.320855259895324707e-01 -3.523956537246704102e-01 4.798118174076080322e-01 5.548180341720581055e-01 -3.921177387237548828e-01 -3.890095949172973633e-01 -1.410473138093948364e-01 9.289094805717468262e-01 -5.809901952743530273e-01 9.668190777301788330e-02 7.583954185247421265e-02 6.946249008178710938e-01 8.102551102638244629e-02 -3.323160856962203979e-02 2.974818944931030273e-01 8.835430443286895752e-02 -1.198755800724029541e-01 5.596865415573120117e-01 2.577942013740539551e-01 -1.320050209760665894e-01 -6.358109712600708008e-01 3.262275829911231995e-02 2.951163947582244873e-01 -2.774152755737304688e-01 -1.705566197633743286e-01 2.230574488639831543e-01 -1.600728929042816162e-01 -3.253267705440521240e-02 3.586099445819854736e-01 4.285736382007598877e-01 4.789669215679168701e-01 9.594593197107315063e-02 -7.198047637939453125e-01 3.567205667495727539e-01 1.603947877883911133e-01 2.034178972244262695e-01 -1.480414271354675293e-01 1.085443645715713501e-01 -3.087537884712219238e-01 2.345579303801059723e-02 7.763623595237731934e-01 -7.557854056358337402e-03 -2.628984749317169189e-01 4.024943709373474121e-01 3.943502604961395264e-01 -2.245985865592956543e-01 -3.815088570117950439e-01 4.257966578006744385e-01 8.805835247039794922e-02 2.821612060070037842e-01 -1.720181554555892944e-01 2.797365188598632812e-03 4.919643700122833252e-02 2.080134749412536621e-01 1.982615888118743896e-01 5.040432810783386230e-01 4.300647974014282227e-01 1.217741891741752625e-01 1.384296566247940063e-01 3.696234822273254395e-01 2.378737181425094604e-01 -2.785964012145996094e-01
-7.546525001525878906e-01 -2.461251616477966309e-01 -7.949446886777877808e-02 -4.097579419612884521e-01 3.890072405338287354e-01 6.363445520401000977e-01 -1.935134232044219971e-01 -3.359512090682983398e-01 -2.666411101818084717e-01 6.507659554481506348e-01 -5.615562200546264648e-01 9.023092687129974365e-03 -1.950359195470809937e-01 6.434683799743652344e-01 9.954636543989181519e-02 -3.105059862136840820e-01 1.155570596456527710e-01 -1.739396005868911743e-01 -3.988251090049743652e-02 5.526475310325622559e-01 -7.075606286525726318e-02 -1.510839760303497314e-01 -3.072285056114196777e-01 2.767219245433807373e-01 2.968418598175048828e-01 -3.691265285015106201e-01 -4.619897902011871338e-02 1.321607828140258789e-01 1.197002679109573364e-01 -2.151345312595367432e-01 5.392569303512573242e-01 6.197229623794555664e-01 3.981413841247558594e-01 1.377525031566619873e-01 -4.477898776531219482e-01 5.255742669105529785e-01 1.699295938014984131e-01 6.860055960714817047e-03 -2.839671820402145386e-02 1.506000012159347534e-02 1.346801221370697021e-02 -5.394110083580017090e-02 8.832092285156250000e-01 7.550343871116638184e-04 -2.213767729699611664e-02 3.718879222869873047e-01 3.800337612628936768e-01 1.721239089965820312e-02 -5.415833592414855957e-01 4.824458062648773193e-01 1.962995380163192749e-01 7.821533083915710449e-02 -1.249902397394180298e-01 7.713793963193893433e-02 6.081725656986236572e-02 4.195075929164886475e-01 4.996427595615386963e-01 6.936540007591247559e-01 2.535142898559570312e-01 9.085192531347274780e-02 3.636742942035198212e-03 7.602150738239288330e-02 1.099490094929933548e-02 -2.096173763275146484e-01
-3.571401834487915039e-01 -1.624795198440551758e-01 -3.072602152824401855e-01 -2.741200029850006104e-01 1.891646087169647217e-01 4.551902413368225098e-01 5.681226775050163269e-02 -1.875558793544769287e-01 -2.999324798583984375e-01 6.834560036659240723e-01 -5.158777236938476562e-01 -2.143316566944122314e-01 -3.568836450576782227e-01 4.831380546092987061e-01 -9.687315672636032104e-02 -3.962081372737884521e-01 3.087505884468555450e-02 -1.124985143542289734e-02 -6.608970463275909424e-02 2.455787062644958496e-01 -9.694010019302368164e-03 3.600798547267913818e-01 -3.540554046630859375e-01 2.771836817264556885e-01 4.508177936077117920e-01 -1.523786783218383789e-01 -6.262394785881042480e-02 -1.756278574466705322e-01 1.861971467733383179e-01 2.104262635111808777e-02 6.075565814971923828e-01 6.373471021652221680e-01 -1.541622076183557510e-02 -7.339477539062500000e-02 -3.383833765983581543e-01 6.002830862998962402e-01 2.719210386276245117e-01 -1.127510797232389450e-02 1.242721378803253174e-01 -5.402671173214912415e-02 5.012644529342651367e-01 -2.122505456209182739e-01 4.471102356910705566e-01 -3.766115605831146240e-01 -1.134907379746437073e-01 2.338443845510482788e-01 4.397302269935607910e-01 3.761909902095794678e-01 -6.767771840095520020e-01 7.233330607414245605e-02 7.101288437843322754e-02 -2.251835614442825317e-01 -1.258743107318878174e-01 -2.109771668910980225e-01 1.700533479452133179e-01 5.437654256820678711e-01 2.187824398279190063e-01 4.973713159561157227e-01 1.949749588966369629e-01 -2.208511680364608765e-01 9.706634283065795898e-02 -1.817382872104644775e-01 -1.105186790227890015e-01 1.306509822607040405e-01
-4.311865866184234619e-01 -8.962836116552352905e-02 3.586370050907135010e-01 -2.762423753738403320e-01 5.228561162948608398e-01 2.234227806329727173e-01 -1.091610044240951538e-01 -2.317855954170227051e-01 -3.299472332000732422e-01 9.336250424385070801e-01 -5.251496434211730957e-01 8.030910789966583252e-02 3.882107138633728027e-02 4.691063463687896729e-01 -9.916413575410842896e-02 1.641915366053581238e-02 5.394569039344787598e-01 3.992969989776611328e-01 -3.050041198730468750e-01 1.439328044652938843e-01 4.350828528404235840e-01 3.335736691951751709e-01 -6.900653243064880371e-01 -2.543589174747467041e-01 5.435355901718139648e-01 -1.998303383588790894e-01 -2.601579427719116211e-01 -1.297070980072021484e-01 -5.760804936289787292e-02 2.489130496978759766e-01 3.698903620243072510e-01 5.634418129920959473e-01 2.919059693813323975e-01 -9.473389387130737305e-02 -5.446251630783081055e-01 4.081583023071289062e-01 3.004575073719024658e-01 4.322490692138671875e-01 -2.888531982898712158e-01 3.186902403831481934e-01 -1.837308108806610107e-01 8.746422082185745239e-02 1.652708053588867188e-01 -4.188233911991119385e-01 -5.271303057670593262e-01 4.639415144920349121e-01 5.772000551223754883e-01 -2.263681292533874512e-01 -2.668940722942352295e-01 2.419964671134948730e-01 9.691444039344787598e-02 1.590379774570465088e-01 -3.822043836116790771e-01 -5.132821202278137207e-01 4.427608847618103027e-01 1.757261157035827637e-01 -1.167526692152023315e-01 2.731820940971374512e-01 8.853381276130676270e-01 -1.928465813398361206e-02 1.828293502330780029e-01 2.187309116125106812e-01 7.216253876686096191e-02 9.654061496257781982e-02
-4.393835067749023438e-01 -1.058847159147262573e-01 -4.893957674503326416e-01 -3.780235946178436279e-01 5.577349662780761719e-02 3.589847385883331299e-01 2.662121355533599854e-01 -2.915401458740234375e-01 -1.728199869394302368e-01 4.007159769535064697e-01 -6.841019392013549805e-01 1.323060691356658936e-02 -3.693391084671020508e-01 3.062601685523986816e-01 -7.691680639982223511e-02 -3.491573035717010498e-01 -1.878464370965957642e-01 5.619991570711135864e-03 -7.057134807109832764e-02 3.067107200622558594e-01 -2.153887897729873657e-01 1.424396932125091553e-01 -1.443591266870498657e-01 3.939948678016662598e-01 5.301867127418518066e-01 -1.424719542264938354e-01 9.775462746620178223e-02 -2.238596975803375244e-01 3.874316811561584473e-01 -5.755724012851715088e-02 5.363261699676513672e-01 5.361592769622802734e-01 6.442747265100479126e-02 -4.803553223609924316e-02 -1.115640103816986084e-01 7.404947280883789062e-01 3.541502058506011963e-01 -2.060414254665374756e-01 -5.539812147617340088e-02 -1.387679129838943481e-01 5.660698413848876953e-01 -3.506655991077423096e-01 5.576492547988891602e-01 -2.697365581989288330e-01 1.727582663297653198e-01 1.358878165483474731e-01 4.592859148979187012e-01 4.754390418529510498e-01 -7.385551333427429199e-01 8.224326372146606445e-02 2.222527563571929932e-02 -3.675041794776916504e-01 -1.449458003044128418e-01 -2.554979324340820312e-01 5.954945087432861328e-02 6.304876804351806641e-01 5.087027549743652344e-01 5.906753540039062500e-01 -9.675806760787963867e-02 -2.529283165931701660e-01 -6.156541034579277039e-02 -3.977883458137512207e-01 -8.937575668096542358e-02 2.339928746223449707e-01
-6.771999597549438477e-01 -5.399354547262191772e-02 1.493047177791595459e-01 -3.196591138839721680e-01 4.759502112865447998e-01 3.850764930248260498e-01 -1.659672856330871582e-01 -3.021187186241149902e-01 -1.526596248149871826e-01 9.342890381813049316e-01 -5.983558893203735352e-01 1.086690649390220642e-01 3.298463672399520874e-02 6.213685274124145508e-01 -5.512783676385879517e-02 -7.608673721551895142e-02 3.144678771495819092e-01 1.218185424804687500e-01 -2.099750488996505737e-01 3.221804797649383545e-01 2.406329661607742310e-01 1.417053043842315674e-01 -6.623514890670776367e-01 -8.521633595228195190e-02 5.140830874443054199e-01 -1.740227788686752319e-01 -8.234663307666778564e-02 9.721741080284118652e-03 1.426079124212265015e-02 1.039836183190345764e-01 4.643402695655822754e-01 5.366469621658325195e-01 2.920999228954315186e-01 -1.103676557540893555e-01 -6.654342412948608398e-01 5.617600679397583008e-01 1.574532687664031982e-01 2.129202634096145630e-01 -2.590800523757934570e-01 1.874946504831314087e-01 -2.688802778720855713e-02 5.680527538061141968e-04 4.240456521511077881e-01 -2.961613833904266357e-01 -2.266374975442886353e-01 3.416358232498168945e-01 4.483690857887268066e-01 -1.303679943084716797e-01 -4.619870483875274658e-01 2.477088868618011475e-01 6.034159660339355469e-02 3.200231119990348816e-03 -3.132143914699554443e-01 -2.710517644882202148e-01 8.614093065261840820e-02 2.659827470779418945e-01 1.877015829086303711e-01 4.161988794803619385e-01 5.390929579734802246e-01 -4.584537446498870850e-02 1.312306821346282959e-01 1.284513771533966064e-01 6.733655929565429688e-02 -4.053514078259468079e-02
-2.331853359937667847e-01 -1.267650276422500610e-01 4.449357092380523682e-01 -3.261091411113739014e-01 4.256995022296905518e-01 7.439148426055908203e-02 -5.701011419296264648e-02 -1.295882910490036011e-01 -5.014132857322692871e-01 8.880039453506469727e-01 -4.707374274730682373e-01 6.210762262344360352e-02 8.278040587902069092e-02 4.371931254863739014e-01 -6.425938755273818970e-02 -8.380649983882904053e-02 6.225299239158630371e-01 4.938594996929168701e-01 -2.364795953035354614e-01 2.118317186832427979e-01 4.626988768577575684e-01 4.390522539615631104e-01 -5.768577456474304199e-01 -2.065364122390747070e-01 4.761065840721130371e-01 -2.288692891597747803e-01 -3.140110671520233154e-01 -3.286634087562561035e-01 1.008196473121643066e-01 2.584765255451202393e-01 2.531914114952087402e-01 5.507477521896362305e-01 2.478978931903839111e-01 4.559773206710815430e-02 -4.152618348598480225e-01 2.857763171195983887e-01 3.331342935562133789e-01 6.347947716712951660e-01 -1.539117693901062012e-01 3.183569610118865967e-01 -1.420046985149383545e-01 1.176902055740356445e-01 -9.469859302043914795e-03 -5.318758487701416016e-01 -6.502923965454101562e-01 5.237715244293212891e-01 6.593816876411437988e-01 -1.197878867387771606e-01 -2.557585239410400391e-01 2.670521438121795654e-01 1.447235941886901855e-01 1.669341474771499634e-01 -3.884257376194000244e-01 -4.124867916107177734e-01 6.188371181488037109e-01 2.532085776329040527e-01 -2.400408238172531128e-01 2.875450849533081055e-01 1.025149703025817871e+00 1.988790184259414673e-02 2.291575521230697632e-01 1.075200140476226807e-01 -9.572286158800125122e-02 1.704558730125427246e-01
-5.464071035385131836e-01 -2.232994288206100464e-01 1.338889896869659424e-01 -3.249745965003967285e-01 4.982815086841583252e-01 3.550300598144531250e-01 -5.448618531227111816e-02 -1.992511153221130371e-01 -2.453374266624450684e-01 7.649183273315429688e-01 -5.746654272079467773e-01 9.653235971927642822e-02 -1.586389690637588501e-01 5.059792399406433105e-01 -5.323331803083419800e-02 -2.020731866359710693e-01 3.777414858341217041e-01 1.433366686105728149e-01 -1.782246083021163940e-01 4.406917989253997803e-01 1.671282202005386353e-01 -1.621926948428153992e-02 -5.542071461677551270e-01 -1.430767476558685303e-01 3.953405618667602539e-01 -2.055435180664062500e-01 -2.276629209518432617e-01 6.783778220415115356e-02 5.693299695849418640e-02 5.769529193639755249e-02 4.578789472579956055e-01 4.785091578960418701e-01 3.493945002555847168e-01 -7.217946648597717285e-02 -4.715532362461090088e-01 4.962425231933593750e-01 2.694114148616790771e-01 1.811223924160003662e-01 -3.159274458885192871e-01 1.652521193027496338e-01 -5.292447283864021301e-03 -5.151233822107315063e-02 5.662487745285034180e-01 -1.924492716789245605e-01 -3.233004212379455566e-01 3.589273095130920410e-01 3.187335133552551270e-01 -6.798183172941207886e-02 -4.733977019786834717e-01 3.401707410812377930e-01 1.770652681589126587e-01 5.229168757796287537e-02 -3.125724196434020996e-01 -2.833807766437530518e-01 1.814105063676834106e-01 3.190053403377532959e-01 3.281688392162322998e-01 5.443532466888427734e-01 4.531448185443878174e-01 1.347072720527648926e-01 6.060763821005821228e-02 1.573535948991775513e-01 1.018793061375617981e-01 3.331734240055084229e-02
-5.412022471427917480e-01 -5.157727375626564026e-02 -1.062247380614280701e-01 -3.236088752746582031e-01 4.082752168178558350e-01 3.626889884471893311e-01 -3.235709667205810547e-02 -3.066299557685852051e-01 -2.061033397912979126e-01 6.457886099815368652e-01 -5.886241197586059570e-01 -1.762353628873825073e-02 -2.648294568061828613e-01 5.821758508682250977e-01 -2.458825707435607910e-02 -2.985190749168395996e-01 1.932079941034317017e-01 9.920163452625274658e-02 -1.808486133813858032e-01 3.403945863246917725e-01 -2.536043524742126465e-03 1.265412569046020508e-01 -4.564322829246520996e-01 1.145108863711357117e-01 5.112157464027404785e-01 -2.569658160209655762e-01 -6.210312247276306152e-02 2.397295087575912476e-02 1.261178106069564819e-01 5.088187754154205322e-02 5.224382877349853516e-01 5.483295917510986328e-01 2.197543978691101074e-01 -1.445904225111007690e-01 -3.855427801609039307e-01 5.748552680015563965e-01 3.858996331691741943e-01 -4.398277774453163147e-02 -2.166020870208740234e-01 3.613856062293052673e-02 3.568811118602752686e-01 -1.460451185703277588e-01 5.642193555831909180e-01 -2.446979582309722900e-01 -2.181104719638824463e-01 3.152843713760375977e-01 4.378293454647064209e-01 1.373949944972991943e-01 -5.295806527137756348e-01 2.430629730224609375e-01 9.723272919654846191e-02 -1.144089102745056152e-01 -2.226829826831817627e-01 -3.749744296073913574e-01 1.709463149309158325e-01 4.835543036460876465e-01 3.734676539897918701e-01 5.524375438690185547e-01 2.732990682125091553e-01 -4.910223186016082764e-02 8.827331475913524628e-03 -8.202770352363586426e-02 7.035247981548309326e-04 3.989850729703903198e-02
-7.107400298118591309e-01 -3.013218045234680176e-01 -1.222450658679008484e-01 -3.612457513809204102e-01 3.211360573768615723e-01 6.730689406394958496e-01 -4.169686138629913330e-02 -3.767761588096618652e-01 -4.833951592445373535e-02 5.308017134666442871e-01 -6.611373424530029297e-01 8.548025786876678467e-02 -2.775717973709106445e-01 4.794534742832183838e-01 4.411642253398895264e-02 -2.959637045860290527e-01 1.585693359375000000e-01 -1.285355836153030396e-01 -7.679887115955352783e-02 6.185198426246643066e-01 -1.183936446905136108e-01 -2.013685703277587891e-01 -3.933731615543365479e-01 2.649894952774047852e-01 2.362930327653884888e-01 -3.025670945644378662e-01 -4.721326008439064026e-02 2.183137834072113037e-01 1.128514111042022705e-01 -1.778910011053085327e-01 5.504732728004455566e-01 5.225127935409545898e-01 3.216927349567413330e-01 7.778070122003555298e-02 -2.600198090076446533e-01 6.395047307014465332e-01 1.781570911407470703e-01 -6.465578079223632812e-02 -1.151291355490684509e-01 2.413019910454750061e-02 8.903905749320983887e-02 -1.748844832181930542e-01 9.634712934494018555e-01 1.714051663875579834e-01 7.213895022869110107e-02 3.090920448303222656e-01 2.631184160709381104e-01 1.182600483298301697e-01 -5.472217798233032227e-01 3.359299600124359131e-01 1.805817931890487671e-01 9.082293510437011719e-02 -1.380071341991424561e-01 5.972899496555328369e-03 6.794197857379913330e-02 4.443977177143096924e-01 5.964578390121459961e-01 7.540212869644165039e-01 3.783149272203445435e-02 1.346947550773620605e-01 1.073413621634244919e-02 7.986594736576080322e-02 1.007626727223396301e-01 -5.088794603943824768e-02
-6.809441447257995605e-01 -1.562724113464355469e-01 3.220693171024322510e-01 -2.920458912849426270e-01 5.449247360229492188e-01 3.621637821197509766e-01 -2.972873151302337646e-01 -3.016135692596435547e-01 -1.308673918247222900e-01 1.003871202468872070e+00 -6.252927780151367188e-01 1.622585803270339966e-01 1.589874029159545898e-01 6.244841217994689941e-01 -4.321361333131790161e-02 -4.368954151868820190e-02 4.492792785167694092e-01 2.084343731403350830e-01 -1.724283546209335327e-01 4.933847486972808838e-01 4.138273000717163086e-01 8.433465659618377686e-02 -7.503241300582885742e-01 -1.067591980099678040e-01 4.682196676731109619e-01 -1.743762493133544922e-01 -1.651243865489959717e-01 5.948606878519058228e-02 -1.457009911537170410e-01 5.502510815858840942e-02 3.473572432994842529e-01 4.246651232242584229e-01 3.979891538619995117e-01 3.738582134246826172e-02 -6.695683002471923828e-01 4.497744441032409668e-01 1.881644427776336670e-01 3.734751045703887939e-01 -2.395340949296951294e-01 2.317074090242385864e-01 -2.727288603782653809e-01 2.892793156206607819e-02 4.820961952209472656e-01 -1.434465944766998291e-01 -3.559836745262145996e-01 3.943195939064025879e-01 4.628688097000122070e-01 -2.337527871131896973e-01 -3.527204096317291260e-01 3.157846331596374512e-01 9.935230016708374023e-03 2.386616170406341553e-01 -2.059392929077148438e-01 -2.098331451416015625e-01 1.827959567308425903e-01 1.684823036193847656e-01 3.272714838385581970e-02 3.554615974426269531e-01 6.120073795318603516e-01 6.134653836488723755e-02 2.469768524169921875e-01 3.308562636375427246e-01 1.146730333566665649e-01 -1.670285761356353760e-01
-6.277114748954772949e-01 -1.805527061223983765e-01 -1.648075878620147705e-01 -3.511452376842498779e-01 2.886986732482910156e-01 5.030797123908996582e-01 -9.277343750000000000e-03 -3.095683455467224121e-01 -2.048975974321365356e-01 6.026238203048706055e-01 -6.183613538742065430e-01 1.019269227981567383e-03 -2.638022303581237793e-01 5.234215855598449707e-01 -2.916395664215087891e-02 -2.547108829021453857e-01 3.055312298238277435e-02 -3.448651731014251709e-02 -9.344300627708435059e-02 3.881379961967468262e-01 -8.140414953231811523e-02 5.723119899630546570e-02 -3.786330521106719971e-01 2.432939410209655762e-01 3.943139314651489258e-01 -2.447203993797302246e-01 1.042515132576227188e-02 -3.327165544033050537e-02 1.899499297142028809e-01 -1.944079250097274780e-02 5.700981020927429199e-01 5.674177408218383789e-01 1.830694824457168579e-01 1.430218666791915894e-02 -3.857929110527038574e-01 6.053619384765625000e-01 2.704612612724304199e-01 -1.543119829148054123e-02 -7.831741869449615479e-02 -7.001530379056930542e-03 2.491403818130493164e-01 -1.988828331232070923e-01 7.203090786933898926e-01 -1.596479713916778564e-01 2.483287826180458069e-03 2.595576643943786621e-01 4.116508066654205322e-01 2.437557578086853027e-01 -6.085901856422424316e-01 2.388510704040527344e-01 9.768332540988922119e-02 -1.180589646100997925e-01 -2.261478006839752197e-01 -1.391248255968093872e-01 9.946358203887939453e-02 4.743971228599548340e-01 3.994489014148712158e-01 5.662248730659484863e-01 2.124599069356918335e-01 -1.257596611976623535e-01 1.063367724418640137e-01 -5.774910002946853638e-02 4.234578087925910950e-02 3.508419916033744812e-02
-5.117278099060058594e-01 -2.492347359657287598e-01 -2.090799510478973389e-01 -3.036386370658874512e-01 3.458784818649291992e-01 4.716927111148834229e-01 7.361268997192382812e-02 -2.570506334304809570e-01 -1.990198194980621338e-01 4.904584884643554688e-01 -5.922410488128662109e-01 -5.821155756711959839e-02 -4.555650353431701660e-01 4.116404950618743896e-01 -1.700072735548019409e-02 -3.746603131294250488e-01 9.818239510059356689e-02 -4.612259194254875183e-02 -9.185564517974853516e-02 4.377835094928741455e-01 -1.484279781579971313e-01 -4.817711189389228821e-02 -2.981418967247009277e-01 2.244498729705810547e-01 3.505101501941680908e-01 -2.783490419387817383e-01 -4.964435473084449768e-02 9.517071396112442017e-02 1.853796392679214478e-01 -6.454588472843170166e-02 5.492479205131530762e-01 4.578572213649749756e-01 1.520648747682571411e-01 -6.885152310132980347e-02 -1.541683822870254517e-01 6.116077303886413574e-01 3.575581014156341553e-01 -1.192075312137603760e-01 -1.674800068140029907e-01 -3.379521891474723816e-02 3.323443531990051270e-01 -2.214644104242324829e-01 7.768505811691284180e-01 -8.888338506221771240e-02 -1.000013127923011780e-01 2.442231625318527222e-01 3.451741039752960205e-01 1.843489110469818115e-01 -6.546035408973693848e-01 2.653768658638000488e-01 1.904440373182296753e-01 -4.920315742492675781e-02 -1.879575550556182861e-01 -2.396251857280731201e-01 1.522642225027084351e-01 4.502708017826080322e-01 5.625143051147460938e-01 6.378172039985656738e-01 1.135983765125274658e-01 5.046071857213973999e-02 1.197879109531641006e-02 -8.194524049758911133e-02 5.315114185214042664e-02 4.484337568283081055e-02
-5.989729166030883789e-01 -2.900010347366333008e-01 -2.342831492424011230e-01 -4.785593152046203613e-01 1.146463602781295776e-01 5.339414477348327637e-01 1.267827451229095459e-01 -3.762499094009399414e-01 -9.920248389244079590e-02 3.064122200012207031e-01 -6.443049907684326172e-01 1.361667364835739136e-02 -3.512864112854003906e-01 4.095683991909027100e-01 9.790914505720138550e-02 -3.363898992538452148e-01 -4.224175587296485901e-03 -1.436448693275451660e-01 -3.699767589569091797e-02 6.177456378936767578e-01 -2.923612594604492188e-01 -1.912618875503540039e-01 -1.447871327400207520e-01 4.477071166038513184e-01 2.195176333189010620e-01 -3.784359991550445557e-01 6.779904663562774658e-02 -4.023716598749160767e-02 3.934895098209381104e-01 -1.459202617406845093e-01 5.526488423347473145e-01 5.190545320510864258e-01 1.677025556564331055e-01 1.699758768081665039e-01 -1.544995605945587158e-01 6.545277833938598633e-01 2.514159381389617920e-01 -1.019320935010910034e-01 -3.215329349040985107e-02 -6.995503604412078857e-02 3.838401436805725098e-01 -3.245312869548797607e-01 9.735121726989746094e-01 9.458974003791809082e-03 1.988546848297119141e-01 2.420124262571334839e-01 3.333787620067596436e-01 4.476790726184844971e-01 -6.859618425369262695e-01 3.344534635543823242e-01 1.614115089178085327e-01 -1.076939105987548828e-01 -1.478157937526702881e-01 1.090901419520378113e-01 6.056080758571624756e-02 5.991231203079223633e-01 6.927283406257629395e-01 7.670786380767822266e-01 -6.066576018929481506e-02 -6.700418889522552490e-03 1.744206994771957397e-02 -1.221645027399063110e-01 4.011399671435356140e-02 1.040949076414108276e-01
-6.917498707771301270e-01 -2.342282831668853760e-01 -2.320289611816406250e-02 -4.143648147583007812e-01 3.711268603801727295e-01 5.642139911651611328e-01 -8.391109108924865723e-02 -2.710313796997070312e-01 -1.859337389469146729e-01 5.482195615768432617e-01 -5.911231040954589844e-01 5.610548332333564758e-02 -2.074917405843734741e-01 5.613968968391418457e-01 1.743496954441070557e-02 -2.766495048999786377e-01 2.081789076328277588e-01 -1.307680159807205200e-01 -4.466904699802398682e-02 5.456187129020690918e-01 -3.804723918437957764e-02 -1.224950551986694336e-01 -3.658625185489654541e-01 2.049780189990997314e-01 3.068765699863433838e-01 -3.212363719940185547e-01 -6.636139750480651855e-02 1.489622890949249268e-01 1.180754154920578003e-01 -1.615851670503616333e-01 4.988046884536743164e-01 5.481172800064086914e-01 3.493768572807312012e-01 8.248115330934524536e-02 -3.717908263206481934e-01 5.821000933647155762e-01 2.107325196266174316e-01 -6.766933016479015350e-03 -1.290443539619445801e-01 4.728017374873161316e-02 6.888236105442047119e-02 -1.081474646925926208e-01 8.513347506523132324e-01 5.506725609302520752e-02 -4.638767242431640625e-02 3.223335742950439453e-01 3.415192365646362305e-01 4.083601385354995728e-02 -5.216336250305175781e-01 3.487789034843444824e-01 2.050180882215499878e-01 1.364326104521751404e-03 -2.024803757667541504e-01 -6.935103982686996460e-02 9.486679732799530029e-02 4.308311045169830322e-01 5.692837834358215332e-01 6.878179311752319336e-01 2.159469425678253174e-01 9.453054517507553101e-02 3.943577408790588379e-02 8.054012060165405273e-02 3.500606864690780640e-02 -8.378463983535766602e-02
-5.181003808975219727e-01 -6.082591414451599121e-02 7.207990437746047974e-02 -3.636566996574401855e-01 4.847084581851959229e-01 3.302189111709594727e-01 -1.026590317487716675e-01 -2.065902501344680786e-01 -4.400905966758728027e-01 5.976883172988891602e-01 -4.709030687808990479e-01 -2.557379752397537231e-02 -2.391876131296157837e-01 6.462594270706176758e-01 5.982559919357299805e-02 -4.060311615467071533e-01 2.718976438045501709e-01 4.400202259421348572e-02 -1.150799840688705444e-01 4.354947805404663086e-01 -2.080080658197402954e-02 -2.033821120858192444e-02 -2.956746518611907959e-01 1.899434626102447510e-02 4.014476239681243896e-01 -3.819284141063690186e-01 -2.139594554901123047e-01 4.905401915311813354e-02 2.829094827175140381e-01 -1.857097446918487549e-02 5.008125305175781250e-01 5.725929141044616699e-01 3.559699952602386475e-01 -8.553610742092132568e-02 -3.978522121906280518e-01 3.235009908676147461e-01 2.982206940650939941e-01 1.273190379142761230e-01 -2.374224066734313965e-01 1.078463494777679443e-01 2.019303739070892334e-01 -3.185546025633811951e-03 5.938167572021484375e-01 -3.015297353267669678e-01 -3.890556693077087402e-01 3.840450048446655273e-01 4.258470535278320312e-01 3.411642462015151978e-02 -5.135821700096130371e-01 5.441335439682006836e-01 2.617099285125732422e-01 -4.692577198147773743e-02 -2.492036819458007812e-01 -2.255581021308898926e-01 2.542902231216430664e-01 3.950758874416351318e-01 4.056482613086700439e-01 6.520877480506896973e-01 4.001089334487915039e-01 1.559663414955139160e-01 -8.163819462060928345e-02 -6.969480216503143311e-02 -6.561940908432006836e-02 -8.617299795150756836e-02
-5.895547270774841309e-01 -9.721620380878448486e-02 -3.198348879814147949e-01 -3.893623352050781250e-01 2.167701721191406250e-01 5.488987565040588379e-01 2.554804086685180664e-03 -3.844688534736633301e-01 -1.189363002777099609e-01 4.899297356605529785e-01 -6.893148422241210938e-01 -2.346918731927871704e-02 -1.737307757139205933e-01 4.501583278179168701e-01 1.420216262340545654e-02 -4.101352095603942871e-01 -1.164275705814361572e-01 -1.202756464481353760e-01 -3.931023180484771729e-02 5.050547719001770020e-01 -1.935129016637802124e-01 5.098412185907363892e-02 -2.463676631450653076e-01 3.962327539920806885e-01 4.490547776222229004e-01 -2.466877698898315430e-01 9.268645942211151123e-02 -2.734357118606567383e-02 2.907038331031799316e-01 -1.957985460758209229e-01 5.402020215988159180e-01 5.680476427078247070e-01 2.249346524477005005e-01 6.665154546499252319e-02 -2.046169936656951904e-01 6.732432246208190918e-01 1.754769682884216309e-01 -8.955665677785873413e-02 1.839952170848846436e-02 9.829346090555191040e-03 3.432464003562927246e-01 -2.017215937376022339e-01 7.949199080467224121e-01 -1.128088682889938354e-01 5.433640629053115845e-02 2.697287201881408691e-01 4.301533401012420654e-01 3.384760320186614990e-01 -6.832905411720275879e-01 2.629970610141754150e-01 6.538973748683929443e-02 -1.476850062608718872e-01 -4.636486247181892395e-02 -9.173069149255752563e-02 1.193273216485977173e-01 6.033196449279785156e-01 4.819004833698272705e-01 6.358666419982910156e-01 -3.080380707979202271e-02 -9.847995638847351074e-02 -4.008841142058372498e-02 -2.248358428478240967e-01 -1.319262981414794922e-01 -1.506982371211051941e-02
-2.590748369693756104e-01 -1.671448945999145508e-01 -4.202732741832733154e-01 -3.212581574916839600e-01 3.971399366855621338e-02 4.725168645381927490e-01 2.456554174423217773e-01 -2.646715641021728516e-01 -2.443199045956134796e-02 4.658772051334381104e-01 -7.455865144729614258e-01 -2.195125222206115723e-01 -3.453544378280639648e-01 2.401680648326873779e-01 -2.043061554431915283e-01 -3.238065242767333984e-01 -5.004775524139404297e-02 1.025828719139099121e-01 -1.968989223241806030e-01 4.091046750545501709e-01 -4.220180213451385498e-02 3.331223428249359131e-01 -1.929054260253906250e-01 5.047700405120849609e-01 4.133543968200683594e-01 -5.968888849020004272e-02 8.485081791877746582e-02 -3.126787841320037842e-01 2.303061336278915405e-01 -7.663518190383911133e-02 5.738019347190856934e-01 5.682951211929321289e-01 -8.577789366245269775e-02 5.607999116182327271e-02 -1.068015545606613159e-01 6.544446945190429688e-01 4.012299180030822754e-01 -1.094883382320404053e-01 9.844124317169189453e-02 -1.133023202419281006e-01 5.211458206176757812e-01 -3.645081222057342529e-01 5.751607418060302734e-01 -3.487446010112762451e-01 8.306709676980972290e-02 1.973651498556137085e-01 4.217279255390167236e-01 6.306897997856140137e-01 -7.046780586242675781e-01 2.551157772541046143e-02 -1.948602795600891113e-01 -2.014303654432296753e-01 -2.939563617110252380e-02 -1.386370360851287842e-01 2.732208967208862305e-01 6.525727510452270508e-01 2.681458890438079834e-01 3.500588238239288330e-01 3.811117261648178101e-02 -3.015849590301513672e-01 1.187201738357543945e-01 -2.398667931556701660e-01 -7.612658664584159851e-04 2.502661049365997314e-01
-5.661113262176513672e-01 -1.358651518821716309e-01 -8.104169368743896484e-02 -3.401079773902893066e-01 4.351554811000823975e-01 3.980081379413604736e-01 -1.133413016796112061e-01 -2.236903160810470581e-01 -3.338831067085266113e-01 6.572843194007873535e-01 -5.357638597488403320e-01 1.645438373088836670e-03 -2.488413602113723755e-01 6.274724602699279785e-01 -5.507163703441619873e-03 -3.235075473785400391e-01 1.581576019525527954e-01 -4.570972174406051636e-03 -8.465139567852020264e-02 4.207679033279418945e-01 -2.108047157526016235e-02 2.622302062809467316e-02 -3.394650220870971680e-01 9.738979488611221313e-02 4.192182123661041260e-01 -3.348359465599060059e-01 -9.094257652759552002e-02 -1.311991363763809204e-02 1.950072944164276123e-01 -6.344936788082122803e-03 5.618818998336791992e-01 5.959516763687133789e-01 2.729806602001190186e-01 -3.138999640941619873e-02 -4.410018622875213623e-01 4.300789833068847656e-01 3.304297029972076416e-01 1.093396991491317749e-01 -1.337013542652130127e-01 8.289420604705810547e-02 2.021132707595825195e-01 -1.008494198322296143e-01 6.681990027427673340e-01 -2.084966003894805908e-01 -2.303862124681472778e-01 3.363785743713378906e-01 3.543700873851776123e-01 1.501280367374420166e-01 -4.911828041076660156e-01 4.008836448192596436e-01 1.451494842767715454e-01 -4.779678210616111755e-02 -1.560069620609283447e-01 -1.454748511314392090e-01 2.110839933156967163e-01 4.179767072200775146e-01 3.716569542884826660e-01 6.028564572334289551e-01 3.527220189571380615e-01 2.073947340250015259e-02 8.661501109600067139e-02 -1.569763571023941040e-02 1.007395144551992416e-02 -5.981998518109321594e-02
-6.542997956275939941e-01 -1.042049676179885864e-01 -2.132519707083702087e-02 -3.695737421512603760e-01 4.161374270915985107e-01 4.517642855644226074e-01 -1.326733231544494629e-01 -2.635041475296020508e-01 -1.665759980678558350e-01 8.625375032424926758e-01 -6.224586963653564453e-01 1.038324832916259766e-01 -2.773047983646392822e-02 6.236589550971984863e-01 -5.401124805212020874e-02 -2.411057651042938232e-01 2.358853220939636230e-01 -6.738938391208648682e-03 -1.029515117406845093e-01 4.355475902557373047e-01 1.874015629291534424e-01 1.387531906366348267e-01 -6.253351569175720215e-01 6.671698391437530518e-02 5.004538297653198242e-01 -1.691214442253112793e-01 -5.580952018499374390e-02 4.789624363183975220e-02 2.083236724138259888e-02 -4.271052777767181396e-02 4.864346385002136230e-01 5.896490812301635742e-01 3.280451893806457520e-01 -6.462553143501281738e-02 -5.728791952133178711e-01 6.060417890548706055e-01 1.954893469810485840e-01 1.615859270095825195e-01 -1.214479431509971619e-01 1.430557668209075928e-01 8.101429045200347900e-02 -4.478413239121437073e-02 5.615277886390686035e-01 -1.352271735668182373e-01 -1.942883431911468506e-01 3.604509234428405762e-01 4.248868525028228760e-01 4.109676927328109741e-02 -4.946843087673187256e-01 2.185375392436981201e-01 9.515686333179473877e-02 -2.648174017667770386e-02 -1.891805231571197510e-01 -2.395308315753936768e-01 9.340281784534454346e-02 3.984177708625793457e-01 2.532108426094055176e-01 5.300943255424499512e-01 3.729881942272186279e-01 1.023746281862258911e-02 1.128701567649841309e-01 3.666248917579650879e-02 -9.091240353882312775e-03 -1.005725115537643433e-01
-6.463099122047424316e-01 -1.798995137214660645e-01 2.248312830924987793e-01 -3.294956982135772705e-01 4.510379135608673096e-01 3.919616937637329102e-01 -1.187665462493896484e-01 -3.153968751430511475e-01 1.209646463394165039e-02 8.524299263954162598e-01 -5.719430446624755859e-01 5.034381523728370667e-02 -7.240255922079086304e-02 5.902345776557922363e-01 -1.061393693089485168e-01 -1.426501199603080750e-02 4.401881098747253418e-01 1.677550822496414185e-01 -2.549351453781127930e-01 4.589601457118988037e-01 3.188814520835876465e-01 9.626342356204986572e-02 -6.979607343673706055e-01 -6.569980829954147339e-02 3.598392903804779053e-01 -1.614592373371124268e-01 -1.131705939769744873e-01 1.500609219074249268e-01 -8.157710731029510498e-02 1.315107941627502441e-01 5.157320499420166016e-01 4.909277856349945068e-01 2.136677503585815430e-01 -8.769868314266204834e-02 -5.906907320022583008e-01 5.115706324577331543e-01 2.572946250438690186e-01 2.214503735303878784e-01 -2.232783138751983643e-01 1.867841333150863647e-01 6.886679679155349731e-03 -1.165729016065597534e-01 5.902858972549438477e-01 -8.599554002285003662e-02 -3.317053318023681641e-01 3.714825510978698730e-01 3.391414284706115723e-01 4.988538473844528198e-02 -3.854297399520874023e-01 1.826301515102386475e-01 2.587579935789108276e-02 1.647869795560836792e-01 -1.584841012954711914e-01 -3.095917999744415283e-01 9.501773118972778320e-02 2.171838283538818359e-01 2.550106942653656006e-01 4.664837718009948730e-01 4.515142142772674561e-01 1.301630139350891113e-01 1.896458864212036133e-01 2.111512571573257446e-01 2.239558398723602295e-01 8.474642410874366760e-03
-3.548488020896911621e-01 -1.400652080774307251e-01 -3.910112380981445312e-01 -3.722904324531555176e-01 1.223079860210418701e-01 4.010734260082244873e-01 1.867137998342514038e-01 -1.807430088520050049e-01 -2.409985661506652832e-01 3.553744852542877197e-01 -5.944648981094360352e-01 -2.911534160375595093e-02 -4.392881393432617188e-01 4.645904004573822021e-01 -2.521449327468872070e-02 -4.556640982627868652e-01 5.972909927368164062e-02 -1.181245148181915283e-01 -3.942863643169403076e-02 3.157380819320678711e-01 -2.254752963781356812e-01 1.813271045684814453e-01 -2.259579598903656006e-01 3.415906131267547607e-01 4.062381982803344727e-01 -3.021477758884429932e-01 -3.975038230419158936e-02 -8.570542931556701660e-02 2.548445165157318115e-01 -9.671185910701751709e-02 5.286375284194946289e-01 6.540623903274536133e-01 1.100693121552467346e-01 5.250513553619384766e-03 -2.183678746223449707e-01 6.565147042274475098e-01 3.375989198684692383e-01 -1.999859362840652466e-01 -3.353439271450042725e-02 -3.822915628552436829e-02 6.149005889892578125e-01 -3.345490992069244385e-01 5.892022252082824707e-01 -2.087855339050292969e-01 9.534338116645812988e-02 2.525017261505126953e-01 4.280811846256256104e-01 4.488105475902557373e-01 -6.780245304107666016e-01 1.769745945930480957e-01 1.470607370138168335e-01 -3.129013180732727051e-01 -1.577020734548568726e-01 -1.530536413192749023e-01 1.203312128782272339e-01 5.821039676666259766e-01 5.567817687988281250e-01 6.604091525077819824e-01 4.590771347284317017e-02 -2.348267138004302979e-01 -1.049118954688310623e-02 -1.942135393619537354e-01 -7.974912226200103760e-02 1.821366846561431885e-01
-5.804769992828369141e-01 -2.193236947059631348e-01 -2.071012854576110840e-01 -4.211014807224273682e-01 2.182621955871582031e-01 4.658808708190917969e-01 1.063906699419021606e-01 -3.224635124206542969e-01 -1.251698136329650879e-01 3.977552950382232666e-01 -6.451392173767089844e-01 2.611944824457168579e-02 -3.309705853462219238e-01 3.591447770595550537e-01 -3.375636786222457886e-02 -3.574488461017608643e-01 -1.181241683661937714e-02 -8.885601162910461426e-02 -9.439395368099212646e-02 4.976995289325714111e-01 -1.877032965421676636e-01 -1.634919047355651855e-01 -2.103795111179351807e-01 3.330418467521667480e-01 3.514046967029571533e-01 -3.402458131313323975e-01 3.292667120695114136e-02 9.544663131237030029e-03 3.501686453819274902e-01 -8.837825059890747070e-02 5.269890427589416504e-01 4.649411439895629883e-01 1.376144140958786011e-01 3.567458689212799072e-02 -1.267842352390289307e-01 6.379559040069580078e-01 2.569518685340881348e-01 -7.339503616094589233e-02 -1.192384436726570129e-01 -2.757016569375991821e-03 3.080666065216064453e-01 -2.328751683235168457e-01 8.637664318084716797e-01 -5.288366973400115967e-02 7.480330020189285278e-02 2.371058911085128784e-01 3.691099286079406738e-01 2.989909350872039795e-01 -7.278702259063720703e-01 3.349474668502807617e-01 1.450328528881072998e-01 -7.387542724609375000e-02 -1.329590827226638794e-01 -7.955408096313476562e-02 1.737081557512283325e-01 4.898606240749359131e-01 6.495385169982910156e-01 6.839873790740966797e-01 7.337983697652816772e-02 7.789783179759979248e-03 -2.046750858426094055e-02 -1.180041432380676270e-01 3.897985816001892090e-02 7.021030783653259277e-02
-5.374531149864196777e-01 -1.329475194215774536e-01 2.048093825578689575e-02 -4.485749602317810059e-01 4.804792106151580811e-01 6.084278821945190430e-01 -3.457576334476470947e-01 -2.122431993484497070e-01 -4.400583505630493164e-01 6.276245713233947754e-01 -5.583359003067016602e-01 -1.562258303165435791e-01 2.448871731758117676e-02 8.039995431900024414e-01 1.121311709284782410e-01 -5.610153675079345703e-01 1.090717986226081848e-01 -2.411426305770874023e-01 1.381466984748840332e-01 7.683023214340209961e-01 -1.344822943210601807e-01 4.159904271364212036e-02 -2.068125307559967041e-01 3.734080493450164795e-01 2.302150577306747437e-01 -5.217578411102294922e-01 -5.602879077196121216e-02 6.367377936840057373e-03 3.028723895549774170e-01 -3.255117833614349365e-01 4.392800033092498779e-01 6.889101266860961914e-01 3.236967325210571289e-01 4.610172510147094727e-01 -5.833616256713867188e-01 2.587929368019104004e-01 2.545499056577682495e-02 2.751941978931427002e-01 2.847530543804168701e-01 2.383049577474594116e-02 1.221169531345367432e-01 8.738142997026443481e-02 7.173257470130920410e-01 -1.157855391502380371e-01 -2.035197019577026367e-01 5.091782212257385254e-01 3.911655843257904053e-01 1.185266301035881042e-01 -5.199580192565917969e-01 5.996748208999633789e-01 2.117742747068405151e-01 6.601993739604949951e-02 -1.228200942277908325e-01 2.927251458168029785e-01 3.207025527954101562e-01 5.161768198013305664e-01 2.655171751976013184e-01 6.418150663375854492e-01 4.672986268997192383e-01 1.320951282978057861e-01 3.700980171561241150e-02 -1.527389883995056152e-02 -3.286894559860229492e-01 -3.300276398658752441e-01
-5.902434587478637695e-01 -1.813207864761352539e-01 2.402442395687103271e-01 -2.401044964790344238e-01 5.585041046142578125e-01 3.843848407268524170e-01 -1.210604459047317505e-01 -2.672352194786071777e-01 -1.191305965185165405e-01 7.146007418632507324e-01 -6.180654764175415039e-01 1.191801130771636963e-01 -7.870762795209884644e-02 4.684876501560211182e-01 -1.078714355826377869e-01 -1.915750056505203247e-01 4.243138432502746582e-01 2.546542584896087646e-01 -2.709439396858215332e-01 4.211760163307189941e-01 2.177347093820571899e-01 2.008242905139923096e-02 -6.816113591194152832e-01 -1.932321488857269287e-01 3.672101795673370361e-01 -2.031958848237991333e-01 -2.450966387987136841e-01 1.877718269824981689e-01 -5.272326245903968811e-02 1.383444517850875854e-01 4.315662384033203125e-01 4.233843386173248291e-01 3.428165316581726074e-01 -1.080520674586296082e-01 -4.296314418315887451e-01 3.864126205444335938e-01 2.529014945030212402e-01 2.001385092735290527e-01 -3.895417153835296631e-01 2.774295508861541748e-01 -8.139785379171371460e-02 -1.040076185017824173e-02 6.190771460533142090e-01 -1.371727585792541504e-01 -3.692108392715454102e-01 4.190724492073059082e-01 3.389660418033599854e-01 -9.443209320306777954e-02 -4.145894050598144531e-01 3.325022161006927490e-01 5.981442332267761230e-02 1.321484744548797607e-01 -2.973528504371643066e-01 -3.652248978614807129e-01 3.089761734008789062e-01 2.438008934259414673e-01 2.444305866956710815e-01 4.319949448108673096e-01 5.039477348327636719e-01 1.548838317394256592e-01 7.491373270750045776e-02 2.271658033132553101e-01 1.803637295961380005e-01 -3.764667734503746033e-02
-2.886387705802917480e-01 -9.893573820590972900e-02 3.093445301055908203e-01 -2.862715423107147217e-01 4.936639368534088135e-01 2.169924527406692505e-01 2.113780379295349121e-02 -1.499140411615371704e-01 -2.453919947147369385e-01 7.558495402336120605e-01 -5.983405113220214844e-01 4.342655092477798462e-02 -3.245984762907028198e-02 3.836780488491058350e-01 -1.577685177326202393e-01 -1.987576931715011597e-01 5.558415055274963379e-01 3.391424417495727539e-01 -3.104879260063171387e-01 2.959807515144348145e-01 3.248609900474548340e-01 2.906715869903564453e-01 -6.520180702209472656e-01 -2.339874505996704102e-01 4.611382782459259033e-01 -2.073935270309448242e-01 -2.747831940650939941e-01 -1.457490324974060059e-01 1.127659082412719727e-01 2.232785224914550781e-01 4.056427180767059326e-01 5.335267782211303711e-01 2.114052623510360718e-01 -9.629020839929580688e-02 -4.194234311580657959e-01 3.784326910972595215e-01 2.467323541641235352e-01 4.449681043624877930e-01 -3.317960798740386963e-01 3.363758623600006104e-01 1.093916967511177063e-02 4.106065630912780762e-02 2.810220122337341309e-01 -4.336780607700347900e-01 -4.748162031173706055e-01 4.748703241348266602e-01 4.613901674747467041e-01 -5.187585949897766113e-03 -4.175801873207092285e-01 2.879452109336853027e-01 7.228268682956695557e-02 4.742572829127311707e-02 -4.317762851715087891e-01 -4.058157801628112793e-01 5.296131968498229980e-01 3.043775558471679688e-01 -1.355998218059539795e-03 3.017435371875762939e-01 7.627651691436767578e-01 3.365028649568557739e-02 1.657861918210983276e-01 1.463850885629653931e-01 1.596198603510856628e-02 1.582336276769638062e-01
-3.985418379306793213e-01 -4.681841135025024414e-01 -1.980077922344207764e-01 -4.824067056179046631e-01 1.425213813781738281e-01 6.939249038696289062e-01 1.047129705548286438e-01 -1.539659500122070312e-01 -1.287972927093505859e-01 3.250875174999237061e-01 -6.294020414352416992e-01 -1.948015689849853516e-01 -4.006475806236267090e-01 3.258720934391021729e-01 -7.621929049491882324e-03 -4.908805191516876221e-01 1.073138490319252014e-01 -2.854556441307067871e-01 1.269180327653884888e-01 8.120283484458923340e-01 -1.347420364618301392e-01 -1.683302670717239380e-01 -3.494631499052047729e-02 5.910990238189697266e-01 1.375551372766494751e-01 -3.119991123676300049e-01 -1.911825267598032951e-03 -4.724666476249694824e-03 2.831397056579589844e-01 -4.074852168560028076e-01 5.330605506896972656e-01 5.218595266342163086e-01 8.325804769992828369e-02 3.862525224685668945e-01 -4.521265625953674316e-02 6.642773151397705078e-01 2.105405032634735107e-01 -3.522154316306114197e-02 2.440370023250579834e-01 -1.922860741615295410e-01 2.211145758628845215e-01 -2.167473286390304565e-01 1.000963449478149414e+00 1.572474688291549683e-01 1.268569231033325195e-01 2.538138628005981445e-01 2.700170278549194336e-01 3.333270847797393799e-01 -6.658352017402648926e-01 3.206206858158111572e-01 1.360034942626953125e-01 5.291071161627769470e-02 -3.759739175438880920e-02 2.452519834041595459e-01 1.975184828042984009e-01 5.796768665313720703e-01 6.236799359321594238e-01 7.120445370674133301e-01 -2.501890063285827637e-03 1.441875398159027100e-01 9.749056398868560791e-02 2.644212543964385986e-02 -6.298686563968658447e-02 1.598026603460311890e-03
-5.327523350715637207e-01 -3.190052881836891174e-02 -1.362805366516113281e-01 -3.468725681304931641e-01 3.622653186321258545e-01 3.890304863452911377e-01 3.214520961046218872e-02 -2.520569562911987305e-01 -2.931951284408569336e-01 4.896382689476013184e-01 -5.584330558776855469e-01 -1.087075471878051758e-02 -2.928819656372070312e-01 5.388102531433105469e-01 -3.316260874271392822e-03 -4.184955060482025146e-01 6.910880655050277710e-02 3.839567303657531738e-03 -1.025507897138595581e-01 3.887122571468353271e-01 -1.392594128847122192e-01 5.484689772129058838e-02 -2.527668774127960205e-01 1.658499538898468018e-01 4.732051193714141846e-01 -3.270663619041442871e-01 -4.013074934482574463e-02 6.616614758968353271e-03 2.964518666267395020e-01 -4.244411736726760864e-02 5.616382360458374023e-01 5.717094540596008301e-01 2.170911878347396851e-01 -8.215709775686264038e-02 -2.843272089958190918e-01 5.000662803649902344e-01 3.354037404060363770e-01 -1.364267896860837936e-02 -1.503079235553741455e-01 3.175707533955574036e-02 3.791444301605224609e-01 -1.516161113977432251e-01 6.165627837181091309e-01 -2.375646829605102539e-01 -1.679632067680358887e-01 3.000994920730590820e-01 3.996352851390838623e-01 2.298726141452789307e-01 -5.645741224288940430e-01 3.544978499412536621e-01 1.738647669553756714e-01 -1.816262900829315186e-01 -1.990990042686462402e-01 -2.862881720066070557e-01 1.888583153486251831e-01 4.954102039337158203e-01 5.156065225601196289e-01 6.648483872413635254e-01 2.218609452247619629e-01 2.162329852581024170e-03 -9.167083352804183960e-02 -2.058615237474441528e-01 -8.878992497920989990e-02 3.221821039915084839e-02
-3.518598079681396484e-01 -5.421230196952819824e-01 -3.560917079448699951e-01 -4.504037499427795410e-01 9.768870472908020020e-02 5.812956690788269043e-01 1.997721642255783081e-01 -2.077565789222717285e-01 -1.488242298364639282e-01 2.312411069869995117e-01 -5.805943012237548828e-01 -9.413718432188034058e-02 -5.556925535202026367e-01 2.708809673786163330e-01 -5.315341055393218994e-03 -4.192927777767181396e-01 1.674404442310333252e-01 -2.143224477767944336e-01 1.190865039825439453e-02 6.591239571571350098e-01 -2.199587672948837280e-01 -1.928643584251403809e-01 -9.315462410449981689e-02 4.669948220252990723e-01 9.015627950429916382e-02 -3.017538189888000488e-01 -1.012672111392021179e-01 7.102286070585250854e-02 2.443361729383468628e-01 -2.464291453361511230e-01 5.072830915451049805e-01 5.267698764801025391e-01 1.143122762441635132e-01 2.314480543136596680e-01 6.423600018024444580e-03 6.750777363777160645e-01 2.533701062202453613e-01 -2.456359565258026123e-01 3.567828238010406494e-02 -7.623718678951263428e-02 3.595558702945709229e-01 -2.949175834655761719e-01 9.988627433776855469e-01 1.495748907327651978e-01 1.477561593055725098e-01 2.549011707305908203e-01 2.692749798297882080e-01 3.495607376098632812e-01 -7.142226099967956543e-01 2.671112716197967529e-01 2.012313753366470337e-01 1.324415020644664764e-02 -2.247786894440650940e-02 9.591781347990036011e-02 1.151393800973892212e-01 5.561702251434326172e-01 7.487448453903198242e-01 7.451916337013244629e-01 -6.734944880008697510e-02 1.348921954631805420e-01 -1.383398659527301788e-03 2.324612438678741455e-02 7.519438862800598145e-02 9.938912093639373779e-02
-5.065089464187622070e-01 -2.364374399185180664e-01 -1.686142086982727051e-01 -3.394665718078613281e-01 3.236312270164489746e-01 4.931411445140838623e-01 5.151963606476783752e-02 -2.544216215610504150e-01 -3.106039203703403473e-02 6.555656194686889648e-01 -6.428287029266357422e-01 -2.650494128465652466e-02 -3.615695238113403320e-01 5.143070816993713379e-01 2.030977606773376465e-02 -2.717933654785156250e-01 2.720632851123809814e-01 -1.560284569859504700e-02 -1.459631025791168213e-01 4.763394892215728760e-01 -2.201402187347412109e-02 1.105019003152847290e-01 -5.241339802742004395e-01 1.931671202182769775e-01 3.432095050811767578e-01 -1.720590591430664062e-01 -2.183096669614315033e-02 1.171169057488441467e-01 4.615393280982971191e-02 -8.314506709575653076e-02 5.358026623725891113e-01 5.135235786437988281e-01 1.468995213508605957e-01 -7.209967821836471558e-02 -3.851001858711242676e-01 6.631361842155456543e-01 3.536245226860046387e-01 -6.407742947340011597e-02 -1.325680464506149292e-01 2.166945114731788635e-02 3.580290973186492920e-01 -2.140995264053344727e-01 7.247793674468994141e-01 -6.652982532978057861e-02 -1.193144097924232483e-01 3.432691097259521484e-01 3.946700096130371094e-01 2.839583754539489746e-01 -5.794985294342041016e-01 1.632209271192550659e-01 8.297456800937652588e-02 -1.341957598924636841e-02 -1.943760514259338379e-01 -2.418735921382904053e-01 8.382311463356018066e-02 4.481383860111236572e-01 4.393361210823059082e-01 5.968640446662902832e-01 1.811553835868835449e-01 -1.359702646732330322e-02 1.154066398739814758e-01 -1.968275010585784912e-02 1.110050082206726074e-01 5.492324382066726685e-02
-6.349807381629943848e-01 -2.310590445995330811e-01 -2.169726192951202393e-01 -4.247678816318511963e-01 2.012259662151336670e-01 6.059369444847106934e-01 -1.573203504085540771e-02 -3.721796274185180664e-01 -9.134856611490249634e-02 5.602482557296752930e-01 -5.825930833816528320e-01 -8.030842989683151245e-02 -2.537515759468078613e-01 4.818205535411834717e-01 9.497843682765960693e-03 -2.795161902904510498e-01 3.427483141422271729e-02 -1.895470619201660156e-01 -1.057114452123641968e-01 5.533864498138427734e-01 -1.987665891647338867e-04 -5.707920715212821960e-02 -3.078269958496093750e-01 3.913238346576690674e-01 3.134538829326629639e-01 -2.190333455801010132e-01 2.129043452441692352e-02 5.139818042516708374e-02 1.384284943342208862e-01 -2.323674857616424561e-01 5.993665456771850586e-01 6.139149665832519531e-01 2.776590585708618164e-01 5.386034399271011353e-02 -2.836716473102569580e-01 6.403735280036926270e-01 1.962741911411285400e-01 -4.797318205237388611e-02 7.587760686874389648e-03 4.569111764430999756e-02 1.550604701042175293e-01 -2.572705447673797607e-01 9.335501194000244141e-01 -4.894703626632690430e-02 -3.472605347633361816e-02 2.817428708076477051e-01 3.724662959575653076e-01 3.640093803405761719e-01 -6.693844795227050781e-01 3.542148470878601074e-01 1.019910871982574463e-01 4.671901091933250427e-02 4.334789887070655823e-02 1.873220503330230713e-02 2.873774617910385132e-02 4.779974222183227539e-01 4.778012335300445557e-01 6.641842126846313477e-01 6.058777868747711182e-02 1.142145693302154541e-02 6.686539202928543091e-02 -2.921916544437408447e-02 9.225960075855255127e-02 -5.667917057871818542e-02
-6.294660568237304688e-01 -1.221684515476226807e-01 1.999586522579193115e-01 -2.447142899036407471e-01 4.997923076152801514e-01 3.142434060573577881e-01 -2.712577581405639648e-01 -2.589856386184692383e-01 -2.659310996532440186e-01 1.021906733512878418e+00 -5.302110910415649414e-01 1.025207787752151489e-01 2.725664712488651276e-02 6.740838289260864258e-01 -2.939064055681228638e-02 -1.459550559520721436e-01 3.855941593647003174e-01 2.074894905090332031e-01 -1.387242078781127930e-01 3.277748823165893555e-01 3.277557492256164551e-01 1.771583855152130127e-01 -7.273631095886230469e-01 -1.494433879852294922e-01 5.474729537963867188e-01 -1.893355250358581543e-01 -2.001036852598190308e-01 2.692981809377670288e-02 -9.913516044616699219e-02 1.779023110866546631e-01 4.210804998874664307e-01 4.859591424465179443e-01 3.164487183094024658e-01 -1.191643178462982178e-01 -6.439642906188964844e-01 4.913086891174316406e-01 2.167612016201019287e-01 2.727348804473876953e-01 -2.149233967065811157e-01 2.010875642299652100e-01 -3.857369720935821533e-02 1.743671484291553497e-02 3.847680389881134033e-01 -2.844612300395965576e-01 -3.876709938049316406e-01 3.269420862197875977e-01 4.717860519886016846e-01 -2.103792130947113037e-01 -3.826156258583068848e-01 2.436793744564056396e-01 8.741156756877899170e-02 8.266524970531463623e-02 -2.038348466157913208e-01 -3.167697191238403320e-01 1.307995021343231201e-01 2.297952026128768921e-01 7.192006707191467285e-02 4.023467302322387695e-01 5.651162862777709961e-01 -2.340655028820037842e-02 1.936233192682266235e-01 2.455394417047500610e-01 5.266426876187324524e-02 -8.391630649566650391e-02
-7.739698290824890137e-01 -1.312878429889678955e-01 2.292263805866241455e-01 -3.264410495758056641e-01 4.755767881870269775e-01 4.946016669273376465e-01 -2.896077930927276611e-01 -3.487524986267089844e-01 -4.669038951396942139e-02 1.018963456153869629e+00 -6.281955242156982422e-01 1.035823225975036621e-01 1.602432131767272949e-01 6.507804989814758301e-01 -3.556417673826217651e-02 2.063742838799953461e-02 3.390820026397705078e-01 1.119112968444824219e-01 -2.003416270017623901e-01 4.582128524780273438e-01 3.632854819297790527e-01 1.206210106611251831e-01 -7.280799150466918945e-01 -2.399148792028427124e-02 4.562217295169830322e-01 -1.217198669910430908e-01 -7.620634883642196655e-02 6.372313946485519409e-02 -1.560679078102111816e-01 1.773737370967864990e-03 4.281354844570159912e-01 5.164638757705688477e-01 3.985726237297058105e-01 3.594858199357986450e-02 -7.517609596252441406e-01 5.241463780403137207e-01 1.314451694488525391e-01 2.855541408061981201e-01 -1.588828414678573608e-01 1.694320887327194214e-01 -2.417239248752593994e-01 -7.384480908513069153e-03 5.509887337684631348e-01 -1.301329731941223145e-01 -2.393290549516677856e-01 3.775565624237060547e-01 4.241504669189453125e-01 -1.334144324064254761e-01 -3.574678301811218262e-01 2.525929212570190430e-01 -4.120911657810211182e-02 1.583919078111648560e-01 -1.938958764076232910e-01 -1.475685238838195801e-01 4.416497051715850830e-02 2.380498051643371582e-01 7.987117767333984375e-02 3.879641294479370117e-01 5.078535676002502441e-01 -1.513281464576721191e-02 2.193543463945388794e-01 2.891016006469726562e-01 1.270021647214889526e-01 -1.414660215377807617e-01
-6.433615684509277344e-01 -1.670936346054077148e-01 -1.033594459295272827e-01 -3.045614063739776611e-01 3.769377470016479492e-01 4.685224294662475586e-01 -4.886229336261749268e-02 -3.695906400680541992e-01 -1.645039618015289307e-01 6.180186271667480469e-01 -5.546905994415283203e-01 -2.174406498670578003e-02 -2.806988954544067383e-01 4.898620545864105225e-01 5.199849978089332581e-02 -3.016769886016845703e-01 1.114265769720077515e-01 4.318455979228019714e-02 -1.667990237474441528e-01 3.934648931026458740e-01 -8.039748668670654297e-02 -1.274977251887321472e-02 -3.887382447719573975e-01 1.092500686645507812e-01 4.212300777435302734e-01 -2.199380397796630859e-01 -5.826149880886077881e-02 7.126594334840774536e-02 1.790503412485122681e-01 3.252304345369338989e-02 5.300682783126831055e-01 4.531643688678741455e-01 2.495103478431701660e-01 -1.027256548404693604e-01 -2.971279025077819824e-01 5.870507955551147461e-01 3.019930124282836914e-01 -2.302657067775726318e-02 -2.042079269886016846e-01 5.744096636772155762e-02 2.557548284530639648e-01 -1.509227752685546875e-01 7.460592389106750488e-01 -1.778098642826080322e-01 -1.767073124647140503e-01 2.900366187095642090e-01 3.796454071998596191e-01 1.457074284553527832e-01 -6.053510904312133789e-01 3.062494397163391113e-01 7.887700200080871582e-02 -6.897610425949096680e-02 -1.828775107860565186e-01 -2.451312243938446045e-01 9.052412211894989014e-02 4.563600718975067139e-01 4.475889503955841064e-01 6.368533968925476074e-01 1.513513475656509399e-01 7.668078690767288208e-02 -1.513181906193494797e-02 -6.663016974925994873e-02 5.641850456595420837e-02 -1.006444171071052551e-02
-5.482635498046875000e-01 -7.755950093269348145e-02 1.196526065468788147e-01 -1.862556934356689453e-01 5.150395631790161133e-01 3.621304333209991455e-01 -9.681963920593261719e-02 -2.575150132179260254e-01 -1.149414181709289551e-01 7.922986149787902832e-01 -6.576346158981323242e-01 1.017309427261352539e-01 -7.030388712882995605e-02 4.959245622158050537e-01 -1.119301393628120422e-01 -1.993749588727951050e-01 3.635521531105041504e-01 2.380761206150054932e-01 -2.684122920036315918e-01 3.388247787952423096e-01 1.799455881118774414e-01 1.902561783790588379e-01 -7.289759516716003418e-01 -1.526629030704498291e-01 5.205421447753906250e-01 -1.212987899780273438e-01 -1.340537965297698975e-01 2.977438271045684814e-02 -2.984944358468055725e-02 1.606233119964599609e-01 4.780652523040771484e-01 4.743120074272155762e-01 2.853824198246002197e-01 -1.511606574058532715e-01 -4.631582796573638916e-01 4.894052743911743164e-01 2.317784130573272705e-01 2.172486037015914917e-01 -3.663996458053588867e-01 2.701766788959503174e-01 3.152668476104736328e-02 -4.202680289745330811e-02 5.253104567527770996e-01 -2.825103402137756348e-01 -3.003589808940887451e-01 3.838412165641784668e-01 4.176352322101593018e-01 -1.041197031736373901e-02 -4.302100837230682373e-01 2.515927851200103760e-01 -5.171321332454681396e-03 -6.134174764156341553e-04 -3.358323872089385986e-01 -3.831637203693389893e-01 2.662761807441711426e-01 3.149270117282867432e-01 1.253964900970458984e-01 3.554317951202392578e-01 5.223939418792724609e-01 -3.680687397718429565e-02 1.848601549863815308e-01 1.145755946636199951e-01 8.034145832061767578e-02 2.812324836850166321e-02
-6.188237667083740234e-01 -2.144893109798431396e-01 -2.430577874183654785e-01 -3.926498889923095703e-01 2.667245566844940186e-01 4.459253847599029541e-01 5.278593674302101135e-02 -3.053380548954010010e-01 -1.539255976676940918e-01 5.936849117279052734e-01 -6.645233631134033203e-01 1.283090114593505859e-01 -2.265393882989883423e-01 4.370128810405731201e-01 -1.433019340038299561e-02 -3.151150047779083252e-01 5.859974026679992676e-02 -4.017002135515213013e-02 -1.100625842809677124e-02 4.810214936733245850e-01 -1.093477010726928711e-03 -2.589194104075431824e-03 -4.438981711864471436e-01 2.074007093906402588e-01 4.862990677356719971e-01 -1.815138459205627441e-01 -2.668506838381290436e-02 1.349710673093795776e-02 1.459533274173736572e-01 -1.006356179714202881e-01 5.243664979934692383e-01 5.255293846130371094e-01 3.011955618858337402e-01 -5.924455076456069946e-02 -2.678473889827728271e-01 7.542685866355895996e-01 2.838035225868225098e-01 -5.576084554195404053e-02 -1.332010179758071899e-01 1.788748055696487427e-02 2.533920705318450928e-01 -2.467468827962875366e-01 7.306016087532043457e-01 -2.612142264842987061e-02 -9.615434333682060242e-03 2.097993940114974976e-01 3.819220960140228271e-01 2.101102173328399658e-01 -6.106292605400085449e-01 1.447312682867050171e-01 1.499357372522354126e-01 -1.458063870668411255e-01 -1.381414234638214111e-01 -2.628024518489837646e-01 3.308995068073272705e-02 5.282757878303527832e-01 4.920178949832916260e-01 6.808103919029235840e-01 -2.923835068941116333e-03 8.566640317440032959e-03 3.320264443755149841e-02 -9.613687545061111450e-02 -2.260087057948112488e-04 2.067327871918678284e-02
-2.874082922935485840e-01 -1.040715575218200684e-01 -3.673374056816101074e-01 -3.488137722015380859e-01 6.377430260181427002e-02 3.149923682212829590e-01 2.127519249916076660e-01 -2.297468036413192749e-01 -1.956888586282730103e-01 5.791369080543518066e-01 -6.436554193496704102e-01 -6.791969388723373413e-02 -3.627322912216186523e-01 3.876130282878875732e-01 -1.325220465660095215e-01 -3.457420170307159424e-01 3.425397723913192749e-02 5.436053499579429626e-02 -1.370694786310195923e-01 2.025279253721237183e-01 -4.729038476943969727e-02 3.592663407325744629e-01 -4.184385836124420166e-01 3.399719297885894775e-01 5.257602930068969727e-01 -1.458885669708251953e-01 -1.890586502850055695e-02 -2.786857187747955322e-01 2.808145284652709961e-01 1.003552973270416260e-01 5.294181108474731445e-01 5.976178646087646484e-01 -5.876978114247322083e-02 -1.204010844230651855e-01 -2.623170614242553711e-01 7.245637178421020508e-01 3.500643074512481689e-01 -9.128227084875106812e-02 -2.312883734703063965e-02 -5.826533958315849304e-02 6.484234333038330078e-01 -3.019464612007141113e-01 4.143373072147369385e-01 -3.793207705020904541e-01 3.947643190622329712e-02 1.700577139854431152e-01 5.627260208129882812e-01 5.048726797103881836e-01 -7.606192827224731445e-01 -3.677017986774444580e-03 8.329242467880249023e-03 -3.259094953536987305e-01 -2.081839293241500854e-01 -3.008691966533660889e-01 1.965259164571762085e-01 6.101374626159667969e-01 2.378003448247909546e-01 4.332657754421234131e-01 1.165034323930740356e-01 -3.924153745174407959e-01 1.281800419092178345e-01 -2.052162140607833862e-01 -4.666516557335853577e-02 2.673034667968750000e-01
-1.343110799789428711e-01 -2.011456638574600220e-01 -5.776203274726867676e-01 -3.420393764972686768e-01 -3.041714727878570557e-01 2.752849757671356201e-01 3.605524599552154541e-01 -9.345998615026473999e-02 -3.838999867439270020e-01 3.066567182540893555e-01 -5.452494621276855469e-01 -2.462061047554016113e-01 -4.917426705360412598e-01 2.540084719657897949e-01 -2.171457409858703613e-01 -6.153566241264343262e-01 -2.020279914140701294e-01 6.111623719334602356e-02 2.342962473630905151e-02 4.338626563549041748e-01 -2.004836052656173706e-01 2.836249172687530518e-01 1.473588496446609497e-02 6.714503169059753418e-01 5.055619478225708008e-01 -3.842437639832496643e-02 1.271726842969655991e-02 -4.430583417415618896e-01 3.657837808132171631e-01 1.963938772678375244e-02 4.602672457695007324e-01 4.938051998615264893e-01 -1.688306629657745361e-01 1.284103691577911377e-01 1.016723960638046265e-01 6.099833846092224121e-01 3.563456237316131592e-01 -2.126748561859130859e-01 3.416128158569335938e-01 -3.233293592929840088e-01 8.921756744384765625e-01 -3.828889429569244385e-01 4.820328950881958008e-01 -3.231608569622039795e-01 7.954551279544830322e-02 -1.042675599455833435e-02 5.248705148696899414e-01 6.592987179756164551e-01 -7.574828267097473145e-01 -7.705392688512802124e-02 6.079971790313720703e-03 -4.303244054317474365e-01 1.289377957582473755e-01 -1.782175004482269287e-01 2.101743221282958984e-02 7.445253133773803711e-01 4.120213389396667480e-01 4.800791740417480469e-01 -1.027440726757049561e-01 -1.827921867370605469e-01 -7.901981472969055176e-02 -4.255028963088989258e-01 -2.579646408557891846e-01 3.601563870906829834e-01
-2.898189723491668701e-01 -1.842202246189117432e-01 -2.445054054260253906e-01 -4.078471958637237549e-01 1.996525824069976807e-01 3.147912323474884033e-01 1.866380274295806885e-01 -1.986031085252761841e-01 -1.290445327758789062e-01 5.615311861038208008e-01 -5.715124607086181641e-01 -1.200164481997489929e-01 -3.855266571044921875e-01 3.932994902133941650e-01 -7.381571084260940552e-02 -3.492986559867858887e-01 2.133440226316452026e-01 -4.013057053089141846e-02 -2.110310345888137817e-01 3.557041585445404053e-01 1.856480538845062256e-02 2.131147682666778564e-01 -3.727992773056030273e-01 2.902487516403198242e-01 3.988696336746215820e-01 -2.612706124782562256e-01 -2.366795763373374939e-02 -1.506181061267852783e-01 2.691640555858612061e-01 -1.825043559074401855e-02 5.175151824951171875e-01 5.588128566741943359e-01 -2.673329040408134460e-02 -8.529601246118545532e-02 -2.854975461959838867e-01 6.258273124694824219e-01 3.541017770767211914e-01 6.860013119876384735e-03 -7.463875412940979004e-02 4.646852612495422363e-02 5.486073493957519531e-01 -2.975585460662841797e-01 5.371394157409667969e-01 -3.045245409011840820e-01 -1.140373274683952332e-01 3.137347698211669922e-01 4.566996693611145020e-01 4.978293478488922119e-01 -7.733952999114990234e-01 1.752253770828247070e-01 6.541988253593444824e-02 -1.348309367895126343e-01 -1.272854059934616089e-01 -1.840572953224182129e-01 2.607561945915222168e-01 5.050254464149475098e-01 4.140117168426513672e-01 5.641342401504516602e-01 2.694357335567474365e-01 -1.521447002887725830e-01 1.042912900447845459e-01 -1.184424757957458496e-01 6.339863874018192291e-03 1.842122822999954224e-01
-3.360885381698608398e-01 -8.108358830213546753e-02 -4.412272870540618896e-01 -2.988669574260711670e-01 9.365156292915344238e-02 3.493739366531372070e-01 2.303376197814941406e-01 -2.395173460245132446e-01 -2.551998496055603027e-01 4.744628071784973145e-01 -5.722422599792480469e-01 -1.430119872093200684e-01 -4.732732772827148438e-01 3.636840879917144775e-01 -8.122882992029190063e-02 -3.914896845817565918e-01 -7.169992476701736450e-02 7.886148989200592041e-03 -1.190576851367950439e-01 2.047733962535858154e-01 -1.643491834402084351e-01 2.660807669162750244e-01 -1.457673311233520508e-01 3.506045937538146973e-01 5.113791227340698242e-01 -1.484299302101135254e-01 -4.647641908377408981e-04 -2.461037933826446533e-01 3.168626129627227783e-01 1.993800699710845947e-02 5.642624497413635254e-01 5.528553128242492676e-01 8.712126873433589935e-03 -1.423468589782714844e-01 -1.314465999603271484e-01 6.662245988845825195e-01 4.362942278385162354e-01 -1.632920503616333008e-01 -5.153886228799819946e-02 -1.129474043846130371e-01 6.408602595329284668e-01 -3.527668416500091553e-01 4.680769443511962891e-01 -4.240868985652923584e-01 -7.777493447065353394e-04 1.364748328924179077e-01 4.646516740322113037e-01 4.675588309764862061e-01 -7.526305913925170898e-01 1.014670580625534058e-01 3.100362420082092285e-02 -3.569246232509613037e-01 -1.286382824182510376e-01 -2.731934487819671631e-01 9.933203458786010742e-02 5.835614204406738281e-01 3.972658812999725342e-01 5.210500955581665039e-01 -1.888512447476387024e-02 -2.404517531394958496e-01 -1.664294861257076263e-03 -3.382219672203063965e-01 -5.216598883271217346e-02 2.079985141754150391e-01
-6.441807150840759277e-01 -1.300011426210403442e-01 -4.952554032206535339e-02 -2.991233468055725098e-01 4.388906657695770264e-01 3.826140761375427246e-01 -7.637418806552886963e-02 -3.112533390522003174e-01 -2.276033759117126465e-01 7.778910994529724121e-01 -6.081018447875976562e-01 1.119457557797431946e-01 -1.717530936002731323e-01 5.589488148689270020e-01 -4.280128329992294312e-02 -2.659514248371124268e-01 1.969429701566696167e-01 8.376762270927429199e-02 -1.104883998632431030e-01 3.430078923702239990e-01 5.453987047076225281e-02 6.490237265825271606e-02 -5.469322800636291504e-01 2.763057500123977661e-02 5.666571259498596191e-01 -2.437865585088729858e-01 -9.139054268598556519e-02 3.723576664924621582e-04 9.462039172649383545e-02 1.019122228026390076e-01 4.798254668712615967e-01 4.834528565406799316e-01 2.656855285167694092e-01 -8.825497329235076904e-02 -4.416953027248382568e-01 6.572063565254211426e-01 2.899847626686096191e-01 9.011775255203247070e-02 -2.159920632839202881e-01 4.083201289176940918e-02 1.996233761310577393e-01 -1.231850683689117432e-01 5.153308510780334473e-01 -1.648068130016326904e-01 -1.244144514203071594e-01 2.902663350105285645e-01 3.972691297531127930e-01 -4.598071798682212830e-02 -5.265948176383972168e-01 1.949605643749237061e-01 1.358696967363357544e-01 -1.111324429512023926e-01 -2.933938801288604736e-01 -3.169544935226440430e-01 1.046881079673767090e-01 4.238626360893249512e-01 3.312230110168457031e-01 5.829747915267944336e-01 2.877506017684936523e-01 3.535777330398559570e-03 5.790145695209503174e-02 1.732146739959716797e-02 -3.266746178269386292e-02 1.902160048484802246e-02
-5.289907455444335938e-01 -1.747119277715682983e-01 6.724444776773452759e-02 -3.509821593761444092e-01 3.832226693630218506e-01 4.359167218208312988e-01 -2.245695292949676514e-01 -2.654501795768737793e-01 -2.400492727756500244e-01 8.279328942298889160e-01 -4.380247592926025391e-01 -2.231813371181488037e-01 -6.702649593353271484e-02 6.447618007659912109e-01 -3.885402530431747437e-02 -1.868098080158233643e-01 2.845650017261505127e-01 2.479090914130210876e-02 -1.783635467290878296e-01 3.353557288646697998e-01 2.028344273567199707e-01 2.390931844711303711e-01 -4.944068789482116699e-01 8.450977504253387451e-02 3.695851862430572510e-01 -1.954679489135742188e-01 -1.218302100896835327e-01 -3.853964433073997498e-02 5.514895170927047729e-02 5.963331833481788635e-02 4.936226010322570801e-01 5.916668176651000977e-01 1.609421670436859131e-01 3.446441888809204102e-02 -6.197443008422851562e-01 4.675161242485046387e-01 1.277705430984497070e-01 1.442806273698806763e-01 3.241866827011108398e-03 1.744066625833511353e-01 1.575714647769927979e-01 -2.279219031333923340e-02 5.604121088981628418e-01 -3.614848554134368896e-01 -3.398424983024597168e-01 4.049297571182250977e-01 4.688696861267089844e-01 1.016904786229133606e-01 -5.629664659500122070e-01 2.686792910099029541e-01 1.201234757900238037e-02 2.053149044513702393e-02 -9.823888540267944336e-02 -1.263042390346527100e-01 1.860051900148391724e-01 3.621772229671478271e-01 1.452364176511764526e-01 4.116702377796173096e-01 5.196397900581359863e-01 -7.118114829063415527e-02 1.651315242052078247e-01 1.159766167402267456e-01 -5.492499098181724548e-03 -4.317125305533409119e-02
-5.674354434013366699e-01 -1.632381677627563477e-01 -1.171241998672485352e-01 -3.935087919235229492e-01 3.593321740627288818e-01 4.303759336471557617e-01 -2.868182957172393799e-03 -2.803073227405548096e-01 -2.144801765680313110e-01 5.693338513374328613e-01 -5.482107400894165039e-01 -2.777209132909774780e-02 -2.845966219902038574e-01 5.692681670188903809e-01 6.973081827163696289e-02 -3.389190137386322021e-01 1.469860076904296875e-01 -1.237454637885093689e-02 -1.153691858053207397e-01 4.545830488204956055e-01 -1.333978474140167236e-01 1.113863475620746613e-02 -3.107126355171203613e-01 1.720522642135620117e-01 3.640480041503906250e-01 -3.584499359130859375e-01 -2.914789132773876190e-02 6.471807509660720825e-02 2.214327156543731689e-01 -5.464643239974975586e-02 5.126121640205383301e-01 5.276233553886413574e-01 1.679789125919342041e-01 7.876858115196228027e-03 -4.273749291896820068e-01 5.172312855720520020e-01 3.130725622177124023e-01 -2.181940339505672455e-02 -9.069567918777465820e-02 3.580663725733757019e-02 3.758847415447235107e-01 -1.557613015174865723e-01 6.609058380126953125e-01 -1.820644438266754150e-01 -1.371381580829620361e-01 3.692838549613952637e-01 3.817459046840667725e-01 2.178254425525665283e-01 -5.951381921768188477e-01 3.403047919273376465e-01 1.780205219984054565e-01 -7.956196367740631104e-02 -1.909262090921401978e-01 -1.789025664329528809e-01 1.157935112714767456e-01 4.522917866706848145e-01 5.660155415534973145e-01 6.914268732070922852e-01 2.826105952262878418e-01 4.235161095857620239e-02 -7.792148739099502563e-02 -1.011008396744728088e-01 -3.425689414143562317e-03 1.213535666465759277e-02
-7.950649261474609375e-01 -2.681983709335327148e-01 -7.245405763387680054e-02 -3.419466614723205566e-01 4.048369824886322021e-01 5.778243541717529297e-01 -1.597853302955627441e-01 -3.506481051445007324e-01 -1.016501635313034058e-01 6.647991538047790527e-01 -6.550886631011962891e-01 1.373900771141052246e-01 -6.533631682395935059e-02 5.206273794174194336e-01 9.980754554271697998e-02 -2.667998969554901123e-01 1.677660495042800903e-01 -6.796742975711822510e-02 -5.394329130649566650e-02 6.068720817565917969e-01 2.405108511447906494e-02 -8.316975831985473633e-02 -4.674831330776214600e-01 1.219339966773986816e-01 4.039139151573181152e-01 -2.135067433118820190e-01 -2.641564421355724335e-02 1.367712020874023438e-01 -1.466707512736320496e-02 -1.752104461193084717e-01 4.558969140052795410e-01 4.590822160243988037e-01 4.968424439430236816e-01 5.456149578094482422e-02 -3.933005034923553467e-01 5.717156529426574707e-01 2.123039960861206055e-01 9.904655814170837402e-02 -1.830680668354034424e-01 1.685612648725509644e-01 -5.477914959192276001e-02 -1.394571959972381592e-01 9.347959756851196289e-01 3.148502111434936523e-02 -1.095277518033981323e-01 3.880582451820373535e-01 3.424217402935028076e-01 3.882297128438949585e-02 -4.747247695922851562e-01 3.491397798061370850e-01 9.459248185157775879e-02 2.412386611104011536e-02 -1.262909770011901855e-01 -5.879919975996017456e-02 2.339253574609756470e-02 4.289551079273223877e-01 4.481302797794342041e-01 6.434379220008850098e-01 1.504759788513183594e-01 1.192392483353614807e-01 9.930627048015594482e-02 1.010497361421585083e-01 6.035381928086280823e-02 -1.857172995805740356e-01
-3.904470205307006836e-01 -9.000576287508010864e-02 2.953102588653564453e-01 -2.724461555480957031e-01 4.878662526607513428e-01 2.532911896705627441e-01 -1.221818923950195312e-01 -2.080977857112884521e-01 -3.891703188419342041e-01 1.038656711578369141e+00 -5.547338128089904785e-01 5.134115368127822876e-02 5.733380466699600220e-02 4.805739820003509521e-01 -1.257552951574325562e-02 -4.668422788381576538e-02 4.849783182144165039e-01 4.078591465950012207e-01 -2.303023189306259155e-01 1.949371099472045898e-01 3.894091844558715820e-01 4.139636158943176270e-01 -6.302341222763061523e-01 -1.825867593288421631e-01 5.023200511932373047e-01 -1.626535952091217041e-01 -2.294065803289413452e-01 -1.651704013347625732e-01 -3.132554516196250916e-02 1.457626521587371826e-01 3.035278320312500000e-01 5.402864813804626465e-01 2.943865358829498291e-01 -6.426221132278442383e-02 -5.082817077636718750e-01 3.612284660339355469e-01 3.210863173007965088e-01 5.052570700645446777e-01 -1.601443588733673096e-01 2.746656239032745361e-01 -1.974045932292938232e-01 1.379175931215286255e-01 7.380601018667221069e-02 -5.077611207962036133e-01 -5.968964099884033203e-01 5.150668025016784668e-01 6.375117897987365723e-01 -2.152608633041381836e-01 -3.016391098499298096e-01 2.519774734973907471e-01 1.399217993021011353e-01 2.080563753843307495e-01 -3.848101198673248291e-01 -4.216957986354827881e-01 4.540045857429504395e-01 1.895342469215393066e-01 -2.115924954414367676e-01 2.821555435657501221e-01 8.865907788276672363e-01 3.016608208417892456e-02 1.717005372047424316e-01 6.215249001979827881e-02 4.929172806441783905e-03 2.519260905683040619e-02
-4.851283431053161621e-01 -9.658679366111755371e-02 1.941023468971252441e-01 -2.306289672851562500e-01 5.989438295364379883e-01 2.823059260845184326e-01 -1.078938543796539307e-01 -2.249930500984191895e-01 -3.256695568561553955e-01 8.369209170341491699e-01 -5.679033398628234863e-01 8.511338382959365845e-02 -1.170558631420135498e-01 5.195735096931457520e-01 -4.629298299551010132e-02 -1.429502815008163452e-01 4.344023168087005615e-01 2.700477838516235352e-01 -2.387013286352157593e-01 2.773089706897735596e-01 1.765167862176895142e-01 1.369965970516204834e-01 -5.880427956581115723e-01 -2.574686706066131592e-01 4.747814834117889404e-01 -2.447458803653717041e-01 -2.405731528997421265e-01 -1.530133187770843506e-03 1.069206148386001587e-01 1.619433164596557617e-01 4.753910005092620850e-01 5.260362029075622559e-01 2.973651885986328125e-01 -1.513780057430267334e-01 -5.149704217910766602e-01 3.562070131301879883e-01 2.017877995967864990e-01 3.146384358406066895e-01 -3.799532651901245117e-01 2.829235196113586426e-01 -6.594631075859069824e-02 8.803273737430572510e-02 3.740394711494445801e-01 -3.936761915683746338e-01 -4.148238003253936768e-01 4.454350471496582031e-01 4.719768464565277100e-01 -1.921694278717041016e-01 -4.400992095470428467e-01 3.953700959682464600e-01 1.739457100629806519e-01 8.681923151016235352e-02 -4.123032093048095703e-01 -3.826907575130462646e-01 3.414768576622009277e-01 1.839354932308197021e-01 1.310632973909378052e-01 4.110166430473327637e-01 6.743910312652587891e-01 1.163802072405815125e-01 7.102655619382858276e-02 4.715630412101745605e-02 4.188305884599685669e-02 -1.677066460251808167e-02
-3.632101416587829590e-01 -1.132450327277183533e-01 -2.389675378799438477e-01 -2.911380529403686523e-01 2.435137927532196045e-01 4.203276932239532471e-01 1.098276823759078979e-01 -1.736951768398284912e-01 -3.178798556327819824e-01 5.441057085990905762e-01 -5.940648317337036133e-01 -1.031253561377525330e-01 -3.797575831413269043e-01 4.933967888355255127e-01 -9.428542107343673706e-02 -4.550928473472595215e-01 1.062806695699691772e-01 -5.928325280547142029e-02 -1.915368437767028809e-02 3.510903418064117432e-01 -1.145205944776535034e-01 2.177961170673370361e-01 -3.033753931522369385e-01 2.852437794208526611e-01 4.557099938392639160e-01 -2.683701813220977783e-01 -7.399491965770721436e-02 -1.479882895946502686e-01 2.835205793380737305e-01 -5.202466994524002075e-02 6.052405834197998047e-01 6.267964839935302734e-01 5.471069738268852234e-02 5.915738642215728760e-03 -2.618969976902008057e-01 6.201059818267822266e-01 2.457785904407501221e-01 1.847044937312602997e-02 1.012106239795684814e-02 -3.381775692105293274e-02 4.877734482288360596e-01 -2.381928861141204834e-01 5.090358853340148926e-01 -2.778709232807159424e-01 -1.241592690348625183e-03 2.526048421859741211e-01 4.520893692970275879e-01 3.182826340198516846e-01 -6.841406226158142090e-01 1.900015175342559814e-01 1.908885985612869263e-01 -2.270013391971588135e-01 -2.148258090019226074e-01 -1.815443933010101318e-01 2.259556800127029419e-01 4.964938163757324219e-01 3.544176816940307617e-01 5.830323696136474609e-01 1.712629199028015137e-01 -1.398035436868667603e-01 7.621699571609497070e-02 -2.214586585760116577e-01 -1.790304183959960938e-01 1.308117210865020752e-01
-4.726750254631042480e-01 -2.528676390647888184e-01 -4.042158424854278564e-01 -3.872049450874328613e-01 1.323305368423461914e-01 4.645467698574066162e-01 1.235343590378761292e-01 -3.152461051940917969e-01 -1.355355829000473022e-01 4.915226995944976807e-01 -6.086261272430419922e-01 -1.128341630101203918e-01 -3.852007985115051270e-01 3.657016158103942871e-01 -3.288297355175018311e-02 -2.737411856651306152e-01 -6.771555542945861816e-02 -2.860396355390548706e-02 -1.301898658275604248e-01 3.929301202297210693e-01 -8.509773015975952148e-02 1.020504087209701538e-01 -2.521276175975799561e-01 3.858924508094787598e-01 3.771004676818847656e-01 -1.676141917705535889e-01 4.578651860356330872e-02 -1.051699072122573853e-01 1.795339137315750122e-01 -1.046175360679626465e-01 5.530681014060974121e-01 5.631459355354309082e-01 1.229024082422256470e-01 -1.140276342630386353e-02 -2.097541987895965576e-01 6.468995809555053711e-01 3.627481162548065186e-01 -1.767451316118240356e-01 -7.130101323127746582e-03 -7.172939181327819824e-02 3.860996365547180176e-01 -3.361295461654663086e-01 7.478693127632141113e-01 -2.195596396923065186e-01 -5.896231159567832947e-03 2.205802053213119507e-01 4.020237922668457031e-01 4.740954339504241943e-01 -7.263887524604797363e-01 1.720042526721954346e-01 2.345091104507446289e-02 -1.371968686580657959e-01 -5.503842607140541077e-02 -1.319367289543151855e-01 6.607283651828765869e-02 5.962951779365539551e-01 4.625832140445709229e-01 5.702419877052307129e-01 3.487834334373474121e-02 -1.573760509490966797e-01 4.192712903022766113e-02 -1.691308319568634033e-01 8.224876224994659424e-02 1.090117692947387695e-01
-5.574839115142822266e-01 -8.185946196317672729e-02 2.764765918254852295e-01 -1.519477665424346924e-01 5.596817731857299805e-01 3.341196775436401367e-01 -1.995898187160491943e-01 -3.029811084270477295e-01 -1.813912242650985718e-01 9.396126866340637207e-01 -5.737267732620239258e-01 9.459280967712402344e-02 -3.418453037738800049e-03 5.769067406654357910e-01 -5.039501935243606567e-02 -1.702707707881927490e-01 4.540395438671112061e-01 3.386702239513397217e-01 -2.747130990028381348e-01 3.643161356449127197e-01 2.475397139787673950e-01 1.854016929864883423e-01 -7.705201506614685059e-01 -2.009385526180267334e-01 5.360160470008850098e-01 -1.952102184295654297e-01 -2.052177786827087402e-01 1.492025703191757202e-02 -8.791199326515197754e-02 2.267195731401443481e-01 4.280185103416442871e-01 4.172635376453399658e-01 2.728358805179595947e-01 -8.396185934543609619e-02 -5.762224197387695312e-01 3.667563796043395996e-01 2.396783828735351562e-01 3.970726132392883301e-01 -2.862267792224884033e-01 2.632896304130554199e-01 -5.742389708757400513e-02 2.151459269225597382e-02 4.043003916740417480e-01 -3.026246428489685059e-01 -4.212822020053863525e-01 4.509102702140808105e-01 4.422723352909088135e-01 -1.293305307626724243e-01 -3.583916127681732178e-01 3.454631865024566650e-01 5.000597238540649414e-02 1.339426487684249878e-01 -3.403999209403991699e-01 -3.431229293346405029e-01 2.684080600738525391e-01 2.580626606941223145e-01 -1.223776116967201233e-02 3.588255345821380615e-01 6.658748388290405273e-01 4.573082178831100464e-02 1.596544831991195679e-01 2.004889100790023804e-01 5.680855736136436462e-02 -2.679824084043502808e-02
-2.060550153255462646e-01 -8.978433907032012939e-02 -3.588311970233917236e-01 -3.207674324512481689e-01 6.867744028568267822e-02 3.511970341205596924e-01 2.494442760944366455e-01 -1.668004393577575684e-01 -9.155548363924026489e-02 6.804465055465698242e-01 -6.484216451644897461e-01 -1.535150110721588135e-01 -2.705211043357849121e-01 3.069266378879547119e-01 -1.506197452545166016e-01 -3.455293178558349609e-01 5.790492892265319824e-02 6.799672544002532959e-02 -2.044292241334915161e-01 1.692920476198196411e-01 3.544721379876136780e-02 5.018517374992370605e-01 -3.876640498638153076e-01 2.456361651420593262e-01 5.680093169212341309e-01 2.559341490268707275e-02 1.256898231804370880e-02 -3.468989431858062744e-01 2.388480156660079956e-01 3.926006704568862915e-02 4.931031465530395508e-01 5.660525560379028320e-01 -9.868693351745605469e-02 -8.426975458860397339e-02 -3.281049430370330811e-01 7.575956583023071289e-01 3.091338276863098145e-01 9.421559516340494156e-04 2.509096264839172363e-02 7.222579792141914368e-03 5.979452729225158691e-01 -2.670032680034637451e-01 2.856840193271636963e-01 -5.486290454864501953e-01 -2.422714419662952423e-02 2.593070268630981445e-01 5.184660553932189941e-01 5.263608098030090332e-01 -7.792328000068664551e-01 -1.289863884449005127e-02 -1.642164587974548340e-01 -3.445651531219482422e-01 -1.993244588375091553e-01 -2.570373415946960449e-01 1.811210066080093384e-01 5.858938694000244141e-01 1.381535828113555908e-01 3.512080013751983643e-01 2.128457725048065186e-01 -4.180532991886138916e-01 1.196832209825515747e-01 -2.118048071861267090e-01 -7.799173891544342041e-02 3.176330924034118652e-01
-2.354018390178680420e-01 -1.167406141757965088e-01 3.835670650005340576e-01 -3.111055791378021240e-01 5.314726829528808594e-01 6.648720800876617432e-02 -2.600982785224914551e-03 -1.843622922897338867e-01 -4.392065703868865967e-01 8.455039858818054199e-01 -5.436657667160034180e-01 9.604270011186599731e-02 8.514273166656494141e-02 3.406076431274414062e-01 -1.213151589035987854e-01 -8.910761028528213501e-02 5.856085419654846191e-01 4.828246533870697021e-01 -2.978603839874267578e-01 2.170073390007019043e-01 4.207713603973388672e-01 4.188441634178161621e-01 -5.747057795524597168e-01 -2.288777828216552734e-01 4.922158420085906982e-01 -2.364313006401062012e-01 -2.498648911714553833e-01 -3.182371854782104492e-01 1.437091380357742310e-01 2.694319188594818115e-01 2.917515933513641357e-01 5.289622545242309570e-01 2.267440706491470337e-01 -6.691496819257736206e-03 -3.407035470008850098e-01 3.270033001899719238e-01 3.396306931972503662e-01 6.133671402931213379e-01 -2.688559889793395996e-01 3.857237696647644043e-01 -1.292474269866943359e-01 9.962366521358489990e-02 1.261650025844573975e-02 -5.239510536193847656e-01 -5.967514514923095703e-01 5.616227984428405762e-01 6.171764731407165527e-01 -1.468381136655807495e-01 -3.028811812400817871e-01 2.314014434814453125e-01 1.207969635725021362e-01 1.405066400766372681e-01 -4.301680028438568115e-01 -4.908986389636993408e-01 6.760296225547790527e-01 2.420715987682342529e-01 -2.038855105638504028e-01 2.271822690963745117e-01 1.006609797477722168e+00 7.285634428262710571e-02 2.031419575214385986e-01 5.031432211399078369e-02 -1.009977236390113831e-01 1.391506195068359375e-01
-7.260863184928894043e-01 -1.263249814510345459e-01 1.714669167995452881e-02 -3.462185859680175781e-01 4.873728454113006592e-01 4.165061414241790771e-01 -1.906936466693878174e-01 -3.496682643890380859e-01 -1.573407649993896484e-01 8.369309306144714355e-01 -6.852744817733764648e-01 1.469437181949615479e-01 4.578969627618789673e-02 5.794555544853210449e-01 2.633199095726013184e-02 -2.094628661870956421e-01 1.791628152132034302e-01 1.088264435529708862e-01 -9.106196463108062744e-02 5.132978558540344238e-01 1.333816647529602051e-01 3.644481673836708069e-02 -6.216176152229309082e-01 9.544670581817626953e-03 5.301675200462341309e-01 -1.982465982437133789e-01 -3.445142135024070740e-02 7.315508276224136353e-02 3.722867369651794434e-02 -1.036252826452255249e-02 4.151717722415924072e-01 4.599820673465728760e-01 3.844532668590545654e-01 -4.803792387247085571e-02 -5.339239835739135742e-01 5.647116899490356445e-01 1.856948435306549072e-01 1.431626528501510620e-01 -2.261747419834136963e-01 1.512586176395416260e-01 -4.204660654067993164e-03 -1.899916306138038635e-02 6.254726052284240723e-01 -1.775198578834533691e-01 -2.359288036823272705e-01 3.451440930366516113e-01 4.452014863491058350e-01 -9.387482702732086182e-02 -4.902658760547637939e-01 2.724978327751159668e-01 9.262387454509735107e-02 7.009921595454216003e-03 -2.526915669441223145e-01 -2.688633799552917480e-01 8.862298727035522461e-02 3.892456889152526855e-01 2.773962914943695068e-01 5.009921789169311523e-01 3.635157942771911621e-01 5.753976851701736450e-02 7.502293586730957031e-02 4.691652953624725342e-02 1.485268119722604752e-02 -1.421354264020919800e-01
-8.556005358695983887e-01 -1.274598389863967896e-01 8.803490549325942993e-02 -3.340092897415161133e-01 4.765715301036834717e-01 4.621783792972564697e-01 -2.001719772815704346e-01 -3.755335211753845215e-01 -1.812569350004196167e-01 7.044664025306701660e-01 -5.653980970382690430e-01 1.614265739917755127e-01 -9.474961459636688232e-02 6.881397962570190430e-01 3.654830530285835266e-02 -1.839514076709747314e-01 2.222206890583038330e-01 7.777267694473266602e-02 -1.394495964050292969e-01 5.024101138114929199e-01 6.811907887458801270e-02 -1.316290944814682007e-01 -5.433709025382995605e-01 -1.293899863958358765e-02 3.999180495738983154e-01 -2.797797322273254395e-01 -9.652207791805267334e-02 2.502712607383728027e-01 3.992008417844772339e-02 3.465330600738525391e-02 4.923544526100158691e-01 5.042064189910888672e-01 4.466862678527832031e-01 -7.949293404817581177e-02 -5.277446508407592773e-01 4.140725135803222656e-01 2.200983166694641113e-01 9.454949200153350830e-02 -2.812906205654144287e-01 1.349016129970550537e-01 -2.257185801863670349e-02 -5.458676815032958984e-02 7.749771475791931152e-01 -3.924398124217987061e-02 -2.482030689716339111e-01 3.878403902053833008e-01 3.383340239524841309e-01 -5.887143313884735107e-02 -3.734191656112670898e-01 4.148171842098236084e-01 1.817934066057205200e-01 6.619901955127716064e-02 -2.188397347927093506e-01 -2.221483886241912842e-01 2.230513095855712891e-02 3.113574087619781494e-01 4.295151829719543457e-01 6.749270558357238770e-01 3.401778936386108398e-01 1.873344480991363525e-01 -1.588148064911365509e-03 5.423401296138763428e-02 1.258156001567840576e-01 -1.237227469682693481e-01
-5.169084668159484863e-01 -8.843795955181121826e-02 2.282679975032806396e-01 -2.103019356727600098e-01 5.911974906921386719e-01 3.031715154647827148e-01 -1.614858210086822510e-01 -2.443636357784271240e-01 -2.284552752971649170e-01 8.490085005760192871e-01 -5.741606950759887695e-01 8.038327097892761230e-02 -5.177588015794754028e-02 5.889477133750915527e-01 -2.523437142372131348e-02 -2.416711151599884033e-01 4.550047516822814941e-01 2.352403700351715088e-01 -2.337593287229537964e-01 4.259515404701232910e-01 1.352103799581527710e-01 1.362323015928268433e-01 -6.423562169075012207e-01 -2.118171453475952148e-01 4.876461923122406006e-01 -2.565283775329589844e-01 -1.915675997734069824e-01 2.428046613931655884e-02 4.109049215912818909e-02 1.604912281036376953e-01 4.690747857093811035e-01 4.773567020893096924e-01 3.048339486122131348e-01 -6.269568949937820435e-02 -5.360645055770874023e-01 3.807321190834045410e-01 1.968334317207336426e-01 3.620930314064025879e-01 -3.129296302795410156e-01 2.896719276905059814e-01 3.301782533526420593e-02 2.245851047337055206e-02 4.684797525405883789e-01 -3.042685091495513916e-01 -4.055190682411193848e-01 4.645422101020812988e-01 4.038484692573547363e-01 -8.873663097620010376e-02 -4.010398089885711670e-01 3.927782773971557617e-01 1.172084361314773560e-01 7.598660886287689209e-02 -3.118872046470642090e-01 -3.027634024620056152e-01 2.585216760635375977e-01 2.685374617576599121e-01 1.667278409004211426e-01 4.386703968048095703e-01 6.145618557929992676e-01 1.388908028602600098e-01 1.053013876080513000e-01 1.152376830577850342e-01 -1.928098127245903015e-02 -3.454684093594551086e-02
-7.604582905769348145e-01 -1.261694133281707764e-01 8.786908537149429321e-02 -3.302132487297058105e-01 4.414695203304290771e-01 5.062639117240905762e-01 -2.164197862148284912e-01 -3.311615586280822754e-01 -2.288643717765808105e-01 7.953991293907165527e-01 -5.745044946670532227e-01 7.527543604373931885e-02 -2.831992506980895996e-02 6.560581922531127930e-01 3.950724378228187561e-02 -1.996384710073471069e-01 2.015754133462905884e-01 4.208330437541007996e-02 -1.280573755502700806e-01 4.341729581356048584e-01 8.527614921331405640e-02 2.584674768149852753e-02 -5.528388023376464844e-01 3.589607402682304382e-02 4.271717369556427002e-01 -2.392954826354980469e-01 -1.028362214565277100e-01 7.962621003389358521e-02 4.164524376392364502e-02 4.767276346683502197e-03 4.506198465824127197e-01 5.184308290481567383e-01 3.949956595897674561e-01 8.492112159729003906e-03 -6.015261411666870117e-01 4.652715325355529785e-01 1.828725636005401611e-01 1.611764132976531982e-01 -1.694467067718505859e-01 1.205313503742218018e-01 -2.086806297302246094e-02 -2.974927984178066254e-02 6.617866754531860352e-01 -1.750186085700988770e-01 -2.108677923679351807e-01 3.686778545379638672e-01 4.151602387428283691e-01 -3.583639487624168396e-02 -4.687378704547882080e-01 3.710785508155822754e-01 1.131976544857025146e-01 -2.132209949195384979e-03 -2.830391228199005127e-01 -1.356749236583709717e-01 7.635976374149322510e-02 3.735490143299102783e-01 2.624088823795318604e-01 5.547853112220764160e-01 4.046403467655181885e-01 1.358609646558761597e-02 7.783845067024230957e-02 1.114044189453125000e-01 5.186693742871284485e-02 -1.197960078716278076e-01
-7.585540413856506348e-01 -1.497928500175476074e-01 1.780487000942230225e-01 -2.826049029827117920e-01 4.751630723476409912e-01 5.294865369796752930e-01 -2.947435081005096436e-01 -3.654526472091674805e-01 -1.152998059988021851e-01 8.634712696075439453e-01 -5.486395359039306641e-01 -4.545532166957855225e-03 3.954555839300155640e-03 6.834713816642761230e-01 -1.881393045186996460e-02 -1.555078029632568359e-01 3.121823668479919434e-01 5.286189541220664978e-02 -1.910885721445083618e-01 4.910155832767486572e-01 1.730159670114517212e-01 6.054778024554252625e-02 -6.619032025337219238e-01 5.948386341333389282e-02 3.703805506229400635e-01 -2.465499490499496460e-01 -9.964773803949356079e-02 1.600812375545501709e-01 -8.417543768882751465e-02 4.692736268043518066e-02 4.699629545211791992e-01 5.035353899002075195e-01 3.218294084072113037e-01 5.051828175783157349e-02 -6.227580308914184570e-01 4.629779458045959473e-01 1.253457367420196533e-01 1.960607618093490601e-01 -1.074470728635787964e-01 1.770769953727722168e-01 -2.024162933230400085e-02 -4.398553445935249329e-02 6.972051858901977539e-01 -7.664820551872253418e-02 -2.624708414077758789e-01 3.842903375625610352e-01 3.960573673248291016e-01 -2.393542230129241943e-02 -4.282535612583160400e-01 3.074759542942047119e-01 6.216047704219818115e-02 1.499165296554565430e-01 -1.187527477741241455e-01 -1.436001062393188477e-01 1.077013015747070312e-01 2.811334729194641113e-01 2.295984774827957153e-01 5.101913809776306152e-01 4.624536037445068359e-01 9.495634585618972778e-02 1.464768201112747192e-01 2.082125991582870483e-01 7.507026940584182739e-02 -1.480357199907302856e-01
-5.185981988906860352e-01 8.645072579383850098e-03 -2.416326105594635010e-01 -3.256484568119049072e-01 3.099728524684906006e-01 4.131838977336883545e-01 -2.324044704437255859e-02 -2.941825985908508301e-01 -2.636865675449371338e-01 6.652020812034606934e-01 -5.589215755462646484e-01 -8.849445730447769165e-02 -2.407440096139907837e-01 6.147069931030273438e-01 1.957595348358154297e-03 -3.375837504863739014e-01 3.849311918020248413e-02 -1.382771879434585571e-03 -8.428804576396942139e-02 2.756268382072448730e-01 -5.567407608032226562e-02 2.637088000774383545e-01 -3.709455728530883789e-01 2.159642875194549561e-01 5.339968800544738770e-01 -2.235024571418762207e-01 -8.756991010159254074e-04 -7.473804056644439697e-02 2.043329477310180664e-01 -2.997112274169921875e-02 5.598912239074707031e-01 6.252704262733459473e-01 1.458415687084197998e-01 -1.156434342265129089e-01 -4.500780999660491943e-01 5.705919861793518066e-01 2.907707989215850830e-01 -3.274573013186454773e-02 -3.945433348417282104e-02 1.934185624122619629e-03 4.332832396030426025e-01 -1.583410352468490601e-01 4.657191634178161621e-01 -3.704622685909271240e-01 -1.453899592161178589e-01 3.012811541557312012e-01 4.952141940593719482e-01 2.478406429290771484e-01 -6.260275244712829590e-01 2.113664448261260986e-01 1.041922271251678467e-01 -2.300301790237426758e-01 -2.086132764816284180e-01 -2.777118682861328125e-01 1.023220419883728027e-01 5.116690397262573242e-01 3.021573126316070557e-01 5.556656718254089355e-01 2.162660956382751465e-01 -1.591095626354217529e-01 -3.553182817995548248e-03 -2.570318281650543213e-01 -1.062823608517646790e-01 8.124398067593574524e-03
-3.549091815948486328e-01 -1.371649801731109619e-01 2.683235406875610352e-01 -2.076651155948638916e-01 5.121262073516845703e-01 2.349338978528976440e-01 -8.218742907047271729e-02 -1.923673003911972046e-01 -2.580792307853698730e-01 9.361217617988586426e-01 -5.631640553474426270e-01 8.022297173738479614e-02 1.435919292271137238e-02 3.995913565158843994e-01 -1.155928596854209900e-01 -7.160895317792892456e-02 5.461933612823486328e-01 3.845559358596801758e-01 -2.856501936912536621e-01 2.143310159444808960e-01 4.831525087356567383e-01 3.610754311084747314e-01 -7.605842351913452148e-01 -2.660045325756072998e-01 5.271190404891967773e-01 -7.683849334716796875e-02 -2.595917284488677979e-01 -1.219913735985755920e-01 -1.068298369646072388e-01 1.954322159290313721e-01 3.751275837421417236e-01 5.205628871917724609e-01 2.886782288551330566e-01 -1.420114636421203613e-01 -4.553341567516326904e-01 4.198654890060424805e-01 2.823931872844696045e-01 4.422559142112731934e-01 -3.112612962722778320e-01 3.728272914886474609e-01 -1.966926455497741699e-01 5.018393695354461670e-02 2.154673337936401367e-01 -4.380384981632232666e-01 -5.554157495498657227e-01 4.583950042724609375e-01 5.304362773895263672e-01 -1.393600553274154663e-01 -3.313881754875183105e-01 2.328535020351409912e-01 2.394283562898635864e-02 1.784449219703674316e-01 -3.329664468765258789e-01 -4.633387327194213867e-01 4.462366700172424316e-01 1.920848935842514038e-01 -1.878118515014648438e-01 2.345937788486480713e-01 8.230761885643005371e-01 -6.487317383289337158e-03 2.687955796718597412e-01 1.989650577306747437e-01 9.973013401031494141e-02 6.397484242916107178e-02
-4.623678028583526611e-01 -2.265325337648391724e-01 -1.997936069965362549e-01 -3.047387003898620605e-01 2.881090342998504639e-01 5.726783275604248047e-01 4.251019656658172607e-02 -2.236058115959167480e-01 -2.488459646701812744e-01 4.736641645431518555e-01 -5.256637930870056152e-01 -1.825442612171173096e-01 -4.753484725952148438e-01 4.637964665889739990e-01 4.948438704013824463e-02 -3.749305009841918945e-01 1.147716790437698364e-01 -8.326803892850875854e-02 -1.050502806901931763e-01 4.259843528270721436e-01 -1.645310968160629272e-01 3.928271308541297913e-02 -2.606575787067413330e-01 2.894181311130523682e-01 2.337139993906021118e-01 -2.363824397325515747e-01 -9.605453908443450928e-02 5.096095055341720581e-02 1.760414987802505493e-01 -1.534757167100906372e-01 5.978392958641052246e-01 5.448037385940551758e-01 1.628985404968261719e-01 -3.947127610445022583e-02 -2.494343221187591553e-01 5.000618100166320801e-01 3.617157340049743652e-01 -1.268298923969268799e-01 -6.922341883182525635e-02 6.575174629688262939e-04 3.407856822013854980e-01 -1.967729330062866211e-01 8.294421434402465820e-01 -1.743915677070617676e-01 -1.440975368022918701e-01 2.525322437286376953e-01 3.955726921558380127e-01 3.551383614540100098e-01 -6.748950481414794922e-01 3.429770767688751221e-01 1.471068710088729858e-01 -5.725811421871185303e-02 -1.578108668327331543e-01 -1.433595120906829834e-01 1.810550242662429810e-01 4.782658815383911133e-01 4.663005173206329346e-01 6.032684445381164551e-01 1.263853162527084351e-01 -9.051568806171417236e-03 3.384239599108695984e-02 -1.009460240602493286e-01 1.050018593668937683e-01 -2.867808565497398376e-02
-7.065168023109436035e-01 -2.143180072307586670e-01 3.613020479679107666e-01 -2.986291646957397461e-01 5.360587835311889648e-01 3.876914381980895996e-01 -2.997323870658874512e-01 -3.140670657157897949e-01 -1.985157579183578491e-01 9.514958262443542480e-01 -5.777038335800170898e-01 9.426383674144744873e-02 1.471821665763854980e-01 6.004348993301391602e-01 -1.172926276922225952e-02 -5.950344353914260864e-02 4.229887127876281738e-01 2.395663559436798096e-01 -1.469553411006927490e-01 5.269022583961486816e-01 4.371492266654968262e-01 3.588595241308212280e-02 -7.266757488250732422e-01 -1.082473769783973694e-01 4.102663397789001465e-01 -1.560439318418502808e-01 -2.126991599798202515e-01 9.264769405126571655e-02 -1.495412290096282959e-01 6.237391009926795959e-02 3.826549649238586426e-01 4.300378262996673584e-01 4.277982115745544434e-01 1.600555330514907837e-02 -6.253684759140014648e-01 4.430505633354187012e-01 1.690375804901123047e-01 2.839233577251434326e-01 -2.406380921602249146e-01 2.037292718887329102e-01 -2.746814787387847900e-01 2.988401614129543304e-02 5.425962209701538086e-01 -1.668259203433990479e-01 -4.017173349857330322e-01 3.294064402580261230e-01 4.500898122787475586e-01 -2.652972638607025146e-01 -3.377568721771240234e-01 2.982774078845977783e-01 5.457600951194763184e-02 2.258255481719970703e-01 -1.961123645305633545e-01 -2.678410112857818604e-01 1.480509489774703979e-01 1.889299601316452026e-01 6.664006412029266357e-02 3.600426316261291504e-01 5.626631975173950195e-01 1.082664802670478821e-01 1.941795647144317627e-01 3.460108637809753418e-01 1.314078867435455322e-01 -1.655645370483398438e-01
-3.817421793937683105e-01 -5.815864726901054382e-02 -2.188837528228759766e-01 -2.078785896301269531e-01 3.542001545429229736e-01 3.361147642135620117e-01 1.237260624766349792e-01 -2.216597050428390503e-01 -1.689639836549758911e-01 6.178484559059143066e-01 -6.677283048629760742e-01 -1.307398080825805664e-02 -3.010800480842590332e-01 4.139811694622039795e-01 -1.398606598377227783e-01 -3.480296730995178223e-01 1.278174370527267456e-01 1.590205729007720947e-01 -2.273347824811935425e-01 2.426449060440063477e-01 -2.094205468893051147e-02 3.135084509849548340e-01 -5.015526413917541504e-01 8.136770129203796387e-02 5.327688455581665039e-01 -1.499202698469161987e-01 -4.704076051712036133e-02 -1.064564883708953857e-01 1.277702301740646362e-01 7.679054886102676392e-02 5.480149388313293457e-01 5.351145863533020020e-01 8.046338707208633423e-02 -1.373071223497390747e-01 -3.396432399749755859e-01 5.592329502105712891e-01 3.715668022632598877e-01 2.369173429906368256e-02 -1.966606676578521729e-01 1.078955233097076416e-01 4.385080337524414062e-01 -2.422453463077545166e-01 4.362874627113342285e-01 -3.695133328437805176e-01 -1.275965720415115356e-01 3.366407155990600586e-01 4.409949183464050293e-01 3.451516330242156982e-01 -6.226316094398498535e-01 1.473674774169921875e-01 2.542808651924133301e-03 -1.974508613348007202e-01 -2.611501812934875488e-01 -4.081569314002990723e-01 2.910581827163696289e-01 4.477939605712890625e-01 2.392744868993759155e-01 4.321555793285369873e-01 3.240395784378051758e-01 -2.099197953939437866e-01 7.337573170661926270e-02 -1.831719130277633667e-01 -1.920133084058761597e-02 1.657568216323852539e-01
-5.473166704177856445e-01 -2.150205373764038086e-01 -6.581538915634155273e-02 -3.879978656768798828e-01 3.628758490085601807e-01 5.092621445655822754e-01 -2.483226358890533447e-03 -2.455968856811523438e-01 -2.009561359882354736e-01 5.812949538230895996e-01 -5.594464540481567383e-01 -7.681769877672195435e-02 -3.366432189941406250e-01 4.837572872638702393e-01 -1.636962592601776123e-02 -3.871332406997680664e-01 1.544274836778640747e-01 -3.722004592418670654e-02 -1.532680839300155640e-01 5.426762104034423828e-01 -1.159582287073135376e-02 -6.453496217727661133e-02 -3.281101882457733154e-01 2.620398998260498047e-01 2.891616523265838623e-01 -3.142490386962890625e-01 -6.260789930820465088e-02 1.080796197056770325e-01 1.663074940443038940e-01 -1.186724752187728882e-01 5.689975023269653320e-01 5.345639586448669434e-01 2.007705122232437134e-01 -4.276093840599060059e-02 -2.682622373104095459e-01 4.794153571128845215e-01 3.720547556877136230e-01 1.906966976821422577e-02 -7.577794045209884644e-02 1.802193745970726013e-02 2.292068302631378174e-01 -1.218538209795951843e-01 8.151400089263916016e-01 -6.694801151752471924e-02 -2.205474078655242920e-01 3.100131154060363770e-01 3.544543385505676270e-01 2.653610706329345703e-01 -5.932754874229431152e-01 3.863640725612640381e-01 1.496476233005523682e-01 7.603941857814788818e-02 -7.944034039974212646e-02 -1.752209961414337158e-01 2.317841500043869019e-01 4.482966065406799316e-01 5.065802335739135742e-01 6.284428834915161133e-01 2.660127282142639160e-01 1.479791104793548584e-01 -1.076946500688791275e-02 -1.660932600498199463e-02 9.585238993167877197e-02 -8.324278891086578369e-02
-5.330348610877990723e-01 -2.343712002038955688e-01 -1.715196073055267334e-01 -3.535872399806976318e-01 3.853152692317962646e-01 4.494777023792266846e-01 2.844706177711486816e-03 -4.422854185104370117e-01 -8.426611125469207764e-02 4.302707910537719727e-01 -6.329387426376342773e-01 -6.157159060239791870e-02 -3.064925074577331543e-01 4.375105798244476318e-01 9.143060445785522461e-02 -3.847253620624542236e-01 1.022316142916679382e-01 3.325157985091209412e-02 -2.145761698484420776e-01 5.915611386299133301e-01 -2.012046724557876587e-01 -3.607136383652687073e-02 -2.443849742412567139e-01 2.787351012229919434e-01 3.021048307418823242e-01 -4.014106094837188721e-01 3.192301839590072632e-02 6.735069304704666138e-02 2.179809361696243286e-01 -4.208853840827941895e-02 4.762862026691436768e-01 4.661705493927001953e-01 2.323667854070663452e-01 8.242579549551010132e-02 -1.456053406000137329e-01 5.092436075210571289e-01 3.696699738502502441e-01 -4.883930087089538574e-02 -1.480631828308105469e-01 -1.847014948725700378e-02 3.651158511638641357e-01 -2.655483484268188477e-01 8.071210980415344238e-01 -9.308326244354248047e-02 -1.369417011737823486e-01 4.049644470214843750e-01 2.889816164970397949e-01 2.744482755661010742e-01 -5.715001225471496582e-01 3.496265709400177002e-01 7.094450294971466064e-02 1.696656830608844757e-02 -1.217747628688812256e-01 -9.091549366712570190e-02 1.695799678564071655e-01 5.894473791122436523e-01 5.598934888839721680e-01 6.621013879776000977e-01 1.291444897651672363e-01 1.165401116013526917e-01 -6.427937746047973633e-02 -4.953021556138992310e-02 -1.765856146812438965e-02 3.285233676433563232e-02
-5.676087737083435059e-02 -2.680537104606628418e-01 -5.000515580177307129e-01 -4.413233995437622070e-01 -2.708660960197448730e-01 3.221389651298522949e-01 3.284395039081573486e-01 -1.297773867845535278e-01 -2.251375019550323486e-01 3.019581437110900879e-01 -5.752656459808349609e-01 -3.174277245998382568e-01 -4.895036220550537109e-01 3.087335824966430664e-01 -1.735610961914062500e-01 -4.343851804733276367e-01 -5.981849506497383118e-03 8.846435695886611938e-03 -5.355206131935119629e-02 5.086491107940673828e-01 -1.476956009864807129e-01 3.211776614189147949e-01 -1.578949391841888428e-03 7.330495119094848633e-01 3.422851264476776123e-01 -1.299998611211776733e-01 5.236236006021499634e-02 -4.948922097682952881e-01 3.656702339649200439e-01 -6.718172132968902588e-02 5.122873783111572266e-01 6.199724674224853516e-01 -2.523817121982574463e-01 3.027952313423156738e-01 -7.116252183914184570e-02 5.995099544525146484e-01 3.309514224529266357e-01 -1.606808304786682129e-01 3.922234773635864258e-01 -2.702922821044921875e-01 8.153674602508544922e-01 -4.207140207290649414e-01 5.470443367958068848e-01 -3.286835253238677979e-01 1.606422960758209229e-01 1.164049357175827026e-01 5.504942536354064941e-01 7.967820167541503906e-01 -7.918875217437744141e-01 2.880498766899108887e-03 -1.091005653142929077e-01 -2.863602936267852783e-01 1.150735318660736084e-01 6.949203461408615112e-02 1.146136373281478882e-01 6.985888481140136719e-01 3.923723995685577393e-01 4.356055557727813721e-01 4.631543159484863281e-02 -2.505958974361419678e-01 8.200588822364807129e-02 -2.870126068592071533e-01 -1.471136659383773804e-01 3.429786860942840576e-01
-4.783783555030822754e-01 -5.103024095296859741e-02 3.135482370853424072e-01 -3.306806087493896484e-01 5.083482265472412109e-01 3.956862688064575195e-01 -1.612137258052825928e-01 -2.418139725923538208e-01 -1.403618454933166504e-01 7.681115865707397461e-01 -6.511572599411010742e-01 1.476770639419555664e-02 1.126331761479377747e-01 5.123913288116455078e-01 -1.087794676423072815e-01 -2.594709396362304688e-01 4.638339281082153320e-01 2.161445319652557373e-01 -2.919612526893615723e-01 5.054574608802795410e-01 3.224640190601348877e-01 1.561139374971389771e-01 -6.699429154396057129e-01 -4.069933295249938965e-02 3.657585680484771729e-01 -2.269026488065719604e-01 -2.173723578453063965e-01 4.043760150671005249e-02 2.961613237857818604e-03 4.165556281805038452e-03 4.122017920017242432e-01 5.541803836822509766e-01 3.446026444435119629e-01 -2.352721616625785828e-02 -5.004404783248901367e-01 3.449014723300933838e-01 1.533035039901733398e-01 2.964361906051635742e-01 -2.509081661701202393e-01 3.209046721458435059e-01 -7.913263887166976929e-02 7.898254692554473877e-02 5.204051136970520020e-01 -2.919450104236602783e-01 -3.957407474517822266e-01 4.589755535125732422e-01 4.690489470958709717e-01 -5.957089364528656006e-03 -4.542752504348754883e-01 3.977988362312316895e-01 9.994640946388244629e-03 1.448527723550796509e-01 -2.362443208694458008e-01 -2.451708018779754639e-01 4.416659474372863770e-01 3.150552511215209961e-01 9.163768589496612549e-02 3.088012933731079102e-01 6.319733858108520508e-01 6.282835453748703003e-02 8.694159239530563354e-02 2.001298516988754272e-01 4.632769525051116943e-02 -1.136069148778915405e-01
-6.387819051742553711e-01 -2.290501445531845093e-02 1.031088754534721375e-01 -2.638257145881652832e-01 4.211684167385101318e-01 4.139490127563476562e-01 -2.053338289260864258e-01 -3.225150108337402344e-01 -2.096758186817169189e-01 8.788850903511047363e-01 -5.392086505889892578e-01 -1.020658761262893677e-02 -4.019725322723388672e-02 6.530127525329589844e-01 -2.087172120809555054e-02 -1.972107142210006714e-01 2.500553429126739502e-01 1.050509959459304810e-01 -1.738218218088150024e-01 3.008460700511932373e-01 1.135444864630699158e-01 1.836898028850555420e-01 -6.097382903099060059e-01 6.063871085643768311e-03 5.188080668449401855e-01 -2.032195031642913818e-01 -9.736952185630798340e-02 -6.090660765767097473e-02 9.644863009452819824e-02 1.541723161935806274e-01 4.664407074451446533e-01 5.012304782867431641e-01 2.236168384552001953e-01 -6.588059663772583008e-02 -6.024044752120971680e-01 4.957959055900573730e-01 1.590269804000854492e-01 2.525698840618133545e-01 -1.524946987628936768e-01 1.416814178228378296e-01 1.152837648987770081e-01 -1.799362525343894958e-02 4.767147302627563477e-01 -3.498902618885040283e-01 -2.462287843227386475e-01 3.400257229804992676e-01 4.774202108383178711e-01 1.796528697013854980e-03 -5.348125696182250977e-01 2.937910854816436768e-01 4.362358152866363525e-02 -6.392280757427215576e-02 -3.124385178089141846e-01 -1.808287799358367920e-01 1.408167779445648193e-01 3.633626699447631836e-01 9.960874915122985840e-02 4.484377503395080566e-01 4.661972820758819580e-01 -5.133951827883720398e-02 1.617669612169265747e-01 3.430734574794769287e-02 -1.021751202642917633e-02 -5.035376921296119690e-02
-6.314745545387268066e-01 8.088730275630950928e-03 7.772476226091384888e-02 -2.848360836505889893e-01 4.417681992053985596e-01 3.826835751533508301e-01 -1.599647998809814453e-01 -3.023330271244049072e-01 -2.255814671516418457e-01 8.562780022621154785e-01 -5.687686204910278320e-01 5.333510786294937134e-02 -1.795583963394165039e-02 6.794402599334716797e-01 -4.240870475769042969e-03 -2.144938707351684570e-01 2.588866651058197021e-01 9.957307577133178711e-02 -1.702725142240524292e-01 3.072167634963989258e-01 1.269150078296661377e-01 2.288386225700378418e-01 -6.102830767631530762e-01 -3.074036538600921631e-02 5.396751165390014648e-01 -2.307267040014266968e-01 -8.553808927536010742e-02 -1.136670261621475220e-02 5.956989899277687073e-02 1.118140071630477905e-01 4.867504835128784180e-01 5.685201883316040039e-01 2.698493897914886475e-01 -1.181394979357719421e-01 -6.379551887512207031e-01 4.922884702682495117e-01 1.983021199703216553e-01 2.039941400289535522e-01 -1.982465088367462158e-01 1.883341670036315918e-01 1.564169526100158691e-01 -4.657989367842674255e-02 4.280136823654174805e-01 -3.634919822216033936e-01 -2.647048234939575195e-01 3.702276349067687988e-01 4.788102805614471436e-01 2.759248018264770508e-03 -4.676478505134582520e-01 2.798546552658081055e-01 9.549684822559356689e-02 -9.006221592426300049e-02 -2.967944145202636719e-01 -2.741682529449462891e-01 1.088578701019287109e-01 3.395569920539855957e-01 1.663090735673904419e-01 4.523259699344635010e-01 4.843220710754394531e-01 -9.982843697071075439e-02 1.067127510905265808e-01 3.703093528747558594e-02 -1.027039997279644012e-02 -3.858312591910362244e-02
-4.407181739807128906e-01 -3.233801573514938354e-02 2.130604088306427002e-01 -2.068281173706054688e-01 4.914285838603973389e-01 2.702796161174774170e-01 -1.384897679090499878e-01 -2.142071276903152466e-01 -2.484778165817260742e-01 9.397169351577758789e-01 -5.915683507919311523e-01 8.778916299343109131e-02 1.119993552565574646e-01 4.988329708576202393e-01 -4.208462685346603394e-02 -2.008272409439086914e-01 4.049271643161773682e-01 2.849395573139190674e-01 -2.360136359930038452e-01 2.714790701866149902e-01 3.239867091178894043e-01 3.958307504653930664e-01 -7.022964358329772949e-01 -2.043178975582122803e-01 5.741944313049316406e-01 -7.492288202047348022e-02 -1.367658823728561401e-01 -1.672563254833221436e-01 3.180366754531860352e-02 1.713857352733612061e-01 3.793358206748962402e-01 5.036224722862243652e-01 2.838744819164276123e-01 -1.091222316026687622e-01 -5.171380043029785156e-01 4.462153315544128418e-01 1.869638562202453613e-01 4.393236339092254639e-01 -2.639411091804504395e-01 3.527258336544036865e-01 -4.906084388494491577e-02 7.207153737545013428e-02 2.460089027881622314e-01 -5.064554214477539062e-01 -4.579528272151947021e-01 4.246112704277038574e-01 5.439359545707702637e-01 -6.315842270851135254e-02 -4.041846990585327148e-01 2.590548992156982422e-01 -4.231094196438789368e-02 1.201264187693595886e-02 -3.335760831832885742e-01 -3.479868471622467041e-01 3.345764875411987305e-01 2.996274232864379883e-01 -1.161880195140838623e-01 2.590319514274597168e-01 7.450898289680480957e-01 -9.742829948663711548e-02 2.458659559488296509e-01 9.179392457008361816e-02 -5.185131728649139404e-02 7.156327366828918457e-03
-6.295252442359924316e-01 -3.540789484977722168e-01 -1.965016424655914307e-01 -3.952076733112335205e-01 2.588352560997009277e-01 6.884071230888366699e-01 -9.389327466487884521e-02 -3.234821557998657227e-01 -1.741931140422821045e-01 4.984883964061737061e-01 -5.321025848388671875e-01 -1.375972330570220947e-01 -3.718038797378540039e-01 5.625448822975158691e-01 1.466420590877532959e-01 -3.596932291984558105e-01 8.252914994955062866e-02 -2.092761844396591187e-01 -1.299520581960678101e-02 6.384352445602416992e-01 -2.050854414701461792e-01 -1.379001885652542114e-01 -2.181228101253509521e-01 4.134972393512725830e-01 1.606007367372512817e-01 -3.305571675300598145e-01 -1.083829905837774277e-02 1.126845702528953552e-01 1.569921374320983887e-01 -2.473091483116149902e-01 5.704672336578369141e-01 5.671589374542236328e-01 2.614631056785583496e-01 2.070639729499816895e-01 -3.057410120964050293e-01 5.403254628181457520e-01 2.387937307357788086e-01 -7.655183970928192139e-02 9.530471265316009521e-02 -7.562091946601867676e-02 2.179183661937713623e-01 -1.902035325765609741e-01 1.030783891677856445e+00 7.032623142004013062e-02 -7.458386942744255066e-03 3.341439366340637207e-01 3.010724484920501709e-01 3.070555627346038818e-01 -5.813294649124145508e-01 4.137615859508514404e-01 1.534479409456253052e-01 6.889851391315460205e-02 -5.082309618592262268e-02 1.604638099670410156e-01 4.240198433399200439e-02 5.408746004104614258e-01 5.469451546669006348e-01 7.519022226333618164e-01 6.223205476999282837e-02 9.822372347116470337e-02 5.673508718609809875e-02 1.446145772933959961e-02 4.794044792652130127e-02 -9.845700860023498535e-02
-6.049942970275878906e-01 -2.091377377510070801e-01 -1.884380578994750977e-01 -3.463712632656097412e-01 2.833643853664398193e-01 5.003062486648559570e-01 6.734641641378402710e-02 -2.851183116436004639e-01 -1.866228729486465454e-01 4.984032511711120605e-01 -5.551809668540954590e-01 -1.153980940580368042e-02 -4.166349172592163086e-01 4.920099675655364990e-01 3.014569357037544250e-02 -3.049646019935607910e-01 9.052179008722305298e-02 -9.630486369132995605e-02 -8.074536919593811035e-02 4.744690358638763428e-01 -1.604345589876174927e-01 -8.463971316814422607e-02 -2.631651759147644043e-01 2.277220189571380615e-01 3.206686973571777344e-01 -2.655128538608551025e-01 -3.023729659616947174e-02 9.641247242689132690e-02 2.401899397373199463e-01 -1.080599129199981689e-01 6.103630065917968750e-01 5.198233723640441895e-01 2.087147682905197144e-01 -5.616047233343124390e-02 -2.520412206649780273e-01 5.668566823005676270e-01 2.965422570705413818e-01 -5.400988832116127014e-02 -1.367624998092651367e-01 1.076408289372920990e-02 2.896454334259033203e-01 -2.378711104393005371e-01 8.381648063659667969e-01 -6.282192468643188477e-02 -7.067584991455078125e-02 2.657513022422790527e-01 3.435479700565338135e-01 2.862315475940704346e-01 -6.226724982261657715e-01 3.374174833297729492e-01 2.198554724454879761e-01 -5.370760336518287659e-02 -1.388834416866302490e-01 -1.521586775779724121e-01 4.457707703113555908e-02 4.161340892314910889e-01 6.005450487136840820e-01 7.361815571784973145e-01 6.978126615285873413e-02 8.813015371561050415e-02 -1.559310592710971832e-03 -1.531122028827667236e-01 7.245516777038574219e-02 2.497107908129692078e-02
-3.031746149063110352e-01 -1.753527522087097168e-01 -1.019433215260505676e-01 -3.643582761287689209e-01 3.129540383815765381e-01 3.677876293659210205e-01 8.329834043979644775e-02 -2.594401538372039795e-01 -1.395018547773361206e-01 6.776487827301025391e-01 -5.893855094909667969e-01 -1.927247345447540283e-01 -1.964297592639923096e-01 4.722872078418731689e-01 -1.012267693877220154e-01 -3.186636269092559814e-01 2.384678125381469727e-01 1.564469560980796814e-02 -1.820385605096817017e-01 4.080208241939544678e-01 5.430044233798980713e-02 3.507527709007263184e-01 -4.571401774883270264e-01 2.239211499691009521e-01 3.894560039043426514e-01 -2.561402916908264160e-01 -5.589309148490428925e-05 -1.689975559711456299e-01 1.897533982992172241e-01 3.176951780915260315e-02 5.028694868087768555e-01 5.779153108596801758e-01 -6.686940044164657593e-02 1.068881824612617493e-01 -4.522677361965179443e-01 6.183571219444274902e-01 2.045877575874328613e-01 1.472512185573577881e-01 5.163758993148803711e-02 7.902409136295318604e-02 4.732480347156524658e-01 -2.319468110799789429e-01 3.919490873813629150e-01 -3.847680985927581787e-01 -1.499800086021423340e-01 4.170844554901123047e-01 4.375510513782501221e-01 3.479394316673278809e-01 -7.231395840644836426e-01 1.225972920656204224e-01 6.835143268108367920e-02 -9.189257025718688965e-02 -2.300565242767333984e-01 -1.638304293155670166e-01 2.288565188646316528e-01 4.859237372875213623e-01 2.394255846738815308e-01 4.341575205326080322e-01 4.570933580398559570e-01 -1.182680726051330566e-01 1.274331361055374146e-01 -7.205966860055923462e-02 -1.240239217877388000e-01 1.632385551929473877e-01
-8.134475946426391602e-01 -3.564077615737915039e-01 1.875976026058197021e-01 -3.311986923217773438e-01 3.867174088954925537e-01 6.068607568740844727e-01 -2.688980400562286377e-01 -3.357160091400146484e-01 -1.478449106216430664e-01 9.436201453208923340e-01 -5.651019811630249023e-01 1.189329475164413452e-02 -5.202271044254302979e-03 6.088849306106567383e-01 -5.382960289716720581e-02 -1.512784659862518311e-01 2.651519477367401123e-01 7.445104420185089111e-04 -1.085577458143234253e-01 5.489139556884765625e-01 2.687925100326538086e-01 -4.803754016757011414e-02 -6.090689301490783691e-01 1.474212110042572021e-01 3.176545500755310059e-01 -2.599725723266601562e-01 -1.269470900297164917e-01 1.081679984927177429e-01 -1.302179545164108276e-01 2.205953001976013184e-03 4.850712120532989502e-01 5.007315874099731445e-01 3.070600628852844238e-01 1.841505169868469238e-01 -6.041924953460693359e-01 5.621095895767211914e-01 1.032380089163780212e-01 2.419568151235580444e-01 3.729170560836791992e-02 5.103598907589912415e-02 -1.461983025074005127e-01 -9.114336967468261719e-02 7.348251342773437500e-01 2.991998195648193359e-02 -8.980593830347061157e-02 3.409202098846435547e-01 3.448818922042846680e-01 -8.884932845830917358e-02 -4.540234804153442383e-01 2.618629038333892822e-01 8.998046815395355225e-02 2.192755788564682007e-01 -6.809547543525695801e-02 2.416915446519851685e-02 5.521090328693389893e-02 2.456330209970474243e-01 2.489760965108871460e-01 5.336850285530090332e-01 4.165185093879699707e-01 9.981600195169448853e-02 1.885657161474227905e-01 3.610119819641113281e-01 9.945854544639587402e-02 -1.275258362293243408e-01
-8.259716033935546875e-01 -1.749056130647659302e-01 2.446335256099700928e-01 -3.958520591259002686e-01 4.539674818515777588e-01 4.411782026290893555e-01 -2.903506755828857422e-01 -3.126733303070068359e-01 -1.674838513135910034e-01 8.519373536109924316e-01 -6.022837162017822266e-01 1.591514945030212402e-01 8.350100368261337280e-02 7.182956337928771973e-01 -4.975034296512603760e-02 -1.310306489467620850e-01 3.503696918487548828e-01 4.322204366326332092e-02 -6.832312047481536865e-02 4.977335333824157715e-01 2.528430819511413574e-01 -3.720918670296669006e-02 -6.670369505882263184e-01 3.733309730887413025e-02 4.096103608608245850e-01 -3.433268666267395020e-01 -1.297210603952407837e-01 1.548225879669189453e-01 -4.857507720589637756e-02 6.715907901525497437e-02 4.068722724914550781e-01 5.098129510879516602e-01 3.554947972297668457e-01 5.902761965990066528e-02 -6.668109893798828125e-01 5.168467164039611816e-01 1.257682740688323975e-01 2.103823572397232056e-01 -1.528527438640594482e-01 1.468537002801895142e-01 -7.937772572040557861e-02 -1.113861240446567535e-02 6.433148384094238281e-01 -9.499430656433105469e-03 -1.495373547077178955e-01 3.524999022483825684e-01 4.314582645893096924e-01 -1.971197128295898438e-01 -4.030811786651611328e-01 2.657729089260101318e-01 1.477244198322296143e-01 9.429717063903808594e-02 -2.041145563125610352e-01 -1.362656950950622559e-01 1.057925522327423096e-01 2.323687672615051270e-01 3.175413906574249268e-01 5.275617837905883789e-01 4.679732024669647217e-01 8.009243756532669067e-02 1.643383055925369263e-01 2.819593548774719238e-01 7.941567152738571167e-02 -1.634955704212188721e-01
-8.199044466018676758e-01 -3.893554210662841797e-01 3.077047318220138550e-02 -4.909174740314483643e-01 3.579931557178497314e-01 7.126563191413879395e-01 -3.256288766860961914e-01 -3.493764996528625488e-01 -5.735877901315689087e-02 6.020643711090087891e-01 -6.260794401168823242e-01 3.450380265712738037e-02 -6.291098892688751221e-02 6.810556054115295410e-01 1.264720261096954346e-01 -2.543881833553314209e-01 1.776603013277053833e-01 -2.365130484104156494e-01 5.530776083469390869e-02 8.313765525817871094e-01 -9.397737681865692139e-03 -2.900773286819458008e-01 -2.879031002521514893e-01 3.302382230758666992e-01 1.420010775327682495e-01 -4.170350134372711182e-01 -6.763859651982784271e-03 2.642341554164886475e-01 9.407328069210052490e-02 -2.937895953655242920e-01 4.414777457714080811e-01 5.713520050048828125e-01 4.434891343116760254e-01 3.665494918823242188e-01 -4.325078427791595459e-01 4.433428049087524414e-01 4.371565580368041992e-02 1.214027628302574158e-01 8.379599452018737793e-02 -4.093443974852561951e-02 -2.029064297676086426e-01 -4.155505448579788208e-02 1.091202139854431152e+00 2.448836266994476318e-01 -2.957414649426937103e-02 4.530574679374694824e-01 2.277462333440780640e-01 -8.034177124500274658e-03 -3.979766070842742920e-01 5.255129337310791016e-01 9.972837567329406738e-02 2.689220011234283447e-01 -3.641982749104499817e-02 4.168232977390289307e-01 3.463213145732879639e-02 4.051630198955535889e-01 5.269355773925781250e-01 7.723023891448974609e-01 1.958468407392501831e-01 2.190286219120025635e-01 1.398642063140869141e-01 2.842961549758911133e-01 5.862936004996299744e-02 -2.332855314016342163e-01
-4.072886705398559570e-01 -2.307514846324920654e-01 -4.494487047195434570e-01 -4.641945660114288330e-01 1.398874074220657349e-02 4.455341100692749023e-01 1.918823868036270142e-01 -2.996052205562591553e-01 -1.643994152545928955e-01 4.324106872081756592e-01 -5.848680734634399414e-01 -1.295862197875976562e-01 -3.947455883026123047e-01 3.707467615604400635e-01 -1.165506765246391296e-01 -2.967385053634643555e-01 -6.872410327196121216e-02 -9.621597826480865479e-02 -1.164073497056961060e-01 3.441515564918518066e-01 -8.988592028617858887e-02 1.505628526210784912e-01 -1.296924054622650146e-01 5.345001220703125000e-01 4.008364677429199219e-01 -1.920974701642990112e-01 4.639269411563873291e-02 -1.847794950008392334e-01 2.973316609859466553e-01 -9.889379143714904785e-02 5.356982350349426270e-01 6.357457637786865234e-01 7.570999674499034882e-03 9.516314417123794556e-02 -2.027176022529602051e-01 7.336997985839843750e-01 3.187259137630462646e-01 -2.405378371477127075e-01 1.147484183311462402e-01 -1.628811657428741455e-01 5.308388471603393555e-01 -3.448832929134368896e-01 6.133218407630920410e-01 -1.826311349868774414e-01 1.687464863061904907e-01 1.846002489328384399e-01 4.711978733539581299e-01 4.962060749530792236e-01 -7.630144357681274414e-01 9.350010752677917480e-02 -1.740062236785888672e-02 -2.244650870561599731e-01 1.400085538625717163e-02 -1.057322770357131958e-01 6.541988253593444824e-02 6.034110784530639648e-01 5.079469084739685059e-01 5.927473306655883789e-01 1.027562841773033142e-02 -2.207256257534027100e-01 -2.507849782705307007e-02 -1.980574876070022583e-01 -3.166784346103668213e-02 1.817089915275573730e-01
-6.898961067199707031e-01 -1.372813135385513306e-01 -1.258967816829681396e-01 -3.410758674144744873e-01 3.533609211444854736e-01 5.521170496940612793e-01 -9.116499125957489014e-02 -2.776536941528320312e-01 -1.524595022201538086e-01 6.393191814422607422e-01 -6.398315429687500000e-01 2.718819677829742432e-02 -2.226392477750778198e-01 5.760577321052551270e-01 -4.742140322923660278e-02 -2.097475230693817139e-01 8.212319761514663696e-02 3.132769837975502014e-02 -2.384689450263977051e-02 4.680452644824981689e-01 -3.547032177448272705e-02 -3.610837087035179138e-02 -3.839547038078308105e-01 1.711697280406951904e-01 4.092429876327514648e-01 -2.388391941785812378e-01 -2.426479570567607880e-02 1.239832565188407898e-01 9.855064749717712402e-02 -1.151935160160064697e-01 5.573023557662963867e-01 5.291566848754882812e-01 2.293140441179275513e-01 -3.790957853198051453e-02 -4.213639199733734131e-01 5.004304051399230957e-01 2.474756538867950439e-01 -9.039967320859432220e-03 -7.255900651216506958e-02 -3.817856311798095703e-03 7.413506507873535156e-02 -6.465081125497817993e-02 7.494425177574157715e-01 -7.408937811851501465e-02 -9.448798745870590210e-02 3.034600019454956055e-01 3.533781766891479492e-01 5.853997915983200073e-02 -5.104425549507141113e-01 2.939006984233856201e-01 1.684447079896926880e-01 -1.362683065235614777e-02 -2.248118519783020020e-01 -1.713282763957977295e-01 1.111181825399398804e-01 4.242279231548309326e-01 4.660165011882781982e-01 6.178551912307739258e-01 1.965242922306060791e-01 3.913743048906326294e-02 1.141335349529981613e-02 -1.098226159811019897e-01 7.060848176479339600e-02 -6.869900226593017578e-02
-6.560692191123962402e-01 -5.679440498352050781e-02 1.455599367618560791e-01 -3.234442472457885742e-01 5.079087018966674805e-01 4.455841481685638428e-01 -2.961311340332031250e-01 -2.982382178306579590e-01 -1.593192070722579956e-01 9.564030766487121582e-01 -6.453341245651245117e-01 9.377387911081314087e-02 2.061105221509933472e-01 6.681692004203796387e-01 -1.656480133533477783e-02 -1.055865436792373657e-01 2.960143983364105225e-01 1.044443100690841675e-01 -1.039513945579528809e-01 4.329104125499725342e-01 2.479798495769500732e-01 2.296523749828338623e-01 -6.825811266899108887e-01 -5.781816691160202026e-02 5.015892982482910156e-01 -1.522888243198394775e-01 -7.386815547943115234e-02 -3.745566308498382568e-02 2.669823728501796722e-02 -9.864941239356994629e-04 4.236884415149688721e-01 5.697866082191467285e-01 3.401871025562286377e-01 5.845314264297485352e-02 -7.575097084045410156e-01 4.760869145393371582e-01 2.425948530435562134e-02 3.210837244987487793e-01 -1.202631071209907532e-01 2.400421500205993652e-01 -1.251191496849060059e-01 9.074060618877410889e-02 4.479224085807800293e-01 -2.784784734249114990e-01 -2.371061146259307861e-01 4.234479665756225586e-01 4.812131822109222412e-01 -1.169658601284027100e-01 -4.277672767639160156e-01 2.695828974246978760e-01 -1.669076830148696899e-02 1.433045044541358948e-02 -2.918691635131835938e-01 -1.359625160694122314e-01 1.691691726446151733e-01 3.156524002552032471e-01 2.418016269803047180e-02 3.758599758148193359e-01 5.538644194602966309e-01 -5.834282562136650085e-02 1.938200443983078003e-01 1.123429536819458008e-01 -5.704241618514060974e-02 -1.602048575878143311e-01
-6.692346930503845215e-01 -7.198046147823333740e-02 1.123634204268455505e-01 -2.715941369533538818e-01 5.179588794708251953e-01 4.502611458301544189e-01 -1.881962716579437256e-01 -3.025779128074645996e-01 -1.554632633924484253e-01 7.906569242477416992e-01 -6.708827018737792969e-01 1.660974919795989990e-01 2.332932502031326294e-02 6.095306277275085449e-01 -6.608106195926666260e-03 -2.347094714641571045e-01 3.297362327575683594e-01 1.264582127332687378e-01 -1.691519469022750854e-01 4.656720161437988281e-01 7.874715328216552734e-02 7.087250053882598877e-02 -6.678205132484436035e-01 -6.576477736234664917e-02 4.925176203250885010e-01 -2.472748905420303345e-01 -1.045236438512802124e-01 7.787182182073593140e-02 -3.105228021740913391e-02 6.962586194276809692e-03 4.532304406166076660e-01 5.293661355972290039e-01 4.073165655136108398e-01 4.854172468185424805e-03 -5.702886581420898438e-01 4.946625828742980957e-01 1.520034968852996826e-01 2.152378261089324951e-01 -2.627875208854675293e-01 2.725890874862670898e-01 -2.794740721583366394e-02 5.602372810244560242e-03 6.204617023468017578e-01 -1.723625659942626953e-01 -1.870049536228179932e-01 4.380875825881958008e-01 4.309111833572387695e-01 -7.465263456106185913e-02 -4.320256412029266357e-01 3.732587993144989014e-01 1.041585952043533325e-01 2.908345684409141541e-02 -3.013468682765960693e-01 -2.221241295337677002e-01 1.792988032102584839e-01 3.475546836853027344e-01 2.604181766510009766e-01 4.770956635475158691e-01 4.945222139358520508e-01 4.273482412099838257e-02 8.346787095069885254e-02 1.056341528892517090e-01 8.878772146999835968e-03 -1.197432279586791992e-01
-6.368801593780517578e-01 -2.046687304973602295e-01 -4.454650729894638062e-02 -4.257091283798217773e-01 3.304140865802764893e-01 5.461591482162475586e-01 -1.320377141237258911e-01 -2.911993265151977539e-01 -1.513227969408035278e-01 5.950257778167724609e-01 -6.730525493621826172e-01 6.132189929485321045e-02 -1.213049143552780151e-01 6.113637089729309082e-01 6.019914150238037109e-02 -3.405157625675201416e-01 1.641447395086288452e-01 -8.481040596961975098e-02 1.756592839956283569e-02 6.157280206680297852e-01 -1.182506680488586426e-01 -2.614480629563331604e-02 -4.389893710613250732e-01 2.376583218574523926e-01 3.247377574443817139e-01 -3.364732563495635986e-01 -2.276525832712650299e-02 9.282156080007553101e-02 2.001913785934448242e-01 -1.142631769180297852e-01 4.914764463901519775e-01 5.649924278259277344e-01 2.674263119697570801e-01 1.488773226737976074e-01 -4.175824820995330811e-01 5.926192998886108398e-01 1.346133649349212646e-01 4.528327286243438721e-02 -2.121610939502716064e-02 5.832316353917121887e-02 2.001604735851287842e-01 -6.899974495172500610e-02 8.395777344703674316e-01 9.347476065158843994e-03 -2.863755635917186737e-02 3.284044265747070312e-01 4.134508967399597168e-01 1.511026322841644287e-01 -5.412535071372985840e-01 3.051165044307708740e-01 1.482595801353454590e-01 -2.421446889638900757e-02 -1.926897764205932617e-01 -2.352039515972137451e-02 1.349992007017135620e-01 4.960931837558746338e-01 4.738219678401947021e-01 6.458185315132141113e-01 1.975654214620590210e-01 2.375901490449905396e-02 9.438140690326690674e-02 4.123388230800628662e-02 -3.868710994720458984e-02 -7.707570493221282959e-02
-2.462439835071563721e-01 -6.019277870655059814e-02 -5.077360570430755615e-02 -3.099744021892547607e-01 2.784037888050079346e-01 2.300025522708892822e-01 1.544946134090423584e-01 -1.589786112308502197e-01 -2.130482196807861328e-01 6.809443235397338867e-01 -5.567307472229003906e-01 -4.368709772825241089e-02 -3.048370480537414551e-01 4.772392809391021729e-01 -1.199526265263557434e-01 -3.422319889068603516e-01 3.444261848926544189e-01 1.070386469364166260e-01 -2.424099296331405640e-01 2.021079510450363159e-01 6.632632017135620117e-02 3.683908879756927490e-01 -5.612910985946655273e-01 6.028901785612106323e-02 5.015749335289001465e-01 -2.354138791561126709e-01 -1.333596110343933105e-01 -1.834972947835922241e-01 2.312122434377670288e-01 2.058592140674591064e-01 4.969630837440490723e-01 5.638805627822875977e-01 -2.919949218630790710e-02 -1.703604757785797119e-01 -4.059335291385650635e-01 5.747305154800415039e-01 3.408657908439636230e-01 1.634270846843719482e-01 -1.771599948406219482e-01 1.140807420015335083e-01 5.459498167037963867e-01 -1.916590034961700439e-01 2.962794303894042969e-01 -4.227101504802703857e-01 -2.206265777349472046e-01 3.424822688102722168e-01 5.004232525825500488e-01 3.399363160133361816e-01 -6.440947651863098145e-01 1.381354928016662598e-01 9.152428805828094482e-02 -2.075813114643096924e-01 -3.522740602493286133e-01 -3.551086187362670898e-01 3.019159436225891113e-01 4.654364287853240967e-01 1.774898469448089600e-01 4.319878518581390381e-01 4.444694221019744873e-01 -2.392441034317016602e-01 1.545170396566390991e-01 -3.539086878299713135e-02 -4.119833186268806458e-02 2.634984254837036133e-01
-7.786692976951599121e-01 -1.528533101081848145e-01 6.528215855360031128e-02 -2.806988060474395752e-01 4.521784484386444092e-01 4.895980060100555420e-01 -2.214620709419250488e-01 -3.785058259963989258e-01 -1.096809804439544678e-01 8.363728523254394531e-01 -6.416018009185791016e-01 8.564269542694091797e-02 -4.048835486173629761e-02 6.032356619834899902e-01 -4.754238575696945190e-02 -1.841428577899932861e-01 2.058827430009841919e-01 1.189823597669601440e-01 -1.783484071493148804e-01 4.440429806709289551e-01 1.104511097073554993e-01 1.987615972757339478e-02 -6.146718263626098633e-01 8.531688153743743896e-02 4.576852321624755859e-01 -2.717097401618957520e-01 -6.327401101589202881e-02 1.008772179484367371e-01 -3.210325166583061218e-02 6.836714595556259155e-02 4.339146912097930908e-01 4.382410943508148193e-01 2.930382192134857178e-01 2.031034976243972778e-02 -5.450032949447631836e-01 4.935581088066101074e-01 2.120355963706970215e-01 1.693100780248641968e-01 -1.478148549795150757e-01 8.977608382701873779e-02 1.151031628251075745e-02 -7.503119856119155884e-02 6.533241868019104004e-01 -9.039986133575439453e-02 -1.363632380962371826e-01 3.774423003196716309e-01 4.056532680988311768e-01 -4.675595834851264954e-02 -4.907249808311462402e-01 2.785276472568511963e-01 5.048887431621551514e-02 7.308933138847351074e-02 -2.072523683309555054e-01 -1.611545979976654053e-01 1.458075791597366333e-01 3.295125365257263184e-01 2.772442996501922607e-01 5.224438309669494629e-01 3.925183117389678955e-01 4.810196906328201294e-02 9.466953575611114502e-02 1.157324463129043579e-01 6.500308215618133545e-02 -1.134018450975418091e-01
-7.391681075096130371e-01 -9.726944565773010254e-02 3.077973723411560059e-01 -3.207257688045501709e-01 5.688327550888061523e-01 5.460187196731567383e-01 -3.439140617847442627e-01 -2.950517535209655762e-01 -2.430189251899719238e-01 8.574373126029968262e-01 -5.939693450927734375e-01 5.263369157910346985e-02 1.590850353240966797e-01 7.161625027656555176e-01 4.383437335491180420e-02 -2.008782327175140381e-01 3.250339925289154053e-01 7.976295053958892822e-02 -6.692162156105041504e-02 6.612955927848815918e-01 2.271620184183120728e-01 -7.203541696071624756e-03 -5.170341134071350098e-01 -4.897557199001312256e-03 3.448281288146972656e-01 -2.410211861133575439e-01 -1.413519829511642456e-01 1.565476059913635254e-01 4.900807514786720276e-03 -1.500978171825408936e-01 4.492707848548889160e-01 5.289546847343444824e-01 4.749924540519714355e-01 1.204285845160484314e-01 -6.302082538604736328e-01 2.806723713874816895e-01 8.510544151067733765e-02 3.516615927219390869e-01 -1.129942089319229126e-01 2.148895859718322754e-01 -3.043029308319091797e-01 1.228337436914443970e-01 6.563668251037597656e-01 -1.502265036106109619e-01 -3.925583362579345703e-01 4.681777954101562500e-01 3.943519294261932373e-01 -1.963154971599578857e-01 -3.085232079029083252e-01 5.267095565795898438e-01 1.362193971872329712e-01 2.258283197879791260e-01 -2.067297548055648804e-01 -5.227558314800262451e-02 1.905852705240249634e-01 2.371904700994491577e-01 1.367131173610687256e-01 4.836284518241882324e-01 5.517003536224365234e-01 1.896397173404693604e-01 9.569586068391799927e-02 1.624247580766677856e-01 -6.590103730559349060e-04 -2.816470265388488770e-01
-7.686573863029479980e-01 -1.693707704544067383e-01 8.358382433652877808e-02 -3.130523860454559326e-01 4.858506023883819580e-01 4.904478788375854492e-01 -2.726401090621948242e-01 -2.916963696479797363e-01 -1.902524828910827637e-01 8.454967737197875977e-01 -5.898686647415161133e-01 9.066896140575408936e-02 -8.285202085971832275e-03 6.699352860450744629e-01 -9.410247206687927246e-03 -1.855445504188537598e-01 2.208282202482223511e-01 4.588190838694572449e-02 -6.805337965488433838e-02 4.357157349586486816e-01 1.400228738784790039e-01 3.526433557271957397e-02 -5.453310608863830566e-01 -1.623693853616714478e-02 4.332151710987091064e-01 -2.511669397354125977e-01 -1.031915843486785889e-01 1.246701404452323914e-01 -6.300929933786392212e-03 2.162635326385498047e-02 4.622833728790283203e-01 5.068355202674865723e-01 3.504433035850524902e-01 9.991817176342010498e-03 -6.121660470962524414e-01 4.634883403778076172e-01 1.800042688846588135e-01 1.909327358007431030e-01 -1.332054436206817627e-01 1.395155638456344604e-01 -5.597245693206787109e-02 -7.680933922529220581e-03 6.484817266464233398e-01 -1.165798604488372803e-01 -2.166109830141067505e-01 3.829491734504699707e-01 3.638696968555450439e-01 -1.132003217935562134e-01 -4.161702990531921387e-01 3.073233664035797119e-01 7.199184596538543701e-02 4.156404361128807068e-02 -1.939376443624496460e-01 -1.286723315715789795e-01 1.068118959665298462e-01 2.844199836254119873e-01 2.765862047672271729e-01 5.375429391860961914e-01 3.935298919677734375e-01 5.829965323209762573e-02 1.267750412225723267e-01 1.549303382635116577e-01 6.089949980378150940e-02 -1.603771299123764038e-01
-4.352642893791198730e-01 -1.482907235622406006e-01 -3.057980239391326904e-01 -3.148632943630218506e-01 3.320580720901489258e-01 3.838402926921844482e-01 1.081866174936294556e-01 -3.246827125549316406e-01 -1.511843204498291016e-01 4.428318738937377930e-01 -6.647477149963378906e-01 -7.493656128644943237e-02 -3.433830738067626953e-01 3.853678107261657715e-01 -3.942425549030303955e-02 -4.368753135204315186e-01 1.301716081798076630e-02 -6.045702844858169556e-03 -7.051648199558258057e-02 4.446251094341278076e-01 -2.319553345441818237e-01 1.288830637931823730e-01 -2.174357473850250244e-01 3.007974624633789062e-01 4.207331836223602295e-01 -3.277050554752349854e-01 5.889989063143730164e-02 -6.419493257999420166e-02 3.073569536209106445e-01 -3.447883576154708862e-02 5.020510554313659668e-01 4.395853877067565918e-01 4.730169475078582764e-02 7.974162697792053223e-03 -1.183267384767532349e-01 6.164172291755676270e-01 3.528923988342285156e-01 -3.999597206711769104e-02 -7.520760595798492432e-02 -2.768313884735107422e-02 5.350692272186279297e-01 -2.745730578899383545e-01 6.128931641578674316e-01 -1.832274198532104492e-01 -3.572174161672592163e-02 3.098725080490112305e-01 3.721866309642791748e-01 2.970323860645294189e-01 -7.227644920349121094e-01 1.447331160306930542e-01 1.201985180377960205e-01 -1.881501376628875732e-01 -1.815823316574096680e-01 -2.333475351333618164e-01 2.222374528646469116e-01 5.646355152130126953e-01 5.203108787536621094e-01 5.870087146759033203e-01 4.192028939723968506e-02 2.763272076845169067e-02 -2.319421246647834778e-02 -3.007277250289916992e-01 -1.507001519203186035e-01 5.429215729236602783e-02
-7.319356799125671387e-01 -1.163637936115264893e-01 4.841840267181396484e-02 -2.284440994262695312e-01 5.177320241928100586e-01 5.262759327888488770e-01 -1.692226231098175049e-01 -3.182136416435241699e-01 -2.228646874427795410e-01 7.439888119697570801e-01 -5.632309317588806152e-01 -1.248220354318618774e-02 -2.168880850076675415e-01 6.301336884498596191e-01 -8.237391710281372070e-03 -2.521069347858428955e-01 1.798929423093795776e-01 8.443103730678558350e-02 -1.235220730304718018e-01 4.013122022151947021e-01 -3.493863344192504883e-02 8.076384663581848145e-03 -4.440775811672210693e-01 4.432781413197517395e-02 4.122385680675506592e-01 -2.762398719787597656e-01 -8.074757456779479980e-02 1.458210945129394531e-01 7.568816840648651123e-02 4.208679124712944031e-02 5.460801720619201660e-01 4.525969326496124268e-01 2.297451645135879517e-01 -4.706342518329620361e-02 -4.843206703662872314e-01 4.482319951057434082e-01 2.775724828243255615e-01 1.011655330657958984e-01 -1.598541140556335449e-01 4.197619110345840454e-02 1.098641678690910339e-01 -4.282994568347930908e-02 6.502762436866760254e-01 -1.438679695129394531e-01 -2.008358240127563477e-01 3.464596271514892578e-01 3.597094416618347168e-01 -6.137380003929138184e-02 -4.749005436897277832e-01 3.319886624813079834e-01 1.386789083480834961e-01 1.236310973763465881e-02 -2.746917903423309326e-01 -2.481397688388824463e-01 1.405035853385925293e-01 3.066754937171936035e-01 3.665373325347900391e-01 5.770084261894226074e-01 3.496602177619934082e-01 1.243501529097557068e-01 1.801767945289611816e-02 -2.388484030961990356e-02 3.721414133906364441e-02 -1.097426414489746094e-01
-7.840363383293151855e-01 -2.906800508499145508e-01 2.531478703022003174e-01 -4.564749002456665039e-01 3.906808495521545410e-01 6.011396050453186035e-01 -3.189426362514495850e-01 -3.349469304084777832e-01 -9.794881939888000488e-02 9.529455900192260742e-01 -5.445303916931152344e-01 1.906178891658782959e-02 1.233961507678031921e-01 7.249172329902648926e-01 6.989815831184387207e-02 -8.486581593751907349e-02 3.733579814434051514e-01 -5.724487453699111938e-02 -8.095312118530273438e-02 6.761085391044616699e-01 2.979209125041961670e-01 -3.526341542601585388e-02 -5.867659449577331543e-01 1.091202646493911743e-01 2.660375535488128662e-01 -2.353430092334747314e-01 -1.118559241294860840e-01 1.617299020290374756e-01 -7.795664668083190918e-02 -1.337111145257949829e-01 4.497856199741363525e-01 5.806040167808532715e-01 4.174026548862457275e-01 2.073227763175964355e-01 -7.336522340774536133e-01 5.020071268081665039e-01 2.589189261198043823e-02 2.832861840724945068e-01 4.307585954666137695e-02 1.173637211322784424e-01 -2.150881886482238770e-01 1.827765069901943207e-02 7.499274611473083496e-01 2.910172194242477417e-02 -2.352072447538375854e-01 4.406736493110656738e-01 3.602994084358215332e-01 -8.329906314611434937e-02 -3.608806729316711426e-01 3.632685542106628418e-01 1.104093044996261597e-01 2.658077478408813477e-01 -6.934261322021484375e-02 9.137370437383651733e-02 -3.173340857028961182e-02 2.900864779949188232e-01 2.470130175352096558e-01 5.768092870712280273e-01 4.277451038360595703e-01 1.548130512237548828e-01 1.523327082395553589e-01 3.487258553504943848e-01 7.288360595703125000e-02 -1.796794384717941284e-01
-4.145405590534210205e-01 -1.456633806228637695e-01 -4.214483499526977539e-02 -3.106537163257598877e-01 3.377993404865264893e-01 3.614275455474853516e-01 1.685728132724761963e-02 -1.637086868286132812e-01 -3.194574713706970215e-01 6.858847737312316895e-01 -5.192934274673461914e-01 -5.160259455442428589e-02 -3.491111993789672852e-01 5.474748015403747559e-01 -4.920945316553115845e-02 -3.313539028167724609e-01 2.468445301055908203e-01 9.363159537315368652e-02 -1.198601722717285156e-01 2.851291298866271973e-01 6.442494690418243408e-03 1.649926900863647461e-01 -4.651931822299957275e-01 4.888087511062622070e-02 4.393999278545379639e-01 -2.439551800489425659e-01 -1.589833647012710571e-01 -7.223176956176757812e-02 1.781238615512847900e-01 1.185216754674911499e-01 5.858467221260070801e-01 5.972748994827270508e-01 1.149558126926422119e-01 -1.308656334877014160e-01 -3.953364491462707520e-01 5.473713278770446777e-01 3.381283879280090332e-01 7.716239988803863525e-02 -1.282530426979064941e-01 4.558067023754119873e-02 3.447212874889373779e-01 -9.666621685028076172e-02 5.212198495864868164e-01 -3.158991038799285889e-01 -2.233446389436721802e-01 2.731445431709289551e-01 4.359466731548309326e-01 1.917871236801147461e-01 -5.677644014358520508e-01 2.503388822078704834e-01 1.543924659490585327e-01 -1.278802603483200073e-01 -2.967438697814941406e-01 -2.956542074680328369e-01 2.086224406957626343e-01 4.583356678485870361e-01 2.977078855037689209e-01 5.167129635810852051e-01 3.636424541473388672e-01 -7.242648303508758545e-02 1.018896102905273438e-01 -1.617548614740371704e-02 2.526692301034927368e-02 1.003000140190124512e-01
-4.458195865154266357e-01 -1.875231713056564331e-01 -8.407233655452728271e-02 -2.555866241455078125e-01 2.760341167449951172e-01 4.689375758171081543e-01 1.023425534367561340e-01 -2.226003259420394897e-01 -1.182776503264904022e-02 6.807265877723693848e-01 -7.134082317352294922e-01 2.479627728462219238e-04 -2.487231940031051636e-01 3.739163875579833984e-01 -1.819257736206054688e-01 -2.091157287359237671e-01 2.489570826292037964e-01 1.388670504093170166e-01 -2.029586583375930786e-01 3.075883388519287109e-01 1.666074991226196289e-01 2.497752010822296143e-01 -6.498328447341918945e-01 9.441090375185012817e-02 4.466802477836608887e-01 -5.114874616265296936e-02 -8.629848808050155640e-02 -4.091695696115493774e-02 -2.999786287546157837e-03 5.166538059711456299e-02 5.546755790710449219e-01 5.271946191787719727e-01 7.436285912990570068e-02 -1.080003753304481506e-01 -3.700491189956665039e-01 6.698918938636779785e-01 2.891376614570617676e-01 4.493385553359985352e-02 -1.723315119743347168e-01 1.016159802675247192e-01 2.099044919013977051e-01 -2.184916287660598755e-01 5.680359601974487305e-01 -2.385226190090179443e-01 -5.974942445755004883e-02 2.930648326873779297e-01 4.284124374389648438e-01 2.650781869888305664e-01 -6.008687615394592285e-01 7.403892278671264648e-02 -4.932350665330886841e-02 -8.063150942325592041e-02 -3.011044561862945557e-01 -3.062648475170135498e-01 2.438778728246688843e-01 3.951781690120697021e-01 1.784241646528244019e-01 3.756149411201477051e-01 2.977951467037200928e-01 -2.239956259727478027e-01 2.347256243228912354e-01 5.791382491588592529e-02 1.552968025207519531e-01 1.757865697145462036e-01
-7.078172564506530762e-01 -1.801858842372894287e-01 2.447352707386016846e-01 -2.993578612804412842e-01 5.577552318572998047e-01 3.578431606292724609e-01 -2.615838348865509033e-01 -3.322697281837463379e-01 -1.110513359308242798e-01 1.024057865142822266e+00 -5.618270635604858398e-01 1.137031763792037964e-01 1.297697126865386963e-01 5.545413494110107422e-01 -3.312423825263977051e-02 8.868551254272460938e-02 4.392102062702178955e-01 2.224438488483428955e-01 -2.089911848306655884e-01 3.914424180984497070e-01 5.478527545928955078e-01 1.303132176399230957e-01 -7.460979223251342773e-01 -1.644569933414459229e-01 5.021961331367492676e-01 -7.415115833282470703e-02 -1.385263502597808838e-01 1.454255580902099609e-01 -2.908371388912200928e-01 2.290324866771697998e-02 3.541270792484283447e-01 4.443398416042327881e-01 4.511805772781372070e-01 -1.300573050975799561e-01 -6.220687627792358398e-01 5.158151984214782715e-01 2.597235143184661865e-01 2.383010089397430420e-01 -3.015360236167907715e-01 2.783725261688232422e-01 -3.446241915225982666e-01 1.347395963966846466e-02 4.580121040344238281e-01 -1.654525697231292725e-01 -5.157565474510192871e-01 3.712080717086791992e-01 4.537262916564941406e-01 -3.232770860195159912e-01 -2.811242341995239258e-01 2.063599824905395508e-01 4.207248985767364502e-02 2.922798097133636475e-01 -1.151528209447860718e-01 -4.341492652893066406e-01 9.502291679382324219e-02 1.189215779304504395e-01 7.321107387542724609e-02 3.420300185680389404e-01 6.022188067436218262e-01 1.065658405423164368e-01 1.969503313302993774e-01 3.057952523231506348e-01 2.162420004606246948e-01 -1.561654657125473022e-01
-6.099210381507873535e-01 -9.592598676681518555e-02 2.625552713871002197e-01 -2.713822424411773682e-01 5.639358758926391602e-01 2.721885144710540771e-01 -1.822515726089477539e-01 -2.941839694976806641e-01 -2.285186052322387695e-01 8.878479599952697754e-01 -5.565049648284912109e-01 1.050784811377525330e-01 -2.091601490974426270e-02 5.652531385421752930e-01 -1.189889535307884216e-01 -5.254047363996505737e-02 4.266288876533508301e-01 3.120550513267517090e-01 -2.893721461296081543e-01 2.838987112045288086e-01 3.579662442207336426e-01 8.691123127937316895e-02 -7.155519723892211914e-01 -2.043121755123138428e-01 5.205385088920593262e-01 -2.149153649806976318e-01 -2.290456742048263550e-01 6.638737767934799194e-02 -9.055255353450775146e-02 2.007603496313095093e-01 4.449267983436584473e-01 5.123567581176757812e-01 3.443548381328582764e-01 -1.508614122867584229e-01 -5.822727680206298828e-01 4.245017766952514648e-01 2.504436373710632324e-01 2.262944728136062622e-01 -3.705448806285858154e-01 2.420396357774734497e-01 -1.317418515682220459e-01 3.023202903568744659e-02 4.189434349536895752e-01 -2.889741063117980957e-01 -4.031628966331481934e-01 3.848347663879394531e-01 4.707251489162445068e-01 -2.211478054523468018e-01 -3.848518729209899902e-01 3.237388730049133301e-01 8.622175455093383789e-02 1.442182958126068115e-01 -2.833025455474853516e-01 -4.472779333591461182e-01 2.488824874162673950e-01 1.823630630970001221e-01 1.241173595190048218e-01 3.599619269371032715e-01 6.649949550628662109e-01 6.647231429815292358e-02 8.982838690280914307e-02 2.124442011117935181e-01 1.497986912727355957e-01 -3.976576402783393860e-02
-4.626093804836273193e-01 -2.780459523200988770e-01 -4.431315064430236816e-01 -4.589030444622039795e-01 1.269541531801223755e-01 5.450322031974792480e-01 1.056315898895263672e-01 -3.199728727340698242e-01 -2.393715083599090576e-01 4.017477631568908691e-01 -6.124519109725952148e-01 -9.153162688016891479e-02 -3.653842210769653320e-01 3.752605915069580078e-01 2.482905983924865723e-04 -4.172507822513580322e-01 -1.004936099052429199e-01 -1.830092668533325195e-01 -1.275901496410369873e-02 5.813612937927246094e-01 -2.028637379407882690e-01 -3.703039512038230896e-02 -5.824249237775802612e-02 5.549941658973693848e-01 3.078251779079437256e-01 -2.667623758316040039e-01 3.284757584333419800e-02 -1.011967211961746216e-01 3.197281658649444580e-01 -2.530005574226379395e-01 5.473569035530090332e-01 6.132757663726806641e-01 2.037581503391265869e-01 1.512416005134582520e-01 -9.086096286773681641e-02 7.020273208618164062e-01 3.030839860439300537e-01 -2.250864505767822266e-01 1.034652590751647949e-01 -1.468193531036376953e-01 4.196116030216217041e-01 -2.861793637275695801e-01 8.155415058135986328e-01 -1.491764187812805176e-02 1.129669919610023499e-01 1.518133878707885742e-01 3.532653152942657471e-01 4.063933193683624268e-01 -6.937029361724853516e-01 2.197962701320648193e-01 1.137530803680419922e-01 -1.233019381761550903e-01 7.766695320606231689e-02 -2.359207719564437866e-02 7.604070007801055908e-02 6.764023303985595703e-01 6.034840345382690430e-01 6.945220828056335449e-01 -1.200032904744148254e-01 -2.229988574981689453e-03 -7.672154158353805542e-02 -1.814849078655242920e-01 -8.863130956888198853e-02 1.530747860670089722e-02
-6.303942799568176270e-01 -1.418222337961196899e-01 3.634715080261230469e-02 -2.742622196674346924e-01 5.058711767196655273e-01 4.092950522899627686e-01 -6.548520922660827637e-02 -2.937175929546356201e-01 -1.102319359779357910e-01 7.443358302116394043e-01 -6.197453737258911133e-01 9.349688142538070679e-02 -1.929469257593154907e-01 5.666342377662658691e-01 1.904816925525665283e-02 -1.955776512622833252e-01 3.252489268779754639e-01 1.485983878374099731e-01 -2.067536860704421997e-01 4.640418589115142822e-01 3.044725209474563599e-02 3.182497248053550720e-02 -5.580068826675415039e-01 -7.416941970586776733e-02 4.263912141323089600e-01 -2.243658900260925293e-01 -6.496510654687881470e-02 1.368267834186553955e-01 1.838868483901023865e-02 4.378572106361389160e-02 5.132975578308105469e-01 4.803127348423004150e-01 2.992354631423950195e-01 -1.175303310155868530e-01 -4.676544964313507080e-01 5.060022473335266113e-01 2.942946553230285645e-01 1.160655394196510315e-01 -3.066291809082031250e-01 1.522249430418014526e-01 1.045094951987266541e-01 -8.454219996929168701e-02 6.257814168930053711e-01 -1.806975305080413818e-01 -2.634401023387908936e-01 4.037258028984069824e-01 3.326724469661712646e-01 -2.216875553131103516e-03 -4.348359704017639160e-01 3.130396902561187744e-01 1.375798732042312622e-01 3.679367154836654663e-02 -3.000994324684143066e-01 -2.973872721195220947e-01 7.919327914714813232e-02 3.472375273704528809e-01 4.195401072502136230e-01 5.648198723793029785e-01 4.029041230678558350e-01 1.441976428031921387e-01 3.621354326605796814e-02 1.199746131896972656e-02 9.656322002410888672e-02 -1.081161573529243469e-02
-4.244971871376037598e-01 -1.273982822895050049e-01 -1.281175613403320312e-01 -3.281668722629547119e-01 3.368131816387176514e-01 3.845866620540618896e-01 5.347770825028419495e-02 -2.662164568901062012e-01 -2.348011434078216553e-01 4.703737795352935791e-01 -5.467916727066040039e-01 -9.808503836393356323e-02 -3.954752683639526367e-01 5.308510065078735352e-01 -2.078257501125335693e-03 -3.909917473793029785e-01 1.877661198377609253e-01 1.466955989599227905e-02 -1.489820331335067749e-01 3.768360912799835205e-01 -1.772746890783309937e-01 9.912933409214019775e-02 -3.257835209369659424e-01 2.200902700424194336e-01 3.492845296859741211e-01 -3.575224876403808594e-01 -7.858653366565704346e-02 -2.590927109122276306e-02 2.904189229011535645e-01 3.967663273215293884e-02 5.244029760360717773e-01 5.313479900360107422e-01 7.317738234996795654e-02 1.276832073926925659e-02 -3.125282227993011475e-01 5.223467946052551270e-01 3.452093303203582764e-01 -3.491711989045143127e-02 -1.131392940878868103e-01 -9.874906390905380249e-03 5.206849575042724609e-01 -2.199274450540542603e-01 6.009542942047119141e-01 -2.159782052040100098e-01 -1.032781302928924561e-01 3.245579004287719727e-01 4.065757393836975098e-01 3.224461972713470459e-01 -6.460871696472167969e-01 2.834845185279846191e-01 1.317581981420516968e-01 -1.463715285062789917e-01 -2.530335485935211182e-01 -2.022503912448883057e-01 2.496692091226577759e-01 4.989482760429382324e-01 4.480931162834167480e-01 6.365016102790832520e-01 2.464677393436431885e-01 -3.346769511699676514e-02 9.395946748554706573e-03 -1.357793509960174561e-01 -4.775625839829444885e-02 1.112541407346725464e-01
-6.326820254325866699e-01 -1.338138878345489502e-01 -2.106115520000457764e-01 -3.399567306041717529e-01 3.002589941024780273e-01 3.899829685688018799e-01 2.863495796918869019e-02 -3.782313466072082520e-01 -1.640488654375076294e-01 5.989118814468383789e-01 -6.269308328628540039e-01 4.709409549832344055e-02 -2.529036402702331543e-01 4.539096653461456299e-01 6.883665919303894043e-04 -2.298717200756072998e-01 -7.614737376570701599e-03 4.822820052504539490e-02 -1.667910963296890259e-01 3.413984477519989014e-01 -6.122271716594696045e-02 5.877274274826049805e-02 -3.586221635341644287e-01 1.867203861474990845e-01 4.898310601711273193e-01 -2.285740524530410767e-01 4.844589531421661377e-02 -9.250825643539428711e-02 2.232710868120193481e-01 5.278440937399864197e-02 5.409480333328247070e-01 5.136742591857910156e-01 2.189916074275970459e-01 -1.002927348017692566e-01 -2.994132936000823975e-01 6.312294006347656250e-01 3.410610556602478027e-01 -2.309557050466537476e-02 -2.067049443721771240e-01 1.362117007374763489e-03 2.797256410121917725e-01 -2.601102292537689209e-01 6.518622040748596191e-01 -2.631084322929382324e-01 -4.308290034532546997e-02 2.300202399492263794e-01 4.048357009887695312e-01 2.435255348682403564e-01 -6.254827976226806641e-01 2.231202423572540283e-01 3.720176219940185547e-02 -1.696699410676956177e-01 -2.143660485744476318e-01 -2.114233374595642090e-01 6.015162169933319092e-02 5.008418560028076172e-01 4.225371778011322021e-01 5.695213675498962402e-01 1.573259681463241577e-01 -1.041385680437088013e-01 6.327912956476211548e-02 -1.225823312997817993e-01 5.370670184493064880e-02 6.580738723278045654e-02
-2.203243523836135864e-01 -2.617887854576110840e-01 -4.986177384853363037e-01 -3.951212465763092041e-01 1.832715570926666260e-01 3.564687967300415039e-01 2.067387849092483521e-01 -2.664380967617034912e-01 -1.756392121315002441e-01 3.030581176280975342e-01 -7.023407220840454102e-01 -2.725990861654281616e-02 -4.598079323768615723e-01 3.411863446235656738e-01 -1.131191104650497437e-02 -4.758709669113159180e-01 9.929599612951278687e-02 -6.608071178197860718e-02 -8.735558390617370605e-02 4.895137548446655273e-01 -2.782088518142700195e-01 1.297903805971145630e-01 -1.781281679868698120e-01 4.386086165904998779e-01 3.540502190589904785e-01 -3.985559642314910889e-01 1.052789110690355301e-02 -1.479406058788299561e-01 2.717234194278717041e-01 -1.443455964326858521e-01 4.825908243656158447e-01 6.168438792228698730e-01 9.172940254211425781e-02 1.202686205506324768e-01 -6.588982045650482178e-02 6.385720372200012207e-01 3.781482279300689697e-01 -1.788080781698226929e-01 -4.330722242593765259e-02 -2.002666518092155457e-02 6.044546961784362793e-01 -3.493276536464691162e-01 6.671257615089416504e-01 -1.490508317947387695e-01 1.221794709563255310e-01 3.477767705917358398e-01 4.184340834617614746e-01 4.608261883258819580e-01 -7.375593185424804688e-01 2.148166000843048096e-01 1.234517544507980347e-01 -1.624957323074340820e-01 -1.007969379425048828e-01 -6.321537494659423828e-02 2.484513968229293823e-01 6.725264787673950195e-01 5.705700516700744629e-01 5.895423293113708496e-01 4.560424387454986572e-02 -1.245471462607383728e-01 -5.699028261005878448e-03 -1.836375296115875244e-01 -1.062334105372428894e-01 1.205458790063858032e-01
-3.905641436576843262e-01 -6.784361600875854492e-02 2.543589472770690918e-01 -2.761600017547607422e-01 5.007015466690063477e-01 2.313980758190155029e-01 -8.072249591350555420e-02 -1.808590888977050781e-01 -1.811268329620361328e-01 8.838338255882263184e-01 -6.258990764617919922e-01 9.726271778345108032e-02 3.593145310878753662e-02 4.695902764797210693e-01 -1.155733838677406311e-01 -1.371562480926513672e-01 5.188272595405578613e-01 2.831107676029205322e-01 -2.670004367828369141e-01 2.856159806251525879e-01 3.007562756538391113e-01 2.693882882595062256e-01 -7.497916817665100098e-01 -2.337458431720733643e-01 5.242041349411010742e-01 -1.883497536182403564e-01 -2.327347099781036377e-01 -9.166794270277023315e-02 1.233415678143501282e-02 1.905335932970046997e-01 3.693107664585113525e-01 4.789649248123168945e-01 2.317184656858444214e-01 -1.241928711533546448e-01 -5.667665004730224609e-01 4.653174877166748047e-01 1.903283298015594482e-01 3.632797896862030029e-01 -3.436875641345977783e-01 3.475705385208129883e-01 2.838682383298873901e-03 4.633601009845733643e-02 2.970074415206909180e-01 -4.144006669521331787e-01 -3.952322304248809814e-01 4.156236052513122559e-01 5.109450817108154297e-01 -9.850110113620758057e-02 -4.882386922836303711e-01 2.509916722774505615e-01 6.447583436965942383e-02 2.887276932597160339e-02 -3.960892558097839355e-01 -3.837052285671234131e-01 3.701899647712707520e-01 2.588619887828826904e-01 4.338071122765541077e-02 2.784729301929473877e-01 6.909916400909423828e-01 -4.606720060110092163e-02 1.798843592405319214e-01 1.866942793130874634e-01 4.836743324995040894e-02 5.053689703345298767e-02
-7.532439827919006348e-01 -1.147138103842735291e-01 3.099037706851959229e-01 -3.070360124111175537e-01 4.765841066837310791e-01 4.455714225769042969e-01 -3.790069520473480225e-01 -3.032135963439941406e-01 -1.238752007484436035e-01 9.715132117271423340e-01 -6.479574441909790039e-01 2.234598845243453979e-01 2.405308037996292114e-01 6.742533445358276367e-01 4.200986400246620178e-02 -9.271601587533950806e-02 4.210313856601715088e-01 2.500109076499938965e-01 -7.956820726394653320e-02 5.294670462608337402e-01 3.540738224983215332e-01 5.068885162472724915e-02 -7.524943947792053223e-01 -8.315037935972213745e-02 4.720927774906158447e-01 -1.779319792985916138e-01 -1.529616713523864746e-01 1.668452620506286621e-01 -1.920082718133926392e-01 -2.542817592620849609e-02 2.936165034770965576e-01 4.449422955513000488e-01 4.755968451499938965e-01 3.523312509059906006e-02 -6.214444637298583984e-01 3.916723132133483887e-01 1.414567530155181885e-01 3.319189250469207764e-01 -1.647431254386901855e-01 2.719092071056365967e-01 -3.643065690994262695e-01 1.661787778139114380e-01 5.612678527832031250e-01 -9.620308876037597656e-02 -3.743102848529815674e-01 4.595208168029785156e-01 5.151725411415100098e-01 -3.112210035324096680e-01 -2.334583699703216553e-01 3.737857341766357422e-01 5.008454620838165283e-02 2.752446234226226807e-01 -1.983040869235992432e-01 -1.699942797422409058e-01 2.053679376840591431e-01 2.144407778978347778e-01 4.861633852124214172e-02 4.144472479820251465e-01 5.996149778366088867e-01 7.146457582712173462e-02 1.802141070365905762e-01 2.724947333335876465e-01 1.024078652262687683e-01 -2.324034720659255981e-01
-8.486049175262451172e-01 -1.800848990678787231e-01 1.283330917358398438e-01 -2.668491601943969727e-01 5.547029972076416016e-01 5.373629927635192871e-01 -2.375901341438293457e-01 -3.388400077819824219e-01 -4.997379332780838013e-02 8.390569090843200684e-01 -6.714267730712890625e-01 2.103056609630584717e-01 -8.596190810203552246e-02 6.151095628738403320e-01 8.034452050924301147e-02 -1.663624644279479980e-01 3.717208504676818848e-01 1.060294806957244873e-01 -1.886265724897384644e-01 5.614100098609924316e-01 9.635189175605773926e-02 -1.627974063158035278e-01 -6.221852302551269531e-01 -5.416508764028549194e-02 3.821437954902648926e-01 -2.473293691873550415e-01 -1.149595677852630615e-01 3.106645941734313965e-01 -1.178323775529861450e-01 -6.819677352905273438e-02 4.269359111785888672e-01 3.944344222545623779e-01 5.048124790191650391e-01 -1.062983646988868713e-01 -5.086706876754760742e-01 4.322385191917419434e-01 2.589028179645538330e-01 1.466488242149353027e-01 -3.634188473224639893e-01 1.717578172683715820e-01 -1.809457242488861084e-01 2.487572468817234039e-02 8.168128132820129395e-01 3.964117169380187988e-02 -2.262497842311859131e-01 4.394740462303161621e-01 3.496874868869781494e-01 -2.153805494308471680e-01 -3.619684875011444092e-01 4.372558891773223877e-01 1.243209242820739746e-01 2.068004608154296875e-01 -2.361147403717041016e-01 -1.696773767471313477e-01 8.247511088848114014e-02 2.334920316934585571e-01 4.197145998477935791e-01 5.979930162429809570e-01 3.389315307140350342e-01 2.467032074928283691e-01 3.765805810689926147e-02 1.676646322011947632e-01 1.928402781486511230e-01 -2.410034686326980591e-01
-4.780543446540832520e-01 -2.562987804412841797e-02 -2.762717902660369873e-01 -3.571521937847137451e-01 2.882661521434783936e-01 3.323845863342285156e-01 1.044438481330871582e-01 -3.129764199256896973e-01 -2.480530738830566406e-01 5.980914831161499023e-01 -6.273226737976074219e-01 6.808020174503326416e-03 -2.940142750740051270e-01 4.601003825664520264e-01 -8.292321115732192993e-02 -3.173620402812957764e-01 -1.585068739950656891e-02 3.324854001402854919e-02 -1.307777166366577148e-01 2.826598286628723145e-01 -4.900003969669342041e-02 1.409614533185958862e-01 -3.313443064689636230e-01 2.108060121536254883e-01 5.678716301918029785e-01 -2.105518132448196411e-01 4.731670487672090530e-04 -1.404796242713928223e-01 2.961149811744689941e-01 1.647488772869110107e-02 5.563786029815673828e-01 5.751591920852661133e-01 1.608115136623382568e-01 -1.596451252698898315e-01 -2.692268788814544678e-01 6.607200503349304199e-01 3.616210520267486572e-01 -4.624307528138160706e-02 -1.686737388372421265e-01 -3.057442232966423035e-02 4.006297290325164795e-01 -2.231953591108322144e-01 4.892253279685974121e-01 -3.233732283115386963e-01 -9.069214761257171631e-02 2.168878763914108276e-01 4.436988234519958496e-01 2.588190436363220215e-01 -6.730363965034484863e-01 2.025091052055358887e-01 1.132520288228988647e-01 -2.250639200210571289e-01 -2.313943207263946533e-01 -3.367596268653869629e-01 1.459824293851852417e-01 5.503132343292236328e-01 3.503130376338958740e-01 5.480076074600219727e-01 1.370722651481628418e-01 -1.530132144689559937e-01 -4.093994386494159698e-03 -2.416083365678787231e-01 -5.545159056782722473e-02 1.177229732275009155e-01
-8.911969065666198730e-01 -2.724241912364959717e-01 -1.632057577371597290e-01 -4.396899044513702393e-01 3.733729720115661621e-01 6.052011251449584961e-01 -1.832632720470428467e-01 -4.144908785820007324e-01 -1.118427217006683350e-01 6.542404890060424805e-01 -6.287879943847656250e-01 4.652885720133781433e-02 -9.426175057888031006e-02 5.134149789810180664e-01 8.333138376474380493e-02 -2.831712365150451660e-01 -4.499790817499160767e-02 -1.360850483179092407e-01 -5.914042890071868896e-02 6.245831251144409180e-01 -9.140320122241973877e-03 -2.171600013971328735e-01 -2.423536181449890137e-01 3.072388172149658203e-01 3.906198740005493164e-01 -2.648650109767913818e-01 6.635992228984832764e-02 1.893585920333862305e-01 1.025596410036087036e-01 -2.471594512462615967e-01 4.091692864894866943e-01 4.180707335472106934e-01 4.659075140953063965e-01 7.977791875600814819e-02 -3.002980947494506836e-01 5.737280249595642090e-01 2.394928932189941406e-01 -3.066954575479030609e-02 -7.693643867969512939e-02 -6.157183274626731873e-02 -4.276680201292037964e-02 -1.109291836619377136e-01 9.463446140289306641e-01 8.500268310308456421e-02 -8.812765777111053467e-02 3.513994216918945312e-01 3.121620714664459229e-01 -2.075264602899551392e-02 -5.428939461708068848e-01 3.708410561084747314e-01 8.359564840793609619e-02 6.570547819137573242e-02 -1.653819903731346130e-02 5.925521254539489746e-04 -1.809317618608474731e-02 4.785903096199035645e-01 5.940540432929992676e-01 7.360205650329589844e-01 5.592690408229827881e-02 1.781235933303833008e-01 -7.248637080192565918e-02 2.350904047489166260e-03 2.689863555133342743e-03 -2.111322134733200073e-01
-6.550779342651367188e-01 -2.275029271841049194e-01 -9.157386422157287598e-02 -2.894119322299957275e-01 3.851070404052734375e-01 5.247672200202941895e-01 -5.367836356163024902e-02 -3.422589898109436035e-01 -1.493225395679473877e-01 6.438834071159362793e-01 -6.348087787628173828e-01 3.980569541454315186e-03 -2.423805147409439087e-01 4.704925119876861572e-01 -2.544655650854110718e-02 -2.594196796417236328e-01 8.629275113344192505e-02 7.824467122554779053e-02 -1.138183623552322388e-01 4.604945480823516846e-01 -6.245814263820648193e-02 3.307890146970748901e-04 -4.169221818447113037e-01 1.469855904579162598e-01 3.800854384899139404e-01 -2.334126383066177368e-01 -3.335109725594520569e-02 4.141702502965927124e-02 1.049970686435699463e-01 6.125058978796005249e-03 5.530285835266113281e-01 4.683039486408233643e-01 2.117151916027069092e-01 1.371041685342788696e-02 -3.326368629932403564e-01 5.823546648025512695e-01 2.918308675289154053e-01 2.701846323907375336e-02 -1.088370233774185181e-01 1.614996232092380524e-02 1.670353412628173828e-01 -1.631790250539779663e-01 7.447452545166015625e-01 -1.016920804977416992e-01 -7.581605762243270874e-02 2.804811596870422363e-01 3.316524922847747803e-01 1.312951445579528809e-01 -5.665807723999023438e-01 2.319523692131042480e-01 8.499635756015777588e-02 -2.742093242704868317e-02 -2.073307037353515625e-01 -1.952209472656250000e-01 1.276395916938781738e-01 4.528221189975738525e-01 4.249332845211029053e-01 5.766077637672424316e-01 1.897860765457153320e-01 6.683776527643203735e-02 4.549907147884368896e-02 -3.133911639451980591e-02 5.969457700848579407e-02 -1.685136929154396057e-02
-7.592676281929016113e-01 -1.186527386307716370e-01 4.499962180852890015e-02 -3.632985949516296387e-01 5.206117630004882812e-01 4.717675745487213135e-01 -1.801948845386505127e-01 -2.805982828140258789e-01 -1.099610626697540283e-01 8.209058642387390137e-01 -7.159619331359863281e-01 2.018247246742248535e-01 -2.255494892597198486e-02 6.289176940917968750e-01 3.729210793972015381e-02 -2.527656853199005127e-01 2.969632446765899658e-01 5.020238831639289856e-02 -7.224854826927185059e-02 5.653942227363586426e-01 1.515778899192810059e-01 -3.813130781054496765e-02 -6.224171519279479980e-01 2.295826375484466553e-02 4.802747368812561035e-01 -2.041963636875152588e-01 -4.780254513025283813e-02 2.033055722713470459e-01 1.342106796801090240e-02 -1.113762110471725464e-01 4.429014921188354492e-01 4.856371283531188965e-01 4.274365603923797607e-01 -1.102840751409530640e-01 -5.189784765243530273e-01 5.464447736740112305e-01 2.338710427284240723e-01 1.218785643577575684e-01 -2.799964547157287598e-01 1.366296261548995972e-01 -4.222281277179718018e-02 4.882816970348358154e-02 7.015646696090698242e-01 -3.918339312076568604e-02 -2.059749066829681396e-01 3.970800638198852539e-01 4.398484528064727783e-01 -1.453863531351089478e-01 -4.162071049213409424e-01 3.235409855842590332e-01 1.073503643274307251e-01 5.998057499527931213e-02 -2.650650739669799805e-01 -2.586324512958526611e-01 1.225247830152511597e-01 3.258173465728759766e-01 3.548134863376617432e-01 5.556460618972778320e-01 3.417820334434509277e-01 1.437687277793884277e-01 7.447283715009689331e-02 4.525217413902282715e-02 5.725221708416938782e-02 -2.208977937698364258e-01
-6.379200816154479980e-01 -1.475185155868530273e-01 2.636530995368957520e-01 -2.250002324581146240e-01 5.806609392166137695e-01 3.353964090347290039e-01 -2.956943511962890625e-01 -3.279685974121093750e-01 -2.146733254194259644e-01 9.819313883781433105e-01 -5.701955556869506836e-01 1.491314172744750977e-01 1.142103523015975952e-01 6.332763433456420898e-01 -2.086043357849121094e-03 -7.265332341194152832e-02 4.397368729114532471e-01 3.026867508888244629e-01 -1.841301769018173218e-01 4.348981082439422607e-01 3.717406988143920898e-01 1.505722999572753906e-01 -7.574090957641601562e-01 -1.882655918598175049e-01 5.000428557395935059e-01 -1.675300002098083496e-01 -2.005399763584136963e-01 5.821313709020614624e-02 -1.930868923664093018e-01 1.099678575992584229e-01 3.862681686878204346e-01 4.627149105072021484e-01 4.207339286804199219e-01 -1.584394276142120361e-02 -6.484943628311157227e-01 4.142973423004150391e-01 2.423565685749053955e-01 3.215013444423675537e-01 -2.517847120761871338e-01 2.783469557762145996e-01 -2.067902684211730957e-01 2.076055295765399933e-02 4.271481633186340332e-01 -2.114349603652954102e-01 -4.442235529422760010e-01 4.150272011756896973e-01 4.416632056236267090e-01 -2.292794287204742432e-01 -2.827269732952117920e-01 3.072159588336944580e-01 5.013565719127655029e-02 2.138154059648513794e-01 -1.943922042846679688e-01 -3.366557955741882324e-01 1.810212284326553345e-01 2.216379940509796143e-01 1.006553694605827332e-02 3.711775243282318115e-01 6.308596730232238770e-01 6.528054922819137573e-02 1.761220693588256836e-01 2.760919928550720215e-01 8.928868919610977173e-02 -1.348895281553268433e-01
-5.818869471549987793e-01 -6.469471752643585205e-02 2.162627875804901123e-01 -2.540339529514312744e-01 5.631626844406127930e-01 3.559562265872955322e-01 -1.905421912670135498e-01 -2.355983108282089233e-01 -1.366499960422515869e-01 9.654940962791442871e-01 -6.488682031631469727e-01 1.731467843055725098e-01 7.643809169530868530e-02 5.883435606956481934e-01 -4.754333198070526123e-02 -5.889146029949188232e-02 4.260513186454772949e-01 2.542671859264373779e-01 -1.831902116537094116e-01 4.061999320983886719e-01 3.053119182586669922e-01 1.734661608934402466e-01 -7.164894938468933105e-01 -2.164418995380401611e-01 5.180807113647460938e-01 -8.755921572446823120e-02 -1.335984468460083008e-01 1.909539103507995605e-03 -5.366565659642219543e-02 5.182927101850509644e-02 4.423813521862030029e-01 5.085034370422363281e-01 3.620873391628265381e-01 -6.972315907478332520e-02 -6.462204456329345703e-01 4.782496094703674316e-01 1.964167356491088867e-01 3.382214009761810303e-01 -2.920466661453247070e-01 2.538817226886749268e-01 -1.929123699665069580e-01 7.514543831348419189e-02 3.893637359142303467e-01 -2.668278813362121582e-01 -3.482989668846130371e-01 3.950439095497131348e-01 4.195609986782073975e-01 -1.677447855472564697e-01 -3.315325379371643066e-01 2.943699359893798828e-01 1.424536108970642090e-03 1.093730628490447998e-01 -3.292540609836578369e-01 -3.068915307521820068e-01 1.915137916803359985e-01 2.405031323432922363e-01 5.572265759110450745e-02 3.701418042182922363e-01 6.093750596046447754e-01 4.241479188203811646e-02 1.882550120353698730e-01 1.342717707157135010e-01 7.146086543798446655e-02 -7.240916788578033447e-02
-7.078994512557983398e-01 -2.260964959859848022e-01 -1.378774642944335938e-02 -3.067481815814971924e-01 3.946139216423034668e-01 5.244224667549133301e-01 -1.129719763994216919e-01 -3.734222054481506348e-01 -1.810853779315948486e-01 6.591191291809082031e-01 -5.235742926597595215e-01 1.749487221240997314e-02 -2.481257766485214233e-01 5.734634399414062500e-01 2.692675963044166565e-02 -2.361819148063659668e-01 1.939066946506500244e-01 8.600968867540359497e-03 -1.655556112527847290e-01 3.732894957065582275e-01 -2.185694873332977295e-03 -3.205430507659912109e-02 -4.683907330036163330e-01 1.036305651068687439e-01 3.922644257545471191e-01 -3.000937402248382568e-01 -1.075927242636680603e-01 1.235114857554435730e-01 4.287050664424896240e-02 6.277386844158172607e-02 5.121845602989196777e-01 5.064308643341064453e-01 2.773672342300415039e-01 -6.697800010442733765e-03 -4.329579770565032959e-01 5.863561034202575684e-01 2.827273607254028320e-01 -1.210689265280961990e-02 -1.655975133180618286e-01 2.726258710026741028e-02 1.615560054779052734e-01 -1.719720959663391113e-01 7.160021066665649414e-01 -6.882892549037933350e-02 -1.073649451136589050e-01 3.188798427581787109e-01 3.292774856090545654e-01 2.659099549055099487e-02 -4.921862483024597168e-01 2.942694127559661865e-01 1.182713508605957031e-01 -1.189744099974632263e-02 -2.157527208328247070e-01 -1.747602373361587524e-01 5.832648277282714844e-02 4.080529510974884033e-01 4.219440519809722900e-01 6.520125269889831543e-01 2.639518380165100098e-01 8.096024394035339355e-04 3.453775495290756226e-02 1.647874265909194946e-01 9.370458871126174927e-02 1.976589113473892212e-02
-6.094549894332885742e-01 -2.150609046220779419e-01 -2.283985316753387451e-01 -3.132281601428985596e-01 3.376804888248443604e-01 5.009060502052307129e-01 1.726220548152923584e-02 -4.215487837791442871e-01 -3.488211333751678467e-02 5.542697310447692871e-01 -6.541260480880737305e-01 9.170398116111755371e-04 -3.499455451965332031e-01 4.409477412700653076e-01 5.037974193692207336e-02 -2.471880614757537842e-01 1.127203181385993958e-01 2.600571140646934509e-02 -2.017725557088851929e-01 4.765093028545379639e-01 -1.105783581733703613e-01 -1.080686226487159729e-03 -3.810478746891021729e-01 2.356681227684020996e-01 3.552668690681457520e-01 -2.317109704017639160e-01 2.633967436850070953e-02 9.860668331384658813e-02 1.286170631647109985e-01 -4.776672273874282837e-02 5.618363618850708008e-01 4.803710281848907471e-01 2.348523885011672974e-01 -1.095510870218276978e-01 -2.080121934413909912e-01 5.977745652198791504e-01 3.692211210727691650e-01 -9.631295502185821533e-02 -2.162699401378631592e-01 2.524582296609878540e-02 2.750809192657470703e-01 -2.408578395843505859e-01 8.449726700782775879e-01 -6.413885951042175293e-02 -9.411367028951644897e-02 3.176916837692260742e-01 3.668552935123443604e-01 2.554850280284881592e-01 -5.838266015052795410e-01 2.483320832252502441e-01 5.984635651111602783e-02 3.600049763917922974e-03 -1.313156783580780029e-01 -2.114831209182739258e-01 8.991803228855133057e-02 4.979533255100250244e-01 4.910158812999725342e-01 6.051689386367797852e-01 4.133969545364379883e-02 3.504691272974014282e-02 3.585456311702728271e-02 -8.203967660665512085e-02 1.196107119321823120e-01 -3.706470131874084473e-03
-6.828737854957580566e-01 -1.286252290010452271e-01 -1.531828343868255615e-01 -3.467987179756164551e-01 3.983383178710937500e-01 4.985892474651336670e-01 -8.154243230819702148e-02 -3.832620978355407715e-01 -1.592368483543395996e-01 6.288932561874389648e-01 -6.048557758331298828e-01 4.255553334951400757e-02 -1.840781718492507935e-01 5.302557945251464844e-01 5.548186600208282471e-03 -2.942809760570526123e-01 4.826106876134872437e-02 -3.267540037631988525e-02 -1.463642567396163940e-01 4.483585953712463379e-01 -5.332575738430023193e-02 -2.232634648680686951e-02 -3.903385102748870850e-01 1.893265843391418457e-01 4.298712313175201416e-01 -3.013397753238677979e-01 2.961435588076710701e-03 9.606238454580307007e-02 1.364094763994216919e-01 -6.812387704849243164e-02 5.260187387466430664e-01 5.337839126586914062e-01 2.816363275051116943e-01 -3.132335841655731201e-02 -3.750466108322143555e-01 5.664696693420410156e-01 2.610692381858825684e-01 -2.219419367611408234e-02 -1.372412741184234619e-01 8.206338435411453247e-02 1.926056444644927979e-01 -1.568960994482040405e-01 7.267639636993408203e-01 -1.025729477405548096e-01 -1.055301502346992493e-01 3.160385489463806152e-01 3.607734441757202148e-01 1.392541527748107910e-01 -5.805156230926513672e-01 3.272343277931213379e-01 1.143612116575241089e-01 -1.668590679764747620e-02 -1.031706929206848145e-01 -1.936404109001159668e-01 1.080870330333709717e-01 4.355545341968536377e-01 4.814266264438629150e-01 6.407242417335510254e-01 2.187431603670120239e-01 3.624356538057327271e-02 -4.236406460404396057e-02 -4.600823670625686646e-02 3.063267841935157776e-02 -7.985979318618774414e-02
-6.295998096466064453e-01 -8.631620556116104126e-02 1.235307827591896057e-01 -3.501401841640472412e-01 5.453375577926635742e-01 4.143205285072326660e-01 -2.308627963066101074e-01 -2.392778098583221436e-01 -3.090053200721740723e-01 7.165613174438476562e-01 -6.004372835159301758e-01 5.186624079942703247e-02 1.630804315209388733e-02 6.785315275192260742e-01 4.759280383586883545e-02 -3.305975198745727539e-01 2.916756272315979004e-01 4.217538610100746155e-02 -7.674705982208251953e-02 5.194398164749145508e-01 7.717092335224151611e-02 6.761431694030761719e-02 -4.764719605445861816e-01 -1.111681014299392700e-02 4.164363443851470947e-01 -3.186792731285095215e-01 -1.383560895919799805e-01 9.122823923826217651e-02 1.166436970233917236e-01 -5.543889105319976807e-02 4.056343734264373779e-01 5.391533374786376953e-01 4.220536649227142334e-01 2.415262907743453979e-02 -5.521146059036254883e-01 3.601502776145935059e-01 1.784950792789459229e-01 1.978863477706909180e-01 -2.128492593765258789e-01 1.932270377874374390e-01 2.921441197395324707e-02 4.840956628322601318e-02 6.079671978950500488e-01 -2.392289936542510986e-01 -3.404059410095214844e-01 4.540047645568847656e-01 4.277028143405914307e-01 -9.799804538488388062e-02 -4.309595227241516113e-01 4.344998896121978760e-01 1.573990434408187866e-01 -9.324975311756134033e-03 -2.859190702438354492e-01 -1.631177067756652832e-01 2.351287156343460083e-01 3.685165047645568848e-01 2.804450988769531250e-01 5.216262936592102051e-01 4.845372438430786133e-01 7.618404179811477661e-02 5.063371732831001282e-02 7.125644385814666748e-02 -7.479771226644515991e-02 -1.697074174880981445e-01
-5.244437456130981445e-01 -2.587706446647644043e-01 -1.365728378295898438e-01 -4.564405083656311035e-01 2.397554218769073486e-01 5.429845452308654785e-01 4.306885600090026855e-02 -2.849795818328857422e-01 -2.943314313888549805e-01 3.300742208957672119e-01 -4.943844676017761230e-01 -1.094495281577110291e-01 -3.700999021530151367e-01 4.937101900577545166e-01 3.734277188777923584e-02 -4.308064877986907959e-01 6.721388548612594604e-02 -1.513932049274444580e-01 -3.941857814788818359e-02 5.447064042091369629e-01 -1.763709038496017456e-01 -1.191034615039825439e-01 -1.472832560539245605e-01 3.821321129798889160e-01 1.918749362230300903e-01 -4.159805476665496826e-01 -9.248277544975280762e-02 3.910013288259506226e-02 3.135111629962921143e-01 -1.539974510669708252e-01 5.663828253746032715e-01 6.043678522109985352e-01 1.910710483789443970e-01 1.544811129570007324e-01 -2.367423474788665771e-01 5.175250768661499023e-01 2.926727831363677979e-01 -1.061554625630378723e-01 3.418248891830444336e-02 -4.141493514180183411e-02 3.699099123477935791e-01 -2.312170267105102539e-01 8.550572991371154785e-01 -2.354611456394195557e-02 -2.430628053843975067e-02 2.690126299858093262e-01 3.179022073745727539e-01 3.656208515167236328e-01 -6.410460472106933594e-01 3.921052515506744385e-01 2.208779007196426392e-01 -6.956943124532699585e-02 -9.207518398761749268e-02 -2.365389466285705566e-02 1.844708770513534546e-01 5.517994165420532227e-01 6.148307323455810547e-01 7.619934082031250000e-01 1.097784191370010376e-01 7.330038398504257202e-02 -7.577861845493316650e-02 -5.035831034183502197e-02 1.903022639453411102e-03 9.341463446617126465e-03
-4.810217022895812988e-01 -1.377713829278945923e-01 2.608148157596588135e-01 -3.112172186374664307e-01 5.518420934677124023e-01 2.689444720745086670e-01 -2.692605555057525635e-02 -2.247353941202163696e-01 -2.240357100963592529e-01 8.003111481666564941e-01 -6.073395013809204102e-01 1.246272698044776917e-01 -4.993142187595367432e-02 4.243227541446685791e-01 -4.143159836530685425e-02 -1.082517281174659729e-01 4.846776723861694336e-01 3.205774128437042236e-01 -2.814664244651794434e-01 3.712276518344879150e-01 2.662569284439086914e-01 1.256215274333953857e-01 -5.673348903656005859e-01 -2.608099579811096191e-01 4.309853017330169678e-01 -1.998156160116195679e-01 -2.064824253320693970e-01 3.889687359333038330e-03 1.541891396045684814e-01 1.211671829223632812e-01 4.444314539432525635e-01 5.054230690002441406e-01 3.058547973632812500e-01 -1.511833369731903076e-01 -4.453819692134857178e-01 3.425385951995849609e-01 2.039654552936553955e-01 3.893738687038421631e-01 -3.891004621982574463e-01 3.082143068313598633e-01 -1.370231807231903076e-01 1.038269549608230591e-01 3.960811495780944824e-01 -3.586650788784027100e-01 -4.597588777542114258e-01 5.013101100921630859e-01 4.637740552425384521e-01 -1.308274120092391968e-01 -4.062485098838806152e-01 3.781544864177703857e-01 1.295036524534225464e-01 1.336938142776489258e-01 -4.039447903633117676e-01 -3.847555518150329590e-01 3.706722259521484375e-01 2.008807808160781860e-01 1.798878908157348633e-01 4.375486969947814941e-01 6.865009665489196777e-01 2.075939476490020752e-01 4.223993793129920959e-02 2.324511110782623291e-02 6.286165118217468262e-02 2.467289194464683533e-02
-6.251106262207031250e-01 -6.035879626870155334e-02 1.279249787330627441e-01 -2.314615249633789062e-01 4.844487607479095459e-01 3.857420086860656738e-01 -2.418555915355682373e-01 -2.946078181266784668e-01 -2.417277991771697998e-01 9.420229196548461914e-01 -5.596210956573486328e-01 5.028716102242469788e-02 6.517736613750457764e-02 6.114972829818725586e-01 -7.678248733282089233e-02 -1.771914511919021606e-01 2.677060663700103760e-01 1.450712978839874268e-01 -1.800097376108169556e-01 2.499900311231613159e-01 2.239994406700134277e-01 2.334556728601455688e-01 -6.587842702865600586e-01 -9.934315830469131470e-02 5.756307244300842285e-01 -1.962634474039077759e-01 -1.306311935186386108e-01 -8.682174235582351685e-02 2.645365148782730103e-02 1.899250000715255737e-01 4.411367475986480713e-01 5.216033458709716797e-01 2.584829628467559814e-01 -4.703056067228317261e-02 -6.435445547103881836e-01 4.879788160324096680e-01 1.186736747622489929e-01 3.102826476097106934e-01 -1.771090924739837646e-01 2.192896008491516113e-01 -6.846860051155090332e-04 1.880268193781375885e-02 3.833555281162261963e-01 -3.649229407310485840e-01 -2.531152367591857910e-01 3.776586651802062988e-01 4.512286484241485596e-01 -1.265248209238052368e-01 -4.508035480976104736e-01 2.591420412063598633e-01 3.279782831668853760e-03 -4.128328710794448853e-02 -2.959877550601959229e-01 -2.144717574119567871e-01 2.151723355054855347e-01 3.022723793983459473e-01 7.097594439983367920e-03 3.698155581951141357e-01 5.834729075431823730e-01 -1.234800815582275391e-01 1.930609792470932007e-01 1.618316322565078735e-01 -3.622863069176673889e-02 -3.378912806510925293e-02
-3.808769583702087402e-01 -5.234218761324882507e-02 -2.510666847229003906e-01 -3.100019693374633789e-01 2.926698029041290283e-01 2.673065662384033203e-01 2.129239737987518311e-01 -2.464830428361892700e-01 -1.803234815597534180e-01 5.563980937004089355e-01 -6.476734876632690430e-01 8.772425353527069092e-03 -3.784723877906799316e-01 3.882529139518737793e-01 -4.838997870683670044e-02 -2.986588180065155029e-01 1.224540099501609802e-01 1.195775866508483887e-01 -1.442521661520004272e-01 2.737152874469757080e-01 -6.580711901187896729e-02 2.093483060598373413e-01 -3.681623935699462891e-01 1.162438243627548218e-01 5.536651015281677246e-01 -1.579095721244812012e-01 -2.408204972743988037e-02 -1.379850208759307861e-01 3.139036297798156738e-01 5.175129696726799011e-02 5.407533645629882812e-01 4.842836260795593262e-01 6.989970058202743530e-02 -2.431808412075042725e-01 -2.296101152896881104e-01 6.638546586036682129e-01 4.077184200286865234e-01 -4.597440734505653381e-02 -2.695906758308410645e-01 -1.609459146857261658e-02 5.005850791931152344e-01 -2.559741437435150146e-01 4.213937520980834961e-01 -3.721979260444641113e-01 -1.228370591998100281e-01 2.234151512384414673e-01 4.592401683330535889e-01 2.797489762306213379e-01 -6.771678328514099121e-01 1.107808947563171387e-01 1.096182912588119507e-01 -2.847633063793182373e-01 -3.477200865745544434e-01 -4.382436573505401611e-01 1.648340374231338501e-01 5.123476982116699219e-01 3.925567567348480225e-01 5.494039058685302734e-01 1.140742450952529907e-01 -1.317575424909591675e-01 1.606080494821071625e-02 -3.031699657440185547e-01 -3.970530629158020020e-02 2.102428674697875977e-01
-2.866059541702270508e-01 -1.972974091768264771e-01 9.761241823434829712e-02 -3.295582532882690430e-01 5.197130441665649414e-01 2.231539487838745117e-01 1.304773688316345215e-01 -2.783320546150207520e-01 -1.140711307525634766e-01 5.719552636146545410e-01 -6.986738443374633789e-01 -3.616087883710861206e-02 -1.426856964826583862e-01 1.826983392238616943e-01 -1.567909717559814453e-01 -2.472273409366607666e-01 3.375625312328338623e-01 2.909053564071655273e-01 -3.898803591728210449e-01 5.191546678543090820e-01 1.934887319803237915e-01 9.941254556179046631e-02 -4.512683451175689697e-01 -2.184376865625381470e-02 3.780939579010009766e-01 -1.832885146141052246e-01 -1.193059384822845459e-01 -1.395369917154312134e-01 2.300815731287002563e-01 4.787345230579376221e-02 4.676572680473327637e-01 4.224366843700408936e-01 1.896484643220901489e-01 -5.394468456506729126e-02 -1.533704400062561035e-01 4.819591641426086426e-01 3.195964097976684570e-01 2.044848054647445679e-01 -3.937792778015136719e-01 2.554853558540344238e-01 1.031739115715026855e-01 -1.453012377023696899e-01 5.413361787796020508e-01 -3.807914555072784424e-01 -3.637020885944366455e-01 3.712400197982788086e-01 4.017982184886932373e-01 2.030190527439117432e-01 -6.812870502471923828e-01 3.128600716590881348e-01 -2.668395638465881348e-02 8.181077241897583008e-02 -2.296494245529174805e-01 -3.849000930786132812e-01 4.894195199012756348e-01 3.979287445545196533e-01 2.885220050811767578e-01 3.318071067333221436e-01 4.931994080543518066e-01 1.497678160667419434e-01 4.422691091895103455e-02 -1.157726347446441650e-02 4.630159214138984680e-02 8.923436701297760010e-02
-4.395223855972290039e-01 4.299417138099670410e-03 -3.580311238765716553e-01 -3.520026803016662598e-01 1.527651250362396240e-01 3.237242102622985840e-01 2.062229514122009277e-01 -2.554018497467041016e-01 -1.859366595745086670e-01 4.850538074970245361e-01 -6.191732883453369141e-01 -3.131587058305740356e-02 -3.547438383102416992e-01 4.301022589206695557e-01 -5.142351239919662476e-02 -4.721967279911041260e-01 -6.543140858411788940e-02 -1.117322966456413269e-02 -8.590042591094970703e-02 2.781530320644378662e-01 -1.647279709577560425e-01 2.089107632637023926e-01 -2.688524127006530762e-01 3.282303214073181152e-01 5.755742192268371582e-01 -2.004291713237762451e-01 5.635772272944450378e-02 -1.075102537870407104e-01 3.547194600105285645e-01 2.987913787364959717e-03 5.053372979164123535e-01 5.093101859092712402e-01 3.064898401498794556e-02 -1.576278954744338989e-01 -1.824075579643249512e-01 7.165757417678833008e-01 3.791569471359252930e-01 -1.547512561082839966e-01 -7.576810568571090698e-02 -1.155607402324676514e-01 7.017429471015930176e-01 -2.923407554626464844e-01 4.498499035835266113e-01 -2.916108369827270508e-01 -1.699297688901424408e-03 1.799723654985427856e-01 4.809248447418212891e-01 4.111951589584350586e-01 -7.048300504684448242e-01 8.252578973770141602e-02 7.379746437072753906e-02 -3.684317171573638916e-01 -1.717936545610427856e-01 -3.795780837535858154e-01 1.038970053195953369e-01 5.845024585723876953e-01 4.786639511585235596e-01 6.315999031066894531e-01 4.920676350593566895e-03 -1.909813582897186279e-01 -8.600214868783950806e-02 -3.754505515098571777e-01 -1.501124501228332520e-01 1.987025588750839233e-01
-3.115688562393188477e-01 -1.967990398406982422e-01 4.280461370944976807e-01 -3.332891464233398438e-01 3.754072189331054688e-01 1.378961652517318726e-01 -3.486488759517669678e-02 -1.850619018077850342e-01 -3.636521995067596436e-01 9.774154424667358398e-01 -4.212611019611358643e-01 5.915499106049537659e-02 1.536170095205307007e-01 2.940131127834320068e-01 -1.322223246097564697e-01 1.156051978468894958e-01 5.731754302978515625e-01 5.000265836715698242e-01 -3.310933113098144531e-01 9.188883006572723389e-02 7.583669424057006836e-01 4.852657914161682129e-01 -5.872975587844848633e-01 -2.346007525920867920e-01 4.776402711868286133e-01 -1.205777376890182495e-02 -2.563396394252777100e-01 -2.257434129714965820e-01 -1.169203072786331177e-01 2.136088609695434570e-01 2.137925624847412109e-01 5.398730635643005371e-01 3.074075877666473389e-01 -6.059193611145019531e-02 -3.241831958293914795e-01 3.773882985115051270e-01 4.087763130664825439e-01 5.813748240470886230e-01 -1.522644907236099243e-01 3.712719678878784180e-01 -4.129807054996490479e-01 9.814428538084030151e-02 -3.788930922746658325e-02 -4.528732597827911377e-01 -7.945498228073120117e-01 5.211209654808044434e-01 6.010274887084960938e-01 -1.941694021224975586e-01 -1.079926043748855591e-01 1.384483873844146729e-01 7.853113114833831787e-03 3.571603894233703613e-01 -1.806158572435379028e-01 -5.492250919342041016e-01 5.588064193725585938e-01 1.319247782230377197e-01 -3.442094326019287109e-01 2.214022278785705566e-01 1.056308031082153320e+00 -1.770131289958953857e-03 2.683045566082000732e-01 2.289956659078598022e-01 9.494927525520324707e-02 2.164254784584045410e-01
-3.057599365711212158e-01 -1.474839150905609131e-01 -4.379519224166870117e-01 -3.919176757335662842e-01 3.708858788013458252e-02 3.609162271022796631e-01 2.631421089172363281e-01 -2.541381120681762695e-01 -2.256032526493072510e-01 4.007929265499114990e-01 -6.173224449157714844e-01 -8.946370333433151245e-02 -3.795917630195617676e-01 3.116247951984405518e-01 -8.305522054433822632e-02 -3.766507506370544434e-01 -6.105046719312667847e-02 3.917515277862548828e-03 -1.406954675912857056e-01 2.741013169288635254e-01 -1.516633927822113037e-01 2.481041848659515381e-01 -1.888031661510467529e-01 3.784574568271636963e-01 4.452011883258819580e-01 -1.627511829137802124e-01 2.067066030576825142e-03 -2.802213132381439209e-01 3.764926195144653320e-01 2.986643463373184204e-03 5.072460770606994629e-01 5.841068029403686523e-01 7.303723134100437164e-03 -3.969129174947738647e-02 -1.761233210563659668e-01 6.473344564437866211e-01 3.521786630153656006e-01 -1.512504667043685913e-01 -3.490246087312698364e-02 -3.777084872126579285e-02 6.048788428306579590e-01 -3.304428160190582275e-01 5.230458974838256836e-01 -4.133295714855194092e-01 5.814123898744583130e-02 1.965347677469253540e-01 4.862514734268188477e-01 5.495755672454833984e-01 -7.976266145706176758e-01 1.292272359132766724e-01 6.241030991077423096e-03 -3.542665839195251465e-01 -1.772574782371520996e-01 -1.840242445468902588e-01 1.593733578920364380e-01 6.503150463104248047e-01 3.920722007751464844e-01 5.075482726097106934e-01 6.955821812152862549e-02 -3.021520376205444336e-01 2.986061386764049530e-03 -2.695926427841186523e-01 -2.773113921284675598e-02 2.425123453140258789e-01
-1.432212889194488525e-01 -3.765733912587165833e-02 -2.964156568050384521e-01 -2.940236628055572510e-01 1.944727003574371338e-01 2.806730866432189941e-01 2.840601801872253418e-01 -2.265727669000625610e-01 -1.904694288969039917e-01 4.829817712306976318e-01 -6.871412992477416992e-01 -1.297663152217864990e-01 -3.453559875488281250e-01 2.884167432785034180e-01 -1.484406888484954834e-01 -4.236034452915191650e-01 1.328013688325881958e-01 9.595932066440582275e-02 -2.278983145952224731e-01 2.933091223239898682e-01 -6.995221972465515137e-02 3.950799405574798584e-01 -3.170295655727386475e-01 2.761295735836029053e-01 5.124620795249938965e-01 -1.743719428777694702e-01 -4.727721959352493286e-02 -3.372127711772918701e-01 3.447574377059936523e-01 2.215792238712310791e-02 5.271276235580444336e-01 5.729480981826782227e-01 -1.782605051994323730e-02 -7.524172961711883545e-02 -1.418153494596481323e-01 6.479395031929016113e-01 3.560137152671813965e-01 1.837492547929286957e-02 -1.287936419248580933e-01 4.453143849968910217e-02 6.230173707008361816e-01 -3.335783481597900391e-01 3.498983383178710938e-01 -5.040061473846435547e-01 -6.344217061996459961e-02 2.616081833839416504e-01 5.052258372306823730e-01 5.102551579475402832e-01 -7.945027947425842285e-01 1.148815751075744629e-01 1.577732712030410767e-02 -2.988366782665252686e-01 -2.491280138492584229e-01 -3.011795282363891602e-01 3.517020344734191895e-01 6.057958602905273438e-01 2.388501018285751343e-01 4.052025079727172852e-01 1.799696683883666992e-01 -2.706486582756042480e-01 6.616964191198348999e-02 -2.759853899478912354e-01 -1.490032672882080078e-01 2.816485762596130371e-01
-2.452240139245986938e-01 -8.672304451465606689e-02 -4.138459861278533936e-01 -4.133515655994415283e-01 -3.085932508111000061e-02 3.746210634708404541e-01 3.304912149906158447e-01 -2.682963013648986816e-01 -1.706054955720901489e-01 3.393976688385009766e-01 -6.696406602859497070e-01 -1.107633337378501892e-01 -3.480896949768066406e-01 2.971951067447662354e-01 -1.334289610385894775e-01 -5.033766627311706543e-01 -2.097608894109725952e-02 -2.919045463204383850e-02 -1.360844671726226807e-01 4.068654477596282959e-01 -1.525176614522933960e-01 2.642204463481903076e-01 -1.574942469596862793e-01 5.633969306945800781e-01 4.613502025604248047e-01 -2.001237869262695312e-01 1.449140999466180801e-02 -2.961116433143615723e-01 4.289319515228271484e-01 -5.171423405408859253e-02 4.756626486778259277e-01 5.850084424018859863e-01 -5.353231355547904968e-02 7.615623623132705688e-02 -8.714075386524200439e-02 7.399587631225585938e-01 3.294269740581512451e-01 -1.748975962400436401e-01 6.630998849868774414e-02 -1.327201575040817261e-01 7.786446213722229004e-01 -3.997739255428314209e-01 4.460591077804565430e-01 -3.066788017749786377e-01 1.706351488828659058e-01 1.419011354446411133e-01 5.040532350540161133e-01 6.146196126937866211e-01 -7.898758649826049805e-01 5.728483200073242188e-02 -1.242330670356750488e-02 -3.689964711666107178e-01 -6.933774054050445557e-02 -1.883672773838043213e-01 1.979737132787704468e-01 6.830049753189086914e-01 4.345150589942932129e-01 5.654181241989135742e-01 -1.732198521494865417e-02 -2.565920650959014893e-01 -6.690274178981781006e-02 -2.996819019317626953e-01 -1.728388816118240356e-01 2.969719767570495605e-01
-6.797068715095520020e-01 -2.766677737236022949e-01 -2.376419901847839355e-01 -4.844583272933959961e-01 3.485063314437866211e-01 5.473344326019287109e-01 -1.893669366836547852e-02 -2.763260006904602051e-01 -1.503608971834182739e-01 4.393504261970520020e-01 -6.062499284744262695e-01 5.814357846975326538e-02 -2.697150111198425293e-01 4.391706287860870361e-01 7.733400166034698486e-02 -3.554438650608062744e-01 4.698689281940460205e-02 -2.267284393310546875e-01 4.675216972827911377e-03 6.272268891334533691e-01 -7.119725644588470459e-02 -2.597561180591583252e-01 -1.669227182865142822e-01 2.877843976020812988e-01 3.332448303699493408e-01 -2.577169835567474365e-01 5.267077125608921051e-03 1.872048377990722656e-01 2.220653444528579712e-01 -3.586088716983795166e-01 4.830429553985595703e-01 4.905542433261871338e-01 4.179974794387817383e-01 3.299642354249954224e-02 -1.930691897869110107e-01 6.064261794090270996e-01 2.819275856018066406e-01 -1.212300807237625122e-01 -1.515401899814605713e-01 2.333457022905349731e-02 6.641022861003875732e-02 -1.308343261480331421e-01 1.002759814262390137e+00 1.148689389228820801e-01 -7.891840487718582153e-02 3.228986859321594238e-01 3.186797201633453369e-01 1.312435567378997803e-01 -6.024062633514404297e-01 4.352331459522247314e-01 1.531891375780105591e-01 1.789288967847824097e-02 -3.068519011139869690e-02 -6.757916510105133057e-02 8.048073947429656982e-02 4.680396616458892822e-01 6.947589516639709473e-01 7.865552902221679688e-01 4.166308790445327759e-03 1.887358725070953369e-01 -6.594564020633697510e-02 -7.510244846343994141e-02 4.288287088274955750e-02 -1.655710935592651367e-01
-2.265032380819320679e-01 -1.093224510550498962e-01 -3.316233754158020020e-01 -3.163225352764129639e-01 2.150621712207794189e-01 2.698678374290466309e-01 2.352542281150817871e-01 -1.819546371698379517e-01 -2.160463333129882812e-01 5.220128893852233887e-01 -6.239737272262573242e-01 -7.868123799562454224e-02 -4.558074474334716797e-01 4.080579578876495361e-01 -8.257681876420974731e-02 -4.497059881687164307e-01 1.333570629358291626e-01 4.910442605614662170e-02 -1.171714961528778076e-01 2.356021255254745483e-01 -1.567472070455551147e-01 3.190303146839141846e-01 -3.488585352897644043e-01 2.506879270076751709e-01 5.167146921157836914e-01 -2.631097435951232910e-01 -2.866189740598201752e-02 -1.765146851539611816e-01 3.148922026157379150e-01 6.638693064451217651e-02 5.098627209663391113e-01 5.501867532730102539e-01 -9.906183183193206787e-02 -8.132773637771606445e-02 -2.328860759735107422e-01 6.857773661613464355e-01 3.698369264602661133e-01 -7.241584360599517822e-02 -6.375658512115478516e-02 -7.538010179996490479e-02 7.209548354148864746e-01 -2.699970602989196777e-01 3.389093577861785889e-01 -3.595044016838073730e-01 -4.073560237884521484e-03 2.930597066879272461e-01 5.105556845664978027e-01 3.832750618457794189e-01 -7.560555934906005859e-01 7.160085439682006836e-02 1.025786846876144409e-01 -3.000325560569763184e-01 -3.000904321670532227e-01 -3.326002657413482666e-01 2.363897413015365601e-01 5.528625249862670898e-01 3.831285834312438965e-01 5.353949069976806641e-01 1.980040818452835083e-01 -2.273133099079132080e-01 1.253149658441543579e-02 -2.713914513587951660e-01 -1.564904898405075073e-01 2.591764032840728760e-01
-7.493948340415954590e-01 -2.522882819175720215e-01 1.698561906814575195e-01 -2.331208586692810059e-01 5.135953426361083984e-01 4.759730696678161621e-01 -2.803525030612945557e-01 -3.170617222785949707e-01 -1.652998179197311401e-01 9.122181534767150879e-01 -5.672171711921691895e-01 8.302700519561767578e-02 -5.923051387071609497e-02 6.185755133628845215e-01 -1.972980797290802002e-03 -9.030343592166900635e-02 3.363198637962341309e-01 1.335156857967376709e-01 -1.292501240968704224e-01 4.211648404598236084e-01 2.033777236938476562e-01 2.135472744703292847e-02 -6.927993893623352051e-01 -1.029496267437934875e-01 3.950760066509246826e-01 -1.851743012666702271e-01 -1.712353825569152832e-01 1.493368148803710938e-01 -1.492814421653747559e-01 1.058755815029144287e-01 4.806547462940216064e-01 4.504345953464508057e-01 3.666915297508239746e-01 -3.300569951534271240e-02 -5.951381921768188477e-01 4.897376298904418945e-01 1.893863081932067871e-01 2.038293778896331787e-01 -2.255123704671859741e-01 1.965443342924118042e-01 -1.409060657024383545e-01 -2.673817239701747894e-02 6.963051557540893555e-01 -1.011944115161895752e-01 -2.748246490955352783e-01 3.432304859161376953e-01 3.912689983844757080e-01 -1.645528674125671387e-01 -4.090152978897094727e-01 2.803939580917358398e-01 8.103743195533752441e-02 1.503501385450363159e-01 -2.073319554328918457e-01 -2.121962904930114746e-01 6.632755696773529053e-02 2.064446955919265747e-01 1.919868141412734985e-01 4.411481618881225586e-01 4.215574264526367188e-01 1.073377951979637146e-01 2.135146260261535645e-01 2.711659073829650879e-01 1.833973079919815063e-01 -1.631724238395690918e-01
-7.142049074172973633e-01 -1.669587492942810059e-01 -1.806469261646270752e-01 -3.797119855880737305e-01 2.865336835384368896e-01 5.720831751823425293e-01 -8.543947339057922363e-02 -3.724541068077087402e-01 -1.589639633893966675e-01 6.091337203979492188e-01 -6.417696475982666016e-01 5.229466408491134644e-02 -2.174629718065261841e-01 5.865557193756103516e-01 7.772559672594070435e-02 -2.959002256393432617e-01 6.033926457166671753e-02 -6.007213890552520752e-02 -7.660819590091705322e-02 4.715965390205383301e-01 -1.412912309169769287e-01 -4.192844405770301819e-02 -3.964827060699462891e-01 2.711389362812042236e-01 3.766474127769470215e-01 -3.034753501415252686e-01 6.853797473013401031e-03 6.077345460653305054e-02 1.367062330245971680e-01 -1.052962839603424072e-01 5.259758830070495605e-01 5.705453157424926758e-01 3.024010956287384033e-01 3.099244832992553711e-02 -4.085846841335296631e-01 5.946943163871765137e-01 2.332520782947540283e-01 -4.998118430376052856e-02 -7.946483045816421509e-02 1.938830688595771790e-02 2.054007947444915771e-01 -1.429597437381744385e-01 8.237897753715515137e-01 -9.154695272445678711e-02 3.625715523958206177e-02 3.274357914924621582e-01 4.185582101345062256e-01 1.766816377639770508e-01 -5.983006358146667480e-01 3.427280485630035400e-01 1.398637145757675171e-01 -6.492426991462707520e-02 -2.052232921123504639e-01 -3.796640783548355103e-02 4.467870295047760010e-02 5.145861506462097168e-01 4.801939427852630615e-01 6.508165597915649414e-01 1.488950848579406738e-01 -3.909216076135635376e-02 1.706859469413757324e-02 -5.525348335504531860e-02 4.583529382944107056e-02 -7.865567505359649658e-02
-5.342172384262084961e-01 -1.616847664117813110e-01 -2.301226556301116943e-01 -4.953537285327911377e-01 1.383508592844009399e-01 4.766005873680114746e-01 1.110835149884223938e-01 -2.780824303627014160e-01 -4.913096129894256592e-02 5.562978386878967285e-01 -6.605018377304077148e-01 1.326815038919448853e-02 -2.420240491628646851e-01 4.602265059947967529e-01 -4.003966599702835083e-02 -2.547317743301391602e-01 7.682306319475173950e-02 -1.264588832855224609e-01 -9.318156540393829346e-02 4.975766837596893311e-01 -2.226912230253219604e-02 3.765163943171501160e-02 -3.348014950752258301e-01 3.683338165283203125e-01 3.712767064571380615e-01 -2.216503024101257324e-01 7.307861000299453735e-02 -5.671298503875732422e-02 3.036788702011108398e-01 -1.774680316448211670e-01 5.550907254219055176e-01 6.126418113708496094e-01 1.194031983613967896e-01 1.734697073698043823e-02 -3.340661525726318359e-01 6.648150086402893066e-01 1.855955719947814941e-01 8.727353997528553009e-03 -6.249144673347473145e-03 3.922324627637863159e-03 2.869837582111358643e-01 -2.135425359010696411e-01 7.316451668739318848e-01 -1.254983842372894287e-01 6.044220179319381714e-02 2.965207099914550781e-01 4.498520195484161377e-01 4.223396480083465576e-01 -7.227023839950561523e-01 2.510199546813964844e-01 8.953610062599182129e-02 -8.988070487976074219e-02 -1.350885927677154541e-01 -2.171313762664794922e-02 9.265355765819549561e-02 5.050061345100402832e-01 5.048144459724426270e-01 6.542791128158569336e-01 1.355297863483428955e-01 -8.258046209812164307e-02 6.874118000268936157e-02 -1.766862869262695312e-01 1.999139040708541870e-02 6.827336549758911133e-02
-6.443703770637512207e-01 -1.077668741345405579e-01 -1.504715681076049805e-01 -3.164463043212890625e-01 3.936574757099151611e-01 4.276124238967895508e-01 1.553267240524291992e-03 -3.623542189598083496e-01 -1.658947616815567017e-01 6.607682108879089355e-01 -5.831511020660400391e-01 6.476289033889770508e-02 -2.993719577789306641e-01 5.256105661392211914e-01 1.360689103603363037e-02 -2.638191282749176025e-01 1.507711708545684814e-01 -2.889793366193771362e-03 -2.075628191232681274e-01 3.717665076255798340e-01 -4.221506416797637939e-02 -7.006186991930007935e-03 -4.241005182266235352e-01 1.257686316967010498e-01 4.630054533481597900e-01 -2.490352541208267212e-01 -5.117501318454742432e-02 8.584886044263839722e-02 1.175703257322311401e-01 -1.192270219326019287e-02 5.287992358207702637e-01 5.126724243164062500e-01 3.160577714443206787e-01 -1.544791907072067261e-01 -3.348102569580078125e-01 6.430154442787170410e-01 3.564735651016235352e-01 -6.249548494815826416e-02 -2.710219025611877441e-01 3.679275512695312500e-02 2.714143693447113037e-01 -2.201963067054748535e-01 6.455124616622924805e-01 -1.229970306158065796e-01 -1.280045211315155029e-01 2.720850706100463867e-01 3.617284893989562988e-01 1.198502108454704285e-01 -5.713187456130981445e-01 2.747104167938232422e-01 1.519506722688674927e-01 -6.361135095357894897e-02 -1.620907932519912720e-01 -3.023610115051269531e-01 3.955602645874023438e-02 4.290251433849334717e-01 4.989509880542755127e-01 6.714013814926147461e-01 1.491249501705169678e-01 4.162902384996414185e-02 -4.360635578632354736e-02 -6.213200464844703674e-02 5.248693376779556274e-02 1.658340543508529663e-02
-6.121908426284790039e-01 -2.021745741367340088e-01 3.775360435247421265e-02 -3.455599546432495117e-01 3.679663538932800293e-01 5.151009559631347656e-01 -1.409103125333786011e-01 -2.399409264326095581e-01 -1.185162812471389771e-01 6.907504200935363770e-01 -6.072897911071777344e-01 1.162461936473846436e-03 -1.333744078874588013e-01 5.762107372283935547e-01 -1.057990267872810364e-01 -2.411539852619171143e-01 2.320144325494766235e-01 -2.319376915693283081e-02 -1.056848764419555664e-01 4.644970297813415527e-01 7.503834366798400879e-02 5.477597564458847046e-02 -5.228865742683410645e-01 1.241396218538284302e-01 3.453072607517242432e-01 -2.605260610580444336e-01 -6.519012153148651123e-02 8.072259277105331421e-02 6.346957385540008545e-02 1.204055547714233398e-02 5.308846235275268555e-01 5.547301769256591797e-01 1.837204694747924805e-01 5.412346124649047852e-02 -4.687465727329254150e-01 5.168228149414062500e-01 1.783452332019805908e-01 1.491598039865493774e-01 -6.259018182754516602e-02 1.605565249919891357e-01 8.719969540834426880e-02 -7.204148173332214355e-02 7.739169597625732422e-01 -7.135896384716033936e-02 -1.466307342052459717e-01 3.553116321563720703e-01 3.699823021888732910e-01 1.451232731342315674e-01 -5.132966041564941406e-01 2.843786478042602539e-01 5.790035426616668701e-02 5.371298268437385559e-02 -1.467164158821105957e-01 -9.143240749835968018e-02 2.203559726476669312e-01 3.547030389308929443e-01 3.247054219245910645e-01 4.956150054931640625e-01 3.925406634807586670e-01 -1.733013987541198730e-02 2.132273167371749878e-01 1.549028605222702026e-01 9.844741970300674438e-02 -4.400125518441200256e-02
-4.968434870243072510e-01 -2.385651022195816040e-01 -2.387177050113677979e-01 -3.156589567661285400e-01 1.838598847389221191e-01 5.506016612052917480e-01 8.080452680587768555e-02 -3.953397870063781738e-01 -9.903976321220397949e-02 4.414688646793365479e-01 -6.321746110916137695e-01 -1.312012672424316406e-01 -3.718293905258178711e-01 3.792481422424316406e-01 -5.432733148336410522e-02 -3.658793568611145020e-01 -3.606662899255752563e-02 -2.045706473290920258e-02 -1.457773745059967041e-01 4.380447268486022949e-01 -1.789899617433547974e-01 6.157556548714637756e-02 -2.950073778629302979e-01 4.143422245979309082e-01 3.066456913948059082e-01 -2.837221920490264893e-01 1.173202414065599442e-02 -3.719974309206008911e-02 1.978488415479660034e-01 -2.089455723762512207e-03 5.767488479614257812e-01 5.133691430091857910e-01 3.942385688424110413e-02 9.898293763399124146e-02 -1.611307859420776367e-01 6.447902321815490723e-01 3.251822590827941895e-01 -1.141329482197761536e-01 2.919602394104003906e-02 -6.065661832690238953e-02 4.465789794921875000e-01 -3.370847105979919434e-01 7.985089421272277832e-01 -1.058743298053741455e-01 5.999940633773803711e-02 2.234159260988235474e-01 3.737549483776092529e-01 4.462698996067047119e-01 -7.000696063041687012e-01 1.968882083892822266e-01 2.638936042785644531e-02 -6.747805327177047729e-02 -7.980644702911376953e-02 -1.119128018617630005e-01 1.719689518213272095e-01 5.496432781219482422e-01 4.182921350002288818e-01 5.455555319786071777e-01 4.017467796802520752e-02 -1.231612861156463623e-01 5.897150188684463501e-02 -4.087448120117187500e-02 6.412802636623382568e-02 1.133481264114379883e-01
-6.829157471656799316e-01 -1.354149430990219116e-01 -5.113050341606140137e-02 -3.313845694065093994e-01 4.733313620090484619e-01 3.777243793010711670e-01 -1.157875955104827881e-01 -3.045840263366699219e-01 -2.645569145679473877e-01 7.140858173370361328e-01 -5.561025142669677734e-01 6.090968102216720581e-02 -2.103583365678787231e-01 6.225886940956115723e-01 3.649854660034179688e-02 -2.963761687278747559e-01 2.119612544775009155e-01 7.552266120910644531e-03 -1.300257295370101929e-01 4.064331054687500000e-01 -2.001628279685974121e-03 5.691714584827423096e-03 -4.408380687236785889e-01 6.825585663318634033e-02 4.752102494239807129e-01 -3.185901045799255371e-01 -6.567024439573287964e-02 9.577964991331100464e-02 1.333178281784057617e-01 1.326668635010719299e-02 4.967280328273773193e-01 5.097895860671997070e-01 3.111606240272521973e-01 -8.993151038885116577e-02 -4.455919563770294189e-01 5.358788371086120605e-01 2.756018042564392090e-01 5.067598819732666016e-02 -2.365115880966186523e-01 9.909214079380035400e-02 2.142203748226165771e-01 -1.054452061653137207e-01 6.392403841018676758e-01 -1.739707589149475098e-01 -1.939948797225952148e-01 3.597955107688903809e-01 4.418834149837493896e-01 -1.497112214565277100e-03 -5.506850481033325195e-01 3.316983282566070557e-01 1.787043660879135132e-01 -4.799545928835868835e-02 -1.878361999988555908e-01 -2.614578604698181152e-01 9.630270302295684814e-02 3.421800136566162109e-01 4.705724418163299561e-01 6.392728686332702637e-01 3.318680524826049805e-01 9.950386732816696167e-02 3.485183231532573700e-03 -4.542735219001770020e-02 -2.083602733910083771e-02 -9.725812077522277832e-02
-7.821527719497680664e-01 -2.760841846466064453e-01 -6.157100945711135864e-02 -4.305246472358703613e-01 3.260796666145324707e-01 6.550219058990478516e-01 -1.947374939918518066e-01 -3.683097362518310547e-01 -6.128994375467300415e-02 6.914138197898864746e-01 -6.611919403076171875e-01 5.688386410474777222e-02 -9.763042628765106201e-02 6.186872720718383789e-01 1.060947626829147339e-01 -2.622237205505371094e-01 1.438176184892654419e-01 -1.098338961601257324e-01 -3.326253592967987061e-02 6.618388891220092773e-01 -2.172679454088211060e-02 -1.098552942276000977e-01 -3.881528675556182861e-01 2.677988111972808838e-01 2.856602668762207031e-01 -3.006226718425750732e-01 3.578403266146779060e-03 1.617971956729888916e-01 6.590509414672851562e-02 -1.962985396385192871e-01 4.878323376178741455e-01 5.479062795639038086e-01 3.856028914451599121e-01 1.410758793354034424e-01 -4.394548833370208740e-01 5.527911782264709473e-01 1.810599565505981445e-01 7.029204815626144409e-02 -1.819118857383728027e-03 1.004529744386672974e-02 4.121690988540649414e-03 -8.736726641654968262e-02 9.326077699661254883e-01 7.689937204122543335e-02 -3.862342983484268188e-02 3.986525535583496094e-01 3.194982111454010010e-01 8.555581420660018921e-02 -4.692481756210327148e-01 3.664132058620452881e-01 9.103368222713470459e-02 1.011185795068740845e-01 -1.000508069992065430e-01 1.224653795361518860e-01 2.021280676126480103e-02 4.726885855197906494e-01 4.743730723857879639e-01 6.836335659027099609e-01 1.333256363868713379e-01 1.015390828251838684e-01 7.603868097066879272e-02 1.214642673730850220e-01 6.231276318430900574e-02 -1.612089872360229492e-01
-5.661888122558593750e-01 -1.137014999985694885e-01 1.393917202949523926e-01 -2.431372404098510742e-01 5.114936828613281250e-01 3.546014726161956787e-01 -1.636646687984466553e-01 -2.468092888593673706e-01 -3.063368201255798340e-01 8.501302599906921387e-01 -4.783424139022827148e-01 -2.103377133607864380e-02 -1.232040971517562866e-01 6.044594645500183105e-01 -1.762971282005310059e-02 -2.235318422317504883e-01 3.414826989173889160e-01 1.515514701604843140e-01 -1.836196035146713257e-01 2.907678782939910889e-01 1.879869699478149414e-01 1.646103560924530029e-01 -5.358750224113464355e-01 -1.469461321830749512e-01 4.992078840732574463e-01 -2.213519960641860962e-01 -1.944799572229385376e-01 2.415565401315689087e-02 7.067960500717163086e-02 1.416396051645278931e-01 4.868266582489013672e-01 5.404890775680541992e-01 2.859629690647125244e-01 -9.753906726837158203e-02 -5.302716493606567383e-01 4.027130007743835449e-01 1.885899305343627930e-01 2.907166779041290283e-01 -2.113841921091079712e-01 1.880441457033157349e-01 2.713091298937797546e-02 5.229461938142776489e-03 4.338542819023132324e-01 -3.660534620285034180e-01 -4.193549156188964844e-01 4.393449425697326660e-01 4.213859140872955322e-01 -9.539258480072021484e-02 -4.330826103687286377e-01 3.659399449825286865e-01 1.235256642103195190e-01 3.406294807791709900e-02 -2.782666385173797607e-01 -2.719824314117431641e-01 1.967583745718002319e-01 2.466192543506622314e-01 1.418627202510833740e-01 5.145698785781860352e-01 5.717413425445556641e-01 1.025541201233863831e-01 8.624593913555145264e-02 5.893477797508239746e-02 -1.155686564743518829e-02 -9.801998734474182129e-03
-6.820005178451538086e-01 -6.285747885704040527e-02 2.078732252120971680e-01 -3.205784857273101807e-01 5.353690385818481445e-01 3.769274950027465820e-01 -2.348053157329559326e-01 -2.770615220069885254e-01 -2.266028821468353271e-01 9.446089863777160645e-01 -5.910861492156982422e-01 1.116367280483245850e-01 8.822985738515853882e-02 6.319262385368347168e-01 -1.116909831762313843e-02 -8.956070244312286377e-02 3.182493150234222412e-01 1.945351213216781616e-01 -1.795371621847152710e-01 3.746019601821899414e-01 3.245986104011535645e-01 1.120661348104476929e-01 -5.980700254440307617e-01 -1.333837807178497314e-01 5.033223032951354980e-01 -1.983721852302551270e-01 -1.418902724981307983e-01 8.414801210165023804e-02 -5.616616085171699524e-02 1.529708132147789001e-02 3.985660970211029053e-01 5.350170135498046875e-01 4.161144495010375977e-01 -7.990350574254989624e-02 -6.512132883071899414e-01 4.120236039161682129e-01 2.106947898864746094e-01 2.581171691417694092e-01 -2.410928159952163696e-01 1.999074965715408325e-01 -1.974085271358489990e-01 6.746022403240203857e-02 4.057686924934387207e-01 -3.026983141899108887e-01 -4.076255559921264648e-01 4.069464802742004395e-01 4.482788443565368652e-01 -2.293503582477569580e-01 -3.480639755725860596e-01 3.658490478992462158e-01 8.421455323696136475e-02 1.428501158952713013e-01 -2.399899661540985107e-01 -2.879392504692077637e-01 1.636611968278884888e-01 1.947837024927139282e-01 1.465707719326019287e-01 4.383454322814941406e-01 6.213774085044860840e-01 5.172722786664962769e-02 6.274782866239547729e-02 1.534671634435653687e-01 8.768852055072784424e-02 -1.192074865102767944e-01
-5.758423805236816406e-01 -1.762419342994689941e-01 2.118238806724548340e-01 -2.496624886989593506e-01 5.029939413070678711e-01 3.396860361099243164e-01 -1.603527665138244629e-01 -3.135481476783752441e-01 -1.658285707235336304e-01 8.017755150794982910e-01 -5.436480045318603516e-01 3.895612061023712158e-02 -9.190917015075683594e-02 5.671162009239196777e-01 -6.291768699884414673e-02 -1.315363943576812744e-01 4.090175032615661621e-01 2.665290534496307373e-01 -2.996963858604431152e-01 3.596401214599609375e-01 1.826671957969665527e-01 9.385731816291809082e-02 -6.664936542510986328e-01 -1.580009162425994873e-01 3.942665755748748779e-01 -2.391841411590576172e-01 -1.964585483074188232e-01 4.672198742628097534e-02 -3.881128504872322083e-02 2.466565221548080444e-01 4.664399027824401855e-01 4.850219786167144775e-01 2.751783132553100586e-01 -5.796702206134796143e-02 -5.434750318527221680e-01 4.093165397644042969e-01 2.561705708503723145e-01 2.285102456808090210e-01 -2.980624437332153320e-01 2.348282188177108765e-01 3.358457237482070923e-02 -5.176112055778503418e-02 5.548895597457885742e-01 -2.626734375953674316e-01 -3.507704138755798340e-01 4.227786064147949219e-01 3.571066856384277344e-01 -2.228374779224395752e-02 -4.035931229591369629e-01 3.206954896450042725e-01 4.565246403217315674e-02 9.887231886386871338e-02 -2.795016765594482422e-01 -2.764343917369842529e-01 2.157023698091506958e-01 3.082872033119201660e-01 1.737316697835922241e-01 4.066720306873321533e-01 5.764181017875671387e-01 5.247709900140762329e-02 1.386925578117370605e-01 2.340547591447830200e-01 1.494719386100769043e-01 3.734819591045379639e-02
-6.447843909263610840e-01 -1.415022909641265869e-01 -5.519216880202293396e-02 -3.229326605796813965e-01 4.470887482166290283e-01 4.252599477767944336e-01 -5.438485741615295410e-02 -2.813863456249237061e-01 -1.454192847013473511e-01 6.860183477401733398e-01 -6.391825675964355469e-01 1.124834939837455750e-01 -1.550936251878738403e-01 5.300405025482177734e-01 -6.656625121831893921e-02 -1.707676649093627930e-01 2.201119661331176758e-01 6.803834438323974609e-02 -1.415998786687850952e-01 3.913791179656982422e-01 7.988380640745162964e-02 4.816354066133499146e-02 -5.285057425498962402e-01 5.557633936405181885e-03 4.742788970470428467e-01 -1.832362711429595947e-01 -6.229361891746520996e-02 8.556968718767166138e-02 4.763285815715789795e-02 -1.234064251184463501e-02 5.267341732978820801e-01 5.318213701248168945e-01 2.995854914188385010e-01 -9.230276197195053101e-02 -4.616480767726898193e-01 6.010113954544067383e-01 2.636485397815704346e-01 1.706765033304691315e-02 -2.652709782123565674e-01 1.552654355764389038e-01 9.382668882608413696e-02 -1.134293004870414734e-01 6.468889117240905762e-01 -1.256600916385650635e-01 -1.437191069126129150e-01 3.251359462738037109e-01 3.829012811183929443e-01 2.614617347717285156e-02 -4.891168773174285889e-01 2.288007140159606934e-01 9.997804462909698486e-02 -4.637042433023452759e-02 -2.307602167129516602e-01 -3.361111879348754883e-01 1.263548582792282104e-01 3.571512699127197266e-01 4.048878550529479980e-01 5.421401262283325195e-01 3.143568038940429688e-01 -7.206633687019348145e-03 6.932161748409271240e-02 1.336504518985748291e-02 7.709270715713500977e-02 -6.405670195817947388e-03
-5.728067755699157715e-01 -2.821918725967407227e-01 -2.208599746227264404e-01 -4.556042551994323730e-01 2.432809770107269287e-01 5.993312001228332520e-01 -5.481240153312683105e-02 -2.360275089740753174e-01 -2.812873125076293945e-01 4.332658946514129639e-01 -6.111310720443725586e-01 3.189697861671447754e-03 -2.605133652687072754e-01 5.542345643043518066e-01 3.690219670534133911e-02 -4.402659535408020020e-01 3.121623769402503967e-03 -2.437023669481277466e-01 1.378450691699981689e-01 6.910541653633117676e-01 -2.183049768209457397e-01 -1.503568440675735474e-01 -2.065613269805908203e-01 3.886460661888122559e-01 2.314829528331756592e-01 -3.747277259826660156e-01 -1.449859468266367912e-03 3.879135847091674805e-02 3.149480521678924561e-01 -2.644968628883361816e-01 5.907976627349853516e-01 6.614503860473632812e-01 2.711203694343566895e-01 2.387710809707641602e-01 -2.590640485286712646e-01 5.507853627204895020e-01 1.008706912398338318e-01 1.057523954659700394e-02 1.172555983066558838e-01 -7.931768894195556641e-03 1.878417730331420898e-01 -1.219955682754516602e-01 9.674806594848632812e-01 7.327811419963836670e-02 5.481933057308197021e-02 2.891120314598083496e-01 3.121134638786315918e-01 2.890621423721313477e-01 -5.931552648544311523e-01 4.104056656360626221e-01 2.686862349510192871e-01 -1.557908020913600922e-02 -8.712852001190185547e-02 1.449922919273376465e-01 1.240353882312774658e-01 5.638151168823242188e-01 5.627956390380859375e-01 7.471590042114257812e-01 9.026101976633071899e-02 9.513057023286819458e-02 6.305402517318725586e-02 -9.427501261234283447e-02 -9.107936918735504150e-02 -9.186863899230957031e-02
-3.250364363193511963e-01 -1.372186541557312012e-01 -5.431669354438781738e-01 -4.027532041072845459e-01 -2.929437905550003052e-02 3.487726747989654541e-01 3.132631778717041016e-01 -2.592020630836486816e-01 -1.082987189292907715e-01 4.703489542007446289e-01 -6.999952793121337891e-01 -5.072688311338424683e-02 -4.066540002822875977e-01 3.066354990005493164e-01 -1.029221788048744202e-01 -3.324896097183227539e-01 -4.893246293067932129e-02 -9.559337049722671509e-03 -9.185966849327087402e-02 3.160823583602905273e-01 -1.297363340854644775e-01 2.692006528377532959e-01 -1.749768853187561035e-01 4.985032677650451660e-01 5.124481320381164551e-01 -1.069334596395492554e-01 9.568828344345092773e-02 -2.853677868843078613e-01 3.416456580162048340e-01 -5.471701174974441528e-02 4.890860021114349365e-01 5.500522851943969727e-01 -5.137689039111137390e-02 -6.129495799541473389e-02 -1.348394453525543213e-01 7.955529093742370605e-01 3.780691325664520264e-01 -2.179427593946456909e-01 2.299338579177856445e-03 -1.763370335102081299e-01 6.732352375984191895e-01 -3.717783987522125244e-01 4.443187117576599121e-01 -3.264644742012023926e-01 2.046914994716644287e-01 1.343633234500885010e-01 5.249029994010925293e-01 4.927524626255035400e-01 -7.913292646408081055e-01 -3.590128570795059204e-02 -2.799102663993835449e-02 -3.711370825767517090e-01 -1.231310069561004639e-01 -2.021487057209014893e-01 3.945960104465484619e-02 6.300009489059448242e-01 4.609424769878387451e-01 5.164583325386047363e-01 -8.206793665885925293e-02 -2.707991600036621094e-01 8.502936922013759613e-03 -3.754646182060241699e-01 -7.242316007614135742e-02 2.391544282436370850e-01
-2.316220551729202271e-01 -9.057381004095077515e-02 -5.228282809257507324e-01 -4.232603311538696289e-01 -1.701144278049468994e-01 2.791267633438110352e-01 3.889836966991424561e-01 -2.000208497047424316e-01 -2.060680091381072998e-01 2.992069125175476074e-01 -6.321369409561157227e-01 -1.360035240650177002e-01 -3.839443922042846680e-01 2.610037326812744141e-01 -2.071367502212524414e-01 -4.912969470024108887e-01 -1.297877579927444458e-01 3.929409012198448181e-02 -4.872967302799224854e-02 3.574074506759643555e-01 -1.413062661886215210e-01 2.734811305999755859e-01 -2.949107065796852112e-02 5.821626186370849609e-01 5.641659498214721680e-01 -8.332245051860809326e-02 4.086232930421829224e-02 -3.833557963371276855e-01 4.623481631278991699e-01 -2.571676671504974365e-02 4.823822081089019775e-01 5.421713590621948242e-01 -1.129561066627502441e-01 6.158647686243057251e-02 -1.532348245382308960e-02 7.325739860534667969e-01 3.613378703594207764e-01 -1.954200118780136108e-01 1.506929099559783936e-01 -2.016770243644714355e-01 8.342401981353759766e-01 -4.059597551822662354e-01 4.376944303512573242e-01 -3.365857005119323730e-01 1.776801943778991699e-01 1.081966161727905273e-01 5.319506525993347168e-01 6.711090803146362305e-01 -7.725910544395446777e-01 -1.777991279959678650e-02 -4.897113516926765442e-02 -4.682891666889190674e-01 1.954316161572933197e-02 -2.535899877548217773e-01 1.310568898916244507e-01 7.100573778152465820e-01 4.445887506008148193e-01 5.526290535926818848e-01 -1.285172998905181885e-01 -2.534739971160888672e-01 -9.119634330272674561e-02 -4.850317239761352539e-01 -2.231073528528213501e-01 3.641758859157562256e-01
-4.496849179267883301e-01 -3.044998645782470703e-01 -1.200670599937438965e-01 -4.348463416099548340e-01 2.172526121139526367e-01 4.736767411231994629e-01 3.519833087921142578e-02 -2.725726366043090820e-01 -1.954744756221771240e-01 5.529782772064208984e-01 -5.060427188873291016e-01 -1.293739080429077148e-01 -3.042278289794921875e-01 4.478083550930023193e-01 -1.165948063135147095e-02 -2.789312899112701416e-01 1.181679591536521912e-01 -5.172046273946762085e-02 -1.475073248147964478e-01 4.113385379314422607e-01 -2.247709035873413086e-02 6.315934658050537109e-02 -3.606076538562774658e-01 2.763092219829559326e-01 2.677348554134368896e-01 -2.857566773891448975e-01 -6.601028889417648315e-02 -8.521039038896560669e-02 2.045923918485641479e-01 -1.834297925233840942e-02 5.536180138587951660e-01 6.023102998733520508e-01 7.221566140651702881e-02 1.277787685394287109e-01 -3.938047289848327637e-01 6.206573247909545898e-01 2.601772248744964600e-01 -2.921800129115581512e-02 5.032046139240264893e-02 2.273297496140003204e-02 3.481914103031158447e-01 -2.378157228231430054e-01 7.118622064590454102e-01 -1.785489916801452637e-01 -5.160152912139892578e-02 2.666928768157958984e-01 3.877960145473480225e-01 4.202114641666412354e-01 -7.003402113914489746e-01 2.564403414726257324e-01 5.585511028766632080e-02 -4.638900607824325562e-02 -1.020571291446685791e-01 -6.295435130596160889e-02 1.627764254808425903e-01 5.082859992980957031e-01 4.208164513111114502e-01 5.935376286506652832e-01 2.896322906017303467e-01 -1.012613475322723389e-01 7.952538877725601196e-02 7.321847975254058838e-02 8.542498946189880371e-02 1.054057329893112183e-01
-4.852685630321502686e-01 -2.721540629863739014e-02 -8.340790122747421265e-02 -2.904393970966339111e-01 4.189442396163940430e-01 3.570466637611389160e-01 -2.549321949481964111e-02 -2.534365057945251465e-01 -1.838814765214920044e-01 7.566202878952026367e-01 -5.940663814544677734e-01 -1.301739364862442017e-02 -1.890723407268524170e-01 5.641746520996093750e-01 -2.370328456163406372e-02 -2.900306880474090576e-01 2.224141061305999756e-01 1.119548827409744263e-01 -1.850828379392623901e-01 3.165666460990905762e-01 3.719460219144821167e-02 2.246102094650268555e-01 -5.117315649986267090e-01 2.232033759355545044e-02 5.553531646728515625e-01 -1.985656768083572388e-01 -6.106898188591003418e-02 -2.685428410768508911e-02 1.117823868989944458e-01 3.853850066661834717e-02 4.996871352195739746e-01 5.326461791992187500e-01 1.769330054521560669e-01 -1.363834291696548462e-01 -4.895183145999908447e-01 5.521961450576782227e-01 3.093438446521759033e-01 8.941754698753356934e-02 -1.828595101833343506e-01 1.129677146673202515e-01 3.082509934902191162e-01 -1.031534597277641296e-01 4.414075613021850586e-01 -3.585280179977416992e-01 -2.614607214927673340e-01 3.699686527252197266e-01 4.467761218547821045e-01 1.338465511798858643e-01 -5.569889545440673828e-01 2.550772726535797119e-01 7.573737204074859619e-02 -1.158886253833770752e-01 -2.702101171016693115e-01 -3.429458141326904297e-01 1.671132296323776245e-01 4.309052228927612305e-01 2.766485214233398438e-01 5.086160302162170410e-01 3.882297277450561523e-01 -7.739319652318954468e-02 2.740124240517616272e-02 -9.200789779424667358e-02 -2.970001474022865295e-02 4.924218356609344482e-02
-4.286679327487945557e-01 -2.138963192701339722e-01 -4.123783409595489502e-01 -3.760394752025604248e-01 1.476888954639434814e-01 4.120626449584960938e-01 2.093866020441055298e-01 -2.707351744174957275e-01 -2.360125780105590820e-01 3.789320588111877441e-01 -5.603033304214477539e-01 -6.765943020582199097e-02 -5.091284513473510742e-01 3.520060479640960693e-01 -3.448057919740676880e-02 -3.755603134632110596e-01 -6.905775517225265503e-02 -5.038589239120483398e-02 -7.277972996234893799e-02 3.552230596542358398e-01 -2.013490647077560425e-01 1.210930757224559784e-02 -1.383527219295501709e-01 3.529336452484130859e-01 4.088746011257171631e-01 -2.161182016134262085e-01 -2.213752269744873047e-02 -4.847176745533943176e-02 3.328817784786224365e-01 -8.119176328182220459e-02 5.527384877204895020e-01 5.264395475387573242e-01 8.983922004699707031e-02 -5.289650335907936096e-02 -1.008988320827484131e-01 6.638346314430236816e-01 3.828298449516296387e-01 -2.448660135269165039e-01 -6.328370422124862671e-02 -1.505424678325653076e-01 5.097216367721557617e-01 -3.157662749290466309e-01 6.671019196510314941e-01 -1.541730463504791260e-01 1.719055883586406708e-02 1.655763536691665649e-01 3.837985694408416748e-01 3.898946344852447510e-01 -7.217305302619934082e-01 1.955339312553405762e-01 1.366858333349227905e-01 -2.159768193960189819e-01 -1.142847836017608643e-01 -2.499362826347351074e-01 7.143431901931762695e-02 5.730434656143188477e-01 5.893860459327697754e-01 7.069752812385559082e-01 -5.424112454056739807e-02 -7.188475131988525391e-02 -1.065456867218017578e-01 -2.638446092605590820e-01 -9.600284509360790253e-03 1.756861060857772827e-01
-5.835772752761840820e-01 -1.373743265867233276e-01 -3.407646417617797852e-01 -4.442871212959289551e-01 2.212896049022674561e-01 4.956043958663940430e-01 5.620706453919410706e-02 -2.806161046028137207e-01 -1.557363420724868774e-01 4.272391200065612793e-01 -6.731852293014526367e-01 4.863157868385314941e-03 -3.254755139350891113e-01 4.815501272678375244e-01 -1.620881259441375732e-03 -4.021521210670471191e-01 -8.736896514892578125e-02 -1.229172796010971069e-01 5.015511065721511841e-02 5.396916866302490234e-01 -2.345383018255233765e-01 -8.379793167114257812e-02 -1.400508582592010498e-01 4.505737423896789551e-01 3.949933350086212158e-01 -3.311202526092529297e-01 9.396634995937347412e-02 4.143945872783660889e-03 3.243648111820220947e-01 -2.193048894405364990e-01 5.148149728775024414e-01 5.116333961486816406e-01 1.610875129699707031e-01 6.052678078413009644e-02 -1.842344701290130615e-01 6.454567909240722656e-01 3.520475924015045166e-01 -1.525859385728836060e-01 2.823282778263092041e-02 -1.790923476219177246e-01 4.115720987319946289e-01 -2.059103101491928101e-01 7.763362526893615723e-01 3.167721629142761230e-02 9.908355027437210083e-02 2.148036211729049683e-01 3.479763567447662354e-01 2.944413721561431885e-01 -6.220995783805847168e-01 2.272819578647613525e-01 1.468673795461654663e-01 -1.584034711122512817e-01 -1.053476482629776001e-01 -1.022682189941406250e-01 1.316242069005966187e-01 6.152412891387939453e-01 6.389727592468261719e-01 7.315201163291931152e-01 -7.739478349685668945e-02 5.675777792930603027e-04 -6.337002664804458618e-02 -2.813636660575866699e-01 -9.312034398317337036e-02 -5.087018013000488281e-03
-7.741426229476928711e-01 -1.731588244438171387e-01 -6.587930023670196533e-03 -3.130274116992950439e-01 5.097087621688842773e-01 5.408675670623779297e-01 -2.770249843597412109e-01 -3.163229823112487793e-01 -1.929912716150283813e-01 7.884119749069213867e-01 -6.408565044403076172e-01 9.980510175228118896e-02 -1.016830950975418091e-01 6.816031336784362793e-01 6.621920317411422729e-02 -1.927380710840225220e-01 2.254114598035812378e-01 5.925611779093742371e-02 -6.070598959922790527e-02 5.206558704376220703e-01 2.754689007997512817e-02 -7.144556939601898193e-02 -5.150837898254394531e-01 5.540022253990173340e-02 3.822623491287231445e-01 -2.821307182312011719e-01 -8.845878392457962036e-02 1.654691100120544434e-01 -3.359261900186538696e-03 -9.415522217750549316e-02 4.694771766662597656e-01 5.176295042037963867e-01 4.215546548366546631e-01 9.156040847301483154e-03 -5.634920597076416016e-01 4.257156252861022949e-01 2.079603374004364014e-01 8.991846442222595215e-02 -1.756976842880249023e-01 7.982368767261505127e-02 -8.898735791444778442e-02 2.722846902906894684e-02 7.558482289314270020e-01 -7.591381669044494629e-02 -1.656398028135299683e-01 3.972688913345336914e-01 3.780219256877899170e-01 -1.305059194564819336e-01 -4.396374225616455078e-01 4.042541682720184326e-01 1.308113783597946167e-01 9.025698900222778320e-02 -2.518444061279296875e-01 -7.211378961801528931e-02 1.131988316774368286e-01 3.517873585224151611e-01 3.581789135932922363e-01 5.928778648376464844e-01 3.374282419681549072e-01 1.336585283279418945e-01 6.508459150791168213e-02 4.826654493808746338e-02 7.986146211624145508e-02 -2.382673770189285278e-01
-5.818386673927307129e-01 -1.995778083801269531e-01 4.832896888256072998e-01 -3.667720556259155273e-01 3.931990861892700195e-01 3.276101052761077881e-01 -1.801542341709136963e-01 -2.615677714347839355e-01 -1.505782604217529297e-01 1.064597010612487793e+00 -5.455805063247680664e-01 3.772478550672531128e-02 2.758990228176116943e-01 3.581051826477050781e-01 -1.377956867218017578e-01 1.974586099386215210e-01 5.066712498664855957e-01 2.911333143711090088e-01 -3.209778666496276855e-01 3.234331905841827393e-01 7.856230735778808594e-01 2.869534492492675781e-01 -6.865184307098388672e-01 -3.024109452962875366e-02 3.794627785682678223e-01 -4.209401085972785950e-02 -1.967399120330810547e-01 -6.637892127037048340e-02 -2.055256217718124390e-01 1.817922294139862061e-02 2.011614292860031128e-01 4.348730742931365967e-01 3.835036456584930420e-01 1.694201678037643433e-02 -5.050368309020996094e-01 4.218008518218994141e-01 2.275641560554504395e-01 4.983842074871063232e-01 -1.506437659263610840e-01 2.753366827964782715e-01 -5.332087278366088867e-01 1.781936921179294586e-02 2.329461872577667236e-01 -2.450940012931823730e-01 -5.802356004714965820e-01 3.648174405097961426e-01 5.972717404365539551e-01 -2.147450149059295654e-01 -2.942848503589630127e-01 1.396928429603576660e-01 -3.825202211737632751e-02 4.203678667545318604e-01 -6.941320002079010010e-02 -3.326578438282012939e-01 3.935073018074035645e-01 1.760631799697875977e-03 -1.801519542932510376e-01 2.447111010551452637e-01 8.251891136169433594e-01 5.038327723741531372e-02 2.994613647460937500e-01 3.507300615310668945e-01 1.934457421302795410e-01 -3.130484744906425476e-02
-5.639849901199340820e-01 -2.257873415946960449e-01 -1.529957726597785950e-02 -3.562116622924804688e-01 4.068955779075622559e-01 4.467167258262634277e-01 -3.855350613594055176e-02 -2.818482518196105957e-01 -1.310880631208419800e-01 6.582493185997009277e-01 -5.619935393333435059e-01 -3.064671903848648071e-02 -2.891942858695983887e-01 5.542196035385131836e-01 -6.746499985456466675e-02 -2.195310741662979126e-01 2.897337675094604492e-01 2.204101905226707458e-02 -1.722234636545181274e-01 4.546220898628234863e-01 1.105483323335647583e-01 2.568139508366584778e-02 -5.398220419883728027e-01 1.479353904724121094e-01 3.319292068481445312e-01 -2.640510201454162598e-01 -9.537332504987716675e-02 1.356716156005859375e-01 5.025638267397880554e-03 6.794400513172149658e-03 5.231409668922424316e-01 5.219073891639709473e-01 1.813350021839141846e-01 -4.662731289863586426e-02 -4.372265636920928955e-01 5.573939085006713867e-01 3.613594472408294678e-01 9.985484648495912552e-04 -1.546365320682525635e-01 6.175820901989936829e-02 2.166751623153686523e-01 -1.803879439830780029e-01 7.019587755203247070e-01 -5.325403809547424316e-02 -2.193528264760971069e-01 3.276872634887695312e-01 3.594698905944824219e-01 1.600133180618286133e-01 -5.321638584136962891e-01 2.371300458908081055e-01 1.283554285764694214e-01 7.320848107337951660e-02 -1.661308407783508301e-01 -2.772430777549743652e-01 1.594728529453277588e-01 3.731458783149719238e-01 3.881265819072723389e-01 5.542114377021789551e-01 3.418937027454376221e-01 5.961801856756210327e-02 1.134295463562011719e-01 1.098592430353164673e-01 1.655668169260025024e-01 -7.477093487977981567e-03
-4.007787108421325684e-01 -2.086584270000457764e-01 -3.764394819736480713e-01 -4.210760593414306641e-01 1.203546673059463501e-01 4.146319031715393066e-01 1.865729689598083496e-01 -2.239385694265365601e-01 -2.321490049362182617e-01 3.793639540672302246e-01 -6.389480829238891602e-01 -7.774948328733444214e-02 -4.146549105644226074e-01 3.735863268375396729e-01 -3.662016242742538452e-02 -3.884909749031066895e-01 -8.046237379312515259e-02 -3.753917291760444641e-02 1.108039170503616333e-02 4.901401698589324951e-01 -2.174591571092605591e-01 4.041307419538497925e-02 -9.280921518802642822e-02 4.303572475910186768e-01 3.838719427585601807e-01 -2.630823850631713867e-01 6.072561815381050110e-02 -1.628679037094116211e-01 3.868778645992279053e-01 -1.364908814430236816e-01 5.880938768386840820e-01 5.758498907089233398e-01 3.872923552989959717e-02 6.682216376066207886e-02 -1.258769929409027100e-01 6.329695582389831543e-01 3.322440683841705322e-01 -1.351990252733230591e-01 5.183778703212738037e-02 -1.404854953289031982e-01 4.860428869724273682e-01 -2.754837572574615479e-01 7.016581296920776367e-01 -1.960784494876861572e-01 8.111017942428588867e-02 1.681438684463500977e-01 4.151286184787750244e-01 4.527669250965118408e-01 -7.033931612968444824e-01 2.035894691944122314e-01 1.178799867630004883e-01 -2.125916630029678345e-01 -1.059882640838623047e-01 -1.189377233386039734e-01 1.296626925468444824e-01 6.040983200073242188e-01 5.811219215393066406e-01 6.291690468788146973e-01 1.092138513922691345e-02 -7.298453152179718018e-02 -1.538436580449342728e-02 -3.105462789535522461e-01 -6.655558943748474121e-02 1.239098310470581055e-01
-6.530297398567199707e-01 -2.430280894041061401e-01 -3.528963401913642883e-02 -3.627677559852600098e-01 3.995961546897888184e-01 5.611987709999084473e-01 -9.948708117008209229e-02 -2.692099809646606445e-01 -2.197255492210388184e-01 6.551710963249206543e-01 -5.802527666091918945e-01 -1.461324840784072876e-02 -2.108013778924942017e-01 5.503508448600769043e-01 3.806339949369430542e-02 -2.517064511775970459e-01 1.499384790658950806e-01 -5.472516268491744995e-02 -9.975378215312957764e-02 5.169640779495239258e-01 -4.313752055168151855e-02 -7.049973309040069580e-02 -3.318075835704803467e-01 1.382874697446823120e-01 2.944029867649078369e-01 -2.693641185760498047e-01 -6.615447998046875000e-02 6.775832921266555786e-02 1.295535266399383545e-01 -1.334138810634613037e-01 5.449111461639404297e-01 5.495254993438720703e-01 3.142473101615905762e-01 8.680326491594314575e-02 -4.468291103839874268e-01 5.073317289352416992e-01 2.260071337223052979e-01 6.242689490318298340e-02 -9.783454984426498413e-02 7.290272414684295654e-02 4.668284207582473755e-02 -9.958696365356445312e-02 8.013172149658203125e-01 -1.212863326072692871e-01 -1.188063696026802063e-01 3.452505469322204590e-01 3.252369463443756104e-01 1.080242022871971130e-01 -5.486157536506652832e-01 4.156020581722259521e-01 1.376450359821319580e-01 4.274143651127815247e-02 -1.769041419029235840e-01 -2.738098800182342529e-02 1.068039089441299438e-01 3.873567879199981689e-01 4.602601826190948486e-01 6.191545128822326660e-01 3.030426502227783203e-01 7.233405858278274536e-02 4.634684696793556213e-02 5.245751142501831055e-02 7.731677591800689697e-02 -7.794715464115142822e-02
-4.470729529857635498e-01 -2.685299515724182129e-01 3.878903388977050781e-01 -2.533163428306579590e-01 5.685126781463623047e-01 2.204677462577819824e-01 -1.162799894809722900e-01 -2.172076702117919922e-01 -4.240961670875549316e-01 8.722418546676635742e-01 -5.187810659408569336e-01 1.732643842697143555e-01 1.695150882005691528e-02 3.909843564033508301e-01 -6.291496008634567261e-02 -1.081411819905042648e-02 5.341485738754272461e-01 4.495264887809753418e-01 -2.279931157827377319e-01 2.620956897735595703e-01 4.342054724693298340e-01 1.899688392877578735e-01 -6.198508143424987793e-01 -3.045160174369812012e-01 4.456909596920013428e-01 -1.946136057376861572e-01 -3.190092146396636963e-01 -5.445709452033042908e-02 -6.014758720993995667e-02 1.912073045969009399e-01 2.962409853935241699e-01 4.754007160663604736e-01 3.901597559452056885e-01 3.394696861505508423e-02 -4.034852683544158936e-01 3.203952908515930176e-01 3.070484399795532227e-01 4.891286194324493408e-01 -2.915893197059631348e-01 3.178975880146026611e-01 -3.962759971618652344e-01 1.100348830223083496e-01 2.357032895088195801e-01 -2.887658178806304932e-01 -5.817347168922424316e-01 5.198189616203308105e-01 5.250910520553588867e-01 -3.341052234172821045e-01 -2.190551757812500000e-01 3.351705074310302734e-01 1.684341281652450562e-01 3.140088915824890137e-01 -3.731423020362854004e-01 -4.572823643684387207e-01 4.819077253341674805e-01 1.198868900537490845e-01 -9.254559874534606934e-02 3.597117364406585693e-01 9.256572127342224121e-01 1.475478410720825195e-01 1.613103002309799194e-01 2.450595349073410034e-01 7.475164532661437988e-02 6.380756199359893799e-02
-3.272537589073181152e-01 -1.130178719758987427e-01 2.907924056053161621e-01 -2.946390807628631592e-01 4.368084371089935303e-01 1.690196245908737183e-01 -8.282947540283203125e-02 -1.338097155094146729e-01 -3.810798823833465576e-01 1.050947785377502441e+00 -5.240212678909301758e-01 7.969912886619567871e-02 6.570598483085632324e-02 4.699955284595489502e-01 -6.961398571729660034e-02 1.508319564163684845e-02 5.311542153358459473e-01 4.195838272571563721e-01 -1.896956115961074829e-01 1.038902401924133301e-01 5.418539047241210938e-01 5.014274716377258301e-01 -6.900074481964111328e-01 -2.425278723239898682e-01 5.531683564186096191e-01 -6.906235218048095703e-02 -2.374713569879531860e-01 -2.135292589664459229e-01 -4.371408000588417053e-02 2.023056298494338989e-01 2.750920951366424561e-01 5.493539571762084961e-01 2.284802198410034180e-01 -1.113117486238479614e-01 -5.508867502212524414e-01 4.268970489501953125e-01 3.304578959941864014e-01 4.991913735866546631e-01 -1.662356853485107422e-01 2.658130228519439697e-01 -1.888245344161987305e-01 1.429754644632339478e-01 -4.128319025039672852e-02 -5.173988342285156250e-01 -6.223400235176086426e-01 4.568049311637878418e-01 6.531764268875122070e-01 -2.194186151027679443e-01 -2.746793627738952637e-01 1.322302669286727905e-01 7.510127127170562744e-02 1.640289425849914551e-01 -3.936695158481597900e-01 -5.056002140045166016e-01 4.415597915649414062e-01 1.786958575248718262e-01 -2.768941223621368408e-01 2.369152903556823730e-01 9.374204874038696289e-01 -8.431442081928253174e-02 2.739538550376892090e-01 1.126599311828613281e-01 2.696016430854797363e-02 1.163483113050460815e-01
-2.579629421234130859e-01 -8.707433938980102539e-02 -4.719595909118652344e-01 -3.135424852371215820e-01 3.906849026679992676e-02 3.519141077995300293e-01 2.396984249353408813e-01 -2.444194555282592773e-01 -2.065175324678421021e-01 4.430485069751739502e-01 -7.107291221618652344e-01 -5.972936004400253296e-02 -3.794736266136169434e-01 3.265495300292968750e-01 -1.293810606002807617e-01 -4.200392365455627441e-01 -2.233746834099292755e-02 2.484672889113426208e-02 -1.305570006370544434e-01 2.555716037750244141e-01 -1.720320731401443481e-01 3.320015370845794678e-01 -3.040297031402587891e-01 4.313782453536987305e-01 5.093283057212829590e-01 -1.507647931575775146e-01 -1.666020415723323822e-02 -3.307498395442962646e-01 3.124819695949554443e-01 9.779851883649826050e-03 4.878197014331817627e-01 5.754029750823974609e-01 1.689722016453742981e-02 -2.734807878732681274e-02 -1.519160866737365723e-01 6.995936036109924316e-01 3.641340434551239014e-01 -1.420693099498748779e-01 -4.729401320219039917e-02 -4.512757435441017151e-02 6.649049520492553711e-01 -3.591177165508270264e-01 4.928190708160400391e-01 -3.729932308197021484e-01 1.434623301029205322e-01 1.673846691846847534e-01 5.628072023391723633e-01 5.652902126312255859e-01 -8.091410398483276367e-01 5.993297696113586426e-02 -2.823378145694732666e-02 -3.739106655120849609e-01 -1.789938807487487793e-01 -2.095102369785308838e-01 2.493589669466018677e-01 6.603387594223022461e-01 2.662340402603149414e-01 4.308533966541290283e-01 8.525334298610687256e-03 -3.966296017169952393e-01 1.028834879398345947e-01 -2.769729197025299072e-01 -8.617018908262252808e-02 2.301486283540725708e-01
-5.801639556884765625e-01 -2.731637954711914062e-01 -3.062532842159271240e-01 -4.083490669727325439e-01 2.494105696678161621e-01 4.416430890560150146e-01 5.388572812080383301e-02 -3.347254395484924316e-01 -2.220580577850341797e-01 3.906677365303039551e-01 -5.363780260086059570e-01 1.908846199512481689e-03 -4.414534568786621094e-01 4.838471710681915283e-01 4.661731049418449402e-02 -3.692519068717956543e-01 -1.437605731189250946e-02 -1.188717633485794067e-01 -5.441792309284210205e-03 4.403686523437500000e-01 -2.288542240858078003e-01 -9.460270404815673828e-02 -2.032907009124755859e-01 3.414544463157653809e-01 3.444839417934417725e-01 -3.758399784564971924e-01 -2.205854980275034904e-03 6.680493801832199097e-02 2.520215809345245361e-01 -7.693429291248321533e-02 5.381491184234619141e-01 5.350781679153442383e-01 1.792457252740859985e-01 7.133501023054122925e-02 -1.893604099750518799e-01 6.550089120864868164e-01 3.505473434925079346e-01 -1.867817789316177368e-01 -3.003779053688049316e-02 -1.305975764989852905e-01 4.372730255126953125e-01 -3.015430867671966553e-01 7.919390201568603516e-01 4.496330022811889648e-02 5.502291768789291382e-02 2.438914626836776733e-01 3.414336442947387695e-01 2.907086014747619629e-01 -6.424471139907836914e-01 2.389280796051025391e-01 1.898268014192581177e-01 -1.269195526838302612e-01 -9.508512914180755615e-02 -1.450297534465789795e-01 2.645030617713928223e-02 5.423579812049865723e-01 6.633850932121276855e-01 7.903726100921630859e-01 -2.700051665306091309e-02 5.067754536867141724e-02 -6.449592113494873047e-02 -1.404126882553100586e-01 -2.134035527706146240e-02 3.734790906310081482e-02
