-2.755436301231384277e-01 2.168255299329757690e-01 4.148671776056289673e-02 -1.053145602345466614e-01 1.448806226253509521e-01 -1.249605566263198853e-01 1.560952812433242798e-01 -2.085172832012176514e-01 -3.723258972167968750e-01 4.215409755706787109e-01 -7.005828619003295898e-01 -9.061888605356216431e-02 -1.913774460554122925e-01 4.939462840557098389e-01 -3.795590996742248535e-02 -5.689990520477294922e-01 1.451541632413864136e-01 -1.276023089885711670e-01 -5.230864882469177246e-01 2.520521879196166992e-01 -1.272638738155364990e-01 4.330988973379135132e-03 -1.681793481111526489e-02 3.746714293956756592e-01 2.334319949150085449e-01 -5.209023356437683105e-01 -4.140485078096389771e-02 -1.385039091110229492e-02 4.753068089485168457e-02 -4.560060799121856689e-01 1.666725128889083862e-01 2.533642947673797607e-01 2.727575898170471191e-01 2.069688737392425537e-01 7.744243741035461426e-02 1.554161608219146729e-01 2.442578971385955811e-01 1.710879057645797729e-02 -7.671593129634857178e-02 -3.699325323104858398e-01 3.982881307601928711e-01 -7.200946807861328125e-01 5.871952176094055176e-01 2.015540301799774170e-01 4.358392581343650818e-02 -8.090406656265258789e-02 3.430719673633575439e-01 -1.046627312898635864e-01 -8.631322383880615234e-01 1.500032395124435425e-01 3.103962540626525879e-02 4.658783078193664551e-01 -3.031650185585021973e-02 -6.342805922031402588e-02 1.823641508817672729e-01 -8.423808962106704712e-02 6.252642869949340820e-01 7.853267788887023926e-01 -9.252455085515975952e-03 8.340825885534286499e-02 -3.174384236335754395e-01 -3.790576756000518799e-02 -2.595154345035552979e-01 1.075295507907867432e-01
-2.016426324844360352e-01 2.709246873855590820e-01 -7.159338891506195068e-02 3.301713615655899048e-02 2.394232898950576782e-01 -7.026279345154762268e-03 2.172471582889556885e-01 -4.615752995014190674e-01 -5.425489544868469238e-01 -3.689719736576080322e-02 -3.808060884475708008e-01 -2.129042446613311768e-01 -3.349024355411529541e-01 1.437177956104278564e-01 -3.460879027843475342e-01 -9.311074614524841309e-01 -2.899761795997619629e-01 -6.976377964019775391e-02 -4.323181509971618652e-01 4.308000504970550537e-01 -3.132564425468444824e-01 -6.553985178470611572e-03 1.391190886497497559e-01 5.585515499114990234e-01 2.979239821434020996e-01 -2.127493023872375488e-01 -2.828090190887451172e-01 -2.290719002485275269e-01 1.230108886957168579e-01 -4.369343817234039307e-01 2.891905605792999268e-01 3.450427949428558350e-01 -1.225116252899169922e-01 9.899043291807174683e-02 7.403948903083801270e-01 2.903297841548919678e-01 4.076679050922393799e-01 -3.005846738815307617e-01 8.659632503986358643e-02 -5.632361173629760742e-01 6.470250487327575684e-01 -1.310927987098693848e+00 8.195101618766784668e-01 3.701775372028350830e-01 -2.891249060630798340e-01 -4.950308203697204590e-01 -1.488391757011413574e-01 4.043412208557128906e-01 -1.042371630668640137e+00 -3.249182924628257751e-02 -2.407942712306976318e-01 1.524268686771392822e-01 2.267134636640548706e-01 -4.345434904098510742e-01 1.019853502511978149e-01 3.767272233963012695e-01 5.037695169448852539e-01 6.428883075714111328e-01 -4.508345127105712891e-01 1.589281111955642700e-02 -3.029536604881286621e-01 -2.000948190689086914e-01 -4.496798217296600342e-01 7.349966466426849365e-02
-4.620221555233001709e-01 -1.644923388957977295e-01 4.403203725814819336e-03 -1.601909995079040527e-01 -4.100885987281799316e-02 -3.079679012298583984e-01 3.142845630645751953e-01 5.900891125202178955e-02 -2.395161390304565430e-01 7.695062756538391113e-01 -9.447282552719116211e-01 2.559104263782501221e-01 -2.148326784372329712e-01 4.773217737674713135e-01 1.557661145925521851e-01 -1.345746666193008423e-01 2.775138616561889648e-01 2.198451459407806396e-01 -3.095210790634155273e-01 -1.066030189394950867e-01 3.184755146503448486e-01 -1.448618024587631226e-01 -5.581839680671691895e-01 -1.758834123611450195e-01 2.170500159263610840e-01 -3.608886003494262695e-01 2.020802497863769531e-01 2.901704609394073486e-02 -4.191980361938476562e-01 -4.294832795858383179e-02 2.325276136398315430e-01 3.306549787521362305e-02 7.824889421463012695e-01 -7.256429642438888550e-02 -3.897786736488342285e-01 3.027017712593078613e-01 3.457435369491577148e-01 4.558987170457839966e-02 -4.651036262512207031e-01 -3.996823355555534363e-02 -8.123954385519027710e-02 -1.195818856358528137e-01 3.718768954277038574e-01 -4.110263288021087646e-02 2.646819055080413818e-01 7.255473732948303223e-02 7.174276113510131836e-01 -7.270820140838623047e-01 -4.435082077980041504e-01 6.483342498540878296e-03 2.042739987373352051e-01 4.808875322341918945e-01 -5.154659152030944824e-01 -9.226988255977630615e-02 8.060336112976074219e-03 -4.153459668159484863e-01 5.022389888763427734e-01 5.844349861145019531e-01 3.173331022262573242e-01 1.676943302154541016e-01 -1.477037817239761353e-01 1.774759888648986816e-01 4.462853968143463135e-01 2.166635990142822266e-01
-4.168892502784729004e-01 -2.306953817605972290e-01 -1.491834223270416260e-02 -1.899709105491638184e-01 2.692961692810058594e-02 -2.811561226844787598e-01 3.864781558513641357e-01 5.629736185073852539e-02 -1.949077248573303223e-01 7.859638929367065430e-01 -9.558326005935668945e-01 2.253371179103851318e-01 -2.849293053150177002e-01 4.431655108928680420e-01 1.587946116924285889e-01 -9.633202105760574341e-02 3.418466746807098389e-01 3.168454170227050781e-01 -2.450233697891235352e-01 -1.471194475889205933e-01 3.985406756401062012e-01 -9.848268330097198486e-02 -6.131119132041931152e-01 -1.498686373233795166e-01 1.641385257244110107e-01 -3.132759034633636475e-01 2.645743191242218018e-01 4.494790732860565186e-02 -5.116783976554870605e-01 -1.690633594989776611e-03 2.647588551044464111e-01 -9.599640965461730957e-03 7.703049778938293457e-01 -1.350385844707489014e-01 -4.233024418354034424e-01 3.610490858554840088e-01 4.263738095760345459e-01 7.437557913362979889e-03 -4.904162883758544922e-01 4.704679921269416809e-02 -9.888809174299240112e-02 -7.019916176795959473e-02 2.690154910087585449e-01 -5.133952200412750244e-02 1.965881735086441040e-01 7.002995908260345459e-02 8.068066239356994629e-01 -7.941263318061828613e-01 -4.043043255805969238e-01 -9.795765578746795654e-02 2.499849796295166016e-01 4.970792531967163086e-01 -6.256369948387145996e-01 -2.126938551664352417e-01 7.443249225616455078e-03 -4.456039667129516602e-01 3.765590786933898926e-01 5.038719177246093750e-01 3.167405426502227783e-01 2.337975800037384033e-01 -1.114033907651901245e-01 1.283023059368133545e-01 5.415223836898803711e-01 1.488955914974212646e-01
-1.477606892585754395e-01 2.962535023689270020e-01 -2.345528453588485718e-02 -2.041563987731933594e-01 1.926757842302322388e-01 -5.233178287744522095e-02 1.479026228189468384e-01 -2.671845555305480957e-01 -4.241764843463897705e-01 3.159680068492889404e-01 -6.166263818740844727e-01 -8.542159944772720337e-02 -1.996773034334182739e-01 4.894889891147613525e-01 -8.261308073997497559e-03 -8.041889667510986328e-01 1.123931929469108582e-01 -1.701226532459259033e-01 -4.550020694732666016e-01 4.761314988136291504e-01 -3.305331468582153320e-01 6.182670220732688904e-02 8.779617398977279663e-02 5.628249049186706543e-01 1.639079153537750244e-01 -4.709213972091674805e-01 -1.420984864234924316e-01 1.934223622083663940e-02 7.411847263574600220e-02 -6.267516613006591797e-01 1.350214481353759766e-01 3.340343832969665527e-01 2.098730951547622681e-01 1.771368682384490967e-01 2.487077116966247559e-01 2.235400080680847168e-01 2.636198699474334717e-01 -1.510582119226455688e-01 -2.452322840690612793e-02 -3.726239800453186035e-01 5.372742414474487305e-01 -8.577371239662170410e-01 6.352837681770324707e-01 2.662556171417236328e-01 -1.519644558429718018e-01 -1.815402805805206299e-01 2.407578527927398682e-01 6.425398588180541992e-02 -9.648211598396301270e-01 1.756724715232849121e-01 -1.811152696609497070e-02 4.119284152984619141e-01 3.380951285362243652e-02 -1.223731637001037598e-01 7.299478352069854736e-02 1.849556863307952881e-01 6.334118247032165527e-01 7.328999042510986328e-01 -1.734610199928283691e-01 2.957824617624282837e-02 -4.100881516933441162e-01 -6.874604523181915283e-02 -4.103664159774780273e-01 -7.293021678924560547e-02
-4.333447217941284180e-01 -4.342595860362052917e-02 -6.922809779644012451e-02 -1.916069537401199341e-02 1.382095068693161011e-01 -1.209459602832794189e-01 3.438616991043090820e-01 -1.051782518625259399e-01 -2.667510509490966797e-01 5.988555550575256348e-01 -8.533853292465209961e-01 1.232967972755432129e-01 -3.747220635414123535e-01 3.961842358112335205e-01 6.110889837145805359e-02 -2.954563796520233154e-01 2.057948261499404907e-01 1.852227151393890381e-01 -4.127593040466308594e-01 -4.912885650992393494e-02 1.725550889968872070e-01 -1.759299784898757935e-01 -4.367626607418060303e-01 -6.479710340499877930e-03 2.089223712682723999e-01 -3.212569057941436768e-01 1.506739258766174316e-01 -3.487004339694976807e-02 -3.022120296955108643e-01 -1.876440346240997314e-01 4.509291946887969971e-01 1.431069523096084595e-01 5.525295138359069824e-01 -1.442916244268417358e-01 -1.550925970077514648e-01 2.770893573760986328e-01 3.284218311309814453e-01 -1.122050881385803223e-01 -4.637045860290527344e-01 -6.522677838802337646e-02 1.166473329067230225e-02 -3.115452826023101807e-01 5.535822510719299316e-01 1.969274878501892090e-02 2.685397565364837646e-01 -5.425350740551948547e-02 5.896854996681213379e-01 -5.643700957298278809e-01 -5.912113785743713379e-01 8.561977744102478027e-02 9.623029828071594238e-02 4.890204668045043945e-01 -4.683349728584289551e-01 -1.651327013969421387e-01 4.681423306465148926e-02 -3.346671462059020996e-01 4.721711874008178711e-01 5.358033776283264160e-01 2.056528925895690918e-01 7.519458979368209839e-02 -2.075733542442321777e-01 9.501285105943679810e-02 3.479482829570770264e-01 1.115898340940475464e-01
-4.363712966442108154e-01 -2.694127857685089111e-01 -5.446662008762359619e-02 -1.286343932151794434e-01 -5.138774216175079346e-02 -3.216675221920013428e-01 4.221031665802001953e-01 9.001356363296508789e-02 -1.544281393289566040e-01 8.310345411300659180e-01 -9.725385308265686035e-01 2.454773783683776855e-01 -3.453845083713531494e-01 3.615083992481231689e-01 1.385799348354339600e-01 7.321817427873611450e-02 2.670430541038513184e-01 3.793054223060607910e-01 -2.666607499122619629e-01 -2.847552895545959473e-01 4.725651144981384277e-01 -1.360881477594375610e-01 -6.381580829620361328e-01 -2.857575714588165283e-01 2.514804601669311523e-01 -2.486668527126312256e-01 3.076020479202270508e-01 -3.842280805110931396e-02 -4.864936172962188721e-01 8.042984455823898315e-02 3.620457351207733154e-01 2.380441874265670776e-02 7.143446803092956543e-01 -1.734573543071746826e-01 -4.319486916065216064e-01 3.579322695732116699e-01 4.174020588397979736e-01 7.357048243284225464e-02 -5.022134780883789062e-01 -5.687732249498367310e-03 -2.449257373809814453e-01 2.667871117591857910e-02 2.492543458938598633e-01 -1.521098464727401733e-01 3.053232431411743164e-01 1.243128329515457153e-01 8.294210433959960938e-01 -8.147508502006530762e-01 -3.512285649776458740e-01 -5.822790041565895081e-02 1.888677775859832764e-01 5.041668415069580078e-01 -6.529520153999328613e-01 -1.996579617261886597e-01 6.054301559925079346e-02 -5.379623174667358398e-01 3.607084453105926514e-01 4.851025044918060303e-01 4.155100286006927490e-01 2.314579188823699951e-01 -5.777317285537719727e-02 7.676777988672256470e-02 6.517797112464904785e-01 2.714372873306274414e-01
-1.228014528751373291e-01 2.673514485359191895e-01 -2.239450439810752869e-02 -2.377921938896179199e-01 2.889683246612548828e-01 -1.965574733912944794e-02 7.192537188529968262e-03 -3.437900841236114502e-01 -5.202937722206115723e-01 2.987437248229980469e-01 -6.147912740707397461e-01 -6.427919119596481323e-02 -1.228883713483810425e-01 5.268864631652832031e-01 7.769769430160522461e-02 -8.805966973304748535e-01 1.374499052762985229e-01 -2.325789630413055420e-01 -3.894089162349700928e-01 6.037076115608215332e-01 -3.988316655158996582e-01 4.762888327240943909e-02 5.217225104570388794e-02 5.775441527366638184e-01 1.213952675461769104e-01 -5.847736001014709473e-01 -2.377389669418334961e-01 4.425378143787384033e-02 9.079638123512268066e-02 -6.872771382331848145e-01 7.976149022579193115e-02 3.874327540397644043e-01 2.697305381298065186e-01 1.934806704521179199e-01 2.433808445930480957e-01 1.479747891426086426e-01 2.136442363262176514e-01 -2.204923480749130249e-01 2.050045132637023926e-02 -2.980181574821472168e-01 5.698746442794799805e-01 -8.178884983062744141e-01 7.050099968910217285e-01 3.004510402679443359e-01 -2.718431353569030762e-01 -1.244065538048744202e-01 2.704507410526275635e-01 1.914204657077789307e-02 -9.992702603340148926e-01 2.067184746265411377e-01 5.824026465415954590e-02 4.826243519783020020e-01 1.153439879417419434e-01 -8.743306994438171387e-02 7.799845933914184570e-02 2.066099643707275391e-01 6.430476307868957520e-01 6.845189332962036133e-01 -1.804445832967758179e-01 2.900149673223495483e-02 -4.653727710247039795e-01 3.450404852628707886e-02 -4.776200354099273682e-01 -2.628854513168334961e-01
-5.058092474937438965e-01 3.861473500728607178e-02 2.592422068119049072e-03 -5.362319201231002808e-02 1.658760458230972290e-01 -1.038013845682144165e-01 1.901459991931915283e-01 -4.008492827415466309e-02 -2.106170058250427246e-01 7.672611474990844727e-01 -9.400761127471923828e-01 2.017245888710021973e-01 -1.425584554672241211e-01 5.545504093170166016e-01 2.340363115072250366e-01 -3.746749460697174072e-01 2.672217190265655518e-01 8.166223764419555664e-02 -4.221016764640808105e-01 2.957869693636894226e-02 5.223988741636276245e-02 -1.489069312810897827e-01 -4.709092676639556885e-01 -1.495338976383209229e-02 2.814539074897766113e-01 -4.227280616760253906e-01 2.174758315086364746e-01 7.547815144062042236e-02 -3.971689641475677490e-01 -2.758597731590270996e-01 2.774915397167205811e-01 4.379646480083465576e-02 7.587975859642028809e-01 9.137354791164398193e-03 -2.838309705257415771e-01 2.826981544494628906e-01 2.528462409973144531e-01 2.296254038810729980e-02 -3.985240459442138672e-01 -6.364051252603530884e-03 3.999355435371398926e-02 -1.395008862018585205e-01 6.167606115341186523e-01 1.026287972927093506e-01 2.525282204151153564e-01 4.990752786397933960e-02 6.798756122589111328e-01 -6.706957221031188965e-01 -4.931048452854156494e-01 1.362096518278121948e-01 1.354667991399765015e-01 5.640414357185363770e-01 -4.180747270584106445e-01 -7.981446385383605957e-02 -5.792094767093658447e-02 -3.025248050689697266e-01 5.714634060859680176e-01 5.738183259963989258e-01 2.418399751186370850e-01 6.754202395677566528e-02 -2.616417407989501953e-01 2.587375342845916748e-01 2.138395458459854126e-01 1.634715870022773743e-02
-5.367285609245300293e-01 -2.289880961179733276e-01 1.343661546707153320e-01 -2.736730873584747314e-01 7.827606797218322754e-02 -2.154000550508499146e-01 1.043466627597808838e-01 1.470911651849746704e-01 -1.946218311786651611e-01 1.100600838661193848e+00 -1.066434860229492188e+00 2.980262935161590576e-01 1.150815933942794800e-01 6.348869800567626953e-01 3.294137120246887207e-01 -1.662337481975555420e-01 4.755974709987640381e-01 4.801230132579803467e-02 -1.808261573314666748e-01 2.393029630184173584e-02 3.485293388366699219e-01 -4.145299270749092102e-02 -6.651944518089294434e-01 -1.166806221008300781e-01 2.605137825012207031e-01 -5.096255540847778320e-01 2.817290127277374268e-01 1.838607937097549438e-01 -5.155640840530395508e-01 -1.513140201568603516e-01 6.481342017650604248e-02 -8.286476135253906250e-02 9.520421624183654785e-01 6.644626706838607788e-02 -6.878397464752197266e-01 3.077637255191802979e-01 1.818859279155731201e-01 2.719435095787048340e-01 -3.249385952949523926e-01 1.637549400329589844e-01 -1.163127049803733826e-01 2.129182517528533936e-01 3.256070315837860107e-01 2.050795406103134155e-02 1.473327279090881348e-01 2.986948490142822266e-01 9.683598875999450684e-01 -9.620364308357238770e-01 -3.249164819717407227e-01 -8.588619530200958252e-04 3.214426338672637939e-01 6.654184460639953613e-01 -4.203817844390869141e-01 -1.697269082069396973e-02 -6.037737429141998291e-02 -5.030225515365600586e-01 4.879901409149169922e-01 5.081350207328796387e-01 4.926531016826629639e-01 1.760329008102416992e-01 -1.231400966644287109e-01 4.243246316909790039e-01 3.375977575778961182e-01 -9.395748376846313477e-02
-2.017272412776947021e-01 2.537427544593811035e-01 -2.926219999790191650e-02 -2.287512272596359253e-02 7.455305755138397217e-02 -2.447732537984848022e-01 2.940060496330261230e-01 -1.950668543577194214e-01 -4.360590875148773193e-01 3.015950918197631836e-01 -6.600911021232604980e-01 -6.584902852773666382e-02 -3.440644145011901855e-01 4.064913690090179443e-01 -1.185738444328308105e-01 -4.897422790527343750e-01 5.788053572177886963e-02 1.023576408624649048e-02 -5.571244359016418457e-01 1.730155199766159058e-01 -7.200068980455398560e-02 -5.400426313281059265e-02 -2.800135314464569092e-02 2.811046242713928223e-01 2.787268161773681641e-01 -4.749546051025390625e-01 -6.382256001234054565e-02 -1.737292557954788208e-01 9.605641663074493408e-02 -3.503167629241943359e-01 3.178211152553558350e-01 3.447732925415039062e-01 2.721283137798309326e-01 1.330012381076812744e-01 1.652298718690872192e-01 1.418226659297943115e-01 2.879261076450347900e-01 -3.312254697084426880e-02 -2.047132551670074463e-01 -3.925676941871643066e-01 3.378931283950805664e-01 -8.087854981422424316e-01 5.626202821731567383e-01 5.438225716352462769e-02 1.695994436740875244e-01 -2.147105932235717773e-01 3.126004338264465332e-01 8.111327886581420898e-03 -8.753231167793273926e-01 1.796340048313140869e-01 7.207332551479339600e-02 3.546062409877777100e-01 -1.155546605587005615e-01 -9.996664524078369141e-02 2.083598822355270386e-01 -8.186110109090805054e-02 6.029359698295593262e-01 7.924151420593261719e-01 -1.885025203227996826e-02 5.813991278409957886e-02 -3.057911694049835205e-01 -1.657577902078628540e-01 -1.846651732921600342e-01 2.929507195949554443e-01
-8.384186774492263794e-02 3.409687280654907227e-01 -6.937910616397857666e-02 -9.683620929718017578e-02 1.858149617910385132e-01 -8.215859532356262207e-02 2.684629857540130615e-01 -4.286128282546997070e-01 -5.166531205177307129e-01 -1.418202966451644897e-01 -3.591877222061157227e-01 -2.136148512363433838e-01 -3.658950328826904297e-01 2.113063335418701172e-01 -3.271555006504058838e-01 -9.066320061683654785e-01 -2.629611194133758545e-01 -7.480383664369583130e-02 -3.875189125537872314e-01 4.524645507335662842e-01 -3.413483798503875732e-01 1.280486956238746643e-02 2.306303977966308594e-01 5.455651283264160156e-01 3.015531301498413086e-01 -2.459044754505157471e-01 -2.376748919486999512e-01 -2.729392647743225098e-01 2.545836567878723145e-01 -4.751492440700531006e-01 2.755619287490844727e-01 4.312137365341186523e-01 -1.934023201465606689e-01 1.276648044586181641e-01 7.112931013107299805e-01 3.094645440578460693e-01 3.971299529075622559e-01 -3.003643751144409180e-01 1.761583536863327026e-01 -6.228669285774230957e-01 7.258208394050598145e-01 -1.301417231559753418e+00 7.308032512664794922e-01 3.531197309494018555e-01 -2.886941432952880859e-01 -4.808504581451416016e-01 -1.746830791234970093e-01 5.245446562767028809e-01 -1.017736673355102539e+00 -2.469507977366447449e-02 -2.050653696060180664e-01 1.074320301413536072e-01 1.901878267526626587e-01 -3.931730389595031738e-01 8.657993376255035400e-02 3.876736462116241455e-01 5.610742568969726562e-01 7.442128062248229980e-01 -4.626197218894958496e-01 5.443715304136276245e-02 -3.271690607070922852e-01 -3.605757355690002441e-01 -5.243670344352722168e-01 1.915422827005386353e-01
-1.730340868234634399e-01 3.545950055122375488e-01 1.378059387207031250e-03 -6.980334967374801636e-02 1.821219474077224731e-01 -9.208472818136215210e-02 1.571421027183532715e-01 -3.215514123439788818e-01 -4.714200198650360107e-01 1.459539681673049927e-01 -5.332968235015869141e-01 -1.199166998267173767e-01 -2.173215299844741821e-01 3.799755275249481201e-01 -2.182388901710510254e-01 -7.921337485313415527e-01 -2.530517615377902985e-02 -1.788119822740554810e-01 -5.239169001579284668e-01 3.962973356246948242e-01 -2.974711656570434570e-01 -8.922997862100601196e-03 1.754518449306488037e-01 5.298838019371032715e-01 2.822742462158203125e-01 -4.501870870590209961e-01 -2.429893314838409424e-01 -1.019584536552429199e-01 2.340796142816543579e-01 -5.579144358634948730e-01 1.968640387058258057e-01 4.213868379592895508e-01 1.496668066829442978e-02 2.021790146827697754e-01 3.807252943515777588e-01 1.488694697618484497e-01 2.502940595149993896e-01 -1.191748008131980896e-01 -1.341927051544189453e-02 -5.097044706344604492e-01 5.298341512680053711e-01 -1.076544642448425293e+00 6.752218604087829590e-01 2.445536553859710693e-01 -5.278671905398368835e-02 -2.773681879043579102e-01 6.216220930218696594e-02 2.242138534784317017e-01 -1.075957655906677246e+00 2.209171354770660400e-01 -9.910419583320617676e-02 2.692890465259552002e-01 9.728562831878662109e-02 -1.109488755464553833e-01 1.797708123922348022e-01 2.012689709663391113e-01 6.346165537834167480e-01 7.913061976432800293e-01 -2.352361977100372314e-01 -4.085313528776168823e-02 -3.521292507648468018e-01 -1.399629563093185425e-01 -4.621111750602722168e-01 7.826865464448928833e-02
-1.580464243888854980e-01 1.673330813646316528e-01 2.105835825204849243e-02 -1.602686941623687744e-01 2.472547143697738647e-01 -7.785964012145996094e-02 1.235763579607009888e-01 -2.310094237327575684e-01 -3.841283023357391357e-01 3.921306729316711426e-01 -7.691326737403869629e-01 -9.877590090036392212e-02 -9.296175837516784668e-02 4.574070274829864502e-01 -5.247712135314941406e-03 -6.900275349617004395e-01 1.561629921197891235e-01 -1.728000342845916748e-01 -3.993497192859649658e-01 5.682150721549987793e-01 -7.963373512029647827e-02 -3.162983804941177368e-03 -5.648962408304214478e-02 4.577588438987731934e-01 1.612566858530044556e-01 -5.269886255264282227e-01 -9.723529964685440063e-02 -1.229724287986755371e-02 9.125094115734100342e-02 -6.023107767105102539e-01 1.505123227834701538e-01 2.683660984039306641e-01 3.310754001140594482e-01 2.454329133033752441e-01 1.249775290489196777e-01 1.473866999149322510e-01 1.602559685707092285e-01 -1.847928017377853394e-02 -7.673538476228713989e-02 -3.317062258720397949e-01 3.573821783065795898e-01 -7.683550119400024414e-01 6.509620547294616699e-01 1.865719556808471680e-01 -8.981426805257797241e-02 -1.671024411916732788e-01 2.619925141334533691e-01 -5.609077215194702148e-02 -9.166720509529113770e-01 1.787409037351608276e-01 5.158814787864685059e-02 5.462244749069213867e-01 1.544177532196044922e-03 2.044578641653060913e-02 1.149826645851135254e-01 2.447662502527236938e-02 5.265008211135864258e-01 7.008644938468933105e-01 -7.947209477424621582e-02 6.254229694604873657e-02 -2.868921458721160889e-01 8.384794741868972778e-02 -3.018289804458618164e-01 -3.140157088637351990e-02
-2.193375825881958008e-01 2.811527252197265625e-01 -4.748527333140373230e-02 7.035700231790542603e-02 1.281247437000274658e-01 -1.242710351943969727e-01 3.143268525600433350e-01 -4.018588364124298096e-01 -5.143213272094726562e-01 -1.137967556715011597e-01 -3.996651768684387207e-01 -1.323192715644836426e-01 -4.904625117778778076e-01 1.598120629787445068e-01 -3.547561466693878174e-01 -7.016081213951110840e-01 -3.240503370761871338e-01 9.406772255897521973e-02 -5.483239293098449707e-01 1.877583712339401245e-01 -2.555621266365051270e-01 -1.469045132398605347e-01 8.829287439584732056e-02 3.527325391769409180e-01 2.513860762119293213e-01 -2.195163667201995850e-01 -2.336490452289581299e-01 -3.429000973701477051e-01 1.457550674676895142e-01 -2.657422423362731934e-01 3.892863988876342773e-01 3.961260914802551270e-01 -9.155176579952239990e-02 5.309227854013442993e-02 5.715015530586242676e-01 1.979724168777465820e-01 4.711284339427947998e-01 -3.970071673393249512e-01 -1.083371564745903015e-01 -5.824838876724243164e-01 4.998927712440490723e-01 -1.247456789016723633e+00 7.644554376602172852e-01 2.200810164213180542e-01 6.787040270864963531e-03 -5.075941681861877441e-01 -6.759484112262725830e-02 3.371473550796508789e-01 -1.057103753089904785e+00 5.314727500081062317e-02 -2.541221380233764648e-01 5.876578763127326965e-02 -3.537155687808990479e-02 -2.750041484832763672e-01 1.462266743183135986e-01 2.060272395610809326e-01 5.365971326828002930e-01 6.624496579170227051e-01 -3.247893750667572021e-01 -1.054234504699707031e-01 -3.145323395729064941e-01 -1.901584863662719727e-01 -2.238987237215042114e-01 3.247889280319213867e-01
-2.304800748825073242e-01 2.369997650384902954e-01 -2.483047544956207275e-02 -9.194826334714889526e-02 1.258412450551986694e-01 -2.394279986619949341e-01 2.798753976821899414e-01 -1.815756410360336304e-01 -3.412220776081085205e-01 3.660973012447357178e-01 -6.902264952659606934e-01 -7.238329201936721802e-02 -2.641528546810150146e-01 4.426524937152862549e-01 -1.074213385581970215e-01 -5.050311088562011719e-01 6.317892670631408691e-02 -5.525086075067520142e-02 -5.352697372436523438e-01 2.054509371519088745e-01 -3.242772817611694336e-02 -3.523531183600425720e-02 -2.640410512685775757e-02 2.700952887535095215e-01 2.878172397613525391e-01 -3.854284882545471191e-01 2.019974589347839355e-02 -1.002456247806549072e-01 2.915149182081222534e-02 -4.092874526977539062e-01 2.587637305259704590e-01 2.039252221584320068e-01 3.059518933296203613e-01 1.192659363150596619e-01 9.671487659215927124e-02 2.328324913978576660e-01 3.220628798007965088e-01 -7.986984401941299438e-02 -1.960206925868988037e-01 -4.008599519729614258e-01 3.825275003910064697e-01 -7.487800121307373047e-01 5.570588111877441406e-01 1.504016071557998657e-01 9.272690862417221069e-02 -2.009725421667098999e-01 2.880356013774871826e-01 -8.569355309009552002e-02 -8.531010150909423828e-01 1.014612168073654175e-01 -3.162878751754760742e-02 3.654427528381347656e-01 -7.538834214210510254e-02 -1.476387083530426025e-01 1.074339896440505981e-01 -6.446170061826705933e-02 6.319687962532043457e-01 7.455198764801025391e-01 -7.558973133563995361e-02 4.301216453313827515e-02 -3.238282799720764160e-01 -8.680263906717300415e-02 -1.795238852500915527e-01 2.402411997318267822e-01
-1.445305347442626953e-01 2.578245997428894043e-01 -7.341960817575454712e-02 -2.212476432323455811e-01 2.205188721418380737e-01 -3.574933111667633057e-02 6.099715456366539001e-02 -3.656369447708129883e-01 -4.933253228664398193e-01 2.107450813055038452e-01 -5.535275340080261230e-01 -4.665177315473556519e-02 -1.966322064399719238e-01 4.705299437046051025e-01 2.915716171264648438e-02 -8.719725608825683594e-01 8.071619085967540741e-03 -1.323266923427581787e-01 -4.165830612182617188e-01 4.659996032714843750e-01 -4.529960751533508301e-01 -2.556608244776725769e-02 5.649069696664810181e-02 5.217283964157104492e-01 1.101212278008460999e-01 -5.105371475219726562e-01 -1.901051700115203857e-01 3.953248262405395508e-03 6.577533483505249023e-02 -5.586491227149963379e-01 1.063800901174545288e-01 3.549280464649200439e-01 1.963995695114135742e-01 1.158994063735008240e-01 3.030608296394348145e-01 1.791371405124664307e-01 2.485468685626983643e-01 -3.371989727020263672e-01 2.307246625423431396e-02 -3.245847225189208984e-01 6.201252937316894531e-01 -8.232305645942687988e-01 7.157651782035827637e-01 3.064285218715667725e-01 -2.331044077873229980e-01 -2.190982252359390259e-01 2.083163112401962280e-01 5.585110187530517578e-02 -9.915362596511840820e-01 1.666566282510757446e-01 8.573539555072784424e-03 3.979714214801788330e-01 8.181136846542358398e-02 -1.270386576652526855e-01 2.210903167724609375e-02 2.586578726768493652e-01 6.669356822967529297e-01 6.603890061378479004e-01 -2.352117747068405151e-01 -3.183971345424652100e-02 -4.873023033142089844e-01 -1.347245275974273682e-02 -3.852485418319702148e-01 -1.501355022192001343e-01
-2.947043180465698242e-01 1.873079389333724976e-01 -1.507760584354400635e-02 -4.400097578763961792e-02 1.412621587514877319e-01 -1.541468650102615356e-01 1.979958713054656982e-01 -2.038808017969131470e-01 -2.979594171047210693e-01 4.715800285339355469e-01 -7.361224889755249023e-01 -3.518889099359512329e-02 -1.970889121294021606e-01 4.488700330257415771e-01 -3.570931404829025269e-02 -5.078096389770507812e-01 1.149622797966003418e-01 -7.014054805040359497e-02 -5.534762144088745117e-01 2.392959892749786377e-01 -7.025969773530960083e-02 -7.967455685138702393e-02 -1.042164638638496399e-01 2.578721642494201660e-01 2.804641127586364746e-01 -4.169390201568603516e-01 1.162812486290931702e-02 -4.780068993568420410e-02 -2.944455668330192566e-02 -4.319781064987182617e-01 2.604320943355560303e-01 1.717917025089263916e-01 3.006688356399536133e-01 1.523421406745910645e-01 3.453738987445831299e-02 2.099356949329376221e-01 2.449962198734283447e-01 -3.435661643743515015e-02 -1.882029622793197632e-01 -3.401105105876922607e-01 3.272883892059326172e-01 -6.697949171066284180e-01 6.425192356109619141e-01 1.886548399925231934e-01 1.388805657625198364e-01 -1.223039478063583374e-01 3.060091435909271240e-01 -1.945389360189437866e-01 -8.328502774238586426e-01 1.666960120201110840e-01 -5.504059791564941406e-02 4.743517339229583740e-01 -7.436642050743103027e-02 -7.281436026096343994e-02 1.056449860334396362e-01 -8.265305310487747192e-02 6.262612938880920410e-01 7.016232013702392578e-01 5.277357995510101318e-03 2.303212881088256836e-03 -3.170318901538848877e-01 6.709570437669754028e-02 -1.419244706630706787e-01 1.622730344533920288e-01
-1.339180469512939453e-01 3.583618998527526855e-01 2.447056770324707031e-02 -2.304728627204895020e-01 2.073270231485366821e-01 -3.862620145082473755e-02 2.262687534093856812e-01 -4.409960210323333740e-01 -5.977640748023986816e-01 3.384277224540710449e-02 -3.652011156082153320e-01 -1.360839903354644775e-01 -2.501107156276702881e-01 3.456901609897613525e-01 -2.143575847148895264e-01 -1.060552597045898438e+00 -1.082476526498794556e-01 -1.698097884654998779e-01 -3.163999021053314209e-01 6.157273054122924805e-01 -4.406692385673522949e-01 9.357813745737075806e-03 2.024745941162109375e-01 7.040435075759887695e-01 1.894324421882629395e-01 -2.816013991832733154e-01 -2.651923000812530518e-01 -1.283717453479766846e-01 1.900729089975357056e-01 -5.868871212005615234e-01 2.801338732242584229e-01 4.013595581054687500e-01 -1.312329769134521484e-01 1.396578550338745117e-01 6.738546490669250488e-01 3.648121953010559082e-01 3.397931754589080811e-01 -2.736766338348388672e-01 1.935655325651168823e-01 -5.059096217155456543e-01 7.961241602897644043e-01 -1.182909607887268066e+00 7.716157436370849609e-01 4.840553998947143555e-01 -3.931142091751098633e-01 -4.486312866210937500e-01 -2.266881987452507019e-02 3.425184488296508789e-01 -1.052821516990661621e+00 -3.126993775367736816e-03 -8.642359077930450439e-02 2.504742145538330078e-01 1.876926273107528687e-01 -4.667763710021972656e-01 -6.103399023413658142e-02 4.437016844749450684e-01 5.671774148941040039e-01 6.125521659851074219e-01 -4.330631792545318604e-01 8.902386575937271118e-02 -4.086647927761077881e-01 -2.043628096580505371e-01 -5.902889370918273926e-01 -1.158840656280517578e-01
-5.216789841651916504e-01 -1.486209928989410400e-01 7.992437481880187988e-02 -1.996597349643707275e-01 3.119933605194091797e-02 -2.477154880762100220e-01 1.292611062526702881e-01 1.199430674314498901e-01 -2.325496077537536621e-01 1.034794807434082031e+00 -1.077530980110168457e+00 3.151690363883972168e-01 2.828961238265037537e-02 6.009714603424072266e-01 3.384152948856353760e-01 -1.035403311252593994e-01 3.602339923381805420e-01 1.456895172595977783e-01 -2.432869672775268555e-01 -2.304698899388313293e-02 2.471050620079040527e-01 -8.787879347801208496e-02 -6.211901307106018066e-01 -1.500855982303619385e-01 2.935969829559326172e-01 -5.191741585731506348e-01 2.548011541366577148e-01 6.132803857326507568e-02 -4.282485246658325195e-01 -1.091614589095115662e-01 1.168882846832275391e-01 4.670649766921997070e-03 9.275752902030944824e-01 7.840474694967269897e-02 -6.279966235160827637e-01 2.404587864875793457e-01 2.256980240345001221e-01 2.533444762229919434e-01 -3.428947925567626953e-01 5.538320168852806091e-02 -1.298035085201263428e-01 1.641421318054199219e-01 3.414228558540344238e-01 -8.092150092124938965e-02 2.314040809869766235e-01 2.749896049499511719e-01 9.425168037414550781e-01 -8.374242186546325684e-01 -3.272104263305664062e-01 7.793301343917846680e-02 3.060799837112426758e-01 6.133795976638793945e-01 -4.716715812683105469e-01 1.763774454593658447e-02 1.566800475120544434e-02 -4.681628942489624023e-01 4.999359846115112305e-01 5.656034946441650391e-01 4.828744232654571533e-01 1.456984281539916992e-01 -1.506806313991546631e-01 2.926648557186126709e-01 3.450056612491607666e-01 3.273857757449150085e-02
-1.411480605602264404e-01 3.589633107185363770e-01 -2.350294217467308044e-02 -7.992846518754959106e-02 1.196037381887435913e-01 -1.570280790328979492e-01 1.900341212749481201e-01 -4.142718613147735596e-01 -4.975625574588775635e-01 -5.189903080463409424e-02 -3.353432416915893555e-01 -1.647090911865234375e-01 -3.438943028450012207e-01 3.274380862712860107e-01 -2.981784641742706299e-01 -8.501292467117309570e-01 -1.724214404821395874e-01 -4.407551139593124390e-02 -5.210734009742736816e-01 3.216571211814880371e-01 -4.087904691696166992e-01 -4.321851953864097595e-02 2.304262518882751465e-01 4.957765042781829834e-01 2.542739510536193848e-01 -3.304294049739837646e-01 -2.587319016456604004e-01 -1.690266281366348267e-01 2.050199657678604126e-01 -3.870010077953338623e-01 2.255388498306274414e-01 4.068711996078491211e-01 -1.546892374753952026e-01 1.623968183994293213e-01 5.643227100372314453e-01 2.090476751327514648e-01 3.475199043750762939e-01 -2.846812903881072998e-01 7.941380143165588379e-02 -5.471439957618713379e-01 6.993992328643798828e-01 -1.218391180038452148e+00 7.175481915473937988e-01 3.153371810913085938e-01 -1.516283452510833740e-01 -3.815184235572814941e-01 -7.457222044467926025e-02 3.832622766494750977e-01 -1.097082734107971191e+00 1.003862768411636353e-01 -1.902220845222473145e-01 1.357415467500686646e-01 1.720354855060577393e-01 -2.575846910476684570e-01 1.167412251234054565e-01 3.074188530445098877e-01 6.441831588745117188e-01 7.686544656753540039e-01 -3.697559833526611328e-01 2.229098230600357056e-02 -3.849247097969055176e-01 -2.799998521804809570e-01 -4.800567030906677246e-01 1.832124143838882446e-01
-3.446431457996368408e-01 3.845925927162170410e-01 5.926504731178283691e-02 -2.964543551206588745e-02 2.201370447874069214e-01 1.035637035965919495e-01 1.317549347877502441e-01 -5.020827054977416992e-01 -5.834760665893554688e-01 3.049490600824356079e-02 -2.867126464843750000e-01 -1.267131268978118896e-01 -2.204277962446212769e-01 3.223265707492828369e-01 -2.605516016483306885e-01 -1.102278232574462891e+00 -1.184503808617591858e-01 -1.441758722066879272e-01 -4.430857300758361816e-01 4.229538738727569580e-01 -5.097923278808593750e-01 -3.155374154448509216e-02 1.234037652611732483e-01 6.098307967185974121e-01 2.222057580947875977e-01 -2.068616747856140137e-01 -3.036044538021087646e-01 -1.170992255210876465e-01 2.427018620073795319e-02 -4.948566257953643799e-01 3.113341629505157471e-01 3.476182222366333008e-01 -1.473042368888854980e-01 1.150994226336479187e-01 7.078575491905212402e-01 3.247566223144531250e-01 3.031520843505859375e-01 -3.090876638889312744e-01 1.445593833923339844e-01 -4.021458625793457031e-01 7.605899572372436523e-01 -1.221696496009826660e+00 9.265459179878234863e-01 5.694161057472229004e-01 -2.807574868202209473e-01 -4.510997533798217773e-01 -1.240783631801605225e-01 2.300617545843124390e-01 -1.003868818283081055e+00 -1.683485135436058044e-02 -2.431112080812454224e-01 2.154213488101959229e-01 1.829725354909896851e-01 -4.757366776466369629e-01 -9.991043061017990112e-02 4.135920107364654541e-01 5.408012866973876953e-01 5.374264121055603027e-01 -3.703252971172332764e-01 -3.670789301395416260e-03 -4.091899096965789795e-01 -5.746364593505859375e-02 -5.439422726631164551e-01 -1.385494321584701538e-01
-1.383103132247924805e-01 3.277637362480163574e-01 5.451698601245880127e-02 -2.374678552150726318e-01 3.305866718292236328e-01 1.014798805117607117e-01 8.999465405941009521e-02 -4.045062065124511719e-01 -5.816222429275512695e-01 2.002099156379699707e-01 -5.658712387084960938e-01 -3.668224066495895386e-02 -1.365853995084762573e-01 4.408631026744842529e-01 -9.017021954059600830e-02 -1.074782848358154297e+00 1.735888719558715820e-01 -3.246788382530212402e-01 -3.562650680541992188e-01 7.654246091842651367e-01 -4.706242680549621582e-01 1.017760857939720154e-02 1.364273428916931152e-01 7.959610223770141602e-01 1.310304403305053711e-01 -4.912718832492828369e-01 -3.788468837738037109e-01 2.451501786708831787e-03 2.555255591869354248e-01 -8.366615176200866699e-01 1.643249243497848511e-01 5.092995166778564453e-01 -5.136792361736297607e-02 2.253471016883850098e-01 4.416745007038116455e-01 2.342188954353332520e-01 2.266478836536407471e-01 -1.714636236429214478e-01 9.670911729335784912e-02 -4.412314891815185547e-01 6.562224030494689941e-01 -1.097716927528381348e+00 7.652574181556701660e-01 4.975444078445434570e-01 -2.805384099483489990e-01 -2.150036394596099854e-01 8.984437584877014160e-02 1.605971902608871460e-01 -1.128259778022766113e+00 2.206091880798339844e-01 -3.159511834383010864e-02 4.198417067527770996e-01 6.332324445247650146e-02 -1.974441260099411011e-01 1.152772158384323120e-01 3.724872171878814697e-01 5.720384120941162109e-01 6.703348755836486816e-01 -2.434102892875671387e-01 -4.584327340126037598e-03 -4.034031331539154053e-01 -3.384016454219818115e-03 -6.244443655014038086e-01 -3.389234244823455811e-01
6.052357703447341919e-02 2.744598984718322754e-01 -5.770774185657501221e-02 -2.370052337646484375e-01 2.332725375890731812e-01 -9.269165992736816406e-02 1.704647541046142578e-01 -3.729368150234222412e-01 -5.755636692047119141e-01 3.516783565282821655e-02 -4.487587809562683105e-01 -1.833617091178894043e-01 -2.955662608146667480e-01 3.677669763565063477e-01 -1.411777287721633911e-01 -9.655595421791076660e-01 -8.546997793018817902e-03 -1.439281553030014038e-01 -3.507417738437652588e-01 6.025481224060058594e-01 -3.651760220527648926e-01 6.329797208309173584e-02 1.896198391914367676e-01 6.384025812149047852e-01 1.618979275226593018e-01 -4.532943069934844971e-01 -2.857438027858734131e-01 -1.065831333398818970e-01 1.823087036609649658e-01 -6.255012750625610352e-01 1.874933838844299316e-01 5.053092241287231445e-01 7.457210682332515717e-03 1.605895161628723145e-01 5.170107483863830566e-01 2.528001070022583008e-01 3.036775290966033936e-01 -3.119614124298095703e-01 1.300025731325149536e-01 -4.501619338989257812e-01 6.926796436309814453e-01 -1.106241464614868164e+00 6.486932039260864258e-01 2.769381403923034668e-01 -3.622214794158935547e-01 -3.435505032539367676e-01 6.521421670913696289e-02 3.222281336784362793e-01 -1.078539490699768066e+00 1.299603283405303955e-01 5.108021199703216553e-03 3.106002211570739746e-01 1.882379055023193359e-01 -2.368672490119934082e-01 9.615363180637359619e-02 3.646367192268371582e-01 5.898486375808715820e-01 7.033457756042480469e-01 -3.406881093978881836e-01 5.003864318132400513e-02 -4.103007018566131592e-01 -1.769992560148239136e-01 -5.391201972961425781e-01 -6.147193536162376404e-02
-1.997402757406234741e-01 2.196294814348220825e-01 3.661912679672241211e-02 -1.274368762969970703e-01 1.636236011981964111e-01 -1.770850718021392822e-01 1.876985430717468262e-01 -1.921744048595428467e-01 -3.987144529819488525e-01 3.922806978225708008e-01 -7.122713327407836914e-01 -7.644779235124588013e-02 -1.655156910419464111e-01 4.774566590785980225e-01 -3.881064057350158691e-02 -6.384037137031555176e-01 8.963005989789962769e-02 -7.598037272691726685e-02 -4.640731215476989746e-01 3.347114622592926025e-01 -9.901487082242965698e-02 4.795081540942192078e-02 -5.606644600629806519e-02 3.558288514614105225e-01 2.145362645387649536e-01 -4.411822557449340820e-01 -5.204413086175918579e-02 -6.672450900077819824e-02 2.822379395365715027e-02 -4.338035583496093750e-01 1.555015146732330322e-01 2.637557685375213623e-01 3.150175511837005615e-01 1.723281145095825195e-01 1.172298640012741089e-01 1.824946701526641846e-01 3.071056902408599854e-01 -5.370017886161804199e-02 -8.158230781555175781e-02 -4.146837592124938965e-01 4.521065354347229004e-01 -7.696774005889892578e-01 5.454135537147521973e-01 1.469478309154510498e-01 -5.262327566742897034e-02 -1.879272162914276123e-01 3.044463396072387695e-01 -4.147143661975860596e-02 -8.913583159446716309e-01 5.697475001215934753e-02 3.338800370693206787e-02 3.706449866294860840e-01 -7.745279371738433838e-02 -9.740999341011047363e-02 7.652732729911804199e-02 2.928877621889114380e-02 5.600845217704772949e-01 7.166608572006225586e-01 -1.164549142122268677e-01 5.744812637567520142e-02 -3.045173287391662598e-01 -3.161840885877609253e-02 -2.793092429637908936e-01 1.081298291683197021e-01
-2.266636192798614502e-01 3.734724521636962891e-01 -2.175907045602798462e-02 5.825031548738479614e-02 1.984017044305801392e-01 -5.074154585599899292e-02 2.516686320304870605e-01 -3.582699894905090332e-01 -4.968523085117340088e-01 4.238017648458480835e-02 -4.703264236450195312e-01 -1.979067325592041016e-01 -2.930240929126739502e-01 2.661067247390747070e-01 -3.447984158992767334e-01 -8.780019879341125488e-01 -1.329763382673263550e-01 -1.065006554126739502e-01 -5.019898414611816406e-01 3.880536556243896484e-01 -2.120929062366485596e-01 -4.660436883568763733e-02 1.190044358372688293e-01 5.130233168601989746e-01 3.115957081317901611e-01 -2.905018031597137451e-01 -2.592311501502990723e-01 -2.077094763517379761e-01 1.205310076475143433e-01 -5.205039381980895996e-01 3.514613211154937744e-01 3.211705684661865234e-01 -2.388277091085910797e-03 1.742361783981323242e-01 5.638141036033630371e-01 2.023217976093292236e-01 3.151452541351318359e-01 -1.734631359577178955e-01 -9.754449129104614258e-04 -5.138019919395446777e-01 5.708014965057373047e-01 -1.207350730895996094e+00 8.022368550300598145e-01 3.215981125831604004e-01 -7.898330688476562500e-02 -4.259639382362365723e-01 -7.872454822063446045e-02 3.037685155868530273e-01 -1.027416825294494629e+00 9.648679196834564209e-02 -2.081735432147979736e-01 2.474217861890792847e-01 1.561542153358459473e-01 -2.829358577728271484e-01 1.496321707963943481e-01 2.312924712896347046e-01 5.455781817436218262e-01 7.222082018852233887e-01 -3.252202868461608887e-01 3.200493752956390381e-03 -3.514477908611297607e-01 -1.453628242015838623e-01 -4.139727950096130371e-01 1.290714889764785767e-01
-5.437955856323242188e-01 -9.036745876073837280e-02 8.114513754844665527e-02 -1.337243318557739258e-01 7.465687394142150879e-02 -2.426930516958236694e-01 1.192690357565879822e-01 2.531212568283081055e-02 -2.452191412448883057e-01 8.697302937507629395e-01 -9.776128530502319336e-01 2.392356693744659424e-01 -2.418896928429603577e-02 6.227729320526123047e-01 2.080259919166564941e-01 -2.852530181407928467e-01 3.108844161033630371e-01 8.903592824935913086e-02 -3.016515374183654785e-01 7.793375290930271149e-03 2.165158092975616455e-01 -1.263732165098190308e-01 -5.733917951583862305e-01 -9.982019662857055664e-02 2.921749651432037354e-01 -4.732389450073242188e-01 1.614992618560791016e-01 1.229218393564224243e-01 -4.732252061367034912e-01 -1.355915069580078125e-01 1.277442425489425659e-01 -7.002934813499450684e-02 8.629214167594909668e-01 5.532980710268020630e-02 -4.930922687053680420e-01 2.570024728775024414e-01 2.920668721199035645e-01 9.566532075405120850e-02 -3.653301000595092773e-01 -7.319003343582153320e-03 4.145309329032897949e-02 -6.956861168146133423e-02 4.913185238838195801e-01 7.941862940788269043e-02 2.191974073648452759e-01 1.526154428720474243e-01 7.719210386276245117e-01 -7.746643424034118652e-01 -4.780361652374267578e-01 4.976868256926536560e-02 2.065933048725128174e-01 5.252642631530761719e-01 -3.626596927642822266e-01 -4.761376976966857910e-02 -1.853898167610168457e-02 -3.781861662864685059e-01 5.553833842277526855e-01 5.815172195434570312e-01 2.524870038032531738e-01 1.114989891648292542e-01 -2.055745869874954224e-01 3.395124375820159912e-01 2.832142412662506104e-01 2.608591318130493164e-02
-4.333875179290771484e-01 -1.285104155540466309e-01 2.000389993190765381e-02 -1.602601706981658936e-01 8.064681291580200195e-02 -2.498265355825424194e-01 2.499796897172927856e-01 4.049664735794067383e-02 -2.947368323802947998e-01 8.028814196586608887e-01 -9.747205972671508789e-01 1.907797157764434814e-01 -1.494530439376831055e-01 4.732664525508880615e-01 1.698049753904342651e-01 -1.937256455421447754e-01 2.508784234523773193e-01 1.221470236778259277e-01 -3.150414526462554932e-01 1.841804012656211853e-02 2.666479051113128662e-01 -1.269793659448623657e-01 -4.661074280738830566e-01 -4.376759380102157593e-02 2.430807054042816162e-01 -4.323119819164276123e-01 1.994078159332275391e-01 2.138233184814453125e-02 -3.620665967464447021e-01 -1.884012520313262939e-01 2.191472947597503662e-01 4.867604374885559082e-02 8.287399411201477051e-01 7.633455097675323486e-03 -3.703354001045227051e-01 2.758666276931762695e-01 2.975517511367797852e-01 6.710535287857055664e-02 -4.284818172454833984e-01 -3.736894205212593079e-02 -9.129369258880615234e-02 -1.258164644241333008e-01 4.083755016326904297e-01 -4.562328755855560303e-02 1.716512143611907959e-01 7.316173613071441650e-02 7.664626240730285645e-01 -7.027118206024169922e-01 -4.801331758499145508e-01 9.485433995723724365e-02 2.192056775093078613e-01 5.621699690818786621e-01 -3.863337039947509766e-01 -7.409331202507019043e-02 5.736461281776428223e-02 -3.976979851722717285e-01 5.198771953582763672e-01 5.765895843505859375e-01 3.298121988773345947e-01 1.258324086666107178e-01 -1.799135357141494751e-01 2.210582196712493896e-01 3.271111845970153809e-01 9.626439213752746582e-02
-5.464203357696533203e-01 -3.105168938636779785e-01 8.311066031455993652e-02 -2.928076982498168945e-01 7.207706570625305176e-03 -2.215765714645385742e-01 1.910168379545211792e-01 1.514264941215515137e-01 -1.785843074321746826e-01 1.101171612739562988e+00 -1.108250141143798828e+00 3.489257395267486572e-01 9.793043136596679688e-03 5.503752231597900391e-01 3.769137263298034668e-01 -1.109424382448196411e-01 4.573319852352142334e-01 1.628950834274291992e-01 -2.024973630905151367e-01 -7.616884261369705200e-02 3.760731220245361328e-01 -6.388399004936218262e-02 -7.063891291618347168e-01 -1.859584450721740723e-01 1.971207857131958008e-01 -4.477714896202087402e-01 3.125841319561004639e-01 1.644632667303085327e-01 -5.535961985588073730e-01 -7.110879570245742798e-02 7.076112926006317139e-02 -7.745622098445892334e-02 9.971055388450622559e-01 -5.794883519411087036e-02 -6.032429337501525879e-01 3.624482452869415283e-01 2.726851403713226318e-01 2.190784364938735962e-01 -3.997054696083068848e-01 1.372394561767578125e-01 -1.655139327049255371e-01 2.638716399669647217e-01 2.943293452262878418e-01 -6.543472409248352051e-03 1.699624061584472656e-01 2.884753942489624023e-01 9.874004125595092773e-01 -1.015677571296691895e+00 -2.659674286842346191e-01 -5.762316659092903137e-02 3.183476328849792480e-01 6.658273935317993164e-01 -5.314530134201049805e-01 -7.815878093242645264e-02 -3.996200859546661377e-02 -5.052736997604370117e-01 4.668864607810974121e-01 4.843926727771759033e-01 4.801462590694427490e-01 2.376618981361389160e-01 -1.170120090246200562e-01 3.616834282875061035e-01 4.725366234779357910e-01 -2.320548892021179199e-02
-3.348341584205627441e-01 -1.061474382877349854e-01 -5.790638923645019531e-02 -8.600010722875595093e-02 6.067122519016265869e-02 -3.097639381885528564e-01 3.536238372325897217e-01 -2.020217478275299072e-02 -2.754523754119873047e-01 6.238413453102111816e-01 -9.265075325965881348e-01 8.987383544445037842e-02 -2.998461723327636719e-01 3.788100779056549072e-01 6.921348720788955688e-02 -2.074742466211318970e-01 1.885907202959060669e-01 2.262463569641113281e-01 -3.617944717407226562e-01 -4.797875508666038513e-02 3.260590732097625732e-01 -8.380593359470367432e-02 -3.922023177146911621e-01 -6.662115454673767090e-02 2.497991621494293213e-01 -3.558552861213684082e-01 1.504610776901245117e-01 -2.642686665058135986e-02 -2.932237386703491211e-01 -1.367729902267456055e-01 2.707214653491973877e-01 6.830620020627975464e-02 6.655483245849609375e-01 -6.831242144107818604e-02 -1.823566257953643799e-01 2.681644558906555176e-01 4.214474856853485107e-01 7.786304689943790436e-03 -4.430602192878723145e-01 -1.931220293045043945e-01 -7.110700011253356934e-03 -3.213292062282562256e-01 3.760122060775756836e-01 -7.666644454002380371e-02 1.730758398771286011e-01 -4.768166691064834595e-02 6.044857501983642578e-01 -5.692065358161926270e-01 -5.638691186904907227e-01 1.929856464266777039e-02 1.409463882446289062e-01 4.567042291164398193e-01 -4.375098943710327148e-01 -1.905847638845443726e-01 1.569969058036804199e-01 -3.141670823097229004e-01 4.550231695175170898e-01 6.321397423744201660e-01 1.481959521770477295e-01 1.940883994102478027e-01 -1.651600450277328491e-01 3.472512215375900269e-02 3.419299721717834473e-01 2.450945526361465454e-01
-2.673983573913574219e-01 1.657421141862869263e-01 -1.269751787185668945e-02 -8.151937276124954224e-02 8.878353238105773926e-02 -1.201278120279312134e-01 2.157491147518157959e-01 -1.537730097770690918e-01 -4.392950236797332764e-01 3.860674500465393066e-01 -7.622658610343933105e-01 -5.802019685506820679e-02 -2.143372446298599243e-01 4.482955038547515869e-01 -5.057971179485321045e-02 -5.823651552200317383e-01 1.060982868075370789e-01 -1.354343742132186890e-01 -3.729685842990875244e-01 3.241713047027587891e-01 -1.366668939590454102e-02 9.793166071176528931e-03 -1.784877181053161621e-01 3.612856566905975342e-01 1.705675870180130005e-01 -4.542565345764160156e-01 -1.090950667858123779e-01 -6.570915877819061279e-02 -3.229144960641860962e-03 -4.762149751186370850e-01 1.855156272649765015e-01 2.088283896446228027e-01 3.373377025127410889e-01 1.587976813316345215e-01 7.024577260017395020e-02 1.283240914344787598e-01 2.665031850337982178e-01 -3.217025101184844971e-02 -8.686909824609756470e-02 -3.892381191253662109e-01 3.884805738925933838e-01 -7.558754682540893555e-01 6.148756146430969238e-01 2.086381614208221436e-01 1.861502602696418762e-02 -1.663636863231658936e-01 3.440785109996795654e-01 -7.561258971691131592e-02 -8.743278980255126953e-01 3.980913385748863220e-02 7.934822142124176025e-02 4.466051757335662842e-01 -1.137193888425827026e-01 -8.079676330089569092e-02 1.646354943513870239e-01 -9.174644201993942261e-02 5.124969482421875000e-01 7.309638261795043945e-01 -5.990779772400856018e-02 4.734321683645248413e-02 -2.623397111892700195e-01 1.626089215278625488e-03 -1.538693010807037354e-01 9.262157976627349854e-02
-1.555394828319549561e-01 1.156200617551803589e-01 -8.851061761379241943e-02 -5.719622224569320679e-02 1.086285263299942017e-01 -1.076241284608840942e-01 3.786029219627380371e-01 -2.249958217144012451e-01 -4.132567346096038818e-01 1.648688465356826782e-01 -6.279102563858032227e-01 -5.296749621629714966e-02 -5.852480530738830566e-01 3.010216653347015381e-01 -7.905116677284240723e-02 -5.244476199150085449e-01 1.815395243465900421e-02 1.633645594120025635e-01 -4.944323301315307617e-01 6.163403764367103577e-02 -8.956862241029739380e-02 -1.428471952676773071e-01 -1.268826425075531006e-01 2.661728262901306152e-01 1.144426092505455017e-01 -3.990623354911804199e-01 -4.948365315794944763e-02 -1.778977811336517334e-01 -6.635408848524093628e-03 -2.901296615600585938e-01 4.187743961811065674e-01 3.953356742858886719e-01 1.616459339857101440e-01 -3.600681573152542114e-02 2.306249737739562988e-01 2.105578631162643433e-01 4.147268235683441162e-01 -3.106067776679992676e-01 -2.356750965118408203e-01 -3.270839154720306396e-01 2.889592349529266357e-01 -7.343010306358337402e-01 6.185742616653442383e-01 1.005906462669372559e-01 1.737508475780487061e-01 -2.795054316520690918e-01 3.774237632751464844e-01 -6.682761013507843018e-02 -8.979544639587402344e-01 1.245610266923904419e-01 3.878739476203918457e-02 3.481036722660064697e-01 -3.481484055519104004e-01 -1.622890084981918335e-01 2.214130610227584839e-01 -9.740994125604629517e-02 4.951344132423400879e-01 6.407595276832580566e-01 -2.484416775405406952e-02 7.977716624736785889e-03 -3.021902441978454590e-01 -1.127664297819137573e-01 5.525949224829673767e-02 2.247375547885894775e-01
-4.813911020755767822e-01 -1.884711533784866333e-02 2.246080338954925537e-02 -7.563107460737228394e-02 1.048244535923004150e-01 -2.325714677572250366e-01 2.193754464387893677e-01 2.970021963119506836e-02 -2.075158357620239258e-01 8.874970078468322754e-01 -9.559455513954162598e-01 1.201557964086532593e-01 -9.118393063545227051e-02 5.716791152954101562e-01 1.490228325128555298e-01 -2.515157163143157959e-01 2.976755499839782715e-01 2.008503675460815430e-02 -4.014416337013244629e-01 -1.467758137732744217e-02 2.177025675773620605e-01 -3.586098179221153259e-02 -4.595898985862731934e-01 -2.981995046138763428e-02 3.393142223358154297e-01 -3.772301077842712402e-01 2.996489405632019043e-01 6.451228260993957520e-02 -3.693323135375976562e-01 -2.245824337005615234e-01 2.384951710700988770e-01 -6.181289255619049072e-02 7.406395077705383301e-01 3.829567879438400269e-02 -3.859460949897766113e-01 3.061031699180603027e-01 2.230801582336425781e-01 1.682625561952590942e-01 -3.494759798049926758e-01 -7.866397500038146973e-02 6.651227921247482300e-02 -1.172730848193168640e-01 4.527475237846374512e-01 7.258599251508712769e-02 2.199733257293701172e-01 7.961067557334899902e-02 7.188071012496948242e-01 -7.043113708496093750e-01 -4.737493991851806641e-01 3.306176885962486267e-02 1.424445509910583496e-01 5.716946721076965332e-01 -3.318586349487304688e-01 -1.313620209693908691e-01 -4.080550372600555420e-02 -3.793358206748962402e-01 5.352696776390075684e-01 5.815275311470031738e-01 2.960117757320404053e-01 1.166908070445060730e-01 -1.789880245923995972e-01 1.831652522087097168e-01 1.701297610998153687e-01 1.161823272705078125e-01
-4.459553956985473633e-01 -1.170888319611549377e-01 7.023233175277709961e-02 -2.970794439315795898e-01 2.106260806322097778e-01 2.195516414940357208e-02 7.939070463180541992e-02 -1.022246703505516052e-01 -2.817791998386383057e-01 8.206517100334167480e-01 -8.989792466163635254e-01 1.839475333690643311e-01 -2.259643003344535828e-02 6.142003536224365234e-01 3.234237730503082275e-01 -5.077147483825683594e-01 4.512025415897369385e-01 -1.217615827918052673e-01 -2.398369312286376953e-01 3.183799386024475098e-01 3.397599607706069946e-02 -4.829771444201469421e-02 -4.993723630905151367e-01 2.375459372997283936e-01 4.040994495153427124e-02 -5.689868927001953125e-01 7.354811578989028931e-02 2.555078864097595215e-01 -4.218472838401794434e-01 -4.258015453815460205e-01 8.970819413661956787e-02 2.900712192058563232e-03 7.243111133575439453e-01 4.780883342027664185e-02 -3.810494244098663330e-01 2.983783483505249023e-01 2.337577044963836670e-01 -5.365770310163497925e-02 -2.369914799928665161e-01 9.509293735027313232e-02 2.038580775260925293e-01 -1.400566995143890381e-01 5.578005313873291016e-01 3.223182857036590576e-01 -2.387047186493873596e-02 1.674877852201461792e-01 7.283962965011596680e-01 -7.264213562011718750e-01 -5.609344244003295898e-01 2.800345048308372498e-02 2.427968680858612061e-01 7.087550163269042969e-01 -2.628657817840576172e-01 -7.214620709419250488e-02 -6.790542602539062500e-02 -2.370928823947906494e-01 5.644081234931945801e-01 5.036651492118835449e-01 2.260536253452301025e-01 9.693019837141036987e-02 -3.304486274719238281e-01 4.765402078628540039e-01 1.330090910196304321e-01 -3.256995081901550293e-01
-3.710329532623291016e-01 -2.714695930480957031e-01 -5.343748629093170166e-02 -1.562930345535278320e-01 5.769395828247070312e-02 -3.077747821807861328e-01 4.050117433071136475e-01 4.544551670551300049e-02 -2.483657598495483398e-01 7.492662668228149414e-01 -9.550426006317138672e-01 1.854510605335235596e-01 -3.566421568393707275e-01 3.852144777774810791e-01 1.057015508413314819e-01 -6.894917786121368408e-02 2.843170166015625000e-01 2.641080319881439209e-01 -2.403165698051452637e-01 -1.243875175714492798e-01 4.120711684226989746e-01 -1.490879356861114502e-01 -5.782340168952941895e-01 -1.375251561403274536e-01 2.020195424556732178e-01 -3.280097842216491699e-01 2.632616758346557617e-01 -1.283884048461914062e-02 -4.267820417881011963e-01 -3.998909145593643188e-02 3.529297709465026855e-01 3.154931962490081787e-02 7.459889650344848633e-01 -1.425069570541381836e-01 -3.716128468513488770e-01 3.366280198097229004e-01 3.791550695896148682e-01 5.738579668104648590e-03 -4.848995804786682129e-01 -1.205559074878692627e-02 -1.242154017090797424e-01 -8.272083103656768799e-02 3.060804605484008789e-01 -6.285050511360168457e-02 1.776749938726425171e-01 6.985457241535186768e-02 8.147274851799011230e-01 -7.445517778396606445e-01 -4.336014688014984131e-01 -9.708736091852188110e-03 2.542169690132141113e-01 5.497062206268310547e-01 -5.236479043960571289e-01 -2.026236504316329956e-01 5.784194171428680420e-02 -4.729112982749938965e-01 4.185483157634735107e-01 5.153459310531616211e-01 3.369680643081665039e-01 2.187577486038208008e-01 -9.766742587089538574e-02 1.002287641167640686e-01 5.397142767906188965e-01 1.686542779207229614e-01
-4.567972123622894287e-01 -1.388196051120758057e-01 4.006646573543548584e-03 -8.766714483499526978e-02 6.566655635833740234e-02 -2.351221293210983276e-01 2.508860230445861816e-01 1.631750166416168213e-02 -2.543873488903045654e-01 8.017631173133850098e-01 -9.790356159210205078e-01 7.743931561708450317e-02 -1.271337121725082397e-01 4.683133661746978760e-01 5.613236501812934875e-02 -1.653935611248016357e-01 2.819323241710662842e-01 8.668430149555206299e-02 -2.887646853923797607e-01 -1.712794601917266846e-02 4.066587686538696289e-01 -4.907030239701271057e-02 -4.590166807174682617e-01 -3.183846920728683472e-02 3.146008253097534180e-01 -4.324728846549987793e-01 1.612175107002258301e-01 5.963613092899322510e-02 -3.630934059619903564e-01 -1.768372356891632080e-01 2.116862386465072632e-01 -1.614123582839965820e-02 6.998105645179748535e-01 4.304457455873489380e-02 -3.872296512126922607e-01 2.662945389747619629e-01 3.163551390171051025e-01 1.710097193717956543e-01 -3.434413671493530273e-01 -1.239031106233596802e-01 -3.987111151218414307e-02 -2.344411611557006836e-01 3.603153824806213379e-01 -1.760840415954589844e-02 1.939718723297119141e-01 8.316123485565185547e-02 6.420293450355529785e-01 -6.873010396957397461e-01 -4.755710661411285400e-01 1.006486639380455017e-02 1.865661740303039551e-01 5.602875947952270508e-01 -3.444386124610900879e-01 -1.349586099386215210e-01 1.576810628175735474e-01 -4.141125082969665527e-01 4.461298584938049316e-01 6.480373144149780273e-01 2.819467484951019287e-01 1.817054748535156250e-01 -1.128411740064620972e-01 1.693176627159118652e-01 3.277071416378021240e-01 1.645576357841491699e-01
-3.551616370677947998e-01 -1.068572923541069031e-01 -4.613955318927764893e-02 -1.127014681696891785e-01 6.229369342327117920e-02 -1.831802576780319214e-01 3.055638074874877930e-01 -6.244197487831115723e-03 -2.665897309780120850e-01 7.158823013305664062e-01 -9.386042952537536621e-01 1.153483390808105469e-01 -2.448694854974746704e-01 4.207966029644012451e-01 5.960087478160858154e-02 -1.971696019172668457e-01 2.699866890907287598e-01 1.565312743186950684e-01 -3.010688424110412598e-01 -6.548818200826644897e-02 3.085482716560363770e-01 -5.620693042874336243e-02 -4.898674488067626953e-01 -2.786356210708618164e-02 2.761622667312622070e-01 -4.074023962020874023e-01 1.576797664165496826e-01 -3.559355437755584717e-02 -3.150774240493774414e-01 -1.807580292224884033e-01 3.028008937835693359e-01 1.594284176826477051e-01 5.654497742652893066e-01 -3.774346038699150085e-02 -3.218445777893066406e-01 2.774185538291931152e-01 2.963383197784423828e-01 6.766431778669357300e-02 -3.079375028610229492e-01 -8.139185607433319092e-02 -4.244610667228698730e-02 -2.227360606193542480e-01 3.571827113628387451e-01 -6.041209399700164795e-02 2.089354991912841797e-01 4.971626400947570801e-02 6.665219664573669434e-01 -5.981109142303466797e-01 -5.506891608238220215e-01 3.083321079611778259e-02 1.983605027198791504e-01 5.365365743637084961e-01 -4.738609790802001953e-01 -1.176158636808395386e-01 1.319104731082916260e-01 -3.739743828773498535e-01 4.077717065811157227e-01 5.858102440834045410e-01 3.335536718368530273e-01 1.232338622212409973e-01 -1.328132897615432739e-01 9.705630689859390259e-02 3.434479534626007080e-01 1.489890515804290771e-01
-4.366326332092285156e-01 -5.050882697105407715e-03 6.610396504402160645e-02 -1.751570403575897217e-01 8.940289914608001709e-02 -9.116943180561065674e-02 5.547794327139854431e-02 -3.568026423454284668e-02 -3.416028916835784912e-01 7.946704030036926270e-01 -8.855772018432617188e-01 7.809022068977355957e-02 -7.006898522377014160e-05 5.842814445495605469e-01 1.291380822658538818e-01 -4.541111290454864502e-01 2.434176951646804810e-01 -1.190037727355957031e-01 -3.298654556274414062e-01 1.892293840646743774e-01 8.959511667490005493e-02 1.374703273177146912e-02 -3.940430581569671631e-01 2.137071788311004639e-01 2.041802406311035156e-01 -5.202941298484802246e-01 3.318164497613906860e-02 1.261746585369110107e-01 -3.378456234931945801e-01 -3.585461080074310303e-01 5.041401460766792297e-02 4.708078503608703613e-02 6.616612076759338379e-01 1.407943964004516602e-01 -3.296945393085479736e-01 2.218593060970306396e-01 2.221231758594512939e-01 3.504486382007598877e-02 -1.724131554365158081e-01 -8.863912522792816162e-02 1.694656610488891602e-01 -3.070182502269744873e-01 5.343635082244873047e-01 1.381933987140655518e-01 6.855077296495437622e-02 6.266336888074874878e-02 6.692168712615966797e-01 -5.347173213958740234e-01 -7.065403461456298828e-01 4.793385788798332214e-02 1.675257384777069092e-01 5.655956864356994629e-01 -1.541359722614288330e-01 5.057767033576965332e-03 4.594422876834869385e-02 -2.656484246253967285e-01 5.354218482971191406e-01 5.794275403022766113e-01 1.923222541809082031e-01 1.820281147956848145e-03 -2.462836802005767822e-01 3.410949110984802246e-01 4.248307272791862488e-02 -9.559595584869384766e-02
-2.954121530055999756e-01 3.367323279380798340e-01 -3.013366833329200745e-02 5.568159371614456177e-02 2.589727044105529785e-01 5.613527446985244751e-02 1.103030666708946228e-01 -4.526705145835876465e-01 -5.341106057167053223e-01 2.984777092933654785e-03 -4.468947052955627441e-01 -1.170792654156684875e-01 -3.044393062591552734e-01 3.360263109207153320e-01 -2.151583433151245117e-01 -9.692923426628112793e-01 -9.826453775167465210e-02 -9.374541789293289185e-02 -4.829961657524108887e-01 3.954467773437500000e-01 -4.042236506938934326e-01 -9.090273082256317139e-02 7.745660096406936646e-02 5.230361223220825195e-01 2.088121622800827026e-01 -3.592043220996856689e-01 -3.830109536647796631e-01 -9.244105219841003418e-02 6.363461911678314209e-02 -5.007372498512268066e-01 2.567361593246459961e-01 3.734515309333801270e-01 -3.148771077394485474e-02 1.385825574398040771e-01 5.593823790550231934e-01 1.679630428552627563e-01 4.038063585758209229e-01 -3.482537865638732910e-01 -3.844991326332092285e-03 -4.881147146224975586e-01 6.653609871864318848e-01 -1.216243743896484375e+00 9.153205156326293945e-01 4.296225309371948242e-01 -1.038960814476013184e-01 -3.757405877113342285e-01 -8.079035580158233643e-02 2.323435693979263306e-01 -1.050002694129943848e+00 8.618423342704772949e-02 -1.940372139215469360e-01 2.163796126842498779e-01 7.637852430343627930e-02 -2.779883146286010742e-01 1.296382397413253784e-01 3.012242913246154785e-01 5.593203306198120117e-01 6.852240562438964844e-01 -4.089669287204742432e-01 -5.281539261341094971e-02 -3.833706974983215332e-01 -2.835043519735336304e-02 -3.875254392623901367e-01 -4.190069064497947693e-02
-3.487221002578735352e-01 -1.802271604537963867e-01 4.076511412858963013e-02 -2.699141502380371094e-01 7.544159889221191406e-02 -2.120292931795120239e-01 2.019158303737640381e-01 1.866512000560760498e-02 -2.566145658493041992e-01 8.278048038482666016e-01 -9.469500780105590820e-01 1.927851140499114990e-01 -1.507039815187454224e-01 5.628226995468139648e-01 2.332942038774490356e-01 -2.633159160614013672e-01 4.323288500308990479e-01 8.507876098155975342e-02 -2.401400208473205566e-01 7.597336173057556152e-02 2.457819581031799316e-01 -5.721510574221611023e-02 -5.488603115081787109e-01 1.895389705896377563e-02 1.819145679473876953e-01 -5.239850878715515137e-01 1.751842200756072998e-01 1.354632824659347534e-01 -4.440441429615020752e-01 -2.198341786861419678e-01 1.301425397396087646e-01 5.975474417209625244e-02 7.551001906394958496e-01 2.249842137098312378e-02 -4.619961082935333252e-01 3.243326544761657715e-01 2.803361713886260986e-01 6.440614163875579834e-02 -3.061106204986572266e-01 6.890535354614257812e-02 1.445365697145462036e-02 -7.206363976001739502e-02 3.525434434413909912e-01 7.227827608585357666e-02 1.118820458650588989e-01 2.054816037416458130e-01 8.517321348190307617e-01 -7.607773542404174805e-01 -5.148817300796508789e-01 4.321069642901420593e-02 3.343596756458282471e-01 6.247500181198120117e-01 -3.977187275886535645e-01 -7.324463129043579102e-02 7.564768195152282715e-02 -4.093745946884155273e-01 5.010138750076293945e-01 5.791177749633789062e-01 3.452553749084472656e-01 2.120220065116882324e-01 -1.934658139944076538e-01 2.371934950351715088e-01 2.710050940513610840e-01 -1.779207959771156311e-02
-2.753984034061431885e-01 1.256114095449447632e-01 -1.148319691419601440e-01 9.950231760740280151e-02 7.631799578666687012e-02 -1.507017314434051514e-01 3.112751543521881104e-01 -1.955004334449768066e-01 -3.694811463356018066e-01 3.066625595092773438e-01 -7.208212018013000488e-01 -8.128703385591506958e-02 -4.686510264873504639e-01 3.222974836826324463e-01 -1.470748931169509888e-01 -4.035016596317291260e-01 -6.637283600866794586e-03 1.378875076770782471e-01 -5.050571560859680176e-01 -1.712566241621971130e-03 4.243795573711395264e-02 -1.230466365814208984e-01 -1.876135170459747314e-01 1.443865001201629639e-01 2.985410690307617188e-01 -3.514189422130584717e-01 -4.483457654714584351e-02 -1.813105940818786621e-01 -1.069842576980590820e-01 -2.642776668071746826e-01 4.079602658748626709e-01 2.738950848579406738e-01 2.715201079845428467e-01 2.665722370147705078e-02 1.166406199336051941e-01 1.804141402244567871e-01 3.826939165592193604e-01 -1.579902172088623047e-01 -2.565017342567443848e-01 -3.791980743408203125e-01 2.033674418926239014e-01 -7.376943230628967285e-01 6.274796724319458008e-01 3.279664367437362671e-02 2.528248429298400879e-01 -2.097334712743759155e-01 3.196249604225158691e-01 -1.417690962553024292e-01 -8.086891174316406250e-01 1.406449973583221436e-01 -2.863071113824844360e-02 3.651541769504547119e-01 -2.451302260160446167e-01 -1.405699104070663452e-01 2.495739012956619263e-01 -1.685999631881713867e-01 4.730075001716613770e-01 6.826311945915222168e-01 -6.177527830004692078e-03 -4.350811243057250977e-03 -2.232358604669570923e-01 -8.757419139146804810e-02 9.909120202064514160e-02 3.198855817317962646e-01
-4.833391010761260986e-01 -2.276302278041839600e-01 1.688627302646636963e-01 -4.156315624713897705e-01 1.531066149473190308e-01 -6.730698049068450928e-02 -3.730057179927825928e-02 7.429592311382293701e-02 -1.482822000980377197e-01 1.140957236289978027e+00 -1.056059002876281738e+00 2.964302301406860352e-01 2.714992761611938477e-01 7.165077924728393555e-01 4.402240216732025146e-01 -3.394189178943634033e-01 6.049432158470153809e-01 -1.130378842353820801e-01 -1.413242071866989136e-01 2.307403683662414551e-01 2.287456393241882324e-01 -2.609986811876296997e-03 -6.613591313362121582e-01 5.110602825880050659e-02 1.535599529743194580e-01 -6.337425112724304199e-01 2.163383662700653076e-01 3.411784172058105469e-01 -5.751592516899108887e-01 -3.322852253913879395e-01 -1.064677685499191284e-01 -1.101430505514144897e-01 9.624882340431213379e-01 1.350252330303192139e-01 -7.400346994400024414e-01 3.549346923828125000e-01 1.242279484868049622e-01 2.051889151334762573e-01 -2.057315111160278320e-01 2.699933946132659912e-01 1.078659296035766602e-02 2.577927410602569580e-01 3.635044991970062256e-01 2.032078504562377930e-01 1.062865834683179855e-02 3.771464228630065918e-01 9.496072530746459961e-01 -1.017409801483154297e+00 -3.779981434345245361e-01 2.249182388186454773e-02 3.455690145492553711e-01 7.868281602859497070e-01 -2.968716025352478027e-01 5.405545234680175781e-02 -1.044287979602813721e-01 -3.747678995132446289e-01 5.280292034149169922e-01 4.635051190853118896e-01 4.396610558032989502e-01 1.468338370323181152e-01 -2.302308827638626099e-01 6.325048208236694336e-01 2.205470055341720581e-01 -3.466009497642517090e-01
-1.773639917373657227e-01 3.393819332122802734e-01 -2.145758271217346191e-02 -8.874049037694931030e-02 1.575086265802383423e-01 -5.291934311389923096e-02 2.311215400695800781e-01 -4.088528752326965332e-01 -4.831258356571197510e-01 3.568887710571289062e-02 -3.809075355529785156e-01 -1.336790025234222412e-01 -3.340532481670379639e-01 3.283289372920989990e-01 -2.348842620849609375e-01 -9.186315536499023438e-01 -1.202834919095039368e-01 -8.676230907440185547e-02 -4.620059728622436523e-01 4.112997949123382568e-01 -3.865115046501159668e-01 -6.610120832920074463e-02 1.082686558365821838e-01 5.179237127304077148e-01 2.175124436616897583e-01 -2.602540850639343262e-01 -2.254954874515533447e-01 -1.694119274616241455e-01 1.200023889541625977e-01 -4.728406965732574463e-01 3.415060043334960938e-01 3.660022020339965820e-01 -1.343772560358047485e-01 1.182319149374961853e-01 5.582939982414245605e-01 3.039980530738830566e-01 3.359569013118743896e-01 -3.080168962478637695e-01 9.176114201545715332e-02 -4.840890169143676758e-01 7.111229300498962402e-01 -1.129764199256896973e+00 8.191788792610168457e-01 4.125725626945495605e-01 -1.619521081447601318e-01 -4.100934267044067383e-01 -4.465831443667411804e-02 3.022356629371643066e-01 -1.047572970390319824e+00 4.648530110716819763e-02 -1.981665045022964478e-01 2.344200313091278076e-01 1.194778159260749817e-01 -3.255426287651062012e-01 6.400495767593383789e-04 3.186777830123901367e-01 6.012917757034301758e-01 6.466474533081054688e-01 -3.436341583728790283e-01 1.510456204414367676e-04 -3.926877379417419434e-01 -1.356323212385177612e-01 -4.220753014087677002e-01 6.486068665981292725e-02
-1.913422346115112305e-01 4.774193465709686279e-02 2.203609049320220947e-02 -1.615418195724487305e-01 7.219150662422180176e-02 -2.824725806713104248e-01 1.954467892646789551e-01 -7.301329076290130615e-02 -3.465674221515655518e-01 5.697162151336669922e-01 -8.068125844001770020e-01 -3.901957720518112183e-02 -1.908287853002548218e-01 4.953824579715728760e-01 5.272988975048065186e-02 -3.632155954837799072e-01 2.112904936075210571e-01 -2.177333831787109375e-02 -4.443262219429016113e-01 1.718897372484207153e-01 9.258770197629928589e-02 3.466182574629783630e-02 -1.838009953498840332e-01 1.835815310478210449e-01 2.424275279045104980e-01 -5.166953802108764648e-01 6.081679463386535645e-02 -2.628819644451141357e-02 -9.339205920696258545e-02 -3.303588628768920898e-01 1.317300945520401001e-01 1.979215145111083984e-01 4.847422540187835693e-01 1.685122847557067871e-01 -1.300453245639801025e-01 2.081963419914245605e-01 2.746726870536804199e-01 5.923967063426971436e-02 -1.845878660678863525e-01 -2.743301093578338623e-01 2.223310768604278564e-01 -5.087804198265075684e-01 4.300135970115661621e-01 2.627538144588470459e-02 6.952492147684097290e-02 -3.757378831505775452e-02 5.393642187118530273e-01 -2.955109477043151855e-01 -7.590100765228271484e-01 1.018137633800506592e-01 1.500166058540344238e-01 4.975848793983459473e-01 -1.486048251390457153e-01 -3.799675405025482178e-02 1.696794182062149048e-01 -2.137421369552612305e-01 5.603913664817810059e-01 7.206923365592956543e-01 1.242887973785400391e-01 1.175459250807762146e-01 -2.224678695201873779e-01 3.946819156408309937e-02 -6.624159216880798340e-02 1.976228207349777222e-01
-4.142622053623199463e-01 -5.125730037689208984e-01 -5.190271139144897461e-02 -1.935170292854309082e-01 -6.165045499801635742e-02 -2.857397496700286865e-01 5.001729726791381836e-01 2.225570976734161377e-01 -1.077366471290588379e-01 9.150202274322509766e-01 -1.088236927986145020e+00 2.701002657413482666e-01 -3.341977894306182861e-01 2.570187747478485107e-01 1.895927190780639648e-01 5.689875036478042603e-02 3.571103513240814209e-01 4.808877110481262207e-01 -1.271551400423049927e-01 -3.795408010482788086e-01 7.117787599563598633e-01 -6.178859993815422058e-02 -7.773858308792114258e-01 -3.630644381046295166e-01 1.847000718116760254e-01 -1.855846047401428223e-01 4.008682370185852051e-01 3.981457650661468506e-02 -6.482563614845275879e-01 1.748006343841552734e-01 2.757984995841979980e-01 -1.943925023078918457e-02 8.909314274787902832e-01 -3.427263796329498291e-01 -4.326353371143341064e-01 4.676065742969512939e-01 4.494412839412689209e-01 1.059951633214950562e-01 -5.597799420356750488e-01 9.820595383644104004e-02 -3.726822733879089355e-01 2.025879621505737305e-01 9.321625530719757080e-02 -2.480828613042831421e-01 2.101320773363113403e-01 1.062601655721664429e-01 9.416881203651428223e-01 -9.964869618415832520e-01 -2.040821611881256104e-01 -2.043464034795761108e-01 2.945020794868469238e-01 4.969698190689086914e-01 -7.967807650566101074e-01 -2.570318579673767090e-01 4.659117758274078369e-02 -5.744441747665405273e-01 2.188117206096649170e-01 4.090515971183776855e-01 4.208258688449859619e-01 3.235544562339782715e-01 9.040892124176025391e-02 9.765892475843429565e-02 8.396126031875610352e-01 2.504832446575164795e-01
-2.678086459636688232e-01 3.527317047119140625e-01 -4.592089727520942688e-02 7.460553199052810669e-02 1.092671304941177368e-01 -1.505533009767532349e-01 2.451624274253845215e-01 -4.051796793937683105e-01 -4.475481808185577393e-01 -1.742286980152130127e-02 -3.347936272621154785e-01 -1.427200138568878174e-01 -3.470099866390228271e-01 1.859162747859954834e-01 -3.943375349044799805e-01 -7.805250883102416992e-01 -2.959040999412536621e-01 1.140891015529632568e-02 -6.121534705162048340e-01 1.385266929864883423e-01 -3.208729028701782227e-01 -7.040953636169433594e-02 1.908059120178222656e-01 3.438505828380584717e-01 3.877275586128234863e-01 -1.154924482107162476e-01 -2.133658826351165771e-01 -2.677389383316040039e-01 1.354509890079498291e-01 -3.108181655406951904e-01 3.375913500785827637e-01 3.450462222099304199e-01 -2.294282913208007812e-01 7.900094240903854370e-02 6.625704765319824219e-01 2.655632495880126953e-01 4.156803190708160400e-01 -2.860306501388549805e-01 2.678211033344268799e-02 -6.221818923950195312e-01 6.270651817321777344e-01 -1.250626683235168457e+00 7.872102260589599609e-01 3.290824890136718750e-01 -7.649803161621093750e-02 -4.576365351676940918e-01 -1.766577512025833130e-01 3.332806825637817383e-01 -1.044966220855712891e+00 -5.482107400894165039e-03 -3.997460901737213135e-01 6.912247836589813232e-02 1.488534808158874512e-01 -3.965765237808227539e-01 5.830053985118865967e-02 2.883561253547668457e-01 6.133202910423278809e-01 6.646690368652343750e-01 -3.619725406169891357e-01 -7.155073434114456177e-02 -3.337877988815307617e-01 -2.161319255828857422e-01 -3.873490095138549805e-01 2.898072600364685059e-01
-4.101459085941314697e-01 4.128242135047912598e-01 3.337439894676208496e-02 1.186232045292854309e-01 1.765978187322616577e-01 3.437771648168563843e-02 1.763114035129547119e-01 -5.075689554214477539e-01 -5.563186407089233398e-01 -5.530144274234771729e-02 -3.026981353759765625e-01 -1.092580482363700867e-01 -2.854825556278228760e-01 1.834521591663360596e-01 -3.835275769233703613e-01 -8.981238603591918945e-01 -3.223458826541900635e-01 -5.943862721323966980e-02 -5.979683399200439453e-01 2.366531640291213989e-01 -4.726706147193908691e-01 -1.233228594064712524e-01 1.665199398994445801e-01 4.940114617347717285e-01 3.338053226470947266e-01 -1.779048740863800049e-01 -3.028393089771270752e-01 -3.014591336250305176e-01 1.109234988689422607e-01 -3.489142060279846191e-01 3.126173913478851318e-01 3.591990470886230469e-01 -1.739978939294815063e-01 1.261911988258361816e-01 7.242905497550964355e-01 2.733439207077026367e-01 4.093737900257110596e-01 -3.323502242565155029e-01 3.797748684883117676e-02 -5.459141135215759277e-01 6.820968985557556152e-01 -1.360606312751770020e+00 9.235877990722656250e-01 4.650839567184448242e-01 -8.360271900892257690e-02 -5.164439082145690918e-01 -1.968481689691543579e-01 3.741097450256347656e-01 -1.022799253463745117e+00 -9.350225329399108887e-03 -3.359908163547515869e-01 5.587001144886016846e-02 1.823320537805557251e-01 -4.178547263145446777e-01 2.776766568422317505e-02 3.467790484428405762e-01 5.845736265182495117e-01 6.130982041358947754e-01 -4.006678164005279541e-01 -1.424163132905960083e-01 -3.529415130615234375e-01 -1.223488524556159973e-01 -4.652828276157379150e-01 1.519009619951248169e-01
-3.561792373657226562e-01 -7.516832649707794189e-02 -5.434936285018920898e-02 -1.205659136176109314e-01 5.432400107383728027e-02 -3.089290559291839600e-01 2.522193789482116699e-01 -2.661234140396118164e-02 -1.737243235111236572e-01 8.001585006713867188e-01 -9.228404164314270020e-01 1.024937629699707031e-01 -1.919763833284378052e-01 5.036439895629882812e-01 1.101255267858505249e-01 -2.040957361459732056e-01 2.677044570446014404e-01 1.231129616498947144e-01 -4.361237883567810059e-01 -1.042930129915475845e-02 2.282053828239440918e-01 -7.855519652366638184e-02 -4.167411625385284424e-01 -5.907456576824188232e-02 2.972792387008666992e-01 -3.513426184654235840e-01 2.722638249397277832e-01 4.932996630668640137e-02 -3.409906327724456787e-01 -1.886753141880035400e-01 2.420047819614410400e-01 -1.188437640666961670e-02 6.288439631462097168e-01 1.524119824171066284e-02 -2.942733466625213623e-01 3.130536675453186035e-01 2.490135431289672852e-01 7.382479310035705566e-02 -3.553333282470703125e-01 -1.056000441312789917e-01 3.929463773965835571e-02 -1.912654936313629150e-01 4.421004056930541992e-01 3.386020660400390625e-02 2.099279761314392090e-01 5.931697040796279907e-02 6.515034437179565430e-01 -6.622884273529052734e-01 -5.703667402267456055e-01 5.030673369765281677e-02 1.102319657802581787e-01 6.063662171363830566e-01 -3.176434636116027832e-01 -1.145469248294830322e-01 -7.256865501403808594e-06 -3.669618964195251465e-01 5.234866738319396973e-01 5.682278871536254883e-01 2.586204111576080322e-01 1.573892831802368164e-01 -1.887063831090927124e-01 1.227489486336708069e-01 2.195333689451217651e-01 1.951186209917068481e-01
-2.425860762596130371e-01 -1.315130442380905151e-01 -1.608872711658477783e-01 -4.857487976551055908e-03 -3.607416152954101562e-02 -2.378406971693038940e-01 6.000559329986572266e-01 1.164731383323669434e-02 -3.023459017276763916e-01 3.324486613273620605e-01 -7.618346214294433594e-01 4.322036355733871460e-02 -6.500774025917053223e-01 1.608359813690185547e-01 -2.095006406307220459e-02 -1.911688596010208130e-01 5.573605000972747803e-02 3.663802146911621094e-01 -3.658776581287384033e-01 -2.770124077796936035e-01 3.025274872779846191e-01 -1.299258321523666382e-01 -3.517730534076690674e-01 -6.731763482093811035e-02 1.586645990610122681e-01 -2.371861934661865234e-01 2.099921703338623047e-01 -1.529441177845001221e-01 -2.664333283901214600e-01 -6.144388765096664429e-02 5.160415768623352051e-01 2.049023509025573730e-01 4.875195324420928955e-01 -2.805391252040863037e-01 4.239820688962936401e-02 2.596353888511657715e-01 4.012027084827423096e-01 -1.590862125158309937e-01 -5.058475732803344727e-01 -1.489879488945007324e-01 -9.916587918996810913e-02 -3.842225074768066406e-01 3.606964647769927979e-01 -1.639867275953292847e-01 2.336769849061965942e-01 -2.328233867883682251e-01 5.966403484344482422e-01 -4.160609245300292969e-01 -5.622898936271667480e-01 5.503216013312339783e-02 1.332170069217681885e-01 3.457696437835693359e-01 -5.989237427711486816e-01 -2.538805902004241943e-01 1.755748838186264038e-01 -3.405336141586303711e-01 4.163121879100799561e-01 6.117475032806396484e-01 1.888025999069213867e-01 1.209415122866630554e-01 -1.568124145269393921e-01 -1.692302823066711426e-01 5.113336443901062012e-01 4.021275639533996582e-01
-4.300150871276855469e-01 -7.336129248142242432e-02 1.137900203466415405e-01 -2.926758527755737305e-01 1.360956579446792603e-01 -1.295573264360427856e-01 1.127662211656570435e-01 -7.255950570106506348e-02 -2.636208236217498779e-01 8.364416360855102539e-01 -9.013486504554748535e-01 2.046697586774826050e-01 -6.972604990005493164e-02 6.403073072433471680e-01 2.808148860931396484e-01 -3.560169041156768799e-01 4.298989772796630859e-01 -2.293695509433746338e-02 -3.476208150386810303e-01 1.982905715703964233e-01 1.663001626729965210e-02 -3.460684791207313538e-02 -4.550679326057434082e-01 1.542263925075531006e-01 1.358288973569869995e-01 -5.697437524795532227e-01 1.619639098644256592e-01 1.512849181890487671e-01 -3.607267141342163086e-01 -2.972046434879302979e-01 6.938561797142028809e-02 5.125851184129714966e-02 7.175534963607788086e-01 1.074192598462104797e-01 -4.213047921657562256e-01 2.852432131767272949e-01 2.464685142040252686e-01 4.713048040866851807e-02 -2.512189745903015137e-01 4.139157384634017944e-02 1.627468168735504150e-01 -1.713521182537078857e-01 4.618641734123229980e-01 2.215991765260696411e-01 6.800845265388488770e-02 2.198543697595596313e-01 8.052152395248413086e-01 -6.564245223999023438e-01 -5.575672388076782227e-01 4.056234285235404968e-02 2.698834538459777832e-01 6.410950422286987305e-01 -2.928966879844665527e-01 -3.161740303039550781e-02 -4.872561991214752197e-02 -3.372419476509094238e-01 6.031600832939147949e-01 5.828058719635009766e-01 3.014950454235076904e-01 1.395017802715301514e-01 -2.822737693786621094e-01 2.966193556785583496e-01 6.793095171451568604e-02 -1.093641817569732666e-01
-2.517957091331481934e-01 3.536168336868286133e-01 1.923665404319763184e-04 -9.528315067291259766e-02 2.139890044927597046e-01 -1.991732977330684662e-02 1.408514231443405151e-01 -3.967049121856689453e-01 -4.998862445354461670e-01 1.665780097246170044e-01 -4.419443607330322266e-01 -9.854305535554885864e-02 -2.128769904375076294e-01 3.787113428115844727e-01 -1.714474558830261230e-01 -9.712768793106079102e-01 -9.794882684946060181e-02 -1.707093715667724609e-01 -4.583125114440917969e-01 4.819788932800292969e-01 -4.561581015586853027e-01 -3.045615926384925842e-02 1.146194562315940857e-01 5.783880949020385742e-01 2.287774980068206787e-01 -2.719657123088836670e-01 -2.165350317955017090e-01 -1.141631752252578735e-01 1.412585526704788208e-01 -5.478942990303039551e-01 2.686660587787628174e-01 3.052918314933776855e-01 -7.165443897247314453e-02 1.420949399471282959e-01 5.250684618949890137e-01 2.663738727569580078e-01 2.793866097927093506e-01 -2.431331127882003784e-01 1.110866069793701172e-01 -4.783145785331726074e-01 7.402502298355102539e-01 -1.055303215980529785e+00 8.540109395980834961e-01 4.594336152076721191e-01 -2.227774560451507568e-01 -3.437426686286926270e-01 3.558963164687156677e-02 2.480500787496566772e-01 -1.053622841835021973e+00 4.965091869235038757e-02 -2.046764791011810303e-01 2.840456962585449219e-01 1.821883171796798706e-01 -3.200901746749877930e-01 -3.271573409438133240e-02 3.201018571853637695e-01 6.213477849960327148e-01 6.174667477607727051e-01 -3.432692587375640869e-01 -2.346020191907882690e-02 -4.053126871585845947e-01 -9.791068732738494873e-02 -5.222090482711791992e-01 -8.329105377197265625e-02
-5.323994159698486328e-01 -1.044510602951049805e-01 1.022874265909194946e-01 -2.053477168083190918e-01 7.085429131984710693e-02 -2.133184671401977539e-01 1.540481299161911011e-01 1.409830152988433838e-02 -2.433192431926727295e-01 8.828701972961425781e-01 -9.533135890960693359e-01 2.357390522956848145e-01 -3.021034225821495056e-02 6.386407613754272461e-01 2.457591146230697632e-01 -2.870837152004241943e-01 3.897313475608825684e-01 5.830071866512298584e-02 -2.712418437004089355e-01 7.279123365879058838e-02 2.172038257122039795e-01 -8.842332661151885986e-02 -5.714855194091796875e-01 -2.787358313798904419e-02 1.997366547584533691e-01 -4.805999696254730225e-01 1.672211289405822754e-01 1.596298664808273315e-01 -4.492834806442260742e-01 -1.691464483737945557e-01 1.291325986385345459e-01 -8.135323226451873779e-02 8.080218434333801270e-01 5.103790014982223511e-02 -5.080379843711853027e-01 2.774133086204528809e-01 2.914840281009674072e-01 1.044902503490447998e-01 -3.480229973793029785e-01 2.930600568652153015e-02 8.013913035392761230e-02 -7.068994641304016113e-02 4.533305764198303223e-01 1.387406289577484131e-01 1.776695251464843750e-01 1.653108000755310059e-01 7.854505777359008789e-01 -7.878740429878234863e-01 -4.731839001178741455e-01 -9.559933096170425415e-03 2.370105981826782227e-01 5.652798414230346680e-01 -3.997392654418945312e-01 -8.594585955142974854e-02 -3.237058222293853760e-02 -3.838930130004882812e-01 5.351527929306030273e-01 5.712517499923706055e-01 2.819459736347198486e-01 1.621883809566497803e-01 -2.202809453010559082e-01 3.360359370708465576e-01 2.677173912525177002e-01 -3.165975213050842285e-02
-5.102680325508117676e-01 -1.477752327919006348e-01 9.756587445735931396e-02 -2.922001779079437256e-01 3.018254786729812622e-02 -1.803233176469802856e-01 6.678646802902221680e-02 9.080637991428375244e-02 -2.228848487138748169e-01 1.027309298515319824e+00 -9.900856614112854004e-01 2.813192009925842285e-01 1.082694530487060547e-01 6.280845403671264648e-01 3.161300718784332275e-01 -2.517046630382537842e-01 4.172087013721466064e-01 -4.633559286594390869e-02 -2.658694684505462646e-01 1.200952827930450439e-01 1.906043291091918945e-01 -4.240613058209419250e-02 -5.592212080955505371e-01 -1.380904763936996460e-02 2.211848199367523193e-01 -5.077138543128967285e-01 1.919989287853240967e-01 1.848165541887283325e-01 -4.547767639160156250e-01 -2.715551555156707764e-01 2.300440147519111633e-02 -5.774554610252380371e-02 8.615737557411193848e-01 1.156856939196586609e-01 -5.739932060241699219e-01 2.980557382106781006e-01 1.595737338066101074e-01 1.820147931575775146e-01 -2.802761793136596680e-01 1.038300246000289917e-01 -2.754434943199157715e-02 5.911128968000411987e-02 4.397388696670532227e-01 1.187751442193984985e-01 1.293475776910781860e-01 2.556104660034179688e-01 8.419720530509948730e-01 -8.305649161338806152e-01 -4.447593092918395996e-01 4.924283549189567566e-02 2.079026103019714355e-01 6.793421506881713867e-01 -2.883785963058471680e-01 2.623480558395385742e-02 -6.730312108993530273e-02 -4.017111063003540039e-01 5.844185948371887207e-01 5.336971879005432129e-01 4.423182606697082520e-01 9.267634898424148560e-02 -2.196221947669982910e-01 4.642552733421325684e-01 2.191573083400726318e-01 -1.030395925045013428e-01
-3.073813319206237793e-01 1.907436996698379517e-01 8.216285705566406250e-02 -1.481956243515014648e-01 1.909942477941513062e-01 -6.601583212614059448e-02 6.747140735387802124e-02 -2.069193571805953979e-01 -3.528410494327545166e-01 5.461145639419555664e-01 -7.970356941223144531e-01 5.998552963137626648e-02 -7.970114052295684814e-02 5.881987810134887695e-01 1.775054484605789185e-01 -5.840834975242614746e-01 2.642674744129180908e-01 -1.132675409317016602e-01 -4.516658782958984375e-01 4.131262302398681641e-01 -1.807560026645660400e-01 -3.489528968930244446e-02 -2.144977450370788574e-01 3.277868628501892090e-01 1.800319701433181763e-01 -6.192309856414794922e-01 -7.335489243268966675e-02 2.082256972789764404e-02 -5.523433163762092590e-02 -4.821504652500152588e-01 1.328290998935699463e-01 2.354597151279449463e-01 4.522345662117004395e-01 2.466402649879455566e-01 -9.969858080148696899e-02 1.574592292308807373e-01 2.341856062412261963e-01 1.712984591722488403e-02 -1.348232775926589966e-01 -2.157138735055923462e-01 3.531440794467926025e-01 -5.614597201347351074e-01 6.644701957702636719e-01 2.267726957798004150e-01 8.017726242542266846e-02 1.770272850990295410e-03 4.569810926914215088e-01 -2.222673296928405762e-01 -7.845733165740966797e-01 1.802916824817657471e-01 1.210672706365585327e-01 5.354928374290466309e-01 -1.530073881149291992e-01 2.970600128173828125e-02 8.657239377498626709e-02 -6.230273097753524780e-02 6.127158403396606445e-01 7.105848789215087891e-01 5.314750596880912781e-02 4.691155999898910522e-02 -3.475298583507537842e-01 2.024899423122406006e-01 -2.060826122760772705e-01 -5.230912938714027405e-02
-1.246734708547592163e-01 2.429650574922561646e-01 -1.518131792545318604e-01 -7.353854924440383911e-02 1.787327975034713745e-01 -1.723641455173492432e-01 3.547518551349639893e-01 -3.032972216606140137e-01 -3.832895755767822266e-01 1.270508766174316406e-01 -5.744740366935729980e-01 -9.354301542043685913e-02 -4.488010406494140625e-01 3.032214343547821045e-01 -1.548121273517608643e-01 -6.277278661727905273e-01 -4.772597923874855042e-02 2.508921176195144653e-02 -5.027639865875244141e-01 2.057590484619140625e-01 -1.646418273448944092e-01 -6.795635819435119629e-02 -1.237493008375167847e-02 3.009158372879028320e-01 2.170371413230895996e-01 -2.558959424495697021e-01 -7.781202346086502075e-02 -1.951036900281906128e-01 5.763597786426544189e-02 -4.164702594280242920e-01 3.621350824832916260e-01 2.700864076614379883e-01 1.334468126296997070e-01 -1.972467824816703796e-02 3.417243361473083496e-01 2.995044887065887451e-01 4.434133470058441162e-01 -3.333789408206939697e-01 -1.921211034059524536e-01 -4.590813219547271729e-01 5.123566389083862305e-01 -8.904623985290527344e-01 6.398153305053710938e-01 2.404371798038482666e-01 -2.317498624324798584e-02 -3.574061393737792969e-01 1.078240722417831421e-01 7.898476719856262207e-02 -9.218526482582092285e-01 5.963525548577308655e-02 -1.828669607639312744e-01 2.748124897480010986e-01 -1.242639273405075073e-01 -3.169224262237548828e-01 9.362842142581939697e-02 1.790850758552551270e-01 5.727121829986572266e-01 6.548936367034912109e-01 -2.409804761409759521e-01 1.198653131723403931e-02 -3.785893917083740234e-01 -1.613665074110031128e-01 -1.210348084568977356e-01 1.852992027997970581e-01
-4.113444089889526367e-01 -3.353297710418701172e-01 -2.791316807270050049e-02 -2.042340636253356934e-01 -4.341764748096466064e-02 -3.078971505165100098e-01 4.404902160167694092e-01 9.026160836219787598e-02 -1.826771944761276245e-01 8.272318840026855469e-01 -1.002866744995117188e+00 2.721623778343200684e-01 -3.976801931858062744e-01 3.707603812217712402e-01 2.121993303298950195e-01 2.116284705698490143e-02 3.269652426242828369e-01 3.432447314262390137e-01 -2.645351290702819824e-01 -2.236029207706451416e-01 4.318411946296691895e-01 -1.732578873634338379e-01 -6.492416858673095703e-01 -2.364216446876525879e-01 1.592944562435150146e-01 -2.962556183338165283e-01 3.315101861953735352e-01 -2.293109893798828125e-03 -4.603857994079589844e-01 4.789229482412338257e-02 3.474723994731903076e-01 6.249259412288665771e-02 8.020648360252380371e-01 -2.243864834308624268e-01 -3.809576332569122314e-01 3.983694016933441162e-01 3.887099921703338623e-01 4.705883562564849854e-02 -5.428310632705688477e-01 3.556733205914497375e-02 -2.336301505565643311e-01 6.530769169330596924e-02 2.978590130805969238e-01 -1.171374768018722534e-01 2.628805041313171387e-01 1.297442317008972168e-01 9.272234439849853516e-01 -8.291209936141967773e-01 -3.719765841960906982e-01 -1.687066629528999329e-02 2.879463732242584229e-01 5.639019012451171875e-01 -6.462090611457824707e-01 -1.670251339673995972e-01 4.212702810764312744e-02 -5.598722100257873535e-01 4.152486920356750488e-01 4.940641224384307861e-01 3.932856023311614990e-01 2.860264778137207031e-01 -4.326641932129859924e-02 7.455287128686904907e-02 6.533758640289306641e-01 2.235763072967529297e-01
-2.281310260295867920e-01 3.485140800476074219e-01 -7.692436128854751587e-02 4.076835513114929199e-02 9.460853040218353271e-02 -1.316414177417755127e-01 3.158667683601379395e-01 -4.223865270614624023e-01 -4.320965707302093506e-01 -9.518288075923919678e-02 -3.481190204620361328e-01 -1.488334238529205322e-01 -3.915034830570220947e-01 1.663433611392974854e-01 -4.256438016891479492e-01 -7.891033887863159180e-01 -2.918468713760375977e-01 4.169950634241104126e-02 -5.525313615798950195e-01 1.645783632993698120e-01 -2.809161543846130371e-01 -8.601100742816925049e-02 1.628306508064270020e-01 3.632588982582092285e-01 3.767159581184387207e-01 -1.115216091275215149e-01 -1.934456527233123779e-01 -2.933235168457031250e-01 1.330699473619461060e-01 -3.211188316345214844e-01 3.579853475093841553e-01 3.481306433677673340e-01 -2.494384795427322388e-01 5.062220990657806396e-02 6.734662652015686035e-01 3.130822479724884033e-01 4.266003072261810303e-01 -3.239163756370544434e-01 3.773741424083709717e-02 -6.151733994483947754e-01 6.392111182212829590e-01 -1.288300514221191406e+00 7.612538337707519531e-01 3.487544059753417969e-01 -6.912889331579208374e-02 -5.085715651512145996e-01 -2.207513600587844849e-01 3.603963255882263184e-01 -1.015846610069274902e+00 -3.383123502135276794e-02 -3.562204241752624512e-01 5.907010659575462341e-02 8.309805393218994141e-02 -4.259220361709594727e-01 5.711686611175537109e-02 3.125025629997253418e-01 5.721341967582702637e-01 6.764239072799682617e-01 -3.898426592350006104e-01 -5.859702453017234802e-02 -3.233486711978912354e-01 -2.751469910144805908e-01 -3.484210669994354248e-01 3.397272527217864990e-01
-5.222787261009216309e-01 -7.125267386436462402e-02 -6.393672525882720947e-02 7.721208035945892334e-03 3.551144152879714966e-02 -2.078986465930938721e-01 2.225638926029205322e-01 -5.892513692378997803e-02 -2.377754449844360352e-01 7.162933349609375000e-01 -9.262998104095458984e-01 1.319873929023742676e-01 -2.213971763849258423e-01 4.583330452442169189e-01 4.315933212637901306e-02 -1.822053790092468262e-01 1.508184671401977539e-01 1.251871287822723389e-01 -3.899752795696258545e-01 -1.019302159547805786e-01 2.423392832279205322e-01 -1.756921857595443726e-01 -4.942569136619567871e-01 -1.063560247421264648e-01 3.041746616363525391e-01 -3.437099158763885498e-01 1.282874345779418945e-01 4.541188478469848633e-03 -3.817529082298278809e-01 -1.212317869067192078e-01 2.885934710502624512e-01 5.003198981285095215e-03 6.811590790748596191e-01 -4.076754674315452576e-02 -3.088715970516204834e-01 2.484434843063354492e-01 3.179327547550201416e-01 -9.804747067391872406e-03 -4.207221269607543945e-01 -1.337422728538513184e-01 -7.940024137496948242e-03 -2.697719633579254150e-01 5.517817735671997070e-01 4.554301500320434570e-03 2.949536442756652832e-01 2.388474345207214355e-02 5.790364742279052734e-01 -6.135792732238769531e-01 -5.608204603195190430e-01 8.129872381687164307e-02 6.887608766555786133e-02 4.947763681411743164e-01 -3.348720669746398926e-01 -7.699386775493621826e-02 7.253135740756988525e-02 -3.736341595649719238e-01 5.077669620513916016e-01 5.940639972686767578e-01 1.884228736162185669e-01 6.019868701696395874e-02 -1.521239727735519409e-01 1.784835159778594971e-01 3.998940289020538330e-01 1.912786662578582764e-01
-4.275871813297271729e-01 -2.492920011281967163e-01 8.699698746204376221e-02 -2.442508935928344727e-01 -1.760838925838470459e-02 -2.390882223844528198e-01 3.476090431213378906e-01 1.632868647575378418e-01 -1.857547461986541748e-01 9.576613306999206543e-01 -1.016195893287658691e+00 2.222844660282135010e-01 -1.037863790988922119e-01 5.077543258666992188e-01 2.237185537815093994e-01 -1.617215573787689209e-01 4.655124545097351074e-01 2.431732416152954102e-01 -1.633988022804260254e-01 -1.980419829487800598e-02 4.835310578346252441e-01 6.513569504022598267e-03 -6.619498729705810547e-01 -8.387766778469085693e-02 1.451138854026794434e-01 -3.727405667304992676e-01 2.810485363006591797e-01 1.029145270586013794e-01 -5.316308736801147461e-01 -8.193913847208023071e-02 2.131608128547668457e-01 -4.586701095104217529e-02 7.630961537361145020e-01 -1.083298027515411377e-02 -5.224586129188537598e-01 3.073808550834655762e-01 3.032318949699401855e-01 2.184530347585678101e-01 -3.135569691658020020e-01 7.794521749019622803e-02 -9.273104369640350342e-02 4.090727120637893677e-02 2.121247649192810059e-01 -2.906078100204467773e-02 1.596262007951736450e-01 1.585626453161239624e-01 8.813672065734863281e-01 -8.499133586883544922e-01 -3.416436910629272461e-01 -1.725594997406005859e-01 3.272700905799865723e-01 6.218193769454956055e-01 -5.985105037689208984e-01 -1.428748816251754761e-01 -3.032310307025909424e-02 -5.127111673355102539e-01 3.261686563491821289e-01 4.915513992309570312e-01 4.427358508110046387e-01 2.621483206748962402e-01 -1.054361537098884583e-01 2.473183870315551758e-01 4.270174801349639893e-01 7.466135919094085693e-02
-2.944150269031524658e-01 -2.092209458351135254e-02 -2.210983633995056152e-02 -1.437506973743438721e-01 9.576119482517242432e-02 -2.044946998357772827e-01 2.453401982784271240e-01 -9.068955481052398682e-02 -3.542878329753875732e-01 6.094881296157836914e-01 -8.419086933135986328e-01 6.820853054523468018e-02 -2.900996506214141846e-01 4.913646876811981201e-01 1.056495606899261475e-01 -3.306015729904174805e-01 2.518352568149566650e-01 8.638760447502136230e-02 -3.748741447925567627e-01 7.650323212146759033e-02 9.763445705175399780e-02 -7.544183731079101562e-02 -3.690616786479949951e-01 1.145968735218048096e-01 1.776520609855651855e-01 -4.754686951637268066e-01 8.310741931200027466e-02 -1.923556625843048096e-02 -2.475947737693786621e-01 -2.505039870738983154e-01 2.472813427448272705e-01 1.721354424953460693e-01 5.799891352653503418e-01 2.418569475412368774e-02 -2.112191021442413330e-01 2.530569732189178467e-01 3.209659457206726074e-01 -5.560552328824996948e-02 -3.045566082000732422e-01 -1.159393340349197388e-01 1.479479670524597168e-01 -3.551059663295745850e-01 4.671604633331298828e-01 4.363189637660980225e-02 1.325783282518386841e-01 -3.701560199260711670e-04 6.556192636489868164e-01 -4.673231840133666992e-01 -6.690801382064819336e-01 9.224206209182739258e-02 2.106958627700805664e-01 5.246246457099914551e-01 -3.253038525581359863e-01 -1.053258478641510010e-01 1.340605467557907104e-01 -2.760014832019805908e-01 5.067015886306762695e-01 6.180310249328613281e-01 1.931119859218597412e-01 1.239129379391670227e-01 -2.333652377128601074e-01 7.786376029253005981e-02 1.639104783535003662e-01 9.091177582740783691e-02
-2.608710229396820068e-01 1.644139438867568970e-01 -1.092775166034698486e-01 2.581029385328292847e-02 1.214016377925872803e-01 -1.217487156391143799e-01 3.180705010890960693e-01 -2.764391005039215088e-01 -4.382765293121337891e-01 1.730960905551910400e-01 -6.331344246864318848e-01 -3.497219830751419067e-02 -4.952184855937957764e-01 3.149457275867462158e-01 -1.725196242332458496e-01 -5.333802700042724609e-01 -7.680297642946243286e-02 1.110084652900695801e-01 -5.157451033592224121e-01 7.316321134567260742e-02 -9.221432358026504517e-02 -1.767710596323013306e-01 -1.485692262649536133e-01 2.464666515588760376e-01 1.794790029525756836e-01 -3.643344044685363770e-01 -1.087617054581642151e-01 -1.791513264179229736e-01 -5.944455042481422424e-02 -2.810877561569213867e-01 3.914549648761749268e-01 3.063602149486541748e-01 2.453180402517318726e-01 -3.333279117941856384e-02 1.994387656450271606e-01 1.642645597457885742e-01 4.095795452594757080e-01 -3.597573637962341309e-01 -2.922705709934234619e-01 -3.588094115257263184e-01 3.080832064151763916e-01 -8.321489095687866211e-01 6.709746122360229492e-01 1.216181293129920959e-01 1.795206367969512939e-01 -3.101398944854736328e-01 2.779291868209838867e-01 -7.232521474361419678e-02 -9.391124248504638672e-01 1.342568248510360718e-01 -2.535260468721389771e-02 2.933741509914398193e-01 -2.413519471883773804e-01 -1.450528502464294434e-01 1.564589291810989380e-01 -5.077136307954788208e-02 5.292632579803466797e-01 6.240389347076416016e-01 -1.077785342931747437e-01 -9.477741271257400513e-02 -3.351702690124511719e-01 -3.847106546163558960e-02 5.610181018710136414e-02 2.089737057685852051e-01
-1.498186588287353516e-01 2.365617305040359497e-01 5.296233296394348145e-02 -1.080557629466056824e-01 2.272347360849380493e-01 -1.952701807022094727e-01 1.916958391666412354e-01 -2.163643985986709595e-01 -4.978263080120086670e-01 2.599241137504577637e-01 -6.920744776725769043e-01 -1.646466851234436035e-01 -2.368830293416976929e-01 5.024243593215942383e-01 -1.231021732091903687e-01 -6.396209597587585449e-01 7.083737105131149292e-02 -1.564244180917739868e-01 -4.086170792579650879e-01 3.853127658367156982e-01 -6.217325478792190552e-02 7.406096905469894409e-03 -3.353744745254516602e-03 4.053457975387573242e-01 2.383722662925720215e-01 -5.489261150360107422e-01 -1.048116832971572876e-01 -1.233809739351272583e-01 1.343144625425338745e-01 -4.773924052715301514e-01 2.260139137506484985e-01 3.490566015243530273e-01 3.227616250514984131e-01 2.220185697078704834e-01 1.189119368791580200e-01 1.180947721004486084e-01 2.880390286445617676e-01 -6.609062105417251587e-02 -4.505290836095809937e-02 -4.657870531082153320e-01 4.858765602111816406e-01 -8.582759499549865723e-01 5.681872367858886719e-01 1.330290585756301880e-01 -7.063934952020645142e-02 -2.034679204225540161e-01 2.978331148624420166e-01 7.185070216655731201e-02 -9.152945280075073242e-01 1.345842480659484863e-01 1.294242143630981445e-01 3.741946220397949219e-01 1.753075420856475830e-02 -5.946344137191772461e-02 1.606632620096206665e-01 -2.700351923704147339e-02 5.904752016067504883e-01 8.064393401145935059e-01 -1.445669531822204590e-01 7.257588952779769897e-02 -2.852293550968170166e-01 -9.562595933675765991e-02 -3.130671679973602295e-01 1.338268816471099854e-01
-5.555900931358337402e-01 -2.519699335098266602e-01 2.322739362716674805e-02 -1.905595362186431885e-01 3.022709488868713379e-02 -2.060928493738174438e-01 1.362099647521972656e-01 1.122458279132843018e-01 -1.812314093112945557e-01 1.043720364570617676e+00 -1.036590099334716797e+00 2.801539897918701172e-01 1.070384308695793152e-02 5.628020763397216797e-01 2.651818990707397461e-01 -1.606064140796661377e-01 3.763848543167114258e-01 1.136265695095062256e-01 -2.153419852256774902e-01 -8.200109004974365234e-02 3.667406439781188965e-01 -1.106892526149749756e-01 -6.948713064193725586e-01 -1.752753555774688721e-01 2.591195404529571533e-01 -4.149903059005737305e-01 2.658412754535675049e-01 1.834959834814071655e-01 -6.149608492851257324e-01 -1.016801968216896057e-01 1.180523335933685303e-01 -1.240187436342239380e-01 9.421144127845764160e-01 -3.516237810254096985e-02 -6.081265807151794434e-01 3.354138731956481934e-01 2.207162976264953613e-01 1.300125420093536377e-01 -3.943254351615905762e-01 1.609804481267929077e-01 -1.426856517791748047e-01 1.807879507541656494e-01 3.893427252769470215e-01 1.054520159959793091e-02 2.054230570793151855e-01 2.333314269781112671e-01 8.926219940185546875e-01 -9.985988140106201172e-01 -3.563874065876007080e-01 4.388611763715744019e-03 2.503973841667175293e-01 6.446033716201782227e-01 -4.106460809707641602e-01 -5.625860393047332764e-02 -3.565341234207153320e-02 -4.935290813446044922e-01 4.724760651588439941e-01 4.650954902172088623e-01 4.324022233486175537e-01 1.389303207397460938e-01 -1.393637061119079590e-01 4.093701839447021484e-01 4.650782346725463867e-01 -3.620256856083869934e-02
-3.883983790874481201e-01 2.277051061391830444e-01 -1.609650254249572754e-02 6.564473360776901245e-02 1.433354169130325317e-01 -6.111105531454086304e-02 1.485525965690612793e-01 -2.729142010211944580e-01 -3.995492756366729736e-01 3.232910037040710449e-01 -6.589687466621398926e-01 -7.453825324773788452e-02 -2.854658663272857666e-01 4.426830112934112549e-01 -1.592148989439010620e-01 -5.681690573692321777e-01 -7.686623372137546539e-03 -8.876201510429382324e-02 -5.664241313934326172e-01 1.200109273195266724e-01 -1.162750497460365295e-01 -1.235341280698776245e-01 -1.418777704238891602e-01 2.759793996810913086e-01 2.448490858078002930e-01 -3.994758427143096924e-01 -1.169249862432479858e-01 -8.576767146587371826e-02 -8.941984176635742188e-02 -3.561262190341949463e-01 2.778242528438568115e-01 2.297473549842834473e-01 3.204089105129241943e-01 8.447837084531784058e-02 9.799534827470779419e-02 1.602911949157714844e-01 3.014615774154663086e-01 -2.232676446437835693e-01 -2.299158871173858643e-01 -3.453960120677947998e-01 3.573967516422271729e-01 -8.173334002494812012e-01 7.587767839431762695e-01 1.977089345455169678e-01 1.895176023244857788e-01 -2.267920076847076416e-01 2.539561092853546143e-01 -1.163205504417419434e-01 -9.355529546737670898e-01 1.570828408002853394e-01 -7.233645766973495483e-02 3.411336243152618408e-01 -6.012254208326339722e-02 -4.679091274738311768e-02 1.104586422443389893e-01 -8.316338807344436646e-02 5.775417685508728027e-01 6.519767642021179199e-01 -1.109663695096969604e-01 -1.213949546217918396e-01 -2.920341491699218750e-01 8.863020688295364380e-02 -7.454540580511093140e-02 1.358370184898376465e-01
-1.941765248775482178e-01 2.479778975248336792e-01 -5.294474959373474121e-02 -1.374024897813796997e-02 7.620926201343536377e-02 -1.559824645519256592e-01 2.434274554252624512e-01 -2.587815821170806885e-01 -3.976039290428161621e-01 1.943416893482208252e-01 -5.952008366584777832e-01 -1.638104021549224854e-01 -3.480870425701141357e-01 3.881441056728363037e-01 -2.039107978343963623e-01 -6.343908905982971191e-01 4.765621386468410492e-03 -5.641775578260421753e-02 -5.253854990005493164e-01 2.090884745121002197e-01 -9.848610311746597290e-02 -5.006806924939155579e-02 5.867429077625274658e-03 3.505433797836303711e-01 2.537583410739898682e-01 -4.005677402019500732e-01 -1.445099115371704102e-01 -1.201125979423522949e-01 6.662194430828094482e-02 -4.097396135330200195e-01 2.834433317184448242e-01 2.820202112197875977e-01 1.293040663003921509e-01 1.175961717963218689e-01 2.613779306411743164e-01 1.763466447591781616e-01 3.005146980285644531e-01 -1.531123518943786621e-01 -8.788199722766876221e-02 -4.556841850280761719e-01 4.815534353256225586e-01 -9.313623309135437012e-01 6.798754930496215820e-01 1.857242882251739502e-01 9.149626642465591431e-02 -2.774554491043090820e-01 1.582414507865905762e-01 9.563089907169342041e-02 -9.832450151443481445e-01 1.339513659477233887e-01 -7.406001538038253784e-02 3.275541365146636963e-01 1.927110552787780762e-02 -1.187630146741867065e-01 2.060519307851791382e-01 1.343948394060134888e-02 5.866134762763977051e-01 7.682675719261169434e-01 -2.046590745449066162e-01 9.699188172817230225e-03 -3.051787912845611572e-01 -1.277769356966018677e-01 -2.006512731313705444e-01 2.432014197111129761e-01
-2.740633189678192139e-01 3.962402939796447754e-01 -2.710299938917160034e-02 3.562098741531372070e-02 1.582719236612319946e-01 -1.095260083675384521e-01 1.863284260034561157e-01 -3.050225377082824707e-01 -4.556948244571685791e-01 1.024155020713806152e-01 -4.979627728462219238e-01 -1.294761896133422852e-01 -1.612940281629562378e-01 2.959669530391693115e-01 -3.404805958271026611e-01 -8.092632293701171875e-01 -1.487915962934494019e-01 -1.680843830108642578e-01 -5.204893946647644043e-01 3.536972701549530029e-01 -2.642609179019927979e-01 -4.602316394448280334e-02 2.047027647495269775e-01 4.597922861576080322e-01 4.017279744148254395e-01 -2.879717051982879639e-01 -2.244933843612670898e-01 -1.758215427398681641e-01 2.684284150600433350e-01 -5.301039218902587891e-01 2.599231898784637451e-01 3.342261016368865967e-01 -8.157932013273239136e-02 2.194907069206237793e-01 4.990282952785491943e-01 1.611221134662628174e-01 2.075444757938385010e-01 -4.635575041174888611e-02 2.081673592329025269e-02 -5.769485831260681152e-01 5.312424898147583008e-01 -1.166915416717529297e+00 7.647715806961059570e-01 2.832311391830444336e-01 -4.194067046046257019e-02 -3.768931627273559570e-01 -1.290381252765655518e-01 3.024941086769104004e-01 -1.016978144645690918e+00 1.601965427398681641e-01 -2.735286056995391846e-01 2.081671059131622314e-01 1.596515178680419922e-01 -2.050631791353225708e-01 1.402881294488906860e-01 2.405852377414703369e-01 6.201243996620178223e-01 8.034383058547973633e-01 -2.561168372631072998e-01 -5.006451159715652466e-02 -2.993756234645843506e-01 -1.931643635034561157e-01 -4.770186245441436768e-01 1.811516731977462769e-01
-1.920495778322219849e-01 1.403762549161911011e-01 -3.077645599842071533e-02 -1.378481686115264893e-01 1.926653236150741577e-01 -2.647007815539836884e-02 1.354411542415618896e-01 -2.370606064796447754e-01 -4.376783668994903564e-01 3.987119793891906738e-01 -7.419417500495910645e-01 -6.915939599275588989e-02 -2.605237066745758057e-01 4.886136949062347412e-01 4.737176373600959778e-02 -5.945202708244323730e-01 2.030539959669113159e-01 -1.079933196306228638e-01 -4.197866320610046387e-01 3.507282137870788574e-01 -1.584717631340026855e-01 7.666740566492080688e-03 -1.229309067130088806e-01 4.454256892204284668e-01 1.254186779260635376e-01 -5.950587987899780273e-01 -1.326242387294769287e-01 -1.272985339164733887e-02 -5.171765759587287903e-02 -5.297590494155883789e-01 1.453589648008346558e-01 2.932251095771789551e-01 3.626019656658172607e-01 1.641852557659149170e-01 -5.821123719215393066e-03 1.567221581935882568e-01 3.007526099681854248e-01 -1.604016274213790894e-01 -1.140365749597549438e-01 -2.769324481487274170e-01 3.939498960971832275e-01 -7.046063542366027832e-01 5.795831084251403809e-01 2.029781192541122437e-01 5.711195990443229675e-04 -6.810030341148376465e-02 4.203228950500488281e-01 -1.429382264614105225e-01 -8.592638969421386719e-01 1.700326800346374512e-01 1.194134652614593506e-01 5.066078901290893555e-01 -9.863610565662384033e-02 -3.953753411769866943e-02 2.247382551431655884e-01 -4.108618944883346558e-02 5.524143576622009277e-01 7.064562439918518066e-01 -5.365092307329177856e-03 -8.795678615570068359e-03 -3.522366285324096680e-01 6.463278084993362427e-02 -1.714904010295867920e-01 -3.157116100192070007e-02
-2.744900584220886230e-01 2.298644185066223145e-02 -2.226531505584716797e-02 -9.016642719507217407e-02 1.260185390710830688e-01 -2.239280939102172852e-01 2.357655465602874756e-01 -1.047085374593734741e-01 -3.874868154525756836e-01 5.811190605163574219e-01 -8.409183025360107422e-01 1.182975620031356812e-02 -2.768918871879577637e-01 4.886297285556793213e-01 8.627995848655700684e-04 -3.513481914997100830e-01 1.882724612951278687e-01 2.236915379762649536e-02 -3.844647109508514404e-01 1.561121195554733276e-01 1.238816529512405396e-01 -7.057073712348937988e-02 -3.174042403697967529e-01 1.699935793876647949e-01 2.292083352804183960e-01 -4.702095091342926025e-01 4.370709881186485291e-02 -5.634625256061553955e-02 -1.778112053871154785e-01 -2.999678254127502441e-01 2.799783647060394287e-01 2.111534774303436279e-01 5.207117199897766113e-01 8.085571974515914917e-02 -1.805653274059295654e-01 2.022537738084793091e-01 2.937974929809570312e-01 -4.200471192598342896e-02 -2.648557424545288086e-01 -2.085134536027908325e-01 1.708170771598815918e-01 -4.925098419189453125e-01 4.912917017936706543e-01 1.915878057479858398e-02 1.251635700464248657e-01 -3.861316293478012085e-02 5.915739536285400391e-01 -3.587773442268371582e-01 -7.597004771232604980e-01 1.085836887359619141e-01 2.086053788661956787e-01 5.084717273712158203e-01 -2.279846221208572388e-01 -6.069982051849365234e-02 1.356729269027709961e-01 -2.861987948417663574e-01 5.052787065505981445e-01 6.432589292526245117e-01 1.431637406349182129e-01 7.449988275766372681e-02 -2.044844478368759155e-01 5.741453915834426880e-02 7.760961353778839111e-02 1.228164136409759521e-01
-1.259560286998748779e-01 2.212732881307601929e-01 -1.286994963884353638e-01 -5.936066061258316040e-02 1.738444417715072632e-01 -7.156399637460708618e-02 2.318316102027893066e-01 -2.344024479389190674e-01 -4.205391108989715576e-01 2.316077947616577148e-01 -5.920243859291076660e-01 -1.543546617031097412e-01 -3.026579618453979492e-01 2.979238331317901611e-01 -1.780639588832855225e-01 -7.381070852279663086e-01 -3.705910593271255493e-02 -1.447154283523559570e-01 -4.412013888359069824e-01 3.013591170310974121e-01 -1.801778674125671387e-01 1.431955024600028992e-02 2.663736045360565186e-02 4.529467523097991943e-01 2.722349166870117188e-01 -3.112221360206604004e-01 -1.014323011040687561e-01 -1.132313609123229980e-01 8.146171271800994873e-02 -5.676311850547790527e-01 2.683711946010589600e-01 2.896972298622131348e-01 5.961593985557556152e-02 8.673941344022750854e-02 3.463723361492156982e-01 2.513273954391479492e-01 2.305398583412170410e-01 -1.695257872343063354e-01 -1.614131778478622437e-02 -4.164734184741973877e-01 4.637427330017089844e-01 -8.802403807640075684e-01 6.806247234344482422e-01 2.447384595870971680e-01 -1.042334213852882385e-01 -3.022783398628234863e-01 1.718942672014236450e-01 9.158302843570709229e-02 -1.004195928573608398e+00 1.292805969715118408e-01 -1.388677507638931274e-01 3.749801516532897949e-01 4.458443447947502136e-02 -2.195954173803329468e-01 1.637612134218215942e-01 1.328507065773010254e-01 5.486423373222351074e-01 6.713280677795410156e-01 -1.493081152439117432e-01 -3.656900674104690552e-02 -2.994650900363922119e-01 -1.177394390106201172e-01 -2.834377884864807129e-01 5.832571908831596375e-02
-3.020591139793395996e-01 3.342545628547668457e-01 -9.829103946685791016e-02 1.196897551417350769e-01 1.547258794307708740e-01 -4.116147011518478394e-02 1.902486383914947510e-01 -4.145638048648834229e-01 -4.367352724075317383e-01 4.973015189170837402e-02 -3.481673598289489746e-01 -1.297356486320495605e-01 -3.371722996234893799e-01 2.139592766761779785e-01 -3.369114398956298828e-01 -8.418601751327514648e-01 -2.237647920846939087e-01 -4.076169058680534363e-02 -5.908340811729431152e-01 1.668897718191146851e-01 -3.996883034706115723e-01 -9.597122669219970703e-02 1.032241955399513245e-01 3.690319657325744629e-01 3.690857291221618652e-01 -9.109041094779968262e-02 -2.067066729068756104e-01 -2.344955205917358398e-01 4.824239015579223633e-02 -3.924895524978637695e-01 3.651761412620544434e-01 2.763070464134216309e-01 -2.290589958429336548e-01 8.165890723466873169e-02 6.282248497009277344e-01 3.011399805545806885e-01 3.423163294792175293e-01 -3.236864507198333740e-01 4.565276205539703369e-02 -5.203126668930053711e-01 6.659074425697326660e-01 -1.169469952583312988e+00 9.105454683303833008e-01 4.552955031394958496e-01 -5.358952656388282776e-02 -4.408819079399108887e-01 -1.592653840780258179e-01 2.487808018922805786e-01 -1.003160476684570312e+00 3.908921033143997192e-03 -4.374381899833679199e-01 1.742880344390869141e-01 1.579830646514892578e-01 -4.180814027786254883e-01 1.192764937877655029e-02 2.959239780902862549e-01 5.814201831817626953e-01 5.752567648887634277e-01 -3.141390383243560791e-01 -1.335990726947784424e-01 -3.391185998916625977e-01 -1.083975434303283691e-01 -3.792754113674163818e-01 1.648706197738647461e-01
-3.175683319568634033e-01 7.216723263263702393e-02 -6.746493279933929443e-03 -6.204611808061599731e-02 5.665089190006256104e-02 -1.926223784685134888e-01 2.134676873683929443e-01 -1.128540337085723877e-01 -3.298224508762359619e-01 4.993149042129516602e-01 -8.193603754043579102e-01 -4.024330526590347290e-02 -2.154332846403121948e-01 4.835266768932342529e-01 -1.210971176624298096e-02 -4.045816957950592041e-01 1.521113067865371704e-01 9.935498237609863281e-04 -4.286280870437622070e-01 7.106024771928787231e-02 1.087892130017280579e-01 -5.292630568146705627e-02 -2.677856683731079102e-01 1.477838158607482910e-01 2.255883514881134033e-01 -4.639840126037597656e-01 8.266657590866088867e-03 -2.652040123939514160e-02 -1.770294457674026489e-01 -2.863883078098297119e-01 1.870717257261276245e-01 1.071035191416740417e-01 5.064277052879333496e-01 9.382598847150802612e-02 -1.350601911544799805e-01 1.968645453453063965e-01 3.199923336505889893e-01 -3.680964559316635132e-02 -2.319167703390121460e-01 -2.887042760848999023e-01 2.664303183555603027e-01 -5.369219183921813965e-01 5.311532616615295410e-01 8.382426202297210693e-02 1.540219187736511230e-01 -1.199219226837158203e-01 4.413134753704071045e-01 -3.157633543014526367e-01 -7.477982640266418457e-01 8.836731314659118652e-02 7.401819527149200439e-02 4.431903064250946045e-01 -2.025073766708374023e-01 -5.923727154731750488e-02 1.666293591260910034e-01 -1.705840826034545898e-01 5.300387144088745117e-01 7.045890092849731445e-01 1.503922417759895325e-02 4.085006564855575562e-02 -2.351828366518020630e-01 9.638973325490951538e-02 1.032650470733642578e-01 1.994951516389846802e-01
-3.183831572532653809e-01 -1.343284547328948975e-02 1.146683841943740845e-02 -2.191563248634338379e-01 1.611578613519668579e-01 -1.159867495298385620e-01 1.411726921796798706e-01 -1.076689362525939941e-01 -2.960601449012756348e-01 6.771231293678283691e-01 -8.155468702316284180e-01 9.017738699913024902e-02 -1.493205875158309937e-01 5.744512081146240234e-01 1.953226625919342041e-01 -4.870862066745758057e-01 3.152953088283538818e-01 -2.907513082027435303e-02 -3.883344531059265137e-01 1.885175108909606934e-01 -9.334355592727661133e-03 -2.314806357026100159e-02 -3.727708458900451660e-01 1.924736201763153076e-01 1.026900038123130798e-01 -5.049153566360473633e-01 7.777797430753707886e-02 1.236329525709152222e-01 -3.220780491828918457e-01 -3.426530659198760986e-01 1.427678167819976807e-01 8.603174984455108643e-02 6.122959852218627930e-01 4.146543145179748535e-02 -2.504621744155883789e-01 2.619713842868804932e-01 2.757349312305450439e-01 -1.221879050135612488e-01 -2.516089081764221191e-01 -3.680310770869255066e-02 2.737024128437042236e-01 -3.039449751377105713e-01 5.354034304618835449e-01 1.883291155099868774e-01 2.761309966444969177e-02 1.908491551876068115e-02 6.370801925659179688e-01 -5.119191408157348633e-01 -6.999626755714416504e-01 4.914956912398338318e-02 1.541804969310760498e-01 5.733792185783386230e-01 -2.333033233880996704e-01 -6.513816118240356445e-02 -4.336386919021606445e-02 -1.758200526237487793e-01 5.856434702873229980e-01 5.512338280677795410e-01 1.366059929132461548e-01 4.038883000612258911e-02 -3.341124355792999268e-01 3.016477525234222412e-01 7.587408274412155151e-02 -1.063838154077529907e-01
-3.925320804119110107e-01 -6.772173196077346802e-02 7.168561220169067383e-03 -9.173954278230667114e-02 3.904506564140319824e-02 -2.012225985527038574e-01 2.112959027290344238e-01 3.110945224761962891e-03 -2.639609277248382568e-01 8.052585124969482422e-01 -9.197753667831420898e-01 8.266945928335189819e-02 -1.280917227268218994e-01 4.970582425594329834e-01 8.412764966487884521e-02 -2.980639040470123291e-01 2.496981173753738403e-01 2.814961969852447510e-02 -3.520980477333068848e-01 -1.923022791743278503e-02 2.174311578273773193e-01 -2.043751254677772522e-02 -4.848414063453674316e-01 1.499699056148529053e-02 3.479066491127014160e-01 -4.287118017673492432e-01 2.242905497550964355e-01 4.422336816787719727e-03 -3.645419180393218994e-01 -2.188834249973297119e-01 2.134016901254653931e-01 7.963106036186218262e-03 6.403292417526245117e-01 3.154134750366210938e-02 -3.534209430217742920e-01 3.017473816871643066e-01 1.892198324203491211e-01 1.351784914731979370e-01 -2.300359308719635010e-01 -8.685392141342163086e-02 8.226791024208068848e-02 -1.767961680889129639e-01 4.225412309169769287e-01 5.684186518192291260e-02 1.831471472978591919e-01 7.431888580322265625e-02 7.131863832473754883e-01 -6.244536638259887695e-01 -5.639337301254272461e-01 6.213101372122764587e-02 1.771396398544311523e-01 5.555264353752136230e-01 -2.812691926956176758e-01 -9.561370313167572021e-02 6.834092736244201660e-02 -3.341224789619445801e-01 5.089222192764282227e-01 5.867581963539123535e-01 3.057179152965545654e-01 7.290413230657577515e-02 -1.797075718641281128e-01 1.656911969184875488e-01 1.630453616380691528e-01 1.415567398071289062e-01
-2.415374517440795898e-01 3.247083425521850586e-01 -3.375802561640739441e-02 -2.964923530817031860e-02 2.056465297937393188e-01 -1.740137301385402679e-02 1.840852200984954834e-01 -3.671366870403289795e-01 -4.840870797634124756e-01 1.146577224135398865e-01 -5.688248276710510254e-01 -9.874717146158218384e-02 -2.807190120220184326e-01 3.951526582241058350e-01 -1.826700270175933838e-01 -8.937761783599853516e-01 -4.907673597335815430e-02 -1.092444136738777161e-01 -4.615576267242431641e-01 4.541375935077667236e-01 -2.966401576995849609e-01 -8.071206510066986084e-02 3.480944782495498657e-02 5.153343677520751953e-01 1.954678744077682495e-01 -3.945947587490081787e-01 -2.866444885730743408e-01 -9.561491012573242188e-02 7.807172834873199463e-02 -5.395395755767822266e-01 2.657773792743682861e-01 3.358608484268188477e-01 1.054176166653633118e-01 1.375409364700317383e-01 4.103999137878417969e-01 1.723894327878952026e-01 3.580975532531738281e-01 -2.835513353347778320e-01 -3.372623771429061890e-02 -4.989331364631652832e-01 6.242754459381103516e-01 -1.093693375587463379e+00 8.139963150024414062e-01 3.394812345504760742e-01 -6.350958347320556641e-02 -3.371678590774536133e-01 2.622143551707267761e-02 1.992100328207015991e-01 -1.031411051750183105e+00 1.175861954689025879e-01 -1.027736067771911621e-01 2.881181240081787109e-01 5.090438947081565857e-02 -1.720229834318161011e-01 8.899720013141632080e-02 2.346162497997283936e-01 5.953683853149414062e-01 7.181347608566284180e-01 -3.639973700046539307e-01 -4.801049083471298218e-02 -3.987861871719360352e-01 -3.668233007192611694e-02 -3.388083577156066895e-01 2.019396610558032990e-02
-6.079686060547828674e-02 2.686802744865417480e-01 -2.455203235149383545e-02 -2.035502195358276367e-01 1.488198190927505493e-01 -1.557378917932510376e-01 2.418086528778076172e-01 -3.135173916816711426e-01 -4.913994371891021729e-01 1.084891259670257568e-01 -5.130387544631958008e-01 -1.465034484863281250e-01 -3.446521461009979248e-01 3.974595963954925537e-01 -1.629637032747268677e-01 -7.919154167175292969e-01 1.178610604256391525e-02 -1.006684526801109314e-01 -4.605953097343444824e-01 4.057714939117431641e-01 -2.526579499244689941e-01 -7.330257445573806763e-03 1.592706739902496338e-01 5.161995291709899902e-01 1.823791414499282837e-01 -4.519274830818176270e-01 -1.996162235736846924e-01 -1.022918075323104858e-01 2.038019299507141113e-01 -5.099661350250244141e-01 2.312603294849395752e-01 4.311229586601257324e-01 4.399698972702026367e-02 1.210211738944053650e-01 3.879777193069458008e-01 2.397981882095336914e-01 3.368436992168426514e-01 -2.362592071294784546e-01 -2.575755119323730469e-03 -4.847241044044494629e-01 6.007319688796997070e-01 -1.006495952606201172e+00 6.185848116874694824e-01 2.315872311592102051e-01 -1.228199526667594910e-01 -3.001192212104797363e-01 1.327857524156570435e-01 2.117718011140823364e-01 -1.048252344131469727e+00 1.478994786739349365e-01 -2.155193686485290527e-02 2.920098304748535156e-01 6.628961861133575439e-02 -1.834280788898468018e-01 1.618599146604537964e-01 1.961939334869384766e-01 6.437228918075561523e-01 7.712177634239196777e-01 -2.655499875545501709e-01 5.687510222196578979e-02 -3.849499523639678955e-01 -1.946582794189453125e-01 -3.855380713939666748e-01 1.036483943462371826e-01
-3.281673491001129150e-01 4.272614419460296631e-02 9.831799566745758057e-02 -3.947242200374603271e-01 1.785588413476943970e-01 -3.937070071697235107e-02 8.104076981544494629e-02 -1.638287752866744995e-01 -3.646586835384368896e-01 6.552993059158325195e-01 -8.105093240737915039e-01 1.584305614233016968e-01 -4.693776741623878479e-02 6.344273090362548828e-01 3.050013184547424316e-01 -6.374447941780090332e-01 3.652301728725433350e-01 -1.128290891647338867e-01 -3.735254406929016113e-01 3.799996972084045410e-01 -1.975708603858947754e-01 -8.394278585910797119e-02 -2.030998766422271729e-01 3.996658325195312500e-01 -2.305220998823642731e-02 -6.493459939956665039e-01 1.290602236986160278e-02 2.322305887937545776e-01 -1.900836229324340820e-01 -4.940278232097625732e-01 2.174245193600654602e-02 1.489743143320083618e-01 6.266971826553344727e-01 1.060388311743736267e-01 -1.711415350437164307e-01 2.536563277244567871e-01 2.356970906257629395e-01 -1.381824016571044922e-01 -2.218694686889648438e-01 -3.480243310332298279e-02 3.161216974258422852e-01 -2.895405590534210205e-01 5.632500648498535156e-01 2.992637753486633301e-01 -3.582273423671722412e-02 2.754916250705718994e-02 6.559100151062011719e-01 -5.495547056198120117e-01 -7.282663583755493164e-01 1.725398153066635132e-01 2.390003800392150879e-01 6.462385654449462891e-01 -2.096498608589172363e-01 -2.439986169338226318e-02 -3.895817697048187256e-02 -6.870775669813156128e-02 6.640328168869018555e-01 5.629182457923889160e-01 9.933751821517944336e-02 4.755323380231857300e-02 -4.571263790130615234e-01 3.475996255874633789e-01 -7.187207043170928955e-02 -2.836374640464782715e-01
-4.293991625308990479e-01 -1.045612171292304993e-01 -2.760098874568939209e-02 -1.452644169330596924e-01 1.916568726301193237e-02 -2.503635585308074951e-01 2.024762630462646484e-01 -8.150935173034667969e-06 -3.003273010253906250e-01 8.252316117286682129e-01 -9.545873403549194336e-01 1.964454203844070435e-01 -1.706528812646865845e-01 5.039484500885009766e-01 1.724469363689422607e-01 -1.832978278398513794e-01 2.711774110794067383e-01 1.175173223018646240e-01 -3.384082913398742676e-01 -2.766269072890281677e-02 1.818352341651916504e-01 -6.986418366432189941e-02 -4.943541288375854492e-01 -3.688149899244308472e-02 2.699941992759704590e-01 -4.628361463546752930e-01 1.595499515533447266e-01 6.983295083045959473e-03 -3.090600967407226562e-01 -1.563884019851684570e-01 1.844416111707687378e-01 6.876230984926223755e-02 7.012042403221130371e-01 -1.130349934101104736e-03 -3.818881213665008545e-01 2.422352284193038940e-01 2.665835618972778320e-01 1.027261316776275635e-01 -3.375790119171142578e-01 -6.579129397869110107e-02 5.479097366333007812e-03 -1.290331184864044189e-01 4.034367799758911133e-01 -1.153548061847686768e-02 2.095542848110198975e-01 1.502518653869628906e-01 7.756296992301940918e-01 -6.411904096603393555e-01 -5.339024066925048828e-01 6.857334077358245850e-02 2.147424221038818359e-01 5.551142096519470215e-01 -3.757054805755615234e-01 -7.780022919178009033e-02 1.177309453487396240e-01 -3.848336338996887207e-01 5.175434350967407227e-01 6.065782904624938965e-01 3.413563668727874756e-01 1.342302858829498291e-01 -1.867756098508834839e-01 1.139921322464942932e-01 2.582231163978576660e-01 1.025552153587341309e-01
-4.612721502780914307e-01 -8.975284546613693237e-02 -1.846128702163696289e-02 -1.599706262350082397e-01 -2.117557823657989502e-02 -2.348052710294723511e-01 3.646761178970336914e-01 -7.629603147506713867e-03 -2.922347784042358398e-01 7.143494486808776855e-01 -9.035190939903259277e-01 2.173885405063629150e-01 -2.930005490779876709e-01 5.032089948654174805e-01 1.518152207136154175e-01 -2.514968812465667725e-01 2.836028337478637695e-01 1.982178092002868652e-01 -3.094495236873626709e-01 -2.831419557332992554e-02 2.050467133522033691e-01 -1.082059442996978760e-01 -5.345663428306579590e-01 -1.739443838596343994e-02 1.065182760357856750e-01 -3.233725428581237793e-01 1.906216144561767578e-01 2.999241650104522705e-02 -3.893419802188873291e-01 -1.216421499848365784e-01 2.895634472370147705e-01 2.807891368865966797e-02 6.483812928199768066e-01 -8.433292806148529053e-02 -2.694855630397796631e-01 2.729419171810150146e-01 3.607050776481628418e-01 -3.379408270120620728e-02 -3.794983029365539551e-01 -7.996568083763122559e-02 8.975576609373092651e-02 -2.257157266139984131e-01 4.340152144432067871e-01 1.029042154550552368e-01 2.060686647891998291e-01 4.454448819160461426e-03 7.069671750068664551e-01 -6.557850837707519531e-01 -5.101195573806762695e-01 -1.097812056541442871e-01 2.333326935768127441e-01 5.292496681213378906e-01 -5.485203862190246582e-01 -1.981828510761260986e-01 -6.199465692043304443e-02 -3.920204639434814453e-01 4.508292078971862793e-01 5.314738154411315918e-01 2.436662316322326660e-01 1.701967120170593262e-01 -2.116350233554840088e-01 1.032557114958763123e-01 3.415673077106475830e-01 1.322812288999557495e-01
-1.660150140523910522e-01 2.650961875915527344e-01 1.126678586006164551e-01 -3.328371942043304443e-01 2.660158276557922363e-01 7.511255145072937012e-02 1.447787880897521973e-02 -3.826286792755126953e-01 -5.468150377273559570e-01 3.218439817428588867e-01 -5.798259377479553223e-01 -4.106678813695907593e-02 -2.889099344611167908e-02 4.739622771739959717e-01 -1.328326761722564697e-02 -1.067667961120605469e+00 1.421229839324951172e-01 -3.462982773780822754e-01 -3.511796593666076660e-01 8.646408319473266602e-01 -4.647662043571472168e-01 1.599702984094619751e-03 1.536040902137756348e-01 8.401064872741699219e-01 5.061595886945724487e-02 -5.197028517723083496e-01 -3.165652155876159668e-01 1.053170412778854370e-01 2.181930094957351685e-01 -8.148562908172607422e-01 6.305639445781707764e-02 4.018931984901428223e-01 7.520590722560882568e-02 2.756362259387969971e-01 4.158012270927429199e-01 2.249385416507720947e-01 1.219150498509407043e-01 -1.135227009654045105e-01 9.375075995922088623e-02 -3.632315397262573242e-01 5.630066394805908203e-01 -9.795989394187927246e-01 7.927668690681457520e-01 4.617532491683959961e-01 -3.353945910930633545e-01 -1.810740828514099121e-01 1.952809840440750122e-01 8.151897788047790527e-02 -1.158354878425598145e+00 2.658985257148742676e-01 3.478236496448516846e-03 5.251613855361938477e-01 1.851049661636352539e-01 -8.203387260437011719e-02 5.337616801261901855e-02 3.161326348781585693e-01 5.926230549812316895e-01 6.194074153900146484e-01 -2.241715043783187866e-01 4.712671786546707153e-02 -4.080743491649627686e-01 8.181460946798324585e-02 -6.383947134017944336e-01 -4.019640088081359863e-01
-1.122873649001121521e-01 2.472316473722457886e-01 -1.227502971887588501e-01 1.494593173265457153e-02 7.785747945308685303e-02 -2.331858128309249878e-01 3.934225738048553467e-01 -2.008192539215087891e-01 -3.782531023025512695e-01 7.559310644865036011e-02 -5.818551778793334961e-01 -1.569974422454833984e-01 -4.603532850742340088e-01 2.364000082015991211e-01 -2.471774518489837646e-01 -5.347394347190856934e-01 -1.186734959483146667e-01 6.061793118715286255e-02 -5.270905494689941406e-01 7.761161029338836670e-02 -1.977414637804031372e-02 -6.157681718468666077e-02 2.963840961456298828e-02 2.234175205230712891e-01 3.181286454200744629e-01 -2.694414854049682617e-01 -5.439395457506179810e-02 -2.705711722373962402e-01 1.140952706336975098e-01 -3.486107885837554932e-01 3.848465085029602051e-01 3.321967720985412598e-01 1.063743233680725098e-01 3.197511285543441772e-02 3.582120239734649658e-01 2.226183712482452393e-01 3.899653851985931396e-01 -1.897208690643310547e-01 -1.634036153554916382e-01 -5.368530154228210449e-01 3.801107704639434814e-01 -9.086669683456420898e-01 5.834536552429199219e-01 8.231284469366073608e-02 8.659303933382034302e-02 -3.746758699417114258e-01 9.353460371494293213e-02 1.503346264362335205e-01 -8.797025084495544434e-01 1.113939732313156128e-01 -1.775888204574584961e-01 2.227292507886886597e-01 -1.153716892004013062e-01 -2.261279821395874023e-01 2.333339899778366089e-01 6.654275208711624146e-02 5.479435920715332031e-01 7.553417682647705078e-01 -1.555985063314437866e-01 6.210461258888244629e-03 -2.806273996829986572e-01 -2.457680106163024902e-01 -1.012136787176132202e-01 4.110221266746520996e-01
-7.102490216493606567e-02 3.586168289184570312e-01 6.640009582042694092e-03 -2.247800230979919434e-01 2.418041974306106567e-01 -9.869625791907310486e-03 1.116968467831611633e-01 -4.146275520324707031e-01 -5.820941925048828125e-01 6.307306885719299316e-02 -4.562510251998901367e-01 -1.662989258766174316e-01 -1.939309984445571899e-01 4.258346855640411377e-01 -1.292838752269744873e-01 -1.054630637168884277e+00 1.918678171932697296e-02 -2.444984018802642822e-01 -3.072891533374786377e-01 7.394967675209045410e-01 -4.419340491294860840e-01 8.705005049705505371e-02 2.055097222328186035e-01 7.576790452003479004e-01 1.534672379493713379e-01 -4.540366828441619873e-01 -3.541395962238311768e-01 -3.900629281997680664e-02 2.747004926204681396e-01 -6.989988684654235840e-01 1.444071978330612183e-01 4.488908052444458008e-01 -6.103554368019104004e-02 2.257432639598846436e-01 5.472263693809509277e-01 2.235312163829803467e-01 2.567707002162933350e-01 -1.735411286354064941e-01 1.692283898591995239e-01 -4.876205921173095703e-01 7.414885759353637695e-01 -1.184245228767395020e+00 7.404042482376098633e-01 3.913016319274902344e-01 -3.700873851776123047e-01 -3.146051764488220215e-01 1.171037182211875916e-02 3.715690374374389648e-01 -1.115014195442199707e+00 1.318742036819458008e-01 -3.113748133182525635e-02 2.987816333770751953e-01 1.846433132886886597e-01 -2.522729039192199707e-01 1.246375590562820435e-01 4.110503196716308594e-01 5.564566254615783691e-01 7.594519257545471191e-01 -3.984391689300537109e-01 1.210355833172798157e-01 -3.767679333686828613e-01 -2.272915542125701904e-01 -6.545026302337646484e-01 -1.776249110698699951e-01
-3.263647258281707764e-01 2.179294079542160034e-01 -3.032422810792922974e-02 -9.580261260271072388e-02 2.087476998567581177e-01 4.230412840843200684e-02 1.092164814472198486e-01 -2.724317312240600586e-01 -3.287054896354675293e-01 4.382733702659606934e-01 -7.299112677574157715e-01 7.069293409585952759e-02 -2.266007214784622192e-01 5.110211372375488281e-01 1.299463510513305664e-01 -6.168584823608398438e-01 1.962317675352096558e-01 -6.225887686014175415e-02 -5.115544199943542480e-01 2.726421952247619629e-01 -3.223995566368103027e-01 -9.693117439746856689e-02 -1.625090241432189941e-01 3.662101328372955322e-01 1.313030421733856201e-01 -5.116323232650756836e-01 -9.927153587341308594e-02 3.937358409166336060e-02 -1.125363260507583618e-01 -5.062250494956970215e-01 1.945048272609710693e-01 2.881357073783874512e-01 3.216130435466766357e-01 1.256577372550964355e-01 2.135435119271278381e-02 1.869812607765197754e-01 2.986017167568206787e-01 -1.963935047388076782e-01 -1.804304122924804688e-01 -2.088641375303268433e-01 3.730953931808471680e-01 -6.362982988357543945e-01 7.306628823280334473e-01 2.778819799423217773e-01 8.430884033441543579e-02 -6.303664296865463257e-02 3.889196515083312988e-01 -2.075355798006057739e-01 -8.449943065643310547e-01 2.026832699775695801e-01 1.627179235219955444e-02 5.013651847839355469e-01 -2.089686095714569092e-01 -4.338967800140380859e-02 6.447423994541168213e-02 2.675727009773254395e-04 6.171395778656005859e-01 6.537225246429443359e-01 -1.157596334815025330e-02 -5.987872183322906494e-02 -3.896374106407165527e-01 1.616708040237426758e-01 -9.865736961364746094e-02 -9.904004633426666260e-02
-1.845752298831939697e-01 2.282062321901321411e-01 -3.537858277559280396e-02 -9.991433471441268921e-02 1.220268309116363525e-01 -1.384358853101730347e-01 2.667702436447143555e-01 -1.631072163581848145e-01 -4.271310567855834961e-01 3.274832069873809814e-01 -6.306021809577941895e-01 -1.503446698188781738e-01 -3.260590434074401855e-01 4.068336188793182373e-01 -1.024869829416275024e-01 -6.058226823806762695e-01 3.259428963065147400e-02 -1.361940503120422363e-01 -5.057569742202758789e-01 2.300815284252166748e-01 -1.247255131602287292e-01 3.943039849400520325e-02 3.504253178834915161e-02 4.221576750278472900e-01 2.206385880708694458e-01 -4.165239930152893066e-01 -2.110052108764648438e-02 -1.007767170667648315e-01 1.195048391819000244e-01 -4.734968841075897217e-01 2.598183751106262207e-01 2.783993482589721680e-01 2.003849595785140991e-01 1.123046502470970154e-01 1.905515491962432861e-01 2.152764499187469482e-01 2.695400416851043701e-01 -7.722762972116470337e-02 -1.023028939962387085e-01 -4.239496290683746338e-01 4.299765527248382568e-01 -7.687955498695373535e-01 5.781543254852294922e-01 1.608162820339202881e-01 2.501375228166580200e-02 -2.353702336549758911e-01 3.209469020366668701e-01 2.963231503963470459e-02 -9.190273284912109375e-01 1.296308487653732300e-01 -3.286172449588775635e-02 3.666963577270507812e-01 -4.034162312746047974e-02 -1.455560028553009033e-01 1.937545388936996460e-01 -1.076184958219528198e-02 6.030759215354919434e-01 7.524977922439575195e-01 -4.617042839527130127e-02 1.974441856145858765e-02 -3.054310381412506104e-01 -1.426374763250350952e-01 -2.600293457508087158e-01 1.594549268484115601e-01
-4.640359282493591309e-01 -1.461463719606399536e-01 -9.069070219993591309e-03 -1.976388096809387207e-01 7.559418678283691406e-02 -1.956094652414321899e-01 2.171973586082458496e-01 2.367484569549560547e-02 -2.283835113048553467e-01 8.668557405471801758e-01 -9.755939245223999023e-01 2.422144114971160889e-01 -1.321298927068710327e-01 5.449807643890380859e-01 2.074038386344909668e-01 -2.525238394737243652e-01 3.570906817913055420e-01 1.266681551933288574e-01 -2.810260653495788574e-01 -1.491085346788167953e-02 2.445886433124542236e-01 -1.030323952436447144e-01 -5.681336522102355957e-01 -4.682530462741851807e-02 2.303977906703948975e-01 -4.463224112987518311e-01 1.991356909275054932e-01 1.278970241546630859e-01 -4.817300140857696533e-01 -1.884383261203765869e-01 1.797463148832321167e-01 -1.487208902835845947e-02 7.651621699333190918e-01 -2.585183829069137573e-02 -4.489149153232574463e-01 3.068250417709350586e-01 3.070487380027770996e-01 3.338438272476196289e-02 -3.544309735298156738e-01 4.113771766424179077e-02 3.947317600250244141e-04 -3.522201627492904663e-02 4.086881577968597412e-01 9.162605553865432739e-02 1.915832310914993286e-01 1.682779937982559204e-01 8.013300895690917969e-01 -8.161475062370300293e-01 -4.680890440940856934e-01 2.152081578969955444e-03 2.402435541152954102e-01 6.086305975914001465e-01 -4.391198158264160156e-01 -1.253906190395355225e-01 7.326111197471618652e-03 -4.074295759201049805e-01 5.111601352691650391e-01 5.332106351852416992e-01 3.340364396572113037e-01 1.358386576175689697e-01 -2.336576431989669800e-01 2.780253291130065918e-01 3.380452692508697510e-01 -7.779128849506378174e-03
-5.312221050262451172e-01 -1.190014928579330444e-01 3.862588107585906982e-02 -2.323952019214630127e-01 1.103837490081787109e-01 -1.149555146694183350e-01 1.435601413249969482e-01 1.288715004920959473e-02 -1.418697237968444824e-01 9.716899394989013672e-01 -1.008399248123168945e+00 2.923894822597503662e-01 1.642388850450515747e-02 5.971314907073974609e-01 2.633465528488159180e-01 -2.701517045497894287e-01 4.238764643669128418e-01 3.735022246837615967e-02 -2.897398471832275391e-01 3.960272297263145447e-02 1.956706643104553223e-01 -1.141219735145568848e-01 -6.159454584121704102e-01 -4.040115326642990112e-02 2.430546879768371582e-01 -4.548414349555969238e-01 2.471629083156585693e-01 1.608291268348693848e-01 -4.769157469272613525e-01 -2.524512708187103271e-01 1.468555778264999390e-01 -8.215156197547912598e-02 7.668089270591735840e-01 6.577111780643463135e-03 -5.622447729110717773e-01 3.259671628475189209e-01 1.953504681587219238e-01 9.623132646083831787e-02 -3.193396031856536865e-01 1.182373166084289551e-01 7.826045155525207520e-03 8.721333742141723633e-02 4.483425021171569824e-01 1.772369295358657837e-01 2.126333266496658325e-01 2.421574145555496216e-01 8.053361177444458008e-01 -8.861916065216064453e-01 -4.397957324981689453e-01 3.381064161658287048e-02 1.781188249588012695e-01 6.699874401092529297e-01 -4.176147580146789551e-01 -5.419291555881500244e-02 -7.166402041912078857e-02 -3.917228579521179199e-01 5.380501151084899902e-01 4.869566261768341064e-01 3.950688540935516357e-01 7.808306068181991577e-02 -2.579038441181182861e-01 3.968733549118041992e-01 3.000584840774536133e-01 -1.079297810792922974e-01
-2.418163716793060303e-01 1.691333502531051636e-01 -4.125501960515975952e-02 -6.749216467142105103e-02 1.605614125728607178e-01 -1.759601756930351257e-03 2.848891019821166992e-01 -2.714228630065917969e-01 -4.017049074172973633e-01 2.261438667774200439e-01 -6.900259256362915039e-01 -8.245415240526199341e-02 -3.982065320014953613e-01 3.694094121456146240e-01 -8.966188132762908936e-02 -5.685363411903381348e-01 1.014876589179039001e-01 -1.717158406972885132e-02 -4.483935236930847168e-01 1.716802716255187988e-01 -7.899672538042068481e-02 -8.735157549381256104e-02 -1.312643587589263916e-01 3.527712225914001465e-01 1.484394222497940063e-01 -4.468645751476287842e-01 -1.221545413136482239e-01 -1.272896379232406616e-01 -5.375493690371513367e-02 -4.499774873256683350e-01 3.072237074375152588e-01 3.057838082313537598e-01 2.259469926357269287e-01 5.837782472372055054e-02 1.339721381664276123e-01 2.148202061653137207e-01 4.074778258800506592e-01 -2.584924995899200439e-01 -1.357175558805465698e-01 -3.534155488014221191e-01 3.964096903800964355e-01 -7.970583438873291016e-01 6.355196833610534668e-01 2.510287761688232422e-01 8.961520344018936157e-02 -2.089323252439498901e-01 2.850238084793090820e-01 -9.000216424465179443e-02 -8.480684757232666016e-01 8.269350230693817139e-02 5.244612693786621094e-03 4.136624336242675781e-01 -2.042220234870910645e-01 -1.649278402328491211e-01 2.084225267171859741e-01 -5.052668601274490356e-02 5.148172378540039062e-01 6.732534766197204590e-01 -8.853633701801300049e-02 -2.966328710317611694e-02 -3.367272317409515381e-01 1.226685196161270142e-02 -1.583459787070751190e-02 1.131722182035446167e-01
-3.798404335975646973e-01 -2.030827105045318604e-03 -7.263015210628509521e-02 1.142971962690353394e-02 5.457830429077148438e-02 -1.645653992891311646e-01 3.362071514129638672e-01 -7.019506394863128662e-02 -3.150821328163146973e-01 5.481393933296203613e-01 -8.141934275627136230e-01 6.925459206104278564e-02 -3.811415731906890869e-01 4.095762670040130615e-01 7.825011014938354492e-02 -3.263212740421295166e-01 1.761320680379867554e-01 1.695756614208221436e-01 -4.303039312362670898e-01 -6.919243931770324707e-02 1.225581243634223938e-01 -1.238354742527008057e-01 -3.949480950832366943e-01 1.583176478743553162e-02 2.282807528972625732e-01 -3.834952116012573242e-01 1.191743835806846619e-01 -5.064664781093597412e-02 -3.206520974636077881e-01 -1.775558888912200928e-01 3.856928944587707520e-01 1.404605805873870850e-01 5.998042225837707520e-01 -7.844319939613342285e-02 -1.180997118353843689e-01 2.635469734668731689e-01 3.337951004505157471e-01 -7.523825019598007202e-02 -4.101659059524536133e-01 -1.055727005004882812e-01 9.314960241317749023e-02 -3.798480033874511719e-01 5.484194159507751465e-01 -4.286557435989379883e-03 2.526293694972991943e-01 -1.045765951275825500e-01 5.764753818511962891e-01 -4.536387324333190918e-01 -5.802706480026245117e-01 1.054854691028594971e-01 1.409443318843841553e-01 4.483813345432281494e-01 -3.885734081268310547e-01 -1.547779887914657593e-01 9.731304645538330078e-02 -2.716004550457000732e-01 5.218395590782165527e-01 6.360357403755187988e-01 1.624186784029006958e-01 7.845338433980941772e-02 -2.200065702199935913e-01 6.173094362020492554e-02 2.903538346290588379e-01 2.136384993791580200e-01
-1.205521970987319946e-01 1.798837035894393921e-01 -6.424012780189514160e-02 -1.480601727962493896e-01 1.661498397588729858e-01 -1.678904443979263306e-01 1.971124559640884399e-01 -2.426868379116058350e-01 -3.887636959552764893e-01 3.209812641143798828e-01 -6.234865784645080566e-01 -4.656875878572463989e-02 -3.491126000881195068e-01 4.244988858699798584e-01 8.250109851360321045e-03 -6.086049079895019531e-01 6.868581473827362061e-02 -2.708245068788528442e-02 -5.377512574195861816e-01 2.310077995061874390e-01 -2.471683621406555176e-01 -3.397372737526893616e-02 -1.411326229572296143e-02 3.480490744113922119e-01 1.595977544784545898e-01 -4.251597523689270020e-01 -6.631053239107131958e-02 -5.199719965457916260e-02 -2.688933163881301880e-03 -4.256414473056793213e-01 2.071843594312667847e-01 3.432321548461914062e-01 2.285399287939071655e-01 8.620836585760116577e-02 2.069941461086273193e-01 2.395766377449035645e-01 3.680270612239837646e-01 -2.534155845642089844e-01 -1.359129846096038818e-01 -3.629720211029052734e-01 4.560964703559875488e-01 -7.353991866111755371e-01 6.223688721656799316e-01 1.919355988502502441e-01 -3.707517310976982117e-02 -1.879342794418334961e-01 3.565600216388702393e-01 -4.590304195880889893e-02 -9.520469903945922852e-01 1.304906606674194336e-01 -4.028812050819396973e-03 4.030392467975616455e-01 -7.102053612470626831e-02 -1.427215635776519775e-01 8.150561153888702393e-02 4.558955878019332886e-02 6.315401196479797363e-01 6.498216986656188965e-01 -1.228002309799194336e-01 6.565786898136138916e-03 -3.599320650100708008e-01 -1.877067238092422485e-02 -1.927653402090072632e-01 6.681188941001892090e-02
-2.912623584270477295e-01 2.929465174674987793e-01 -7.720357924699783325e-02 5.876594036817550659e-02 1.576554179191589355e-01 -9.418485313653945923e-02 2.733522653579711914e-01 -3.658175766468048096e-01 -4.354381263256072998e-01 3.948121517896652222e-02 -4.347720742225646973e-01 -2.436787635087966919e-02 -4.608522355556488037e-01 2.718763649463653564e-01 -2.501044273376464844e-01 -7.316937446594238281e-01 -1.916479617357254028e-01 8.891086280345916748e-02 -5.549206733703613281e-01 1.611844748258590698e-01 -3.359145522117614746e-01 -1.918034404516220093e-01 5.211703479290008545e-03 3.141875863075256348e-01 2.478711605072021484e-01 -1.937346309423446655e-01 -2.031210362911224365e-01 -2.107075899839401245e-01 7.871964946389198303e-03 -3.166860640048980713e-01 4.143950045108795166e-01 3.316112160682678223e-01 -4.881209880113601685e-02 2.884612977504730225e-02 4.431192874908447266e-01 2.259199619293212891e-01 4.551191627979278564e-01 -4.151597917079925537e-01 -1.486463248729705811e-01 -4.673609733581542969e-01 5.165640711784362793e-01 -1.068275809288024902e+00 8.229171037673950195e-01 3.073100149631500244e-01 5.075387284159660339e-02 -3.803821802139282227e-01 2.869480475783348083e-02 1.610769033432006836e-01 -1.012776494026184082e+00 8.984678983688354492e-02 -2.770852446556091309e-01 1.461182534694671631e-01 -8.811643719673156738e-02 -2.846445739269256592e-01 4.746620357036590576e-02 1.784825325012207031e-01 5.996276736259460449e-01 6.169971823692321777e-01 -2.639053463935852051e-01 -1.184517741203308105e-01 -3.787716627120971680e-01 -7.930655777454376221e-02 -1.638319492340087891e-01 1.688914597034454346e-01
-2.024226784706115723e-01 3.732362985610961914e-01 -4.715265333652496338e-02 -2.465477026998996735e-02 1.618819981813430786e-01 -6.673967093229293823e-02 2.619904279708862305e-01 -4.656043052673339844e-01 -5.050641894340515137e-01 -8.651472628116607666e-02 -2.527139782905578613e-01 -1.464705765247344971e-01 -3.084004223346710205e-01 1.487156152725219727e-01 -4.072850048542022705e-01 -9.395876526832580566e-01 -3.335808813571929932e-01 -5.026536434888839722e-02 -4.504887461662292480e-01 3.924367427825927734e-01 -4.118682742118835449e-01 -1.568918302655220032e-02 2.229222059249877930e-01 5.154187679290771484e-01 3.548845052719116211e-01 -7.535003870725631714e-02 -2.574696838855743408e-01 -2.685264348983764648e-01 1.874150931835174561e-01 -3.942010998725891113e-01 3.434547185897827148e-01 4.024211764335632324e-01 -3.600805401802062988e-01 1.390730440616607666e-01 8.310055732727050781e-01 3.452436923980712891e-01 4.006861746311187744e-01 -2.541052997112274170e-01 2.175358384847640991e-01 -6.333421468734741211e-01 7.190495133399963379e-01 -1.348180055618286133e+00 7.955721616744995117e-01 4.582552313804626465e-01 -3.203642368316650391e-01 -5.105206966400146484e-01 -2.870740294456481934e-01 4.858069419860839844e-01 -1.029444575309753418e+00 -9.929226338863372803e-02 -3.553662002086639404e-01 9.048720449209213257e-02 2.203457355499267578e-01 -5.277817249298095703e-01 -5.333637446165084839e-02 4.581241905689239502e-01 5.489615201950073242e-01 6.374514698982238770e-01 -4.174922406673431396e-01 6.811375170946121216e-02 -3.392323553562164307e-01 -2.681099474430084229e-01 -5.337785482406616211e-01 1.362960785627365112e-01
-1.340085715055465698e-01 1.497651785612106323e-01 -1.471423506736755371e-01 -1.387505978345870972e-02 1.717395335435867310e-01 -8.717162534594535828e-03 2.765875458717346191e-01 -2.834549546241760254e-01 -4.553932249546051025e-01 1.323355436325073242e-01 -6.199101805686950684e-01 -1.523271501064300537e-01 -4.407307803630828857e-01 2.359144687652587891e-01 -2.011323869228363037e-01 -6.535041928291320801e-01 -7.388337701559066772e-02 -3.424781560897827148e-02 -4.311674237251281738e-01 2.513767778873443604e-01 -9.645626693964004517e-02 -6.435284018516540527e-02 -6.176832318305969238e-02 4.287571012973785400e-01 1.820766478776931763e-01 -3.752275109291076660e-01 -2.003560662269592285e-01 -1.666151732206344604e-01 -3.889274224638938904e-02 -5.025184750556945801e-01 3.179027736186981201e-01 3.310118913650512695e-01 1.541621088981628418e-01 4.316382110118865967e-02 3.013700246810913086e-01 1.980918496847152710e-01 3.822518885135650635e-01 -3.573440313339233398e-01 -1.144875809550285339e-01 -3.986018896102905273e-01 3.766449391841888428e-01 -9.523546099662780762e-01 6.874131560325622559e-01 1.947865784168243408e-01 -2.092244476079940796e-02 -3.255599737167358398e-01 1.919509023427963257e-01 7.416474819183349609e-02 -9.957097172737121582e-01 1.222667247056961060e-01 -7.992103695869445801e-02 3.690416216850280762e-01 -3.905893117189407349e-02 -1.672547608613967896e-01 2.281410545110702515e-01 5.925678461790084839e-02 4.963484406471252441e-01 6.298390030860900879e-01 -1.782280504703521729e-01 -1.224914640188217163e-01 -3.314018845558166504e-01 3.055848181247711182e-03 -6.706716120243072510e-02 9.304094314575195312e-02
-2.578248381614685059e-01 3.244633078575134277e-01 -6.541888415813446045e-02 9.772808104753494263e-02 5.150027573108673096e-02 -2.172964364290237427e-01 3.190755844116210938e-01 -3.543006181716918945e-01 -3.462476432323455811e-01 4.961438477039337158e-03 -4.026474952697753906e-01 -1.138590648770332336e-01 -4.460504949092864990e-01 2.269228100776672363e-01 -3.791466951370239258e-01 -6.612848043441772461e-01 -2.299414724111557007e-01 1.192449033260345459e-01 -6.624168157577514648e-01 2.565259113907814026e-02 -2.245471477508544922e-01 -1.518175899982452393e-01 8.143166452646255493e-02 2.089118659496307373e-01 3.479159772396087646e-01 -7.055187225341796875e-02 -1.257688999176025391e-01 -2.729430794715881348e-01 7.656306773424148560e-02 -2.255751490592956543e-01 3.997859656810760498e-01 2.841446399688720703e-01 -1.599610447883605957e-01 3.276649862527847290e-02 5.405248999595642090e-01 2.769893109798431396e-01 4.266775548458099365e-01 -3.096125721931457520e-01 -1.225988119840621948e-01 -5.894653797149658203e-01 5.326067805290222168e-01 -1.133490800857543945e+00 7.756324410438537598e-01 2.762274742126464844e-01 1.197237446904182434e-01 -4.537339806556701660e-01 -1.147870570421218872e-01 2.105913311243057251e-01 -1.025781989097595215e+00 3.477612510323524475e-02 -4.144105017185211182e-01 8.693280071020126343e-02 -3.534244000911712646e-02 -3.165929317474365234e-01 6.604625284671783447e-02 1.794639825820922852e-01 5.656492710113525391e-01 6.398493051528930664e-01 -3.110979199409484863e-01 -6.360256671905517578e-02 -2.951917052268981934e-01 -2.175951302051544189e-01 -2.101228386163711548e-01 4.151223897933959961e-01
-3.502942323684692383e-01 1.158934980630874634e-01 -4.483528435230255127e-03 -2.316490560770034790e-02 1.062779873609542847e-01 -2.576355934143066406e-01 2.159080356359481812e-01 -1.377457231283187866e-01 -3.610900938510894775e-01 4.365361332893371582e-01 -7.883345484733581543e-01 4.482512176036834717e-02 -2.864405810832977295e-01 4.991304576396942139e-01 -4.056319594383239746e-03 -4.250125586986541748e-01 1.024291962385177612e-01 8.062812685966491699e-02 -4.831625819206237793e-01 1.058906912803649902e-01 2.979304641485214233e-02 -1.318364441394805908e-01 -2.440002560615539551e-01 8.551880717277526855e-02 2.301947027444839478e-01 -4.081166982650756836e-01 -2.924568206071853638e-02 -5.863018333911895752e-02 -1.444329470396041870e-01 -2.393019795417785645e-01 2.388226091861724854e-01 1.743863224983215332e-01 5.249961018562316895e-01 7.352959364652633667e-02 -5.547899752855300903e-02 1.703810393810272217e-01 4.035006463527679443e-01 -1.313852220773696899e-01 -3.492662906646728516e-01 -3.221105337142944336e-01 2.565882205963134766e-01 -6.194322705268859863e-01 6.145367622375488281e-01 7.116094231605529785e-02 2.010603249073028564e-01 -1.356485486030578613e-01 4.142734706401824951e-01 -2.701310515403747559e-01 -7.725954055786132812e-01 1.005409359931945801e-01 3.950315713882446289e-02 3.456610441207885742e-01 -2.536498308181762695e-01 -6.448584794998168945e-02 1.067198067903518677e-01 -1.771656572818756104e-01 5.704038739204406738e-01 6.987499594688415527e-01 -4.343839362263679504e-02 4.450022429227828979e-02 -2.483460903167724609e-01 5.699066072702407837e-02 6.230946257710456848e-02 2.180590182542800903e-01
-2.154051959514617920e-01 -3.717334568500518799e-02 -2.403192222118377686e-02 -1.851993203163146973e-01 6.440274417400360107e-02 -1.996676772832870483e-01 3.410645127296447754e-01 -7.235546410083770752e-02 -4.353146553039550781e-01 4.280796051025390625e-01 -8.034902811050415039e-01 5.413515120744705200e-02 -3.488120734691619873e-01 4.098459184169769287e-01 5.890305340290069580e-02 -4.149043262004852295e-01 2.126190066337585449e-01 8.459383249282836914e-02 -2.912778556346893311e-01 1.738244146108627319e-01 9.070353955030441284e-02 -1.340896263718605042e-02 -3.052012324333190918e-01 2.100396156311035156e-01 7.213655859231948853e-02 -4.547175168991088867e-01 -7.364876568317413330e-03 -6.934963166713714600e-02 -1.696847528219223022e-01 -3.106535375118255615e-01 2.162286639213562012e-01 2.259271591901779175e-01 4.756577312946319580e-01 5.057389289140701294e-02 -6.034947186708450317e-02 1.760225445032119751e-01 3.961740434169769287e-01 -1.107310205698013306e-01 -1.958840489387512207e-01 -2.680755853652954102e-01 2.583242356777191162e-01 -5.614050030708312988e-01 4.130578637123107910e-01 1.264671087265014648e-01 -1.165982428938150406e-02 -8.811961114406585693e-02 5.297663807868957520e-01 -2.824668586254119873e-01 -6.694455146789550781e-01 -4.515274241566658020e-02 2.092231512069702148e-01 4.782671928405761719e-01 -3.502316474914550781e-01 -1.558791846036911011e-01 1.072570532560348511e-01 -1.916101276874542236e-01 4.800699949264526367e-01 6.605343818664550781e-01 1.091270446777343750e-01 1.151069924235343933e-01 -2.621806561946868896e-01 3.662364929914474487e-02 9.933112561702728271e-02 1.318203955888748169e-01
-2.145265042781829834e-01 2.197123020887374878e-01 8.612975478172302246e-03 -7.061033695936203003e-02 1.864070743322372437e-01 -1.690199971199035645e-01 2.350767254829406738e-01 -1.865793019533157349e-01 -4.027758836746215820e-01 3.420589566230773926e-01 -7.013472318649291992e-01 -1.155965700745582581e-01 -2.627980709075927734e-01 4.910621345043182373e-01 -7.999718189239501953e-02 -5.775674581527709961e-01 1.250121891498565674e-01 -6.197137385606765747e-02 -4.587996006011962891e-01 2.662354111671447754e-01 -2.360488474369049072e-02 5.146767944097518921e-03 -7.803439348936080933e-02 3.309929370880126953e-01 2.164646685123443604e-01 -4.448792934417724609e-01 -5.009902268648147583e-02 -5.967992544174194336e-02 -5.925586447119712830e-02 -4.425579607486724854e-01 2.458545714616775513e-01 2.349265813827514648e-01 3.847385644912719727e-01 1.495650410652160645e-01 6.435433775186538696e-02 1.774168163537979126e-01 3.375158011913299561e-01 -1.224464252591133118e-01 -1.800333112478256226e-01 -3.453848063945770264e-01 3.938408195972442627e-01 -7.848483920097351074e-01 5.702913403511047363e-01 1.406195163726806641e-01 2.145602554082870483e-02 -2.103064507246017456e-01 3.312633633613586426e-01 -1.010534912347793579e-01 -8.509854078292846680e-01 8.931942284107208252e-02 5.610877275466918945e-02 3.894952535629272461e-01 -1.007942259311676025e-01 -1.216985732316970825e-01 9.524349868297576904e-02 -6.958157569169998169e-02 5.483788847923278809e-01 7.134249806404113770e-01 -1.017707288265228271e-01 3.473401814699172974e-02 -3.060962855815887451e-01 -8.684679865837097168e-03 -1.672645360231399536e-01 1.253747940063476562e-01
-2.195853292942047119e-01 6.778913736343383789e-02 2.795014530420303345e-02 -3.445476889610290527e-01 2.044787853956222534e-01 -6.780930608510971069e-02 5.808809399604797363e-02 -1.668757647275924683e-01 -3.486917614936828613e-01 6.444101929664611816e-01 -8.134890794754028320e-01 7.123931497335433960e-02 -7.360208034515380859e-02 6.324875354766845703e-01 2.304355204105377197e-01 -6.283144950866699219e-01 3.557390272617340088e-01 -1.590907126665115356e-01 -3.601866960525512695e-01 4.116095304489135742e-01 -1.862704157829284668e-01 -9.732458740472793579e-03 -1.951594948768615723e-01 4.330751597881317139e-01 8.971566706895828247e-02 -6.669688224792480469e-01 2.904824912548065186e-03 1.856414228677749634e-01 -1.594935059547424316e-01 -5.477647185325622559e-01 2.352501824498176575e-02 1.678312420845031738e-01 5.524998903274536133e-01 1.555034220218658447e-01 -1.921344697475433350e-01 2.441290915012359619e-01 1.956188082695007324e-01 -9.076258540153503418e-02 -1.266586333513259888e-01 -7.826256752014160156e-02 3.725951611995697021e-01 -3.562926650047302246e-01 5.367767810821533203e-01 2.692194581031799316e-01 -6.750089675188064575e-02 6.893317401409149170e-02 6.469055414199829102e-01 -4.123163223266601562e-01 -7.930506467819213867e-01 2.003669142723083496e-01 2.365793883800506592e-01 6.476760506629943848e-01 -8.912533521652221680e-02 -7.363095879554748535e-03 3.929083049297332764e-02 -5.913350731134414673e-02 6.535059213638305664e-01 6.239630579948425293e-01 7.434086501598358154e-02 4.333475977182388306e-02 -4.172210693359375000e-01 2.368113994598388672e-01 -1.630213707685470581e-01 -2.445492595434188843e-01
-4.402813315391540527e-01 -2.903637886047363281e-01 -1.809898018836975098e-02 -1.429114937782287598e-01 6.444171071052551270e-03 -2.769247889518737793e-01 3.377484083175659180e-01 1.332759559154510498e-01 -1.849170476198196411e-01 8.569259047508239746e-01 -9.894902706146240234e-01 2.262678742408752441e-01 -2.376268953084945679e-01 4.190762937068939209e-01 2.170434892177581787e-01 -1.055590808391571045e-01 3.233309388160705566e-01 2.995161414146423340e-01 -2.476342320442199707e-01 -2.351825833320617676e-01 4.368460774421691895e-01 -9.040357172489166260e-02 -6.611702442169189453e-01 -2.592318654060363770e-01 2.342018485069274902e-01 -2.928780913352966309e-01 3.167417049407958984e-01 6.215408444404602051e-02 -5.808291435241699219e-01 2.800251543521881104e-02 2.420037090778350830e-01 -3.160279989242553711e-02 9.151614308357238770e-01 -1.846634298563003540e-01 -4.259530603885650635e-01 4.123238623142242432e-01 3.601140379905700684e-01 6.451974809169769287e-02 -5.375770330429077148e-01 1.026834100484848022e-01 -1.956934332847595215e-01 7.003823667764663696e-02 3.095923364162445068e-01 -1.347783654928207397e-01 2.097314596176147461e-01 6.404446810483932495e-02 8.537688255310058594e-01 -8.787793517112731934e-01 -3.343186080455780029e-01 -2.925944700837135315e-02 2.235191464424133301e-01 4.862293601036071777e-01 -5.958021879196166992e-01 -1.790109127759933472e-01 1.273529231548309326e-02 -4.422928094863891602e-01 3.972286880016326904e-01 4.947642087936401367e-01 3.586227893829345703e-01 2.229607105255126953e-01 -4.591158032417297363e-02 1.889259219169616699e-01 5.957150459289550781e-01 1.672461777925491333e-01
-3.936808109283447266e-01 -4.233020544052124023e-02 -6.538845598697662354e-02 -8.458032459020614624e-02 4.299722611904144287e-02 -2.866548895835876465e-01 3.100590705871582031e-01 -6.915792822837829590e-02 -1.661385893821716309e-01 7.472023963928222656e-01 -9.095022678375244141e-01 1.265190243721008301e-01 -2.850096523761749268e-01 4.801634848117828369e-01 1.138656884431838989e-01 -1.435136497020721436e-01 2.467777281999588013e-01 1.876296699047088623e-01 -4.771828651428222656e-01 -9.354984760284423828e-02 2.026671171188354492e-01 -1.309192478656768799e-01 -4.334957599639892578e-01 -8.476544916629791260e-02 2.653334140777587891e-01 -3.378687202930450439e-01 2.701750993728637695e-01 9.999290108680725098e-03 -3.555973470211029053e-01 -1.302128434181213379e-01 3.134237229824066162e-01 2.298143506050109863e-02 6.598902940750122070e-01 -5.881973356008529663e-02 -2.781222164630889893e-01 3.198258578777313232e-01 3.095278441905975342e-01 1.017595175653696060e-02 -4.554547071456909180e-01 -8.178080618381500244e-02 9.360082447528839111e-03 -2.069536149501800537e-01 4.513360857963562012e-01 -6.149798631668090820e-03 2.769201099872589111e-01 3.314402699470520020e-02 6.665232181549072266e-01 -6.464997529983520508e-01 -5.600937604904174805e-01 7.809190452098846436e-02 1.281462311744689941e-01 5.598369240760803223e-01 -3.972675204277038574e-01 -1.295356005430221558e-01 6.902068853378295898e-03 -3.792347908020019531e-01 5.250390768051147461e-01 5.712221860885620117e-01 2.267349064350128174e-01 1.577450037002563477e-01 -2.000716924667358398e-01 6.763771921396255493e-02 3.258833885192871094e-01 2.287990301847457886e-01
-2.633898854255676270e-01 2.338085919618606567e-01 -3.547346591949462891e-02 6.354733556509017944e-02 1.999653130769729614e-01 -8.408738672733306885e-02 2.627398371696472168e-01 -3.309330642223358154e-01 -4.295617341995239258e-01 1.499468237161636353e-01 -5.366335511207580566e-01 -1.170931831002235413e-01 -4.308218359947204590e-01 3.476761877536773682e-01 -2.728631496429443359e-01 -7.336734533309936523e-01 -9.331267327070236206e-02 1.727119088172912598e-02 -5.394642949104309082e-01 2.593318223953247070e-01 -1.512795090675354004e-01 -1.563319414854049683e-01 -8.960822969675064087e-02 3.685192763805389404e-01 2.155238837003707886e-01 -3.202400803565979004e-01 -1.553404331207275391e-01 -1.577099859714508057e-01 -6.416971981525421143e-02 -3.485783338546752930e-01 4.079500734806060791e-01 2.771419286727905273e-01 1.169366985559463501e-01 9.285935014486312866e-02 3.092242181301116943e-01 1.867618560791015625e-01 3.843145072460174561e-01 -3.326064348220825195e-01 -1.439573168754577637e-01 -4.205504357814788818e-01 4.773751199245452881e-01 -1.004283666610717773e+00 7.752398848533630371e-01 2.764005661010742188e-01 8.968511968851089478e-02 -3.159021735191345215e-01 1.286054253578186035e-01 6.864550709724426270e-02 -1.012120604515075684e+00 9.179058670997619629e-02 -1.148562729358673096e-01 2.909911572933197021e-01 -2.952394634485244751e-02 -1.586048454046249390e-01 8.703295886516571045e-02 3.278134763240814209e-02 5.512772202491760254e-01 6.280927658081054688e-01 -2.021854817867279053e-01 -6.010059267282485962e-02 -3.577597439289093018e-01 5.108848214149475098e-03 -1.774074733257293701e-01 1.610896140336990356e-01
-2.532992362976074219e-01 3.075800538063049316e-01 -4.843088984489440918e-02 -1.856765896081924438e-02 7.695960998535156250e-02 -1.454301029443740845e-01 1.941833496093750000e-01 -3.218585848808288574e-01 -4.223330616950988770e-01 1.883324682712554932e-01 -4.823629856109619141e-01 -8.709544688463211060e-02 -3.123774528503417969e-01 3.445249497890472412e-01 -2.458242475986480713e-01 -7.188963890075683594e-01 -9.811519831418991089e-02 -7.113613188266754150e-02 -6.127061247825622559e-01 1.976598352193832397e-01 -3.297153115272521973e-01 -8.401486277580261230e-02 1.087457761168479919e-01 3.945808708667755127e-01 2.758743166923522949e-01 -2.557036876678466797e-01 -1.855843365192413330e-01 -1.436688750982284546e-01 1.108786165714263916e-01 -4.097270965576171875e-01 2.593011558055877686e-01 3.016056418418884277e-01 -4.528333246707916260e-02 1.131354495882987976e-01 4.018433690071105957e-01 2.351637482643127441e-01 3.232199251651763916e-01 -2.373988777399063110e-01 -5.916620790958404541e-02 -5.227327942848205566e-01 5.726890563964843750e-01 -1.031859636306762695e+00 7.587143778800964355e-01 3.078613281250000000e-01 2.789711579680442810e-02 -3.192158937454223633e-01 4.972644522786140442e-02 1.557558029890060425e-01 -1.067757606506347656e+00 1.307834982872009277e-01 -2.721813619136810303e-01 2.419792115688323975e-01 8.510480821132659912e-02 -2.074558287858963013e-01 9.731969237327575684e-02 1.799908876419067383e-01 6.482300162315368652e-01 6.779186129570007324e-01 -2.387174218893051147e-01 -9.435813128948211670e-02 -3.496698737144470215e-01 -1.095073670148849487e-01 -3.175783455371856689e-01 1.788839697837829590e-01
