-2.829261422157287598e-01 2.940425276756286621e-01 1.169088482856750488e-01 -9.777627140283584595e-02 1.803417950868606567e-01 -6.076302379369735718e-02 8.199219405651092529e-02 -2.339328825473785400e-01 -3.961232900619506836e-01 4.112328290939331055e-01 -6.892722845077514648e-01 -2.072290331125259399e-02 -1.331046968698501587e-01 5.933666229248046875e-01 5.513161420822143555e-02 -6.814913749694824219e-01 1.899496763944625854e-01 -1.628656387329101562e-01 -4.912749528884887695e-01 3.854235112667083740e-01 -2.575443983078002930e-01 -2.844618633389472961e-02 -8.350827544927597046e-02 4.173248708248138428e-01 2.180294990539550781e-01 -6.292204856872558594e-01 -9.427507221698760986e-02 3.810077905654907227e-03 3.172532469034194946e-02 -4.843324124813079834e-01 1.551090776920318604e-01 3.190436959266662598e-01 3.297805488109588623e-01 2.737491726875305176e-01 1.111605763435363770e-02 1.287637650966644287e-01 2.036634981632232666e-01 2.285698056221008301e-02 -6.094633042812347412e-02 -3.179241120815277100e-01 4.413718879222869873e-01 -6.994747519493103027e-01 6.427836418151855469e-01 2.367075085639953613e-01 8.689252287149429321e-02 -4.305260255932807922e-02 3.731898963451385498e-01 -8.276505768299102783e-02 -8.567050099372863770e-01 2.463475167751312256e-01 1.292438060045242310e-01 4.286854863166809082e-01 -8.074554055929183960e-02 4.439757764339447021e-02 1.327577531337738037e-01 -1.014051586389541626e-02 6.430742144584655762e-01 7.949964404106140137e-01 -1.399608328938484192e-02 4.519683867692947388e-02 -3.560825586318969727e-01 4.795011132955551147e-02 -3.529640734195709229e-01 2.551685087382793427e-02
-1.580730527639389038e-01 3.161613345146179199e-01 -3.666305169463157654e-02 6.095319986343383789e-04 1.772177368402481079e-01 -1.502483151853084564e-02 2.444879263639450073e-01 -4.308585226535797119e-01 -4.965225756168365479e-01 -9.350743889808654785e-02 -3.074443042278289795e-01 -1.832963526248931885e-01 -3.167988061904907227e-01 1.424731314182281494e-01 -3.528339862823486328e-01 -9.086601138114929199e-01 -2.207852452993392944e-01 -3.253327682614326477e-02 -4.599408507347106934e-01 3.256543576717376709e-01 -3.353723585605621338e-01 1.545539870858192444e-02 1.701195836067199707e-01 4.793685078620910645e-01 2.990668714046478271e-01 -1.057978346943855286e-01 -2.464325129985809326e-01 -2.768998146057128906e-01 1.598376184701919556e-01 -4.068087935447692871e-01 3.026534020900726318e-01 4.220118522644042969e-01 -2.756101489067077637e-01 8.560260385274887085e-02 7.631637454032897949e-01 3.434008657932281494e-01 3.661698698997497559e-01 -2.893733382225036621e-01 1.230426579713821411e-01 -5.352804660797119141e-01 6.525272727012634277e-01 -1.292911410331726074e+00 7.727121710777282715e-01 3.829512000083923340e-01 -2.448074221611022949e-01 -5.476414561271667480e-01 -2.211920171976089478e-01 3.930937647819519043e-01 -1.004565834999084473e+00 -8.046416193246841431e-02 -3.235188424587249756e-01 8.871056139469146729e-02 1.140393018722534180e-01 -4.613042473793029785e-01 2.150940895080566406e-02 3.985936045646667480e-01 4.470478892326354980e-01 5.851645469665527344e-01 -3.859361708164215088e-01 -7.560670375823974609e-03 -2.581152617931365967e-01 -2.273174226284027100e-01 -4.695747792720794678e-01 1.461605429649353027e-01
-4.247722923755645752e-01 -1.173307448625564575e-01 1.843560487031936646e-02 -6.932518631219863892e-02 8.949832618236541748e-02 -2.067661136388778687e-01 3.136146664619445801e-01 1.062425673007965088e-01 -2.626662254333496094e-01 7.943366169929504395e-01 -9.697927236557006836e-01 2.234443277120590210e-01 -1.909541487693786621e-01 4.770916402339935303e-01 2.220795154571533203e-01 -2.411472946405410767e-01 3.411815762519836426e-01 2.571080327033996582e-01 -2.258784770965576172e-01 -4.971876367926597595e-02 3.349076807498931885e-01 -8.696392178535461426e-02 -6.054317951202392578e-01 -1.306406408548355103e-01 2.919800281524658203e-01 -4.228135943412780762e-01 2.060043215751647949e-01 2.708221971988677979e-02 -4.802359640598297119e-01 -1.038519069552421570e-01 3.314608037471771240e-01 1.081726253032684326e-01 8.232900500297546387e-01 -3.272337093949317932e-02 -3.770321309566497803e-01 3.033323287963867188e-01 3.173815310001373291e-01 1.547402292490005493e-01 -4.405679702758789062e-01 8.372841775417327881e-02 -1.388460993766784668e-01 -6.624288111925125122e-02 3.918288052082061768e-01 -1.300479620695114136e-01 2.426269948482513428e-01 4.060176014900207520e-02 7.978513240814208984e-01 -7.145074605941772461e-01 -3.574871420860290527e-01 4.590838775038719177e-02 3.206894993782043457e-01 4.932076334953308105e-01 -6.025550961494445801e-01 -1.474306136369705200e-01 3.487747907638549805e-02 -3.903756141662597656e-01 3.986965715885162354e-01 5.825390219688415527e-01 3.624572157859802246e-01 2.010938525199890137e-01 -1.007498055696487427e-01 1.914854943752288818e-01 4.109995067119598389e-01 1.013864129781723022e-01
-3.112616539001464844e-01 -3.049430251121520996e-01 -5.348263680934906006e-02 -1.034510806202888489e-01 7.616579532623291016e-04 -2.088780552148818970e-01 4.395775496959686279e-01 1.480167508125305176e-01 -2.569897472858428955e-01 7.018840312957763672e-01 -9.106494784355163574e-01 1.538766920566558838e-01 -4.396984875202178955e-01 3.582347631454467773e-01 2.293383628129959106e-01 -1.732231825590133667e-01 3.556935489177703857e-01 3.399299979209899902e-01 -1.721916198730468750e-01 -1.720165312290191650e-01 4.286142885684967041e-01 -6.488968431949615479e-02 -6.154080629348754883e-01 -1.479824483394622803e-01 1.585048288106918335e-01 -3.512436151504516602e-01 2.580598890781402588e-01 5.562613904476165771e-02 -5.418433547019958496e-01 -3.535754233598709106e-02 3.891756832599639893e-01 1.334948241710662842e-01 7.984991073608398438e-01 -2.190218269824981689e-01 -3.060702085494995117e-01 3.551104962825775146e-01 3.422641456127166748e-01 3.439766913652420044e-02 -5.062760710716247559e-01 1.296863406896591187e-01 -2.185892164707183838e-01 -2.334246784448623657e-02 3.016445636749267578e-01 -2.055794447660446167e-01 1.940068453550338745e-01 2.897636592388153076e-02 8.928564786911010742e-01 -7.502200603485107422e-01 -3.488636016845703125e-01 3.701018914580345154e-02 3.607916533946990967e-01 4.882129430770874023e-01 -6.506596803665161133e-01 -1.819761246442794800e-01 1.104182898998260498e-01 -4.758853912353515625e-01 3.511126935482025146e-01 5.556314587593078613e-01 3.700927197933197021e-01 2.648639082908630371e-01 -3.416238352656364441e-02 6.390056759119033813e-02 5.847013592720031738e-01 1.684591323137283325e-01
-1.738355755805969238e-01 3.121199011802673340e-01 8.972421288490295410e-03 -1.602328121662139893e-01 2.082819193601608276e-01 3.214849531650543213e-02 1.168273910880088806e-01 -2.761868536472320557e-01 -4.345449507236480713e-01 2.671985626220703125e-01 -5.857544541358947754e-01 -5.067447572946548462e-02 -1.888316124677658081e-01 4.900238215923309326e-01 5.849186331033706665e-02 -8.501061201095581055e-01 1.241743788123130798e-01 -1.863987147808074951e-01 -4.649558067321777344e-01 4.947184324264526367e-01 -3.956373929977416992e-01 2.306576818227767944e-03 3.167109936475753784e-02 5.777885913848876953e-01 8.994065970182418823e-02 -5.582212805747985840e-01 -1.628220379352569580e-01 2.211049944162368774e-02 9.922598302364349365e-02 -6.078380346298217773e-01 1.460997611284255981e-01 3.750718235969543457e-01 1.916060596704483032e-01 1.982836127281188965e-01 2.391837835311889648e-01 1.626945436000823975e-01 1.978489458560943604e-01 -1.552530974149703979e-01 -3.079360723495483398e-02 -2.951138913631439209e-01 5.353878736495971680e-01 -8.182784318923950195e-01 7.031552195549011230e-01 2.920585870742797852e-01 -6.898996978998184204e-02 -2.028431147336959839e-01 2.493422776460647583e-01 6.976374983787536621e-02 -9.578878879547119141e-01 2.153273522853851318e-01 5.231568217277526855e-02 4.101908802986145020e-01 -3.814221918582916260e-02 -3.295366466045379639e-02 9.565824270248413086e-02 1.770761013031005859e-01 6.269626617431640625e-01 7.367302179336547852e-01 -1.251838356256484985e-01 -1.148592680692672729e-02 -4.182260632514953613e-01 1.351872831583023071e-02 -4.105840325355529785e-01 -1.002049148082733154e-01
-3.963321447372436523e-01 4.281944036483764648e-02 -4.704387485980987549e-02 1.459369808435440063e-02 3.691126406192779541e-02 -1.429976373910903931e-01 2.986057996749877930e-01 -6.792502105236053467e-02 -2.785529792308807373e-01 5.898489356040954590e-01 -8.202740550041198730e-01 1.440712809562683105e-01 -3.302968740463256836e-01 4.573802649974822998e-01 1.403755247592926025e-01 -3.631297349929809570e-01 2.040321677923202515e-01 2.344714701175689697e-01 -4.034398496150970459e-01 -3.849239647388458252e-02 7.733895629644393921e-02 -1.736682504415512085e-01 -4.825787544250488281e-01 -3.369374573230743408e-02 2.570043504238128662e-01 -3.752955794334411621e-01 1.209113299846649170e-01 -5.016900599002838135e-02 -3.953535258769989014e-01 -1.666469573974609375e-01 4.196605980396270752e-01 1.611519008874893188e-01 5.797625184059143066e-01 -2.953613176941871643e-02 -1.473844349384307861e-01 2.816455960273742676e-01 2.957457005977630615e-01 -5.026916414499282837e-02 -3.693439364433288574e-01 -1.692273095250129700e-02 5.385840684175491333e-02 -3.043915033340454102e-01 6.284378767013549805e-01 7.866173982620239258e-03 3.156273066997528076e-01 -8.706438541412353516e-02 6.097081899642944336e-01 -5.020956993103027344e-01 -5.632207989692687988e-01 1.214289218187332153e-01 1.653182208538055420e-01 4.808873832225799561e-01 -4.694285392761230469e-01 -1.307659894227981567e-01 2.369283139705657959e-02 -2.797625958919525146e-01 4.792724251747131348e-01 5.716490745544433594e-01 2.070550024509429932e-01 7.737409323453903198e-02 -2.233849912881851196e-01 1.357987523078918457e-01 2.933082878589630127e-01 1.716212630271911621e-01
-3.959624171257019043e-01 -2.517791986465454102e-01 -3.039784729480743408e-02 -5.810932070016860962e-02 -3.890392184257507324e-02 -2.521253526210784912e-01 4.051219820976257324e-01 1.591413915157318115e-01 -1.901570558547973633e-01 7.622350454330444336e-01 -9.170010089874267578e-01 2.422927021980285645e-01 -3.693651854991912842e-01 4.023897349834442139e-01 2.344573885202407837e-01 -1.285430490970611572e-01 3.431911170482635498e-01 3.830055296421051025e-01 -2.110302448272705078e-01 -2.213329225778579712e-01 4.228028059005737305e-01 -1.648463755846023560e-01 -6.993862390518188477e-01 -2.728083431720733643e-01 2.276237308979034424e-01 -3.268004059791564941e-01 2.757789194583892822e-01 3.237505257129669189e-02 -5.824594497680664062e-01 5.076202005147933960e-02 4.169953167438507080e-01 8.746635913848876953e-02 8.093428015708923340e-01 -1.652845442295074463e-01 -3.734432756900787354e-01 3.591646552085876465e-01 3.180232942104339600e-01 9.314461797475814819e-02 -5.189220309257507324e-01 1.605258733034133911e-01 -2.442916631698608398e-01 6.603274494409561157e-02 3.740579187870025635e-01 -1.824285238981246948e-01 3.370840251445770264e-01 6.393516063690185547e-02 8.686580657958984375e-01 -7.931803464889526367e-01 -3.049254119396209717e-01 5.267570540308952332e-02 3.207265734672546387e-01 4.853779375553131104e-01 -6.750718951225280762e-01 -1.380191743373870850e-01 5.918924510478973389e-02 -5.058308839797973633e-01 3.716568052768707275e-01 5.388524532318115234e-01 4.122305214405059814e-01 2.650420367717742920e-01 -3.790453076362609863e-02 1.333693265914916992e-01 6.236254572868347168e-01 2.224694639444351196e-01
-1.886903941631317139e-01 2.978529930114746094e-01 8.396546542644500732e-02 -2.168253362178802490e-01 2.746562957763671875e-01 7.946211844682693481e-02 3.446740657091140747e-02 -3.492748439311981201e-01 -4.597864449024200439e-01 3.320165872573852539e-01 -5.834379196166992188e-01 -6.112227588891983032e-02 -1.061761379241943359e-01 5.169994831085205078e-01 7.586782425642013550e-02 -9.004270434379577637e-01 1.740317344665527344e-01 -2.738871574401855469e-01 -4.318432211875915527e-01 5.597443580627441406e-01 -4.379827976226806641e-01 3.906938061118125916e-02 6.667803972959518433e-02 6.533840894699096680e-01 1.303332149982452393e-01 -5.968656539916992188e-01 -1.709064543247222900e-01 7.124330103397369385e-02 1.123041659593582153e-01 -6.780650019645690918e-01 1.174410134553909302e-01 3.899225592613220215e-01 1.553738564252853394e-01 2.072497904300689697e-01 2.434653937816619873e-01 1.941692978143692017e-01 1.564103960990905762e-01 -1.082551479339599609e-01 5.293829739093780518e-02 -2.833392620086669922e-01 5.532029867172241211e-01 -7.855700850486755371e-01 6.997351050376892090e-01 3.705642223358154297e-01 -1.817239671945571899e-01 -1.161784306168556213e-01 3.183008432388305664e-01 -1.551492512226104736e-02 -9.904934763908386230e-01 2.463016808032989502e-01 8.089539408683776855e-02 4.733379781246185303e-01 5.008245259523391724e-02 -8.532474935054779053e-02 7.187969982624053955e-02 1.917050480842590332e-01 6.297409534454345703e-01 6.711228489875793457e-01 -1.338116079568862915e-01 8.689545094966888428e-03 -4.296283721923828125e-01 4.869764298200607300e-02 -5.181546211242675781e-01 -2.611343562602996826e-01
-4.872079789638519287e-01 7.297858595848083496e-03 -1.125146448612213135e-02 -6.634379178285598755e-02 1.039528697729110718e-01 -8.259514719247817993e-02 1.905518472194671631e-01 -6.163510680198669434e-02 -2.628037929534912109e-01 7.733537554740905762e-01 -9.230014681816101074e-01 2.551474273204803467e-01 -1.365682035684585571e-01 5.388222932815551758e-01 2.538915276527404785e-01 -4.116181135177612305e-01 3.115471303462982178e-01 1.144508570432662964e-01 -3.325934112071990967e-01 1.116096824407577515e-01 5.898004770278930664e-02 -1.516475826501846313e-01 -5.695135593414306641e-01 -1.187026500701904297e-03 2.695279419422149658e-01 -4.506999850273132324e-01 1.168755665421485901e-01 6.794206798076629639e-02 -4.358025491237640381e-01 -2.654808461666107178e-01 3.126485645771026611e-01 9.863746166229248047e-02 7.067096829414367676e-01 8.690312504768371582e-03 -2.654989063739776611e-01 2.991743683815002441e-01 2.290053367614746094e-01 4.639545828104019165e-02 -3.541632890701293945e-01 6.781445443630218506e-02 3.081858158111572266e-02 -1.759144365787506104e-01 6.550167202949523926e-01 1.068549379706382751e-01 2.511473596096038818e-01 4.443750530481338501e-02 6.761948466300964355e-01 -6.480989456176757812e-01 -5.084329247474670410e-01 1.180403083562850952e-01 2.185474634170532227e-01 5.901672840118408203e-01 -4.479241967201232910e-01 -1.048185080289840698e-01 -6.091807782649993896e-02 -2.676181197166442871e-01 5.178737640380859375e-01 5.450462102890014648e-01 2.655824422836303711e-01 9.310782700777053833e-02 -2.438304871320724487e-01 3.022726774215698242e-01 2.416356354951858521e-01 -3.853167220950126648e-02
-5.759570598602294922e-01 -1.078644096851348877e-01 1.124159246683120728e-01 -2.164099514484405518e-01 1.122285574674606323e-01 -9.364148974418640137e-02 2.402400970458984375e-02 1.003057807683944702e-01 -2.092467993497848511e-01 1.095927715301513672e+00 -1.081537127494812012e+00 3.746494054794311523e-01 1.651572138071060181e-01 6.655803918838500977e-01 4.734836518764495850e-01 -3.016862273216247559e-01 4.829622209072113037e-01 8.795678615570068359e-03 -1.931740045547485352e-01 1.755587756633758545e-01 1.311182677745819092e-01 -6.121193990111351013e-02 -6.715818643569946289e-01 -3.299753367900848389e-02 2.852392792701721191e-01 -6.235361099243164062e-01 1.903744935989379883e-01 2.069348245859146118e-01 -4.858231246471405029e-01 -2.707251608371734619e-01 4.780909791588783264e-02 -2.672494947910308838e-02 9.644608497619628906e-01 1.516361236572265625e-01 -6.058462262153625488e-01 2.652362585067749023e-01 1.482001841068267822e-01 3.339495062828063965e-01 -2.793934047222137451e-01 1.832937151193618774e-01 -7.065030187368392944e-02 1.968645751476287842e-01 4.890956282615661621e-01 9.965604543685913086e-02 1.814433038234710693e-01 3.419613242149353027e-01 9.388820528984069824e-01 -8.626329302787780762e-01 -2.957546114921569824e-01 1.047326326370239258e-01 3.514679968357086182e-01 7.046886682510375977e-01 -4.211980104446411133e-01 1.785776019096374512e-02 -2.937272936105728149e-02 -3.829661011695861816e-01 5.448753237724304199e-01 5.865481495857238770e-01 4.687504470348358154e-01 1.815392374992370605e-01 -2.018761783838272095e-01 4.566783308982849121e-01 2.128756344318389893e-01 -2.009819149971008301e-01
-2.044866383075714111e-01 2.408486753702163696e-01 -6.571523845195770264e-03 1.687921583652496338e-03 9.066778421401977539e-02 -1.705730110406875610e-01 2.817360758781433105e-01 -2.220919430255889893e-01 -4.336166679859161377e-01 2.416032552719116211e-01 -6.731893420219421387e-01 -8.787562698125839233e-02 -3.942202925682067871e-01 4.018138945102691650e-01 -9.721374511718750000e-02 -4.877203106880187988e-01 6.127666682004928589e-02 9.161166846752166748e-03 -5.391504168510437012e-01 1.670289635658264160e-01 -9.599905461072921753e-02 -5.495027825236320496e-02 -4.276303201913833618e-02 2.892012000083923340e-01 2.704098224639892578e-01 -5.111113190650939941e-01 -8.044873923063278198e-02 -1.936978101730346680e-01 1.260789930820465088e-01 -3.469509184360504150e-01 3.188837766647338867e-01 4.005441069602966309e-01 2.500775754451751709e-01 1.239011809229850769e-01 1.567075997591018677e-01 1.461998820304870605e-01 3.080733120441436768e-01 -4.274737089872360229e-02 -1.988283097743988037e-01 -4.245569109916687012e-01 3.251565992832183838e-01 -8.345227837562561035e-01 5.771170258522033691e-01 4.759524762630462646e-02 2.040312886238098145e-01 -2.030621021986007690e-01 3.049591183662414551e-01 4.107744991779327393e-02 -8.582671880722045898e-01 2.196480333805084229e-01 7.878580689430236816e-02 3.125014901161193848e-01 -1.831773966550827026e-01 -5.784386396408081055e-02 2.730601429939270020e-01 -7.371789962053298950e-02 5.703571438789367676e-01 8.265179395675659180e-01 -3.365426883101463318e-02 4.770032316446304321e-02 -2.548235356807708740e-01 -1.959303319454193115e-01 -1.663207113742828369e-01 3.190341889858245850e-01
-1.749989390373229980e-01 3.442603349685668945e-01 1.621834933757781982e-02 -7.263173907995223999e-02 1.433248221874237061e-01 -4.732969403266906738e-02 2.391639202833175659e-01 -4.235168099403381348e-01 -5.235411524772644043e-01 -7.016208767890930176e-02 -3.230976462364196777e-01 -1.487564444541931152e-01 -2.601455152034759521e-01 2.007495760917663574e-01 -3.655203580856323242e-01 -9.250552058219909668e-01 -1.770087033510208130e-01 -1.085776686668395996e-01 -4.478083252906799316e-01 4.053960144519805908e-01 -3.395708203315734863e-01 -6.983883678913116455e-03 2.317929267883300781e-01 5.511279106140136719e-01 2.883127331733703613e-01 -2.152008116245269775e-01 -2.904079258441925049e-01 -2.221344560384750366e-01 2.540208995342254639e-01 -4.470190107822418213e-01 2.626984715461730957e-01 4.793800711631774902e-01 -2.709352076053619385e-01 1.424964070320129395e-01 7.386479973793029785e-01 3.186459839344024658e-01 3.270548880100250244e-01 -2.045088410377502441e-01 1.429067999124526978e-01 -5.671744346618652344e-01 6.660553812980651855e-01 -1.331456184387207031e+00 7.436535954475402832e-01 3.820246160030364990e-01 -2.231080979108810425e-01 -4.985382556915283203e-01 -2.182941585779190063e-01 4.302932620048522949e-01 -1.045707106590270996e+00 -1.563834771513938904e-02 -2.220832109451293945e-01 1.118245050311088562e-01 1.595067977905273438e-01 -3.835285305976867676e-01 4.342885315418243408e-02 3.871017992496490479e-01 5.287328362464904785e-01 6.864267587661743164e-01 -3.866907060146331787e-01 2.923469990491867065e-02 -2.729945182800292969e-01 -2.501030862331390381e-01 -5.317277908325195312e-01 1.430840790271759033e-01
-2.030292302370071411e-01 4.000937342643737793e-01 5.941341817378997803e-02 -7.876031845808029175e-02 1.216913610696792603e-01 -9.878309071063995361e-02 1.379804909229278564e-01 -3.493503332138061523e-01 -4.761764407157897949e-01 1.198392510414123535e-01 -4.912876486778259277e-01 -1.099622771143913269e-01 -2.446659952402114868e-01 4.637545049190521240e-01 -1.581461429595947266e-01 -7.996677160263061523e-01 -2.131420932710170746e-02 -1.300859451293945312e-01 -5.523871779441833496e-01 3.598994314670562744e-01 -3.744018077850341797e-01 -7.029756903648376465e-02 1.441478133201599121e-01 5.053677558898925781e-01 1.972487866878509521e-01 -5.018376708030700684e-01 -2.568916976451873779e-01 -1.202825605869293213e-01 2.654503285884857178e-01 -4.463975131511688232e-01 2.163410931825637817e-01 4.404156208038330078e-01 -1.089061889797449112e-02 2.120839953422546387e-01 3.401557505130767822e-01 1.213738992810249329e-01 2.702679932117462158e-01 -1.488260775804519653e-01 1.471915841102600098e-02 -5.155318379402160645e-01 6.382807493209838867e-01 -1.018903493881225586e+00 7.137097120285034180e-01 2.461251467466354370e-01 3.963901102542877197e-02 -2.812989354133605957e-01 8.723901212215423584e-02 2.610722184181213379e-01 -1.080314517021179199e+00 2.191639244556427002e-01 -5.173903703689575195e-02 2.301488965749740601e-01 4.803344979882240295e-02 -5.044376850128173828e-02 1.849401742219924927e-01 1.977089345455169678e-01 6.490048170089721680e-01 8.083836436271667480e-01 -2.678830623626708984e-01 -1.680584996938705444e-02 -3.800506591796875000e-01 -1.556900292634963989e-01 -4.392828941345214844e-01 1.242876648902893066e-01
-2.662108540534973145e-01 2.554659843444824219e-01 1.198078840970993042e-01 -1.748528182506561279e-01 2.274128049612045288e-01 3.681004047393798828e-02 6.796032935380935669e-02 -2.960138320922851562e-01 -4.334962069988250732e-01 3.433134257793426514e-01 -6.942210793495178223e-01 -3.667026013135910034e-02 -9.344813227653503418e-02 5.514211654663085938e-01 5.076536536216735840e-02 -7.656269073486328125e-01 2.265460044145584106e-01 -2.123457640409469604e-01 -4.280161261558532715e-01 5.167469382286071777e-01 -2.263656258583068848e-01 -4.482730105519294739e-02 -2.330297231674194336e-02 5.239695310592651367e-01 1.033310070633888245e-01 -6.752347946166992188e-01 -1.963424384593963623e-01 7.100696861743927002e-02 1.162344664335250854e-01 -5.858476161956787109e-01 1.303949058055877686e-01 3.780382871627807617e-01 2.798850834369659424e-01 2.477328181266784668e-01 9.944275021553039551e-02 1.084867790341377258e-01 1.829007863998413086e-01 -2.893450111150741577e-02 -6.574058532714843750e-02 -3.062763512134552002e-01 4.077869951725006104e-01 -7.587218880653381348e-01 6.623088121414184570e-01 2.658814787864685059e-01 1.880401745438575745e-02 -9.220813214778900146e-02 2.732190787792205811e-01 -1.073332130908966064e-01 -9.082184433937072754e-01 2.632328271865844727e-01 1.367791742086410522e-01 4.879066944122314453e-01 -9.306971728801727295e-02 5.674433708190917969e-02 1.727542430162429810e-01 4.945381730794906616e-02 5.853651165962219238e-01 7.628647089004516602e-01 -5.853323265910148621e-02 5.935727804899215698e-02 -3.721745908260345459e-01 1.091543957591056824e-01 -3.398509621620178223e-01 -1.127218008041381836e-01
-2.392424941062927246e-01 3.388597965240478516e-01 -1.147512719035148621e-02 3.294106572866439819e-02 7.286183536052703857e-02 -2.435053437948226929e-01 3.001212477684020996e-01 -3.772691190242767334e-01 -4.692085981369018555e-01 -8.034987747669219971e-02 -3.567625284194946289e-01 -5.229812115430831909e-02 -4.240753948688507080e-01 2.260459363460540771e-01 -3.024882078170776367e-01 -7.042957544326782227e-01 -2.503578364849090576e-01 1.608326733112335205e-01 -6.175211071968078613e-01 1.413012146949768066e-01 -3.105189502239227295e-01 -1.510078161954879761e-01 1.430408060550689697e-01 2.814231514930725098e-01 3.065806031227111816e-01 -1.871386766433715820e-01 -1.792730689048767090e-01 -2.953052222728729248e-01 1.730205416679382324e-01 -1.937350630760192871e-01 3.611521422863006592e-01 4.135867357254028320e-01 -9.117361903190612793e-02 3.693655133247375488e-02 6.045086383819580078e-01 2.280388921499252319e-01 4.380122125148773193e-01 -3.288495838642120361e-01 -1.731759309768676758e-01 -5.308132767677307129e-01 5.147902965545654297e-01 -1.197322368621826172e+00 7.594321370124816895e-01 1.907267421483993530e-01 4.421781376004219055e-02 -4.945015311241149902e-01 -5.298259481787681580e-02 3.009225726127624512e-01 -9.939503073692321777e-01 7.574555277824401855e-02 -2.734448313713073730e-01 7.431749720126390457e-03 -4.591726511716842651e-02 -3.145667314529418945e-01 6.705002486705780029e-02 2.311123013496398926e-01 5.925023555755615234e-01 6.690927743911743164e-01 -3.083578944206237793e-01 -6.508345901966094971e-02 -3.081551194190979004e-01 -2.630890309810638428e-01 -3.000782728195190430e-01 3.690600097179412842e-01
-2.731351852416992188e-01 2.013405710458755493e-01 -5.705707520246505737e-02 8.456621319055557251e-02 1.249295622110366821e-01 -8.687466382980346680e-02 2.320126295089721680e-01 -2.650918364524841309e-01 -4.222774803638458252e-01 2.897083759307861328e-01 -6.963724493980407715e-01 -9.587723761796951294e-02 -3.466056585311889648e-01 3.956815898418426514e-01 -1.127258241176605225e-01 -5.484539866447448730e-01 3.201834484934806824e-02 -9.254917502403259277e-03 -5.036460161209106445e-01 1.572071909904479980e-01 -8.842600136995315552e-02 -1.173795610666275024e-01 -1.527339220046997070e-01 2.795619666576385498e-01 2.873736619949340820e-01 -4.969585537910461426e-01 -8.028043806552886963e-02 -1.580432206392288208e-01 -1.138099282979965210e-02 -3.530431687831878662e-01 3.691911995410919189e-01 2.934495210647583008e-01 2.672068774700164795e-01 9.643762558698654175e-02 1.285857558250427246e-01 1.406196653842926025e-01 2.515710294246673584e-01 -1.071427017450332642e-01 -1.604686677455902100e-01 -3.613863289356231689e-01 3.631331920623779297e-01 -7.752177715301513672e-01 6.892206668853759766e-01 1.286744177341461182e-01 2.068800628185272217e-01 -2.313583344221115112e-01 2.874776124954223633e-01 -6.316298246383666992e-02 -8.401119709014892578e-01 2.027534544467926025e-01 7.544846832752227783e-02 4.015759825706481934e-01 -1.211740225553512573e-01 -8.242036402225494385e-02 1.950353235006332397e-01 -6.279566138982772827e-02 5.464798212051391602e-01 7.219004034996032715e-01 -6.005858257412910461e-02 -4.848411679267883301e-02 -2.821213901042938232e-01 -3.225024789571762085e-02 -8.355533331632614136e-02 2.279428094625473022e-01
-1.450731754302978516e-01 3.071687817573547363e-01 3.777806460857391357e-02 -1.864656209945678711e-01 2.599440813064575195e-01 5.125573277473449707e-02 7.660197466611862183e-02 -3.694247305393218994e-01 -4.440843164920806885e-01 2.495785504579544067e-01 -5.795125961303710938e-01 -4.218528419733047485e-02 -1.519706696271896362e-01 4.860838949680328369e-01 4.752010107040405273e-02 -9.154789447784423828e-01 1.428825110197067261e-01 -1.805592477321624756e-01 -4.675297737121582031e-01 5.702360868453979492e-01 -4.203153848648071289e-01 -3.283775225281715393e-02 3.716292977333068848e-02 5.884165763854980469e-01 8.721854537725448608e-02 -5.360899567604064941e-01 -2.239473462104797363e-01 2.180826663970947266e-02 8.602824807167053223e-02 -6.331657767295837402e-01 1.531949639320373535e-01 4.226003289222717285e-01 1.576412469148635864e-01 1.857066154479980469e-01 3.007390499114990234e-01 2.214633822441101074e-01 2.295959293842315674e-01 -2.305570542812347412e-01 -2.879903465509414673e-02 -3.047851622104644775e-01 5.656885504722595215e-01 -8.784639239311218262e-01 7.516955137252807617e-01 3.336648941040039062e-01 -1.182374134659767151e-01 -2.391934245824813843e-01 1.817649304866790771e-01 3.555692732334136963e-02 -1.015770673751831055e+00 2.276739180088043213e-01 2.668924629688262939e-02 4.222395420074462891e-01 -1.642698049545288086e-02 -6.487704813480377197e-02 3.594891726970672607e-02 2.698517739772796631e-01 5.950987339019775391e-01 6.417008042335510254e-01 -2.126034498214721680e-01 -3.103729337453842163e-02 -4.251667559146881104e-01 9.814209491014480591e-02 -4.280207455158233643e-01 -1.753748208284378052e-01
-3.739657402038574219e-01 2.701155543327331543e-01 2.893614768981933594e-02 3.534317761659622192e-02 1.589277237653732300e-01 -2.188859693706035614e-02 1.315255016088485718e-01 -2.376379221677780151e-01 -3.801388144493103027e-01 4.167111515998840332e-01 -7.452515959739685059e-01 -2.056867629289627075e-02 -2.009592503309249878e-01 4.856275022029876709e-01 2.949283272027969360e-02 -5.718655586242675781e-01 1.144955158233642578e-01 -5.697855353355407715e-02 -5.539888739585876465e-01 1.679886579513549805e-01 -2.010006308555603027e-01 -5.181159451603889465e-02 -1.397386789321899414e-01 2.812114953994750977e-01 2.701930701732635498e-01 -5.206032395362854004e-01 -5.116845667362213135e-02 -8.469921350479125977e-02 2.083294093608856201e-04 -4.022143185138702393e-01 2.400779128074645996e-01 2.941647171974182129e-01 3.404127657413482666e-01 1.552666723728179932e-01 6.570790708065032959e-02 1.322551816701889038e-01 2.342973053455352783e-01 3.280849196016788483e-03 -1.623158007860183716e-01 -3.254612684249877930e-01 3.299306929111480713e-01 -6.668860316276550293e-01 6.861406564712524414e-01 1.566186249256134033e-01 1.923715174198150635e-01 -1.185097098350524902e-01 3.360832929611206055e-01 -1.480519175529479980e-01 -7.869397401809692383e-01 2.107420265674591064e-01 2.258861064910888672e-02 4.128660261631011963e-01 -2.042135894298553467e-01 -3.315313160419464111e-02 1.700817197561264038e-01 -4.842158406972885132e-02 5.665055513381958008e-01 7.430058121681213379e-01 2.415732666850090027e-02 -6.446011364459991455e-03 -2.991817593574523926e-01 8.191138505935668945e-03 -1.758060157299041748e-01 1.175034791231155396e-01
-1.863867342472076416e-01 3.820618987083435059e-01 7.711994647979736328e-02 -1.861038208007812500e-01 2.288376837968826294e-01 1.044369675219058990e-02 1.922082304954528809e-01 -4.174353778362274170e-01 -5.676773190498352051e-01 5.155550688505172729e-02 -3.862206339836120605e-01 -8.457227796316146851e-02 -1.561879962682723999e-01 3.214447796344757080e-01 -2.454623579978942871e-01 -1.044023633003234863e+00 -2.533741667866706848e-02 -2.240565866231918335e-01 -3.720684349536895752e-01 5.317380428314208984e-01 -4.121235609054565430e-01 1.052276790142059326e-02 2.097618579864501953e-01 6.595938801765441895e-01 2.460252940654754639e-01 -2.773589193820953369e-01 -2.713817656040191650e-01 -1.235883831977844238e-01 2.612900137901306152e-01 -6.152213215827941895e-01 2.412068545818328857e-01 4.666579961776733398e-01 -1.992654204368591309e-01 1.348857879638671875e-01 6.510497331619262695e-01 3.421991467475891113e-01 2.530097663402557373e-01 -1.695385128259658813e-01 1.578458994626998901e-01 -4.785185456275939941e-01 7.042348980903625488e-01 -1.163272619247436523e+00 7.379987239837646484e-01 4.862602353096008301e-01 -2.972557246685028076e-01 -4.186966419219970703e-01 -5.660682544112205505e-02 2.514410614967346191e-01 -1.055025577545166016e+00 3.912952914834022522e-02 -1.227400526404380798e-01 2.148969620466232300e-01 1.003990173339843750e-01 -4.203750491142272949e-01 -6.921082735061645508e-03 4.057417213916778564e-01 5.349006056785583496e-01 6.154901385307312012e-01 -3.403558135032653809e-01 4.240111261606216431e-02 -3.438279628753662109e-01 -1.833871901035308838e-01 -6.281610727310180664e-01 -1.201963424682617188e-01
-5.936248898506164551e-01 -1.116272434592247009e-01 1.017593145370483398e-01 -1.027281805872917175e-01 9.044557809829711914e-03 -2.041191309690475464e-01 1.163057014346122742e-01 1.177756935358047485e-01 -2.475478947162628174e-01 1.010508418083190918e+00 -1.014484405517578125e+00 3.189799189567565918e-01 5.014764890074729919e-02 5.928922891616821289e-01 3.339835405349731445e-01 -1.924784928560256958e-01 3.986431658267974854e-01 9.992924332618713379e-02 -2.216628193855285645e-01 -3.533767163753509521e-02 2.697125673294067383e-01 -9.619984030723571777e-02 -6.845017671585083008e-01 -1.503735780715942383e-01 3.668174743652343750e-01 -5.665878057479858398e-01 2.096039056777954102e-01 1.167090684175491333e-01 -4.721171557903289795e-01 -9.112761169672012329e-02 1.588923782110214233e-01 -2.916017174720764160e-02 9.388403892517089844e-01 6.075472384691238403e-02 -5.680497288703918457e-01 2.627743184566497803e-01 1.426433026790618896e-01 3.748774528503417969e-01 -3.769549131393432617e-01 1.837085932493209839e-01 -1.519358754158020020e-01 1.517801284790039062e-01 4.446980953216552734e-01 -4.293878376483917236e-02 3.101385235786437988e-01 2.504222393035888672e-01 9.437668323516845703e-01 -8.454080224037170410e-01 -3.218491673469543457e-01 1.271153092384338379e-01 3.766156733036041260e-01 5.745693445205688477e-01 -4.500831961631774902e-01 -3.523558378219604492e-02 8.374670147895812988e-02 -4.705699086189270020e-01 5.050917863845825195e-01 6.274598240852355957e-01 4.695611298084259033e-01 2.226256132125854492e-01 -1.145592927932739258e-01 2.862559556961059570e-01 3.202322125434875488e-01 -6.390996277332305908e-04
-7.385409623384475708e-02 3.482049107551574707e-01 2.491667866706848145e-02 -1.035993397235870361e-01 1.352340877056121826e-01 -1.121496558189392090e-01 2.410168200731277466e-01 -3.809895217418670654e-01 -4.962445199489593506e-01 -6.920120120048522949e-02 -3.833979964256286621e-01 -1.706054806709289551e-01 -3.041161596775054932e-01 2.741796672344207764e-01 -2.827970981597900391e-01 -8.590216040611267090e-01 -1.235391870141029358e-01 -4.996164888143539429e-02 -4.769295454025268555e-01 3.864916563034057617e-01 -2.974354028701782227e-01 -3.986110165715217590e-02 2.114887833595275879e-01 4.982831478118896484e-01 2.313784658908843994e-01 -3.393734991550445557e-01 -2.560125887393951416e-01 -2.209882289171218872e-01 2.760629355907440186e-01 -4.357986450195312500e-01 2.580373883247375488e-01 5.031228065490722656e-01 -1.769738793373107910e-01 1.620377600193023682e-01 5.778113007545471191e-01 2.479972690343856812e-01 3.188633024692535400e-01 -2.251681387424468994e-01 7.216821610927581787e-02 -5.417398214340209961e-01 6.120857000350952148e-01 -1.200477123260498047e+00 6.674793362617492676e-01 2.442304342985153198e-01 -1.163416504859924316e-01 -4.505118727684020996e-01 -1.027593612670898438e-01 3.662343621253967285e-01 -1.079151749610900879e+00 1.096820235252380371e-01 -1.388849318027496338e-01 1.350141167640686035e-01 5.049318820238113403e-02 -2.220175415277481079e-01 1.648609489202499390e-01 3.190385103225708008e-01 5.417065024375915527e-01 7.422002553939819336e-01 -3.263863027095794678e-01 2.651035040616989136e-02 -3.148436546325683594e-01 -2.493466734886169434e-01 -4.662204086780548096e-01 2.082406431436538696e-01
-2.879182994365692139e-01 3.907322287559509277e-01 1.711900532245635986e-02 -7.247753441333770752e-02 1.648279130458831787e-01 1.003992371261119843e-02 1.477283984422683716e-01 -4.776954054832458496e-01 -5.502956509590148926e-01 3.533103317022323608e-02 -2.738050222396850586e-01 -4.569423943758010864e-02 -1.857365965843200684e-01 2.937871813774108887e-01 -2.520638406276702881e-01 -1.038617372512817383e+00 -1.428943127393722534e-01 -1.051766276359558105e-01 -4.532463550567626953e-01 4.237024486064910889e-01 -5.367273688316345215e-01 -7.107810676097869873e-02 1.835124790668487549e-01 5.703871846199035645e-01 2.579227685928344727e-01 -2.060474455356597900e-01 -2.929248511791229248e-01 -1.288731247186660767e-01 1.071624904870986938e-01 -4.714888036251068115e-01 2.811039090156555176e-01 3.742079734802246094e-01 -2.357116937637329102e-01 1.468709409236907959e-01 7.071769237518310547e-01 3.126458823680877686e-01 3.044049739837646484e-01 -2.819945216178894043e-01 1.686697751283645630e-01 -4.613989293575286865e-01 7.544879913330078125e-01 -1.181502938270568848e+00 8.501851558685302734e-01 5.540212392807006836e-01 -2.532719969749450684e-01 -4.296189546585083008e-01 -1.549437195062637329e-01 2.380294054746627808e-01 -9.811362028121948242e-01 5.307558923959732056e-03 -2.579390108585357666e-01 2.098427116870880127e-01 1.942583769559860229e-01 -4.701760411262512207e-01 -1.105962842702865601e-01 4.517864584922790527e-01 5.855486989021301270e-01 5.477570891380310059e-01 -3.446047604084014893e-01 -2.469292283058166504e-02 -4.488558173179626465e-01 -8.356983959674835205e-02 -5.621219873428344727e-01 -7.439474761486053467e-02
-2.123194932937622070e-01 4.032223224639892578e-01 1.023194491863250732e-01 -2.707374393939971924e-01 2.146433740854263306e-01 3.658883273601531982e-02 5.477400869131088257e-02 -4.036652743816375732e-01 -5.397857427597045898e-01 2.154628038406372070e-01 -4.892961978912353516e-01 -5.130693316459655762e-03 -2.658831700682640076e-02 5.056535005569458008e-01 -6.849576532840728760e-02 -1.053834319114685059e+00 1.386743038892745972e-01 -2.753252685070037842e-01 -3.876906633377075195e-01 6.910842657089233398e-01 -5.173826217651367188e-01 4.501614719629287720e-03 1.807399392127990723e-01 7.518240809440612793e-01 1.257633715867996216e-01 -4.904274940490722656e-01 -3.243789970874786377e-01 4.896469414234161377e-02 2.320467531681060791e-01 -7.133902907371520996e-01 8.984901010990142822e-02 4.321334958076477051e-01 -1.091437134891748428e-02 2.325669527053833008e-01 4.171070456504821777e-01 2.097880095243453979e-01 1.495495438575744629e-01 -1.270318776369094849e-01 9.716515243053436279e-02 -3.541867733001708984e-01 6.759408116340637207e-01 -1.038131237030029297e+00 7.334784865379333496e-01 4.514899849891662598e-01 -2.439652532339096069e-01 -2.386976927518844604e-01 9.183493256568908691e-02 1.426719874143600464e-01 -1.094979882240295410e+00 2.048968970775604248e-01 2.290435135364532471e-03 3.542397022247314453e-01 1.059151738882064819e-01 -1.670729219913482666e-01 1.654867827892303467e-02 3.647247254848480225e-01 6.135212779045104980e-01 6.806684732437133789e-01 -2.721572816371917725e-01 1.724200695753097534e-02 -4.440714120864868164e-01 -5.856029689311981201e-02 -6.555336713790893555e-01 -2.837997674942016602e-01
-4.525474086403846741e-02 3.549076318740844727e-01 -2.392545342445373535e-03 -2.263837456703186035e-01 1.532708108425140381e-01 -9.169244021177291870e-02 1.965755522251129150e-01 -3.815207481384277344e-01 -5.590925812721252441e-01 -4.033546149730682373e-02 -3.624550700187683105e-01 -1.569204926490783691e-01 -2.743270099163055420e-01 3.815640211105346680e-01 -1.940457820892333984e-01 -9.772033691406250000e-01 -4.544516652822494507e-02 -1.213997825980186462e-01 -3.609123528003692627e-01 5.442297458648681641e-01 -3.872161209583282471e-01 3.242909535765647888e-02 2.342121601104736328e-01 6.317025423049926758e-01 1.678031086921691895e-01 -4.323210716247558594e-01 -2.859262526035308838e-01 -1.044925898313522339e-01 2.388918399810791016e-01 -5.399070978164672852e-01 1.829174309968948364e-01 4.741058945655822754e-01 -6.776006519794464111e-02 1.541148424148559570e-01 5.381421446800231934e-01 2.361271381378173828e-01 2.800064384937286377e-01 -2.643385231494903564e-01 1.261595934629440308e-01 -4.447543621063232422e-01 7.167587876319885254e-01 -1.150236725807189941e+00 6.378166079521179199e-01 3.014444708824157715e-01 -2.675670683383941650e-01 -3.663452267646789551e-01 -1.176084950566291809e-02 3.682146072387695312e-01 -1.051444172859191895e+00 1.120796799659729004e-01 -1.628182083368301392e-02 1.834065467119216919e-01 1.543058156967163086e-01 -2.436748743057250977e-01 1.122961193323135376e-01 3.577373921871185303e-01 6.072279214859008789e-01 7.737167477607727051e-01 -3.596021234989166260e-01 8.339511603116989136e-02 -4.197149872779846191e-01 -2.918847203254699707e-01 -5.764560103416442871e-01 2.217995002865791321e-02
-3.058385252952575684e-01 3.315706849098205566e-01 1.682699471712112427e-02 -2.550289779901504517e-02 1.827571541070938110e-01 -4.000377655029296875e-02 1.763939857482910156e-01 -2.752003371715545654e-01 -4.482257962226867676e-01 2.721956372261047363e-01 -6.599469184875488281e-01 -2.730918675661087036e-02 -1.768150031566619873e-01 4.058120548725128174e-01 -5.704568326473236084e-02 -6.981896758079528809e-01 2.782833017408847809e-02 -1.248360648751258850e-01 -5.319732427597045898e-01 2.975429296493530273e-01 -2.314494550228118896e-01 -6.555460393428802490e-02 -6.940782070159912109e-03 4.132780134677886963e-01 2.132209241390228271e-01 -4.890651106834411621e-01 -1.349279284477233887e-01 -9.344322979450225830e-02 1.212165802717208862e-01 -4.978837072849273682e-01 2.247084975242614746e-01 3.200964927673339844e-01 2.694481611251831055e-01 1.351045370101928711e-01 2.484623193740844727e-01 1.157217174768447876e-01 2.271620929241180420e-01 -8.080230653285980225e-02 -1.658671349287033081e-01 -3.665754199028015137e-01 3.928840160369873047e-01 -8.173468112945556641e-01 6.919046044349670410e-01 2.082181870937347412e-01 7.480985671281814575e-02 -2.593735754489898682e-01 2.236640453338623047e-01 -2.219828963279724121e-02 -9.192263484001159668e-01 2.056507766246795654e-01 2.156026661396026611e-03 3.562585115432739258e-01 -1.102856248617172241e-01 -8.788441121578216553e-02 1.485771238803863525e-01 7.878758758306503296e-02 5.868087410926818848e-01 7.214145064353942871e-01 -1.128034740686416626e-01 -3.447194397449493408e-02 -3.715347051620483398e-01 -2.029446512460708618e-02 -2.805789113044738770e-01 4.277827590703964233e-02
-1.730948835611343384e-01 3.977907896041870117e-01 9.173877537250518799e-03 -3.485527634620666504e-02 1.637763231992721558e-01 -1.140115112066268921e-01 2.433379292488098145e-01 -3.706973791122436523e-01 -4.578272402286529541e-01 -8.703917264938354492e-03 -3.849593997001647949e-01 -1.206727400422096252e-01 -2.811365425586700439e-01 2.846196591854095459e-01 -2.872613072395324707e-01 -8.497257232666015625e-01 -9.773826599121093750e-02 -5.228459835052490234e-02 -5.650433897972106934e-01 3.085592389106750488e-01 -3.232863843441009521e-01 -5.325553193688392639e-02 2.061284780502319336e-01 4.585476517677307129e-01 3.048762083053588867e-01 -2.945336103439331055e-01 -2.170239388942718506e-01 -2.011977136135101318e-01 2.009469419717788696e-01 -4.506390988826751709e-01 2.919439077377319336e-01 4.236772656440734863e-01 -1.325209885835647583e-01 1.525730490684509277e-01 5.808877944946289062e-01 2.382976412773132324e-01 3.270897567272186279e-01 -2.120038419961929321e-01 9.699873626232147217e-03 -5.105277299880981445e-01 6.143221855163574219e-01 -1.166628241539001465e+00 7.199754118919372559e-01 3.296923637390136719e-01 -5.997705087065696716e-02 -4.124010801315307617e-01 -9.858515858650207520e-02 2.900582551956176758e-01 -9.985982775688171387e-01 9.230747818946838379e-02 -2.207956612110137939e-01 1.631491184234619141e-01 7.485160976648330688e-02 -2.978603839874267578e-01 9.688870608806610107e-02 2.883677482604980469e-01 6.024934649467468262e-01 7.124066352844238281e-01 -2.843386828899383545e-01 -2.138908952474594116e-02 -3.763728141784667969e-01 -1.902727186679840088e-01 -4.829114973545074463e-01 1.886005252599716187e-01
-5.586779117584228516e-01 -3.798080980777740479e-02 4.464930295944213867e-02 -3.503546863794326782e-02 9.503918886184692383e-02 -1.340754181146621704e-01 1.186898648738861084e-01 2.117407321929931641e-02 -2.449305951595306396e-01 9.125252366065979004e-01 -9.997825026512145996e-01 2.773214280605316162e-01 -3.637554123997688293e-02 5.992529392242431641e-01 3.134552836418151855e-01 -3.086194694042205811e-01 3.521977365016937256e-01 1.509530246257781982e-01 -3.130327463150024414e-01 8.774860762059688568e-03 1.312982738018035889e-01 -1.182739138603210449e-01 -6.385168433189392090e-01 -1.161125600337982178e-01 3.334256410598754883e-01 -5.080463886260986328e-01 1.746302247047424316e-01 8.202768862247467041e-02 -5.039827823638916016e-01 -1.465521156787872314e-01 2.220380455255508423e-01 4.092154651880264282e-02 8.939129710197448730e-01 5.192536115646362305e-02 -4.382698833942413330e-01 2.639978528022766113e-01 2.223063707351684570e-01 1.915413886308670044e-01 -3.767818808555603027e-01 9.868045151233673096e-02 -4.029677063226699829e-02 -5.388468503952026367e-03 5.487492084503173828e-01 -1.681253314018249512e-03 2.845769226551055908e-01 1.648954451084136963e-01 7.872260808944702148e-01 -7.541543245315551758e-01 -3.604362607002258301e-01 1.265058070421218872e-01 2.746662497520446777e-01 5.696377158164978027e-01 -4.606309533119201660e-01 -4.248288273811340332e-02 -1.354406028985977173e-02 -3.431925773620605469e-01 5.042074322700500488e-01 5.909153819084167480e-01 3.547521829605102539e-01 1.473526954650878906e-01 -1.816357821226119995e-01 3.030272722244262695e-01 2.828644812107086182e-01 4.197966307401657104e-03
-4.276117384433746338e-01 -6.671127676963806152e-02 1.086787134408950806e-02 -8.379267901182174683e-02 3.554949164390563965e-02 -1.579274982213973999e-01 2.323208153247833252e-01 4.640541970729827881e-02 -2.495075464248657227e-01 7.542458176612854004e-01 -9.700050950050354004e-01 2.103164494037628174e-01 -1.575609296560287476e-01 4.780025184154510498e-01 2.216507345438003540e-01 -2.993287146091461182e-01 2.944854795932769775e-01 1.443056911230087280e-01 -2.814876437187194824e-01 2.579366043210029602e-02 2.100948691368103027e-01 -1.190415620803833008e-01 -5.601244568824768066e-01 -6.355360150337219238e-02 2.897489070892333984e-01 -4.620456099510192871e-01 1.571095585823059082e-01 2.853946387767791748e-02 -3.755942881107330322e-01 -2.094058692455291748e-01 2.506725490093231201e-01 1.072006300091743469e-01 7.270802855491638184e-01 3.800625354051589966e-02 -3.082412183284759521e-01 2.725771069526672363e-01 2.246479988098144531e-01 1.773782223463058472e-01 -3.352662026882171631e-01 1.357618719339370728e-03 -8.969649672508239746e-02 -1.174263730645179749e-01 5.138049125671386719e-01 -1.448430120944976807e-02 2.572855651378631592e-01 8.725526928901672363e-02 7.255403399467468262e-01 -6.353952884674072266e-01 -4.745824337005615234e-01 1.360173672437667847e-01 2.376250028610229492e-01 5.592753887176513672e-01 -4.912402629852294922e-01 -4.340583086013793945e-02 1.183600574731826782e-01 -3.536312580108642578e-01 4.643324017524719238e-01 6.411055326461791992e-01 3.394232988357543945e-01 1.873260736465454102e-01 -1.385328471660614014e-01 1.809557080268859863e-01 2.997990846633911133e-01 1.046437621116638184e-01
-5.287770032882690430e-01 -2.350046783685684204e-01 1.041678935289382935e-01 -1.950479745864868164e-01 5.314153432846069336e-02 -1.066739857196807861e-01 1.641509979963302612e-01 1.435914039611816406e-01 -1.570544838905334473e-01 1.047090053558349609e+00 -1.047485709190368652e+00 3.227595090866088867e-01 5.744952335953712463e-02 5.847686529159545898e-01 3.999245762825012207e-01 -2.420330047607421875e-01 5.562614202499389648e-01 1.667571365833282471e-01 -1.109489202499389648e-01 -1.286401506513357162e-02 3.965204358100891113e-01 -5.216086283326148987e-02 -7.988818883895874023e-01 -1.730147898197174072e-01 2.378285527229309082e-01 -4.767271280288696289e-01 2.486023008823394775e-01 2.092380076646804810e-01 -6.567559242248535156e-01 -1.152950301766395569e-01 1.674683839082717896e-01 -3.739909827709197998e-02 9.739834666252136230e-01 -5.704367160797119141e-02 -6.318263411521911621e-01 3.776080012321472168e-01 1.761996448040008545e-01 2.574897706508636475e-01 -4.056885838508605957e-01 3.395955264568328857e-01 -1.896716952323913574e-01 2.480659186840057373e-01 3.699679970741271973e-01 -5.192981660366058350e-02 2.172418683767318726e-01 2.261068075895309448e-01 9.578008651733398438e-01 -1.013896226882934570e+00 -2.564079761505126953e-01 1.501822099089622498e-02 3.942357301712036133e-01 6.157854199409484863e-01 -5.951721668243408203e-01 -7.010604441165924072e-02 -4.328234493732452393e-02 -4.560844302177429199e-01 3.692137300968170166e-01 4.757069647312164307e-01 4.591460227966308594e-01 2.278945744037628174e-01 -7.339797914028167725e-02 4.167762994766235352e-01 4.789859354496002197e-01 -1.240329295396804810e-01
-3.171414732933044434e-01 8.901983499526977539e-03 -3.033022582530975342e-02 -1.969271153211593628e-02 3.120082616806030273e-02 -2.091648876667022705e-01 3.411212265491485596e-01 -2.766057848930358887e-03 -2.758831977844238281e-01 5.950129032135009766e-01 -8.646759390830993652e-01 1.190003082156181335e-01 -3.389194309711456299e-01 4.289532601833343506e-01 1.320272386074066162e-01 -3.083851933479309082e-01 2.533073127269744873e-01 2.175164222717285156e-01 -3.779277503490447998e-01 -3.750647418200969696e-03 1.923604905605316162e-01 -1.225115507841110229e-01 -4.476970434188842773e-01 -3.466220945119857788e-02 2.580127418041229248e-01 -4.032699465751647949e-01 1.277503967285156250e-01 -4.857130348682403564e-02 -3.188110888004302979e-01 -1.921461522579193115e-01 3.828254044055938721e-01 2.058503180742263794e-01 6.208581328392028809e-01 -4.697307944297790527e-03 -1.486370265483856201e-01 2.660892605781555176e-01 2.938877046108245850e-01 6.867858767509460449e-02 -3.966746330261230469e-01 -6.682093441486358643e-02 -3.429663181304931641e-02 -2.969453632831573486e-01 5.069666504859924316e-01 -7.673962414264678955e-02 2.910869419574737549e-01 -3.526214510202407837e-02 6.329035758972167969e-01 -4.876242876052856445e-01 -5.561261773109436035e-01 1.543694138526916504e-01 2.095945477485656738e-01 4.866012930870056152e-01 -4.883022308349609375e-01 -9.138864278793334961e-02 1.413551717996597290e-01 -3.190183043479919434e-01 4.513735771179199219e-01 6.546034216880798340e-01 2.470102310180664062e-01 1.956066191196441650e-01 -1.649016588926315308e-01 3.784277290105819702e-02 2.723493576049804688e-01 2.243724018335342407e-01
-2.278242409229278564e-01 2.158638983964920044e-01 4.758660495281219482e-02 -1.494903862476348877e-01 1.078802198171615601e-01 -1.417599767446517944e-01 1.761288642883300781e-01 -1.675364077091217041e-01 -4.114652872085571289e-01 4.780291318893432617e-01 -7.943655848503112793e-01 2.544728666543960571e-02 -1.572858393192291260e-01 5.167104005813598633e-01 9.676644951105117798e-02 -5.572848916053771973e-01 2.117116004228591919e-01 -1.014740318059921265e-01 -4.735441207885742188e-01 3.362580835819244385e-01 -1.378856301307678223e-01 -3.889515623450279236e-02 -1.522834599018096924e-01 3.411792516708374023e-01 1.901518255472183228e-01 -5.875909328460693359e-01 -4.733640700578689575e-02 -7.538644969463348389e-02 5.439626052975654602e-02 -4.802552759647369385e-01 1.808060258626937866e-01 2.966370880603790283e-01 4.019189774990081787e-01 2.074605822563171387e-01 1.256219297647476196e-02 1.600410044193267822e-01 2.029885649681091309e-01 4.693233966827392578e-02 -1.278487592935562134e-01 -2.925152778625488281e-01 3.502826690673828125e-01 -5.959726572036743164e-01 6.103787422180175781e-01 1.650730371475219727e-01 1.062695160508155823e-01 -1.021571159362792969e-01 4.635891616344451904e-01 -1.461310833692550659e-01 -8.341209292411804199e-01 1.907377243041992188e-01 1.653912663459777832e-01 5.225993394851684570e-01 -1.664426177740097046e-01 -7.550738751888275146e-03 1.487805247306823730e-01 -7.146541029214859009e-02 5.952564477920532227e-01 7.327349185943603516e-01 5.120966210961341858e-02 5.726986378431320190e-02 -3.217490911483764648e-01 4.746577888727188110e-02 -2.113092988729476929e-01 7.396639883518218994e-02
-1.631594598293304443e-01 1.054449081420898438e-01 -6.640255451202392578e-02 -3.798227757215499878e-02 9.402130544185638428e-02 -9.337553381919860840e-02 3.782353401184082031e-01 -2.058630734682083130e-01 -3.844633996486663818e-01 1.929941624402999878e-01 -6.131039857864379883e-01 -4.765101522207260132e-02 -5.363172888755798340e-01 2.790535986423492432e-01 -1.048500388860702515e-01 -5.601632595062255859e-01 9.935093671083450317e-02 9.860742092132568359e-02 -4.928606152534484863e-01 8.331065624952316284e-02 -6.163627654314041138e-02 -1.196327656507492065e-01 -1.334015429019927979e-01 2.890976667404174805e-01 1.539576798677444458e-01 -3.705183565616607666e-01 -6.628417223691940308e-02 -1.195122897624969482e-01 -5.428237840533256531e-02 -3.460914194583892822e-01 4.038194417953491211e-01 3.798654079437255859e-01 1.646144241094589233e-01 -3.180617839097976685e-02 2.612048387527465820e-01 2.588740885257720947e-01 3.430461883544921875e-01 -2.197737991809844971e-01 -2.563134133815765381e-01 -2.573089599609375000e-01 2.528330385684967041e-01 -7.831109762191772461e-01 6.394609808921813965e-01 1.344236433506011963e-01 1.468962430953979492e-01 -2.687346339225769043e-01 3.623096346855163574e-01 -8.485329151153564453e-02 -9.155926704406738281e-01 1.628219783306121826e-01 3.715123236179351807e-02 3.662864267826080322e-01 -2.862898707389831543e-01 -1.758971214294433594e-01 2.122613042593002319e-01 -8.945407718420028687e-02 5.069721937179565430e-01 6.618242859840393066e-01 -2.546358108520507812e-02 4.042009264230728149e-02 -2.477553933858871460e-01 -8.982148766517639160e-02 3.216848894953727722e-02 1.897037327289581299e-01
-5.218025445938110352e-01 3.099261224269866943e-02 3.166846930980682373e-03 -3.726363927125930786e-02 1.394303143024444580e-02 -1.742491126060485840e-01 1.648396253585815430e-01 -2.161557972431182861e-02 -2.620268166065216064e-01 7.480804920196533203e-01 -9.046516418457031250e-01 2.117972671985626221e-01 -1.786258667707443237e-01 5.353525876998901367e-01 2.283448725938796997e-01 -2.591874897480010986e-01 2.082622200250625610e-01 9.189558029174804688e-02 -4.290481805801391602e-01 -5.905462428927421570e-02 3.796763718128204346e-02 -1.464503258466720581e-01 -4.415796399116516113e-01 -5.662900209426879883e-02 3.287790119647979736e-01 -4.881178140640258789e-01 1.690727770328521729e-01 3.436733782291412354e-02 -3.116929233074188232e-01 -1.832606196403503418e-01 2.315904498100280762e-01 9.102091193199157715e-02 7.198275327682495117e-01 3.487389534711837769e-02 -2.862071692943572998e-01 2.290177345275878906e-01 2.239986360073089600e-01 1.230501383543014526e-01 -3.713083863258361816e-01 -5.880175158381462097e-02 -1.749469339847564697e-02 -1.464388519525527954e-01 5.869221091270446777e-01 2.528707683086395264e-02 3.380225300788879395e-01 1.110747307538986206e-01 7.219499945640563965e-01 -6.012487411499023438e-01 -5.035238862037658691e-01 2.018815577030181885e-01 1.770274639129638672e-01 5.121672153472900391e-01 -3.809466361999511719e-01 -2.574652433395385742e-02 9.235076606273651123e-02 -3.646356165409088135e-01 6.062278151512145996e-01 6.771839857101440430e-01 2.958578765392303467e-01 1.061412617564201355e-01 -2.192058116197586060e-01 1.312578022480010986e-01 2.082874774932861328e-01 1.457045823335647583e-01
-3.791910707950592041e-01 4.989790916442871094e-02 4.587918519973754883e-02 -2.829824984073638916e-01 1.527432352304458618e-01 -4.871036112308502197e-02 1.188947334885597229e-01 -2.109940350055694580e-02 -2.884918749332427979e-01 8.369001150131225586e-01 -9.465329051017761230e-01 2.713553011417388916e-01 -1.441490277647972107e-02 6.550720930099487305e-01 3.697545230388641357e-01 -5.259757637977600098e-01 4.448250234127044678e-01 -1.838798075914382935e-02 -3.265803754329681396e-01 2.267990410327911377e-01 -8.376500755548477173e-02 -4.903253540396690369e-02 -4.733090400695800781e-01 1.833497285842895508e-01 1.509215384721755981e-01 -5.869326591491699219e-01 1.409033536911010742e-01 1.493795663118362427e-01 -3.842156231403350830e-01 -4.319864511489868164e-01 9.796784818172454834e-02 1.218597143888473511e-01 7.931932806968688965e-01 8.195220679044723511e-02 -3.483706414699554443e-01 3.025438785552978516e-01 1.842151880264282227e-01 2.200180292129516602e-02 -2.555857300758361816e-01 1.158507466316223145e-01 1.644042730331420898e-01 -6.009737029671669006e-02 5.311668515205383301e-01 1.986452043056488037e-01 1.053462252020835876e-01 1.167638003826141357e-01 8.063413500785827637e-01 -6.707268953323364258e-01 -5.343181490898132324e-01 1.252111345529556274e-01 3.044162988662719727e-01 6.658957600593566895e-01 -3.976076841354370117e-01 -3.757540881633758545e-02 -9.787197411060333252e-02 -1.915377974510192871e-01 5.800303220748901367e-01 5.324508547782897949e-01 2.951734960079193115e-01 5.609036237001419067e-02 -3.645787835121154785e-01 3.483665585517883301e-01 4.655012860894203186e-02 -2.189206331968307495e-01
-4.228348135948181152e-01 -1.117997169494628906e-01 -1.317597925662994385e-03 -5.679977685213088989e-02 3.881610929965972900e-02 -2.395616620779037476e-01 3.086176216602325439e-01 8.007091283798217773e-02 -2.600495219230651855e-01 7.701367139816284180e-01 -9.698825478553771973e-01 2.315260469913482666e-01 -2.107890099287033081e-01 4.578786194324493408e-01 2.161155641078948975e-01 -1.935007721185684204e-01 3.045542240142822266e-01 2.730693817138671875e-01 -2.584522068500518799e-01 -8.393752574920654297e-02 3.103780448436737061e-01 -1.309084445238113403e-01 -5.852479934692382812e-01 -1.702868640422821045e-01 3.338446617126464844e-01 -4.393372535705566406e-01 2.031540572643280029e-01 -6.027117371559143066e-03 -4.449285566806793213e-01 -8.763016015291213989e-02 3.384087383747100830e-01 1.161473840475082397e-01 7.996822595596313477e-01 -2.510689944028854370e-02 -3.551428020000457764e-01 2.978997826576232910e-01 2.986032366752624512e-01 1.677011400461196899e-01 -4.350812435150146484e-01 4.991576448082923889e-02 -1.585910916328430176e-01 -7.128379493951797485e-02 4.204478561878204346e-01 -1.359398812055587769e-01 2.899241745471954346e-01 5.213309824466705322e-02 7.794684171676635742e-01 -7.029265761375427246e-01 -3.637176454067230225e-01 1.045270711183547974e-01 3.045802414417266846e-01 5.078415870666503906e-01 -5.738078355789184570e-01 -1.307190060615539551e-01 7.586371898651123047e-02 -3.959154486656188965e-01 4.392307698726654053e-01 6.130906343460083008e-01 3.679221570491790771e-01 1.991944313049316406e-01 -1.109699308872222900e-01 1.597519218921661377e-01 4.232320785522460938e-01 1.741727441549301147e-01
-4.185626506805419922e-01 -6.300143152475357056e-02 6.610454618930816650e-02 -7.416927069425582886e-02 9.694498777389526367e-02 -2.513229250907897949e-01 2.277803122997283936e-01 2.559378743171691895e-02 -2.969092428684234619e-01 7.989916205406188965e-01 -9.688678383827209473e-01 1.647155582904815674e-01 -1.587729007005691528e-01 5.636130571365356445e-01 2.308320701122283936e-01 -2.363819926977157593e-01 3.327940106391906738e-01 1.720993518829345703e-01 -3.205462098121643066e-01 2.836595103144645691e-02 2.217368483543395996e-01 -7.661823928356170654e-02 -5.150754451751708984e-01 -5.721293389797210693e-02 2.765689492225646973e-01 -5.421611070632934570e-01 1.855152249336242676e-01 1.406979560852050781e-02 -3.258475661277770996e-01 -1.103014126420021057e-01 2.711948454380035400e-01 1.235401555895805359e-01 8.048771023750305176e-01 4.651246964931488037e-02 -3.993522226810455322e-01 2.116252928972244263e-01 2.677671909332275391e-01 1.964391022920608521e-01 -3.850093483924865723e-01 -2.355514094233512878e-02 -1.513756811618804932e-03 -1.336098015308380127e-01 4.083790779113769531e-01 -1.200747936964035034e-01 2.335742115974426270e-01 9.831176698207855225e-02 7.994793057441711426e-01 -6.073710322380065918e-01 -4.516229629516601562e-01 1.162726879119873047e-01 3.510876595973968506e-01 5.147395133972167969e-01 -4.540111422538757324e-01 -3.693163394927978516e-02 8.079290390014648438e-02 -3.830310106277465820e-01 4.961314201354980469e-01 6.773636341094970703e-01 3.057319223880767822e-01 2.082732915878295898e-01 -1.378867030143737793e-01 1.251003444194793701e-01 2.558554410934448242e-01 1.351024508476257324e-01
-2.906080484390258789e-01 -1.249645650386810303e-01 -1.992285251617431641e-02 -6.655151396989822388e-02 7.191345095634460449e-03 -2.953060567378997803e-01 3.845938742160797119e-01 7.019568979740142822e-02 -3.559723198413848877e-01 6.079864501953125000e-01 -8.728166818618774414e-01 1.105517894029617310e-01 -3.912318646907806396e-01 4.344544708728790283e-01 1.777939498424530029e-01 -2.349398583173751831e-01 3.027434051036834717e-01 2.552879750728607178e-01 -2.739241421222686768e-01 -5.883038416504859924e-02 2.847734093666076660e-01 -7.948152720928192139e-02 -4.591754078865051270e-01 -6.573678553104400635e-02 2.077547013759613037e-01 -4.471175074577331543e-01 1.582734882831573486e-01 -3.047417104244232178e-02 -3.137367665767669678e-01 -1.099989488720893860e-01 3.816748857498168945e-01 1.794091910123825073e-01 7.114220261573791504e-01 -8.476833254098892212e-02 -2.322594225406646729e-01 2.251269519329071045e-01 3.087044656276702881e-01 7.417466491460800171e-02 -4.369875192642211914e-01 -3.485907986760139465e-02 -3.433988243341445923e-02 -2.105724215507507324e-01 3.811665773391723633e-01 -1.636189669370651245e-01 2.175980061292648315e-01 -1.872055605053901672e-02 7.903559207916259766e-01 -5.475941896438598633e-01 -4.761106371879577637e-01 1.102237254381179810e-01 3.412614762783050537e-01 4.591948390007019043e-01 -5.072007775306701660e-01 -1.399672180414199829e-01 1.601190119981765747e-01 -4.033903479576110840e-01 4.563874602317810059e-01 6.704884171485900879e-01 2.704314887523651123e-01 2.254871129989624023e-01 -1.246431767940521240e-01 -1.851653307676315308e-02 3.484934866428375244e-01 2.278027534484863281e-01
-4.417240321636199951e-01 8.454750478267669678e-02 1.153676509857177734e-01 -2.425624728202819824e-01 1.471830159425735474e-01 -8.599841594696044922e-02 6.164074316620826721e-02 -1.093341112136840820e-01 -3.142958879470825195e-01 7.757610678672790527e-01 -8.969211578369140625e-01 2.024699747562408447e-01 -3.356893733143806458e-02 6.659075021743774414e-01 3.263709545135498047e-01 -4.650510251522064209e-01 3.483644723892211914e-01 -1.054204851388931274e-01 -3.966080844402313232e-01 3.276753127574920654e-01 -1.028942242264747620e-01 -1.023650020360946655e-01 -3.397194743156433105e-01 2.638681232929229736e-01 1.434795558452606201e-01 -7.019280791282653809e-01 7.416255027055740356e-02 1.774809211492538452e-01 -1.756507754325866699e-01 -4.003143608570098877e-01 9.337589144706726074e-02 1.423100233078002930e-01 7.128557562828063965e-01 1.615164577960968018e-01 -3.054006993770599365e-01 1.907653808593750000e-01 1.632138490676879883e-01 1.120832636952400208e-01 -2.825297117233276367e-01 -6.926666945219039917e-03 1.438080072402954102e-01 -2.043181955814361572e-01 5.958035588264465332e-01 1.671750545501708984e-01 1.672394573688507080e-01 1.613778024911880493e-01 7.737786769866943359e-01 -5.438024401664733887e-01 -6.702595949172973633e-01 2.451616227626800537e-01 3.304052948951721191e-01 6.327045559883117676e-01 -2.594823241233825684e-01 7.765080034732818604e-02 6.659094989299774170e-02 -2.694627642631530762e-01 6.641665101051330566e-01 6.880384087562561035e-01 2.236680984497070312e-01 1.392986774444580078e-01 -3.383912444114685059e-01 2.506779432296752930e-01 -4.768857732415199280e-02 -1.557780355215072632e-01
-2.259734869003295898e-01 3.556614518165588379e-01 1.503595709800720215e-02 -7.596354186534881592e-02 1.431742757558822632e-01 -5.836585164070129395e-02 1.713846474885940552e-01 -4.280895292758941650e-01 -4.962537586688995361e-01 2.486388385295867920e-02 -3.587706685066223145e-01 -7.285944372415542603e-02 -2.943013012409210205e-01 3.367746770381927490e-01 -2.266077697277069092e-01 -8.754411339759826660e-01 -1.010565310716629028e-01 -9.242556989192962646e-02 -5.402210354804992676e-01 3.100955784320831299e-01 -4.297673702239990234e-01 -1.004790961742401123e-01 1.608058214187622070e-01 4.733608961105346680e-01 2.508786022663116455e-01 -3.410903513431549072e-01 -2.547667026519775391e-01 -1.438930928707122803e-01 1.377843171358108521e-01 -4.341292083263397217e-01 2.673574686050415039e-01 4.246432185173034668e-01 -1.035572662949562073e-01 1.118082627654075623e-01 5.302898883819580078e-01 2.620791494846343994e-01 3.255367577075958252e-01 -3.110722303390502930e-01 3.132073581218719482e-02 -4.618586003780364990e-01 6.557919383049011230e-01 -1.109501361846923828e+00 7.779092192649841309e-01 3.966747522354125977e-01 -7.274951040744781494e-02 -3.527562022209167480e-01 -3.188274428248405457e-02 2.169394642114639282e-01 -1.030073523521423340e+00 1.246576905250549316e-01 -1.697980761528015137e-01 1.866207867860794067e-01 1.160737052559852600e-01 -2.708303332328796387e-01 4.503609240055084229e-02 2.887153923511505127e-01 6.651598215103149414e-01 6.702964901924133301e-01 -3.030917048454284668e-01 -5.597001686692237854e-02 -4.263521432876586914e-01 -1.092778146266937256e-01 -4.472761750221252441e-01 8.618901669979095459e-02
-3.500415086746215820e-01 -1.205991432070732117e-01 6.914143264293670654e-02 -2.335866391658782959e-01 4.885922372341156006e-02 -1.849416345357894897e-01 2.226160168647766113e-01 8.021560311317443848e-02 -3.079552352428436279e-01 8.358559012413024902e-01 -9.494754076004028320e-01 2.415522336959838867e-01 -1.639129966497421265e-01 5.911195278167724609e-01 3.679357171058654785e-01 -3.376448452472686768e-01 4.635911881923675537e-01 1.410945057868957520e-01 -2.324654459953308105e-01 1.059066206216812134e-01 1.471720039844512939e-01 -5.512014403939247131e-02 -5.668690204620361328e-01 2.910340577363967896e-02 1.449447572231292725e-01 -5.821407437324523926e-01 1.606110930442810059e-01 1.106409579515457153e-01 -4.113673865795135498e-01 -2.143089473247528076e-01 2.036927789449691772e-01 1.286182403564453125e-01 8.405902981758117676e-01 2.347592264413833618e-02 -4.178821742534637451e-01 2.718593478202819824e-01 2.326976656913757324e-01 1.403152495622634888e-01 -3.434997797012329102e-01 1.296994239091873169e-01 4.371434450149536133e-03 7.653668522834777832e-03 4.145970940589904785e-01 -1.416729390621185303e-02 1.601973026990890503e-01 1.583398431539535522e-01 9.380217194557189941e-01 -6.901304125785827637e-01 -4.480891525745391846e-01 1.236969232559204102e-01 4.121969938278198242e-01 6.109778881072998047e-01 -4.902332425117492676e-01 -3.809107840061187744e-02 4.830308258533477783e-02 -3.605917692184448242e-01 5.072414278984069824e-01 6.049020290374755859e-01 3.726382553577423096e-01 2.199892699718475342e-01 -2.096483558416366577e-01 2.283722758293151855e-01 2.591377198696136475e-01 -4.906821623444557190e-02
-2.477561235427856445e-01 1.843942254781723022e-01 -1.039433032274246216e-01 1.218247488141059875e-01 3.154148161411285400e-02 -1.717483550310134888e-01 3.438468277454376221e-01 -1.504377424716949463e-01 -3.875985443592071533e-01 2.646753787994384766e-01 -6.804288625717163086e-01 -6.423000246286392212e-02 -4.759986102581024170e-01 3.435195386409759521e-01 -1.176532208919525146e-01 -4.579573571681976318e-01 2.231280691921710968e-02 1.330844759941101074e-01 -5.095199942588806152e-01 -2.177884057164192200e-02 1.478122919797897339e-02 -1.016359180212020874e-01 -2.111040353775024414e-01 1.237486079335212708e-01 2.976112961769104004e-01 -3.526054024696350098e-01 -1.258339732885360718e-02 -1.888317167758941650e-01 -9.501378238201141357e-02 -2.468704581260681152e-01 4.278769195079803467e-01 3.245241641998291016e-01 3.029412925243377686e-01 5.587384104728698730e-03 1.621306091547012329e-01 1.826051175594329834e-01 3.068955838680267334e-01 -1.029165536165237427e-01 -2.804884314537048340e-01 -3.294444680213928223e-01 2.070297896862030029e-01 -7.135986685752868652e-01 6.205388307571411133e-01 2.374500036239624023e-04 2.846540212631225586e-01 -2.554075717926025391e-01 3.229918479919433594e-01 -1.132885813713073730e-01 -7.756456136703491211e-01 1.698385626077651978e-01 3.483329713344573975e-02 3.146978616714477539e-01 -3.093838095664978027e-01 -1.285289376974105835e-01 2.245739549398422241e-01 -1.383232772350311279e-01 4.692919850349426270e-01 7.163375020027160645e-01 2.873871102929115295e-02 3.205720335245132446e-02 -2.045927792787551880e-01 -1.592903435230255127e-01 4.644277691841125488e-02 3.664920926094055176e-01
-5.651646256446838379e-01 -1.217175126075744629e-01 2.062052041292190552e-01 -2.735823392868041992e-01 1.387927681207656860e-01 1.465220935642719269e-02 -9.896278381347656250e-02 6.321641802787780762e-02 -1.666745543479919434e-01 1.100694298744201660e+00 -1.031423211097717285e+00 3.225745260715484619e-01 2.903155088424682617e-01 7.837923765182495117e-01 5.069227218627929688e-01 -4.290699660778045654e-01 6.183856725692749023e-01 -8.209201693534851074e-02 -1.081954091787338257e-01 2.707024216651916504e-01 1.375007182359695435e-01 -7.173678278923034668e-02 -7.246522307395935059e-01 1.671013236045837402e-02 2.196905463933944702e-01 -6.914809942245483398e-01 1.642862558364868164e-01 3.460556864738464355e-01 -6.032987833023071289e-01 -3.254700601100921631e-01 -2.134196087718009949e-02 -7.086700201034545898e-02 9.903349280357360840e-01 1.923564970493316650e-01 -7.484989166259765625e-01 3.079819679260253906e-01 3.054213523864746094e-02 3.001017570495605469e-01 -2.245235145092010498e-01 3.416253030300140381e-01 -4.141393303871154785e-02 2.750373482704162598e-01 5.017085671424865723e-01 1.682932376861572266e-01 1.600051820278167725e-01 3.850675225257873535e-01 9.184125661849975586e-01 -1.012466549873352051e+00 -3.015185296535491943e-01 1.880256682634353638e-01 3.858046531677246094e-01 7.379546761512756348e-01 -3.778439760208129883e-01 1.281733214855194092e-01 -5.165061354637145996e-02 -3.466683030128479004e-01 4.972634315490722656e-01 5.310896039009094238e-01 4.697067439556121826e-01 1.659227609634399414e-01 -2.085223644971847534e-01 6.174821853637695312e-01 1.913379877805709839e-01 -3.418735861778259277e-01
-2.434480786323547363e-01 3.692499399185180664e-01 2.051277458667755127e-02 -2.988356351852416992e-02 1.723565012216567993e-01 3.975933790206909180e-02 1.655140817165374756e-01 -4.112007915973663330e-01 -4.620957076549530029e-01 1.014102399349212646e-01 -3.913303613662719727e-01 -1.173308566212654114e-01 -2.469901293516159058e-01 3.100385367870330811e-01 -2.205941677093505859e-01 -9.170597791671752930e-01 -8.555913716554641724e-02 -1.324800252914428711e-01 -5.211905837059020996e-01 3.698576092720031738e-01 -4.213982820510864258e-01 -3.241669014096260071e-02 1.285656690597534180e-01 5.401130914688110352e-01 2.620889544486999512e-01 -2.634299993515014648e-01 -2.272934019565582275e-01 -1.554309278726577759e-01 1.304848194122314453e-01 -5.183196067810058594e-01 3.044863641262054443e-01 3.846112489700317383e-01 -1.923189014196395874e-01 1.449624896049499512e-01 5.541032552719116211e-01 2.824836969375610352e-01 2.688532471656799316e-01 -2.324296236038208008e-01 1.002666354179382324e-01 -4.573115110397338867e-01 6.443719863891601562e-01 -1.114260911941528320e+00 8.352903723716735840e-01 4.342225790023803711e-01 -9.236378967761993408e-02 -3.822720646858215332e-01 -3.508741781115531921e-02 2.298782616853713989e-01 -1.041585206985473633e+00 7.229469716548919678e-02 -2.404821217060089111e-01 2.454344183206558228e-01 9.309992194175720215e-02 -3.022140264511108398e-01 1.880466192960739136e-02 2.933192849159240723e-01 5.584267973899841309e-01 5.956175923347473145e-01 -2.722750306129455566e-01 -8.851377665996551514e-02 -3.642190992832183838e-01 -7.232214510440826416e-02 -4.928166866302490234e-01 1.881053857505321503e-02
-2.656228542327880859e-01 1.128415614366531372e-01 8.485539257526397705e-02 -9.263072162866592407e-02 1.180413067340850830e-01 -1.317325085401535034e-01 1.777012050151824951e-01 -9.840928018093109131e-02 -3.876175880432128906e-01 5.540003180503845215e-01 -8.111102581024169922e-01 -3.280020505189895630e-02 -1.790870875120162964e-01 5.232366323471069336e-01 7.899601012468338013e-02 -4.862167537212371826e-01 2.716968953609466553e-01 -3.795668482780456543e-02 -4.036490619182586670e-01 2.612894177436828613e-01 5.271837115287780762e-02 2.827587351202964783e-02 -2.235706448554992676e-01 2.742498815059661865e-01 2.432825267314910889e-01 -6.099199652671813965e-01 -1.176715083420276642e-02 -2.105936408042907715e-03 -7.550574839115142822e-02 -3.773905932903289795e-01 2.005064338445663452e-01 2.842572927474975586e-01 4.715075790882110596e-01 2.028608620166778564e-01 -1.028874292969703674e-01 1.748888790607452393e-01 2.226797938346862793e-01 1.623672842979431152e-01 -1.740353703498840332e-01 -2.140019983053207397e-01 1.819753348827362061e-01 -5.418431162834167480e-01 5.017969012260437012e-01 2.716473489999771118e-02 1.417683362960815430e-01 -1.841099560260772705e-02 5.316551923751831055e-01 -2.695860266685485840e-01 -7.326844930648803711e-01 1.861603409051895142e-01 2.326071858406066895e-01 4.942609071731567383e-01 -2.391486018896102905e-01 -1.560404896736145020e-03 2.460142821073532104e-01 -1.956461966037750244e-01 5.029250383377075195e-01 7.787605524063110352e-01 1.648900806903839111e-01 1.670251488685607910e-01 -2.043343633413314819e-01 3.178290277719497681e-02 -1.172442436218261719e-01 1.100104898214340210e-01
-3.215530812740325928e-01 -4.511286616325378418e-01 -2.402511239051818848e-02 -1.217456534504890442e-01 -4.006734490394592285e-02 -3.335009217262268066e-01 5.232638120651245117e-01 2.954048216342926025e-01 -1.219978332519531250e-01 8.230321407318115234e-01 -1.003322958946228027e+00 2.641978561878204346e-01 -4.187744557857513428e-01 2.672289013862609863e-01 2.872678637504577637e-01 1.251068152487277985e-02 3.918054699897766113e-01 5.282617807388305664e-01 -1.329398453235626221e-01 -3.345527648925781250e-01 6.482605934143066406e-01 -9.415492415428161621e-02 -7.463186383247375488e-01 -4.294865727424621582e-01 1.977667510509490967e-01 -1.865758001804351807e-01 4.204495549201965332e-01 -3.268525004386901855e-03 -5.895861983299255371e-01 1.640139818191528320e-01 4.057110846042633057e-01 8.779099583625793457e-02 8.840135335922241211e-01 -2.877746522426605225e-01 -3.480191528797149658e-01 4.344869852066040039e-01 3.803388774394989014e-01 1.797503083944320679e-01 -5.983453989028930664e-01 1.595428138971328735e-01 -4.276551008224487305e-01 2.367762923240661621e-01 1.815398633480072021e-01 -3.282233476638793945e-01 2.539894580841064453e-01 7.524503767490386963e-02 9.651313424110412598e-01 -9.028998613357543945e-01 -1.453440487384796143e-01 -7.882146537303924561e-02 3.143678903579711914e-01 4.660044908523559570e-01 -8.469683527946472168e-01 -2.157620936632156372e-01 5.813063681125640869e-02 -5.900959968566894531e-01 2.293833494186401367e-01 4.664326310157775879e-01 4.811335504055023193e-01 4.023231863975524902e-01 1.264230161905288696e-01 4.207999259233474731e-02 7.681319117546081543e-01 3.062030673027038574e-01
-2.696326076984405518e-01 3.758976459503173828e-01 -8.443765342235565186e-02 9.476199001073837280e-02 1.344637721776962280e-01 -1.050629019737243652e-01 2.619500160217285156e-01 -4.470180869102478027e-01 -4.405452311038970947e-01 -7.523271441459655762e-02 -3.233613967895507812e-01 -1.014169231057167053e-01 -3.292870521545410156e-01 1.472815871238708496e-01 -4.166662395000457764e-01 -7.964828610420227051e-01 -2.535159289836883545e-01 5.151692032814025879e-02 -5.829490423202514648e-01 1.648374050855636597e-01 -3.340066373348236084e-01 -9.183333814144134521e-02 1.382257342338562012e-01 3.630840480327606201e-01 4.110953807830810547e-01 -1.030691713094711304e-01 -2.058480679988861084e-01 -3.027086853981018066e-01 1.324608474969863892e-01 -3.132513463497161865e-01 3.597400188446044922e-01 3.657854795455932617e-01 -2.557591795921325684e-01 6.445077806711196899e-02 7.112907171249389648e-01 2.829097211360931396e-01 3.575287163257598877e-01 -2.789193093776702881e-01 1.061923801898956299e-03 -5.188915729522705078e-01 5.960476398468017578e-01 -1.272484779357910156e+00 8.084722161293029785e-01 3.705323934555053711e-01 -6.228129193186759949e-02 -4.948797821998596191e-01 -2.267764359712600708e-01 3.352134227752685547e-01 -9.655487537384033203e-01 -1.280344650149345398e-02 -3.841826617717742920e-01 8.493050187826156616e-02 9.616015106439590454e-02 -4.549592137336730957e-01 3.895454108715057373e-02 3.281098008155822754e-01 5.283846259117126465e-01 6.134515404701232910e-01 -3.113441467285156250e-01 -7.790817320346832275e-02 -3.082720935344696045e-01 -2.523598968982696533e-01 -3.972501754760742188e-01 2.629223465919494629e-01
-3.486391305923461914e-01 4.063562750816345215e-01 3.779333829879760742e-02 2.869457006454467773e-02 1.365211158990859985e-01 -4.721738398075103760e-02 1.732250154018402100e-01 -4.760612547397613525e-01 -5.395978689193725586e-01 -3.624323010444641113e-02 -2.315956950187683105e-01 -5.616784840822219849e-02 -2.500656545162200928e-01 2.225714027881622314e-01 -3.257029950618743896e-01 -9.151011705398559570e-01 -2.262936085462570190e-01 -5.017026513814926147e-02 -5.884217023849487305e-01 2.322172224521636963e-01 -5.338963270187377930e-01 -1.040098071098327637e-01 2.391687631607055664e-01 4.508233368396759033e-01 3.211227059364318848e-01 -1.388722360134124756e-01 -2.852307558059692383e-01 -2.586761713027954102e-01 1.798282712697982788e-01 -3.444964289665222168e-01 3.052013516426086426e-01 3.820856809616088867e-01 -2.819477021694183350e-01 1.227184608578681946e-01 7.476227283477783203e-01 2.918198108673095703e-01 3.741271495819091797e-01 -2.969214916229248047e-01 9.666614234447479248e-02 -5.504521131515502930e-01 7.587234973907470703e-01 -1.262083411216735840e+00 8.649269342422485352e-01 5.165753364562988281e-01 -1.359141767024993896e-01 -4.750953316688537598e-01 -2.174492925405502319e-01 3.325715661048889160e-01 -9.619660973548889160e-01 -2.439159527420997620e-02 -3.871051371097564697e-01 7.292345911264419556e-02 2.010307163000106812e-01 -4.797265529632568359e-01 -5.835053324699401855e-02 4.040019214153289795e-01 6.282528042793273926e-01 5.846377015113830566e-01 -3.632427155971527100e-01 -9.239857643842697144e-02 -3.981862664222717285e-01 -1.462832391262054443e-01 -5.341710448265075684e-01 1.220220029354095459e-01
-4.138166010379791260e-01 -7.513146102428436279e-02 -2.888692915439605713e-02 -5.734065920114517212e-02 1.157788187265396118e-01 -1.510140746831893921e-01 2.235714048147201538e-01 -4.829360544681549072e-02 -3.060342669486999512e-01 7.136787176132202148e-01 -8.982602953910827637e-01 1.615077853202819824e-01 -2.557223737239837646e-01 5.027482509613037109e-01 2.452151030302047729e-01 -3.314828574657440186e-01 3.008895516395568848e-01 1.586651504039764404e-01 -3.347399830818176270e-01 -3.484266810119152069e-03 1.085109263658523560e-01 -1.193331032991409302e-01 -5.278257727622985840e-01 -2.088838815689086914e-02 2.184485793113708496e-01 -4.839660525321960449e-01 1.568812429904937744e-01 4.354231059551239014e-02 -4.049474596977233887e-01 -1.724753379821777344e-01 3.054251968860626221e-01 1.010100319981575012e-01 7.571582794189453125e-01 -5.323966220021247864e-02 -2.665426433086395264e-01 2.594786286354064941e-01 2.682863771915435791e-01 1.666446030139923096e-02 -3.931218981742858887e-01 4.675918817520141602e-02 4.504380375146865845e-02 -1.402576565742492676e-01 5.388246178627014160e-01 1.220092177391052246e-02 1.891381144523620605e-01 5.451895296573638916e-02 7.624747753143310547e-01 -6.360623240470886230e-01 -4.911134541034698486e-01 1.224431097507476807e-01 2.754876017570495605e-01 5.597018003463745117e-01 -4.204920530319213867e-01 -1.242866069078445435e-01 5.841937661170959473e-02 -3.202399611473083496e-01 5.094289183616638184e-01 5.894190073013305664e-01 2.549400925636291504e-01 1.634744405746459961e-01 -2.127408534288406372e-01 1.618111133575439453e-01 2.946965396404266357e-01 2.677351608872413635e-02
-1.892554312944412231e-01 -1.572594493627548218e-01 -1.627247333526611328e-01 3.265465050935745239e-02 -6.100936233997344971e-02 -2.678526639938354492e-01 6.432771682739257812e-01 2.658109366893768311e-02 -3.147411644458770752e-01 3.192761242389678955e-01 -7.753685116767883301e-01 2.667533606290817261e-02 -6.990075111389160156e-01 9.753875434398651123e-02 -6.279633939266204834e-02 -1.597063988447189331e-01 -2.079271711409091949e-02 4.295650124549865723e-01 -3.244427442550659180e-01 -2.349086701869964600e-01 3.655357956886291504e-01 -1.680823415517807007e-01 -4.166537523269653320e-01 -8.835555613040924072e-02 1.950486302375793457e-01 -2.029208540916442871e-01 2.260706424713134766e-01 -2.616596817970275879e-01 -2.095274627208709717e-01 -5.070261657238006592e-03 6.319658756256103516e-01 2.873856425285339355e-01 3.757371306419372559e-01 -2.509581148624420166e-01 8.299858868122100830e-02 2.473908215761184692e-01 3.826983571052551270e-01 -9.924945235252380371e-02 -4.363310337066650391e-01 -2.243715673685073853e-01 -1.549882292747497559e-01 -3.752939999103546143e-01 3.725425004959106445e-01 -2.344941943883895874e-01 2.553686797618865967e-01 -2.430817633867263794e-01 5.927857756614685059e-01 -3.325622677803039551e-01 -5.579914450645446777e-01 6.497782468795776367e-02 1.396129876375198364e-01 3.647209703922271729e-01 -6.388107538223266602e-01 -2.344753444194793701e-01 2.296555489301681519e-01 -3.530593216419219971e-01 3.297611474990844727e-01 5.821666717529296875e-01 2.723958492279052734e-01 1.430172026157379150e-01 -7.800268381834030151e-02 -2.084681689739227295e-01 5.314808487892150879e-01 4.879590868949890137e-01
-4.239955544471740723e-01 8.650921285152435303e-03 5.912707746028900146e-02 -1.816604435443878174e-01 9.961493313312530518e-02 -1.270881891250610352e-01 7.861429452896118164e-02 6.426900625228881836e-03 -3.060043454170227051e-01 8.108718991279602051e-01 -9.527943134307861328e-01 2.362461984157562256e-01 -1.562214270234107971e-02 6.308684349060058594e-01 3.706995546817779541e-01 -4.058590233325958252e-01 3.959231674671173096e-01 2.635300159454345703e-02 -2.863742113113403320e-01 1.593366861343383789e-01 2.060524374246597290e-02 -5.969110503792762756e-02 -4.928193688392639160e-01 5.429240316152572632e-02 2.282790094614028931e-01 -6.422844529151916504e-01 7.649695128202438354e-02 1.280601471662521362e-01 -3.340695500373840332e-01 -3.144929707050323486e-01 9.792125225067138672e-02 9.105433523654937744e-02 8.157253861427307129e-01 1.234664991497993469e-01 -4.057244062423706055e-01 2.084832787513732910e-01 2.050320804119110107e-01 1.647842824459075928e-01 -2.854365706443786621e-01 4.982963204383850098e-02 7.245670258998870850e-02 -5.272120982408523560e-02 5.157647728919982910e-01 7.345198094844818115e-02 1.681287884712219238e-01 1.789282113313674927e-01 7.845617532730102539e-01 -6.471974849700927734e-01 -4.839534759521484375e-01 1.936130821704864502e-01 2.835445106029510498e-01 5.954756140708923340e-01 -3.908940553665161133e-01 2.747327089309692383e-03 1.083509027957916260e-01 -2.428956031799316406e-01 5.717527866363525391e-01 6.733148694038391113e-01 3.141674697399139404e-01 1.546638011932373047e-01 -2.865458428859710693e-01 2.835007011890411377e-01 1.322417408227920532e-01 -1.015136539936065674e-01
-2.425732910633087158e-01 3.927490711212158203e-01 3.201235830783843994e-02 -1.199584677815437317e-01 1.817799359560012817e-01 -2.106616087257862091e-02 1.383113861083984375e-01 -4.312627017498016357e-01 -5.054861903190612793e-01 9.349521994590759277e-02 -3.272996544837951660e-01 -1.470633596181869507e-02 -1.686449348926544189e-01 3.388032019138336182e-01 -2.132560014724731445e-01 -9.836189746856689453e-01 -4.732760041952133179e-02 -1.423395872116088867e-01 -5.019292831420898438e-01 4.175454080104827881e-01 -5.363359451293945312e-01 -4.459330812096595764e-02 2.075222134590148926e-01 5.771564245223999023e-01 2.488801181316375732e-01 -2.630056440830230713e-01 -2.601421177387237549e-01 -7.977938652038574219e-02 1.539431363344192505e-01 -5.287825465202331543e-01 2.172042727470397949e-01 4.168422818183898926e-01 -2.203183919191360474e-01 1.690420508384704590e-01 6.039369702339172363e-01 2.981574535369873047e-01 2.717919051647186279e-01 -2.368656396865844727e-01 1.034905910491943359e-01 -4.434022903442382812e-01 6.897040605545043945e-01 -1.143903970718383789e+00 7.728590369224548340e-01 5.108851194381713867e-01 -2.011181116104125977e-01 -3.565389513969421387e-01 -8.139221370220184326e-02 1.828660815954208374e-01 -1.031483411788940430e+00 8.030149340629577637e-02 -2.290287464857101440e-01 2.275460660457611084e-01 1.124521419405937195e-01 -3.728137016296386719e-01 -6.605878472328186035e-02 4.052214920520782471e-01 6.149492859840393066e-01 5.922195315361022949e-01 -2.653434276580810547e-01 -4.881132394075393677e-02 -4.291158616542816162e-01 -8.662304282188415527e-02 -5.881400704383850098e-01 -7.401040196418762207e-02
-4.890983998775482178e-01 -3.546024113893508911e-02 1.183364391326904297e-01 -1.938889324665069580e-01 8.624428510665893555e-02 -1.328084468841552734e-01 1.187672466039657593e-01 7.900416851043701172e-03 -2.680484056472778320e-01 8.906025886535644531e-01 -9.582517147064208984e-01 2.725066542625427246e-01 1.514799147844314575e-02 6.339294910430908203e-01 3.222491145133972168e-01 -3.823379576206207275e-01 4.213089644908905029e-01 5.423252284526824951e-02 -2.874358296394348145e-01 1.783765107393264771e-01 1.059954166412353516e-01 -1.035548299551010132e-01 -5.746970772743225098e-01 3.609415143728256226e-02 2.179559469223022461e-01 -5.798138380050659180e-01 1.344382166862487793e-01 1.244889944791793823e-01 -3.963102102279663086e-01 -2.485076189041137695e-01 1.664060056209564209e-01 4.668299108743667603e-02 8.075934052467346191e-01 1.017513051629066467e-01 -4.588679373264312744e-01 2.561875581741333008e-01 1.675657629966735840e-01 1.802708357572555542e-01 -3.141187131404876709e-01 1.302263736724853516e-01 3.338107466697692871e-02 -4.450438916683197021e-02 5.295833945274353027e-01 8.167864382266998291e-02 2.115072607994079590e-01 1.633072197437286377e-01 8.200808763504028320e-01 -7.102348208427429199e-01 -4.934960007667541504e-01 1.284926831722259521e-01 3.139510750770568848e-01 6.158846616744995117e-01 -4.032989144325256348e-01 8.736640214920043945e-03 -1.216907054185867310e-02 -3.307390511035919189e-01 5.474170446395874023e-01 5.903270244598388672e-01 3.533407747745513916e-01 1.424580216407775879e-01 -2.435981184244155884e-01 3.578278422355651855e-01 1.780147999525070190e-01 -9.528742730617523193e-02
-5.996887087821960449e-01 -1.287766546010971069e-02 1.264723986387252808e-01 -1.105154678225517273e-01 1.477688401937484741e-01 1.117921061813831329e-02 6.579801440238952637e-02 3.404007852077484131e-02 -1.783829033374786377e-01 1.007808685302734375e+00 -1.037545919418334961e+00 2.390119433403015137e-01 1.225795596837997437e-01 6.346387863159179688e-01 3.719119727611541748e-01 -3.383401632308959961e-01 4.688913822174072266e-01 -4.949136078357696533e-02 -2.560601234436035156e-01 1.591596156358718872e-01 1.647738516330718994e-01 -6.945216655731201172e-02 -6.015498042106628418e-01 3.392115980386734009e-02 2.999750971794128418e-01 -5.736516118049621582e-01 2.050945460796356201e-01 1.882099956274032593e-01 -4.468072056770324707e-01 -3.417795598506927490e-01 1.587152928113937378e-01 -2.582024037837982178e-02 8.800915479660034180e-01 1.309222280979156494e-01 -5.326859951019287109e-01 2.857448458671569824e-01 9.411437064409255981e-02 3.408336937427520752e-01 -3.144500851631164551e-01 1.684177517890930176e-01 -8.711974322795867920e-02 8.686804026365280151e-02 5.371281504631042480e-01 9.677373617887496948e-02 2.523947954177856445e-01 2.531809210777282715e-01 8.159018754959106445e-01 -8.382980227470397949e-01 -3.397219777107238770e-01 1.832158267498016357e-01 2.763791084289550781e-01 6.870935559272766113e-01 -4.103705286979675293e-01 1.400642096996307373e-02 4.663784801959991455e-02 -3.764907121658325195e-01 4.861654043197631836e-01 6.059113740921020508e-01 4.273436963558197021e-01 1.740432977676391602e-01 -1.776407808065414429e-01 3.821611404418945312e-01 1.970383822917938232e-01 -1.563809365034103394e-01
-3.582809567451477051e-01 2.286829501390457153e-01 5.895565450191497803e-02 -8.483200520277023315e-02 1.593154519796371460e-01 -1.730405353009700775e-02 8.735440671443939209e-02 -1.810601949691772461e-01 -3.962804973125457764e-01 5.482464432716369629e-01 -8.065891861915588379e-01 5.172448232769966125e-02 -1.016573160886764526e-01 5.787422657012939453e-01 1.466906964778900146e-01 -6.365795135498046875e-01 2.451371848583221436e-01 -1.140885651111602783e-01 -4.685812592506408691e-01 3.315452039241790771e-01 -2.026968002319335938e-01 -2.952527627348899841e-02 -1.925721466541290283e-01 3.631514310836791992e-01 2.250188738107681274e-01 -6.430658102035522461e-01 -6.067351251840591431e-02 2.048099040985107422e-02 -5.454096570611000061e-02 -4.899555146694183350e-01 1.564703285694122314e-01 2.435479015111923218e-01 4.804338514804840088e-01 2.088563740253448486e-01 -5.019765347242355347e-02 1.363049894571304321e-01 1.798979938030242920e-01 5.815707147121429443e-02 -1.410467326641082764e-01 -2.118970602750778198e-01 3.380274176597595215e-01 -5.366027355194091797e-01 6.685041189193725586e-01 2.099985182285308838e-01 1.568550765514373779e-01 -2.306188642978668213e-02 4.820445477962493896e-01 -2.390861958265304565e-01 -7.458136081695556641e-01 2.279773652553558350e-01 1.609719395637512207e-01 5.237958431243896484e-01 -1.678181439638137817e-01 1.172930002212524414e-02 1.302656978368759155e-01 -6.818669289350509644e-02 6.083188056945800781e-01 7.335482835769653320e-01 7.695655524730682373e-02 1.537065953016281128e-02 -3.593762218952178955e-01 1.280866861343383789e-01 -2.326627522706985474e-01 -3.414369001984596252e-02
-1.574782133102416992e-01 1.970175355672836304e-01 -9.180347621440887451e-02 -4.994134604930877686e-02 1.179050058126449585e-01 -9.974040091037750244e-02 3.303904831409454346e-01 -2.923924624919891357e-01 -5.009709000587463379e-01 7.514542341232299805e-02 -4.838259816169738770e-01 -4.581934958696365356e-02 -5.008574128150939941e-01 2.953233122825622559e-01 -8.491784334182739258e-02 -6.962022781372070312e-01 -1.896536909043788910e-02 8.734846115112304688e-02 -4.795046448707580566e-01 1.478295475244522095e-01 -2.639703154563903809e-01 -8.463561534881591797e-02 -4.080799221992492676e-02 3.399137258529663086e-01 1.427524536848068237e-01 -3.532240688800811768e-01 -1.131530255079269409e-01 -1.710219234228134155e-01 4.151027649641036987e-03 -3.364971876144409180e-01 3.718305230140686035e-01 3.862482309341430664e-01 1.163097918033599854e-01 -4.474490880966186523e-02 3.917913436889648438e-01 2.457594871520996094e-01 3.659544587135314941e-01 -3.551328778266906738e-01 -1.821675896644592285e-01 -3.007762134075164795e-01 4.623707234859466553e-01 -8.863921761512756348e-01 6.778467893600463867e-01 2.114412486553192139e-01 1.648170128464698792e-02 -3.862330317497253418e-01 2.389802932739257812e-01 3.898838162422180176e-02 -9.005627632141113281e-01 8.782310783863067627e-02 2.432167530059814453e-04 2.502478063106536865e-01 -2.041600942611694336e-01 -2.938104867935180664e-01 8.657361567020416260e-02 1.101460978388786316e-01 5.550391674041748047e-01 6.240345835685729980e-01 -1.391715109348297119e-01 -3.241787105798721313e-02 -3.608755171298980713e-01 -1.307410150766372681e-01 -1.403889805078506470e-01 1.469796746969223022e-01
-3.739566802978515625e-01 -2.680331468582153320e-01 -7.226081192493438721e-02 -6.170389801263809204e-02 -3.776085376739501953e-02 -2.092907577753067017e-01 4.411216676235198975e-01 1.688725054264068604e-01 -2.075576931238174438e-01 7.571060657501220703e-01 -9.711834192276000977e-01 2.532246708869934082e-01 -3.331296145915985107e-01 3.322109878063201904e-01 2.388346493244171143e-01 -1.406649500131607056e-01 3.668339252471923828e-01 3.998562693595886230e-01 -1.560664921998977661e-01 -1.926320344209671021e-01 4.633678197860717773e-01 -1.323432922363281250e-01 -7.162451744079589844e-01 -2.608429193496704102e-01 2.275579571723937988e-01 -2.928935885429382324e-01 2.472336590290069580e-01 -8.658513426780700684e-03 -5.923644304275512695e-01 -2.914808690547943115e-02 4.148033559322357178e-01 7.754127681255340576e-02 8.272660374641418457e-01 -1.930108070373535156e-01 -3.452278673648834229e-01 3.589118123054504395e-01 3.107182979583740234e-01 9.801524132490158081e-02 -5.111468434333801270e-01 1.713739484548568726e-01 -2.713010311126708984e-01 5.269265919923782349e-02 3.446089029312133789e-01 -1.889591664075851440e-01 2.782923579216003418e-01 3.134807199239730835e-02 8.287442922592163086e-01 -8.045375347137451172e-01 -2.584633529186248779e-01 2.505533024668693542e-02 2.923179864883422852e-01 5.197822451591491699e-01 -7.061740159988403320e-01 -1.902630478143692017e-01 7.398487627506256104e-02 -4.533013105392456055e-01 3.132896721363067627e-01 5.081916451454162598e-01 4.195056557655334473e-01 2.347807884216308594e-01 -4.821921512484550476e-02 1.436268985271453857e-01 6.585763096809387207e-01 1.871101260185241699e-01
-2.483566105365753174e-01 3.666653037071228027e-01 -6.833317130804061890e-02 9.405092149972915649e-02 1.132341176271438599e-01 -1.511418372392654419e-01 2.367444932460784912e-01 -4.471496343612670898e-01 -4.573801755905151367e-01 -1.257344782352447510e-01 -3.050708472728729248e-01 -1.185995414853096008e-01 -3.453672826290130615e-01 1.588334143161773682e-01 -4.100859165191650391e-01 -7.765175104141235352e-01 -2.791635394096374512e-01 5.789806693792343140e-02 -5.696128010749816895e-01 1.568994224071502686e-01 -3.461192548274993896e-01 -9.498493373394012451e-02 1.724912524223327637e-01 3.490842282772064209e-01 4.102781713008880615e-01 -1.503477990627288818e-01 -2.422598600387573242e-01 -3.000240027904510498e-01 1.931456178426742554e-01 -2.779728770256042480e-01 3.394191265106201172e-01 4.047045111656188965e-01 -2.908809781074523926e-01 8.312637358903884888e-02 7.020090222358703613e-01 2.302935272455215454e-01 3.734796345233917236e-01 -2.710435390472412109e-01 2.047920227050781250e-02 -5.781643390655517578e-01 6.157382130622863770e-01 -1.304126739501953125e+00 7.980601787567138672e-01 3.230903148651123047e-01 -7.387126237154006958e-02 -4.730322957038879395e-01 -2.276263982057571411e-01 3.987398147583007812e-01 -9.930232763290405273e-01 2.635036036372184753e-02 -3.762963414192199707e-01 4.118939489126205444e-02 1.134405508637428284e-01 -4.094405174255371094e-01 1.010601967573165894e-01 3.325153589248657227e-01 5.582163333892822266e-01 6.796400547027587891e-01 -3.385700583457946777e-01 -7.361084222793579102e-02 -2.887316942214965820e-01 -2.939027845859527588e-01 -3.984816670417785645e-01 3.058682382106781006e-01
-4.883589446544647217e-01 4.130823910236358643e-02 -5.344636738300323486e-02 4.960032552480697632e-02 5.450756847858428955e-02 -1.759593039751052856e-01 2.755796015262603760e-01 -1.910574734210968018e-02 -2.491615712642669678e-01 6.799090504646301270e-01 -9.361075758934020996e-01 1.890702247619628906e-01 -2.262562364339828491e-01 4.516326487064361572e-01 1.519446671009063721e-01 -2.749687135219573975e-01 2.125679403543472290e-01 1.789166331291198730e-01 -4.115692675113677979e-01 -7.046552002429962158e-02 1.579425930976867676e-01 -1.828261166810989380e-01 -4.796474575996398926e-01 -1.294358968734741211e-01 3.517494797706604004e-01 -3.661119937896728516e-01 1.601193547248840332e-01 -5.061413347721099854e-02 -3.043776750564575195e-01 -1.879244446754455566e-01 3.822179734706878662e-01 1.140955314040184021e-01 6.864785552024841309e-01 -3.071550279855728149e-02 -1.931497454643249512e-01 2.585307955741882324e-01 2.486321032047271729e-01 1.085156723856925964e-01 -4.479489326477050781e-01 -7.956270873546600342e-02 -5.384452641010284424e-02 -2.114439308643341064e-01 6.067674160003662109e-01 -3.432048857212066650e-02 3.721316158771514893e-01 -2.588000893592834473e-02 5.781987905502319336e-01 -5.824885368347167969e-01 -4.684705734252929688e-01 1.718961149454116821e-01 1.076193600893020630e-01 4.924277365207672119e-01 -4.897722601890563965e-01 -1.061079651117324829e-01 8.226163685321807861e-02 -3.097167909145355225e-01 4.957503676414489746e-01 6.378822326660156250e-01 2.576686143875122070e-01 1.198004260659217834e-01 -1.665764600038528442e-01 9.879633039236068726e-02 3.118230104446411133e-01 2.070529609918594360e-01
-2.951169013977050781e-01 -3.468666672706604004e-01 4.670485854148864746e-02 -2.309533655643463135e-01 -9.067893028259277344e-03 -2.711757421493530273e-01 3.909097015857696533e-01 1.884967982769012451e-01 -2.328459024429321289e-01 8.324684500694274902e-01 -9.777501225471496582e-01 2.287461906671524048e-01 -3.200704753398895264e-01 4.322690069675445557e-01 3.222508430480957031e-01 -1.763871610164642334e-01 4.788455069065093994e-01 3.588944077491760254e-01 -1.734437942504882812e-01 -1.263220161199569702e-01 4.369989037513732910e-01 -3.894175216555595398e-02 -6.731147766113281250e-01 -1.617628633975982666e-01 1.095220521092414856e-01 -4.241176545619964600e-01 2.786249220371246338e-01 6.858688592910766602e-02 -5.149953961372375488e-01 1.916120201349258423e-02 2.641982734203338623e-01 1.128609105944633484e-01 8.827731609344482422e-01 -1.780650913715362549e-01 -4.109684228897094727e-01 3.674189448356628418e-01 3.360104262828826904e-01 1.291681081056594849e-01 -4.747801423072814941e-01 1.765319406986236572e-01 -1.634287536144256592e-01 1.191421821713447571e-01 2.271556854248046875e-01 -1.990186721086502075e-01 1.723562330007553101e-01 1.219341307878494263e-01 1.023561716079711914e+00 -7.932205200195312500e-01 -3.424831628799438477e-01 -1.603049412369728088e-02 4.331202507019042969e-01 5.195412635803222656e-01 -6.623392701148986816e-01 -1.234952360391616821e-01 9.435556828975677490e-02 -4.875006675720214844e-01 3.599973022937774658e-01 5.394541621208190918e-01 3.958363234996795654e-01 3.349229097366333008e-01 -3.297520801424980164e-02 1.089147999882698059e-01 5.332708954811096191e-01 1.171576231718063354e-01
-3.202237486839294434e-01 7.735207676887512207e-02 1.415281742811203003e-02 -6.517373770475387573e-02 1.146051436662673950e-01 -1.581732630729675293e-01 2.154899835586547852e-01 -5.772513151168823242e-02 -3.088253438472747803e-01 6.345549225807189941e-01 -8.918995261192321777e-01 9.712782502174377441e-02 -1.698992103338241577e-01 5.285903215408325195e-01 1.389423012733459473e-01 -4.526000320911407471e-01 3.040753006935119629e-01 6.523711979389190674e-02 -3.750110566616058350e-01 1.516767144203186035e-01 9.986752271652221680e-02 -7.903635501861572266e-02 -4.070380926132202148e-01 9.046055376529693604e-02 2.903678417205810547e-01 -4.990736544132232666e-01 9.086888283491134644e-02 3.734380006790161133e-04 -2.445885241031646729e-01 -3.239776492118835449e-01 2.741363644599914551e-01 1.924644708633422852e-01 6.114470958709716797e-01 7.154730707406997681e-02 -1.863121092319488525e-01 2.573852539062500000e-01 1.954860687255859375e-01 9.807121753692626953e-02 -3.029652237892150879e-01 -5.527323856949806213e-02 1.021524295210838318e-01 -3.428784012794494629e-01 5.623837113380432129e-01 1.323688030242919922e-02 2.217367589473724365e-01 -3.626993298530578613e-02 6.128017902374267578e-01 -4.677158594131469727e-01 -6.488647460937500000e-01 1.796639710664749146e-01 2.390148639678955078e-01 5.157967209815979004e-01 -3.724650740623474121e-01 -4.939994215965270996e-02 1.117015033960342407e-01 -2.364259958267211914e-01 4.909003973007202148e-01 6.666402220726013184e-01 1.870897114276885986e-01 1.298733651638031006e-01 -1.940103322267532349e-01 1.010193452239036560e-01 7.606390118598937988e-02 8.953553438186645508e-02
-2.027277797460556030e-01 2.049989253282546997e-01 -1.422373205423355103e-01 7.261414080858230591e-02 8.667619526386260986e-02 -1.237268298864364624e-01 3.312679529190063477e-01 -2.604471445083618164e-01 -4.065512418746948242e-01 1.821505576372146606e-01 -6.248964071273803711e-01 -3.145540505647659302e-02 -5.138577222824096680e-01 2.896904647350311279e-01 -8.396106958389282227e-02 -5.340049266815185547e-01 -5.758232623338699341e-02 1.431569755077362061e-01 -5.483548641204833984e-01 4.785251617431640625e-02 -1.486628949642181396e-01 -1.308270990848541260e-01 -1.514270603656768799e-01 1.899477690458297729e-01 2.351026535034179688e-01 -3.394753336906433105e-01 -6.529652327299118042e-02 -2.172330915927886963e-01 -5.118347331881523132e-02 -2.878452837467193604e-01 4.264686405658721924e-01 3.650983870029449463e-01 2.195985317230224609e-01 -3.405912220478057861e-02 2.977276742458343506e-01 2.073670178651809692e-01 3.742590844631195068e-01 -2.751990556716918945e-01 -2.614210247993469238e-01 -3.563603162765502930e-01 3.007007241249084473e-01 -7.883254885673522949e-01 7.004116177558898926e-01 9.078267216682434082e-02 2.004704475402832031e-01 -3.252200484275817871e-01 2.676357328891754150e-01 -3.090718388557434082e-02 -8.681463599205017090e-01 1.484106928110122681e-01 -2.372949570417404175e-02 3.085984587669372559e-01 -2.788626551628112793e-01 -1.844535917043685913e-01 1.369820386171340942e-01 -2.537630498409271240e-03 5.123654603958129883e-01 6.310567259788513184e-01 -8.940650522708892822e-02 -4.230098426342010498e-02 -3.060225546360015869e-01 -1.053743511438369751e-01 5.454595200717449188e-03 2.704177498817443848e-01
-2.274725437164306641e-01 2.933257222175598145e-01 4.725864529609680176e-02 -1.620709300041198730e-01 1.029436588287353516e-01 -8.631277829408645630e-02 1.348193585872650146e-01 -2.762248516082763672e-01 -4.405640661716461182e-01 3.165739774703979492e-01 -6.346122622489929199e-01 -1.368441432714462280e-02 -2.048217803239822388e-01 5.153223276138305664e-01 -1.041886210441589355e-02 -6.835978627204895020e-01 1.316227465867996216e-01 -1.817141175270080566e-01 -5.061840415000915527e-01 4.075857698917388916e-01 -3.078427612781524658e-01 -6.415884196758270264e-02 2.345376461744308472e-02 4.840020537376403809e-01 1.700057387351989746e-01 -5.857044458389282227e-01 -1.623194813728332520e-01 -2.610485255718231201e-02 1.945857703685760498e-01 -5.211570858955383301e-01 1.749413609504699707e-01 3.979686498641967773e-01 1.681627184152603149e-01 2.039476037025451660e-01 1.553390920162200928e-01 1.475484669208526611e-01 1.797361075878143311e-01 -4.610387980937957764e-02 -6.978546082973480225e-02 -3.777093887329101562e-01 4.605367481708526611e-01 -8.115140199661254883e-01 6.696984171867370605e-01 2.365680187940597534e-01 7.989466935396194458e-02 -1.299968957901000977e-01 2.895618081092834473e-01 3.122965991497039795e-02 -9.897224307060241699e-01 2.793935239315032959e-01 8.305796980857849121e-02 4.089132845401763916e-01 -4.558219760656356812e-02 2.187695354223251343e-02 1.753812283277511597e-01 5.088230222463607788e-02 6.708935499191284180e-01 8.019556403160095215e-01 -6.830227375030517578e-02 2.097985893487930298e-02 -3.574297428131103516e-01 -6.071313098073005676e-02 -3.550979197025299072e-01 4.719252884387969971e-02
-5.991411805152893066e-01 -1.038200408220291138e-01 8.576516807079315186e-02 -9.460922330617904663e-02 1.322149932384490967e-01 -1.030735224485397339e-01 1.248218715190887451e-01 9.337560832500457764e-02 -1.510738730430603027e-01 1.017810463905334473e+00 -1.050338745117187500e+00 3.202085196971893311e-01 5.948099866509437561e-02 6.154468059539794922e-01 3.717299103736877441e-01 -2.596107423305511475e-01 4.602082967758178711e-01 1.168223917484283447e-01 -2.189641594886779785e-01 2.672513574361801147e-02 2.684841156005859375e-01 -1.227988898754119873e-01 -7.026966214179992676e-01 -1.521791219711303711e-01 3.245099186897277832e-01 -4.843996167182922363e-01 2.643068432807922363e-01 1.859230846166610718e-01 -5.706843733787536621e-01 -1.769752204418182373e-01 2.108286023139953613e-01 -4.439236223697662354e-02 9.780538082122802734e-01 2.249237149953842163e-02 -5.723656415939331055e-01 3.194679319858551025e-01 1.573278009891510010e-01 2.736518383026123047e-01 -4.456324577331542969e-01 2.437153905630111694e-01 -1.826766431331634521e-01 1.770617961883544922e-01 4.893112778663635254e-01 -8.669376373291015625e-03 2.879401147365570068e-01 2.250549346208572388e-01 8.743851780891418457e-01 -9.478194713592529297e-01 -2.667551040649414062e-01 1.297476589679718018e-01 3.092207312583923340e-01 6.164973378181457520e-01 -5.338566303253173828e-01 -3.632327914237976074e-02 -4.965940117835998535e-02 -4.330338835716247559e-01 4.548121690750122070e-01 5.398476719856262207e-01 4.335578680038452148e-01 1.923254728317260742e-01 -1.240211874246597290e-01 3.806286752223968506e-01 3.689556419849395752e-01 -9.375996887683868408e-02
-3.970085978507995605e-01 3.107475638389587402e-01 -2.426866441965103149e-02 1.186129823327064514e-01 1.504421085119247437e-01 -1.144785583019256592e-01 1.555031538009643555e-01 -2.702821791172027588e-01 -3.944638073444366455e-01 3.398452997207641602e-01 -6.768118739128112793e-01 2.415681630373001099e-02 -2.864978015422821045e-01 4.701609313488006592e-01 -4.237873852252960205e-02 -5.980414748191833496e-01 1.769861392676830292e-02 -3.004372119903564453e-03 -6.180730462074279785e-01 1.469656527042388916e-01 -2.496578693389892578e-01 -1.803963333368301392e-01 -1.290681958198547363e-01 2.150107920169830322e-01 2.998828291893005371e-01 -4.233818054199218750e-01 -8.265019208192825317e-02 -1.031898260116577148e-01 -1.056368276476860046e-02 -3.377469182014465332e-01 3.392966985702514648e-01 2.773240208625793457e-01 3.432937562465667725e-01 1.041412726044654846e-01 1.770905107259750366e-01 1.338076293468475342e-01 2.524674832820892334e-01 -1.069518327713012695e-01 -2.960345745086669922e-01 -3.382035493850708008e-01 3.329037725925445557e-01 -7.447757720947265625e-01 8.209422230720520020e-01 1.659191250801086426e-01 2.727183699607849121e-01 -2.134703695774078369e-01 2.709479331970214844e-01 -1.120264381170272827e-01 -8.627815246582031250e-01 2.701372504234313965e-01 -4.074368625879287720e-02 3.435829281806945801e-01 -1.653190106153488159e-01 -5.960388481616973877e-02 9.506513178348541260e-02 -2.311485260725021362e-02 6.153439879417419434e-01 7.028892040252685547e-01 -7.955831289291381836e-02 -3.876195102930068970e-02 -3.137480616569519043e-01 -6.019048392772674561e-03 -1.466121822595596313e-01 1.605610698461532593e-01
-2.238016724586486816e-01 3.111587762832641602e-01 -1.743386685848236084e-02 7.150458544492721558e-02 1.557158976793289185e-01 -1.193557232618331909e-01 2.275300323963165283e-01 -2.847426831722259521e-01 -4.344286918640136719e-01 1.860193908214569092e-01 -6.280912160873413086e-01 -1.340412199497222900e-01 -3.248981535434722900e-01 3.860633075237274170e-01 -1.780583858489990234e-01 -6.492981314659118652e-01 -3.127299249172210693e-02 -1.806648075580596924e-02 -5.462215542793273926e-01 2.323639690876007080e-01 -1.369017064571380615e-01 -8.223806321620941162e-02 -1.934003084897994995e-02 3.342915177345275879e-01 3.111831545829772949e-01 -4.551010429859161377e-01 -1.147226914763450623e-01 -1.971307098865509033e-01 1.245034188032150269e-01 -3.807874619960784912e-01 3.383949697017669678e-01 3.582891225814819336e-01 1.773684769868850708e-01 1.353628039360046387e-01 2.693289816379547119e-01 1.358487308025360107e-01 2.627476453781127930e-01 -9.657782316207885742e-02 -1.367188990116119385e-01 -4.437037706375122070e-01 4.139457345008850098e-01 -9.086742401123046875e-01 6.891802549362182617e-01 1.122037619352340698e-01 1.734701544046401978e-01 -3.004072308540344238e-01 1.775117665529251099e-01 9.287033975124359131e-02 -9.345126748085021973e-01 2.047316730022430420e-01 -8.468329906463623047e-05 2.831218838691711426e-01 -8.449562638998031616e-02 -8.333052694797515869e-02 2.203338593244552612e-01 2.394974976778030396e-02 5.361527800559997559e-01 7.612382173538208008e-01 -1.566087305545806885e-01 -1.036426424980163574e-02 -2.846134901046752930e-01 -1.610357761383056641e-01 -2.641577720642089844e-01 2.580715119838714600e-01
-2.701565325260162354e-01 4.185816645622253418e-01 6.847734749317169189e-02 -2.527158707380294800e-02 9.846498072147369385e-02 -1.427361518144607544e-01 1.594628095626831055e-01 -3.585697114467620850e-01 -4.627541005611419678e-01 9.048847854137420654e-02 -4.487414360046386719e-01 -7.701919227838516235e-02 -1.949449330568313599e-01 3.593055605888366699e-01 -3.043967187404632568e-01 -8.056315183639526367e-01 -9.017694741487503052e-02 -1.515212059020996094e-01 -5.865640044212341309e-01 3.332408964633941650e-01 -3.291369080543518066e-01 -9.815345704555511475e-02 1.876419484615325928e-01 4.445848166942596436e-01 3.458170890808105469e-01 -3.497515320777893066e-01 -2.560722231864929199e-01 -1.703141033649444580e-01 3.477583229541778564e-01 -4.444486200809478760e-01 2.650866806507110596e-01 4.569790959358215332e-01 -1.711776405572891235e-01 2.044320404529571533e-01 4.832761585712432861e-01 1.590676009654998779e-01 2.121992707252502441e-01 -3.931048512458801270e-02 1.727629452943801880e-02 -6.033491492271423340e-01 5.527009963989257812e-01 -1.117653012275695801e+00 7.469963431358337402e-01 2.949129939079284668e-01 4.541193321347236633e-02 -2.852258086204528809e-01 -8.508428931236267090e-02 2.711723446846008301e-01 -1.080556154251098633e+00 2.335992455482482910e-01 -2.369897365570068359e-01 1.787994652986526489e-01 8.154605329036712646e-02 -1.328401565551757812e-01 2.036783546209335327e-01 2.381695210933685303e-01 6.436564326286315918e-01 8.057059049606323242e-01 -1.982664316892623901e-01 6.055176258087158203e-03 -3.138556778430938721e-01 -2.200477123260498047e-01 -5.119858384132385254e-01 1.999683529138565063e-01
-1.689063608646392822e-01 1.659989506006240845e-01 1.984116435050964355e-02 -1.427635848522186279e-01 1.740124672651290894e-01 -3.353454172611236572e-02 1.545555144548416138e-01 -2.292502373456954956e-01 -3.958500325679779053e-01 4.325497150421142578e-01 -7.255316376686096191e-01 -4.987218230962753296e-02 -2.244754284620285034e-01 5.148830413818359375e-01 7.448950409889221191e-02 -6.384069919586181641e-01 2.306552082300186157e-01 -1.259366720914840698e-01 -4.228041172027587891e-01 4.103099405765533447e-01 -1.381639242172241211e-01 -6.397057324647903442e-03 -1.571879684925079346e-01 4.210326373577117920e-01 1.617158353328704834e-01 -6.088792085647583008e-01 -8.302886039018630981e-02 1.226112246513366699e-03 -2.866959944367408752e-02 -5.121104121208190918e-01 2.162487804889678955e-01 3.476955890655517578e-01 3.133178651332855225e-01 1.805143058300018311e-01 1.683645322918891907e-02 2.140675187110900879e-01 2.255910933017730713e-01 -6.179629266262054443e-02 -8.466602861881256104e-02 -2.559178471565246582e-01 3.750953376293182373e-01 -6.607515811920166016e-01 6.056295037269592285e-01 1.905377507209777832e-01 6.159813702106475830e-02 -9.028595685958862305e-02 4.050896763801574707e-01 -1.487765908241271973e-01 -8.555566072463989258e-01 1.986964046955108643e-01 1.852465569972991943e-01 5.173994898796081543e-01 -1.385286897420883179e-01 -9.425058960914611816e-03 1.472254395484924316e-01 -2.382487803697586060e-02 5.556324720382690430e-01 7.022502422332763672e-01 2.335202321410179138e-02 3.950313478708267212e-02 -3.199925422668457031e-01 9.579219669103622437e-02 -2.201963812112808228e-01 3.443039953708648682e-03
-2.629355192184448242e-01 9.605048596858978271e-02 5.088602006435394287e-02 -7.371590286493301392e-02 1.116241812705993652e-01 -1.809525191783905029e-01 2.550154328346252441e-01 -8.149679005146026611e-02 -3.280287683010101318e-01 5.186036229133605957e-01 -8.185856342315673828e-01 3.821481764316558838e-02 -2.903775870800018311e-01 5.082693099975585938e-01 1.431502401828765869e-01 -4.083669483661651611e-01 2.749023735523223877e-01 1.014982014894485474e-01 -4.360058903694152832e-01 1.398676186800003052e-01 3.078704327344894409e-02 -4.498435184359550476e-02 -2.784349620342254639e-01 1.226695626974105835e-01 2.376590967178344727e-01 -5.126304626464843750e-01 7.506506145000457764e-02 -5.312968790531158447e-02 -1.592861562967300415e-01 -3.006072640419006348e-01 2.818434536457061768e-01 2.731209397315979004e-01 5.327963232994079590e-01 1.117997691035270691e-01 -1.144690886139869690e-01 2.215762734413146973e-01 3.008972406387329102e-01 5.652632564306259155e-02 -2.816362082958221436e-01 -1.785858422517776489e-01 1.527819037437438965e-01 -4.615090489387512207e-01 5.121391415596008301e-01 5.578637123107910156e-03 1.923338770866394043e-01 -2.822154201567173004e-02 5.729723572731018066e-01 -3.305114507675170898e-01 -6.360932588577270508e-01 1.738209426403045654e-01 1.939301490783691406e-01 4.561904370784759521e-01 -3.684280514717102051e-01 -4.910713434219360352e-02 1.587383598089218140e-01 -2.275212407112121582e-01 5.259850025177001953e-01 7.364388704299926758e-01 1.629168540239334106e-01 1.587160825729370117e-01 -2.168056964874267578e-01 5.967535078525543213e-03 1.631177961826324463e-02 1.945649385452270508e-01
-1.916518807411193848e-01 3.117784857749938965e-01 -4.879439622163772583e-02 -2.636254578828811646e-02 1.097671091556549072e-01 -1.560434252023696899e-01 2.680966556072235107e-01 -2.876837849617004395e-01 -4.596920609474182129e-01 1.346365809440612793e-01 -5.452645421028137207e-01 -5.332028120756149292e-02 -3.755051791667938232e-01 3.113597035408020020e-01 -1.216707974672317505e-01 -6.460364460945129395e-01 -8.533200621604919434e-02 2.515779435634613037e-02 -5.670045614242553711e-01 2.192287743091583252e-01 -2.746307253837585449e-01 -6.506004929542541504e-02 6.326609104871749878e-02 3.539942800998687744e-01 2.646082043647766113e-01 -3.783887028694152832e-01 -1.162990480661392212e-01 -1.979684531688690186e-01 1.400256305932998657e-01 -3.893819153308868408e-01 2.938738167285919189e-01 4.026535749435424805e-01 1.235499978065490723e-01 9.876959770917892456e-02 4.085856378078460693e-01 1.943688690662384033e-01 3.257779181003570557e-01 -1.632011383771896362e-01 -1.610200405120849609e-01 -4.322479963302612305e-01 3.880292773246765137e-01 -9.490502476692199707e-01 6.806207299232482910e-01 1.503085494041442871e-01 5.326583236455917358e-02 -3.222590684890747070e-01 1.767278164625167847e-01 1.349179148674011230e-01 -9.495207667350769043e-01 1.826597750186920166e-01 -7.257602363824844360e-02 2.506141662597656250e-01 -1.145670711994171143e-01 -1.908023655414581299e-01 1.711717396974563599e-01 1.127884760499000549e-01 5.961987972259521484e-01 7.404972910881042480e-01 -1.300777047872543335e-01 1.787482947111129761e-02 -3.364048600196838379e-01 -2.069854438304901123e-01 -2.827635109424591064e-01 2.251995205879211426e-01
-3.266718387603759766e-01 3.784185647964477539e-01 -3.448783606290817261e-02 9.264796227216720581e-02 8.393369615077972412e-02 -1.255696415901184082e-01 2.799616456031799316e-01 -4.177273511886596680e-01 -4.798957407474517822e-01 -5.871690809726715088e-02 -3.204705715179443359e-01 -7.799334079027175903e-02 -3.785177767276763916e-01 2.040948271751403809e-01 -3.704573214054107666e-01 -7.815965414047241211e-01 -2.774311900138854980e-01 4.408544301986694336e-02 -6.023517251014709473e-01 1.445479542016983032e-01 -3.493942618370056152e-01 -1.682824939489364624e-01 1.096338853240013123e-01 3.587902784347534180e-01 3.718832731246948242e-01 -1.779513359069824219e-01 -1.797637343406677246e-01 -3.086910247802734375e-01 1.344324648380279541e-01 -2.660008370876312256e-01 4.179034531116485596e-01 3.460152149200439453e-01 -1.739197522401809692e-01 5.340781807899475098e-02 6.399363279342651367e-01 2.532124519348144531e-01 3.489693403244018555e-01 -3.041464388370513916e-01 -4.379668086767196655e-02 -5.008835196495056152e-01 6.063795089721679688e-01 -1.196896553039550781e+00 8.626620173454284668e-01 3.593112826347351074e-01 4.716018959879875183e-02 -4.901951551437377930e-01 -1.043313592672348022e-01 3.168766498565673828e-01 -9.605680704116821289e-01 4.233842715620994568e-02 -2.999224662780761719e-01 8.254627138376235962e-02 9.229506552219390869e-02 -3.875313401222229004e-01 3.939898312091827393e-02 2.389345467090606689e-01 6.156477332115173340e-01 6.353213191032409668e-01 -2.844744026660919189e-01 -1.241770535707473755e-01 -3.499846160411834717e-01 -2.074636816978454590e-01 -3.592452406883239746e-01 3.036117255687713623e-01
-3.139948248863220215e-01 1.476082503795623779e-01 -2.066080272197723389e-02 -1.740982383489608765e-02 9.215478599071502686e-02 -1.374526172876358032e-01 2.333863675594329834e-01 -1.070130020380020142e-01 -3.359085023403167725e-01 5.184816718101501465e-01 -8.578257560729980469e-01 4.471851885318756104e-02 -2.583883106708526611e-01 4.746832549571990967e-01 9.326052665710449219e-02 -4.347818791866302490e-01 1.800542771816253662e-01 6.279484182596206665e-02 -4.605856537818908691e-01 1.032086014747619629e-01 -2.639636397361755371e-03 -8.696901798248291016e-02 -2.807565331459045410e-01 1.362570226192474365e-01 2.732294797897338867e-01 -4.921325147151947021e-01 3.622604906558990479e-02 -8.679421246051788330e-02 -1.103670597076416016e-01 -3.318046033382415771e-01 2.870827913284301758e-01 2.548061013221740723e-01 4.942459762096405029e-01 8.996481448411941528e-02 -5.544409900903701782e-02 1.925835162401199341e-01 2.721145153045654297e-01 3.712002933025360107e-02 -2.503812611103057861e-01 -2.451358288526535034e-01 1.890336573123931885e-01 -4.670465290546417236e-01 5.992831587791442871e-01 3.198148310184478760e-02 2.440267801284790039e-01 -8.674772083759307861e-02 5.063917636871337891e-01 -2.855970263481140137e-01 -6.898688077926635742e-01 1.798757463693618774e-01 1.390994936227798462e-01 4.720497429370880127e-01 -3.297391533851623535e-01 -4.706783592700958252e-02 1.759103089570999146e-01 -1.812170445919036865e-01 5.234087705612182617e-01 7.177796959877014160e-01 1.006492376327514648e-01 7.445850223302841187e-02 -2.344298809766769409e-01 9.761154651641845703e-03 3.809149563312530518e-02 1.846231371164321899e-01
-3.670215904712677002e-01 7.339924573898315430e-02 -6.347253918647766113e-03 -9.517960995435714722e-02 1.761409491300582886e-01 -1.368559710681438446e-02 1.385448276996612549e-01 -1.200359910726547241e-01 -3.178092241287231445e-01 6.576654911041259766e-01 -8.807879090309143066e-01 1.280447244644165039e-01 -1.308320015668869019e-01 5.365306138992309570e-01 2.718740105628967285e-01 -5.346361398696899414e-01 3.053587675094604492e-01 3.421585261821746826e-02 -3.745138347148895264e-01 2.115548700094223022e-01 -8.904131501913070679e-02 -6.787723302841186523e-02 -4.067266285419464111e-01 1.824886053800582886e-01 2.027217298746109009e-01 -5.529276132583618164e-01 6.835154443979263306e-02 4.034355282783508301e-02 -3.006050586700439453e-01 -3.943198621273040771e-01 2.127872258424758911e-01 1.497399955987930298e-01 6.317294239997863770e-01 7.875088602304458618e-02 -1.800318658351898193e-01 2.428841143846511841e-01 2.191271483898162842e-01 -6.946324370801448822e-03 -2.329864501953125000e-01 -7.242631167173385620e-03 2.141574025154113770e-01 -2.916685342788696289e-01 6.353375315666198730e-01 1.470491886138916016e-01 1.220808029174804688e-01 3.694690763950347900e-03 6.258220672607421875e-01 -4.744010567665100098e-01 -5.843528509140014648e-01 1.477358937263488770e-01 2.068329453468322754e-01 5.874810218811035156e-01 -3.243920207023620605e-01 -7.618045806884765625e-02 4.690445959568023682e-02 -1.427257657051086426e-01 5.427119135856628418e-01 6.132213473320007324e-01 1.746543645858764648e-01 5.004917830228805542e-02 -3.149021565914154053e-01 2.300953269004821777e-01 4.618581756949424744e-02 -7.561802864074707031e-02
-4.599808156490325928e-01 5.507375299930572510e-02 4.564203321933746338e-03 -9.706420451402664185e-02 5.414672195911407471e-02 -1.477902680635452271e-01 2.168098092079162598e-01 -1.784007251262664795e-02 -2.829358577728271484e-01 7.920244932174682617e-01 -9.586405158042907715e-01 2.031686007976531982e-01 -1.104395389556884766e-01 5.302678346633911133e-01 2.251814007759094238e-01 -3.183732330799102783e-01 2.860994935035705566e-01 1.111692190170288086e-02 -3.557949066162109375e-01 8.955356478691101074e-02 9.729865938425064087e-02 -1.194665879011154175e-01 -4.874927401542663574e-01 3.911986574530601501e-02 2.908326089382171631e-01 -4.901162981986999512e-01 1.554531455039978027e-01 1.546715945005416870e-02 -2.568728327751159668e-01 -3.064527511596679688e-01 2.758830189704895020e-01 9.193865209817886353e-02 6.912472248077392578e-01 6.727897375822067261e-02 -2.705707550048828125e-01 2.696401476860046387e-01 1.756865084171295166e-01 2.004212141036987305e-01 -3.193128705024719238e-01 -4.206404462456703186e-02 1.994237303733825684e-02 -1.418428272008895874e-01 5.845401287078857422e-01 8.116850256919860840e-02 2.662269771099090576e-01 5.271556973457336426e-02 7.072340250015258789e-01 -5.859146118164062500e-01 -5.391273498535156250e-01 1.607346236705780029e-01 2.275942265987396240e-01 6.211600899696350098e-01 -4.066889286041259766e-01 -8.052831888198852539e-02 6.855683028697967529e-02 -3.022173047065734863e-01 5.332441329956054688e-01 6.336612701416015625e-01 3.087569773197174072e-01 1.521865129470825195e-01 -2.135386914014816284e-01 1.763806045055389404e-01 1.868813186883926392e-01 3.855666145682334900e-02
-1.681251525878906250e-01 3.807696700096130371e-01 -6.762035191059112549e-03 -1.089380010962486267e-01 1.850637048482894897e-01 -8.200541883707046509e-02 1.996264159679412842e-01 -3.312152922153472900e-01 -4.727177917957305908e-01 1.024311706423759460e-01 -4.891738295555114746e-01 -6.204593926668167114e-02 -2.530583441257476807e-01 4.226215779781341553e-01 -1.578824669122695923e-01 -8.708257675170898438e-01 3.055514954030513763e-02 -1.083990931510925293e-01 -5.029311776161193848e-01 3.980322480201721191e-01 -3.382823467254638672e-01 -6.926518678665161133e-02 1.129941865801811218e-01 4.910488426685333252e-01 2.155774831771850586e-01 -4.155568480491638184e-01 -2.212353646755218506e-01 -1.062508821487426758e-01 1.462498009204864502e-01 -5.362225174903869629e-01 2.542851865291595459e-01 4.087100028991699219e-01 6.671898066997528076e-02 1.346694231033325195e-01 3.948751688003540039e-01 2.107690274715423584e-01 2.732411026954650879e-01 -2.487816363573074341e-01 -5.003610998392105103e-02 -3.873395919799804688e-01 6.090998053550720215e-01 -1.009011149406433105e+00 7.242847681045532227e-01 3.060796260833740234e-01 -2.903821319341659546e-02 -3.332448601722717285e-01 7.067304849624633789e-02 1.729723960161209106e-01 -1.008388638496398926e+00 1.638353765010833740e-01 -5.993028730154037476e-02 2.576394081115722656e-01 2.955077588558197021e-02 -1.752476692199707031e-01 6.564168632030487061e-02 2.225371301174163818e-01 6.378030180931091309e-01 7.161987423896789551e-01 -2.643803358078002930e-01 -3.784627467393875122e-02 -4.247761070728302002e-01 -1.092692390084266663e-01 -4.305489361286163330e-01 4.352328181266784668e-02
-7.336462289094924927e-02 3.213187456130981445e-01 -9.457185864448547363e-03 -1.418530642986297607e-01 2.197057455778121948e-01 -5.868957191705703735e-02 2.452875673770904541e-01 -3.323078751564025879e-01 -4.645692408084869385e-01 5.354011803865432739e-02 -5.225987434387207031e-01 -1.343995034694671631e-01 -2.912687361240386963e-01 3.543370366096496582e-01 -1.607192158699035645e-01 -8.301624655723571777e-01 1.143118645995855331e-02 -1.095986962318420410e-01 -4.475396871566772461e-01 4.690108597278594971e-01 -2.476998865604400635e-01 -1.207637414336204529e-02 1.317501068115234375e-01 5.424672365188598633e-01 1.851413995027542114e-01 -4.658303260803222656e-01 -2.153896093368530273e-01 -1.349828690290451050e-01 1.962449401617050171e-01 -5.586759448051452637e-01 2.475066184997558594e-01 4.525488018989562988e-01 6.327725946903228760e-02 1.494494974613189697e-01 4.125323891639709473e-01 2.107146680355072021e-01 3.116365373134613037e-01 -2.253592759370803833e-01 -2.013164758682250977e-02 -4.372092187404632568e-01 5.614085197448730469e-01 -1.052545547485351562e+00 6.432532668113708496e-01 2.412272989749908447e-01 -1.020662784576416016e-01 -3.497812151908874512e-01 6.404237449169158936e-02 2.518021464347839355e-01 -1.001856088638305664e+00 1.463807225227355957e-01 -1.019438356161117554e-02 2.742038667201995850e-01 1.759703271090984344e-02 -1.551825553178787231e-01 1.330521255731582642e-01 2.305736988782882690e-01 5.820947289466857910e-01 7.506851553916931152e-01 -2.800381481647491455e-01 6.319776177406311035e-03 -3.802327215671539307e-01 -1.374658346176147461e-01 -4.067140519618988037e-01 7.450336217880249023e-02
-3.233115673065185547e-01 1.280073672533035278e-01 1.172692626714706421e-01 -3.169445097446441650e-01 2.009163051843643188e-01 1.498957723379135132e-01 3.363104164600372314e-02 -1.578620225191116333e-01 -3.369071781635284424e-01 5.710887312889099121e-01 -8.096542358398437500e-01 1.101453378796577454e-01 -2.640509977936744690e-02 6.161392927169799805e-01 3.561441004276275635e-01 -7.521885037422180176e-01 3.577385246753692627e-01 -1.570527851581573486e-01 -3.379516005516052246e-01 4.622793495655059814e-01 -2.479405999183654785e-01 -6.342457234859466553e-02 -2.352471351623535156e-01 4.274159371852874756e-01 5.255213007330894470e-03 -6.459274291992187500e-01 -1.075611263513565063e-02 2.017291933298110962e-01 -1.806871145963668823e-01 -6.160948276519775391e-01 4.110175743699073792e-02 2.403085827827453613e-01 5.621353983879089355e-01 1.789434552192687988e-01 -1.040011867880821228e-01 2.841327190399169922e-01 1.526218354701995850e-01 -8.116750419139862061e-02 -1.502139568328857422e-01 2.206675708293914795e-04 2.280383408069610596e-01 -3.282491564750671387e-01 6.976441740989685059e-01 2.997785806655883789e-01 2.899846807122230530e-02 -1.720093935728073120e-02 5.494072437286376953e-01 -4.812238812446594238e-01 -7.008748650550842285e-01 2.521744072437286377e-01 1.764992475509643555e-01 6.309478282928466797e-01 -3.137157559394836426e-01 6.013469398021697998e-02 4.464900493621826172e-02 -2.129451185464859009e-02 5.565643310546875000e-01 5.956640243530273438e-01 1.528576612472534180e-01 3.936152905225753784e-02 -3.828530013561248779e-01 3.582933247089385986e-01 -1.368084549903869629e-01 -2.809578776359558105e-01
-4.416680932044982910e-01 -2.473912388086318970e-02 6.095048785209655762e-02 -5.667815357446670532e-02 7.761667668819427490e-02 -1.693116426467895508e-01 1.761693209409713745e-01 -4.394248127937316895e-03 -2.372182905673980713e-01 7.714121341705322266e-01 -9.454126358032226562e-01 1.623833924531936646e-01 -9.435811638832092285e-02 5.254877805709838867e-01 2.044803947210311890e-01 -2.945135533809661865e-01 3.120713233947753906e-01 1.287173926830291748e-01 -3.414926826953887939e-01 6.081307679414749146e-02 2.094910442829132080e-01 -9.139142930507659912e-02 -5.030109286308288574e-01 -5.744689702987670898e-02 3.165764510631561279e-01 -4.981052875518798828e-01 1.389136314392089844e-01 4.731138050556182861e-02 -3.755381405353546143e-01 -2.029251158237457275e-01 2.404908686876296997e-01 1.108955591917037964e-01 7.330605387687683105e-01 9.150954335927963257e-02 -3.364138305187225342e-01 2.393691241741180420e-01 2.244135439395904541e-01 1.938624233007431030e-01 -3.378092050552368164e-01 -5.603961646556854248e-03 -6.544680148363113403e-02 -1.854835748672485352e-01 5.050812363624572754e-01 -4.478876292705535889e-02 2.507892251014709473e-01 1.020606011152267456e-01 6.748433113098144531e-01 -6.298801898956298828e-01 -4.895962476730346680e-01 1.520029902458190918e-01 2.230960130691528320e-01 5.507490038871765137e-01 -4.115900993347167969e-01 -8.444517850875854492e-03 9.043197333812713623e-02 -3.496387302875518799e-01 4.865897297859191895e-01 6.550021767616271973e-01 3.108035624027252197e-01 1.780071556568145752e-01 -1.596073359251022339e-01 2.208787500858306885e-01 2.309323996305465698e-01 1.083856076002120972e-01
-3.539348840713500977e-01 -1.755450665950775146e-01 -4.300382733345031738e-02 -6.935114413499832153e-02 2.048651874065399170e-02 -2.030666917562484741e-01 4.025293290615081787e-01 5.116841197013854980e-02 -3.152513206005096436e-01 6.267044544219970703e-01 -8.987800478935241699e-01 1.683345139026641846e-01 -3.904712498188018799e-01 3.711031377315521240e-01 1.796594262123107910e-01 -2.477550804615020752e-01 2.720017135143280029e-01 3.079407215118408203e-01 -2.575194537639617920e-01 -1.283860057592391968e-01 3.064256608486175537e-01 -1.371126621961593628e-01 -5.607987046241760254e-01 -1.067712008953094482e-01 1.834329813718795776e-01 -3.789045214653015137e-01 1.833211183547973633e-01 -2.300627529621124268e-02 -4.681381285190582275e-01 -8.353453129529953003e-02 3.910538256168365479e-01 1.445995122194290161e-01 7.720924019813537598e-01 -1.673519164323806763e-01 -2.252496182918548584e-01 3.038100004196166992e-01 3.486167192459106445e-01 -2.977364510297775269e-02 -4.760547876358032227e-01 5.588650330901145935e-02 -1.046767160296440125e-01 -1.473305970430374146e-01 4.163876473903656006e-01 -1.250876039266586304e-01 2.143521606922149658e-01 -4.220966622233390808e-02 7.913211584091186523e-01 -6.604755520820617676e-01 -4.359418749809265137e-01 6.412896513938903809e-02 3.134859204292297363e-01 4.799605011940002441e-01 -5.732049942016601562e-01 -1.795741319656372070e-01 9.135045111179351807e-02 -3.938170671463012695e-01 4.178676903247833252e-01 5.613173842430114746e-01 2.793033421039581299e-01 1.803384423255920410e-01 -1.378960162401199341e-01 9.574558585882186890e-02 4.941627979278564453e-01 1.694041937589645386e-01
-1.738919019699096680e-01 3.311904668807983398e-01 7.620817422866821289e-02 -2.580339312553405762e-01 2.738513350486755371e-01 1.240877360105514526e-01 -4.725456237792968750e-03 -3.844726979732513428e-01 -5.313390493392944336e-01 2.208363413810729980e-01 -5.124173760414123535e-01 -8.873086422681808472e-02 -7.020291686058044434e-02 5.535938739776611328e-01 6.292417645454406738e-03 -1.061481356620788574e+00 2.115178853273391724e-01 -3.397349715232849121e-01 -3.138555288314819336e-01 6.919645667076110840e-01 -4.903495311737060547e-01 8.918417990207672119e-02 1.321219503879547119e-01 7.991968393325805664e-01 9.350929409265518188e-02 -5.977907180786132812e-01 -2.995671033859252930e-01 1.437406837940216064e-01 1.919071376323699951e-01 -7.445748448371887207e-01 4.607241228222846985e-02 4.218162298202514648e-01 6.499108672142028809e-02 1.934551000595092773e-01 3.186179697513580322e-01 1.897965371608734131e-01 9.753989428281784058e-02 -1.298262923955917358e-01 8.874715864658355713e-02 -2.567339837551116943e-01 6.518942117691040039e-01 -9.562578201293945312e-01 7.182615399360656738e-01 4.093847274780273438e-01 -2.668181061744689941e-01 -1.870611906051635742e-01 2.164083123207092285e-01 1.026282161474227905e-01 -1.079809784889221191e+00 2.454815208911895752e-01 1.068900078535079956e-01 3.730303645133972168e-01 9.410405158996582031e-02 -1.090789586305618286e-01 9.218789637088775635e-02 3.024285137653350830e-01 5.717797875404357910e-01 7.129204869270324707e-01 -2.665485739707946777e-01 2.332598716020584106e-02 -3.788114786148071289e-01 -7.302159070968627930e-02 -6.335738897323608398e-01 -3.702313005924224854e-01
-1.714558303356170654e-01 2.543707489967346191e-01 -7.796073704957962036e-02 4.734159260988235474e-02 2.284166961908340454e-02 -1.896453797817230225e-01 3.642545044422149658e-01 -2.561469972133636475e-01 -4.443016052246093750e-01 9.311486780643463135e-02 -6.133899092674255371e-01 -7.623865455389022827e-02 -5.108342170715332031e-01 2.818748950958251953e-01 -1.997738480567932129e-01 -5.203588008880615234e-01 -6.484451889991760254e-02 1.112053692340850830e-01 -5.520415306091308594e-01 6.932204216718673706e-02 -1.217662915587425232e-01 -1.267278343439102173e-01 -5.402275919914245605e-02 2.411804795265197754e-01 2.865008115768432617e-01 -3.625867366790771484e-01 -1.108830571174621582e-01 -3.101882636547088623e-01 1.549347788095474243e-01 -2.839203178882598877e-01 4.211961030960083008e-01 4.512470364570617676e-01 8.879569172859191895e-02 2.545738965272903442e-02 3.410562872886657715e-01 1.748103499412536621e-01 3.472836911678314209e-01 -1.595648378133773804e-01 -1.834609210491180420e-01 -5.065191984176635742e-01 3.586745560169219971e-01 -9.118356108665466309e-01 6.491531729698181152e-01 6.781044602394104004e-02 2.226912081241607666e-01 -3.283649682998657227e-01 1.946379542350769043e-01 1.479886472225189209e-01 -9.065946340560913086e-01 1.886449754238128662e-01 -4.451312869787216187e-02 2.389213442802429199e-01 -2.270527929067611694e-01 -1.483708322048187256e-01 2.670524716377258301e-01 1.475904136896133423e-02 5.183379650115966797e-01 7.489689588546752930e-01 -9.977933764457702637e-02 -1.055855304002761841e-02 -2.409881800413131714e-01 -2.770036756992340088e-01 -9.564653784036636353e-02 4.082553684711456299e-01
-1.003772318363189697e-01 3.883488178253173828e-01 8.042241632938385010e-02 -2.424821257591247559e-01 1.942764073610305786e-01 -2.465871535241603851e-02 1.631720662117004395e-01 -4.409639835357666016e-01 -5.744506120681762695e-01 4.313790053129196167e-02 -4.011819362640380859e-01 -1.163128837943077087e-01 -1.575208753347396851e-01 3.886719942092895508e-01 -1.728318482637405396e-01 -1.000426650047302246e+00 2.614286541938781738e-02 -2.029857337474822998e-01 -3.527348339557647705e-01 6.398316621780395508e-01 -4.173663258552551270e-01 5.063162371516227722e-02 2.219537794589996338e-01 7.099786996841430664e-01 1.701343953609466553e-01 -4.347347617149353027e-01 -3.352565467357635498e-01 -9.127056598663330078e-02 2.918923199176788330e-01 -6.013371348381042480e-01 1.809374690055847168e-01 5.085455775260925293e-01 -1.055798381567001343e-01 1.885766983032226562e-01 5.641999244689941406e-01 2.681322097778320312e-01 2.579084932804107666e-01 -1.461398601531982422e-01 1.449290961027145386e-01 -4.559926390647888184e-01 7.110970020294189453e-01 -1.176013469696044922e+00 6.641001701354980469e-01 3.687651157379150391e-01 -3.143752217292785645e-01 -3.641672730445861816e-01 -1.558676734566688538e-02 3.337879776954650879e-01 -1.080231785774230957e+00 1.154516339302062988e-01 1.844674348831176758e-03 2.354936599731445312e-01 1.339412629604339600e-01 -2.904734611511230469e-01 6.436847150325775146e-02 4.231944978237152100e-01 5.531869530677795410e-01 7.155422568321228027e-01 -3.716184496879577637e-01 1.124827340245246887e-01 -3.793751299381256104e-01 -2.164849042892456055e-01 -6.210070848464965820e-01 -1.168971210718154907e-01
-2.566630840301513672e-01 2.007379680871963501e-01 -3.213254362344741821e-02 -4.741764813661575317e-02 2.074698954820632935e-01 -5.204198509454727173e-02 1.754465997219085693e-01 -2.640423774719238281e-01 -3.548695445060729980e-01 3.884153962135314941e-01 -7.129831314086914062e-01 8.167430758476257324e-03 -2.651124298572540283e-01 4.762869775295257568e-01 5.329009890556335449e-02 -6.268083453178405762e-01 1.386675387620925903e-01 -4.754328727722167969e-02 -5.047785639762878418e-01 2.930656671524047852e-01 -1.985057592391967773e-01 -7.933600246906280518e-02 -1.975333988666534424e-01 3.121070265769958496e-01 1.775586605072021484e-01 -4.842824935913085938e-01 -2.412094734609127045e-02 -2.937731891870498657e-02 -7.340031862258911133e-02 -4.220347404479980469e-01 2.586481869220733643e-01 2.891055345535278320e-01 3.579210042953491211e-01 8.948030322790145874e-02 9.180020540952682495e-02 2.110362648963928223e-01 2.477957606315612793e-01 -1.473709493875503540e-01 -2.128949314355850220e-01 -2.384839504957199097e-01 3.587738573551177979e-01 -6.671690940856933594e-01 6.864693760871887207e-01 2.026541978120803833e-01 9.990660846233367920e-02 -1.575752198696136475e-01 3.513855040073394775e-01 -1.714930236339569092e-01 -8.476250171661376953e-01 1.743952482938766479e-01 8.988496661186218262e-02 4.468496143817901611e-01 -2.053239196538925171e-01 -5.696356296539306641e-02 4.773448407649993896e-02 -4.800148308277130127e-03 5.649357438087463379e-01 6.550304889678955078e-01 -3.228236362338066101e-02 1.476614922285079956e-02 -3.226698637008666992e-01 5.916217714548110962e-02 -1.517486870288848877e-01 3.782632201910018921e-02
-2.274078130722045898e-01 2.780622243881225586e-01 -4.813110828399658203e-02 3.031883388757705688e-02 1.185358762741088867e-01 -9.889532625675201416e-02 2.188819348812103271e-01 -2.181874066591262817e-01 -4.230310022830963135e-01 2.800107598304748535e-01 -6.625391244888305664e-01 -8.074817806482315063e-02 -2.807500362396240234e-01 3.975137174129486084e-01 -7.860127091407775879e-02 -6.745095252990722656e-01 2.014314942061901093e-02 -3.274638950824737549e-02 -4.845924973487854004e-01 3.006535768508911133e-01 -1.463055610656738281e-01 -5.503245070576667786e-02 -7.840547710657119751e-02 3.568936288356781006e-01 2.686223387718200684e-01 -4.544606804847717285e-01 -8.981326222419738770e-02 -1.105521768331527710e-01 3.508865460753440857e-02 -4.467131197452545166e-01 2.966469824314117432e-01 3.128140568733215332e-01 2.633365988731384277e-01 1.466348171234130859e-01 2.419341802597045898e-01 1.393342167139053345e-01 1.947424709796905518e-01 -4.042255505919456482e-02 -1.386334747076034546e-01 -3.389517068862915039e-01 3.367397785186767578e-01 -8.093106746673583984e-01 6.947937011718750000e-01 1.153350174427032471e-01 1.172588691115379333e-01 -2.418970316648483276e-01 2.589982151985168457e-01 1.015283167362213135e-02 -8.945069313049316406e-01 2.186007499694824219e-01 4.843723773956298828e-02 3.772289454936981201e-01 -1.028640419244766235e-01 -6.789371371269226074e-02 1.958748251199722290e-01 2.377904951572418213e-03 5.352764129638671875e-01 7.569422721862792969e-01 -6.897854804992675781e-02 4.348013550043106079e-02 -2.977176010608673096e-01 -1.183875650167465210e-01 -2.484505325555801392e-01 1.647782176733016968e-01
-4.814019203186035156e-01 -1.190384179353713989e-01 6.603300571441650391e-03 -1.146670356392860413e-01 8.273659646511077881e-02 -1.353508383035659790e-01 2.065226733684539795e-01 4.314090311527252197e-02 -2.225666493177413940e-01 8.660166263580322266e-01 -9.844983220100402832e-01 2.745420932769775391e-01 -1.233543008565902710e-01 5.595679283142089844e-01 3.325858712196350098e-01 -2.757654190063476562e-01 4.083047807216644287e-01 1.736913323402404785e-01 -2.313236892223358154e-01 -8.151615969836711884e-03 2.107789218425750732e-01 -1.252590864896774292e-01 -6.682540178298950195e-01 -1.181653887033462524e-01 2.423782348632812500e-01 -4.711177051067352295e-01 1.947956979274749756e-01 1.232025474309921265e-01 -5.484606027603149414e-01 -1.574699878692626953e-01 2.584241330623626709e-01 3.833347558975219727e-02 8.871570825576782227e-01 -3.255895525217056274e-02 -4.406352937221527100e-01 3.311139941215515137e-01 2.590899467468261719e-01 1.160064116120338440e-01 -4.234935045242309570e-01 1.612429022789001465e-01 -8.100833743810653687e-02 4.426959156990051270e-02 4.922466874122619629e-01 4.709079861640930176e-03 2.337301075458526611e-01 1.318866908550262451e-01 8.184005618095397949e-01 -8.173589110374450684e-01 -3.460429906845092773e-01 9.798324108123779297e-02 3.088765144348144531e-01 5.981738567352294922e-01 -5.452549457550048828e-01 -1.042183935642242432e-01 -2.246655523777008057e-02 -3.507674336433410645e-01 4.606857299804687500e-01 5.462481975555419922e-01 3.544355630874633789e-01 1.926602721214294434e-01 -1.659008413553237915e-01 3.071506023406982422e-01 4.211863875389099121e-01 -3.182649239897727966e-02
-5.281373858451843262e-01 -5.329271405935287476e-02 2.773302793502807617e-02 -1.581987440586090088e-01 1.351915746927261353e-01 -5.883098393678665161e-02 1.313971877098083496e-01 6.313078105449676514e-02 -1.957233399152755737e-01 9.694642424583435059e-01 -1.029125928878784180e+00 3.334290683269500732e-01 1.306044682860374451e-02 5.991368293762207031e-01 3.862945437431335449e-01 -3.775697052478790283e-01 4.201938211917877197e-01 5.909869074821472168e-02 -2.591155767440795898e-01 1.154107898473739624e-01 1.059963107109069824e-01 -1.335709542036056519e-01 -6.323339939117431641e-01 -1.970656961202621460e-02 2.766890227794647217e-01 -5.090873241424560547e-01 2.277206182479858398e-01 1.673454493284225464e-01 -5.002549290657043457e-01 -3.169389069080352783e-01 2.011647224426269531e-01 -8.593499660491943359e-05 8.816050291061401367e-01 3.998634964227676392e-02 -4.614297449588775635e-01 3.176625967025756836e-01 1.463063657283782959e-01 1.717844307422637939e-01 -3.572709560394287109e-01 1.953462064266204834e-01 -7.263723760843276978e-02 1.296359002590179443e-01 5.692301392555236816e-01 1.108816489577293396e-01 2.398750782012939453e-01 1.959250420331954956e-01 8.660131692886352539e-01 -8.510100841522216797e-01 -3.732954859733581543e-01 1.508953273296356201e-01 2.765328884124755859e-01 6.855288743972778320e-01 -4.753997921943664551e-01 -4.561077058315277100e-02 -6.056566536426544189e-02 -3.494318425655364990e-01 5.307446718215942383e-01 5.232680439949035645e-01 4.140571057796478271e-01 1.143161877989768982e-01 -2.436847835779190063e-01 3.970977663993835449e-01 2.591149508953094482e-01 -1.641626507043838501e-01
-1.958223879337310791e-01 1.803661733865737915e-01 -3.912752121686935425e-02 -2.680451422929763794e-02 1.713856607675552368e-01 -9.185631573200225830e-02 2.938973307609558105e-01 -2.716826200485229492e-01 -4.091335833072662354e-01 2.225940525531768799e-01 -6.551534533500671387e-01 -6.065241247415542603e-02 -4.175341129302978516e-01 3.493434488773345947e-01 -2.373220771551132202e-02 -5.389607548713684082e-01 8.535461872816085815e-02 6.145130842924118042e-02 -5.132694840431213379e-01 1.737741082906723022e-01 -1.098551824688911438e-01 -8.149299025535583496e-02 -8.019950240850448608e-02 2.857234776020050049e-01 2.093807756900787354e-01 -4.872737228870391846e-01 -6.614591926336288452e-02 -1.241059154272079468e-01 -1.752801239490509033e-02 -3.721174895763397217e-01 3.391041159629821777e-01 3.702175617218017578e-01 2.959564030170440674e-01 5.637747794389724731e-02 2.171162068843841553e-01 2.216239571571350098e-01 3.705004155635833740e-01 -1.685098260641098022e-01 -2.585448324680328369e-01 -3.064774870872497559e-01 2.766715884208679199e-01 -7.865783572196960449e-01 6.170908808708190918e-01 1.163253486156463623e-01 1.229237839579582214e-01 -2.416566163301467896e-01 3.020762503147125244e-01 -1.002686172723770142e-01 -8.051368594169616699e-01 1.894591748714447021e-01 6.992724537849426270e-02 3.758454918861389160e-01 -2.498358637094497681e-01 -1.677855253219604492e-01 1.942974179983139038e-01 -1.554729789495468140e-02 5.417553782463073730e-01 7.119047641754150391e-01 -4.314964637160301208e-02 5.379541963338851929e-02 -3.121365308761596680e-01 -5.389203503727912903e-02 -6.882738322019577026e-02 1.855128258466720581e-01
-3.497441411018371582e-01 5.691324174404144287e-02 -6.236670911312103271e-02 6.330101937055587769e-02 1.077141612768173218e-01 -1.523784399032592773e-01 3.227080106735229492e-01 -6.092989444732666016e-02 -3.183872997760772705e-01 5.107712149620056152e-01 -7.993084192276000977e-01 6.903944164514541626e-02 -3.753515779972076416e-01 4.406561553478240967e-01 3.798189759254455566e-02 -4.123824536800384521e-01 1.666356474161148071e-01 1.884566545486450195e-01 -3.787769079208374023e-01 3.048204630613327026e-02 1.339714378118515015e-01 -1.359776705503463745e-01 -4.057248830795288086e-01 2.064048126339912415e-02 2.825033068656921387e-01 -3.585079312324523926e-01 8.284655958414077759e-02 -4.634714126586914062e-02 -3.255667984485626221e-01 -2.275918722152709961e-01 4.648547470569610596e-01 2.148391008377075195e-01 5.095360279083251953e-01 -1.162207499146461487e-02 -9.188442677259445190e-02 2.255808711051940918e-01 3.074759244918823242e-01 -5.995447561144828796e-02 -3.621415495872497559e-01 -1.203480213880538940e-01 5.412457883358001709e-02 -4.424604475498199463e-01 5.986865758895874023e-01 -1.938308775424957275e-02 2.755756378173828125e-01 -1.185304895043373108e-01 5.227850675582885742e-01 -4.262907505035400391e-01 -6.169791221618652344e-01 1.292153000831604004e-01 1.455370932817459106e-01 4.336201548576354980e-01 -4.439325928688049316e-01 -1.283333152532577515e-01 5.781185626983642578e-02 -2.760377824306488037e-01 4.532274603843688965e-01 6.159183979034423828e-01 1.698059290647506714e-01 7.233984023332595825e-02 -1.973001807928085327e-01 7.571817189455032349e-02 2.153845429420471191e-01 1.848475784063339233e-01
-2.470884323120117188e-01 2.793973684310913086e-01 -4.162024706602096558e-02 -2.925115078687667847e-02 2.356671839952468872e-01 -3.499357029795646667e-03 1.379595100879669189e-01 -2.963990271091461182e-01 -4.302967190742492676e-01 3.149929046630859375e-01 -6.712265014648437500e-01 -3.452835232019424438e-02 -2.226694971323013306e-01 4.383485019207000732e-01 3.856685012578964233e-02 -7.235363721847534180e-01 5.342717841267585754e-02 -1.014732643961906433e-01 -4.940938353538513184e-01 3.629606366157531738e-01 -2.723047435283660889e-01 -4.606020823121070862e-02 -8.074999600648880005e-02 4.169610738754272461e-01 2.040802389383316040e-01 -5.168446898460388184e-01 -1.066241413354873657e-01 -5.173149704933166504e-02 -7.616750895977020264e-03 -5.212960243225097656e-01 2.379130572080612183e-01 3.100953996181488037e-01 3.331756293773651123e-01 1.182050928473472595e-01 2.089873552322387695e-01 1.592848151922225952e-01 2.441388368606567383e-01 -1.729459315538406372e-01 -1.535893231630325317e-01 -2.801112234592437744e-01 4.089367985725402832e-01 -7.564799189567565918e-01 7.358560562133789062e-01 2.163988053798675537e-01 2.662234753370285034e-02 -2.222951799631118774e-01 3.045018017292022705e-01 -6.485447287559509277e-02 -8.883071541786193848e-01 1.996701359748840332e-01 6.412410736083984375e-02 4.202184975147247314e-01 -8.989016711711883545e-02 -9.693251550197601318e-02 8.319492638111114502e-02 7.779879868030548096e-02 5.840628147125244141e-01 6.617588996887207031e-01 -1.202384978532791138e-01 -4.901779443025588989e-02 -3.917178213596343994e-01 4.979620128870010376e-02 -2.679964303970336914e-01 -3.311172127723693848e-02
-2.863118350505828857e-01 2.965609431266784668e-01 -8.584439754486083984e-02 1.321488320827484131e-01 1.178584098815917969e-01 -1.872455179691314697e-01 2.735269963741302490e-01 -3.422050774097442627e-01 -4.510737657546997070e-01 3.707420825958251953e-02 -4.272450804710388184e-01 -1.377924531698226929e-02 -4.526349008083343506e-01 2.706352770328521729e-01 -2.502914369106292725e-01 -7.055421471595764160e-01 -1.717508435249328613e-01 1.359005272388458252e-01 -5.830601453781127930e-01 5.602396652102470398e-02 -2.990110516548156738e-01 -2.016469091176986694e-01 -8.583046495914459229e-03 1.850176304578781128e-01 3.422953784465789795e-01 -1.865017116069793701e-01 -1.484272181987762451e-01 -2.331486940383911133e-01 1.987878233194351196e-02 -2.233659029006958008e-01 4.384661316871643066e-01 3.646576404571533203e-01 8.515482768416404724e-04 4.197441041469573975e-03 5.051149129867553711e-01 2.379696518182754517e-01 3.860512673854827881e-01 -3.105523884296417236e-01 -1.947544813156127930e-01 -4.506290555000305176e-01 4.686285257339477539e-01 -1.017978668212890625e+00 8.137135505676269531e-01 2.338548600673675537e-01 1.154583096504211426e-01 -4.053175449371337891e-01 1.695814356207847595e-02 1.045424491167068481e-01 -9.262326955795288086e-01 1.291289478540420532e-01 -2.294959425926208496e-01 1.257560104131698608e-01 -1.068181842565536499e-01 -3.162449598312377930e-01 4.527945816516876221e-02 1.666675508022308350e-01 5.823961496353149414e-01 6.352120637893676758e-01 -2.280661612749099731e-01 -4.752647131681442261e-02 -3.112177550792694092e-01 -1.753626614809036255e-01 -1.825521588325500488e-01 2.820921242237091064e-01
-2.513933181762695312e-01 4.409171342849731445e-01 7.330700755119323730e-04 -2.557822316884994507e-02 9.022121131420135498e-02 -1.386695057153701782e-01 2.712128460407257080e-01 -4.400373101234436035e-01 -4.928999245166778564e-01 -1.193381994962692261e-01 -1.696229726076126099e-01 -1.264598667621612549e-01 -2.595646977424621582e-01 1.389774382114410400e-01 -4.388697147369384766e-01 -8.807865381240844727e-01 -3.720061480998992920e-01 -3.428059071302413940e-02 -5.103609561920166016e-01 3.052854239940643311e-01 -4.318450093269348145e-01 -4.156412556767463684e-02 2.823584377765655518e-01 4.890327453613281250e-01 3.906368315219879150e-01 -4.441171139478683472e-02 -1.939823031425476074e-01 -3.353770375251770020e-01 2.838349342346191406e-01 -3.014023303985595703e-01 3.464752137660980225e-01 3.822834491729736328e-01 -4.092704653739929199e-01 1.538765430450439453e-01 8.499705791473388672e-01 3.301869630813598633e-01 3.503128588199615479e-01 -1.994372159242630005e-01 2.032098025083541870e-01 -6.185583472251892090e-01 7.337741255760192871e-01 -1.312403917312622070e+00 7.867228984832763672e-01 4.511561393737792969e-01 -2.521252036094665527e-01 -5.419860482215881348e-01 -2.871733009815216064e-01 5.416271686553955078e-01 -9.583418965339660645e-01 -1.007826775312423706e-01 -4.250833094120025635e-01 2.398478984832763672e-02 2.743728458881378174e-01 -5.438107848167419434e-01 -5.902883410453796387e-02 4.395928382873535156e-01 5.715367794036865234e-01 6.227363944053649902e-01 -3.550022840499877930e-01 2.160318940877914429e-02 -3.351727128028869629e-01 -3.421027958393096924e-01 -5.904275178909301758e-01 2.358129769563674927e-01
-1.705189496278762817e-01 2.731801867485046387e-01 -8.423425257205963135e-02 1.028143614530563354e-02 1.611871272325515747e-01 -1.768110245466232300e-01 2.970595359802246094e-01 -2.515035271644592285e-01 -4.344424307346343994e-01 2.161519229412078857e-01 -6.338651776313781738e-01 -2.983290702104568481e-02 -3.995240032672882080e-01 3.439789712429046631e-01 -1.248818933963775635e-01 -6.142581105232238770e-01 -1.269018370658159256e-02 -5.424849689006805420e-03 -5.608718395233154297e-01 1.889744848012924194e-01 -1.942128837108612061e-01 -1.094029098749160767e-01 -6.867856532335281372e-02 2.979595661163330078e-01 2.590875029563903809e-01 -3.598141372203826904e-01 -7.212766259908676147e-02 -2.052153199911117554e-01 9.125556051731109619e-02 -3.932294547557830811e-01 3.575133383274078369e-01 3.739670515060424805e-01 2.068245708942413330e-01 4.969387501478195190e-02 3.092566132545471191e-01 2.187192738056182861e-01 3.121105134487152100e-01 -1.802055388689041138e-01 -2.291523665189743042e-01 -4.073504805564880371e-01 3.975661098957061768e-01 -8.400631546974182129e-01 6.855062246322631836e-01 1.597339212894439697e-01 1.163411065936088562e-01 -3.211881518363952637e-01 2.534488439559936523e-01 4.298271238803863525e-02 -9.582616090774536133e-01 1.776010990142822266e-01 -1.487594842910766602e-02 3.100035786628723145e-01 -1.709371060132980347e-01 -1.720450073480606079e-01 1.255089789628982544e-01 6.136485934257507324e-02 5.644474029541015625e-01 6.758900880813598633e-01 -1.259347796440124512e-01 -1.086475700139999390e-02 -2.940718531608581543e-01 -1.396083682775497437e-01 -1.849860250949859619e-01 1.973884403705596924e-01
-2.416060566902160645e-01 2.915671467781066895e-01 -6.529784947633743286e-02 1.616850197315216064e-01 1.052749902009963989e-01 -1.993863433599472046e-01 3.275892734527587891e-01 -4.028545320034027100e-01 -4.686217308044433594e-01 -1.121674627065658569e-01 -3.709547519683837891e-01 -1.101686134934425354e-01 -5.159466266632080078e-01 1.661032140254974365e-01 -3.701527714729309082e-01 -6.564340591430664062e-01 -2.363394051790237427e-01 1.852845698595046997e-01 -6.158912777900695801e-01 1.587332412600517273e-02 -2.668435871601104736e-01 -1.561526656150817871e-01 4.730875045061111450e-02 2.398241311311721802e-01 3.848656415939331055e-01 -1.698113977909088135e-01 -1.537384688854217529e-01 -3.618286252021789551e-01 1.033845245838165283e-01 -1.588886082172393799e-01 4.647684097290039062e-01 4.045652151107788086e-01 -1.335003226995468140e-01 1.684792339801788330e-03 6.068894863128662109e-01 2.177762389183044434e-01 4.207425713539123535e-01 -3.130573630332946777e-01 -1.540933251380920410e-01 -5.408169031143188477e-01 5.092754960060119629e-01 -1.182734966278076172e+00 7.727924585342407227e-01 2.325318455696105957e-01 7.204010337591171265e-02 -4.727547168731689453e-01 -6.432643532752990723e-02 2.759279608726501465e-01 -8.996688127517700195e-01 8.421455323696136475e-02 -2.978394925594329834e-01 5.496379733085632324e-02 -7.092572003602981567e-02 -3.897802829742431641e-01 1.296632736921310425e-01 2.177594006061553955e-01 5.237575173377990723e-01 6.385331153869628906e-01 -2.291730046272277832e-01 -9.316048026084899902e-02 -2.526240944862365723e-01 -2.728932201862335205e-01 -2.213050425052642822e-01 4.145420491695404053e-01
-2.767487764358520508e-01 1.690063923597335815e-01 -5.855751037597656250e-02 5.597559362649917603e-02 1.203721463680267334e-01 -1.838582754135131836e-01 3.119117319583892822e-01 -1.175959259271621704e-01 -3.700840175151824951e-01 4.238333702087402344e-01 -7.787739634513854980e-01 2.313777804374694824e-03 -3.680684268474578857e-01 4.337586462497711182e-01 1.124675571918487549e-02 -4.551676809787750244e-01 1.278149783611297607e-01 8.145195245742797852e-02 -4.958267807960510254e-01 9.081655740737915039e-02 9.559914469718933105e-04 -9.717671573162078857e-02 -2.320143282413482666e-01 1.298582255840301514e-01 2.914735078811645508e-01 -4.021451473236083984e-01 5.996250361204147339e-02 -1.260530948638916016e-01 -1.022956818342208862e-01 -3.137682676315307617e-01 4.063990414142608643e-01 2.811590433120727539e-01 4.786113798618316650e-01 2.382358163595199585e-02 4.935773834586143494e-02 2.112602889537811279e-01 2.711039185523986816e-01 -3.746350482106208801e-02 -3.505560159683227539e-01 -2.514964640140533447e-01 1.880157887935638428e-01 -5.854623317718505859e-01 6.199377179145812988e-01 -6.444916129112243652e-03 2.436502277851104736e-01 -2.035725116729736328e-01 4.446414709091186523e-01 -2.234807461500167847e-01 -7.142646908760070801e-01 1.989779174327850342e-01 1.141689270734786987e-01 3.949305713176727295e-01 -3.157644271850585938e-01 -1.060577183961868286e-01 1.061765700578689575e-01 -1.583651900291442871e-01 5.280787944793701172e-01 6.993184089660644531e-01 5.466403439640998840e-02 4.850815981626510620e-02 -2.144765108823776245e-01 -6.419821828603744507e-02 2.154713869094848633e-02 2.478541135787963867e-01
-1.648820638656616211e-01 -5.856363102793693542e-02 -3.214520215988159180e-02 -1.570375263690948486e-01 4.639361798763275146e-02 -1.739788502454757690e-01 3.789781630039215088e-01 -6.753383576869964600e-02 -4.116026163101196289e-01 4.356631040573120117e-01 -8.054254651069641113e-01 4.346562922000885010e-02 -4.423424899578094482e-01 3.780051767826080322e-01 1.370492577552795410e-01 -3.940664529800415039e-01 2.751309275627136230e-01 1.426151990890502930e-01 -3.252713680267333984e-01 9.044450521469116211e-02 8.910300582647323608e-02 -5.492942407727241516e-02 -3.274246156215667725e-01 1.575371623039245605e-01 1.232713386416435242e-01 -5.203449726104736328e-01 4.046694934368133545e-02 -8.785514533519744873e-02 -1.512118279933929443e-01 -2.717604637145996094e-01 3.264620006084442139e-01 3.154729604721069336e-01 5.052549242973327637e-01 -2.532849833369255066e-02 -2.709687501192092896e-02 2.695736289024353027e-01 3.410560786724090576e-01 -3.273671120405197144e-02 -2.762659788131713867e-01 -1.598472744226455688e-01 1.559315919876098633e-01 -4.314706027507781982e-01 4.482522010803222656e-01 1.426818966865539551e-02 1.041820645332336426e-01 -9.286779165267944336e-02 6.232464909553527832e-01 -3.133723735809326172e-01 -6.260628700256347656e-01 1.240831613540649414e-01 2.807582318782806396e-01 4.976231455802917480e-01 -4.183008670806884766e-01 -1.529610008001327515e-01 2.168491333723068237e-01 -1.899233758449554443e-01 4.914335608482360840e-01 6.983832716941833496e-01 1.719568818807601929e-01 1.890594363212585449e-01 -2.101924717426300049e-01 -2.921541780233383179e-02 1.823580116033554077e-01 1.751878410577774048e-01
-1.516771018505096436e-01 1.954345852136611938e-01 -6.090924143791198730e-03 -1.128541603684425354e-01 1.035872846841812134e-01 -1.257255226373672485e-01 2.432917952537536621e-01 -2.241452932357788086e-01 -4.117890298366546631e-01 3.264292478561401367e-01 -7.076591253280639648e-01 -5.477065593004226685e-02 -3.696342408657073975e-01 4.715979993343353271e-01 2.039494365453720093e-02 -5.316958427429199219e-01 1.502586156129837036e-01 -3.282851725816726685e-02 -4.849227070808410645e-01 2.310436218976974487e-01 -1.505674123764038086e-01 -3.542725369334220886e-02 -1.184973195195198059e-01 3.378012180328369141e-01 1.710072606801986694e-01 -5.422331690788269043e-01 -5.762674659490585327e-02 -1.177235245704650879e-01 4.786413162946701050e-02 -4.160172641277313232e-01 2.713441550731658936e-01 3.781219720840454102e-01 2.671974301338195801e-01 1.152147278189659119e-01 7.320167869329452515e-02 1.860318779945373535e-01 3.030551671981811523e-01 -1.138004958629608154e-01 -1.274130940437316895e-01 -3.625718057155609131e-01 3.900432884693145752e-01 -6.943190693855285645e-01 5.775933861732482910e-01 1.409576833248138428e-01 1.241673156619071960e-01 -1.420276761054992676e-01 4.233021736145019531e-01 -6.573273241519927979e-02 -8.795251250267028809e-01 1.832260787487030029e-01 1.356250643730163574e-01 4.289002716541290283e-01 -2.123385816812515259e-01 -5.098244547843933105e-02 1.867913156747817993e-01 -6.226717680692672729e-02 5.643552541732788086e-01 7.260045409202575684e-01 -1.798168569803237915e-02 2.960445731878280640e-02 -3.090772032737731934e-01 -7.022011280059814453e-02 -1.494511067867279053e-01 1.628004163503646851e-01
-3.159126639366149902e-01 1.162275671958923340e-01 1.529176682233810425e-01 -2.257249355316162109e-01 1.876349896192550659e-01 -3.157231211662292480e-02 4.873956739902496338e-02 -1.306176930665969849e-01 -3.880872130393981934e-01 5.965682268142700195e-01 -8.257892131805419922e-01 8.421216905117034912e-02 -2.334799990057945251e-02 6.696168184280395508e-01 2.482744902372360229e-01 -6.903527975082397461e-01 3.730972409248352051e-01 -1.368358433246612549e-01 -3.386211097240447998e-01 4.311626553535461426e-01 -1.095494255423545837e-01 -3.062029555439949036e-02 -3.064337372779846191e-01 3.401977121829986572e-01 9.300795942544937134e-02 -6.877170801162719727e-01 -4.177358001470565796e-02 1.475798785686492920e-01 -1.709325909614562988e-01 -4.673003256320953369e-01 7.020676136016845703e-02 2.307688295841217041e-01 6.174520850181579590e-01 2.113199830055236816e-01 -1.794228255748748779e-01 1.929613947868347168e-01 1.761659085750579834e-01 3.120311349630355835e-02 -1.506769657135009766e-01 -7.912492752075195312e-02 3.161240816116333008e-01 -4.116923809051513672e-01 6.142227053642272949e-01 2.133807837963104248e-01 4.742832109332084656e-02 1.083554327487945557e-02 5.751124620437622070e-01 -3.977828621864318848e-01 -7.265909314155578613e-01 1.819391250610351562e-01 2.986160218715667725e-01 5.569362640380859375e-01 -2.353205531835556030e-01 7.225841283798217773e-02 4.936756193637847900e-02 -9.616307169198989868e-02 5.711895227432250977e-01 6.854572296142578125e-01 9.612251818180084229e-02 1.092212721705436707e-01 -3.164925575256347656e-01 2.821018695831298828e-01 -1.655929684638977051e-01 -1.529416888952255249e-01
-3.818173706531524658e-01 -2.827767133712768555e-01 -3.799004852771759033e-02 -8.930505067110061646e-02 4.465878009796142578e-04 -1.914159804582595825e-01 3.819419741630554199e-01 1.510182172060012817e-01 -1.956664770841598511e-01 7.841810584068298340e-01 -9.471948146820068359e-01 2.091060578823089600e-01 -3.514283597469329834e-01 4.150176942348480225e-01 2.903172969818115234e-01 -1.423838734626770020e-01 4.008734226226806641e-01 3.440886437892913818e-01 -1.619995236396789551e-01 -1.948259919881820679e-01 4.138749241828918457e-01 -1.251260489225387573e-01 -6.945398449897766113e-01 -2.296549677848815918e-01 1.976601034402847290e-01 -3.299952745437622070e-01 2.803728282451629639e-01 6.246821582317352295e-02 -6.151745319366455078e-01 -2.989522367715835571e-02 3.923649489879608154e-01 5.947963148355484009e-02 8.423263430595397949e-01 -1.846324056386947632e-01 -4.036685824394226074e-01 3.860839605331420898e-01 3.202286064624786377e-01 5.866442620754241943e-02 -4.980973005294799805e-01 1.931515038013458252e-01 -2.168542742729187012e-01 1.000036299228668213e-01 3.754858374595642090e-01 -1.514712423086166382e-01 2.568201124668121338e-01 7.118745148181915283e-02 9.076169729232788086e-01 -8.444950580596923828e-01 -2.697300314903259277e-01 4.107582196593284607e-02 3.206784725189208984e-01 5.359997749328613281e-01 -6.592303514480590820e-01 -1.777517199516296387e-01 5.336865782737731934e-02 -4.941625595092773438e-01 3.484865427017211914e-01 5.023843050003051758e-01 3.920809328556060791e-01 2.408381104469299316e-01 -3.633257374167442322e-02 1.677747368812561035e-01 6.392183899879455566e-01 1.330848783254623413e-01
-3.470449745655059814e-01 -8.595290780067443848e-02 -5.151823163032531738e-02 -2.370321005582809448e-02 2.562223374843597412e-02 -2.147383838891983032e-01 3.484448790550231934e-01 2.532795071601867676e-03 -2.930530607700347900e-01 6.068958640098571777e-01 -8.707860708236694336e-01 1.334082633256912231e-01 -3.986047208309173584e-01 4.299826920032501221e-01 1.748129874467849731e-01 -2.305515110492706299e-01 2.723954319953918457e-01 2.698128223419189453e-01 -3.247179985046386719e-01 -1.306140869855880737e-01 2.214203476905822754e-01 -1.460443288087844849e-01 -5.091362595558166504e-01 -1.205810457468032837e-01 2.402715981006622314e-01 -4.046909809112548828e-01 1.597141623497009277e-01 -4.026611149311065674e-02 -3.939839899539947510e-01 -1.074458435177803040e-01 4.145914614200592041e-01 1.778345853090286255e-01 6.809774637222290039e-01 -9.243885427713394165e-02 -2.210908830165863037e-01 2.777663767337799072e-01 3.327055871486663818e-01 6.664932705461978912e-03 -4.277248382568359375e-01 -1.991308853030204773e-02 -4.826053231954574585e-02 -1.801649928092956543e-01 4.762731194496154785e-01 -9.181846678256988525e-02 2.781518399715423584e-01 -2.575442194938659668e-03 7.168260216712951660e-01 -5.976141691207885742e-01 -4.590013027191162109e-01 1.319494098424911499e-01 2.439040541648864746e-01 4.941627979278564453e-01 -5.326253175735473633e-01 -1.480849832296371460e-01 1.255278736352920532e-01 -3.692239522933959961e-01 4.515989124774932861e-01 6.137626767158508301e-01 2.760812342166900635e-01 1.900835931301116943e-01 -1.549453437328338623e-01 5.577012151479721069e-02 4.189252555370330811e-01 2.111639231443405151e-01
-3.154144287109375000e-01 2.935366630554199219e-01 -6.597878783941268921e-02 9.691036492586135864e-02 1.530366539955139160e-01 -5.932188034057617188e-02 2.205581367015838623e-01 -2.963939011096954346e-01 -4.348706901073455811e-01 1.646342277526855469e-01 -5.794819593429565430e-01 -3.642601519823074341e-02 -3.579322993755340576e-01 3.492345809936523438e-01 -1.504577249288558960e-01 -6.758235096931457520e-01 -6.099809706211090088e-02 6.979085505008697510e-03 -5.618490576744079590e-01 1.495097428560256958e-01 -2.768957912921905518e-01 -1.381451934576034546e-01 -3.709303587675094604e-02 3.122829794883728027e-01 2.854512631893157959e-01 -3.827109932899475098e-01 -1.344825625419616699e-01 -1.575467288494110107e-01 1.193709671497344971e-03 -3.775342702865600586e-01 3.410665392875671387e-01 3.301185369491577148e-01 1.911459416151046753e-01 9.308970719575881958e-02 3.333332240581512451e-01 1.462429910898208618e-01 2.972749769687652588e-01 -2.093515247106552124e-01 -1.690701842308044434e-01 -3.898260891437530518e-01 4.156618714332580566e-01 -9.153874516487121582e-01 7.834113240242004395e-01 2.312061786651611328e-01 1.341806054115295410e-01 -3.006779551506042480e-01 1.493984609842300415e-01 5.395480990409851074e-02 -8.698214888572692871e-01 1.864594817161560059e-01 -8.339383453130722046e-02 2.946013808250427246e-01 -9.049515426158905029e-02 -1.542521715164184570e-01 8.764809370040893555e-02 6.958648562431335449e-02 6.000235676765441895e-01 7.011197209358215332e-01 -1.471195966005325317e-01 -8.802607655525207520e-02 -3.417291641235351562e-01 -6.078683957457542419e-02 -1.878810077905654907e-01 1.791494488716125488e-01
-2.421597540378570557e-01 3.791039586067199707e-01 -5.298795923590660095e-02 2.900668233633041382e-02 1.370254009962081909e-01 -8.951637148857116699e-02 2.014412730932235718e-01 -3.462068736553192139e-01 -4.264216125011444092e-01 1.309688985347747803e-01 -4.877045750617980957e-01 -5.173376947641372681e-02 -3.070928454399108887e-01 3.781411349773406982e-01 -2.131064236164093018e-01 -7.929030060768127441e-01 -6.142564490437507629e-02 -7.786803692579269409e-02 -5.692400336265563965e-01 3.009017705917358398e-01 -3.604911565780639648e-01 -1.231614947319030762e-01 2.200401574373245239e-02 4.084088206291198730e-01 2.886865139007568359e-01 -3.382926583290100098e-01 -1.772064268589019775e-01 -1.820489019155502319e-01 1.477260738611221313e-01 -4.475760757923126221e-01 3.485342562198638916e-01 3.520052433013916016e-01 -4.461999237537384033e-02 1.322691738605499268e-01 3.967063128948211670e-01 1.730636358261108398e-01 2.151094973087310791e-01 -2.031711935997009277e-01 -3.419401496648788452e-02 -4.258731305599212646e-01 5.897726416587829590e-01 -1.009038686752319336e+00 8.290811181068420410e-01 3.280417323112487793e-01 9.125128388404846191e-02 -3.235050439834594727e-01 6.003464385867118835e-02 2.121478170156478882e-01 -1.041192650794982910e+00 1.607536673545837402e-01 -1.458806693553924561e-01 2.674647569656372070e-01 2.769536152482032776e-02 -1.551481485366821289e-01 5.920825898647308350e-02 1.554204523563385010e-01 6.296431422233581543e-01 6.963066458702087402e-01 -2.149441242218017578e-01 -8.740327507257461548e-02 -3.723722696304321289e-01 -1.291248351335525513e-01 -3.851519525051116943e-01 1.432857513427734375e-01
