-2.583761513233184814e-01 -1.008927673101425171e-01 4.026144742965698242e-03 -1.382549405097961426e-01 6.435567140579223633e-02 -1.762850880622863770e-01 3.588522672653198242e-01 -2.438578009605407715e-02 -3.135068714618682861e-01 5.630406737327575684e-01 -8.717651367187500000e-01 1.158191114664077759e-01 -3.594644069671630859e-01 4.452349245548248291e-01 2.041057497262954712e-01 -3.115804493427276611e-01 3.652710020542144775e-01 2.236750125885009766e-01 -2.604601085186004639e-01 5.266716703772544861e-02 2.066192179918289185e-01 -8.950503170490264893e-02 -4.763567447662353516e-01 3.042577952146530151e-02 1.492914855480194092e-01 -4.974740147590637207e-01 1.258511841297149658e-01 -1.898080110549926758e-03 -3.116172254085540771e-01 -1.821725964546203613e-01 3.391921222209930420e-01 2.307566702365875244e-01 6.574208736419677734e-01 -5.913810431957244873e-02 -2.227567732334136963e-01 2.997158467769622803e-01 3.043006360530853271e-01 3.480571508407592773e-02 -4.026200175285339355e-01 2.420865371823310852e-02 -5.514375865459442139e-03 -2.670285999774932861e-01 4.100176692008972168e-01 -8.203430473804473877e-02 1.779811829328536987e-01 -2.398186922073364258e-02 7.209469079971313477e-01 -5.262381434440612793e-01 -5.199080705642700195e-01 1.393841058015823364e-01 3.512611389160156250e-01 4.932004809379577637e-01 -5.554669499397277832e-01 -1.133004128932952881e-01 1.535385400056838989e-01 -2.951027154922485352e-01 4.243988394737243652e-01 6.611834764480590820e-01 2.448521256446838379e-01 2.410551309585571289e-01 -1.361251771450042725e-01 3.033006936311721802e-02 3.305366337299346924e-01 1.366888731718063354e-01
-2.659086585044860840e-01 3.615997433662414551e-01 -1.790622621774673462e-02 7.455001026391983032e-02 1.338076293468475342e-01 -1.585275679826736450e-01 2.499302178621292114e-01 -2.568380832672119141e-01 -3.878497779369354248e-01 2.087991088628768921e-01 -6.153754591941833496e-01 -5.113466829061508179e-02 -3.057239949703216553e-01 3.389557600021362305e-01 -1.698137670755386353e-01 -6.154884099960327148e-01 -2.482693828642368317e-02 2.262606471776962280e-02 -6.315197944641113281e-01 1.567019671201705933e-01 -1.759077906608581543e-01 -1.150106340646743774e-01 1.661329716444015503e-02 3.074472844600677490e-01 3.221933543682098389e-01 -3.615669608116149902e-01 -1.326269507408142090e-01 -1.829189360141754150e-01 1.333563476800918579e-01 -3.880715072154998779e-01 3.392257988452911377e-01 3.569276630878448486e-01 1.227760016918182373e-01 1.235742494463920593e-01 3.257104158401489258e-01 1.370638906955718994e-01 3.161711394786834717e-01 -7.621063292026519775e-02 -2.288165241479873657e-01 -4.590489268302917480e-01 3.507798314094543457e-01 -8.905714750289916992e-01 7.075052261352539062e-01 1.358618140220642090e-01 1.955475062131881714e-01 -2.870761156082153320e-01 1.649043411016464233e-01 5.637106299400329590e-02 -9.444385170936584473e-01 2.342997193336486816e-01 -1.508669555187225342e-01 2.693384289741516113e-01 -1.504127681255340576e-01 -1.465901583433151245e-01 2.497588247060775757e-01 6.768240779638290405e-02 5.517994761466979980e-01 7.294355630874633789e-01 -1.045382469892501831e-01 -2.516369521617889404e-02 -3.047751188278198242e-01 -1.322965025901794434e-01 -2.225379943847656250e-01 2.290970683097839355e-01
-3.602556586265563965e-01 -9.840255230665206909e-02 -6.968045234680175781e-02 2.696915715932846069e-02 1.315291225910186768e-02 -2.367830127477645874e-01 3.872630000114440918e-01 2.918910980224609375e-02 -2.486250102519989014e-01 5.651909112930297852e-01 -8.641253709793090820e-01 1.308127641677856445e-01 -4.282220304012298584e-01 3.719719648361206055e-01 9.036225825548171997e-02 -2.012977004051208496e-01 2.276940792798995972e-01 2.976813316345214844e-01 -3.504523932933807373e-01 -1.784231960773468018e-01 2.765777409076690674e-01 -1.626015901565551758e-01 -4.941464662551879883e-01 -1.752943545579910278e-01 2.934415936470031738e-01 -3.294628858566284180e-01 1.810517311096191406e-01 -6.837926805019378662e-02 -3.661961853504180908e-01 -6.777524948120117188e-02 4.371231198310852051e-01 1.813636422157287598e-01 6.340941786766052246e-01 -1.014172211289405823e-01 -1.709433794021606445e-01 2.885467708110809326e-01 3.260682225227355957e-01 3.785410523414611816e-02 -4.653915762901306152e-01 -6.590801477432250977e-02 -1.135601177811622620e-01 -2.406735420227050781e-01 4.766784310340881348e-01 -1.175765246152877808e-01 3.333576917648315430e-01 -3.197942301630973816e-02 6.257776021957397461e-01 -5.524496436119079590e-01 -4.500085115432739258e-01 1.315685510635375977e-01 1.614901721477508545e-01 4.369196593761444092e-01 -5.524267554283142090e-01 -1.342637985944747925e-01 1.337237209081649780e-01 -3.804392814636230469e-01 4.339035749435424805e-01 6.414436101913452148e-01 2.813825607299804688e-01 1.933096349239349365e-01 -8.718733489513397217e-02 9.550079703330993652e-04 4.365526735782623291e-01 3.167729973793029785e-01
-2.204606533050537109e-01 -3.708724975585937500e-01 -1.572757959365844727e-03 -1.901632845401763916e-01 -8.241117000579833984e-03 -2.977620065212249756e-01 4.515672326087951660e-01 2.288832962512969971e-01 -2.298811674118041992e-01 7.886967062950134277e-01 -9.692369103431701660e-01 2.035951316356658936e-01 -4.078600406646728516e-01 3.411038517951965332e-01 3.170068562030792236e-01 -1.425514817237854004e-01 4.028165638446807861e-01 3.973326683044433594e-01 -1.388176679611206055e-01 -1.295306235551834106e-01 4.805441498756408691e-01 -1.961270347237586975e-02 -6.694373488426208496e-01 -2.077380418777465820e-01 1.365893185138702393e-01 -3.190273642539978027e-01 3.136180043220520020e-01 3.765776753425598145e-03 -4.807663261890411377e-01 7.372520864009857178e-03 3.497216105461120605e-01 1.612577140331268311e-01 8.048475980758666992e-01 -2.059916555881500244e-01 -3.148819804191589355e-01 3.772900402545928955e-01 3.482233285903930664e-01 1.360683590173721313e-01 -4.658668637275695801e-01 1.142134666442871094e-01 -2.455365657806396484e-01 1.140537336468696594e-01 2.294728159904479980e-01 -2.598264217376708984e-01 1.392242312431335449e-01 8.289252221584320068e-02 1.018256664276123047e+00 -7.434862852096557617e-01 -3.471858501434326172e-01 -2.922641113400459290e-02 3.829294741153717041e-01 5.037657022476196289e-01 -7.156476974487304688e-01 -1.678264290094375610e-01 1.102439314126968384e-01 -5.035044550895690918e-01 2.938936948776245117e-01 5.074077844619750977e-01 4.139722883701324463e-01 3.613903522491455078e-01 3.128800168633460999e-02 3.179206699132919312e-02 5.488158464431762695e-01 1.688223034143447876e-01
-3.504181206226348877e-01 -1.385679841041564941e-02 -1.472471654415130615e-02 -5.418608337640762329e-02 6.860315799713134766e-02 -1.963370889425277710e-01 3.379640579223632812e-01 -7.773949205875396729e-02 -3.204335570335388184e-01 5.092133879661560059e-01 -8.242241144180297852e-01 1.368952542543411255e-01 -4.251318275928497314e-01 4.182539880275726318e-01 1.754118055105209351e-01 -3.008175194263458252e-01 2.071378380060195923e-01 2.498894929885864258e-01 -4.162756800651550293e-01 -8.815675228834152222e-02 9.481404721736907959e-02 -1.633522808551788330e-01 -3.854309320449829102e-01 -4.287834465503692627e-02 2.128879576921463013e-01 -4.258255958557128906e-01 1.468311548233032227e-01 -4.912216961383819580e-02 -2.700476646423339844e-01 -1.312501430511474609e-01 3.832680284976959229e-01 2.504250407218933105e-01 6.384242177009582520e-01 -1.138505339622497559e-01 -8.028485625982284546e-02 2.821272015571594238e-01 3.574170470237731934e-01 -5.960981547832489014e-02 -4.694222807884216309e-01 -6.485323607921600342e-02 -1.360233873128890991e-02 -2.920362651348114014e-01 5.326587557792663574e-01 -6.604672968387603760e-02 2.677090764045715332e-01 -6.691630184650421143e-02 6.868477463722229004e-01 -5.141842365264892578e-01 -5.642052888870239258e-01 1.700539290904998779e-01 2.301799654960632324e-01 4.231460988521575928e-01 -5.270637273788452148e-01 -1.478308439254760742e-01 1.216841340065002441e-01 -3.132641613483428955e-01 5.079734325408935547e-01 6.326238512992858887e-01 1.797318607568740845e-01 1.787945926189422607e-01 -1.909265220165252686e-01 -1.317378133535385132e-02 2.991050481796264648e-01 2.004994302988052368e-01
-2.558813989162445068e-01 3.092896342277526855e-01 -6.492908298969268799e-02 1.379511356353759766e-01 1.163488626480102539e-01 -1.398595720529556274e-01 2.777150869369506836e-01 -3.246197402477264404e-01 -4.668381214141845703e-01 5.122493207454681396e-02 -4.919837713241577148e-01 -1.129269376397132874e-01 -3.758505582809448242e-01 2.440012395381927490e-01 -3.220517337322235107e-01 -6.844454407691955566e-01 -1.270285248756408691e-01 2.084317058324813843e-02 -5.779161453247070312e-01 1.156354546546936035e-01 -1.589940190315246582e-01 -1.250985860824584961e-01 2.121702581644058228e-02 2.946612834930419922e-01 3.508661389350891113e-01 -2.776286900043487549e-01 -1.865698099136352539e-01 -2.499561756849288940e-01 1.068172007799148560e-01 -3.288041651248931885e-01 3.978908658027648926e-01 3.534217178821563721e-01 1.736018061637878418e-02 4.307238012552261353e-02 4.615728259086608887e-01 1.799185574054718018e-01 2.954752445220947266e-01 -2.016603201627731323e-01 -1.779892146587371826e-01 -4.527858197689056396e-01 4.316334128379821777e-01 -1.072428226470947266e+00 7.585756182670593262e-01 1.856232285499572754e-01 1.406479775905609131e-01 -4.350389838218688965e-01 1.673806831240653992e-02 1.483435183763504028e-01 -9.868928194046020508e-01 1.495305001735687256e-01 -1.733932793140411377e-01 1.722376197576522827e-01 -4.301122575998306274e-02 -2.443017214536666870e-01 1.790184229612350464e-01 1.180661395192146301e-01 5.288407802581787109e-01 6.818606853485107422e-01 -2.165631949901580811e-01 -8.590855449438095093e-02 -2.716447114944458008e-01 -1.669885367155075073e-01 -2.244592756032943726e-01 2.832074463367462158e-01
-2.422870397567749023e-01 2.774865627288818359e-01 -1.865625381469726562e-04 -2.053978294134140015e-02 1.524008363485336304e-01 -1.104498654603958130e-01 1.659730821847915649e-01 -2.376220375299453735e-01 -3.915303945541381836e-01 3.024603426456451416e-01 -7.115879058837890625e-01 -8.143516629934310913e-02 -2.438172847032546997e-01 4.740395843982696533e-01 -3.005068749189376831e-02 -6.083858013153076172e-01 7.933840900659561157e-02 -7.164799422025680542e-02 -5.077565908432006836e-01 2.864593863487243652e-01 -1.487062871456146240e-01 -2.991459146142005920e-02 -5.919825285673141479e-02 3.508045077323913574e-01 2.438719868659973145e-01 -5.269541144371032715e-01 -1.007443293929100037e-01 -7.813422381877899170e-02 7.804727554321289062e-02 -4.400936663150787354e-01 2.031598985195159912e-01 3.011570572853088379e-01 3.168183863162994385e-01 1.599134504795074463e-01 1.284112185239791870e-01 1.235502362251281738e-01 2.609118223190307617e-01 -5.223397165536880493e-02 -1.653387993574142456e-01 -3.747077882289886475e-01 3.855777680873870850e-01 -7.928267717361450195e-01 6.564194560050964355e-01 1.193707138299942017e-01 1.255766898393630981e-01 -1.892215609550476074e-01 3.058576881885528564e-01 -4.086673259735107422e-03 -9.079170227050781250e-01 2.061699628829956055e-01 6.138424575328826904e-02 3.514249026775360107e-01 -1.155594885349273682e-01 -1.966628432273864746e-02 2.128958851099014282e-01 -2.103463560342788696e-02 5.674966573715209961e-01 7.934725284576416016e-01 -1.334402859210968018e-01 2.799820154905319214e-02 -2.887152433395385742e-01 -9.455861151218414307e-02 -2.368399947881698608e-01 1.486570537090301514e-01
-3.198172748088836670e-01 -2.265476137399673462e-01 -9.385560452938079834e-02 -2.430922538042068481e-02 -3.612145781517028809e-02 -2.378080040216445923e-01 4.647801220417022705e-01 1.077175885438919067e-01 -2.780120670795440674e-01 5.968149900436401367e-01 -8.705143928527832031e-01 1.594860404729843140e-01 -4.936507642269134521e-01 3.061703741550445557e-01 1.843667626380920410e-01 -1.985986530780792236e-01 2.406606525182723999e-01 4.177541732788085938e-01 -2.268409132957458496e-01 -2.099935561418533325e-01 3.500986099243164062e-01 -1.252517849206924438e-01 -5.924316644668579102e-01 -1.868067979812622070e-01 1.891080886125564575e-01 -2.820196151733398438e-01 2.445122897624969482e-01 -3.988730907440185547e-02 -4.831638634204864502e-01 1.296855509281158447e-03 4.468398988246917725e-01 1.377879530191421509e-01 7.080455422401428223e-01 -2.126216590404510498e-01 -1.680327057838439941e-01 3.189860880374908447e-01 3.382540941238403320e-01 8.992911316454410553e-03 -5.031170845031738281e-01 6.520412862300872803e-02 -2.015212476253509521e-01 -1.024615317583084106e-01 3.943909108638763428e-01 -1.929857283830642700e-01 2.509406507015228271e-01 -6.069641560316085815e-02 7.991542816162109375e-01 -6.622425913810729980e-01 -3.889678120613098145e-01 4.908077046275138855e-02 2.751598060131072998e-01 4.447851777076721191e-01 -6.847535371780395508e-01 -2.168984264135360718e-01 1.275315433740615845e-01 -4.281235933303833008e-01 3.307736217975616455e-01 5.522681474685668945e-01 3.346559703350067139e-01 2.556194961071014404e-01 -5.495830997824668884e-02 -2.620398998260498047e-02 5.575680136680603027e-01 2.593623995780944824e-01
-7.737375795841217041e-02 2.986837029457092285e-01 7.716423273086547852e-02 -2.946841716766357422e-01 2.834111452102661133e-01 3.147873282432556152e-02 1.259087473154067993e-01 -3.620658814907073975e-01 -5.268099308013916016e-01 2.031223922967910767e-01 -5.705475211143493652e-01 -1.190051510930061340e-01 -1.591229587793350220e-01 4.307678639888763428e-01 -3.143565356731414795e-02 -9.017608761787414551e-01 1.308063417673110962e-01 -2.887786328792572021e-01 -3.786175847053527832e-01 6.585886478424072266e-01 -3.816573023796081543e-01 8.021782338619232178e-02 2.013711333274841309e-01 7.625029087066650391e-01 1.339632123708724976e-01 -6.174888610839843750e-01 -2.301210165023803711e-01 -1.676663756370544434e-02 3.261499404907226562e-01 -7.110548019409179688e-01 1.081285774707794189e-01 4.979487657546997070e-01 6.388557702302932739e-02 2.108540534973144531e-01 3.662558495998382568e-01 2.210734635591506958e-01 2.070108652114868164e-01 -7.142261415719985962e-02 7.737447321414947510e-02 -4.078623354434967041e-01 5.805810689926147461e-01 -9.609281420707702637e-01 5.962144136428833008e-01 3.100088238716125488e-01 -2.617977559566497803e-01 -1.947250515222549438e-01 2.283516824245452881e-01 2.017353624105453491e-01 -1.047721743583679199e+00 2.388122677803039551e-01 1.079964488744735718e-01 3.910653293132781982e-01 8.474981784820556641e-02 -1.297723054885864258e-01 1.968267410993576050e-01 2.726075351238250732e-01 6.065603494644165039e-01 7.737545967102050781e-01 -2.130161821842193604e-01 8.472617715597152710e-02 -3.753013610839843750e-01 -1.537930965423583984e-01 -5.916489958763122559e-01 -1.863916814327239990e-01
-3.725358843803405762e-01 7.755015790462493896e-02 4.413801431655883789e-02 -1.203297823667526245e-02 1.169640570878982544e-01 -1.210234314203262329e-01 1.921575814485549927e-01 -8.517846465110778809e-02 -3.628153800964355469e-01 5.997086167335510254e-01 -8.406049609184265137e-01 1.447242498397827148e-02 -1.692904978990554810e-01 5.268763303756713867e-01 6.698186695575714111e-02 -4.661305546760559082e-01 2.421910315752029419e-01 3.771223872900009155e-02 -3.588466942310333252e-01 1.685998290777206421e-01 1.090271398425102234e-01 -8.418495953083038330e-02 -3.532573580741882324e-01 1.607689410448074341e-01 2.790024280548095703e-01 -5.369065403938293457e-01 4.192698746919631958e-02 -4.056990146636962891e-04 -2.345946729183197021e-01 -3.096331357955932617e-01 3.007394969463348389e-01 1.540177911520004272e-01 5.466130375862121582e-01 1.426325738430023193e-01 -1.888316869735717773e-01 1.818122118711471558e-01 2.016313970088958740e-01 9.973169863224029541e-02 -2.291667461395263672e-01 -1.203149855136871338e-01 1.457491368055343628e-01 -4.237870872020721436e-01 5.744289159774780273e-01 4.497832059860229492e-02 2.153303623199462891e-01 -4.695374518632888794e-02 5.531927347183227539e-01 -4.279361963272094727e-01 -6.386312842369079590e-01 1.708226650953292847e-01 2.181871831417083740e-01 5.228163003921508789e-01 -2.806873917579650879e-01 -4.788623750209808350e-02 1.579447090625762939e-01 -2.513225376605987549e-01 4.833872914314270020e-01 6.867549419403076172e-01 1.897497773170471191e-01 9.625525027513504028e-02 -2.194526195526123047e-01 1.368978619575500488e-01 5.168322101235389709e-02 1.004276126623153687e-01
-2.909643650054931641e-01 -4.783821702003479004e-01 1.209914684295654297e-03 -2.948929667472839355e-01 -3.401245176792144775e-02 -1.753769963979721069e-01 4.636821448802947998e-01 2.699950635433197021e-01 -1.348739266395568848e-01 8.997197151184082031e-01 -1.028952598571777344e+00 2.742559313774108887e-01 -3.467807471752166748e-01 3.308006823062896729e-01 3.763156533241271973e-01 -1.087088435888290405e-01 5.557276606559753418e-01 3.610135316848754883e-01 -4.839406907558441162e-02 -1.837074756622314453e-01 5.834966897964477539e-01 -2.335423603653907776e-02 -7.694836258888244629e-01 -2.176546752452850342e-01 8.514944463968276978e-02 -2.991913557052612305e-01 3.629704415798187256e-01 1.226677894592285156e-01 -5.881451368331909180e-01 -2.461244910955429077e-02 2.933146357536315918e-01 1.112478822469711304e-01 8.324808478355407715e-01 -2.831802368164062500e-01 -3.984948992729187012e-01 5.079003572463989258e-01 3.156193494796752930e-01 1.726517826318740845e-01 -4.748712182044982910e-01 2.711113393306732178e-01 -3.452702760696411133e-01 2.929603159427642822e-01 1.954171359539031982e-01 -1.715930849313735962e-01 1.649366468191146851e-01 1.541311591863632202e-01 1.070611357688903809e+00 -9.542189836502075195e-01 -2.294898927211761475e-01 -9.419435262680053711e-02 4.158356785774230957e-01 5.999892354011535645e-01 -8.158913254737854004e-01 -2.077302634716033936e-01 8.869577944278717041e-02 -5.703076124191284180e-01 2.286940515041351318e-01 4.348439276218414307e-01 5.010096430778503418e-01 4.047102332115173340e-01 9.012362360954284668e-02 1.264354884624481201e-01 6.934528350830078125e-01 5.743832513689994812e-02
-2.322513461112976074e-01 4.027203917503356934e-01 -3.338199108839035034e-02 4.909051954746246338e-02 1.084485203027725220e-01 -1.457058787345886230e-01 2.380128502845764160e-01 -3.854695260524749756e-01 -4.505964815616607666e-01 9.473621845245361328e-03 -3.915144205093383789e-01 -1.052164211869239807e-01 -3.257906138896942139e-01 2.697083353996276855e-01 -3.596695065498352051e-01 -7.887714505195617676e-01 -1.680737137794494629e-01 -8.266795426607131958e-03 -6.024942398071289062e-01 2.179982811212539673e-01 -3.157139420509338379e-01 -8.649811148643493652e-02 1.614750325679779053e-01 3.901458382606506348e-01 3.997598290443420410e-01 -2.502130568027496338e-01 -2.108053267002105713e-01 -2.443271279335021973e-01 1.820676177740097046e-01 -3.713207244873046875e-01 3.383558988571166992e-01 4.244808554649353027e-01 -1.558470278978347778e-01 1.198998615145683289e-01 5.704289078712463379e-01 2.273550629615783691e-01 3.172806501388549805e-01 -1.990562379360198975e-01 -1.510229706764221191e-02 -5.507892370223999023e-01 5.670623183250427246e-01 -1.182712793350219727e+00 7.440618872642517090e-01 2.845759391784667969e-01 3.148281574249267578e-02 -3.728943467140197754e-01 -1.088994443416595459e-01 2.968876957893371582e-01 -1.004148364067077637e+00 1.331868767738342285e-01 -2.691380381584167480e-01 1.264005452394485474e-01 8.901698887348175049e-02 -2.828059196472167969e-01 1.313136070966720581e-01 2.527189850807189941e-01 6.051548719406127930e-01 7.228398323059082031e-01 -2.521453797817230225e-01 -5.001031607389450073e-02 -3.432852923870086670e-01 -2.628886103630065918e-01 -4.455160200595855713e-01 2.790894508361816406e-01
-2.859958112239837646e-01 4.275009036064147949e-01 1.252821832895278931e-01 -2.111716866493225098e-01 2.028211504220962524e-01 -1.228097639977931976e-02 7.512105256319046021e-02 -4.396641850471496582e-01 -5.786454677581787109e-01 1.456558704376220703e-01 -3.593278527259826660e-01 1.308668404817581177e-02 -4.951833561062812805e-02 4.255155026912689209e-01 -1.503167152404785156e-01 -1.052564859390258789e+00 2.206057682633399963e-02 -2.166477590799331665e-01 -4.297330975532531738e-01 5.605942010879516602e-01 -5.624329447746276855e-01 -4.383499547839164734e-02 2.549012899398803711e-01 6.599251627922058105e-01 2.006431221961975098e-01 -3.294427990913391113e-01 -3.557605445384979248e-01 -1.745051890611648560e-02 2.160181999206542969e-01 -6.065839529037475586e-01 1.704680323600769043e-01 4.404098391532897949e-01 -1.301162093877792358e-01 2.070097625255584717e-01 5.822982788085937500e-01 2.731940448284149170e-01 2.578718960285186768e-01 -1.745923012495040894e-01 1.065683513879776001e-01 -4.326662719249725342e-01 7.123486399650573730e-01 -1.124422430992126465e+00 7.932575345039367676e-01 5.096093416213989258e-01 -2.870739400386810303e-01 -3.280460834503173828e-01 -3.787000104784965515e-02 1.691084653139114380e-01 -1.054290413856506348e+00 1.316427141427993774e-01 -1.628886908292770386e-01 2.488624602556228638e-01 1.565014421939849854e-01 -3.568944334983825684e-01 -6.677968800067901611e-02 4.425027966499328613e-01 6.349566578865051270e-01 6.120783090591430664e-01 -3.228186368942260742e-01 1.589175313711166382e-02 -4.454873204231262207e-01 -4.788639396429061890e-02 -6.373116374015808105e-01 -2.383866459131240845e-01
-1.450347155332565308e-01 3.872116804122924805e-01 -4.490742832422256470e-02 2.407792955636978149e-03 1.117341816425323486e-01 -1.795259863138198853e-01 2.802272439002990723e-01 -4.105724692344665527e-01 -4.619971811771392822e-01 -1.916125267744064331e-01 -2.616704106330871582e-01 -1.403467655181884766e-01 -3.924737572669982910e-01 1.835378110408782959e-01 -4.087530076503753662e-01 -8.275805115699768066e-01 -2.320989370346069336e-01 6.156384199857711792e-02 -5.367074608802795410e-01 2.213825583457946777e-01 -3.448439836502075195e-01 -5.278792604804039001e-02 2.100624144077301025e-01 4.205819666385650635e-01 3.655836880207061768e-01 -1.551945507526397705e-01 -2.225992381572723389e-01 -2.821380496025085449e-01 2.185468673706054688e-01 -3.240997493267059326e-01 3.322372436523437500e-01 4.664883017539978027e-01 -3.408009111881256104e-01 1.059172675013542175e-01 7.306296825408935547e-01 2.457175999879837036e-01 3.737102746963500977e-01 -2.849574685096740723e-01 5.001454055309295654e-02 -5.638418793678283691e-01 6.217288970947265625e-01 -1.314850568771362305e+00 7.444799542427062988e-01 3.360406756401062012e-01 -1.283935457468032837e-01 -4.728055000305175781e-01 -1.956710368394851685e-01 4.402689337730407715e-01 -1.008461952209472656e+00 2.311941608786582947e-02 -3.473029732704162598e-01 3.571483865380287170e-02 6.379105895757675171e-02 -4.184834361076354980e-01 1.164503544569015503e-01 3.396714627742767334e-01 5.319775938987731934e-01 6.842159032821655273e-01 -2.915554940700531006e-01 -2.570276707410812378e-02 -2.924474775791168213e-01 -3.518537580966949463e-01 -4.752830862998962402e-01 2.956241965293884277e-01
-2.292920649051666260e-01 3.094009160995483398e-01 -2.926359325647354126e-02 -5.884164571762084961e-02 1.506541669368743896e-01 -3.974229097366333008e-02 2.684876918792724609e-01 -4.602063000202178955e-01 -5.387913584709167480e-01 -3.277480602264404297e-03 -2.414035499095916748e-01 -7.563594728708267212e-02 -2.966499328613281250e-01 1.655391752719879150e-01 -3.644473552703857422e-01 -9.454042315483093262e-01 -2.227654606103897095e-01 -4.672762006521224976e-02 -4.613634347915649414e-01 3.358241021633148193e-01 -4.125528335571289062e-01 -6.977778673171997070e-02 1.766720414161682129e-01 5.291280150413513184e-01 2.912829220294952393e-01 -1.036479771137237549e-01 -2.352922558784484863e-01 -1.981315016746520996e-01 6.838548183441162109e-02 -3.780058026313781738e-01 3.534800708293914795e-01 3.848697543144226074e-01 -2.679177522659301758e-01 8.231062442064285278e-02 7.849364280700683594e-01 4.068596661090850830e-01 3.819549977779388428e-01 -3.165036141872406006e-01 1.240109950304031372e-01 -4.943206906318664551e-01 6.775990724563598633e-01 -1.227331638336181641e+00 7.724420428276062012e-01 5.151590704917907715e-01 -2.695951461791992188e-01 -5.203175544738769531e-01 -1.834713220596313477e-01 2.567834854125976562e-01 -9.616256952285766602e-01 -7.186855375766754150e-02 -2.717827856540679932e-01 1.728340536355972290e-01 1.863621771335601807e-01 -5.736349225044250488e-01 -1.387565433979034424e-01 4.407345950603485107e-01 5.396654605865478516e-01 4.937610626220703125e-01 -3.344388604164123535e-01 -2.033449709415435791e-03 -3.848339617252349854e-01 -1.086592450737953186e-01 -4.594969451427459717e-01 3.654297441244125366e-02
-4.946646988391876221e-01 -1.252963244915008545e-01 -7.284767925739288330e-03 -7.326919585466384888e-02 2.119782567024230957e-02 -1.056181341409683228e-01 2.511177062988281250e-01 9.365753829479217529e-02 -1.982705742120742798e-01 8.458076119422912598e-01 -9.692717790603637695e-01 2.491987943649291992e-01 -1.473321169614791870e-01 4.685613811016082764e-01 3.150688409805297852e-01 -2.162811756134033203e-01 3.714840710163116455e-01 2.050578296184539795e-01 -2.242012023925781250e-01 -1.087097525596618652e-01 2.936915159225463867e-01 -1.164497584104537964e-01 -6.473118066787719727e-01 -1.585750579833984375e-01 2.805943489074707031e-01 -4.138578474521636963e-01 2.027811110019683838e-01 8.732694387435913086e-02 -5.409860610961914062e-01 -1.522492766380310059e-01 3.036781847476959229e-01 4.587992280721664429e-02 8.234696388244628906e-01 -7.099328935146331787e-02 -3.990260660648345947e-01 3.469024896621704102e-01 2.494951188564300537e-01 1.580888479948043823e-01 -4.296063780784606934e-01 1.842492669820785522e-01 -1.864023804664611816e-01 6.536363810300827026e-02 4.957786798477172852e-01 -6.614662706851959229e-02 2.951907813549041748e-01 8.942721784114837646e-02 8.245798945426940918e-01 -8.139016032218933105e-01 -3.259328007698059082e-01 9.358821809291839600e-02 2.614412307739257812e-01 5.680272579193115234e-01 -5.759397745132446289e-01 -1.360169500112533569e-01 6.433661282062530518e-02 -4.153637290000915527e-01 4.142920374870300293e-01 5.441281199455261230e-01 3.871065080165863037e-01 1.768488585948944092e-01 -1.129725724458694458e-01 2.702012062072753906e-01 4.938934445381164551e-01 2.904851362109184265e-02
-1.694877743721008301e-01 2.633368372917175293e-01 -4.558286070823669434e-02 3.158784657716751099e-02 1.214618831872940063e-01 -1.451939046382904053e-01 3.109891712665557861e-01 -2.513695359230041504e-01 -4.530087411403656006e-01 1.691744178533554077e-01 -6.272646784782409668e-01 -1.056476309895515442e-01 -4.130751192569732666e-01 3.094706833362579346e-01 -1.577094048261642456e-01 -6.104122400283813477e-01 -4.819386452436447144e-02 3.545685112476348877e-02 -5.447431802749633789e-01 1.668463498353958130e-01 -1.201169118285179138e-01 -6.953455507755279541e-02 -1.421261578798294067e-02 3.095464706420898438e-01 2.790257930755615234e-01 -3.923076093196868896e-01 -1.023785844445228577e-01 -2.339221388101577759e-01 1.102613210678100586e-01 -3.655448257923126221e-01 3.640512526035308838e-01 4.106523990631103516e-01 1.819734722375869751e-01 5.214225500822067261e-02 3.339746594429016113e-01 1.979438960552215576e-01 3.423134982585906982e-01 -1.530840843915939331e-01 -1.848356723785400391e-01 -4.599668383598327637e-01 3.702818751335144043e-01 -8.970913887023925781e-01 6.401178836822509766e-01 7.163493335247039795e-02 1.361789405345916748e-01 -3.422877788543701172e-01 2.226589769124984741e-01 8.946616947650909424e-02 -9.327105283737182617e-01 1.749684810638427734e-01 -5.441591143608093262e-03 2.585187554359436035e-01 -1.574496477842330933e-01 -1.555730551481246948e-01 2.158325165510177612e-01 4.282783716917037964e-02 5.287533402442932129e-01 7.225477695465087891e-01 -1.524995863437652588e-01 -8.128486573696136475e-03 -2.739196121692657471e-01 -1.856593936681747437e-01 -1.828604787588119507e-01 2.811512351036071777e-01
-3.134157061576843262e-01 4.973745346069335938e-02 -3.275220096111297607e-02 -1.424347609281539917e-02 5.933283269405364990e-02 -2.080853581428527832e-01 3.314193189144134521e-01 -8.884850144386291504e-02 -3.765597343444824219e-01 4.506224393844604492e-01 -8.015702366828918457e-01 7.068417966365814209e-02 -4.062775373458862305e-01 4.218519628047943115e-01 5.328787863254547119e-02 -3.519906401634216309e-01 1.450245827436447144e-01 1.896514445543289185e-01 -4.120185077190399170e-01 -1.014783140271902084e-02 8.356812596321105957e-02 -1.270895153284072876e-01 -3.325303792953491211e-01 5.538598448038101196e-02 2.357147634029388428e-01 -4.497099220752716064e-01 6.336892396211624146e-02 -9.822291135787963867e-02 -1.664001941680908203e-01 -1.680575907230377197e-01 3.810598254203796387e-01 2.844573259353637695e-01 5.256794691085815430e-01 -3.295497968792915344e-02 -5.192605406045913696e-02 2.081273198127746582e-01 3.262632787227630615e-01 -3.572893887758255005e-02 -3.819662928581237793e-01 -1.718951016664505005e-01 7.940709590911865234e-02 -4.681262373924255371e-01 5.359649062156677246e-01 -7.468809187412261963e-02 2.580357491970062256e-01 -1.354967057704925537e-01 5.790466070175170898e-01 -3.287565112113952637e-01 -6.738430857658386230e-01 1.626351624727249146e-01 2.178142666816711426e-01 3.845708966255187988e-01 -4.447780251502990723e-01 -1.024556607007980347e-01 1.554654389619827271e-01 -2.535843849182128906e-01 4.928159117698669434e-01 6.922566890716552734e-01 1.304157525300979614e-01 1.171311512589454651e-01 -1.784035116434097290e-01 -5.670275539159774780e-02 2.007698267698287964e-01 2.405665367841720581e-01
-1.118460893630981445e-01 2.903154492378234863e-01 -2.158988639712333679e-02 -1.242380142211914062e-01 1.798420995473861694e-01 -8.253452181816101074e-02 2.926430702209472656e-01 -4.043327867984771729e-01 -4.823387563228607178e-01 -3.854811191558837891e-03 -3.755207657814025879e-01 -6.676564365625381470e-02 -3.833438456058502197e-01 2.682665586471557617e-01 -2.045395672321319580e-01 -8.539559245109558105e-01 -5.014337971806526184e-02 -3.316998481750488281e-05 -4.938978552818298340e-01 3.527022004127502441e-01 -3.782278597354888916e-01 -9.754334390163421631e-02 1.217794790863990784e-01 4.691988527774810791e-01 1.830414235591888428e-01 -2.436253726482391357e-01 -2.081976532936096191e-01 -2.106614261865615845e-01 1.377607136964797974e-01 -4.397555291652679443e-01 3.497224748134613037e-01 4.400157928466796875e-01 -1.448233872652053833e-01 5.934999138116836548e-02 5.710733532905578613e-01 3.558858335018157959e-01 3.874058127403259277e-01 -3.742327690124511719e-01 -2.601114660501480103e-02 -4.302424192428588867e-01 6.484659314155578613e-01 -1.121786475181579590e+00 7.456428408622741699e-01 3.834371566772460938e-01 -1.202866658568382263e-01 -4.616975188255310059e-01 -2.514665201306343079e-02 2.331199795007705688e-01 -1.007506847381591797e+00 4.537444934248924255e-02 -1.786086559295654297e-01 1.980659365653991699e-01 -2.204136922955513000e-02 -3.720197081565856934e-01 -1.109172403812408447e-02 3.323432207107543945e-01 5.684914588928222656e-01 5.794693827629089355e-01 -2.997836172580718994e-01 -4.478889703750610352e-02 -3.706140220165252686e-01 -1.168485730886459351e-01 -3.655883073806762695e-01 9.562465548515319824e-02
-2.194442152976989746e-01 9.899348020553588867e-02 -1.080469191074371338e-01 5.320019274950027466e-02 6.878884136676788330e-02 -1.694157570600509644e-01 3.999224603176116943e-01 -1.311295330524444580e-01 -3.671675026416778564e-01 2.976964712142944336e-01 -7.072654366493225098e-01 -2.560503035783767700e-02 -5.075897574424743652e-01 3.210249841213226318e-01 -3.541746735572814941e-02 -4.401495456695556641e-01 8.193693310022354126e-02 2.216639518737792969e-01 -4.556633830070495605e-01 -9.690991602838039398e-03 5.883280932903289795e-02 -1.011714935302734375e-01 -2.569010555744171143e-01 1.025868877768516541e-01 2.192010283470153809e-01 -3.258454799652099609e-01 4.210682585835456848e-02 -1.504239886999130249e-01 -1.695066690444946289e-01 -2.255025506019592285e-01 4.477323293685913086e-01 3.007634878158569336e-01 3.778477907180786133e-01 -6.818318367004394531e-02 1.387299597263336182e-01 2.395677268505096436e-01 3.477214872837066650e-01 -1.508539468050003052e-01 -3.653458952903747559e-01 -2.127581536769866943e-01 1.364224553108215332e-01 -6.339476704597473145e-01 5.754962563514709473e-01 -4.161092638969421387e-02 2.235907912254333496e-01 -2.766385078430175781e-01 4.148057103157043457e-01 -2.184233069419860840e-01 -7.355710268020629883e-01 1.280717998743057251e-01 9.099908173084259033e-02 3.419739305973052979e-01 -4.237076044082641602e-01 -1.858231425285339355e-01 1.630930751562118530e-01 -1.565462350845336914e-01 4.288583695888519287e-01 6.510569453239440918e-01 4.393866285681724548e-02 8.175914734601974487e-02 -1.973965317010879517e-01 -1.269292384386062622e-01 1.549238115549087524e-01 2.943763136863708496e-01
-3.319872915744781494e-01 7.722741365432739258e-02 -9.882825613021850586e-02 5.030309408903121948e-02 4.378032684326171875e-02 -1.904970854520797729e-01 3.664604127407073975e-01 -1.255774646997451782e-01 -3.531749546527862549e-01 3.920888304710388184e-01 -7.250895500183105469e-01 8.606877177953720093e-02 -5.023530721664428711e-01 3.882181644439697266e-01 4.649575799703598022e-02 -3.937254548072814941e-01 8.127758651971817017e-02 2.366114258766174316e-01 -4.651367068290710449e-01 -6.650052964687347412e-02 3.707200288772583008e-03 -1.730486750602722168e-01 -3.542264997959136963e-01 1.587493345141410828e-02 2.284910976886749268e-01 -3.286570012569427490e-01 9.173468500375747681e-02 -1.067438423633575439e-01 -2.639019191265106201e-01 -1.446560621261596680e-01 4.538899958133697510e-01 2.499628365039825439e-01 4.866646826267242432e-01 -1.042509227991104126e-01 5.513887852430343628e-02 2.635087966918945312e-01 3.557919263839721680e-01 -1.717516928911209106e-01 -4.243425726890563965e-01 -1.460817307233810425e-01 1.162273958325386047e-01 -5.046633481979370117e-01 6.384483575820922852e-01 1.191347837448120117e-04 2.859979569911956787e-01 -2.045630663633346558e-01 5.219115614891052246e-01 -3.353375196456909180e-01 -6.736654043197631836e-01 1.280241012573242188e-01 1.387835741043090820e-01 3.553885817527770996e-01 -4.544363617897033691e-01 -1.835355907678604126e-01 5.813734233379364014e-02 -2.230573296546936035e-01 5.048664212226867676e-01 6.183841228485107422e-01 8.164490759372711182e-02 7.819486409425735474e-02 -2.168865650892257690e-01 -5.572769045829772949e-02 2.225214838981628418e-01 2.657142877578735352e-01
-4.121416211128234863e-01 -1.280059069395065308e-01 -4.099878668785095215e-02 -1.227820664644241333e-02 5.581071972846984863e-02 -1.693682521581649780e-01 2.853384315967559814e-01 1.299947053194046021e-01 -2.325417399406433105e-01 8.073503375053405762e-01 -1.021962046623229980e+00 2.127699404954910278e-01 -1.524601727724075317e-01 4.195000827312469482e-01 2.256510108709335327e-01 -2.497439235448837280e-01 3.178771734237670898e-01 2.634345293045043945e-01 -2.222437262535095215e-01 -1.105167716741561890e-01 3.406960666179656982e-01 -4.200511798262596130e-02 -6.516958475112915039e-01 -1.657327860593795776e-01 3.455432951450347900e-01 -4.016988873481750488e-01 2.052523195743560791e-01 -4.994004964828491211e-03 -4.916296303272247314e-01 -1.086834445595741272e-01 2.683965563774108887e-01 8.778674900531768799e-02 8.505008816719055176e-01 -7.280600816011428833e-02 -3.649876117706298828e-01 3.019688725471496582e-01 2.625153958797454834e-01 1.989987343549728394e-01 -4.211910963058471680e-01 8.976870775222778320e-02 -1.540930569171905518e-01 -3.418087214231491089e-02 3.861260712146759033e-01 -1.856049150228500366e-01 2.455706149339675903e-01 3.588233888149261475e-02 7.820473313331604004e-01 -6.816497445106506348e-01 -3.531171381473541260e-01 6.215196475386619568e-02 2.815667688846588135e-01 4.671249389648437500e-01 -5.915367007255554199e-01 -1.167037934064865112e-01 1.067243665456771851e-01 -3.411197066307067871e-01 3.588183522224426270e-01 6.023017764091491699e-01 3.409439027309417725e-01 1.687190532684326172e-01 -5.248833447694778442e-02 1.377534866333007812e-01 4.304167628288269043e-01 1.310986131429672241e-01
-3.746421933174133301e-01 -3.687282204627990723e-01 2.246397733688354492e-02 -1.237622573971748352e-01 2.457979321479797363e-02 -2.545137405395507812e-01 3.837719857692718506e-01 2.482714354991912842e-01 -1.651345938444137573e-01 8.917713761329650879e-01 -1.021539211273193359e+00 2.412072420120239258e-01 -2.586088180541992188e-01 3.851540386676788330e-01 3.043396472930908203e-01 -8.490114659070968628e-02 4.652522504329681396e-01 3.667912483215332031e-01 -1.160134673118591309e-01 -2.232990860939025879e-01 5.858653187751770020e-01 -6.832462549209594727e-02 -7.276831269264221191e-01 -3.055762946605682373e-01 2.488048672676086426e-01 -3.484837412834167480e-01 3.436026871204376221e-01 8.607080578804016113e-02 -5.869189500808715820e-01 3.065610677003860474e-02 3.410213887691497803e-01 6.514422595500946045e-02 9.406523108482360840e-01 -2.038647234439849854e-01 -4.560464918613433838e-01 3.805355429649353027e-01 2.724023163318634033e-01 2.392078489065170288e-01 -5.431935787200927734e-01 2.421693950891494751e-01 -3.690645694732666016e-01 2.431098520755767822e-01 2.390187382698059082e-01 -2.756108045578002930e-01 2.414037287235260010e-01 1.403511017560958862e-01 1.011857748031616211e+00 -9.398284554481506348e-01 -2.091864943504333496e-01 2.773258462548255920e-02 3.905904889106750488e-01 5.288554430007934570e-01 -7.074320316314697266e-01 -1.524886786937713623e-01 9.195236861705780029e-02 -5.750112533569335938e-01 2.912192940711975098e-01 5.046781897544860840e-01 4.732933938503265381e-01 3.432510793209075928e-01 6.182072311639785767e-02 1.409615278244018555e-01 6.454012989997863770e-01 1.245454102754592896e-01
-6.332560628652572632e-02 3.554664254188537598e-01 3.790679574012756348e-02 -2.097022831439971924e-01 1.793206781148910522e-01 -7.241564244031906128e-02 1.085419207811355591e-01 -3.546429574489593506e-01 -5.273742675781250000e-01 8.654116094112396240e-02 -5.106383562088012695e-01 -1.259666681289672852e-01 -1.858711242675781250e-01 5.035946369171142578e-01 -5.614112317562103271e-02 -9.371703267097473145e-01 8.499389141798019409e-02 -1.784844100475311279e-01 -4.216347932815551758e-01 5.930532813072204590e-01 -3.684603571891784668e-01 2.200390025973320007e-02 1.403592824935913086e-01 6.123791337013244629e-01 9.711874276399612427e-02 -6.117529869079589844e-01 -2.888330817222595215e-01 -3.857299685478210449e-02 2.683652639389038086e-01 -5.612757802009582520e-01 1.095316857099533081e-01 4.886976480484008789e-01 1.141655743122100830e-01 1.986821889877319336e-01 3.581773042678833008e-01 1.295926868915557861e-01 2.068338692188262939e-01 -1.817456334829330444e-01 4.039289057254791260e-02 -4.008249938488006592e-01 6.805328130722045898e-01 -1.018102049827575684e+00 6.527873277664184570e-01 2.212055027484893799e-01 -1.403601318597793579e-01 -2.872193455696105957e-01 1.057068705558776855e-01 2.775364518165588379e-01 -1.071152091026306152e+00 2.073045074939727783e-01 1.187395751476287842e-01 2.760581076145172119e-01 8.156192302703857422e-02 -1.875676214694976807e-02 1.581286191940307617e-01 2.778433859348297119e-01 6.222850680351257324e-01 8.263502717018127441e-01 -3.190700411796569824e-01 6.473665684461593628e-02 -4.047077894210815430e-01 -1.706953346729278564e-01 -5.442202091217041016e-01 -1.488777250051498413e-02
-2.788447737693786621e-01 2.982196211814880371e-01 -6.279167532920837402e-02 1.182029023766517639e-01 1.155882030725479126e-01 -1.502923518419265747e-01 3.225882947444915771e-01 -2.765101492404937744e-01 -4.053358733654022217e-01 1.220927685499191284e-01 -5.548834800720214844e-01 -5.660413950681686401e-02 -4.279989898204803467e-01 2.726000547409057617e-01 -2.075151801109313965e-01 -5.986552834510803223e-01 -1.222692057490348816e-01 1.154852211475372314e-01 -6.101260185241699219e-01 8.369680494070053101e-02 -1.608179807662963867e-01 -1.570268720388412476e-01 -2.119054645299911499e-02 2.261447608470916748e-01 3.140764832496643066e-01 -2.846941649913787842e-01 -9.378097206354141235e-02 -2.528754472732543945e-01 5.342242121696472168e-02 -2.833417356014251709e-01 4.385043680667877197e-01 3.359695672988891602e-01 1.367750912904739380e-01 3.159599006175994873e-02 3.861690759658813477e-01 1.859027892351150513e-01 3.554211258888244629e-01 -2.130216509103775024e-01 -2.589817941188812256e-01 -4.191074669361114502e-01 3.493718802928924561e-01 -9.388022422790527344e-01 7.516940832138061523e-01 1.206559613347053528e-01 2.133742421865463257e-01 -3.954253792762756348e-01 1.289978623390197754e-01 9.086778759956359863e-02 -8.988068103790283203e-01 1.544040590524673462e-01 -1.473391354084014893e-01 2.043390870094299316e-01 -1.606423705816268921e-01 -2.028987705707550049e-01 1.252182424068450928e-01 4.121265560388565063e-02 5.554240345954895020e-01 6.758381128311157227e-01 -1.603609174489974976e-01 -6.750723719596862793e-02 -3.004351556301116943e-01 -1.382789909839630127e-01 -1.262918114662170410e-01 3.197064101696014404e-01
-2.037490755319595337e-01 3.169720172882080078e-01 -4.174598678946495056e-02 -5.088209733366966248e-02 1.839341372251510620e-01 3.189693391323089600e-02 1.741824299097061157e-01 -4.743694365024566650e-01 -5.329838991165161133e-01 4.543796181678771973e-02 -3.022136986255645752e-01 -7.978903502225875854e-02 -3.098687231540679932e-01 2.912192344665527344e-01 -2.077339589595794678e-01 -9.599885344505310059e-01 -8.065175265073776245e-02 -7.465553283691406250e-02 -4.734705090522766113e-01 3.601754605770111084e-01 -4.968881607055664062e-01 -3.308619931340217590e-02 8.546904474496841431e-02 5.430472493171691895e-01 2.086844295263290405e-01 -2.493490576744079590e-01 -2.691222727298736572e-01 -1.406354904174804688e-01 1.084116473793983459e-02 -4.504063427448272705e-01 3.065579831600189209e-01 3.873167634010314941e-01 -1.585680693387985229e-01 7.342910021543502808e-02 6.054541468620300293e-01 3.194504082202911377e-01 3.377766013145446777e-01 -3.794941306114196777e-01 9.384167194366455078e-02 -3.868339955806732178e-01 7.294300794601440430e-01 -1.126719117164611816e+00 8.000956177711486816e-01 5.002485513687133789e-01 -2.161350548267364502e-01 -4.036663770675659180e-01 -4.666295275092124939e-02 1.940366774797439575e-01 -9.847295284271240234e-01 9.343679994344711304e-03 -1.899410486221313477e-01 2.335028797388076782e-01 1.266418695449829102e-01 -4.332687258720397949e-01 -7.903711497783660889e-02 3.955669105052947998e-01 5.593031048774719238e-01 5.157097578048706055e-01 -3.062340021133422852e-01 -6.967934221029281616e-02 -4.407144784927368164e-01 -4.506243020296096802e-02 -4.546521306037902832e-01 -6.544390320777893066e-02
-1.954312324523925781e-01 2.777755260467529297e-01 2.763256430625915527e-03 -9.147919714450836182e-03 1.211124509572982788e-01 -1.251244693994522095e-01 2.133921533823013306e-01 -2.532068192958831787e-01 -4.586147964000701904e-01 2.277505099773406982e-01 -6.248072981834411621e-01 -7.248539477586746216e-02 -3.262160718441009521e-01 4.444693624973297119e-01 -1.018678545951843262e-01 -6.489069461822509766e-01 8.772751688957214355e-02 -6.009246408939361572e-02 -5.385269522666931152e-01 2.395457327365875244e-01 -1.962795257568359375e-01 -6.312133371829986572e-02 -3.889152407646179199e-02 3.630656003952026367e-01 2.215596735477447510e-01 -4.933480620384216309e-01 -1.437921524047851562e-01 -1.322641819715499878e-01 1.127907186746597290e-01 -4.136092662811279297e-01 2.841764390468597412e-01 4.064705967903137207e-01 1.892170459032058716e-01 1.231028661131858826e-01 2.030864357948303223e-01 1.408259123563766479e-01 2.487091422080993652e-01 -1.211882904171943665e-01 -1.568222939968109131e-01 -3.880993723869323730e-01 4.372093081474304199e-01 -8.723289370536804199e-01 6.599643826484680176e-01 1.435538828372955322e-01 1.531716883182525635e-01 -2.564719319343566895e-01 2.628386020660400391e-01 3.852806985378265381e-02 -9.633914828300476074e-01 2.173112630844116211e-01 6.085009872913360596e-02 3.121927380561828613e-01 -1.347248703241348267e-01 -4.861699044704437256e-02 1.819006651639938354e-01 1.754056662321090698e-02 5.705723762512207031e-01 7.492709159851074219e-01 -1.072803884744644165e-01 -3.316692262887954712e-02 -2.891652584075927734e-01 -1.005181819200515747e-01 -2.537817358970642090e-01 1.818571090698242188e-01
-2.215659022331237793e-01 3.877167105674743652e-01 3.741202503442764282e-02 -1.350335925817489624e-01 1.893025189638137817e-01 -3.455225378274917603e-02 1.907486915588378906e-01 -4.386592805385589600e-01 -5.642960071563720703e-01 9.656198322772979736e-03 -3.086645603179931641e-01 -6.564816087484359741e-02 -1.827540993690490723e-01 2.709339261054992676e-01 -2.620827555656433105e-01 -9.635298848152160645e-01 -1.114963814616203308e-01 -1.498865485191345215e-01 -4.263403415679931641e-01 4.603209495544433594e-01 -4.587616920471191406e-01 -1.862033829092979431e-02 2.775951027870178223e-01 6.042339205741882324e-01 2.916222214698791504e-01 -2.827720642089843750e-01 -2.976572215557098389e-01 -1.536638140678405762e-01 2.532222568988800049e-01 -5.316838026046752930e-01 2.676247358322143555e-01 4.488430023193359375e-01 -2.261322289705276489e-01 1.541543006896972656e-01 6.744917035102844238e-01 2.906624972820281982e-01 3.070714771747589111e-01 -2.015265375375747681e-01 1.399394869804382324e-01 -4.957938194274902344e-01 6.927487850189208984e-01 -1.211439371109008789e+00 7.425208091735839844e-01 4.538809061050415039e-01 -2.769886553287506104e-01 -4.101712703704833984e-01 -1.149744391441345215e-01 3.130813241004943848e-01 -9.918616414070129395e-01 5.589253827929496765e-02 -2.054437696933746338e-01 1.803514510393142700e-01 1.977600902318954468e-01 -4.426510930061340332e-01 -1.893767714500427246e-02 4.187768697738647461e-01 6.205447316169738770e-01 6.475158929824829102e-01 -3.313733041286468506e-01 -6.335392594337463379e-03 -4.174518883228302002e-01 -1.714533567428588867e-01 -5.888154506683349609e-01 -4.462480917572975159e-02
-2.584538459777832031e-01 2.885749936103820801e-02 2.194702625274658203e-03 -1.259227395057678223e-01 1.606675535440444946e-01 -8.930581808090209961e-02 2.619704604148864746e-01 -1.200119704008102417e-01 -3.574875593185424805e-01 5.453124046325683594e-01 -8.441514372825622559e-01 5.694615468382835388e-02 -2.798079848289489746e-01 4.650432169437408447e-01 1.871801167726516724e-01 -4.711484014987945557e-01 2.775206565856933594e-01 9.530106186866760254e-02 -3.562630116939544678e-01 1.862894147634506226e-01 3.158939629793167114e-02 -5.275768414139747620e-02 -3.282818496227264404e-01 2.033363431692123413e-01 1.777618825435638428e-01 -5.494888424873352051e-01 5.757272988557815552e-02 7.707625627517700195e-04 -2.330311238765716553e-01 -3.448253571987152100e-01 2.848083674907684326e-01 2.515372037887573242e-01 5.654012560844421387e-01 3.551045805215835571e-02 -9.607177227735519409e-02 2.675672471523284912e-01 3.178489506244659424e-01 -3.149992227554321289e-02 -2.755213975906372070e-01 -8.709813654422760010e-02 1.602021455764770508e-01 -4.069127142429351807e-01 5.267357826232910156e-01 4.554789513349533081e-02 1.027596220374107361e-01 -6.881787627935409546e-02 6.273006796836853027e-01 -4.071736931800842285e-01 -6.381218433380126953e-01 1.373691260814666748e-01 2.767145037651062012e-01 5.292688608169555664e-01 -3.772180080413818359e-01 -1.306936442852020264e-01 1.254186779260635376e-01 -1.743149161338806152e-01 4.997779130935668945e-01 6.484832167625427246e-01 1.324776411056518555e-01 1.264045536518096924e-01 -2.604151368141174316e-01 1.073476150631904602e-01 9.804045408964157104e-02 3.094762936234474182e-02
-4.562624096870422363e-01 1.230913251638412476e-01 -4.062651842832565308e-02 5.178502947092056274e-02 6.981535255908966064e-02 -1.180759668350219727e-01 2.478184700012207031e-01 -7.687643170356750488e-02 -2.585405707359313965e-01 6.217670440673828125e-01 -8.883183598518371582e-01 1.233452111482620239e-01 -2.356088608503341675e-01 4.415700137615203857e-01 7.766413688659667969e-02 -3.481144011020660400e-01 1.205118894577026367e-01 1.008450090885162354e-01 -4.757419824600219727e-01 8.174709044396877289e-03 5.368321388959884644e-02 -1.645265370607376099e-01 -3.895170688629150391e-01 2.285032719373703003e-02 3.388428092002868652e-01 -4.016649425029754639e-01 1.237146034836769104e-01 -7.228848338127136230e-02 -2.349927723407745361e-01 -2.607389986515045166e-01 3.532041013240814209e-01 1.527435034513473511e-01 5.694727897644042969e-01 5.268413573503494263e-02 -1.225830689072608948e-01 2.217056900262832642e-01 2.353184223175048828e-01 7.667227089405059814e-02 -3.434440493583679199e-01 -1.688689142465591431e-01 1.989234983921051025e-02 -3.469817340373992920e-01 6.415547728538513184e-01 2.564802765846252441e-02 3.465781807899475098e-01 -4.251120239496231079e-02 5.253782868385314941e-01 -4.297075271606445312e-01 -6.086398363113403320e-01 2.018667161464691162e-01 7.237485051155090332e-02 4.959018826484680176e-01 -3.827973604202270508e-01 -4.088915884494781494e-02 1.088302582502365112e-01 -2.610591650009155273e-01 5.233346819877624512e-01 6.605939865112304688e-01 2.122143208980560303e-01 5.855097621679306030e-02 -2.193073928356170654e-01 8.648671954870223999e-02 1.733272671699523926e-01 2.000567764043807983e-01
-1.842863708734512329e-01 2.627831697463989258e-01 -1.423149555921554565e-02 -1.224088370800018311e-01 2.632932662963867188e-01 9.509661048650741577e-02 1.518995165824890137e-01 -3.997684419155120850e-01 -4.401710927486419678e-01 1.688455343246459961e-01 -5.118753910064697266e-01 -6.429075449705123901e-02 -2.290024608373641968e-01 3.687466084957122803e-01 -7.997700572013854980e-02 -9.130144715309143066e-01 5.955087393522262573e-02 -1.569635570049285889e-01 -4.369055628776550293e-01 4.886377155780792236e-01 -3.737320601940155029e-01 -4.766178503632545471e-02 1.281953603029251099e-02 5.824858546257019043e-01 1.471136212348937988e-01 -4.402714371681213379e-01 -1.996586024761199951e-01 -3.293819725513458252e-02 5.411762744188308716e-02 -5.858312249183654785e-01 2.477400749921798706e-01 3.813636898994445801e-01 3.198804706335067749e-02 9.991250187158584595e-02 3.754767775535583496e-01 2.655312716960906982e-01 2.279157042503356934e-01 -2.804137468338012695e-01 -8.641183376312255859e-03 -2.857486903667449951e-01 5.675430297851562500e-01 -9.606779217720031738e-01 7.685317993164062500e-01 3.895916938781738281e-01 -1.251545995473861694e-01 -3.027772903442382812e-01 1.140605211257934570e-01 7.725177705287933350e-02 -1.002031087875366211e+00 1.506808400154113770e-01 -2.910086512565612793e-02 3.669349551200866699e-01 6.480885669589042664e-03 -1.854672431945800781e-01 1.602333784103393555e-02 2.612587213516235352e-01 5.725636482238769531e-01 6.056634187698364258e-01 -2.202112674713134766e-01 -7.800120115280151367e-02 -3.966568708419799805e-01 5.047187954187393188e-02 -3.789053559303283691e-01 -1.331071257591247559e-01
-2.674618661403656006e-01 3.573565483093261719e-01 -2.080132812261581421e-02 -3.691869974136352539e-02 1.356914937496185303e-01 -2.754635177552700043e-02 2.635447084903717041e-01 -4.993368089199066162e-01 -5.135870575904846191e-01 -3.723710775375366211e-02 -2.539089322090148926e-01 -4.869636148214340210e-02 -3.025361597537994385e-01 1.802319288253784180e-01 -3.257119953632354736e-01 -8.998316526412963867e-01 -2.188642024993896484e-01 -1.109499484300613403e-03 -5.170413255691528320e-01 2.829321920871734619e-01 -4.706024527549743652e-01 -9.056989848613739014e-02 1.450395584106445312e-01 4.670414328575134277e-01 2.766612768173217773e-01 -9.336075186729431152e-02 -2.317441701889038086e-01 -2.794347703456878662e-01 1.222513020038604736e-01 -3.489401042461395264e-01 3.719170391559600830e-01 3.674683272838592529e-01 -3.008004128932952881e-01 5.689654499292373657e-02 7.389353513717651367e-01 3.620716631412506104e-01 3.880887627601623535e-01 -3.522710204124450684e-01 1.101602315902709961e-01 -4.949832558631896973e-01 7.292889356613159180e-01 -1.217287182807922363e+00 8.131033778190612793e-01 5.231445431709289551e-01 -2.018696069717407227e-01 -5.211567878723144531e-01 -1.889371871948242188e-01 2.888976335525512695e-01 -9.654204845428466797e-01 -8.975281566381454468e-02 -3.413075804710388184e-01 1.374035924673080444e-01 1.211668252944946289e-01 -5.487238168716430664e-01 -1.365245878696441650e-01 4.291067719459533691e-01 5.518959760665893555e-01 4.939469993114471436e-01 -3.433440029621124268e-01 -5.997227504849433899e-02 -4.176629781723022461e-01 -1.282271891832351685e-01 -4.344651997089385986e-01 7.904062420129776001e-02
-4.053274393081665039e-01 -8.897207677364349365e-02 8.020296692848205566e-03 -1.699966192245483398e-01 7.762852311134338379e-02 -1.073677688837051392e-01 2.205052077770233154e-01 5.692572891712188721e-02 -2.814326882362365723e-01 8.051898479461669922e-01 -9.544525146484375000e-01 2.240008413791656494e-01 -1.517725288867950439e-01 5.187093019485473633e-01 3.239299654960632324e-01 -3.414510190486907959e-01 3.672671914100646973e-01 7.030722498893737793e-02 -2.553793489933013916e-01 8.682304620742797852e-02 1.351914405822753906e-01 -6.203522160649299622e-02 -5.294737219810485840e-01 3.330318629741668701e-02 2.090433984994888306e-01 -5.276684761047363281e-01 1.772007644176483154e-01 1.091829091310501099e-01 -3.968299031257629395e-01 -2.902414500713348389e-01 2.070843279361724854e-01 1.031225100159645081e-01 7.956309914588928223e-01 1.374316960573196411e-02 -3.483965098857879639e-01 2.910524606704711914e-01 2.211110889911651611e-01 1.352952271699905396e-01 -3.402795195579528809e-01 6.734403967857360840e-02 -4.653398692607879639e-02 -3.695200383663177490e-02 4.612268805503845215e-01 3.813223540782928467e-02 1.670079231262207031e-01 1.378626972436904907e-01 8.136444091796875000e-01 -6.960195899009704590e-01 -4.287680983543395996e-01 1.415613591670989990e-01 3.001493215560913086e-01 6.099538207054138184e-01 -4.731793403625488281e-01 -6.921981275081634521e-02 7.862199842929840088e-02 -3.221892416477203369e-01 5.193342566490173340e-01 6.244890093803405762e-01 3.820402920246124268e-01 1.782400012016296387e-01 -2.167316526174545288e-01 2.289966046810150146e-01 2.521075308322906494e-01 -3.167194500565528870e-02
-2.189971506595611572e-01 3.610268831253051758e-01 -7.395760715007781982e-02 2.480246126651763916e-03 7.945294678211212158e-02 -2.183698564767837524e-01 3.145816326141357422e-01 -4.028750658035278320e-01 -4.292139112949371338e-01 -5.999469757080078125e-02 -3.424648046493530273e-01 -4.543935507535934448e-02 -4.042942225933074951e-01 2.092203795909881592e-01 -3.276669383049011230e-01 -7.070118784904479980e-01 -2.585719525814056396e-01 9.935790300369262695e-02 -5.784093737602233887e-01 1.996459364891052246e-01 -3.576290607452392578e-01 -1.375798583030700684e-01 1.088628545403480530e-01 3.303949832916259766e-01 3.312778472900390625e-01 -1.261725723743438721e-01 -1.474587917327880859e-01 -3.268721103668212891e-01 1.926880776882171631e-01 -2.566064000129699707e-01 3.883519172668457031e-01 3.697934150695800781e-01 -2.036814689636230469e-01 4.877850413322448730e-02 6.060734987258911133e-01 2.742772698402404785e-01 3.900698423385620117e-01 -3.204067349433898926e-01 -7.228049635887145996e-02 -5.344086885452270508e-01 5.976274013519287109e-01 -1.184057235717773438e+00 7.785081267356872559e-01 3.056103587150573730e-01 -2.066614851355552673e-02 -4.712710380554199219e-01 -1.012820750474929810e-01 3.664305210113525391e-01 -9.843121767044067383e-01 2.483412250876426697e-02 -3.355844616889953613e-01 6.766424328088760376e-02 1.194253563880920410e-02 -3.779403567314147949e-01 1.311772316694259644e-02 2.896842062473297119e-01 5.901470780372619629e-01 6.330115795135498047e-01 -2.809898555278778076e-01 -7.584214210510253906e-02 -3.241493701934814453e-01 -2.855007350444793701e-01 -3.378073871135711670e-01 3.241101801395416260e-01
-2.303841710090637207e-01 3.612927794456481934e-01 -8.619612455368041992e-02 1.256060302257537842e-01 8.800464868545532227e-02 -2.561262845993041992e-01 3.159062862396240234e-01 -3.647430539131164551e-01 -4.648977220058441162e-01 -1.163253039121627808e-01 -3.597206473350524902e-01 -1.092611774802207947e-01 -4.348616302013397217e-01 1.804656684398651123e-01 -4.140880107879638672e-01 -6.807643175125122070e-01 -3.017911612987518311e-01 1.311144977807998657e-01 -6.034095287322998047e-01 8.563295006752014160e-02 -2.582795023918151855e-01 -1.242192536592483521e-01 1.156779900193214417e-01 2.680030465126037598e-01 4.351529479026794434e-01 -1.509030759334564209e-01 -1.605352759361267090e-01 -3.624231219291687012e-01 2.010734528303146362e-01 -2.028540968894958496e-01 4.277222454547882080e-01 4.120244979858398438e-01 -1.886404007673263550e-01 4.367781430482864380e-02 6.262652277946472168e-01 1.869997084140777588e-01 3.823948800563812256e-01 -2.689422369003295898e-01 -1.006829887628555298e-01 -5.915991663932800293e-01 5.376431345939636230e-01 -1.225585579872131348e+00 7.672677040100097656e-01 2.022329270839691162e-01 3.666296228766441345e-02 -4.937182664871215820e-01 -1.249613910913467407e-01 3.861369490623474121e-01 -9.490703940391540527e-01 6.053806468844413757e-02 -3.340112566947937012e-01 1.350214146077632904e-02 3.947161138057708740e-03 -3.694355487823486328e-01 1.216287314891815186e-01 2.403342723846435547e-01 5.642918944358825684e-01 6.950923800468444824e-01 -2.454207539558410645e-01 -1.029919758439064026e-01 -2.585660517215728760e-01 -3.293392658233642578e-01 -3.187228143215179443e-01 4.319898784160614014e-01
-2.455982267856597900e-01 2.382127493619918823e-01 -1.388157308101654053e-01 7.684990763664245605e-02 1.210001558065414429e-01 -1.133906394243240356e-01 3.374078273773193359e-01 -3.274797797203063965e-01 -4.303260743618011475e-01 8.251719921827316284e-02 -5.177176594734191895e-01 -2.174735814332962036e-02 -4.895652830600738525e-01 2.402538359165191650e-01 -1.960254907608032227e-01 -6.350348591804504395e-01 -9.515827149152755737e-02 1.302687823772430420e-01 -5.496047139167785645e-01 9.268964827060699463e-02 -2.177016735076904297e-01 -1.696045994758605957e-01 -6.425282359123229980e-02 2.484535574913024902e-01 2.702532410621643066e-01 -2.626406252384185791e-01 -1.257796883583068848e-01 -2.176651507616043091e-01 -3.512573614716529846e-02 -3.115504384040832520e-01 4.367132484912872314e-01 3.317102789878845215e-01 9.392870217561721802e-02 -2.002790197730064392e-02 4.280384182929992676e-01 2.442956864833831787e-01 3.833713233470916748e-01 -3.256020247936248779e-01 -2.362557053565979004e-01 -3.590920865535736084e-01 3.853061795234680176e-01 -9.606103301048278809e-01 7.634419798851013184e-01 2.270500957965850830e-01 1.292326301336288452e-01 -3.913841843605041504e-01 1.053902506828308105e-01 3.922317922115325928e-02 -8.911643624305725098e-01 1.147232055664062500e-01 -1.338944435119628906e-01 2.532481253147125244e-01 -1.766755878925323486e-01 -3.034198582172393799e-01 8.288487792015075684e-02 9.947787970304489136e-02 5.489138960838317871e-01 6.212743520736694336e-01 -1.607484221458435059e-01 -5.936580151319503784e-02 -3.422030210494995117e-01 -1.111237183213233948e-01 -7.845976948738098145e-02 2.350923866033554077e-01
-2.218309640884399414e-01 -2.518900632858276367e-01 -1.925462484359741211e-02 -1.750608384609222412e-01 -4.245132207870483398e-03 -2.502085268497467041e-01 4.832883775234222412e-01 8.468942344188690186e-02 -2.983097732067108154e-01 5.840489864349365234e-01 -8.461086750030517578e-01 1.373894363641738892e-01 -5.237724184989929199e-01 3.407028913497924805e-01 2.366028279066085815e-01 -1.917528212070465088e-01 3.370462954044342041e-01 3.622158169746398926e-01 -2.437072992324829102e-01 -1.019165888428688049e-01 3.129291832447052002e-01 -9.555797278881072998e-02 -4.997390508651733398e-01 -6.607630848884582520e-02 9.064625948667526245e-02 -4.044516682624816895e-01 2.239991724491119385e-01 -2.052654325962066650e-02 -3.870114982128143311e-01 -5.041747540235519409e-02 3.995811343193054199e-01 2.116015851497650146e-01 6.935808062553405762e-01 -1.694771051406860352e-01 -2.017222642898559570e-01 3.523961901664733887e-01 3.945226669311523438e-01 -5.126289092004299164e-03 -4.828392863273620605e-01 5.407622829079627991e-02 -1.291289329528808594e-01 -1.311044096946716309e-01 3.121969401836395264e-01 -1.635498255491256714e-01 1.778908669948577881e-01 -1.290223374962806702e-02 8.631285429000854492e-01 -6.007133126258850098e-01 -4.289049804210662842e-01 7.264047861099243164e-02 3.518925309181213379e-01 4.771598875522613525e-01 -6.403555274009704590e-01 -1.869479864835739136e-01 1.671410053968429565e-01 -4.090965986251831055e-01 4.068555235862731934e-01 6.053310632705688477e-01 3.344660997390747070e-01 2.998340725898742676e-01 -1.010756790637969971e-01 -8.264347910881042480e-03 4.924149513244628906e-01 2.227947413921356201e-01
-2.624006271362304688e-01 2.493129521608352661e-01 -1.095251739025115967e-02 -1.524973660707473755e-02 1.610398739576339722e-01 -2.619323693215847015e-02 2.356705367565155029e-01 -2.115633934736251831e-01 -3.840418756008148193e-01 3.475212454795837402e-01 -7.164120078086853027e-01 -5.554147809743881226e-02 -2.930191159248352051e-01 4.252410233020782471e-01 9.387992322444915771e-03 -6.099819540977478027e-01 1.028167083859443665e-01 -4.417058825492858887e-02 -5.153766870498657227e-01 2.728833258152008057e-01 -1.554112732410430908e-01 -5.477390065789222717e-02 -9.638269990682601929e-02 3.759326636791229248e-01 2.011796832084655762e-01 -4.950277507305145264e-01 -5.111618340015411377e-02 -9.769374132156372070e-02 2.940626814961433411e-02 -4.686842262744903564e-01 3.053440749645233154e-01 3.083581030368804932e-01 2.938172221183776855e-01 1.287493407726287842e-01 1.403566002845764160e-01 1.678223758935928345e-01 2.560181617736816406e-01 -7.245881855487823486e-02 -1.815628111362457275e-01 -3.106334209442138672e-01 3.362282514572143555e-01 -7.268820405006408691e-01 6.834981441497802734e-01 1.475842893123626709e-01 1.634738445281982422e-01 -2.150220423936843872e-01 3.464553058147430420e-01 -5.910131335258483887e-02 -8.405750393867492676e-01 1.918719112873077393e-01 5.511854588985443115e-02 4.225475192070007324e-01 -1.950828284025192261e-01 -6.204852461814880371e-02 1.677482575178146362e-01 -4.260689765214920044e-02 5.487711429595947266e-01 7.198278307914733887e-01 -2.663080766797065735e-02 -1.775437593460083008e-02 -3.112064898014068604e-01 -1.165725290775299072e-02 -1.708711236715316772e-01 1.168684214353561401e-01
-1.003539115190505981e-01 3.053548336029052734e-01 6.010837852954864502e-02 -2.192632555961608887e-01 2.303615063428878784e-01 1.790257170796394348e-03 1.863225400447845459e-01 -2.895168662071228027e-01 -4.329976141452789307e-01 2.351921498775482178e-01 -6.495217680931091309e-01 -7.850419729948043823e-02 -1.868620663881301880e-01 4.632352888584136963e-01 -2.442881464958190918e-03 -8.370746374130249023e-01 1.773304343223571777e-01 -1.650301218032836914e-01 -4.573400616645812988e-01 5.402339696884155273e-01 -2.570201456546783447e-01 1.033620908856391907e-02 5.119458585977554321e-02 5.988864898681640625e-01 6.750842183828353882e-02 -5.769487619400024414e-01 -1.814094781875610352e-01 -3.036095201969146729e-02 2.016217708587646484e-01 -6.291345357894897461e-01 1.704874783754348755e-01 4.462305903434753418e-01 1.553283184766769409e-01 1.855010986328125000e-01 2.651521861553192139e-01 1.648454219102859497e-01 2.291344404220581055e-01 -1.237371489405632019e-01 -3.377269208431243896e-02 -3.531237244606018066e-01 5.174502134323120117e-01 -8.669072985649108887e-01 6.281753778457641602e-01 2.418718039989471436e-01 -6.170167401432991028e-02 -2.470063567161560059e-01 2.411704957485198975e-01 8.960957825183868408e-02 -1.025407791137695312e+00 1.805013418197631836e-01 1.048125922679901123e-01 4.220660328865051270e-01 -1.010681241750717163e-01 -2.618226408958435059e-02 1.395018845796585083e-01 1.515829861164093018e-01 5.529927611351013184e-01 7.245033979415893555e-01 -1.746569275856018066e-01 3.103009611368179321e-02 -3.836286067962646484e-01 -2.355750650167465210e-02 -4.045847356319427490e-01 -7.079252600669860840e-02
-2.749500274658203125e-01 5.092795193195343018e-02 2.117270678281784058e-01 -3.847387433052062988e-01 2.340562194585800171e-01 -1.936761662364006042e-03 -8.836241066455841064e-02 -1.502508968114852905e-01 -3.507851660251617432e-01 7.490373253822326660e-01 -8.603540658950805664e-01 1.139197647571563721e-01 1.401398330926895142e-01 7.471284866333007812e-01 3.828757703304290771e-01 -6.438549757003784180e-01 5.111991763114929199e-01 -2.421227097511291504e-01 -2.536794245243072510e-01 6.107727885246276855e-01 -1.419229805469512939e-01 5.356181785464286804e-02 -3.126872777938842773e-01 4.604718983173370361e-01 3.927529603242874146e-02 -8.773372769355773926e-01 -6.695742905139923096e-02 2.810646295547485352e-01 -1.655903756618499756e-01 -5.325562953948974609e-01 -1.169644743204116821e-01 2.060466706752777100e-01 6.753298640251159668e-01 3.367877304553985596e-01 -3.524958789348602295e-01 1.729901432991027832e-01 1.218978241086006165e-01 1.589390337467193604e-01 -6.269870698451995850e-02 2.322794124484062195e-02 2.961605191230773926e-01 -2.873189151287078857e-01 5.035529732704162598e-01 2.546076178550720215e-01 -8.476587384939193726e-02 2.235264331102371216e-01 7.076601386070251465e-01 -4.569940567016601562e-01 -7.092923521995544434e-01 2.173413634300231934e-01 4.220621585845947266e-01 6.918639540672302246e-01 -1.354266405105590820e-01 1.597847342491149902e-01 8.633412420749664307e-02 -9.685165435075759888e-02 5.875728726387023926e-01 7.036601901054382324e-01 1.750700473785400391e-01 1.960864663124084473e-01 -3.400722742080688477e-01 3.792568445205688477e-01 -2.505386471748352051e-01 -3.585214912891387939e-01
-3.439793288707733154e-01 -1.460346281528472900e-01 -6.559057533740997314e-02 -2.585784345865249634e-02 2.163732051849365234e-02 -2.845901846885681152e-01 4.246902465820312500e-01 9.390600025653839111e-02 -2.676829397678375244e-01 6.530426144599914551e-01 -9.261667728424072266e-01 2.049116492271423340e-01 -4.039881229400634766e-01 3.961079418659210205e-01 1.583998501300811768e-01 -1.890340000391006470e-01 2.704375982284545898e-01 3.286867737770080566e-01 -2.659867405891418457e-01 -1.545947194099426270e-01 3.253391683101654053e-01 -1.473618894815444946e-01 -5.841773152351379395e-01 -2.002097070217132568e-01 2.871845364570617676e-01 -3.198854029178619385e-01 2.343367040157318115e-01 -5.940259993076324463e-02 -4.336025416851043701e-01 -5.253784358501434326e-02 4.386685788631439209e-01 1.518242210149765015e-01 7.614659667015075684e-01 -1.548465490341186523e-01 -2.570365071296691895e-01 3.245768547058105469e-01 3.390774428844451904e-01 4.288248717784881592e-02 -5.140309929847717285e-01 5.373384803533554077e-03 -1.379016637802124023e-01 -1.254625022411346436e-01 4.098390340805053711e-01 -1.599277704954147339e-01 2.891742587089538574e-01 -2.668338641524314880e-02 7.755122184753417969e-01 -6.386556029319763184e-01 -4.031962156295776367e-01 9.013083577156066895e-02 2.758289873600006104e-01 4.339197576045989990e-01 -6.278496980667114258e-01 -1.764535456895828247e-01 5.238823592662811279e-02 -4.007341861724853516e-01 4.163987934589385986e-01 5.845731496810913086e-01 2.976431250572204590e-01 1.937727630138397217e-01 -7.354424893856048584e-02 2.539157122373580933e-02 4.841554462909698486e-01 2.559514939785003662e-01
-2.252193093299865723e-01 3.787590265274047852e-01 -2.231597900390625000e-04 2.807193249464035034e-02 1.473502218723297119e-01 -5.731337517499923706e-02 2.241174578666687012e-01 -4.529309868812561035e-01 -5.074967145919799805e-01 -8.605068922042846680e-02 -2.586481571197509766e-01 -1.472778618335723877e-01 -2.972731292247772217e-01 1.672499179840087891e-01 -3.790963590145111084e-01 -8.915588855743408203e-01 -2.492038309574127197e-01 -4.012437537312507629e-02 -5.322436690330505371e-01 2.776526212692260742e-01 -4.310051798820495605e-01 -2.593644335865974426e-02 2.379607260227203369e-01 4.915757477283477783e-01 3.452306687831878662e-01 -1.306067407131195068e-01 -2.738077938556671143e-01 -2.875832319259643555e-01 2.172115147113800049e-01 -3.677961230278015137e-01 3.191897571086883545e-01 4.493350386619567871e-01 -3.757616579532623291e-01 1.403701305389404297e-01 7.790544033050537109e-01 3.039213418960571289e-01 3.848761320114135742e-01 -2.555291950702667236e-01 1.550080925226211548e-01 -6.175234913825988770e-01 7.283646464347839355e-01 -1.344525694847106934e+00 7.991802692413330078e-01 4.320504665374755859e-01 -1.898182332515716553e-01 -5.110909342765808105e-01 -2.564767003059387207e-01 4.533948898315429688e-01 -9.976519942283630371e-01 -5.390156805515289307e-02 -3.629470765590667725e-01 6.376259773969650269e-02 1.595691740512847900e-01 -4.730698466300964355e-01 1.654457300901412964e-02 4.245096147060394287e-01 5.336164832115173340e-01 6.220294237136840820e-01 -3.681055605411529541e-01 -6.337796896696090698e-02 -2.917804419994354248e-01 -2.293495833873748779e-01 -5.325757861137390137e-01 1.943822354078292847e-01
-2.982556521892547607e-01 -1.673221290111541748e-01 5.321519076824188232e-02 -1.756265759468078613e-01 2.044540643692016602e-02 -2.633258104324340820e-01 3.200860023498535156e-01 9.822538495063781738e-02 -3.069427907466888428e-01 7.263035774230957031e-01 -9.160678386688232422e-01 1.772408783435821533e-01 -2.425568848848342896e-01 4.997676312923431396e-01 2.332803010940551758e-01 -2.910443842411041260e-01 4.326944351196289062e-01 2.322654724121093750e-01 -2.159028053283691406e-01 2.563732117414474487e-02 3.337824046611785889e-01 -5.447712168097496033e-02 -5.495033860206604004e-01 -5.888281762599945068e-02 1.948352158069610596e-01 -5.018447041511535645e-01 1.466753780841827393e-01 6.233967840671539307e-02 -4.154090583324432373e-01 -1.291234493255615234e-01 2.685453593730926514e-01 1.538073122501373291e-01 7.766295671463012695e-01 -2.789777144789695740e-02 -3.507639467716217041e-01 2.980704903602600098e-01 2.926787137985229492e-01 1.361446976661682129e-01 -3.992617130279541016e-01 8.246663212776184082e-02 -6.133148819208145142e-02 -1.180645376443862915e-01 3.392957448959350586e-01 -1.139812022447586060e-01 1.915374100208282471e-01 6.466181576251983643e-02 8.271133899688720703e-01 -6.706050038337707520e-01 -4.517979025840759277e-01 7.714492082595825195e-02 3.891373276710510254e-01 5.093802213668823242e-01 -5.358262062072753906e-01 -1.001314222812652588e-01 1.229421645402908325e-01 -3.856364786624908447e-01 4.326031208038330078e-01 6.360125541687011719e-01 3.337110877037048340e-01 2.698928117752075195e-01 -1.230226606130599976e-01 1.380104720592498779e-01 3.371601998805999756e-01 1.153394132852554321e-01
-3.706790804862976074e-01 2.959007620811462402e-01 -5.651730298995971680e-02 9.538310021162033081e-02 9.672504663467407227e-02 -8.790060132741928101e-02 2.577602863311767578e-01 -2.187118381261825562e-01 -3.417291343212127686e-01 3.523090481758117676e-01 -6.761837601661682129e-01 4.485629126429557800e-02 -3.218652009963989258e-01 3.660822212696075439e-01 -8.064167201519012451e-02 -5.771371722221374512e-01 -1.876634778454899788e-03 1.419436931610107422e-02 -5.955335497856140137e-01 1.179180443286895752e-01 -1.995901465415954590e-01 -1.717593073844909668e-01 -1.427767872810363770e-01 2.304487079381942749e-01 2.929936051368713379e-01 -2.836947143077850342e-01 -5.518585070967674255e-02 -1.395493000745773315e-01 -5.834434181451797485e-03 -3.893625438213348389e-01 4.141124784946441650e-01 2.735049724578857422e-01 1.893381625413894653e-01 6.271063536405563354e-02 2.377935945987701416e-01 1.918530315160751343e-01 2.544381618499755859e-01 -9.315606951713562012e-02 -2.615718841552734375e-01 -3.550126254558563232e-01 2.765275239944458008e-01 -7.374835610389709473e-01 8.174344897270202637e-01 1.935885846614837646e-01 2.638702988624572754e-01 -2.596355080604553223e-01 2.635228931903839111e-01 -9.635056555271148682e-02 -8.985534906387329102e-01 2.127736508846282959e-01 -1.396431326866149902e-01 3.697514235973358154e-01 -2.383077889680862427e-01 -1.331917345523834229e-01 7.823698222637176514e-02 -2.357863634824752808e-02 5.573198795318603516e-01 6.293413639068603516e-01 -3.309989348053932190e-02 -7.072824239730834961e-02 -2.851507663726806641e-01 -2.064920961856842041e-03 -7.688550651073455811e-02 1.593960076570510864e-01
-2.614814341068267822e-01 2.555769085884094238e-01 -8.952927589416503906e-02 1.332915425300598145e-01 8.957304060459136963e-02 -1.339722424745559692e-01 3.122708797454833984e-01 -3.034244775772094727e-01 -4.478491842746734619e-01 1.357356458902359009e-01 -5.362444519996643066e-01 -2.773875743150711060e-02 -4.827552139759063721e-01 2.553999722003936768e-01 -1.765675842761993408e-01 -6.049913167953491211e-01 -9.644015878438949585e-02 1.312640607357025146e-01 -6.022343635559082031e-01 6.563460081815719604e-02 -2.506900429725646973e-01 -1.626063883304595947e-01 -9.535136073827743530e-02 2.192515879869461060e-01 2.751342654228210449e-01 -2.406448125839233398e-01 -1.193017289042472839e-01 -2.902863025665283203e-01 2.847447618842124939e-02 -2.652720510959625244e-01 4.645471572875976562e-01 3.709612488746643066e-01 5.537234246730804443e-02 1.955844461917877197e-02 4.200199246406555176e-01 2.070689499378204346e-01 3.530475795269012451e-01 -2.405951768159866333e-01 -2.092183530330657959e-01 -4.264592528343200684e-01 4.014014601707458496e-01 -9.376655817031860352e-01 7.936696410179138184e-01 1.911740452051162720e-01 1.774022877216339111e-01 -3.771255016326904297e-01 1.393659263849258423e-01 8.711402118206024170e-02 -9.044653177261352539e-01 1.289042830467224121e-01 -1.674748957157135010e-01 2.498483806848526001e-01 -1.975191980600357056e-01 -2.501895427703857422e-01 1.073716133832931519e-01 8.254187554121017456e-02 5.183543562889099121e-01 6.120007634162902832e-01 -1.068138182163238525e-01 -6.985949724912643433e-02 -2.775924503803253174e-01 -1.250152140855789185e-01 -1.109072938561439514e-01 2.883207798004150391e-01
-1.080719083547592163e-01 3.185441493988037109e-01 -4.170773178339004517e-02 -2.737625688314437866e-02 1.145811527967453003e-01 -1.636657565832138062e-01 2.948938608169555664e-01 -3.048781752586364746e-01 -4.570944905281066895e-01 3.874145448207855225e-03 -4.793306589126586914e-01 -1.420176029205322266e-01 -3.960809111595153809e-01 3.118785023689270020e-01 -2.622172236442565918e-01 -7.461423873901367188e-01 -7.954086363315582275e-02 9.772166609764099121e-03 -5.169437527656555176e-01 2.634617984294891357e-01 -1.918860673904418945e-01 -7.559457421302795410e-02 1.072994694113731384e-01 3.935388922691345215e-01 2.511441707611083984e-01 -3.683276176452636719e-01 -2.028807997703552246e-01 -2.066726684570312500e-01 1.940453946590423584e-01 -3.919776082038879395e-01 3.304682672023773193e-01 4.378150105476379395e-01 -2.757161855697631836e-02 9.718205779790878296e-02 4.397756159305572510e-01 1.859536767005920410e-01 3.323632776737213135e-01 -2.308438718318939209e-01 -7.193194329738616943e-02 -4.931968450546264648e-01 5.272718667984008789e-01 -1.080581545829772949e+00 6.640837192535400391e-01 1.604917645454406738e-01 4.842547699809074402e-02 -4.026118516921997070e-01 3.619413450360298157e-02 2.640441060066223145e-01 -1.043807506561279297e+00 1.424446105957031250e-01 -8.324849605560302734e-02 1.726505756378173828e-01 -3.590981662273406982e-02 -1.688000261783599854e-01 1.955438107252120972e-01 1.577226817607879639e-01 5.680556297302246094e-01 7.685156464576721191e-01 -2.740409672260284424e-01 -5.038604140281677246e-03 -3.216769397258758545e-01 -2.371309697628021240e-01 -3.084871768951416016e-01 2.689319849014282227e-01
-3.100512027740478516e-01 1.220477074384689331e-01 9.354378283023834229e-02 -1.539259254932403564e-01 1.853471547365188599e-01 -8.790280669927597046e-02 1.608827710151672363e-01 -1.299652010202407837e-01 -3.831718564033508301e-01 5.608062148094177246e-01 -8.302263617515563965e-01 8.870928734540939331e-02 -1.170266419649124146e-01 5.589282512664794922e-01 1.869955360889434814e-01 -5.704767704010009766e-01 2.749843895435333252e-01 -1.563324779272079468e-02 -3.701824545860290527e-01 2.991728782653808594e-01 -4.181177169084548950e-02 -2.806999906897544861e-02 -3.029294908046722412e-01 2.536829710006713867e-01 1.790041625499725342e-01 -5.990345478057861328e-01 -3.370363265275955200e-03 3.006678819656372070e-02 -1.554182618856430054e-01 -3.769866824150085449e-01 1.848603934049606323e-01 2.515106797218322754e-01 5.926778912544250488e-01 1.177958026528358459e-01 -1.319731473922729492e-01 2.195188403129577637e-01 2.654246985912322998e-01 1.663420349359512329e-02 -2.498880326747894287e-01 -1.111153960227966309e-01 2.348463833332061768e-01 -4.576020836830139160e-01 5.622944235801696777e-01 8.556330949068069458e-02 8.757355064153671265e-02 -7.891800254583358765e-02 5.719084143638610840e-01 -3.473650217056274414e-01 -7.115553617477416992e-01 1.516202837228775024e-01 2.582633197307586670e-01 4.613201916217803955e-01 -3.260313868522644043e-01 -3.842507302761077881e-02 5.926205217838287354e-02 -9.346086531877517700e-02 5.397994518280029297e-01 6.714794635772705078e-01 8.354708552360534668e-02 8.017124980688095093e-02 -2.807130813598632812e-01 1.825663447380065918e-01 -5.162551626563072205e-02 -4.098695889115333557e-02
-1.664929986000061035e-01 2.319285124540328979e-01 -1.241685971617698669e-01 1.024478003382682800e-01 7.270550727844238281e-02 -1.851126998662948608e-01 3.585955500602722168e-01 -2.872664630413055420e-01 -4.412549734115600586e-01 3.496520221233367920e-02 -5.262749195098876953e-01 -8.808382600545883179e-02 -5.417194962501525879e-01 2.316091954708099365e-01 -1.981486976146697998e-01 -5.900818109512329102e-01 -1.049393638968467712e-01 1.556086540222167969e-01 -5.471081137657165527e-01 7.663732767105102539e-02 -1.769039928913116455e-01 -1.169826388359069824e-01 -5.628010630607604980e-02 2.301921546459197998e-01 3.060151040554046631e-01 -2.818073034286499023e-01 -1.093136891722679138e-01 -2.958300709724426270e-01 5.651687830686569214e-02 -2.756139934062957764e-01 4.607668220996856689e-01 3.780217766761779785e-01 4.835607483983039856e-02 -6.974864751100540161e-03 4.285525381565093994e-01 1.859631836414337158e-01 3.717921376228332520e-01 -2.548573315143585205e-01 -1.883367598056793213e-01 -4.551953375339508057e-01 4.128134250640869141e-01 -9.654866456985473633e-01 7.229587435722351074e-01 1.428045630455017090e-01 1.276818364858627319e-01 -3.746235370635986328e-01 1.465027928352355957e-01 1.569601595401763916e-01 -8.759757280349731445e-01 1.361884176731109619e-01 -1.362705528736114502e-01 2.167221903800964355e-01 -1.656246185302734375e-01 -2.699053883552551270e-01 1.841410249471664429e-01 8.115012198686599731e-02 5.293164849281311035e-01 6.812384724617004395e-01 -1.414325684309005737e-01 -5.036755651235580444e-02 -2.801050543785095215e-01 -2.241386771202087402e-01 -1.149314194917678833e-01 3.578493595123291016e-01
-1.285938322544097900e-01 2.598750591278076172e-01 -4.501258581876754761e-02 3.525856882333755493e-02 1.318063884973526001e-01 -1.456450968980789185e-01 3.446267545223236084e-01 -2.666621506214141846e-01 -4.805819690227508545e-01 5.630006641149520874e-02 -4.651433229446411133e-01 -1.390060186386108398e-01 -4.531841576099395752e-01 2.654100954532623291e-01 -2.247022390365600586e-01 -7.160211205482482910e-01 -5.349637940526008606e-02 2.450980246067047119e-03 -5.141882300376892090e-01 2.450351268053054810e-01 -1.725670695304870605e-01 -6.362409889698028564e-02 2.779161185026168823e-02 3.787324726581573486e-01 2.306437194347381592e-01 -3.132758438587188721e-01 -1.503724157810211182e-01 -2.312730252742767334e-01 1.473659425973892212e-01 -3.643038272857666016e-01 4.244086444377899170e-01 4.038814902305603027e-01 6.960853002965450287e-03 6.320058554410934448e-02 4.573897719383239746e-01 2.280954420566558838e-01 3.123319447040557861e-01 -1.902129352092742920e-01 -1.450410187244415283e-01 -4.294681847095489502e-01 4.779513776302337646e-01 -1.038545131683349609e+00 7.028763294219970703e-01 1.764864027500152588e-01 5.489498376846313477e-02 -4.416638016700744629e-01 9.787993133068084717e-02 2.262870222330093384e-01 -9.787881970405578613e-01 1.194260418415069580e-01 -8.064881712198257446e-02 2.034102678298950195e-01 -8.471112698316574097e-02 -2.393415421247482300e-01 1.526677608489990234e-01 1.346294879913330078e-01 5.282778143882751465e-01 7.045167684555053711e-01 -1.859914511442184448e-01 3.030911087989807129e-03 -2.592039108276367188e-01 -1.858624219894409180e-01 -2.583518326282501221e-01 2.508510649204254150e-01
-1.853038966655731201e-01 3.711936473846435547e-01 -6.578629463911056519e-02 -1.388314366340637207e-02 1.980264037847518921e-01 -8.923611789941787720e-02 2.357389926910400391e-01 -3.416552543640136719e-01 -4.643254876136779785e-01 6.503274291753768921e-02 -4.757933020591735840e-01 -9.880069643259048462e-02 -2.513934373855590820e-01 2.575692832469940186e-01 -2.489898800849914551e-01 -8.015115857124328613e-01 -8.618860691785812378e-02 -8.589343726634979248e-02 -5.008441805839538574e-01 3.793016374111175537e-01 -2.754066884517669678e-01 -6.918627023696899414e-02 1.296563446521759033e-01 4.896973967552185059e-01 3.129081130027770996e-01 -3.215569853782653809e-01 -2.127312719821929932e-01 -1.921437382698059082e-01 2.161028683185577393e-01 -5.358031392097473145e-01 3.130028545856475830e-01 3.542346954345703125e-01 -7.315206527709960938e-02 1.563774943351745605e-01 5.131136178970336914e-01 1.955591738224029541e-01 2.474639117717742920e-01 -1.507834047079086304e-01 -4.885809868574142456e-02 -4.241032004356384277e-01 5.030128359794616699e-01 -1.086617231369018555e+00 7.672887444496154785e-01 3.029054999351501465e-01 -5.090744420886039734e-02 -3.955969214439392090e-01 -7.934246212244033813e-03 2.391346544027328491e-01 -1.014245748519897461e+00 1.472638398408889771e-01 -1.910257339477539062e-01 2.674565315246582031e-01 4.939887672662734985e-02 -2.873573303222656250e-01 1.751119941473007202e-01 2.332936525344848633e-01 5.564488172531127930e-01 6.996545195579528809e-01 -2.069752812385559082e-01 -3.138805180788040161e-02 -3.508074283599853516e-01 -1.641712784767150879e-01 -4.151650965213775635e-01 8.459448814392089844e-02
-7.817161828279495239e-02 -3.364509940147399902e-01 -9.595365822315216064e-02 -1.385579258203506470e-01 -1.025080829858779907e-01 -2.831515371799468994e-01 6.376357078552246094e-01 1.680880784988403320e-01 -3.358747661113739014e-01 4.461094737052917480e-01 -8.221562504768371582e-01 4.140482097864151001e-02 -6.692758798599243164e-01 1.154016703367233276e-01 1.216288954019546509e-01 -1.358666718006134033e-01 1.809373944997787476e-01 4.206430017948150635e-01 -1.914981305599212646e-01 -1.678346246480941772e-01 4.495939314365386963e-01 -2.362845465540885925e-02 -4.504641890525817871e-01 -3.952059149742126465e-02 9.350033849477767944e-02 -3.268069922924041748e-01 2.433598637580871582e-01 -1.506259590387344360e-01 -2.965323328971862793e-01 -2.863454073667526245e-02 4.708632230758666992e-01 2.937077283859252930e-01 5.642107129096984863e-01 -2.352598309516906738e-01 -3.518304228782653809e-02 2.976144552230834961e-01 3.927425146102905273e-01 1.876864582300186157e-02 -4.189446568489074707e-01 -9.676885604858398438e-02 -2.267456650733947754e-01 -1.983408629894256592e-01 1.798261553049087524e-01 -2.978644967079162598e-01 1.041123494505882263e-01 -9.267023205757141113e-02 8.300967216491699219e-01 -4.297407865524291992e-01 -4.273565411567687988e-01 5.148408934473991394e-02 3.121205568313598633e-01 4.347946345806121826e-01 -6.440252661705017090e-01 -2.119019180536270142e-01 3.105187416076660156e-01 -3.985790014266967773e-01 3.208581805229187012e-01 6.229192614555358887e-01 3.892693817615509033e-01 2.825435996055603027e-01 -3.446056321263313293e-02 -1.723610460758209229e-01 5.409359335899353027e-01 3.945617973804473877e-01
-2.520424425601959229e-01 -3.406952023506164551e-01 -5.524002015590667725e-02 -8.754547685384750366e-02 -6.718654930591583252e-02 -2.840732634067535400e-01 5.298624038696289062e-01 2.073108851909637451e-01 -2.118514776229858398e-01 6.614263057708740234e-01 -8.897761106491088867e-01 1.725030243396759033e-01 -4.804899990558624268e-01 2.390719056129455566e-01 1.738752424716949463e-01 -1.086655631661415100e-01 2.841550409793853760e-01 4.548516869544982910e-01 -1.503262519836425781e-01 -2.270931452512741089e-01 5.403327345848083496e-01 -9.542267024517059326e-02 -6.745404005050659180e-01 -2.680437266826629639e-01 1.718940436840057373e-01 -2.199490964412689209e-01 3.055156767368316650e-01 -5.551014840602874756e-02 -5.106394886970520020e-01 6.224929541349411011e-02 4.657307565212249756e-01 1.445356011390686035e-01 6.937315464019775391e-01 -2.215607464313507080e-01 -2.354825437068939209e-01 3.696971237659454346e-01 3.300133645534515381e-01 1.033494621515274048e-01 -4.932181239128112793e-01 9.733337163925170898e-02 -3.387978971004486084e-01 1.932016015052795410e-02 2.601666152477264404e-01 -2.675993442535400391e-01 2.288896739482879639e-01 -1.433136314153671265e-02 8.440669775009155273e-01 -7.217618227005004883e-01 -3.430646955966949463e-01 -6.597761064767837524e-03 2.747173905372619629e-01 4.614980518817901611e-01 -7.592817544937133789e-01 -1.928721517324447632e-01 1.357760280370712280e-01 -4.929445385932922363e-01 2.431282103061676025e-01 5.019059777259826660e-01 4.540291726589202881e-01 3.367443978786468506e-01 3.404639288783073425e-02 8.902601897716522217e-03 6.534901857376098633e-01 2.947976589202880859e-01
-3.607124388217926025e-01 2.285581976175308228e-01 -1.147873550653457642e-01 1.096175685524940491e-01 6.666477024555206299e-02 -6.665231287479400635e-02 2.460117489099502563e-01 -2.429253458976745605e-01 -3.571721017360687256e-01 2.821848392486572266e-01 -6.939513087272644043e-01 3.014157712459564209e-02 -3.649014532566070557e-01 3.345067203044891357e-01 -9.048756957054138184e-02 -5.475634932518005371e-01 -9.335261769592761993e-03 3.350386023521423340e-02 -5.798894762992858887e-01 5.526356399059295654e-02 -1.760717332363128662e-01 -1.880816966295242310e-01 -1.489605605602264404e-01 1.850078105926513672e-01 3.030523061752319336e-01 -3.589922189712524414e-01 -8.352866023778915405e-02 -1.403443962335586548e-01 -2.295528724789619446e-02 -3.581853508949279785e-01 3.634787201881408691e-01 2.988771796226501465e-01 2.337609380483627319e-01 2.432591468095779419e-02 2.377231419086456299e-01 1.792418658733367920e-01 2.592936456203460693e-01 -1.422446817159652710e-01 -2.552825808525085449e-01 -3.602349460124969482e-01 2.724801898002624512e-01 -7.588434815406799316e-01 7.945033907890319824e-01 1.720684468746185303e-01 2.874354422092437744e-01 -2.407730072736740112e-01 2.105773389339447021e-01 -9.874594211578369141e-02 -8.383494615554809570e-01 2.294173538684844971e-01 -9.198853373527526855e-02 3.655485510826110840e-01 -2.120889276266098022e-01 -9.848951548337936401e-02 1.520240008831024170e-01 -3.194444626569747925e-02 5.876404643058776855e-01 7.019607424736022949e-01 -4.860179871320724487e-02 -7.654295116662979126e-02 -2.841089069843292236e-01 -3.322374075651168823e-02 -1.648648642003536224e-02 2.416522651910781860e-01
-9.332354366779327393e-02 2.338377386331558228e-01 8.671802282333374023e-02 -1.799151599407196045e-01 2.150940448045730591e-01 -4.060159623622894287e-02 1.164028719067573547e-01 -2.761918306350708008e-01 -4.222913384437561035e-01 2.770340442657470703e-01 -6.563991308212280273e-01 -1.237688586115837097e-01 -1.753763407468795776e-01 5.197887420654296875e-01 1.182815432548522949e-02 -7.692196965217590332e-01 2.506259381771087646e-01 -1.530659496784210205e-01 -4.168875813484191895e-01 5.147548317909240723e-01 -1.785991489887237549e-01 6.724442541599273682e-02 -1.500570029020309448e-02 5.247805118560791016e-01 1.347428709268569946e-01 -6.750414371490478516e-01 -1.877715885639190674e-01 9.771861135959625244e-03 1.227623820304870605e-01 -5.480450391769409180e-01 1.109962314367294312e-01 4.193276166915893555e-01 2.136172503232955933e-01 2.531775236129760742e-01 1.319705843925476074e-01 1.357135772705078125e-01 2.230766713619232178e-01 -1.546724047511816025e-02 7.800698280334472656e-03 -3.351595401763916016e-01 4.931731224060058594e-01 -8.377302885055541992e-01 5.499430298805236816e-01 2.017548084259033203e-01 -4.960340261459350586e-02 -1.015304699540138245e-01 2.726548016071319580e-01 3.881259262561798096e-02 -9.398521184921264648e-01 1.976818740367889404e-01 1.699784994125366211e-01 4.260841310024261475e-01 -5.952826887369155884e-02 2.380836009979248047e-02 2.397880107164382935e-01 8.350796252489089966e-02 5.457970499992370605e-01 8.186718821525573730e-01 -1.043948531150817871e-01 1.279179453849792480e-01 -3.318526744842529297e-01 -3.849478811025619507e-02 -4.113623797893524170e-01 -4.502870142459869385e-03
-4.389082193374633789e-01 9.167756140232086182e-02 1.075848191976547241e-02 -1.405764371156692505e-02 1.083079725503921509e-01 -6.278882920742034912e-02 1.840312927961349487e-01 -1.134881824254989624e-01 -3.406348526477813721e-01 6.001213788986206055e-01 -8.439874649047851562e-01 9.939490258693695068e-02 -2.084941118955612183e-01 4.965504109859466553e-01 1.555490344762802124e-01 -4.535731971263885498e-01 1.930424124002456665e-01 8.404856920242309570e-02 -4.313170313835144043e-01 5.939051508903503418e-02 -1.107323914766311646e-02 -1.113328486680984497e-01 -3.630261421203613281e-01 8.482941985130310059e-02 2.612694501876831055e-01 -4.785633087158203125e-01 8.146617561578750610e-02 -5.892872810363769531e-03 -2.827245295047760010e-01 -2.890257537364959717e-01 2.914346754550933838e-01 1.903871148824691772e-01 6.048013567924499512e-01 5.084227770566940308e-02 -1.124347075819969177e-01 2.254362404346466064e-01 2.460979819297790527e-01 7.869654335081577301e-03 -2.961445450782775879e-01 -1.027438193559646606e-01 8.822626620531082153e-02 -3.499401509761810303e-01 6.318941116333007812e-01 6.588359177112579346e-02 2.331797182559967041e-01 -3.934030607342720032e-02 5.538255572319030762e-01 -4.965392947196960449e-01 -5.813184976577758789e-01 1.768244504928588867e-01 1.422811150550842285e-01 5.119135379791259766e-01 -3.731366991996765137e-01 -7.620592415332794189e-02 7.957054674625396729e-02 -2.162910997867584229e-01 5.212961435317993164e-01 6.289433836936950684e-01 2.097892612218856812e-01 6.708853691816329956e-02 -2.666301429271697998e-01 1.539734005928039551e-01 1.082360967993736267e-01 8.243612200021743774e-02
-6.665045022964477539e-02 1.864572316408157349e-01 -1.030340939760208130e-01 -6.631892174482345581e-02 9.039561450481414795e-02 -1.730353236198425293e-01 3.648019731044769287e-01 -2.662276029586791992e-01 -4.501958191394805908e-01 3.872211277484893799e-02 -5.713818669319152832e-01 -8.313012868165969849e-02 -5.178565382957458496e-01 2.574843466281890869e-01 -1.164867728948593140e-01 -5.810387134552001953e-01 -3.690707683563232422e-02 1.331318020820617676e-01 -4.776420593261718750e-01 1.572149395942687988e-01 -1.421805620193481445e-01 -1.020688414573669434e-01 5.277536809444427490e-03 2.837569415569305420e-01 1.850605159997940063e-01 -3.874148130416870117e-01 -1.276006698608398438e-01 -2.362985610961914062e-01 1.178647279739379883e-01 -3.417823910713195801e-01 3.655658960342407227e-01 4.481592774391174316e-01 1.047390252351760864e-01 3.998309373855590820e-03 3.736104667186737061e-01 2.140173166990280151e-01 4.003874361515045166e-01 -2.830200195312500000e-01 -1.789076626300811768e-01 -4.218530058860778809e-01 3.767046034336090088e-01 -9.029875397682189941e-01 6.123775839805603027e-01 8.106152713298797607e-02 6.772582232952117920e-02 -3.690485954284667969e-01 2.017380595207214355e-01 1.172313541173934937e-01 -9.179391264915466309e-01 1.480169445276260376e-01 -9.112440049648284912e-03 2.589660882949829102e-01 -2.219772785902023315e-01 -1.998474299907684326e-01 2.206861525774002075e-01 7.432427257299423218e-02 5.294061899185180664e-01 7.135332226753234863e-01 -1.644452214241027832e-01 1.686245948076248169e-02 -3.036234676837921143e-01 -2.113243043422698975e-01 -8.137950301170349121e-02 2.886199653148651123e-01
-1.477192342281341553e-01 1.487265378236770630e-01 -8.332127332687377930e-02 -8.741266280412673950e-02 9.382455050945281982e-02 -9.096534550189971924e-02 3.458771705627441406e-01 -2.492853999137878418e-01 -4.156402647495269775e-01 1.615092307329177856e-01 -5.841301083564758301e-01 1.165807247161865234e-03 -5.267343521118164062e-01 3.289166390895843506e-01 -2.331390976905822754e-03 -6.079773306846618652e-01 4.960910230875015259e-02 1.157878488302230835e-01 -4.975873827934265137e-01 1.319730877876281738e-01 -2.101974785327911377e-01 -1.251794546842575073e-01 -1.297031044960021973e-01 2.805993556976318359e-01 8.027753978967666626e-02 -3.632587790489196777e-01 -6.425431370735168457e-02 -1.261551082134246826e-01 -7.869039475917816162e-02 -3.371344208717346191e-01 3.592227995395660400e-01 3.944010138511657715e-01 2.209291756153106689e-01 -3.124836087226867676e-02 2.983673214912414551e-01 2.770545482635498047e-01 3.995862901210784912e-01 -3.491684794425964355e-01 -2.472712993621826172e-01 -2.875799536705017090e-01 3.429576158523559570e-01 -7.663613557815551758e-01 6.693252325057983398e-01 1.875736117362976074e-01 9.380590170621871948e-02 -3.184822797775268555e-01 3.143792748451232910e-01 -8.009961247444152832e-02 -8.676840662956237793e-01 1.224800348281860352e-01 2.795648574829101562e-02 3.473632931709289551e-01 -3.281567692756652832e-01 -1.929381787776947021e-01 6.875039637088775635e-02 3.568359464406967163e-02 5.287531614303588867e-01 5.971460342407226562e-01 -7.406612485647201538e-02 -4.473179578781127930e-04 -3.326051533222198486e-01 -3.299369663000106812e-02 -4.139571450650691986e-03 1.625835299491882324e-01
-2.765543758869171143e-01 2.091197818517684937e-01 -1.244131103157997131e-01 9.105769544839859009e-02 1.019382923841476440e-01 -9.654776751995086670e-02 3.053142428398132324e-01 -2.537589073181152344e-01 -3.865000009536743164e-01 2.383324801921844482e-01 -6.076166033744812012e-01 -2.200729399919509888e-02 -4.677244126796722412e-01 3.215193152427673340e-01 -1.212853491306304932e-01 -5.787958502769470215e-01 -2.319463528692722321e-02 7.259342074394226074e-02 -5.935738682746887207e-01 5.097201466560363770e-02 -1.861593425273895264e-01 -1.739657074213027954e-01 -1.455700099468231201e-01 2.320768535137176514e-01 2.417331337928771973e-01 -3.309160470962524414e-01 -5.887615680694580078e-02 -1.668213456869125366e-01 -1.055279374122619629e-01 -3.163483440876007080e-01 4.204002022743225098e-01 2.843150496482849121e-01 2.425849288702011108e-01 3.407374024391174316e-04 2.701585292816162109e-01 2.273451387882232666e-01 3.323577642440795898e-01 -2.730431854724884033e-01 -2.661972045898437500e-01 -3.183463215827941895e-01 3.576171994209289551e-01 -7.905874252319335938e-01 7.658479213714599609e-01 1.980082243680953979e-01 2.208791971206665039e-01 -3.092316389083862305e-01 2.501649260520935059e-01 -5.861485004425048828e-02 -8.572498559951782227e-01 1.648085415363311768e-01 -6.753404438495635986e-02 3.532926142215728760e-01 -1.663265228271484375e-01 -1.762245893478393555e-01 7.949215173721313477e-02 -6.428629159927368164e-03 5.851119756698608398e-01 6.244138479232788086e-01 -8.091433346271514893e-02 -9.115478396415710449e-02 -3.331357836723327637e-01 -7.779374718666076660e-03 -1.533832494169473648e-02 2.297186553478240967e-01
-2.477183341979980469e-01 3.120177388191223145e-01 -8.062548935413360596e-02 1.055391505360603333e-01 1.656891256570816040e-01 -7.450631260871887207e-02 2.381431311368942261e-01 -3.441157042980194092e-01 -4.474374949932098389e-01 1.095899492502212524e-01 -5.743855237960815430e-01 -1.006904914975166321e-01 -3.600527346134185791e-01 2.972086966037750244e-01 -1.980504691600799561e-01 -6.725769042968750000e-01 -1.040857061743736267e-01 2.004586160182952881e-03 -5.638104677200317383e-01 1.829263418912887573e-01 -2.443350851535797119e-01 -1.219401955604553223e-01 -6.601370871067047119e-03 3.279285430908203125e-01 3.258747458457946777e-01 -3.896789550781250000e-01 -1.503004431724548340e-01 -2.451652586460113525e-01 7.490634918212890625e-02 -3.878999650478363037e-01 3.568035066127777100e-01 3.436519801616668701e-01 1.422531008720397949e-01 9.358797222375869751e-02 3.791560530662536621e-01 1.667636036872863770e-01 3.081951737403869629e-01 -2.062642127275466919e-01 -1.249547153711318970e-01 -4.465377032756805420e-01 4.691329002380371094e-01 -9.756328463554382324e-01 7.594473958015441895e-01 2.076430022716522217e-01 1.074938997626304626e-01 -3.450653553009033203e-01 8.823132514953613281e-02 1.464220285415649414e-01 -9.006094932556152344e-01 1.813068389892578125e-01 -9.716249257326126099e-02 2.713864147663116455e-01 -2.439007908105850220e-02 -1.830812692642211914e-01 1.604389697313308716e-01 1.262911260128021240e-01 5.809228420257568359e-01 7.180555462837219238e-01 -2.078653275966644287e-01 -8.006934076547622681e-02 -3.414762020111083984e-01 -1.273605823516845703e-01 -2.276121973991394043e-01 2.367679178714752197e-01
-3.846672475337982178e-01 -2.456792443990707397e-01 -2.907821536064147949e-02 -1.955727636814117432e-01 -5.481265485286712646e-02 -1.363199204206466675e-01 3.513213396072387695e-01 1.920321285724639893e-01 -2.550511062145233154e-01 8.775985836982727051e-01 -1.018638849258422852e+00 2.652669548988342285e-01 -2.509023845195770264e-01 3.986556828022003174e-01 3.737355768680572510e-01 -1.743758916854858398e-01 4.125549197196960449e-01 2.195566296577453613e-01 -1.798067688941955566e-01 -1.419241428375244141e-01 3.359293937683105469e-01 -5.028985813260078430e-02 -6.381313800811767578e-01 -1.097785532474517822e-01 1.687709242105484009e-01 -4.443003535270690918e-01 2.492867708206176758e-01 6.863124668598175049e-02 -4.830361902713775635e-01 -1.587392985820770264e-01 2.593116164207458496e-01 1.087899133563041687e-01 9.029652476310729980e-01 -1.663321852684020996e-01 -3.826166987419128418e-01 3.578726947307586670e-01 2.512477338314056396e-01 1.767036169767379761e-01 -4.451063871383666992e-01 1.625312417745590210e-01 -2.416533231735229492e-01 1.919019520282745361e-01 3.208250999450683594e-01 -1.430330425500869751e-01 2.242481112480163574e-01 1.393294334411621094e-01 9.893101453781127930e-01 -8.256862163543701172e-01 -2.983184158802032471e-01 1.001929640769958496e-01 3.610718250274658203e-01 6.052910089492797852e-01 -6.342319846153259277e-01 -1.204741150140762329e-01 1.511500626802444458e-01 -4.406905174255371094e-01 4.088314771652221680e-01 5.543155670166015625e-01 4.754170477390289307e-01 2.361041903495788574e-01 -1.095593720674514771e-01 1.581480503082275391e-01 5.337612032890319824e-01 4.113511368632316589e-02
-2.779360115528106689e-01 3.098553419113159180e-01 -1.042784005403518677e-02 -6.936490535736083984e-06 1.352104395627975464e-01 -1.197687387466430664e-01 2.698252499103546143e-01 -2.947983741760253906e-01 -4.687970280647277832e-01 1.294921189546585083e-01 -5.109267234802246094e-01 -3.890285640954971313e-02 -3.542242050170898438e-01 3.332840502262115479e-01 -1.700562536716461182e-01 -6.970412135124206543e-01 -6.349142640829086304e-02 4.895634949207305908e-03 -5.586719512939453125e-01 1.827232241630554199e-01 -2.544956803321838379e-01 -1.428690999746322632e-01 4.795958846807479858e-02 3.513255715370178223e-01 2.521830201148986816e-01 -3.525517880916595459e-01 -1.387226879596710205e-01 -1.658926308155059814e-01 1.035852283239364624e-01 -3.631654977798461914e-01 3.570079207420349121e-01 3.651264905929565430e-01 1.174943596124649048e-01 6.464884430170059204e-02 3.981005251407623291e-01 2.188348174095153809e-01 3.162925541400909424e-01 -2.097875326871871948e-01 -2.006738781929016113e-01 -3.721516728401184082e-01 4.250111281871795654e-01 -9.485375285148620605e-01 7.580492496490478516e-01 2.073107659816741943e-01 1.060381904244422913e-01 -3.896782994270324707e-01 1.552418470382690430e-01 8.349271118640899658e-02 -9.493018388748168945e-01 1.702201217412948608e-01 -7.698614895343780518e-02 2.288420647382736206e-01 -1.002127230167388916e-01 -2.227223962545394897e-01 9.914019703865051270e-02 9.735488891601562500e-02 6.069595813751220703e-01 6.888877749443054199e-01 -1.761452108621597290e-01 -3.840429335832595825e-02 -3.291474580764770508e-01 -1.102246344089508057e-01 -2.228741198778152466e-01 1.718394905328750610e-01
-1.661331951618194580e-01 1.461561769247055054e-01 -1.418726891279220581e-01 4.917293787002563477e-02 1.001393944025039673e-01 -1.604653298854827881e-01 4.251487553119659424e-01 -2.268252074718475342e-01 -4.263978600502014160e-01 8.355987817049026489e-02 -5.440919399261474609e-01 -1.264127343893051147e-02 -6.220024824142456055e-01 2.364809215068817139e-01 -7.708531618118286133e-02 -5.659770369529724121e-01 -3.346219658851623535e-02 2.348809838294982910e-01 -5.141011476516723633e-01 3.126160427927970886e-02 -1.563625931739807129e-01 -1.624573320150375366e-01 -1.477474123239517212e-01 1.653587669134140015e-01 1.667841523885726929e-01 -2.554199099540710449e-01 -2.424486353993415833e-02 -2.292968630790710449e-01 -7.213807106018066406e-02 -2.378392815589904785e-01 4.917471408843994141e-01 3.533449769020080566e-01 1.812860369682312012e-01 -6.876543164253234863e-02 3.903808593750000000e-01 2.515501379966735840e-01 4.116124212741851807e-01 -3.272318542003631592e-01 -3.158949911594390869e-01 -3.068344891071319580e-01 2.944545745849609375e-01 -8.009762763977050781e-01 6.999240517616271973e-01 1.441639512777328491e-01 1.512109339237213135e-01 -3.906558156013488770e-01 2.481675893068313599e-01 -3.904771804809570312e-02 -7.907826304435729980e-01 1.000770032405853271e-01 -6.114757806062698364e-02 2.806273698806762695e-01 -3.735670447349548340e-01 -2.965828180313110352e-01 9.737418591976165771e-02 1.845198124647140503e-02 4.860723018646240234e-01 5.991627573966979980e-01 -4.209397733211517334e-02 2.466981858015060425e-02 -2.931097149848937988e-01 -1.384255588054656982e-01 3.907442465424537659e-02 2.914170026779174805e-01
-3.818932771682739258e-01 -1.123944967985153198e-01 4.964224994182586670e-03 -1.820809245109558105e-01 3.821060061454772949e-02 -1.550868749618530273e-01 3.018990755081176758e-01 6.515823304653167725e-02 -2.530254423618316650e-01 7.739031314849853516e-01 -9.898498654365539551e-01 2.429422140121459961e-01 -1.640916615724563599e-01 4.859172403812408447e-01 2.687466144561767578e-01 -2.961033582687377930e-01 4.031473696231842041e-01 1.704730093479156494e-01 -2.480776906013488770e-01 3.704319521784782410e-02 2.391528189182281494e-01 -9.670342504978179932e-02 -5.419833064079284668e-01 -2.700004726648330688e-02 2.223763465881347656e-01 -4.994300007820129395e-01 1.608353257179260254e-01 6.068785488605499268e-02 -4.019892811775207520e-01 -2.417793571949005127e-01 2.532211542129516602e-01 1.094375550746917725e-01 7.815423607826232910e-01 -2.599356323480606079e-02 -3.582775890827178955e-01 3.104812800884246826e-01 2.687461078166961670e-01 1.181386038661003113e-01 -3.779863119125366211e-01 5.958646163344383240e-02 -5.114063620567321777e-02 -7.482724636793136597e-02 4.173231124877929688e-01 -1.406455039978027344e-02 2.208840847015380859e-01 7.107079029083251953e-02 7.696657776832580566e-01 -6.904938220977783203e-01 -4.077788591384887695e-01 1.028310507535934448e-01 3.021605014801025391e-01 5.852778553962707520e-01 -5.325307846069335938e-01 -9.589257836341857910e-02 5.692547559738159180e-02 -3.203365206718444824e-01 4.912325143814086914e-01 6.132463812828063965e-01 3.336746990680694580e-01 1.520582437515258789e-01 -1.999273747205734253e-01 2.319692671298980713e-01 3.611242175102233887e-01 5.494366958737373352e-02
-3.685128092765808105e-01 7.854080200195312500e-02 1.435202360153198242e-02 -3.823923319578170776e-02 1.232710629701614380e-01 -6.144670397043228149e-02 2.263669967651367188e-01 -6.853415071964263916e-02 -3.022157847881317139e-01 6.197196841239929199e-01 -8.688277006149291992e-01 5.925225093960762024e-02 -1.648044586181640625e-01 4.733997285366058350e-01 1.212719380855560303e-01 -4.686162769794464111e-01 2.420312315225601196e-01 5.429141223430633545e-02 -3.703233599662780762e-01 1.244703978300094604e-01 9.529366344213485718e-02 -6.186107918620109558e-02 -3.834850788116455078e-01 1.357679963111877441e-01 2.715843021869659424e-01 -4.608419537544250488e-01 1.141957268118858337e-01 9.388625621795654297e-04 -2.580288052558898926e-01 -3.382493555545806885e-01 2.962599396705627441e-01 1.656813919544219971e-01 5.780819654464721680e-01 4.111254960298538208e-02 -1.561687588691711426e-01 2.627608180046081543e-01 1.769847273826599121e-01 7.757907360792160034e-02 -2.996238470077514648e-01 -4.029538854956626892e-02 5.804460495710372925e-02 -3.490906953811645508e-01 5.706706643104553223e-01 9.688965976238250732e-03 2.093167752027511597e-01 -8.728663623332977295e-02 5.819399356842041016e-01 -4.781887531280517578e-01 -6.337422132492065430e-01 1.743695437908172607e-01 1.818068027496337891e-01 5.020645856857299805e-01 -3.887767195701599121e-01 -6.745749711990356445e-02 1.084027737379074097e-01 -2.169646620750427246e-01 4.520806968212127686e-01 6.275857686996459961e-01 2.050449103116989136e-01 7.322122901678085327e-02 -1.951346844434738159e-01 1.226396784186363220e-01 1.036631762981414795e-01 6.357766687870025635e-02
-2.983672022819519043e-01 1.510045826435089111e-01 -7.703895866870880127e-02 -2.201800793409347534e-02 8.040414750576019287e-02 -9.355708956718444824e-02 2.778412699699401855e-01 -2.190226316452026367e-01 -4.069504439830780029e-01 3.260546922683715820e-01 -7.190261483192443848e-01 6.919636577367782593e-02 -3.926892876625061035e-01 4.034934937953948975e-01 6.628078222274780273e-02 -5.236261487007141113e-01 1.026974767446517944e-01 9.696036577224731445e-02 -4.777777791023254395e-01 1.092504560947418213e-01 -1.371767520904541016e-01 -1.465602368116378784e-01 -2.418241798877716064e-01 1.827642470598220825e-01 1.706608384847640991e-01 -4.538497328758239746e-01 -4.899993911385536194e-02 -1.018817871809005737e-01 -1.204057484865188599e-01 -3.253141939640045166e-01 3.483069837093353271e-01 3.024191558361053467e-01 4.014492928981781006e-01 -1.694350317120552063e-02 1.167441904544830322e-01 1.890749931335449219e-01 3.220592439174652100e-01 -2.009513676166534424e-01 -2.859592139720916748e-01 -2.283587008714675903e-01 2.712658941745758057e-01 -6.154924035072326660e-01 6.845898628234863281e-01 1.329051554203033447e-01 1.930474936962127686e-01 -1.909036189317703247e-01 4.037702977657318115e-01 -2.181014120578765869e-01 -7.556943297386169434e-01 1.625526547431945801e-01 1.029211878776550293e-01 4.174456000328063965e-01 -3.216265439987182617e-01 -1.271892488002777100e-01 9.833733737468719482e-02 -8.156054466962814331e-02 5.694409012794494629e-01 6.559712290763854980e-01 5.561493337154388428e-03 3.265425562858581543e-03 -3.422241806983947754e-01 2.059253305196762085e-02 5.395535752177238464e-02 1.441586911678314209e-01
-6.483238935470581055e-02 3.979732990264892578e-01 1.532673090696334839e-02 -2.454683482646942139e-01 2.042137831449508667e-01 -8.414918184280395508e-02 1.352836489677429199e-01 -3.617947399616241455e-01 -5.540705919265747070e-01 8.788467943668365479e-02 -4.254776835441589355e-01 -1.084593459963798523e-01 -2.052980810403823853e-01 4.782951772212982178e-01 -1.139597594738006592e-01 -9.702957868576049805e-01 7.107964158058166504e-02 -2.110171467065811157e-01 -4.113232195377349854e-01 5.777516961097717285e-01 -4.369276762008666992e-01 5.789272859692573547e-02 1.987154483795166016e-01 6.711562871932983398e-01 1.366340816020965576e-01 -5.012714862823486328e-01 -2.751602828502655029e-01 -3.701356053352355957e-02 2.494431883096694946e-01 -6.249301433563232422e-01 1.410377919673919678e-01 4.632034897804260254e-01 6.677716039121150970e-03 1.915909647941589355e-01 4.360059201717376709e-01 1.852977275848388672e-01 2.167831957340240479e-01 -2.067422121763229370e-01 7.781772315502166748e-02 -3.779320418834686279e-01 7.041816115379333496e-01 -1.050946235656738281e+00 6.525810360908508301e-01 3.378733098506927490e-01 -2.382597625255584717e-01 -2.868546247482299805e-01 1.141223162412643433e-01 2.690952420234680176e-01 -1.101909756660461426e+00 1.564443111419677734e-01 3.244616091251373291e-02 2.828608155250549316e-01 1.202055811882019043e-01 -1.852330416440963745e-01 8.800525963306427002e-02 3.045073151588439941e-01 6.261703968048095703e-01 7.475171089172363281e-01 -2.845088839530944824e-01 6.591083854436874390e-02 -4.494440853595733643e-01 -2.110525369644165039e-01 -6.268819570541381836e-01 -1.176763921976089478e-01
-4.686459004878997803e-01 -2.588659524917602539e-03 -6.774131953716278076e-02 3.798380494117736816e-04 1.368020027875900269e-01 -9.995298087596893311e-02 2.601339221000671387e-01 -4.098118841648101807e-02 -2.211144864559173584e-01 7.138754725456237793e-01 -9.362304806709289551e-01 2.048085033893585205e-01 -2.178576141595840454e-01 4.744008481502532959e-01 2.094994634389877319e-01 -3.518957793712615967e-01 2.767187356948852539e-01 1.734747886657714844e-01 -3.514764904975891113e-01 1.951681450009346008e-02 1.328133344650268555e-01 -2.151235342025756836e-01 -5.356294512748718262e-01 -7.549311220645904541e-02 2.849149107933044434e-01 -3.657902479171752930e-01 2.046492099761962891e-01 3.196876496076583862e-02 -4.130129218101501465e-01 -2.582295536994934082e-01 4.063371121883392334e-01 7.854748517274856567e-02 7.005959749221801758e-01 -3.702414408326148987e-02 -2.162493765354156494e-01 2.978007793426513672e-01 2.076722681522369385e-01 3.416914865374565125e-02 -4.302552938461303711e-01 5.204428359866142273e-02 -6.346363574266433716e-02 -1.253600120544433594e-01 6.463083624839782715e-01 5.244334787130355835e-02 3.007544875144958496e-01 -9.734556078910827637e-04 6.302330493927001953e-01 -7.053895592689514160e-01 -4.477318525314331055e-01 1.661680340766906738e-01 1.539208292961120605e-01 6.087982654571533203e-01 -5.068795084953308105e-01 -1.290485411882400513e-01 -6.155222654342651367e-03 -3.201706409454345703e-01 4.657894372940063477e-01 5.378777384757995605e-01 2.969702780246734619e-01 1.276196241378784180e-01 -2.079578042030334473e-01 2.054140567779541016e-01 3.260186612606048584e-01 4.960725083947181702e-02
-4.161184728145599365e-01 -1.809138357639312744e-01 2.131434530019760132e-02 -7.002485543489456177e-02 -1.256003975868225098e-03 -1.958664804697036743e-01 2.341481894254684448e-01 8.444723486900329590e-02 -2.093003988265991211e-01 8.006259799003601074e-01 -9.438578486442565918e-01 2.003928422927856445e-01 -1.801793724298477173e-01 4.991911351680755615e-01 2.588748037815093994e-01 -2.224440574645996094e-01 4.014118611812591553e-01 2.313328683376312256e-01 -2.083514928817749023e-01 -9.939774870872497559e-02 3.371484875679016113e-01 -1.051784604787826538e-01 -6.964326500892639160e-01 -2.200898528099060059e-01 2.617610096931457520e-01 -3.986257314682006836e-01 2.022188007831573486e-01 5.133806169033050537e-02 -5.088098049163818359e-01 -7.100675255060195923e-02 2.996140420436859131e-01 5.799349397420883179e-02 7.701693177223205566e-01 -6.276369839906692505e-02 -4.343005120754241943e-01 3.079834878444671631e-01 2.023165822029113770e-01 1.666068583726882935e-01 -3.819154500961303711e-01 1.377099901437759399e-01 -1.270375847816467285e-01 3.935868293046951294e-02 4.431983828544616699e-01 -8.946667611598968506e-02 2.681043148040771484e-01 1.267092078924179077e-01 7.968201637268066406e-01 -7.865445017814636230e-01 -3.822402358055114746e-01 8.850626647472381592e-02 2.578095793724060059e-01 5.390480756759643555e-01 -5.580449104309082031e-01 -6.509628891944885254e-02 8.857898414134979248e-02 -4.272789359092712402e-01 3.766994476318359375e-01 5.575819611549377441e-01 3.908448517322540283e-01 2.352966070175170898e-01 -6.145216897130012512e-02 1.981571316719055176e-01 4.554399251937866211e-01 1.100324243307113647e-01
-9.426133334636688232e-02 3.171020746231079102e-01 -9.819999337196350098e-02 3.555920720100402832e-02 8.899299800395965576e-02 -2.362088412046432495e-01 3.734929859638214111e-01 -3.562023043632507324e-01 -4.021703600883483887e-01 -1.848900169134140015e-01 -2.893121242523193359e-01 -1.821760237216949463e-01 -4.962317049503326416e-01 1.151705533266067505e-01 -4.201560914516448975e-01 -7.174192070960998535e-01 -2.709145843982696533e-01 1.321315467357635498e-01 -5.212980508804321289e-01 1.563087850809097290e-01 -1.937740445137023926e-01 -7.260823249816894531e-02 1.571316719055175781e-01 3.317013084888458252e-01 4.186077117919921875e-01 -1.006220951676368713e-01 -1.364632248878479004e-01 -3.322607278823852539e-01 1.735358387231826782e-01 -2.802152335643768311e-01 4.562381505966186523e-01 4.129155874252319336e-01 -3.081696331501007080e-01 3.438065946102142334e-02 6.895956397056579590e-01 2.840840220451354980e-01 4.067383706569671631e-01 -2.958990931510925293e-01 -2.019647508859634399e-02 -5.621080398559570312e-01 5.239241719245910645e-01 -1.222550272941589355e+00 7.238229513168334961e-01 2.433796226978302002e-01 -7.738871872425079346e-02 -4.811409115791320801e-01 -1.294394582509994507e-01 4.138145446777343750e-01 -9.495002627372741699e-01 4.572347179055213928e-02 -3.881400227546691895e-01 4.864880815148353577e-02 5.048131570219993591e-02 -4.473202824592590332e-01 1.631804555654525757e-01 2.680953145027160645e-01 5.191141366958618164e-01 6.606490612030029297e-01 -2.509115636348724365e-01 -3.531464189291000366e-02 -2.624143064022064209e-01 -3.609686791896820068e-01 -3.285820186138153076e-01 3.976847231388092041e-01
-3.170960545539855957e-01 -2.770484238862991333e-02 -1.802437007427215576e-01 2.545373886823654175e-02 2.514326572418212891e-02 -2.068412154912948608e-01 4.711532592773437500e-01 -3.813520073890686035e-02 -2.878039479255676270e-01 4.540553689002990723e-01 -8.318601846694946289e-01 1.621952056884765625e-01 -5.488441586494445801e-01 2.750329971313476562e-01 1.172198504209518433e-01 -2.282125949859619141e-01 9.654059261083602905e-02 3.585705757141113281e-01 -4.054511785507202148e-01 -1.903143227100372314e-01 1.299349218606948853e-01 -2.157809138298034668e-01 -4.193430840969085693e-01 -9.926770627498626709e-02 2.262577116489410400e-01 -2.878229916095733643e-01 1.811176240444183350e-01 -1.355962306261062622e-01 -3.212133049964904785e-01 -1.163681223988533020e-01 4.962413609027862549e-01 2.158421576023101807e-01 5.993509888648986816e-01 -1.985383927822113037e-01 2.534471452236175537e-03 2.866856455802917480e-01 3.937721848487854004e-01 -1.466786265373229980e-01 -5.223714709281921387e-01 -8.229115605354309082e-02 -7.274030148983001709e-02 -2.903761267662048340e-01 5.317528843879699707e-01 -1.008854955434799194e-01 3.056655228137969971e-01 -1.597256362438201904e-01 6.306983828544616699e-01 -4.685103297233581543e-01 -5.145636796951293945e-01 1.331634074449539185e-01 1.565974950790405273e-01 4.270275831222534180e-01 -5.890300273895263672e-01 -2.316190451383590698e-01 1.066546887159347534e-01 -2.973473072052001953e-01 4.624384641647338867e-01 5.820072293281555176e-01 1.840788573026657104e-01 1.140273436903953552e-01 -2.031672894954681396e-01 -7.325430959463119507e-02 4.576621055603027344e-01 2.866047024726867676e-01
-2.211760878562927246e-01 1.672995835542678833e-01 5.515269935131072998e-02 -1.007471904158592224e-01 1.344408392906188965e-01 -7.722577452659606934e-02 1.805235147476196289e-01 -2.161844223737716675e-01 -4.235159456729888916e-01 3.870225548744201660e-01 -7.218681573867797852e-01 -5.641124397516250610e-02 -2.645114958286285400e-01 4.595719277858734131e-01 6.346258521080017090e-02 -5.604939460754394531e-01 1.912919431924819946e-01 -6.444064527750015259e-02 -4.944021701812744141e-01 2.510685920715332031e-01 -1.363178789615631104e-01 4.495792090892791748e-04 -8.489174395799636841e-02 3.419081270694732666e-01 1.829809546470642090e-01 -5.723687410354614258e-01 -8.421982079744338989e-02 -5.663721263408660889e-02 5.510086566209793091e-02 -4.174481630325317383e-01 2.031974941492080688e-01 3.917431235313415527e-01 3.150466978549957275e-01 1.426534950733184814e-01 9.785936772823333740e-02 2.026890516281127930e-01 2.876102030277252197e-01 -4.367559216916561127e-03 -1.542907804250717163e-01 -3.369394838809967041e-01 3.248781561851501465e-01 -6.989341378211975098e-01 5.791634917259216309e-01 1.084517315030097961e-01 9.112904220819473267e-02 -1.243150010704994202e-01 3.835445642471313477e-01 -1.205834895372390747e-01 -8.265358805656433105e-01 2.054639458656311035e-01 1.196753233671188354e-01 4.236257374286651611e-01 -2.023699432611465454e-01 -4.912079870700836182e-02 2.365003079175949097e-01 -2.890593558549880981e-02 5.578244328498840332e-01 7.669479250907897949e-01 1.835599169135093689e-02 8.861114829778671265e-02 -2.555221319198608398e-01 -1.978828758001327515e-02 -1.758469194173812866e-01 1.183733940124511719e-01
-3.519204258918762207e-01 -1.753482222557067871e-02 5.667506158351898193e-02 -8.521177619695663452e-02 1.403237134218215942e-01 -3.863158077001571655e-02 2.292235195636749268e-01 -1.536597311496734619e-02 -2.506511211395263672e-01 6.936478614807128906e-01 -8.951574563980102539e-01 1.195379421114921570e-01 -1.447285711765289307e-01 4.979550540447235107e-01 2.015959024429321289e-01 -5.132730007171630859e-01 3.818100988864898682e-01 1.142238974571228027e-01 -2.757715582847595215e-01 1.436136066913604736e-01 1.833551228046417236e-01 -6.959573924541473389e-02 -5.521091818809509277e-01 7.189436256885528564e-02 2.286799699068069458e-01 -4.427314400672912598e-01 9.977567940950393677e-02 5.156517028808593750e-02 -4.234425425529479980e-01 -2.981415390968322754e-01 3.090551793575286865e-01 1.376330405473709106e-01 6.396133303642272949e-01 1.241391152143478394e-02 -2.371318936347961426e-01 3.488907217979431152e-01 2.258431911468505859e-01 6.922715902328491211e-02 -2.971580922603607178e-01 1.019131243228912354e-01 6.126438826322555542e-02 -2.259743809700012207e-01 5.883272290229797363e-01 4.434444755315780640e-02 1.884549707174301147e-01 -4.805780202150344849e-02 6.741458177566528320e-01 -5.720756053924560547e-01 -5.764549970626831055e-01 9.014397859573364258e-02 2.327110469341278076e-01 5.320054888725280762e-01 -4.600164294242858887e-01 -9.959937632083892822e-02 4.731653630733489990e-02 -2.375631928443908691e-01 3.936264812946319580e-01 5.449138879776000977e-01 2.066338509321212769e-01 1.273045837879180908e-01 -1.531165987253189087e-01 2.731048762798309326e-01 2.182500511407852173e-01 -3.821535035967826843e-02
-2.614301741123199463e-01 -3.074114024639129639e-02 -7.404702901840209961e-02 -2.682962268590927124e-02 5.794946849346160889e-02 -1.409252732992172241e-01 4.411890804767608643e-01 -3.072699904441833496e-02 -3.182407915592193604e-01 4.419810771942138672e-01 -8.034725785255432129e-01 6.693178415298461914e-02 -4.624870717525482178e-01 3.265998661518096924e-01 7.533147186040878296e-02 -3.833391368389129639e-01 1.690354943275451660e-01 2.515473067760467529e-01 -3.253979086875915527e-01 -1.961121335625648499e-02 2.013304084539413452e-01 -1.574315726757049561e-01 -4.264782071113586426e-01 2.268733084201812744e-02 1.716969907283782959e-01 -3.180776834487915039e-01 1.119700148701667786e-01 -9.348219633102416992e-02 -3.240713477134704590e-01 -2.088598310947418213e-01 4.887008666992187500e-01 2.323356717824935913e-01 5.241215825080871582e-01 -1.179970204830169678e-01 -2.418578416109085083e-02 3.155938386917114258e-01 3.554551303386688232e-01 -1.270259320735931396e-01 -4.030297398567199707e-01 -7.298970222473144531e-02 1.115804165601730347e-02 -3.822681903839111328e-01 5.518344044685363770e-01 -5.492095649242401123e-02 2.235095500946044922e-01 -2.210500091314315796e-01 5.808493494987487793e-01 -4.280402660369873047e-01 -6.095482110977172852e-01 9.671396017074584961e-02 1.779178678989410400e-01 4.389921426773071289e-01 -5.354404449462890625e-01 -1.901580244302749634e-01 9.461008012294769287e-02 -2.514173388481140137e-01 4.019185602664947510e-01 5.625834465026855469e-01 1.486066430807113647e-01 1.015643998980522156e-01 -1.695650517940521240e-01 6.116455048322677612e-02 3.747946321964263916e-01 2.008377462625503540e-01
-1.336944848299026489e-01 1.664152294397354126e-01 -2.981696277856826782e-02 -2.203400135040283203e-01 2.002898007631301880e-01 2.875492163002490997e-02 3.287103176116943359e-01 -2.009580582380294800e-01 -4.113699495792388916e-01 3.009195923805236816e-01 -6.897403597831726074e-01 2.715966105461120605e-02 -3.843364417552947998e-01 4.348520338535308838e-01 1.400624364614486694e-01 -7.115732431411743164e-01 2.106987684965133667e-01 -4.660695791244506836e-03 -3.859350085258483887e-01 3.176461458206176758e-01 -1.967065334320068359e-01 -6.463702023029327393e-02 -1.759104728698730469e-01 4.532497823238372803e-01 -1.462767459452152252e-02 -4.735414981842041016e-01 -2.730869129300117493e-02 -1.663995534181594849e-02 -1.209501922130584717e-01 -5.134035944938659668e-01 3.009925782680511475e-01 3.592804372310638428e-01 3.945066034793853760e-01 -2.848488837480545044e-02 1.518223285675048828e-01 3.233670592308044434e-01 3.515196740627288818e-01 -3.314058780670166016e-01 -2.500661611557006836e-01 -1.235571950674057007e-01 3.788959980010986328e-01 -6.123800873756408691e-01 6.325898170471191406e-01 2.151651233434677124e-01 9.539741091430187225e-03 -3.140645027160644531e-01 4.974206089973449707e-01 -1.777190417051315308e-01 -8.383938074111938477e-01 1.089548021554946899e-01 2.123682796955108643e-01 4.451673030853271484e-01 -3.632279634475708008e-01 -1.753247529268264771e-01 -1.427195221185684204e-02 4.246320575475692749e-02 5.035902857780456543e-01 5.387205481529235840e-01 -8.700027316808700562e-02 -3.399913758039474487e-02 -3.674071431159973145e-01 9.978731721639633179e-02 -3.499443829059600830e-02 -9.677156805992126465e-02
-2.126872539520263672e-01 2.064005881547927856e-01 -1.122656539082527161e-01 -1.788301020860671997e-02 1.318244785070419312e-01 -4.482349753379821777e-02 3.664625883102416992e-01 -2.306771576404571533e-01 -4.211719334125518799e-01 2.094414681196212769e-01 -5.766978263854980469e-01 2.939030528068542480e-04 -5.222843289375305176e-01 2.980960607528686523e-01 -2.540126442909240723e-02 -6.334699988365173340e-01 1.981941424310207367e-02 7.264423370361328125e-02 -5.051394701004028320e-01 1.535872071981430054e-01 -2.067881822586059570e-01 -1.155094206333160400e-01 -1.331265568733215332e-01 3.259720504283905029e-01 1.549001038074493408e-01 -3.348412513732910156e-01 -4.437344148755073547e-02 -1.530479788780212402e-01 -7.659487426280975342e-02 -4.154483973979949951e-01 4.542089700698852539e-01 3.229879736900329590e-01 1.925023943185806274e-01 -2.761307358741760254e-02 3.226094841957092285e-01 2.477447241544723511e-01 3.517040908336639404e-01 -2.960876524448394775e-01 -2.332575917243957520e-01 -2.448406666517257690e-01 3.296777307987213135e-01 -7.392853498458862305e-01 7.439687848091125488e-01 2.440797239542007446e-01 1.287751495838165283e-01 -3.027798533439636230e-01 3.618533611297607422e-01 -6.589584797620773315e-02 -8.571984171867370605e-01 1.102559268474578857e-01 -1.251867413520812988e-02 3.893994390964508057e-01 -2.659771442413330078e-01 -2.653876543045043945e-01 7.735711336135864258e-02 -2.869493514299392700e-02 5.446079969406127930e-01 5.739738345146179199e-01 -2.850049361586570740e-02 -3.388497978448867798e-02 -3.838463425636291504e-01 -3.421657532453536987e-02 -6.745035201311111450e-02 9.515644609928131104e-02
-1.910926997661590576e-01 2.225027233362197876e-01 -1.180801540613174438e-01 1.188478618860244751e-02 1.073495596647262573e-01 -4.569806158542633057e-02 3.168518543243408203e-01 -2.548706233501434326e-01 -4.125405550003051758e-01 1.995559185743331909e-01 -6.393778324127197266e-01 -6.342796236276626587e-02 -4.248879253864288330e-01 2.954409420490264893e-01 -5.369248986244201660e-02 -6.284962296485900879e-01 3.395455656573176384e-03 5.397923290729522705e-02 -4.805856347084045410e-01 1.964208185672760010e-01 -1.630014479160308838e-01 -8.372887969017028809e-02 -1.192649006843566895e-01 3.314992189407348633e-01 2.051221430301666260e-01 -3.882184922695159912e-01 -7.782040536403656006e-02 -1.841163933277130127e-01 9.082317352294921875e-03 -4.152448475360870361e-01 3.754693865776062012e-01 3.221236467361450195e-01 1.982113420963287354e-01 7.343493402004241943e-03 2.953257858753204346e-01 2.186127305030822754e-01 2.905680239200592041e-01 -1.985650509595870972e-01 -1.839483082294464111e-01 -3.028801679611206055e-01 3.565137684345245361e-01 -7.924588322639465332e-01 7.058393955230712891e-01 1.460436284542083740e-01 1.246364414691925049e-01 -3.207098841667175293e-01 2.764202058315277100e-01 1.547019183635711670e-02 -8.766164779663085938e-01 1.532712876796722412e-01 6.577402353286743164e-03 3.559760749340057373e-01 -2.103506475687026978e-01 -1.850263923406600952e-01 1.931938976049423218e-01 3.389628231525421143e-02 5.052008032798767090e-01 6.722511053085327148e-01 -9.848140180110931396e-02 -1.540149003267288208e-02 -3.161216080188751221e-01 -1.252072453498840332e-01 -9.364595264196395874e-02 1.722682863473892212e-01
-2.869619429111480713e-01 -2.807465195655822754e-02 -8.511461317539215088e-02 -3.154136985540390015e-02 7.508300244808197021e-02 -1.348561495542526245e-01 3.799135684967041016e-01 -6.895579397678375244e-02 -3.129737079143524170e-01 4.670818448066711426e-01 -7.928383350372314453e-01 9.241289645433425903e-02 -4.432531297206878662e-01 3.661847412586212158e-01 1.026403009891510010e-01 -4.028799533843994141e-01 1.882762610912322998e-01 2.660157680511474609e-01 -3.619316816329956055e-01 -4.454195499420166016e-02 1.303551793098449707e-01 -1.310497373342514038e-01 -4.328023791313171387e-01 1.917344331741333008e-02 1.833604276180267334e-01 -3.586367964744567871e-01 1.193039640784263611e-01 -3.996603190898895264e-02 -3.771123588085174561e-01 -1.765921711921691895e-01 4.084712564945220947e-01 2.287724614143371582e-01 5.628986954689025879e-01 -1.225571483373641968e-01 -3.552580624818801880e-02 3.134801983833312988e-01 3.555883467197418213e-01 -1.449642181396484375e-01 -4.095922112464904785e-01 -2.643873915076255798e-02 2.792012691497802734e-02 -3.771259784698486328e-01 5.368507504463195801e-01 -3.432239592075347900e-02 2.095260620117187500e-01 -1.600714027881622314e-01 5.968925952911376953e-01 -4.752269983291625977e-01 -6.036217808723449707e-01 9.196090698242187500e-02 2.058351635932922363e-01 4.327567219734191895e-01 -5.266636013984680176e-01 -1.884810626506805420e-01 7.821674644947052002e-02 -2.405668497085571289e-01 4.282556772232055664e-01 5.734912157058715820e-01 1.564959883689880371e-01 1.224933192133903503e-01 -1.986777931451797485e-01 4.404931515455245972e-02 3.222372829914093018e-01 1.689927130937576294e-01
-2.932554483413696289e-01 2.377083748579025269e-01 -1.023390442132949829e-01 1.644883453845977783e-01 1.328657120466232300e-01 -1.468177139759063721e-01 3.142926990985870361e-01 -3.693532645702362061e-01 -4.087813198566436768e-01 6.957110017538070679e-02 -4.652362465858459473e-01 -4.175811260938644409e-02 -5.438920855522155762e-01 2.410993278026580811e-01 -2.202243804931640625e-01 -6.035049557685852051e-01 -1.560563296079635620e-01 1.848436892032623291e-01 -6.394814848899841309e-01 -6.919532082974910736e-03 -2.760016322135925293e-01 -2.102792263031005859e-01 -7.601220160722732544e-02 1.705986410379409790e-01 2.964416444301605225e-01 -1.848541498184204102e-01 -8.226702362298965454e-02 -2.766632437705993652e-01 -3.953351452946662903e-02 -1.790923178195953369e-01 4.924887716770172119e-01 2.981157302856445312e-01 5.351938307285308838e-02 -3.924427554011344910e-02 4.579486846923828125e-01 2.554436922073364258e-01 4.111852347850799561e-01 -3.608054220676422119e-01 -2.707424759864807129e-01 -4.013369679450988770e-01 4.323039352893829346e-01 -9.714263677597045898e-01 8.358727097511291504e-01 2.426789999008178711e-01 1.858615279197692871e-01 -4.238378405570983887e-01 1.006986498832702637e-01 6.123071908950805664e-02 -9.002076983451843262e-01 1.030661165714263916e-01 -2.262561917304992676e-01 1.845127940177917480e-01 -1.640888452529907227e-01 -3.207785487174987793e-01 2.393046766519546509e-02 9.523513913154602051e-02 5.456423163414001465e-01 5.599768161773681641e-01 -2.053174674510955811e-01 -9.258145093917846680e-02 -2.981617450714111328e-01 -1.191419363021850586e-01 -7.612441480159759521e-02 3.080059289932250977e-01
-2.991850972175598145e-01 2.497081607580184937e-01 -7.843357324600219727e-02 4.308141022920608521e-02 1.087137013673782349e-01 -6.673258543014526367e-02 2.880810499191284180e-01 -2.355456650257110596e-01 -4.173637032508850098e-01 2.444325089454650879e-01 -6.746184229850769043e-01 1.139096170663833618e-02 -4.026174843311309814e-01 3.266774713993072510e-01 -4.978099465370178223e-02 -5.564753413200378418e-01 1.123244641348719597e-03 1.533004641532897949e-02 -5.450000762939453125e-01 1.387145072221755981e-01 -2.165019214153289795e-01 -1.226141005754470825e-01 -9.762243926525115967e-02 2.961932122707366943e-01 2.424356937408447266e-01 -4.129326939582824707e-01 -7.023868709802627563e-02 -1.711228340864181519e-01 4.909080639481544495e-02 -4.091118872165679932e-01 3.535072803497314453e-01 3.291877210140228271e-01 2.422885149717330933e-01 6.281570345163345337e-02 2.650707066059112549e-01 1.512871086597442627e-01 2.858200073242187500e-01 -1.172450408339500427e-01 -2.317181974649429321e-01 -3.645194172859191895e-01 2.860458791255950928e-01 -7.773150801658630371e-01 7.257286310195922852e-01 1.869571805000305176e-01 1.897684484720230103e-01 -2.350708842277526855e-01 2.981605231761932373e-01 -2.841895073652267456e-02 -8.378539085388183594e-01 2.103039622306823730e-01 -2.422898262739181519e-02 3.758556544780731201e-01 -2.395996004343032837e-01 -1.400341838598251343e-01 1.795115023851394653e-01 -2.708636969327926636e-02 5.732605457305908203e-01 7.173778414726257324e-01 -1.692757010459899902e-02 -2.390542626380920410e-02 -3.183069229125976562e-01 -1.012460440397262573e-01 -1.064276993274688721e-01 1.857263594865798950e-01
-2.943390309810638428e-01 -2.455132603645324707e-01 -9.015285968780517578e-02 -8.322537690401077271e-02 4.212352633476257324e-02 -1.880028545856475830e-01 4.568205177783966064e-01 1.019589900970458984e-01 -2.619961500167846680e-01 6.718690991401672363e-01 -9.170209765434265137e-01 1.939306855201721191e-01 -4.732101857662200928e-01 3.443284332752227783e-01 2.958215177059173584e-01 -2.278892099857330322e-01 3.209866881370544434e-01 3.970798850059509277e-01 -2.091969251632690430e-01 -1.343183964490890503e-01 3.161411881446838379e-01 -1.158407181501388550e-01 -6.240370273590087891e-01 -1.569750010967254639e-01 1.392399817705154419e-01 -3.138678669929504395e-01 2.504619956016540527e-01 -2.944663166999816895e-03 -5.396388769149780273e-01 -6.424062699079513550e-02 4.506548345088958740e-01 1.497741341590881348e-01 7.999275326728820801e-01 -2.360039353370666504e-01 -2.236214280128479004e-01 3.761777579784393311e-01 3.970395028591156006e-01 -5.024006217718124390e-02 -5.272958874702453613e-01 1.114325970411300659e-01 -1.592233479022979736e-01 -1.818990707397460938e-02 3.917966187000274658e-01 -1.679127365350723267e-01 1.919935792684555054e-01 -2.932025864720344543e-02 8.613270521163940430e-01 -7.163761258125305176e-01 -3.402284383773803711e-01 4.306807741522789001e-02 3.112409114837646484e-01 4.992655515670776367e-01 -7.004665732383728027e-01 -2.358099073171615601e-01 5.641368031501770020e-02 -3.771601915359497070e-01 3.580539822578430176e-01 5.023971796035766602e-01 3.162589073181152344e-01 2.381600439548492432e-01 -1.035600304603576660e-01 8.754124492406845093e-02 5.858718752861022949e-01 1.382000446319580078e-01
-1.846756935119628906e-01 2.562256455421447754e-01 -3.269323706626892090e-02 -3.323096781969070435e-02 1.419931799173355103e-01 -3.846929222345352173e-02 2.893049120903015137e-01 -3.133382797241210938e-01 -4.561481475830078125e-01 1.085509657859802246e-01 -4.894709587097167969e-01 -7.106221467256546021e-02 -3.826005756855010986e-01 2.654728591442108154e-01 -1.555647403001785278e-01 -7.376665472984313965e-01 5.838274024426937103e-03 -7.921755313873291016e-03 -5.245351195335388184e-01 2.336639910936355591e-01 -2.714995741844177246e-01 -7.012127339839935303e-02 4.012913256883621216e-02 4.117715358734130859e-01 2.142076790332794189e-01 -3.187662959098815918e-01 -1.497623026371002197e-01 -1.774924248456954956e-01 9.971721470355987549e-02 -4.505244195461273193e-01 3.550857007503509521e-01 4.049404859542846680e-01 -2.664653956890106201e-02 5.908264964818954468e-02 4.443159103393554688e-01 2.656146287918090820e-01 2.927708923816680908e-01 -2.190358340740203857e-01 -1.096790209412574768e-01 -3.616680800914764404e-01 4.386512041091918945e-01 -9.822025299072265625e-01 7.211695313453674316e-01 2.741495966911315918e-01 2.507673949003219604e-02 -3.725565671920776367e-01 1.137886196374893188e-01 8.621633052825927734e-02 -9.536098241806030273e-01 1.362240314483642578e-01 -1.280440688133239746e-01 2.850686907768249512e-01 -1.324869096279144287e-01 -2.663086652755737305e-01 1.268992871046066284e-01 1.559208333492279053e-01 5.356462001800537109e-01 6.388616561889648438e-01 -1.147847026586532593e-01 -4.441127926111221313e-02 -3.196811676025390625e-01 -9.944612532854080200e-02 -2.621436715126037598e-01 1.281987875699996948e-01
-2.764298617839813232e-01 7.991127669811248779e-02 -1.761294901371002197e-02 -3.931174427270889282e-02 1.090923547744750977e-01 -1.399956047534942627e-01 2.899439930915832520e-01 -7.200376689434051514e-02 -3.529312014579772949e-01 5.355078577995300293e-01 -8.434481024742126465e-01 -1.601032912731170654e-03 -2.988709509372711182e-01 4.452438056468963623e-01 4.730250686407089233e-02 -4.084298312664031982e-01 1.941219717264175415e-01 4.689504951238632202e-02 -3.939850926399230957e-01 1.231864169239997864e-01 1.057692021131515503e-01 -3.149623796343803406e-02 -2.919432222843170166e-01 1.668651551008224487e-01 2.693015038967132568e-01 -4.620646536350250244e-01 6.784286350011825562e-02 -6.803962588310241699e-02 -1.515741348266601562e-01 -3.354016542434692383e-01 3.226287066936492920e-01 2.607079148292541504e-01 4.748472869396209717e-01 7.632493227720260620e-02 -8.136665076017379761e-02 2.417931258678436279e-01 2.924511134624481201e-01 5.134420096874237061e-02 -2.504009008407592773e-01 -2.340891510248184204e-01 1.298771947622299194e-01 -4.921507835388183594e-01 5.102767944335937500e-01 3.292068839073181152e-03 1.854949146509170532e-01 -9.156876802444458008e-02 5.266030430793762207e-01 -3.207724094390869141e-01 -6.748716831207275391e-01 1.352956891059875488e-01 1.757339835166931152e-01 4.722425341606140137e-01 -3.531903624534606934e-01 -9.788507223129272461e-02 1.803740710020065308e-01 -2.167102098464965820e-01 4.711568951606750488e-01 7.032022476196289062e-01 1.617367863655090332e-01 1.097245588898658752e-01 -1.812734752893447876e-01 4.487194120883941650e-03 6.276155263185501099e-02 1.839268654584884644e-01
-3.198754489421844482e-01 -3.164705634117126465e-01 5.484317243099212646e-02 -1.265202462673187256e-01 -2.779917418956756592e-02 -2.949345409870147705e-01 3.929504454135894775e-01 1.830401718616485596e-01 -2.232932150363922119e-01 7.953062057495117188e-01 -9.325594305992126465e-01 1.569405347108840942e-01 -2.892135381698608398e-01 4.232071340084075928e-01 2.054083198308944702e-01 -1.170847043395042419e-01 4.430554211139678955e-01 3.701127171516418457e-01 -1.377781033515930176e-01 -1.333054602146148682e-01 5.509663224220275879e-01 -5.780505016446113586e-02 -6.789186000823974609e-01 -2.169177234172821045e-01 2.015781700611114502e-01 -3.785451054573059082e-01 2.706186771392822266e-01 4.001992940902709961e-02 -5.597766637802124023e-01 3.430225700139999390e-02 3.554513752460479736e-01 7.582342624664306641e-02 8.011166453361511230e-01 -9.536135941743850708e-02 -4.586177170276641846e-01 3.221943378448486328e-01 2.755737900733947754e-01 1.936336904764175415e-01 -4.432700276374816895e-01 1.796042174100875854e-01 -2.447116374969482422e-01 2.888445556163787842e-02 2.303557395935058594e-01 -2.412164062261581421e-01 2.194954305887222290e-01 9.843528270721435547e-02 9.105045199394226074e-01 -8.104845285415649414e-01 -3.194227814674377441e-01 4.668351262807846069e-03 3.891640007495880127e-01 5.188663005828857422e-01 -6.309973597526550293e-01 -1.174109876155853271e-01 1.108807027339935303e-01 -5.514984130859375000e-01 2.964503467082977295e-01 5.517089366912841797e-01 4.592170119285583496e-01 3.256903588771820068e-01 9.431630373001098633e-03 1.233706399798393250e-01 5.544606447219848633e-01 2.072430849075317383e-01
-4.457181990146636963e-01 9.230357408523559570e-02 1.696699112653732300e-02 -4.020021110773086548e-02 8.662942051887512207e-02 -1.266167312860488892e-01 1.857273727655410767e-01 -5.387505888938903809e-02 -3.236328661441802979e-01 7.099040746688842773e-01 -9.140526056289672852e-01 1.545231640338897705e-01 -1.439728140830993652e-01 5.154454708099365234e-01 1.798566430807113647e-01 -3.779892921447753906e-01 2.233413010835647583e-01 5.440509319305419922e-02 -4.115198850631713867e-01 9.743189811706542969e-02 2.603834867477416992e-02 -9.766690433025360107e-02 -4.050798714160919189e-01 8.227197080850601196e-02 3.078600168228149414e-01 -5.274040699005126953e-01 1.187037304043769836e-01 -1.672519743442535400e-02 -2.269244492053985596e-01 -2.930184900760650635e-01 2.568480372428894043e-01 1.569888889789581299e-01 6.445177197456359863e-01 1.089425608515739441e-01 -2.058910727500915527e-01 1.957841813564300537e-01 1.923345625400543213e-01 1.651338487863540649e-01 -2.846274673938751221e-01 -9.715534746646881104e-02 4.512444138526916504e-02 -2.638503015041351318e-01 5.745212435722351074e-01 4.253878444433212280e-02 2.585763037204742432e-01 5.191323161125183105e-02 6.521403789520263672e-01 -4.941024780273437500e-01 -5.697815418243408203e-01 1.903506517410278320e-01 2.083789706230163574e-01 5.574745535850524902e-01 -3.698359727859497070e-01 -3.675687313079833984e-02 1.246525645256042480e-01 -2.783368825912475586e-01 5.417171716690063477e-01 6.844716072082519531e-01 2.943069934844970703e-01 1.218832954764366150e-01 -2.449267357587814331e-01 1.134276166558265686e-01 7.703395187854766846e-02 8.824604749679565430e-02
-1.551240682601928711e-01 -1.408249884843826294e-02 -1.338939219713211060e-01 -8.159845322370529175e-02 2.231194078922271729e-02 -2.015078365802764893e-01 4.271084964275360107e-01 -8.631120622158050537e-02 -4.172836244106292725e-01 3.857541084289550781e-01 -7.676468491554260254e-01 4.215987771749496460e-02 -5.447032451629638672e-01 3.164156079292297363e-01 1.037234961986541748e-01 -3.608909249305725098e-01 1.606466621160507202e-01 1.809875071048736572e-01 -3.570813536643981934e-01 4.089499637484550476e-02 4.574160277843475342e-02 -1.017751544713973999e-01 -3.045444488525390625e-01 1.377799361944198608e-01 1.573110371828079224e-01 -4.309786558151245117e-01 7.639867812395095825e-02 -1.350451558828353882e-01 -1.070063114166259766e-01 -2.619062364101409912e-01 4.276097714900970459e-01 3.169772624969482422e-01 4.347468614578247070e-01 -9.672512859106063843e-02 7.150240242481231689e-02 2.633402943611145020e-01 3.068922758102416992e-01 -8.140752464532852173e-02 -3.410521149635314941e-01 -1.694067865610122681e-01 1.047727689146995544e-01 -4.432616829872131348e-01 5.094591975212097168e-01 -2.748011052608489990e-02 1.638300567865371704e-01 -1.639276146888732910e-01 6.181887388229370117e-01 -2.803024649620056152e-01 -6.820461750030517578e-01 1.725246608257293701e-01 2.431673407554626465e-01 4.714681506156921387e-01 -4.419717788696289062e-01 -2.002322673797607422e-01 2.290236800909042358e-01 -2.011171579360961914e-01 4.753488302230834961e-01 6.668120026588439941e-01 1.587048470973968506e-01 1.643663644790649414e-01 -2.052125185728073120e-01 -1.549448221921920776e-01 2.005447596311569214e-01 2.183937728404998779e-01
-3.376968502998352051e-01 -2.291994690895080566e-01 -2.962137758731842041e-02 -8.121914416551589966e-02 -2.314305305480957031e-02 -3.142253160476684570e-01 4.446453154087066650e-01 1.908512711524963379e-01 -2.218136787414550781e-01 7.617536187171936035e-01 -9.567900300025939941e-01 2.599985003471374512e-01 -3.443900048732757568e-01 3.537619113922119141e-01 2.349540591239929199e-01 -1.161160469055175781e-01 3.015604913234710693e-01 3.880672454833984375e-01 -1.998686194419860840e-01 -1.677257269620895386e-01 4.263175129890441895e-01 -1.176034510135650635e-01 -6.889778375625610352e-01 -2.729204595088958740e-01 2.438473105430603027e-01 -2.754525840282440186e-01 2.966410815715789795e-01 -6.180784106254577637e-02 -4.826889932155609131e-01 2.835292369127273560e-02 4.018007814884185791e-01 1.057868972420692444e-01 8.271557688713073730e-01 -1.531912386417388916e-01 -3.251631259918212891e-01 3.595729470252990723e-01 3.228282928466796875e-01 1.551453620195388794e-01 -5.316666364669799805e-01 9.350097179412841797e-02 -2.645494639873504639e-01 4.683248698711395264e-02 3.221805095672607422e-01 -2.290566116571426392e-01 2.662809491157531738e-01 1.844649016857147217e-02 8.695576786994934082e-01 -7.154936790466308594e-01 -3.279737830162048340e-01 3.282746300101280212e-02 2.878429889678955078e-01 4.514907002449035645e-01 -7.208642363548278809e-01 -1.646329760551452637e-01 6.178107857704162598e-02 -4.398156404495239258e-01 3.317049741744995117e-01 5.325711965560913086e-01 4.198783934116363525e-01 2.890214025974273682e-01 -8.291732519865036011e-03 5.890028923749923706e-02 5.672392845153808594e-01 2.413315325975418091e-01
-2.649231553077697754e-01 2.059870958328247070e-02 -1.181611120700836182e-01 5.008729547262191772e-02 6.503392755985260010e-02 -1.600633412599563599e-01 4.116428792476654053e-01 -1.093126535415649414e-01 -3.816489279270172119e-01 3.398829102516174316e-01 -7.644982933998107910e-01 2.554510533809661865e-02 -5.058623552322387695e-01 2.830291986465454102e-01 4.875355958938598633e-02 -3.516596853733062744e-01 1.014608666300773621e-01 2.643245458602905273e-01 -4.151695966720581055e-01 -5.268907546997070312e-02 9.590777754783630371e-02 -1.046325713396072388e-01 -2.906399667263031006e-01 4.179367423057556152e-02 2.102083563804626465e-01 -3.659514486789703369e-01 4.592962935566902161e-02 -1.541664749383926392e-01 -1.798447072505950928e-01 -1.868403553962707520e-01 4.457145333290100098e-01 3.016089200973510742e-01 4.786110818386077881e-01 -1.232811734080314636e-01 9.149412065744400024e-02 2.184983491897583008e-01 3.801080882549285889e-01 -1.231138408184051514e-01 -4.213914275169372559e-01 -1.854170560836791992e-01 6.537552922964096069e-02 -5.487515330314636230e-01 5.321037173271179199e-01 -1.067763119935989380e-01 2.106818556785583496e-01 -2.255901545286178589e-01 4.786735177040100098e-01 -2.761348485946655273e-01 -6.181015372276306152e-01 1.279464662075042725e-01 1.381350010633468628e-01 3.536188006401062012e-01 -4.675310254096984863e-01 -2.010082900524139404e-01 1.924841850996017456e-01 -1.904659271240234375e-01 4.483686983585357666e-01 6.747200489044189453e-01 8.488342165946960449e-02 9.784018248319625854e-02 -1.872167587280273438e-01 -1.132762581110000610e-01 2.643911540508270264e-01 2.872521281242370605e-01
-2.521880567073822021e-01 3.201476335525512695e-01 -9.279292076826095581e-02 5.660740286111831665e-02 1.340700536966323853e-01 -1.196071654558181763e-01 2.951564192771911621e-01 -3.485591411590576172e-01 -4.322269856929779053e-01 1.049764454364776611e-02 -3.931882977485656738e-01 -5.205122381448745728e-02 -4.193297624588012695e-01 2.496598064899444580e-01 -2.838505506515502930e-01 -7.506611943244934082e-01 -1.444414705038070679e-01 3.097620606422424316e-02 -5.514352917671203613e-01 1.594692766666412354e-01 -3.148301839828491211e-01 -1.421435028314590454e-01 3.594308346509933472e-02 3.210806250572204590e-01 3.180155158042907715e-01 -1.477498710155487061e-01 -1.530215442180633545e-01 -2.406592071056365967e-01 6.480213254690170288e-02 -3.587050735950469971e-01 4.289191067218780518e-01 3.313183784484863281e-01 -1.201905161142349243e-01 2.921722084283828735e-02 5.310623049736022949e-01 2.745835781097412109e-01 3.544547259807586670e-01 -3.366539776325225830e-01 -1.047952324151992798e-01 -4.489618837833404541e-01 5.532677173614501953e-01 -1.076642274856567383e+00 8.342396616935729980e-01 3.709568977355957031e-01 3.477681800723075867e-02 -4.374713301658630371e-01 -3.504590317606925964e-02 1.906353384256362915e-01 -9.365409612655639648e-01 5.455691739916801453e-02 -3.085827231407165527e-01 1.667196005582809448e-01 -3.860237449407577515e-02 -3.769154548645019531e-01 7.449835538864135742e-03 2.129945456981658936e-01 5.726768374443054199e-01 5.874963998794555664e-01 -2.198283821344375610e-01 -1.210673823952674866e-01 -3.310367465019226074e-01 -1.319416016340255737e-01 -2.686009705066680908e-01 2.095175087451934814e-01
-2.991456091403961182e-01 1.480798274278640747e-01 -7.317382097244262695e-02 5.391127616167068481e-02 9.293527901172637939e-02 -1.797427982091903687e-01 3.068125844001770020e-01 -1.591784060001373291e-01 -3.441833555698394775e-01 3.957104086875915527e-01 -7.710069417953491211e-01 2.027695626020431519e-02 -4.079417586326599121e-01 4.197107255458831787e-01 6.030529737472534180e-03 -4.105817675590515137e-01 8.059046417474746704e-02 1.388688385486602783e-01 -4.992704391479492188e-01 3.899500146508216858e-02 -1.352522522211074829e-02 -1.478683799505233765e-01 -2.615000307559967041e-01 8.938007056713104248e-02 2.765730023384094238e-01 -3.929993510246276855e-01 5.968042090535163879e-02 -1.250425279140472412e-01 -1.479932665824890137e-01 -2.510299384593963623e-01 4.006867706775665283e-01 2.731949985027313232e-01 4.551015496253967285e-01 1.698786020278930664e-02 4.763633012771606445e-02 2.183527946472167969e-01 3.166818916797637939e-01 -9.095067530870437622e-02 -3.459871411323547363e-01 -2.636912763118743896e-01 1.604310274124145508e-01 -5.799013376235961914e-01 6.318838000297546387e-01 1.078331470489501953e-02 2.665457427501678467e-01 -1.829292774200439453e-01 4.280664920806884766e-01 -2.543603777885437012e-01 -7.140190601348876953e-01 1.936686635017395020e-01 9.912680089473724365e-02 3.995137214660644531e-01 -3.528077602386474609e-01 -1.030648052692413330e-01 1.129754334688186646e-01 -1.693633198738098145e-01 5.175810456275939941e-01 6.835876107215881348e-01 5.102724209427833557e-02 6.283506006002426147e-02 -2.243535369634628296e-01 -5.808704346418380737e-02 9.810558706521987915e-02 2.779429852962493896e-01
-9.127686917781829834e-02 4.345171451568603516e-01 9.723637998104095459e-02 -1.986887753009796143e-01 1.960551589727401733e-01 -3.723362088203430176e-02 1.380061358213424683e-01 -4.262187182903289795e-01 -5.705671906471252441e-01 -3.581210970878601074e-03 -4.381651282310485840e-01 -2.146948575973510742e-01 -1.404343992471694946e-01 3.524036407470703125e-01 -2.500707209110260010e-01 -9.197680950164794922e-01 -7.572238892316818237e-02 -2.276470363140106201e-01 -3.913071751594543457e-01 6.325414776802062988e-01 -3.571730852127075195e-01 8.582867681980133057e-02 3.270638287067413330e-01 7.481244206428527832e-01 2.555525600910186768e-01 -5.309081673622131348e-01 -3.179896771907806396e-01 -1.622097492218017578e-01 4.876338541507720947e-01 -6.121811270713806152e-01 1.542790532112121582e-01 5.503414869308471680e-01 -1.800442188978195190e-01 2.779741287231445312e-01 5.435427427291870117e-01 1.445757746696472168e-01 1.965651214122772217e-01 -1.132517214864492416e-02 1.875278204679489136e-01 -5.777168869972229004e-01 6.149997115135192871e-01 -1.220944881439208984e+00 6.083661913871765137e-01 2.416830956935882568e-01 -2.390101999044418335e-01 -3.247425556182861328e-01 -3.774246200919151306e-02 4.565786719322204590e-01 -1.116961956024169922e+00 2.139544188976287842e-01 -3.708791732788085938e-02 2.075135558843612671e-01 1.596578359603881836e-01 -1.637457013130187988e-01 2.880917787551879883e-01 3.580879271030426025e-01 5.366538763046264648e-01 8.462826609611511230e-01 -2.919758558273315430e-01 9.411633759737014771e-02 -3.342099785804748535e-01 -3.569683432579040527e-01 -7.080932259559631348e-01 1.611353829503059387e-02
-1.862198114395141602e-01 3.255910277366638184e-01 -6.869081407785415649e-02 7.997105270624160767e-02 1.280059367418289185e-01 -1.702232509851455688e-01 2.665841281414031982e-01 -3.139727115631103516e-01 -4.572795927524566650e-01 1.903212070465087891e-02 -4.755731225013732910e-01 -9.020940214395523071e-02 -3.993451595306396484e-01 2.813943922519683838e-01 -2.706355750560760498e-01 -7.118519544601440430e-01 -1.223479583859443665e-01 5.586668103933334351e-02 -5.603666901588439941e-01 1.715043634176254272e-01 -2.186061739921569824e-01 -1.165479123592376709e-01 5.292809754610061646e-02 2.970039844512939453e-01 3.436610698699951172e-01 -2.977475225925445557e-01 -1.786306798458099365e-01 -2.247580885887145996e-01 1.092506945133209229e-01 -3.392842710018157959e-01 3.666962981224060059e-01 4.288798570632934570e-01 1.905871927738189697e-02 7.143508642911911011e-02 4.719609618186950684e-01 1.960294544696807861e-01 3.239721357822418213e-01 -2.309816330671310425e-01 -1.637040376663208008e-01 -4.576156139373779297e-01 4.253398180007934570e-01 -1.070165753364562988e+00 7.334134578704833984e-01 1.556297242641448975e-01 1.002085432410240173e-01 -4.036624431610107422e-01 2.300174906849861145e-02 1.803485304117202759e-01 -9.779360294342041016e-01 1.818656623363494873e-01 -1.473038196563720703e-01 1.497025787830352783e-01 -7.848387211561203003e-02 -2.158591300249099731e-01 1.623025387525558472e-01 1.549698859453201294e-01 5.486691594123840332e-01 7.129310965538024902e-01 -2.091879993677139282e-01 -4.494580626487731934e-02 -2.831777036190032959e-01 -2.076353281736373901e-01 -2.733305990695953369e-01 2.865877151489257812e-01
-3.836774826049804688e-01 3.275558352470397949e-02 4.807921499013900757e-02 -1.236903145909309387e-01 8.073414862155914307e-02 -1.681924164295196533e-01 1.953245997428894043e-01 -5.984531342983245850e-02 -3.437570333480834961e-01 6.506268382072448730e-01 -9.049209356307983398e-01 1.378393024206161499e-01 -2.255078703165054321e-01 5.413250923156738281e-01 2.273652106523513794e-01 -3.223519623279571533e-01 2.563575208187103271e-01 3.910641372203826904e-02 -3.827039599418640137e-01 8.352074772119522095e-02 1.639758795499801636e-02 -8.724260330200195312e-02 -3.630301654338836670e-01 9.296486526727676392e-02 2.506165802478790283e-01 -5.955955386161804199e-01 1.145000681281089783e-01 6.365731358528137207e-03 -1.873584687709808350e-01 -2.695016264915466309e-01 2.024578601121902466e-01 2.029244303703308105e-01 6.809426546096801758e-01 8.348389714956283569e-02 -2.421712577342987061e-01 2.165194302797317505e-01 2.712334692478179932e-01 1.151479259133338928e-01 -3.015229105949401855e-01 -1.412636339664459229e-01 7.701951265335083008e-02 -2.617284953594207764e-01 5.029491782188415527e-01 3.374160826206207275e-02 2.065938413143157959e-01 9.516111016273498535e-02 7.283849120140075684e-01 -4.785051345825195312e-01 -5.702914595603942871e-01 2.129757702350616455e-01 2.807175815105438232e-01 5.200310945510864258e-01 -3.755365014076232910e-01 -2.506329119205474854e-02 1.760970205068588257e-01 -2.938152551651000977e-01 5.906202793121337891e-01 7.435535192489624023e-01 2.433166205883026123e-01 1.676573753356933594e-01 -2.268834859132766724e-01 5.804599076509475708e-02 1.056869998574256897e-01 1.122337728738784790e-01
-4.401045441627502441e-01 4.873664677143096924e-02 5.258500576019287109e-02 -7.249116152524948120e-02 4.620315134525299072e-02 -1.250131875276565552e-01 1.939534246921539307e-01 -4.432831704616546631e-02 -3.147089779376983643e-01 6.845651865005493164e-01 -9.134041070938110352e-01 1.317727416753768921e-01 -1.431462317705154419e-01 5.196845531463623047e-01 1.511809080839157104e-01 -3.936773836612701416e-01 2.532767355442047119e-01 6.561961770057678223e-02 -3.811803758144378662e-01 6.458821147680282593e-02 1.021457239985466003e-01 -1.068022400140762329e-01 -4.277890324592590332e-01 6.025970727205276489e-02 2.697098851203918457e-01 -5.046153068542480469e-01 6.969883292913436890e-02 -9.254947304725646973e-03 -2.197235524654388428e-01 -2.445189952850341797e-01 2.526561915874481201e-01 1.634520590305328369e-01 6.178110837936401367e-01 6.290603429079055786e-02 -2.134813666343688965e-01 2.435849606990814209e-01 2.262299656867980957e-01 1.340063065290451050e-01 -2.934517860412597656e-01 -1.021160185337066650e-01 7.614284753799438477e-02 -2.804487645626068115e-01 5.919585824012756348e-01 2.070744335651397705e-02 2.835071086883544922e-01 -1.977143064141273499e-02 6.268641352653503418e-01 -4.796811342239379883e-01 -6.146001815795898438e-01 1.542596220970153809e-01 1.896577477455139160e-01 5.048183202743530273e-01 -3.933415412902832031e-01 -2.987271547317504883e-02 1.315816491842269897e-01 -2.600501179695129395e-01 5.003581047058105469e-01 6.616669297218322754e-01 2.108007520437240601e-01 1.078653857111930847e-01 -1.778397858142852783e-01 1.530649065971374512e-01 1.664911359548568726e-01 1.018710434436798096e-01
-2.308280467987060547e-01 -5.927155911922454834e-02 -7.565201818943023682e-02 -1.660708487033843994e-01 4.995587468147277832e-02 -8.349257707595825195e-02 3.607879281044006348e-01 -1.349790394306182861e-02 -3.117664158344268799e-01 5.126690268516540527e-01 -8.215231895446777344e-01 1.424559056758880615e-01 -4.041714966297149658e-01 3.919332921504974365e-01 2.404194474220275879e-01 -4.323960244655609131e-01 3.019918501377105713e-01 1.997525691986083984e-01 -2.998066544532775879e-01 2.244373783469200134e-02 6.147790700197219849e-02 -6.776724755764007568e-02 -4.441423416137695312e-01 7.668214291334152222e-02 9.814336150884628296e-02 -4.327776432037353516e-01 9.455911070108413696e-02 2.459511160850524902e-04 -3.265611827373504639e-01 -2.753580212593078613e-01 3.172032833099365234e-01 2.539941072463989258e-01 5.605637431144714355e-01 -8.981644362211227417e-02 -8.152239769697189331e-02 3.295571208000183105e-01 3.391622900962829590e-01 -9.162507951259613037e-02 -3.288643956184387207e-01 -4.097420722246170044e-03 6.243320554494857788e-02 -2.561565041542053223e-01 4.992341995239257812e-01 3.954138606786727905e-02 1.404108852148056030e-01 -7.382133603096008301e-02 6.559703350067138672e-01 -4.715721607208251953e-01 -5.577127337455749512e-01 9.280958771705627441e-02 2.076037526130676270e-01 5.096544623374938965e-01 -5.728886127471923828e-01 -1.658101826906204224e-01 1.131508350372314453e-01 -1.800754368305206299e-01 4.524979591369628906e-01 5.987120866775512695e-01 2.400699853897094727e-01 1.567346751689910889e-01 -2.376894950866699219e-01 9.417778998613357544e-02 2.999538779258728027e-01 6.159416213631629944e-02
-2.591138184070587158e-01 3.896190524101257324e-01 1.016585081815719604e-01 -2.348105013370513916e-01 2.753267884254455566e-01 1.063664853572845459e-01 -1.493644714355468750e-02 -4.443076848983764648e-01 -5.384237170219421387e-01 2.399406731128692627e-01 -4.886215329170227051e-01 3.091625869274139404e-03 1.079279929399490356e-03 5.361918210983276367e-01 1.150773465633392334e-02 -1.076012134552001953e+00 1.361406743526458740e-01 -3.028130829334259033e-01 -3.598020672798156738e-01 7.122150659561157227e-01 -5.628674030303955078e-01 -3.368891403079032898e-02 8.783186227083206177e-02 7.287134528160095215e-01 8.973778784275054932e-02 -5.330955386161804199e-01 -3.162957131862640381e-01 8.060814440250396729e-02 1.661570817232131958e-01 -6.999817490577697754e-01 1.118029132485389709e-01 3.951616287231445312e-01 6.205701828002929688e-02 2.292167842388153076e-01 3.699252307415008545e-01 1.894837617874145508e-01 1.131353601813316345e-01 -1.546562016010284424e-01 9.153012931346893311e-02 -2.723963856697082520e-01 6.727414727210998535e-01 -9.340419173240661621e-01 8.127294778823852539e-01 4.878140091896057129e-01 -2.603105604648590088e-01 -2.090024054050445557e-01 1.200001537799835205e-01 7.178257405757904053e-02 -1.053466677665710449e+00 2.330215871334075928e-01 2.672994136810302734e-02 4.098743796348571777e-01 1.039915457367897034e-01 -1.415729522705078125e-01 -1.907180994749069214e-02 3.729574382305145264e-01 6.061316728591918945e-01 6.336128711700439453e-01 -2.489687502384185791e-01 2.042912691831588745e-02 -4.672384858131408691e-01 4.845470935106277466e-02 -6.071740984916687012e-01 -3.887372910976409912e-01
-3.092358708381652832e-01 -1.402343660593032837e-01 -5.651921033859252930e-02 -8.662702888250350952e-02 3.192253410816192627e-02 -2.094351649284362793e-01 3.494510352611541748e-01 -3.454123437404632568e-02 -3.369272947311401367e-01 5.473472476005554199e-01 -8.351546525955200195e-01 1.346711814403533936e-01 -4.372121393680572510e-01 4.062406122684478760e-01 1.803334653377532959e-01 -2.948727607727050781e-01 2.257291376590728760e-01 3.243954777717590332e-01 -3.042978346347808838e-01 -6.789731979370117188e-02 1.615316867828369141e-01 -1.302043348550796509e-01 -4.959552884101867676e-01 -4.416052252054214478e-02 1.347368955612182617e-01 -4.218443632125854492e-01 1.234406158328056335e-01 -2.601759135723114014e-02 -3.959048688411712646e-01 -6.798390299081802368e-02 3.552563786506652832e-01 1.871988922357559204e-01 6.448898911476135254e-01 -1.089207679033279419e-01 -1.690712869167327881e-01 2.581955790519714355e-01 3.877380192279815674e-01 -1.062041223049163818e-01 -4.032523632049560547e-01 -2.111269906163215637e-02 1.619368791580200195e-02 -2.658169567584991455e-01 4.632120132446289062e-01 -7.746098935604095459e-02 1.776780784130096436e-01 -4.729985445737838745e-02 7.202797532081604004e-01 -5.342027544975280762e-01 -5.333310365676879883e-01 6.109627708792686462e-02 2.727869451045989990e-01 4.642128646373748779e-01 -5.379010438919067383e-01 -1.542358398437500000e-01 9.988299012184143066e-02 -3.157007098197937012e-01 4.449401795864105225e-01 5.918149352073669434e-01 2.198046743869781494e-01 1.778971552848815918e-01 -1.853625923395156860e-01 6.183811277151107788e-02 4.035245478153228760e-01 1.710335761308670044e-01
-1.038038134574890137e-01 1.763291209936141968e-01 -4.839121550321578979e-02 -4.399301856756210327e-02 1.122486740350723267e-01 -1.663783639669418335e-01 3.043833374977111816e-01 -2.148618400096893311e-01 -4.097480773925781250e-01 1.991305053234100342e-01 -6.772704124450683594e-01 -7.420159131288528442e-02 -4.316239058971405029e-01 3.658668696880340576e-01 -2.394831180572509766e-02 -5.417749881744384766e-01 1.117761805653572083e-01 5.433941632509231567e-02 -4.768148064613342285e-01 2.262225598096847534e-01 -1.033525243401527405e-01 -4.874202236533164978e-02 -9.351406246423721313e-02 2.860280275344848633e-01 1.749305427074432373e-01 -4.592996537685394287e-01 -9.365220367908477783e-02 -1.663748770952224731e-01 9.700357913970947266e-02 -3.733336627483367920e-01 3.055839836597442627e-01 4.023956656455993652e-01 2.235432267189025879e-01 8.115326613187789917e-02 2.154426872730255127e-01 1.851342916488647461e-01 3.338712453842163086e-01 -1.122672557830810547e-01 -2.052149623632431030e-01 -3.843863308429718018e-01 3.509480059146881104e-01 -8.162641525268554688e-01 5.984773039817810059e-01 7.429126650094985962e-02 1.103851422667503357e-01 -2.522742748260498047e-01 3.042235076427459717e-01 3.813010454177856445e-02 -8.826854825019836426e-01 1.723544150590896606e-01 7.327188551425933838e-02 3.384199738502502441e-01 -2.595304250717163086e-01 -9.836974740028381348e-02 2.455166727304458618e-01 -5.546800792217254639e-03 5.032634735107421875e-01 7.663434743881225586e-01 -9.064543247222900391e-02 8.811347931623458862e-02 -2.265255898237228394e-01 -1.705304384231567383e-01 -1.112918853759765625e-01 2.488813698291778564e-01
-3.396755456924438477e-01 -1.751305162906646729e-01 -1.087539047002792358e-01 -3.139928728342056274e-02 5.372956395149230957e-03 -1.955730766057968140e-01 4.201898574829101562e-01 4.172858595848083496e-02 -2.596177160739898682e-01 5.726821422576904297e-01 -8.689830899238586426e-01 1.536934971809387207e-01 -4.677661359310150146e-01 3.551739454269409180e-01 1.595226824283599854e-01 -2.050087600946426392e-01 2.648809552192687988e-01 3.287578225135803223e-01 -2.499226629734039307e-01 -1.879020184278488159e-01 3.080602884292602539e-01 -1.505119651556015015e-01 -5.673211216926574707e-01 -1.632806509733200073e-01 2.070365101099014282e-01 -3.184462189674377441e-01 1.984353959560394287e-01 -7.069662213325500488e-03 -4.603115320205688477e-01 -6.521465629339218140e-02 4.332436919212341309e-01 1.639293730258941650e-01 6.732800006866455078e-01 -1.901880204677581787e-01 -1.920188963413238525e-01 3.362191319465637207e-01 3.476623892784118652e-01 -3.415642678737640381e-02 -4.899756312370300293e-01 3.910441324114799500e-02 -1.481409370899200439e-01 -1.571966409683227539e-01 4.411311149597167969e-01 -1.181135922670364380e-01 2.679950594902038574e-01 -4.474096745252609253e-02 7.097942233085632324e-01 -6.566895842552185059e-01 -4.195606708526611328e-01 8.040115237236022949e-02 2.478409409523010254e-01 4.648121595382690430e-01 -6.462928056716918945e-01 -2.010592669248580933e-01 1.159776449203491211e-01 -3.909323811531066895e-01 3.753586709499359131e-01 5.788685083389282227e-01 2.927032113075256348e-01 2.233363986015319824e-01 -8.048222959041595459e-02 1.911354809999465942e-02 5.476933717727661133e-01 2.226753979921340942e-01
-2.598589360713958740e-01 -3.440382182598114014e-01 -1.373989582061767578e-01 -7.783462852239608765e-02 5.808606743812561035e-03 -1.702314168214797974e-01 5.328429937362670898e-01 1.878453791141510010e-01 -2.123273611068725586e-01 6.423682570457458496e-01 -9.072667360305786133e-01 1.990273296833038330e-01 -5.062956809997558594e-01 2.093560695648193359e-01 2.124706506729125977e-01 -2.174519598484039307e-01 2.864591777324676514e-01 4.443919062614440918e-01 -1.571228057146072388e-01 -2.396151870489120483e-01 4.484415948390960693e-01 -9.379824995994567871e-02 -6.780508756637573242e-01 -2.127521634101867676e-01 1.477290391921997070e-01 -2.069945633411407471e-01 2.905815243721008301e-01 -2.886268496513366699e-02 -5.581582188606262207e-01 -1.608306914567947388e-02 4.715082943439483643e-01 1.444386541843414307e-01 7.280237078666687012e-01 -3.364908099174499512e-01 -1.859846711158752441e-01 4.051048457622528076e-01 3.515967130661010742e-01 -4.631823301315307617e-02 -5.329136848449707031e-01 1.599434763193130493e-01 -2.649882137775421143e-01 2.800839394330978394e-02 3.286396861076354980e-01 -2.231824547052383423e-01 1.928513050079345703e-01 -7.804188132286071777e-02 8.472666144371032715e-01 -7.143353223800659180e-01 -3.437644541263580322e-01 -1.680955663323402405e-02 2.502632737159729004e-01 4.491649866104125977e-01 -7.616943717002868652e-01 -2.456276714801788330e-01 7.237543165683746338e-02 -4.024733304977416992e-01 2.787121534347534180e-01 4.507992565631866455e-01 3.686273992061614990e-01 2.082223594188690186e-01 -2.146091684699058533e-02 6.324904412031173706e-02 6.865336298942565918e-01 1.756888031959533691e-01
-4.786227643489837646e-01 -1.543551981449127197e-01 -3.306981176137924194e-02 -1.191172227263450623e-01 1.347306221723556519e-01 -6.784571334719657898e-03 2.345866113901138306e-01 5.259746313095092773e-02 -2.643819153308868408e-01 8.289914727210998535e-01 -9.658878445625305176e-01 2.491787970066070557e-01 -1.592903584241867065e-01 4.752480685710906982e-01 3.568576872348785400e-01 -3.633230328559875488e-01 3.667931854724884033e-01 1.427447050809860229e-01 -1.855515241622924805e-01 7.977985776960849762e-03 1.717185974121093750e-01 -8.635602891445159912e-02 -6.383776068687438965e-01 -7.916234433650970459e-03 1.817104816436767578e-01 -4.584351181983947754e-01 1.964541077613830566e-01 1.439158022403717041e-01 -5.772262811660766602e-01 -2.423256039619445801e-01 2.719758749008178711e-01 4.608975350856781006e-02 8.798617720603942871e-01 -9.643153846263885498e-02 -3.451298475265502930e-01 3.393423557281494141e-01 2.592640817165374756e-01 3.506588935852050781e-02 -4.019310474395751953e-01 2.086571156978607178e-01 -8.613431453704833984e-02 3.942841291427612305e-02 5.182047486305236816e-01 3.807690739631652832e-02 1.318085789680480957e-01 6.542138755321502686e-02 8.471876978874206543e-01 -8.028810620307922363e-01 -3.325265645980834961e-01 6.258259713649749756e-02 3.143838942050933838e-01 6.200942397117614746e-01 -5.405289530754089355e-01 -1.726529747247695923e-01 -3.984196484088897705e-02 -3.167728185653686523e-01 4.409930408000946045e-01 4.917938411235809326e-01 3.463937938213348389e-01 1.251658499240875244e-01 -1.928207427263259888e-01 3.450623154640197754e-01 4.294267594814300537e-01 -1.488033384084701538e-01
