-4.030547142028808594e-01 1.115695685148239136e-01 9.636279940605163574e-02 -2.198758721351623535e-01 2.013245075941085815e-01 3.333342075347900391e-02 -1.588936150074005127e-02 -1.888350546360015869e-01 -4.083115160465240479e-01 6.768695712089538574e-01 -8.214610219001770020e-01 8.533369004726409912e-02 2.609293907880783081e-02 6.113756895065307617e-01 1.971847414970397949e-01 -6.395208239555358887e-01 3.155173361301422119e-01 -2.326339632272720337e-01 -3.784101903438568115e-01 4.304056167602539062e-01 -1.977504193782806396e-01 -2.502228692173957825e-02 -2.214635610580444336e-01 4.310331940650939941e-01 1.293808072805404663e-01 -6.315832138061523438e-01 -8.236470073461532593e-02 1.532991379499435425e-01 -1.606309711933135986e-01 -5.916238427162170410e-01 5.480605736374855042e-02 1.535650491714477539e-01 5.333219170570373535e-01 2.264525890350341797e-01 -1.639858484268188477e-01 1.576418429613113403e-01 1.395550966262817383e-01 -3.423481248319149017e-03 -1.069769784808158875e-01 -1.033365428447723389e-01 2.994822859764099121e-01 -4.505882859230041504e-01 6.781315207481384277e-01 3.228285908699035645e-01 -2.757182344794273376e-02 7.543541491031646729e-02 5.668376684188842773e-01 -4.276865124702453613e-01 -7.779055833816528320e-01 2.015187144279479980e-01 1.378824263811111450e-01 6.691326498985290527e-01 -5.895741283893585205e-02 1.498726010322570801e-02 3.909967839717864990e-02 -1.090189144015312195e-01 6.232130527496337891e-01 6.048009395599365234e-01 1.398271322250366211e-01 -2.175600826740264893e-02 -3.874375820159912109e-01 3.555627763271331787e-01 -1.920299977064132690e-01 -2.880664765834808350e-01
-3.342671692371368408e-01 1.843226701021194458e-01 -4.633229970932006836e-02 -6.348494440317153931e-02 2.454377859830856323e-01 6.253919005393981934e-02 7.643249630928039551e-02 -3.158305287361145020e-01 -3.872263729572296143e-01 4.198348522186279297e-01 -6.617141962051391602e-01 1.043812185525894165e-02 -2.563859522342681885e-01 5.445951223373413086e-01 9.998811781406402588e-02 -7.798577547073364258e-01 1.700855344533920288e-01 -1.318493932485580444e-01 -4.748942255973815918e-01 3.462364673614501953e-01 -3.390989899635314941e-01 -1.100252419710159302e-01 -2.063141465187072754e-01 4.279866814613342285e-01 6.945825368165969849e-02 -4.830900728702545166e-01 -1.368445754051208496e-01 9.890136122703552246e-02 -2.002031058073043823e-01 -5.189747810363769531e-01 2.362570911645889282e-01 1.702833473682403564e-01 3.592009544372558594e-01 6.209585815668106079e-02 6.588467955589294434e-02 1.819266676902770996e-01 2.847442328929901123e-01 -3.317080438137054443e-01 -1.635479032993316650e-01 -1.998880058526992798e-01 5.329286456108093262e-01 -6.340435743331909180e-01 8.246130943298339844e-01 4.046097993850708008e-01 1.183594670146703720e-02 -1.035938113927841187e-01 3.839696347713470459e-01 -2.380112856626510620e-01 -8.995209932327270508e-01 1.673018932342529297e-01 3.428369760513305664e-03 5.147092342376708984e-01 -5.875971913337707520e-02 -9.561571478843688965e-02 -1.034990698099136353e-02 5.161169916391372681e-02 6.322360634803771973e-01 5.577607154846191406e-01 -1.366683393716812134e-01 -9.464461356401443481e-02 -4.650693535804748535e-01 2.493785321712493896e-01 -1.406861990690231323e-01 -2.198646217584609985e-01
-2.977274954319000244e-01 4.507368803024291992e-02 6.748689711093902588e-02 -1.828811168670654297e-01 1.718559712171554565e-01 -2.410667091608047485e-01 1.981379389762878418e-01 -4.189603030681610107e-02 -3.968782722949981689e-01 6.001316905021667480e-01 -8.789642453193664551e-01 6.476928293704986572e-02 -1.293997019529342651e-01 5.392863750457763672e-01 6.281571090221405029e-02 -3.673135042190551758e-01 2.686738669872283936e-01 -1.112602651119232178e-02 -3.419877290725708008e-01 2.157515585422515869e-01 1.379134058952331543e-01 5.831327289342880249e-03 -2.258964180946350098e-01 1.894745379686355591e-01 2.668088674545288086e-01 -5.800549983978271484e-01 4.137545078992843628e-02 2.035690844058990479e-02 -1.325410455465316772e-01 -3.495108485221862793e-01 1.145776659250259399e-01 2.195000797510147095e-01 6.271331310272216797e-01 1.894859969615936279e-01 -2.334482669830322266e-01 1.876556575298309326e-01 3.234485089778900146e-01 1.005212366580963135e-01 -2.712200880050659180e-01 -2.176569849252700806e-01 1.075277850031852722e-01 -4.802283048629760742e-01 3.616558313369750977e-01 2.453170716762542725e-02 7.355091720819473267e-02 2.619464695453643799e-02 5.727766156196594238e-01 -4.171355366706848145e-01 -6.303467154502868652e-01 1.146464496850967407e-01 2.431442737579345703e-01 4.706839025020599365e-01 -2.939947247505187988e-01 -6.072363257408142090e-02 1.649473756551742554e-01 -2.416259348392486572e-01 5.351260900497436523e-01 7.515733242034912109e-01 2.099114954471588135e-01 1.456930041313171387e-01 -2.209666818380355835e-01 7.684592157602310181e-02 -3.342303633689880371e-02 9.648686647415161133e-02
-3.981882333755493164e-01 -2.251398861408233643e-01 1.018121838569641113e-03 -1.773693263530731201e-01 1.993197202682495117e-02 -2.713766396045684814e-01 3.192714154720306396e-01 1.202965080738067627e-01 -2.026132643222808838e-01 8.337457180023193359e-01 -9.803728461265563965e-01 1.884894222021102905e-01 -1.767904311418533325e-01 4.782864749431610107e-01 1.374245434999465942e-01 -1.254928112030029297e-01 3.898252248764038086e-01 2.321872711181640625e-01 -1.938387751579284668e-01 -1.101349145174026489e-01 4.745153188705444336e-01 -4.428651556372642517e-02 -5.834005475044250488e-01 -1.395705193281173706e-01 2.601884305477142334e-01 -3.938362002372741699e-01 2.279575169086456299e-01 9.467838704586029053e-02 -4.873809516429901123e-01 -8.102745562791824341e-02 2.194107621908187866e-01 1.264835894107818604e-02 7.574806809425354004e-01 -5.951093509793281555e-02 -5.004355907440185547e-01 3.203246295452117920e-01 3.296183943748474121e-01 1.337953507900238037e-01 -4.132832288742065430e-01 4.963877052068710327e-02 -1.460128426551818848e-01 -4.349876940250396729e-02 2.304324805736541748e-01 -1.016420274972915649e-01 2.189005911350250244e-01 1.277815997600555420e-01 7.943865656852722168e-01 -8.198133707046508789e-01 -3.929312825202941895e-01 -2.831200137734413147e-02 2.751035690307617188e-01 5.144703388214111328e-01 -5.587854385375976562e-01 -1.388684362173080444e-01 9.367260336875915527e-02 -4.710653424263000488e-01 3.804576694965362549e-01 5.737659931182861328e-01 3.838002979755401611e-01 2.122821211814880371e-01 -8.508431166410446167e-02 1.628069877624511719e-01 4.660091400146484375e-01 1.395898461341857910e-01
-4.082646071910858154e-01 -1.485252380371093750e-02 2.601577639579772949e-01 -3.809716999530792236e-01 2.354531735181808472e-01 1.055050082504749298e-02 -1.401253044605255127e-01 -8.421639353036880493e-02 -3.370894789695739746e-01 9.632779955863952637e-01 -9.793193340301513672e-01 1.550506949424743652e-01 3.044983446598052979e-01 7.622982263565063477e-01 3.356394171714782715e-01 -6.172994375228881836e-01 5.964928269386291504e-01 -3.221685588359832764e-01 -2.095507979393005371e-01 6.299018263816833496e-01 -2.706936746835708618e-02 1.329593509435653687e-01 -3.671182096004486084e-01 4.466025829315185547e-01 1.405890136957168579e-01 -7.930140495300292969e-01 -4.154732078313827515e-02 3.084431886672973633e-01 -1.699907034635543823e-01 -5.860965847969055176e-01 -1.813860535621643066e-01 1.014354079961776733e-01 6.894432306289672852e-01 3.515036106109619141e-01 -4.544063508510589600e-01 1.790087372064590454e-01 4.461509734392166138e-02 3.425531089305877686e-01 -2.636387944221496582e-02 -2.393458038568496704e-03 2.372196018695831299e-01 -2.360771894454956055e-01 4.620999097824096680e-01 3.016021251678466797e-01 -1.002772152423858643e-01 3.456909656524658203e-01 7.432315349578857422e-01 -5.901706218719482422e-01 -6.595342755317687988e-01 1.406495273113250732e-01 3.405262529850006104e-01 7.404031157493591309e-01 -1.005289405584335327e-01 1.349715292453765869e-01 7.209198176860809326e-02 -1.836470961570739746e-01 5.345042943954467773e-01 6.620745658874511719e-01 2.706340849399566650e-01 1.867242753505706787e-01 -2.476073205471038818e-01 4.059937596321105957e-01 -3.133307993412017822e-01 -4.248208701610565186e-01
-4.759758114814758301e-01 -2.811502814292907715e-01 -1.775905489921569824e-03 -1.877072155475616455e-01 8.475206792354583740e-02 -2.473847419023513794e-01 3.078975379467010498e-01 1.107997745275497437e-01 -1.724574118852615356e-01 9.477739334106445312e-01 -1.055950522422790527e+00 3.250413239002227783e-01 -1.818483918905258179e-01 4.653898179531097412e-01 2.833830118179321289e-01 -1.292978227138519287e-01 3.896752893924713135e-01 2.795602083206176758e-01 -2.360357642173767090e-01 -1.208656430244445801e-01 4.018817543983459473e-01 -1.409914344549179077e-01 -6.985230445861816406e-01 -2.178012728691101074e-01 2.201974093914031982e-01 -3.849854469299316406e-01 3.117913603782653809e-01 1.010636687278747559e-01 -5.157115459442138672e-01 -1.986821740865707397e-02 2.649832069873809814e-01 1.290429383516311646e-02 9.064776301383972168e-01 -1.614233851432800293e-01 -4.672520458698272705e-01 3.592539429664611816e-01 3.210018575191497803e-01 1.184991076588630676e-01 -5.196054577827453613e-01 1.420364975929260254e-01 -2.018525004386901855e-01 1.658700108528137207e-01 3.364919126033782959e-01 -9.051480889320373535e-02 2.355722486972808838e-01 1.729128807783126831e-01 9.360747337341308594e-01 -9.211092591285705566e-01 -3.411889672279357910e-01 -1.313738897442817688e-02 3.237486481666564941e-01 5.855330824851989746e-01 -6.247084736824035645e-01 -1.375141143798828125e-01 -1.516287028789520264e-02 -4.962604045867919922e-01 4.287667870521545410e-01 4.844262301921844482e-01 4.052716493606567383e-01 2.559589147567749023e-01 -9.483227133750915527e-02 2.313959598541259766e-01 5.444449186325073242e-01 3.372229263186454773e-02
-2.326126396656036377e-01 2.625920772552490234e-01 -8.091830462217330933e-02 1.324812471866607666e-01 1.458018720149993896e-01 -1.300247460603713989e-01 2.925629019737243652e-01 -3.209786713123321533e-01 -4.579642713069915771e-01 2.758909016847610474e-02 -4.777399897575378418e-01 -1.250036358833312988e-01 -4.981340467929840088e-01 2.237820029258728027e-01 -3.025194406509399414e-01 -6.444069147109985352e-01 -2.031498104333877563e-01 6.392896920442581177e-02 -5.783185362815856934e-01 1.139653697609901428e-01 -2.123445570468902588e-01 -1.162271350622177124e-01 3.120253980159759521e-02 2.936476767063140869e-01 3.138011395931243896e-01 -2.410519719123840332e-01 -1.920775473117828369e-01 -2.847543358802795410e-01 8.413289487361907959e-02 -3.048852384090423584e-01 4.188677966594696045e-01 3.652093410491943359e-01 -2.827466465532779694e-03 3.374574333429336548e-02 4.311406016349792480e-01 1.771314442157745361e-01 4.265055954456329346e-01 -3.166186809539794922e-01 -1.687209010124206543e-01 -5.349413156509399414e-01 4.530079066753387451e-01 -1.102694988250732422e+00 7.490952610969543457e-01 1.731421202421188354e-01 9.328130632638931274e-02 -3.852776288986206055e-01 5.381072685122489929e-02 2.336487919092178345e-01 -1.007879018783569336e+00 1.284799724817276001e-01 -2.487271726131439209e-01 1.195988431572914124e-01 -4.211053252220153809e-02 -2.249329835176467896e-01 1.811248511075973511e-01 1.109172478318214417e-01 5.671372413635253906e-01 6.906102299690246582e-01 -2.459526211023330688e-01 -1.201070472598075867e-01 -2.915025651454925537e-01 -1.700428426265716553e-01 -1.795363873243331909e-01 2.987363040447235107e-01
-1.197318583726882935e-01 1.566868275403976440e-01 7.239004969596862793e-02 -2.386563122272491455e-01 1.658072024583816528e-01 -9.911393374204635620e-02 7.695670425891876221e-02 -1.665055751800537109e-01 -4.581440091133117676e-01 4.257048368453979492e-01 -7.069056630134582520e-01 -1.024930104613304138e-01 -1.307510435581207275e-01 5.831658840179443359e-01 7.694752514362335205e-02 -6.953548789024353027e-01 2.918511927127838135e-01 -1.579417586326599121e-01 -3.410314619541168213e-01 4.990241527557373047e-01 -1.520618796348571777e-01 1.574290990829467773e-01 -3.780097514390945435e-02 5.115795135498046875e-01 1.378127038478851318e-01 -6.582008600234985352e-01 -1.627205610275268555e-01 7.244563102722167969e-02 1.062342151999473572e-02 -5.661722421646118164e-01 3.066164627671241760e-02 3.345961570739746094e-01 3.375999629497528076e-01 2.868347167968750000e-01 -4.338927567005157471e-03 1.147463768720626831e-01 2.292782366275787354e-01 1.568129658699035645e-02 2.532187104225158691e-02 -2.889579236507415771e-01 4.470244646072387695e-01 -7.554359436035156250e-01 4.982239007949829102e-01 1.643485128879547119e-01 -1.463901400566101074e-01 -1.998766511678695679e-02 4.271950721740722656e-01 -4.691743850708007812e-02 -8.764742612838745117e-01 1.405349075794219971e-01 1.832941174507141113e-01 4.846073389053344727e-01 -1.951101422309875488e-02 5.834907293319702148e-03 1.794476062059402466e-01 -8.110664784908294678e-03 5.628292560577392578e-01 7.999213933944702148e-01 -1.362031325697898865e-02 1.069887205958366394e-01 -3.161445558071136475e-01 1.608785241842269897e-02 -3.772836625576019287e-01 -6.855390965938568115e-02
-2.070062458515167236e-01 3.029839396476745605e-01 1.248447597026824951e-02 -1.871761977672576904e-01 2.593769431114196777e-01 -2.596629783511161804e-03 1.859792321920394897e-02 -3.410615622997283936e-01 -3.990194499492645264e-01 4.199415445327758789e-01 -6.830654740333557129e-01 -1.622810214757919312e-02 -7.977408170700073242e-02 5.419962406158447266e-01 5.431830137968063354e-02 -8.482577800750732422e-01 1.630281656980514526e-01 -2.254833579063415527e-01 -5.029582977294921875e-01 6.056106090545654297e-01 -4.462852478027343750e-01 -4.422735050320625305e-02 3.293142467737197876e-02 5.928403139114379883e-01 1.484842151403427124e-01 -5.183217525482177734e-01 -1.793240606784820557e-01 5.422319471836090088e-02 8.662948012351989746e-02 -6.963345408439636230e-01 1.018918454647064209e-01 2.922748923301696777e-01 2.040836066007614136e-01 2.760380506515502930e-01 1.987991034984588623e-01 1.862011104822158813e-01 1.812750697135925293e-01 -1.214652135968208313e-01 -1.197954267263412476e-02 -3.563824295997619629e-01 5.490111112594604492e-01 -8.048315048217773438e-01 7.777138352394104004e-01 3.877856731414794922e-01 -1.179352924227714539e-01 -1.009628772735595703e-01 2.436112314462661743e-01 -2.824944257736206055e-02 -1.019999861717224121e+00 2.749674022197723389e-01 -5.713923275470733643e-02 5.529224872589111328e-01 7.622858136892318726e-02 -2.785240113735198975e-02 5.265386402606964111e-02 2.103128135204315186e-01 6.470929980278015137e-01 6.642017364501953125e-01 -1.442972570657730103e-01 -1.525225490331649780e-02 -4.386191666126251221e-01 1.062016859650611877e-01 -4.588306248188018799e-01 -2.070488035678863525e-01
-2.062838971614837646e-01 2.380439192056655884e-01 1.021870225667953491e-01 -1.996339857578277588e-01 2.753377556800842285e-01 9.289583563804626465e-02 -3.624451160430908203e-02 -2.986410558223724365e-01 -3.773836195468902588e-01 4.925215840339660645e-01 -7.583863139152526855e-01 -2.412866801023483276e-02 -2.664854750037193298e-02 6.058661937713623047e-01 1.881982833147048950e-01 -8.204339146614074707e-01 3.009781539440155029e-01 -2.759838998317718506e-01 -4.351493716239929199e-01 6.550254821777343750e-01 -3.940877020359039307e-01 3.773224726319313049e-02 -9.196837991476058960e-02 5.942282080650329590e-01 1.149497106671333313e-01 -6.650725007057189941e-01 -1.460870802402496338e-01 7.680402696132659912e-02 5.521037429571151733e-02 -7.126364707946777344e-01 5.105762556195259094e-02 3.100058436393737793e-01 2.871388494968414307e-01 3.202556967735290527e-01 2.301500365138053894e-02 1.446029096841812134e-01 1.144288256764411926e-01 -9.166977368295192719e-03 4.937712848186492920e-02 -2.716692388057708740e-01 5.121099352836608887e-01 -6.854686737060546875e-01 7.326385378837585449e-01 3.699769973754882812e-01 -9.254312515258789062e-02 1.690288633108139038e-02 3.882675766944885254e-01 -8.609119057655334473e-02 -9.274439215660095215e-01 2.678405046463012695e-01 8.377680182456970215e-02 6.054564714431762695e-01 -1.574560999870300293e-03 9.501367807388305664e-02 8.739428222179412842e-02 1.060200706124305725e-01 6.034557223320007324e-01 6.938220858573913574e-01 -3.771742060780525208e-02 -1.037350296974182129e-02 -3.814509510993957520e-01 1.916713714599609375e-01 -4.708000719547271729e-01 -2.394558340311050415e-01
-3.738620877265930176e-01 -2.917920947074890137e-01 1.567138582468032837e-01 -3.861089050769805908e-01 8.390733599662780762e-02 -1.974804997444152832e-01 1.156667470932006836e-01 1.437644213438034058e-01 -2.004529237747192383e-01 1.097248315811157227e+00 -1.060537457466125488e+00 2.130451798439025879e-01 1.643677651882171631e-01 5.928273200988769531e-01 3.501605093479156494e-01 -2.450604140758514404e-01 5.467805266380310059e-01 2.743348479270935059e-03 -1.346656382083892822e-01 1.598581820726394653e-01 4.206526577472686768e-01 7.564146816730499268e-02 -6.324492096900939941e-01 -4.422962665557861328e-04 1.603251695632934570e-01 -5.420529842376708984e-01 2.447215020656585693e-01 2.250291854143142700e-01 -5.444178581237792969e-01 -2.348408401012420654e-01 -4.044600948691368103e-02 -6.990599632263183594e-02 9.743843674659729004e-01 6.989317387342453003e-02 -6.557180881500244141e-01 3.700646460056304932e-01 1.998758614063262939e-01 2.485868483781814575e-01 -2.708423435688018799e-01 1.806724220514297485e-01 -6.849359720945358276e-02 1.643384695053100586e-01 2.028635740280151367e-01 1.869723200798034668e-03 -2.710238471627235413e-02 2.627083063125610352e-01 9.514316320419311523e-01 -9.445316791534423828e-01 -3.856672942638397217e-01 -4.587513580918312073e-02 3.683423399925231934e-01 7.002362012863159180e-01 -3.481840491294860840e-01 -1.702646911144256592e-02 -2.680756151676177979e-02 -3.950353860855102539e-01 4.339016675949096680e-01 4.799394309520721436e-01 4.317637979984283447e-01 2.169977426528930664e-01 -1.367145180702209473e-01 4.772143363952636719e-01 2.874014079570770264e-01 -1.569854766130447388e-01
-3.839706480503082275e-01 -2.225060313940048218e-01 2.781873941421508789e-02 -2.411089539527893066e-01 3.398564457893371582e-02 -2.430799454450607300e-01 1.901153922080993652e-01 9.029361605644226074e-02 -2.868554890155792236e-01 8.560792207717895508e-01 -1.031638741493225098e+00 2.076839953660964966e-01 -9.777916967868804932e-02 4.816366136074066162e-01 2.946688234806060791e-01 -1.634551882743835449e-01 3.391155898571014404e-01 8.585247397422790527e-02 -2.064585387706756592e-01 2.215039730072021484e-02 3.165644109249114990e-01 -2.795704081654548645e-02 -5.209383368492126465e-01 -5.489903688430786133e-02 2.327124476432800293e-01 -5.649073123931884766e-01 1.419537961483001709e-01 1.059083640575408936e-01 -3.601858317852020264e-01 -1.899767816066741943e-01 7.746154069900512695e-02 6.890072673559188843e-02 8.706719279289245605e-01 1.641739159822463989e-02 -4.396384656429290771e-01 2.686845958232879639e-01 3.152660727500915527e-01 1.894098669290542603e-01 -3.497216403484344482e-01 -2.381552755832672119e-02 -1.128391548991203308e-01 -1.469188183546066284e-02 3.281945884227752686e-01 -7.485653460025787354e-02 9.714458137750625610e-02 1.943941265344619751e-01 8.691056370735168457e-01 -7.221797108650207520e-01 -4.482853412628173828e-01 8.365108072757720947e-02 3.207560479640960693e-01 5.901544094085693359e-01 -4.064692854881286621e-01 -5.317318439483642578e-02 1.854408532381057739e-01 -3.917800784111022949e-01 5.146698355674743652e-01 6.633052825927734375e-01 3.383235633373260498e-01 2.326060533523559570e-01 -1.335085481405258179e-01 2.305340468883514404e-01 3.671185076236724854e-01 3.048716858029365540e-02
-5.691673755645751953e-01 -2.709500193595886230e-01 1.400578767061233521e-01 -3.995060324668884277e-01 3.999824076890945435e-02 -1.427557915449142456e-01 1.402623504400253296e-01 1.530363708734512329e-01 -5.093151330947875977e-02 1.220867753028869629e+00 -1.162362933158874512e+00 4.201171100139617920e-01 1.837924569845199585e-01 6.348346471786499023e-01 4.552325010299682617e-01 -1.104373708367347717e-01 6.357007026672363281e-01 5.102068185806274414e-02 -1.395170688629150391e-01 4.330605641007423401e-02 3.646504878997802734e-01 -2.988902106881141663e-02 -7.763303518295288086e-01 -1.375610530376434326e-01 1.870396882295608521e-01 -4.513164460659027100e-01 3.526406884193420410e-01 2.316825538873672485e-01 -5.471316576004028320e-01 -2.127741873264312744e-01 1.787567511200904846e-02 -1.494991034269332886e-01 9.276170730590820312e-01 1.028089970350265503e-02 -7.525736093521118164e-01 3.904994130134582520e-01 1.594613492488861084e-01 3.283509314060211182e-01 -3.016296625137329102e-01 2.491113543510437012e-01 -1.372523009777069092e-01 3.848822116851806641e-01 3.015084564685821533e-01 1.490002572536468506e-01 1.502561867237091064e-01 4.037689566612243652e-01 1.033832788467407227e+00 -1.092468142509460449e+00 -2.491505742073059082e-01 -1.021232008934020996e-01 3.057726025581359863e-01 7.871274948120117188e-01 -5.563957691192626953e-01 -5.072811245918273926e-02 -1.470039635896682739e-01 -5.377870202064514160e-01 4.394464194774627686e-01 4.210554063320159912e-01 5.338981747627258301e-01 2.306443750858306885e-01 -1.234781220555305481e-01 4.640961885452270508e-01 4.119856357574462891e-01 -1.921013146638870239e-01
-1.291506588459014893e-01 3.648241162300109863e-01 -2.173460274934768677e-02 -1.118051186203956604e-01 1.904830187559127808e-01 -7.375228404998779297e-02 2.004955410957336426e-01 -2.926021814346313477e-01 -4.699770808219909668e-01 9.267690777778625488e-02 -5.517283082008361816e-01 -1.616727113723754883e-01 -2.484924644231796265e-01 3.947624266147613525e-01 -1.937365829944610596e-01 -8.475940227508544922e-01 -2.650366164743900299e-02 -1.885117590427398682e-01 -4.204278588294982910e-01 5.036377906799316406e-01 -2.524478435516357422e-01 7.351525127887725830e-04 1.298862993717193604e-01 5.378094911575317383e-01 2.314802706241607666e-01 -3.842562735080718994e-01 -2.353617250919342041e-01 -1.297939419746398926e-01 2.147901654243469238e-01 -6.306860446929931641e-01 2.426640093326568604e-01 3.860574364662170410e-01 5.908352881669998169e-02 2.141888439655303955e-01 4.202363491058349609e-01 1.891582608222961426e-01 2.646795511245727539e-01 -1.524089127779006958e-01 3.197924792766571045e-02 -5.063034892082214355e-01 5.609912276268005371e-01 -1.073400020599365234e+00 7.481203079223632812e-01 2.802775502204895020e-01 -1.291377842426300049e-01 -3.341699242591857910e-01 2.641897276043891907e-02 2.939036488533020020e-01 -1.040032744407653809e+00 1.562864780426025391e-01 -1.286433190107345581e-01 3.094936013221740723e-01 8.915501832962036133e-02 -1.422033458948135376e-01 1.357372403144836426e-01 2.123233973979949951e-01 5.778480768203735352e-01 7.779039144515991211e-01 -2.856719791889190674e-01 3.167285770177841187e-02 -3.380216956138610840e-01 -1.574743092060089111e-01 -4.352494776248931885e-01 5.524465441703796387e-02
-3.593716025352478027e-01 -3.300129175186157227e-01 5.102091282606124878e-02 -2.522674798965454102e-01 -3.783822059631347656e-03 -3.286995589733123779e-01 3.088968098163604736e-01 1.142873317003250122e-01 -1.753309965133666992e-01 9.587224721908569336e-01 -1.026513576507568359e+00 2.171978354454040527e-01 -2.110636383295059204e-01 4.880910217761993408e-01 2.455434203147888184e-01 2.233948744833469391e-02 4.450541436672210693e-01 2.737309634685516357e-01 -1.939125061035156250e-01 -1.122766956686973572e-01 4.773209691047668457e-01 -2.851871028542518616e-02 -6.666766405105590820e-01 -1.949878036975860596e-01 2.116919159889221191e-01 -4.084438979625701904e-01 3.079939186573028564e-01 5.408763885498046875e-02 -4.690372645854949951e-01 2.359335124492645264e-02 2.165795564651489258e-01 4.711037874221801758e-02 8.097731471061706543e-01 -7.212656736373901367e-02 -5.753720998764038086e-01 3.664243817329406738e-01 3.305839002132415771e-01 2.129066139459609985e-01 -4.161453247070312500e-01 7.106030732393264771e-02 -2.011431753635406494e-01 1.040115430951118469e-01 1.675185859203338623e-01 -1.647597998380661011e-01 1.798667460680007935e-01 2.513615489006042480e-01 9.675122499465942383e-01 -8.513677120208740234e-01 -3.653852641582489014e-01 -2.788514271378517151e-02 3.471417725086212158e-01 5.868107676506042480e-01 -5.827153325080871582e-01 -9.756202995777130127e-02 8.363880217075347900e-02 -5.430297255516052246e-01 3.583254516124725342e-01 5.293437838554382324e-01 4.669854640960693359e-01 3.302304446697235107e-01 -6.386730819940567017e-03 1.231400445103645325e-01 5.161772966384887695e-01 1.451146155595779419e-01
-3.400429189205169678e-01 -1.983030140399932861e-02 1.459320932626724243e-01 -3.482733666896820068e-01 1.026955395936965942e-01 -3.169156610965728760e-02 -4.709511995315551758e-03 5.469039082527160645e-03 -3.551496863365173340e-01 8.764687180519104004e-01 -9.396914243698120117e-01 1.160616576671600342e-01 1.812307536602020264e-01 6.183056831359863281e-01 2.558346390724182129e-01 -5.396905541419982910e-01 4.442752599716186523e-01 -2.810220122337341309e-01 -2.223230600357055664e-01 4.741284251213073730e-01 6.986030191183090210e-02 5.204391106963157654e-02 -3.322543799877166748e-01 3.698382973670959473e-01 1.759691685438156128e-01 -6.712066531181335449e-01 1.008483022451400757e-02 2.026811689138412476e-01 -1.896579861640930176e-01 -6.070739626884460449e-01 -4.085047170519828796e-02 1.099379658699035645e-01 6.466514468193054199e-01 2.708984017372131348e-01 -3.601686954498291016e-01 2.350677996873855591e-01 1.020636409521102905e-02 2.467693835496902466e-01 -6.695322692394256592e-02 1.196542009711265564e-02 1.023043468594551086e-01 -2.081149220466613770e-01 5.120212435722351074e-01 2.008666396141052246e-01 -1.233349088579416275e-02 1.671711802482604980e-01 7.299883365631103516e-01 -5.806204080581665039e-01 -6.860119700431823730e-01 1.882221251726150513e-01 2.722134590148925781e-01 7.492356896400451660e-01 -9.930433332920074463e-02 9.677265584468841553e-02 1.101380139589309692e-01 -2.435998916625976562e-01 5.449818372726440430e-01 6.147584319114685059e-01 3.322383463382720947e-01 7.389690726995468140e-02 -2.490890175104141235e-01 4.019938111305236816e-01 -1.430579870939254761e-01 -2.660102546215057373e-01
-2.453513443470001221e-01 3.001804351806640625e-01 -3.948077559471130371e-02 -3.824927657842636108e-02 9.034174680709838867e-02 -3.798446059226989746e-02 3.457197546958923340e-01 -2.880634069442749023e-01 -4.356470704078674316e-01 7.820162922143936157e-02 -5.116511583328247070e-01 -6.592474132776260376e-02 -4.055259823799133301e-01 2.957467138767242432e-01 -2.497584819793701172e-01 -7.839205265045166016e-01 -1.212530359625816345e-01 3.287574648857116699e-02 -4.767407774925231934e-01 2.608329951763153076e-01 -2.108806967735290527e-01 -6.683622300624847412e-02 -2.836220711469650269e-02 4.311501979827880859e-01 1.208960190415382385e-01 -2.258040308952331543e-01 -1.713737547397613525e-01 -2.049106508493423462e-01 1.020186692476272583e-01 -3.934868276119232178e-01 3.702809512615203857e-01 3.436282575130462646e-01 -9.548656642436981201e-02 3.742109239101409912e-02 4.119967222213745117e-01 1.607424914836883545e-01 3.713994920253753662e-01 -3.133362829685211182e-01 -2.492972463369369507e-02 -5.024623274803161621e-01 5.445480942726135254e-01 -1.032451868057250977e+00 6.988025307655334473e-01 2.905325889587402344e-01 3.798878565430641174e-02 -3.946257829666137695e-01 6.159892305731773376e-02 1.949868947267532349e-01 -1.042214274406433105e+00 -4.652751609683036804e-02 -1.721197813749313354e-01 2.051189392805099487e-01 -1.922248154878616333e-01 -2.074933499097824097e-01 5.730994045734405518e-02 1.153139322996139526e-01 4.805725216865539551e-01 6.223151683807373047e-01 -2.179849892854690552e-01 -8.041588217020034790e-02 -3.669989109039306641e-01 -1.410232633352279663e-01 -2.334074676036834717e-01 1.627028733491897583e-01
-4.744982421398162842e-01 -2.533438205718994141e-01 8.060567080974578857e-02 -1.721495389938354492e-01 -1.236297190189361572e-02 -3.540003299713134766e-01 3.063966631889343262e-01 1.592309325933456421e-01 -2.467225492000579834e-01 9.666941761970520020e-01 -1.055472493171691895e+00 2.568677663803100586e-01 -1.180665940046310425e-01 5.251404047012329102e-01 1.527211368083953857e-01 -9.162204712629318237e-02 3.971060812473297119e-01 1.890539526939392090e-01 -1.969239711761474609e-01 -8.359656482934951782e-02 4.934523999691009521e-01 -9.683887660503387451e-02 -6.822789907455444336e-01 -2.281600832939147949e-01 2.915680706501007080e-01 -3.628633320331573486e-01 2.895309627056121826e-01 -9.825572371482849121e-03 -3.217682540416717529e-01 1.989983022212982178e-03 2.921488881111145020e-01 1.986398547887802124e-02 7.439455389976501465e-01 -4.887887462973594666e-02 -5.328423380851745605e-01 3.017669320106506348e-01 2.220931053161621094e-01 3.063520789146423340e-01 -3.715358376502990723e-01 -4.168585315346717834e-02 -1.139543130993843079e-01 9.013653546571731567e-02 2.853726744651794434e-01 -8.891704678535461426e-02 2.932781279087066650e-01 1.735377460718154907e-01 8.594725728034973145e-01 -8.198970556259155273e-01 -3.765251040458679199e-01 -4.913117364048957825e-02 2.874827086925506592e-01 5.503444075584411621e-01 -5.764314532279968262e-01 -9.126402437686920166e-02 4.457519948482513428e-02 -5.388410687446594238e-01 3.807117044925689697e-01 5.448668599128723145e-01 4.731606841087341309e-01 2.648669481277465820e-01 5.959596484899520874e-03 1.309237778186798096e-01 4.084161818027496338e-01 1.884691566228866577e-01
-3.049336969852447510e-01 1.872188597917556763e-01 1.095899343490600586e-01 -2.992594540119171143e-01 2.466072291135787964e-01 2.054737880825996399e-03 -4.103094339370727539e-02 -2.031919509172439575e-01 -4.387206435203552246e-01 6.671385169029235840e-01 -8.319327235221862793e-01 1.408815383911132812e-02 9.003171324729919434e-02 7.112931013107299805e-01 2.579050958156585693e-01 -7.343737483024597168e-01 3.629471659660339355e-01 -3.065074682235717773e-01 -2.933083176612854004e-01 6.634755134582519531e-01 -2.569037675857543945e-01 9.424003958702087402e-02 -1.265314817428588867e-01 5.901843905448913574e-01 1.037873104214668274e-01 -7.099133729934692383e-01 -7.613676041364669800e-02 1.992961913347244263e-01 -2.397842332720756531e-02 -6.926867961883544922e-01 -1.648062095046043396e-02 1.512502580881118774e-01 5.456017851829528809e-01 3.016985654830932617e-01 -1.390727460384368896e-01 1.320725977420806885e-01 8.495902270078659058e-02 9.232053160667419434e-02 -2.805707603693008423e-02 -1.431821882724761963e-01 4.292300343513488770e-01 -5.062918663024902344e-01 6.304556727409362793e-01 3.110557198524475098e-01 -1.625385880470275879e-01 5.806793272495269775e-02 5.793763399124145508e-01 -2.885200381278991699e-01 -8.015791773796081543e-01 1.978910565376281738e-01 2.505438923835754395e-01 6.709253191947937012e-01 2.148870378732681274e-03 1.055777072906494141e-02 2.401300519704818726e-02 -2.109131962060928345e-02 5.981143712997436523e-01 6.846117973327636719e-01 2.514182403683662415e-02 8.487560600042343140e-02 -3.799106478691101074e-01 1.909682452678680420e-01 -4.062344133853912354e-01 -3.561313450336456299e-01
-3.472535610198974609e-01 -1.761137545108795166e-01 1.591411381959915161e-01 -2.175725102424621582e-01 7.329303026199340820e-02 -3.495620191097259521e-01 2.566266953945159912e-01 9.197059273719787598e-02 -2.420870959758758545e-01 9.553833603858947754e-01 -1.010609984397888184e+00 1.012877598404884338e-01 -3.509305045008659363e-02 5.306756496429443359e-01 6.326752901077270508e-02 -1.278279721736907959e-01 4.209187626838684082e-01 6.297981739044189453e-02 -2.677472829818725586e-01 1.336630731821060181e-01 4.980245828628540039e-01 4.163851961493492126e-02 -4.806426167488098145e-01 7.463172078132629395e-03 3.470727801322937012e-01 -5.021550059318542480e-01 2.425699532032012939e-01 3.629355132579803467e-02 -3.135950565338134766e-01 -1.711507737636566162e-01 1.645092368125915527e-01 4.776634275913238525e-02 7.115790843963623047e-01 1.787736713886260986e-01 -5.127937197685241699e-01 2.901838421821594238e-01 2.429310083389282227e-01 3.926634788513183594e-01 -2.594069242477416992e-01 -9.978675842285156250e-02 -9.608473628759384155e-02 -1.661860942840576172e-01 1.697183996438980103e-01 -6.374593079090118408e-02 1.446989625692367554e-01 2.408251315355300903e-01 8.028627634048461914e-01 -7.007356882095336914e-01 -4.845434427261352539e-01 5.114328116178512573e-03 3.245545625686645508e-01 6.157046556472778320e-01 -3.256989717483520508e-01 -4.624263942241668701e-02 1.390198022127151489e-01 -5.056228041648864746e-01 4.267566800117492676e-01 6.521134972572326660e-01 4.527645409107208252e-01 3.071616888046264648e-01 -6.281023472547531128e-02 1.495932340621948242e-01 1.357332170009613037e-01 1.777074187994003296e-01
-6.395596265792846680e-02 2.872428894042968750e-01 5.844756960868835449e-04 -2.205526530742645264e-01 1.427395790815353394e-01 -1.655854135751724243e-01 1.473008394241333008e-01 -2.558540403842926025e-01 -4.889342486858367920e-01 2.184449732303619385e-01 -5.993461608886718750e-01 -1.356043517589569092e-01 -2.087385505437850952e-01 4.920662939548492432e-01 -2.918982505798339844e-02 -7.600495815277099609e-01 6.186360120773315430e-02 -1.438247561454772949e-01 -4.245727658271789551e-01 4.778926968574523926e-01 -2.973851859569549561e-01 7.421159744262695312e-02 9.442304819822311401e-02 5.198944807052612305e-01 1.417302489280700684e-01 -5.172454118728637695e-01 -1.211840882897377014e-01 -8.650545775890350342e-02 1.999252885580062866e-01 -5.537050366401672363e-01 1.050891727209091187e-01 3.565605282783508301e-01 1.566935628652572632e-01 2.420577406883239746e-01 2.661119997501373291e-01 1.216212585568428040e-01 2.104679048061370850e-01 -1.120172515511512756e-01 8.351950347423553467e-02 -4.418170154094696045e-01 5.964728593826293945e-01 -8.783390522003173828e-01 5.953934192657470703e-01 2.311813831329345703e-01 -1.793396621942520142e-01 -2.186292111873626709e-01 2.513642907142639160e-01 1.621883064508438110e-01 -9.872059226036071777e-01 1.096308082342147827e-01 5.761173367500305176e-02 4.044283628463745117e-01 4.756206646561622620e-02 -7.984556257724761963e-02 1.120789498090744019e-01 1.191120669245719910e-01 5.972972512245178223e-01 7.663409709930419922e-01 -1.625983864068984985e-01 7.269056886434555054e-02 -3.781827986240386963e-01 -1.751213967800140381e-01 -4.868443012237548828e-01 5.716997012495994568e-02
-2.735158205032348633e-01 1.724205911159515381e-03 -1.410801708698272705e-02 -7.179928570985794067e-02 5.996462702751159668e-02 -3.203402459621429443e-01 3.510190248489379883e-01 -2.463336288928985596e-02 -3.138695061206817627e-01 5.543333292007446289e-01 -8.357065320014953613e-01 -4.573911428451538086e-04 -3.251947164535522461e-01 4.443140327930450439e-01 -2.245150506496429443e-03 -2.630968987941741943e-01 1.908312588930130005e-01 9.590125083923339844e-02 -4.359200000762939453e-01 8.027127012610435486e-03 2.281481027603149414e-01 -5.930937454104423523e-02 -2.742299139499664307e-01 4.567649960517883301e-02 2.628366053104400635e-01 -3.950475454330444336e-01 1.593819558620452881e-01 -6.733678281307220459e-02 -1.654402762651443481e-01 -2.070863544940948486e-01 3.110821545124053955e-01 1.496656537055969238e-01 5.553272366523742676e-01 2.244430035352706909e-02 -1.473511755466461182e-01 2.497992217540740967e-01 3.239864706993103027e-01 3.055293858051300049e-02 -3.623986840248107910e-01 -2.445697039365768433e-01 1.187062412500381470e-01 -4.521178603172302246e-01 4.173837304115295410e-01 -4.268556833267211914e-02 1.941842287778854370e-01 -1.045942753553390503e-01 5.641742348670959473e-01 -3.892648220062255859e-01 -6.520134806632995605e-01 7.941851019859313965e-02 1.579870581626892090e-01 4.380418658256530762e-01 -3.109636902809143066e-01 -1.189015656709671021e-01 1.228132694959640503e-01 -3.112604916095733643e-01 5.288990736007690430e-01 6.992149949073791504e-01 1.432229280471801758e-01 1.344198882579803467e-01 -1.592746376991271973e-01 -2.574800699949264526e-02 1.542369723320007324e-01 3.135216832160949707e-01
-3.069120049476623535e-01 1.477164775133132935e-01 1.144662499427795410e-03 -1.111834570765495300e-01 2.148462980985641479e-01 -5.897132679820060730e-03 6.183074042201042175e-02 -2.604084312915802002e-01 -3.875331580638885498e-01 4.796653389930725098e-01 -7.934888601303100586e-01 -3.673212975263595581e-02 -1.687300354242324829e-01 5.637561082839965820e-01 1.049262285232543945e-01 -5.748856067657470703e-01 2.550013363361358643e-01 -1.763180792331695557e-01 -4.112259447574615479e-01 4.458077549934387207e-01 -1.727984845638275146e-01 -3.529189899563789368e-02 -1.431567966938018799e-01 4.296396374702453613e-01 1.563735455274581909e-01 -6.227851510047912598e-01 -1.387784481048583984e-01 6.452549993991851807e-02 -4.380335286259651184e-02 -5.720831155776977539e-01 1.380845159292221069e-01 2.095676809549331665e-01 4.006194174289703369e-01 2.356745302677154541e-01 -6.652981787919998169e-02 1.311182826757431030e-01 2.532843947410583496e-01 -6.038904935121536255e-02 -1.238857507705688477e-01 -2.811877131462097168e-01 3.839295506477355957e-01 -6.845595240592956543e-01 6.916205883026123047e-01 2.812171578407287598e-01 3.910874575376510620e-02 1.273402571678161621e-02 3.917319774627685547e-01 -1.953107565641403198e-01 -8.025063276290893555e-01 2.083969414234161377e-01 9.265995025634765625e-02 5.830482840538024902e-01 -4.893723130226135254e-02 -2.884864807128906250e-05 1.867871135473251343e-01 -8.210524171590805054e-02 5.980066657066345215e-01 7.489126324653625488e-01 -1.373772695660591125e-02 2.974396198987960815e-02 -3.335232436656951904e-01 1.399790942668914795e-01 -1.847698986530303955e-01 -7.750917971134185791e-02
-1.376912146806716919e-01 3.507185578346252441e-01 7.291136682033538818e-02 -1.007846370339393616e-01 2.451841682195663452e-01 -5.170023068785667419e-03 1.247362345457077026e-01 -3.952752649784088135e-01 -5.908021926879882812e-01 4.068961739540100098e-02 -4.498800635337829590e-01 -1.713161766529083252e-01 -2.106602936983108521e-01 3.362393081188201904e-01 -2.425477206707000732e-01 -1.030857324600219727e+00 -3.896537423133850098e-02 -2.246264219284057617e-01 -4.168379306793212891e-01 6.331124901771545410e-01 -3.919632136821746826e-01 4.450622946023941040e-03 2.346960008144378662e-01 7.293896675109863281e-01 2.084593176841735840e-01 -4.435060024261474609e-01 -3.858813941478729248e-01 -1.024169400334358215e-01 3.144661188125610352e-01 -6.338149309158325195e-01 1.845052242279052734e-01 4.898194074630737305e-01 -1.402058899402618408e-01 2.683195471763610840e-01 6.003756523132324219e-01 1.802905946969985962e-01 2.756118774414062500e-01 -1.170142889022827148e-01 1.372944116592407227e-01 -5.679107904434204102e-01 6.737982034683227539e-01 -1.264298081398010254e+00 7.716831564903259277e-01 3.761805295944213867e-01 -2.375297993421554565e-01 -3.385466337203979492e-01 -2.593443170189857483e-02 3.858430385589599609e-01 -1.158539533615112305e+00 1.739622056484222412e-01 -8.540274202823638916e-02 2.504751384258270264e-01 1.885925829410552979e-01 -2.073706835508346558e-01 2.388676851987838745e-01 3.450830876827239990e-01 5.575909018516540527e-01 7.826505899429321289e-01 -3.596427142620086670e-01 6.344773620367050171e-02 -3.194836378097534180e-01 -1.803526878356933594e-01 -6.421012878417968750e-01 -6.456017494201660156e-02
-4.812175333499908447e-01 -1.932471692562103271e-01 1.058326512575149536e-01 -2.299968004226684570e-01 1.158623695373535156e-01 -2.350533157587051392e-01 1.814711093902587891e-01 7.592335343360900879e-02 -2.057309597730636597e-01 9.660764932632446289e-01 -1.004946231842041016e+00 3.036898076534271240e-01 -1.465840265154838562e-02 6.173262596130371094e-01 2.648424506187438965e-01 -2.958180308341979980e-01 4.498764574527740479e-01 1.283912658691406250e-01 -2.242240309715270996e-01 6.397414952516555786e-02 3.014438450336456299e-01 -1.005273908376693726e-01 -6.769779920578002930e-01 -8.962947130203247070e-02 2.381358742713928223e-01 -4.892618060111999512e-01 2.452130019664764404e-01 1.560226827859878540e-01 -5.305927991867065430e-01 -1.241242364048957825e-01 1.584477871656417847e-01 -5.154459178447723389e-02 8.607134222984313965e-01 6.135247647762298584e-03 -5.721526741981506348e-01 3.085592985153198242e-01 2.543547749519348145e-01 1.280520707368850708e-01 -3.417184948921203613e-01 1.330651491880416870e-01 2.124688774347305298e-02 7.457396388053894043e-02 3.754394352436065674e-01 8.702403306961059570e-02 1.728179454803466797e-01 2.261276394128799438e-01 9.081831574440002441e-01 -8.763422369956970215e-01 -4.188163876533508301e-01 -3.551695123314857483e-02 3.490872383117675781e-01 5.957816839218139648e-01 -4.440066218376159668e-01 -7.125055789947509766e-02 -9.441350400447845459e-02 -4.459557533264160156e-01 5.144502520561218262e-01 5.062958002090454102e-01 3.586321473121643066e-01 1.679899394512176514e-01 -1.966899931430816650e-01 3.762785196304321289e-01 2.932428419589996338e-01 -5.776244774460792542e-02
-3.787855207920074463e-01 5.581572651863098145e-03 1.495592296123504639e-01 -1.454563736915588379e-01 1.581267565488815308e-01 -1.405195295810699463e-01 1.609994769096374512e-01 -7.601861655712127686e-02 -2.620665729045867920e-01 7.884076237678527832e-01 -9.422035813331604004e-01 4.336736351251602173e-02 -3.838948905467987061e-04 5.657581090927124023e-01 1.032474637031555176e-01 -4.195127189159393311e-01 3.288851678371429443e-01 -6.736594438552856445e-02 -3.397057950496673584e-01 3.331688046455383301e-01 2.167154848575592041e-01 -1.675795391201972961e-02 -4.126388132572174072e-01 1.967825442552566528e-01 2.375161647796630859e-01 -5.344271659851074219e-01 9.999296814203262329e-02 5.696089565753936768e-02 -2.157796919345855713e-01 -3.461385071277618408e-01 1.940297782421112061e-01 6.342436373233795166e-02 5.999054908752441406e-01 1.901126503944396973e-01 -3.336872160434722900e-01 2.297369241714477539e-01 1.930560767650604248e-01 2.163743227720260620e-01 -2.019240856170654297e-01 -1.486749351024627686e-01 1.414492726325988770e-01 -3.505926430225372314e-01 4.749368429183959961e-01 9.270345419645309448e-02 1.168191134929656982e-01 7.096716761589050293e-02 6.040750145912170410e-01 -4.958986043930053711e-01 -6.751455664634704590e-01 9.204861521720886230e-02 2.083818316459655762e-01 5.978908538818359375e-01 -2.348807305097579956e-01 2.519950270652770996e-02 7.635991275310516357e-02 -2.650161981582641602e-01 4.815826416015625000e-01 6.438702344894409180e-01 1.978875696659088135e-01 1.518956124782562256e-01 -1.892077624797821045e-01 2.615744471549987793e-01 1.122707035392522812e-02 1.482896134257316589e-02
-3.607282638549804688e-01 4.615451395511627197e-02 1.577249616384506226e-01 -2.513354718685150146e-01 1.844099313020706177e-01 -1.097889095544815063e-01 1.515865325927734375e-02 -8.909777551889419556e-02 -3.626902401447296143e-01 7.575227022171020508e-01 -9.088236093521118164e-01 6.454207003116607666e-02 6.173267588019371033e-02 6.458435058593750000e-01 1.563725918531417847e-01 -4.201184809207916260e-01 3.860894441604614258e-01 -1.966695487499237061e-01 -3.461128175258636475e-01 3.647542893886566162e-01 2.349206060171127319e-02 4.169667884707450867e-02 -2.446720600128173828e-01 3.306230902671813965e-01 2.397788166999816895e-01 -7.534294128417968750e-01 -9.217709302902221680e-03 1.036192029714584351e-01 -9.690433740615844727e-02 -4.585463702678680420e-01 -1.059809047728776932e-02 1.845841854810714722e-01 5.907806158065795898e-01 3.278397321701049805e-01 -3.689305186271667480e-01 1.393402516841888428e-01 1.813682019710540771e-01 2.195429652929306030e-01 -7.749140262603759766e-02 -1.573132872581481934e-01 2.235200703144073486e-01 -3.958303034305572510e-01 4.406267404556274414e-01 1.683905124664306641e-01 4.368551820516586304e-02 2.061379104852676392e-01 6.469405889511108398e-01 -4.025680422782897949e-01 -6.614141464233398438e-01 1.496068686246871948e-01 2.819374203681945801e-01 6.330655813217163086e-01 -8.795534819364547729e-02 8.662776648998260498e-02 1.681587249040603638e-01 -2.668020129203796387e-01 6.131458282470703125e-01 7.663183212280273438e-01 2.551748752593994141e-01 1.036704406142234802e-01 -2.638966739177703857e-01 2.443721592426300049e-01 -1.778426617383956909e-01 -8.085402846336364746e-02
-5.585963129997253418e-01 -3.021430969238281250e-01 8.140674233436584473e-02 -2.897373437881469727e-01 5.437049269676208496e-02 -1.808434277772903442e-01 1.629676520824432373e-01 1.376240551471710205e-01 -9.589524567127227783e-02 1.148209452629089355e+00 -1.112892985343933105e+00 3.668007552623748779e-01 8.564709126949310303e-02 5.348038673400878906e-01 3.506634235382080078e-01 -9.988716989755630493e-02 5.124028325080871582e-01 1.100532710552215576e-01 -1.759992837905883789e-01 -4.067106172442436218e-02 4.130011200904846191e-01 -4.562896117568016052e-02 -7.679201364517211914e-01 -1.966846585273742676e-01 2.432668209075927734e-01 -3.947713971138000488e-01 3.509793877601623535e-01 1.825199574232101440e-01 -5.490555167198181152e-01 -1.232341900467872620e-01 7.897140085697174072e-02 -1.195713877677917480e-01 9.218547940254211426e-01 -4.684067517518997192e-02 -6.401355862617492676e-01 3.781333565711975098e-01 1.626824736595153809e-01 3.083743453025817871e-01 -3.787254095077514648e-01 2.231194227933883667e-01 -2.361839413642883301e-01 3.165550529956817627e-01 3.003388047218322754e-01 5.055962502956390381e-02 1.620746850967407227e-01 3.544017672538757324e-01 9.702731370925903320e-01 -1.069429397583007812e+00 -2.859838008880615234e-01 -5.604207888245582581e-02 2.583265304565429688e-01 7.175917625427246094e-01 -5.435004234313964844e-01 -7.506608963012695312e-02 -5.652190744876861572e-02 -5.324865579605102539e-01 4.030333161354064941e-01 4.332758486270904541e-01 5.535028576850891113e-01 2.704058885574340820e-01 -7.755289971828460693e-02 3.654223084449768066e-01 4.396935403347015381e-01 -1.088184267282485962e-01
-5.259713530540466309e-01 -2.334314435720443726e-01 1.437052786350250244e-01 -2.605080008506774902e-01 6.090220808982849121e-02 -2.350380867719650269e-01 6.443560123443603516e-02 1.855913698673248291e-01 -1.522896289825439453e-01 1.221855401992797852e+00 -1.128082275390625000e+00 3.421362042427062988e-01 2.700465321540832520e-01 6.378760337829589844e-01 3.515132069587707520e-01 -2.128075063228607178e-01 5.362186431884765625e-01 5.410243570804595947e-02 -1.383808553218841553e-01 1.398968547582626343e-01 4.018535614013671875e-01 2.837735041975975037e-02 -7.550630569458007812e-01 -1.279862821102142334e-01 3.292339444160461426e-01 -5.051334500312805176e-01 2.673848271369934082e-01 1.888907998800277710e-01 -5.437816977500915527e-01 -1.632647812366485596e-01 -3.768187947571277618e-03 -1.482955068349838257e-01 9.784201979637145996e-01 1.211172267794609070e-01 -7.400128245353698730e-01 3.106254935264587402e-01 1.093657836318016052e-01 4.284846484661102295e-01 -2.838121056556701660e-01 2.005036175251007080e-01 -1.181583777070045471e-01 2.388594448566436768e-01 2.878623902797698975e-01 2.287387847900390625e-03 1.372506618499755859e-01 3.432121872901916504e-01 9.517146348953247070e-01 -9.613350629806518555e-01 -3.070001900196075439e-01 -3.407960012555122375e-02 3.245693445205688477e-01 6.723158359527587891e-01 -4.024695754051208496e-01 8.433684706687927246e-03 -6.663501262664794922e-02 -4.414766430854797363e-01 4.313901662826538086e-01 5.057519674301147461e-01 5.112363100051879883e-01 2.047654092311859131e-01 -9.099455177783966064e-02 4.555114507675170898e-01 2.539254724979400635e-01 -1.180901974439620972e-01
-3.643281385302543640e-02 2.646355032920837402e-01 -5.365398526191711426e-02 -4.012147337198257446e-02 3.766832500696182251e-02 -2.471006661653518677e-01 3.682346045970916748e-01 -3.028175234794616699e-01 -4.616669416427612305e-01 -3.884156048297882080e-02 -5.027155280113220215e-01 -2.660782337188720703e-01 -4.490634799003601074e-01 2.006640732288360596e-01 -4.242531359195709229e-01 -6.308151483535766602e-01 -2.006072252988815308e-01 4.398454725742340088e-02 -4.982351064682006836e-01 2.368189841508865356e-01 -3.450137376785278320e-02 -3.965076431632041931e-02 1.655274033546447754e-01 4.074933826923370361e-01 2.854437828063964844e-01 -3.164654672145843506e-01 -1.925526559352874756e-01 -3.094841837882995605e-01 2.660525143146514893e-01 -3.440470397472381592e-01 3.119595348834991455e-01 4.091029167175292969e-01 -1.124291568994522095e-01 1.542098522186279297e-01 4.843837916851043701e-01 1.862497329711914062e-01 3.892139494419097900e-01 -1.529609411954879761e-01 1.529666781425476074e-02 -6.921202540397644043e-01 4.738179445266723633e-01 -1.177179217338562012e+00 5.251049995422363281e-01 9.734092652797698975e-02 -4.626338370144367218e-03 -4.008806347846984863e-01 -4.836240038275718689e-02 3.533764481544494629e-01 -1.077734589576721191e+00 1.115949600934982300e-01 -1.615956276655197144e-01 1.814858764410018921e-01 2.958492934703826904e-02 -1.816913932561874390e-01 3.707963228225708008e-01 1.491190791130065918e-01 4.863003492355346680e-01 8.220745325088500977e-01 -2.582987844944000244e-01 8.899756520986557007e-02 -2.653163373470306396e-01 -3.841465115547180176e-01 -2.793568670749664307e-01 4.518846571445465088e-01
-4.477089941501617432e-01 -4.270792603492736816e-01 1.134407520294189453e-01 -3.229744732379913330e-01 -3.661364316940307617e-02 -3.144496381282806396e-01 3.226000070571899414e-01 1.610415130853652954e-01 -1.626712977886199951e-01 1.045770406723022461e+00 -1.103698611259460449e+00 2.862513363361358643e-01 -1.188548058271408081e-01 4.596775472164154053e-01 2.809907793998718262e-01 -1.654829829931259155e-04 4.741528332233428955e-01 2.614021301269531250e-01 -1.736438274383544922e-01 -1.380535811185836792e-01 5.883088707923889160e-01 -4.477537050843238831e-02 -7.174956202507019043e-01 -2.285592257976531982e-01 1.736602485179901123e-01 -4.004362225532531738e-01 3.360937833786010742e-01 1.151102930307388306e-01 -5.599912405014038086e-01 4.321770370006561279e-02 1.260114759206771851e-01 -2.990354597568511963e-02 9.521655440330505371e-01 -1.314432024955749512e-01 -5.743345618247985840e-01 4.191821217536926270e-01 3.695887029170989990e-01 2.195887565612792969e-01 -4.345911145210266113e-01 9.110106527805328369e-02 -2.266884744167327881e-01 1.939189136028289795e-01 1.461330056190490723e-01 -1.089879423379898071e-01 1.532220840454101562e-01 2.630144357681274414e-01 1.021682739257812500e+00 -1.003157138824462891e+00 -2.957262992858886719e-01 -1.353574246168136597e-01 3.949241936206817627e-01 6.197808384895324707e-01 -5.750620961189270020e-01 -1.264772862195968628e-01 2.663818001747131348e-02 -5.952838659286499023e-01 3.855653405189514160e-01 4.820710122585296631e-01 4.384465813636779785e-01 3.440030217170715332e-01 -1.367245241999626160e-02 2.532518506050109863e-01 5.797616839408874512e-01 1.184802502393722534e-01
-2.959998250007629395e-01 2.117583602666854858e-01 6.464973092079162598e-02 -7.640638202428817749e-02 1.611320078372955322e-01 -8.857727050781250000e-02 1.121917217969894409e-01 -2.049449682235717773e-01 -3.361440002918243408e-01 5.039494037628173828e-01 -7.771120071411132812e-01 -7.656284421682357788e-02 -1.246149688959121704e-01 5.412236452102661133e-01 -1.569345593452453613e-02 -6.010388731956481934e-01 2.358110547065734863e-01 -1.512600183486938477e-01 -4.777742624282836914e-01 3.475675582885742188e-01 -9.306421130895614624e-02 3.418468311429023743e-02 -1.227964386343955994e-01 3.674386441707611084e-01 2.505301535129547119e-01 -4.516571462154388428e-01 -6.855250149965286255e-02 5.024470388889312744e-03 -9.397439658641815186e-03 -5.237247347831726074e-01 1.483578532934188843e-01 1.879844963550567627e-01 2.684627175331115723e-01 2.495505809783935547e-01 1.222711056470870972e-02 1.903230547904968262e-01 2.331840693950653076e-01 6.956537067890167236e-02 -7.640701532363891602e-02 -3.771617114543914795e-01 3.880113959312438965e-01 -7.312716841697692871e-01 6.431170105934143066e-01 2.686980366706848145e-01 6.566349416971206665e-02 -5.821910500526428223e-02 3.258284330368041992e-01 -1.801451593637466431e-01 -8.747583031654357910e-01 1.256384700536727905e-01 -3.810317814350128174e-02 4.988135099411010742e-01 -1.052234619855880737e-01 -6.242786347866058350e-02 1.620777696371078491e-01 -6.594317406415939331e-02 5.110651850700378418e-01 7.156655788421630859e-01 -1.456485316157341003e-02 7.384090870618820190e-02 -2.446556240320205688e-01 4.043670743703842163e-02 -2.737958431243896484e-01 4.494734853506088257e-02
-3.130487501621246338e-01 -2.092920243740081787e-01 1.365396976470947266e-01 -3.564489781856536865e-01 1.225794255733489990e-01 -2.123602777719497681e-01 4.550882428884506226e-02 7.249993085861206055e-02 -2.698792219161987305e-01 9.684485197067260742e-01 -9.943879842758178711e-01 1.481392383575439453e-01 1.318259835243225098e-01 6.444932222366333008e-01 3.136870861053466797e-01 -3.368557989597320557e-01 5.158691406250000000e-01 -2.093234658241271973e-02 -1.598038375377655029e-01 2.539794743061065674e-01 2.911064922809600830e-01 9.828700125217437744e-02 -5.102990865707397461e-01 8.827614039182662964e-02 1.887256205081939697e-01 -6.159018278121948242e-01 1.344074308872222900e-01 2.412800341844558716e-01 -5.206398963928222656e-01 -3.118347823619842529e-01 -9.822712838649749756e-02 -1.467162370681762695e-02 9.080975651741027832e-01 1.897826790809631348e-01 -5.736427307128906250e-01 3.068799078464508057e-01 2.502381801605224609e-01 1.793390661478042603e-01 -1.936494261026382446e-01 9.051497280597686768e-02 4.514246433973312378e-02 -5.017454922199249268e-02 2.578997611999511719e-01 6.304623931646347046e-02 -8.436912298202514648e-02 2.548136711120605469e-01 8.457458019256591797e-01 -8.182836771011352539e-01 -4.528167843818664551e-01 -5.970556288957595825e-03 3.578936755657196045e-01 6.782801151275634766e-01 -2.431133836507797241e-01 -1.880960166454315186e-02 1.959837973117828369e-02 -3.214170634746551514e-01 4.792541861534118652e-01 5.669494271278381348e-01 3.416174948215484619e-01 2.058153152465820312e-01 -1.986442059278488159e-01 4.393007755279541016e-01 1.238055974245071411e-01 -1.486788839101791382e-01
-1.382054239511489868e-01 1.757886558771133423e-01 -6.627675890922546387e-02 -1.398571431636810303e-01 1.828248649835586548e-01 -6.511081010103225708e-02 3.437688052654266357e-01 -3.429832756519317627e-01 -4.223358929157257080e-01 1.585922986268997192e-01 -4.731875658035278320e-01 -9.356210380792617798e-02 -4.025272130966186523e-01 2.556466758251190186e-01 -1.916633248329162598e-01 -7.875484228134155273e-01 -8.010536432266235352e-02 -3.283496201038360596e-02 -4.512573480606079102e-01 3.257692754268646240e-01 -1.941187977790832520e-01 -5.349932238459587097e-02 -5.454845726490020752e-02 4.374776780605316162e-01 1.262170523405075073e-01 -1.724377572536468506e-01 -7.418033480644226074e-02 -1.571560651063919067e-01 9.010732173919677734e-05 -4.064547717571258545e-01 3.882270455360412598e-01 2.978075444698333740e-01 1.056881900876760483e-02 -6.571718305349349976e-02 4.454647302627563477e-01 4.029164016246795654e-01 3.676503896713256836e-01 -3.928689062595367432e-01 -1.043568253517150879e-01 -3.564879298210144043e-01 5.388631820678710938e-01 -9.378247857093811035e-01 7.033112645149230957e-01 3.237102031707763672e-01 -1.449006944894790649e-01 -4.527943730354309082e-01 1.315473765134811401e-01 7.274617254734039307e-02 -1.037982940673828125e+00 -3.459236398339271545e-02 -1.420177370309829712e-01 2.759630680084228516e-01 -6.590612232685089111e-02 -3.546679615974426270e-01 -7.697445899248123169e-02 2.188268303871154785e-01 5.082513093948364258e-01 4.730336368083953857e-01 -2.507530450820922852e-01 -3.078967332839965820e-02 -3.340744078159332275e-01 -3.056927025318145752e-02 -1.915286928415298462e-01 3.140523657202720642e-02
-3.391221165657043457e-01 -9.719397872686386108e-02 6.726323068141937256e-02 -1.722540855407714844e-01 1.352360695600509644e-01 -2.224752604961395264e-01 2.167133092880249023e-01 -1.573581993579864502e-02 -3.492493927478790283e-01 7.846072316169738770e-01 -9.474979639053344727e-01 8.540547639131546021e-02 -1.618327498435974121e-01 5.472310781478881836e-01 1.003524214029312134e-01 -3.064912855625152588e-01 3.301944434642791748e-01 -5.096003413200378418e-03 -2.876104116439819336e-01 1.974911242723464966e-01 2.498690485954284668e-01 -5.304843559861183167e-02 -4.340364038944244385e-01 1.175735369324684143e-01 2.513943910598754883e-01 -5.024181604385375977e-01 1.240114793181419373e-01 3.307731449604034424e-02 -2.921088635921478271e-01 -2.997111976146697998e-01 2.481705695390701294e-01 1.400341391563415527e-01 6.922057867050170898e-01 9.596037119626998901e-02 -3.482718467712402344e-01 2.768575549125671387e-01 2.575958669185638428e-01 1.036692485213279724e-01 -2.852783203125000000e-01 -1.022630482912063599e-01 5.048360675573348999e-02 -2.912692427635192871e-01 4.365985989570617676e-01 2.378557622432708740e-02 1.039722487330436707e-01 8.596409857273101807e-02 7.469087839126586914e-01 -5.737277269363403320e-01 -6.151871085166931152e-01 9.793660044670104980e-02 2.966895699501037598e-01 6.076413393020629883e-01 -2.709239721298217773e-01 -5.279484391212463379e-02 6.477661430835723877e-02 -3.785599470138549805e-01 4.996205568313598633e-01 6.047699451446533203e-01 2.714808285236358643e-01 1.447715163230895996e-01 -1.445595473051071167e-01 2.035652101039886475e-01 1.442341655492782593e-01 3.695185855031013489e-02
-6.003010645508766174e-02 3.093246221542358398e-01 3.116799890995025635e-02 -1.733815968036651611e-01 1.485130041837692261e-01 -7.245366275310516357e-02 2.231492102146148682e-01 -3.175927996635437012e-01 -5.830158591270446777e-01 7.129934430122375488e-02 -4.577416777610778809e-01 -2.276406288146972656e-01 -2.552445828914642334e-01 3.335539698600769043e-01 -2.728109955787658691e-01 -9.693792462348937988e-01 -5.353650078177452087e-02 -2.311635017395019531e-01 -3.634780645370483398e-01 6.361007690429687500e-01 -2.605509757995605469e-01 5.607230588793754578e-02 2.010430395603179932e-01 7.127894163131713867e-01 1.954316943883895874e-01 -4.053178727626800537e-01 -2.757455110549926758e-01 -1.359300017356872559e-01 2.659112513065338135e-01 -6.431615352630615234e-01 2.439002692699432373e-01 4.283680915832519531e-01 -4.777862131595611572e-02 2.295670509338378906e-01 5.520839691162109375e-01 2.145740091800689697e-01 1.939096152782440186e-01 -1.108717918395996094e-01 1.518394500017166138e-01 -5.144575238227844238e-01 6.185632348060607910e-01 -1.185276150703430176e+00 7.009148597717285156e-01 3.041972517967224121e-01 -2.652529776096343994e-01 -3.706508874893188477e-01 4.062596336007118225e-02 3.843941688537597656e-01 -1.125562310218811035e+00 1.443808376789093018e-01 -4.162483662366867065e-02 3.209908604621887207e-01 2.408682852983474731e-01 -1.886622160673141479e-01 1.572473943233489990e-01 2.639798521995544434e-01 5.599198937416076660e-01 7.556741237640380859e-01 -2.868485748767852783e-01 7.794191688299179077e-02 -3.338939547538757324e-01 -2.160652428865432739e-01 -5.909519195556640625e-01 1.530032232403755188e-02
-2.087780535221099854e-01 1.421235650777816772e-01 2.403011173009872437e-02 -1.527054905891418457e-01 1.388010531663894653e-01 -9.701205790042877197e-02 1.637756973505020142e-01 -1.912095546722412109e-01 -4.692776501178741455e-01 3.789617419242858887e-01 -7.240874767303466797e-01 -1.110769882798194885e-01 -2.210715860128402710e-01 5.114402770996093750e-01 3.771544992923736572e-02 -6.252499222755432129e-01 1.592236012220382690e-01 -1.602429151535034180e-01 -3.620351254940032959e-01 3.771456778049468994e-01 -1.025727316737174988e-01 6.703923642635345459e-02 -1.245211586356163025e-01 4.019485712051391602e-01 1.074449047446250916e-01 -4.823569655418395996e-01 -7.522099465131759644e-02 -1.383489370346069336e-02 -2.016648277640342712e-02 -5.017616152763366699e-01 1.518811434507369995e-01 2.613177597522735596e-01 3.761531412601470947e-01 1.711938977241516113e-01 9.311354160308837891e-02 1.792380213737487793e-01 2.595183253288269043e-01 -7.800554484128952026e-02 -6.631401181221008301e-02 -3.538350462913513184e-01 4.178355038166046143e-01 -7.474521398544311523e-01 6.144790053367614746e-01 2.119893580675125122e-01 -1.058333739638328552e-01 -1.757818460464477539e-01 3.638693094253540039e-01 -1.077156364917755127e-01 -8.455729484558105469e-01 5.988043174147605896e-02 1.069095432758331299e-01 4.837324917316436768e-01 -1.046201884746551514e-01 -9.239371120929718018e-02 7.990069687366485596e-02 -3.515522927045822144e-02 5.097450613975524902e-01 6.953871250152587891e-01 -5.565818026661872864e-02 8.590968698263168335e-02 -2.546086907386779785e-01 2.193603664636611938e-02 -2.113197892904281616e-01 2.310558408498764038e-02
-1.813026070594787598e-01 1.807556301355361938e-01 8.836573362350463867e-02 -1.698508262634277344e-01 2.045935839414596558e-01 -1.832662671804428101e-01 7.071483880281448364e-02 -1.349775493144989014e-01 -3.875190913677215576e-01 5.381448268890380859e-01 -8.355300426483154297e-01 -3.655175119638442993e-02 -3.992933779954910278e-03 5.837197303771972656e-01 4.966638237237930298e-02 -6.316984295845031738e-01 2.668603360652923584e-01 -2.135715186595916748e-01 -3.977991938591003418e-01 5.072541236877441406e-01 -5.455137044191360474e-02 6.081756576895713806e-02 -1.604519188404083252e-01 3.697514533996582031e-01 2.299000918865203857e-01 -5.940240621566772461e-01 -6.545532494783401489e-02 -2.192668616771697998e-02 9.109150618314743042e-02 -5.536209940910339355e-01 7.503727078437805176e-02 2.250156849622726440e-01 4.014082849025726318e-01 3.116728067398071289e-01 -7.659450918436050415e-02 9.409038722515106201e-02 1.303690969944000244e-01 1.417632848024368286e-01 -1.995749771595001221e-02 -3.453460335731506348e-01 4.219552576541900635e-01 -6.220459342002868652e-01 5.652374625205993652e-01 1.970303803682327271e-01 -3.434389829635620117e-02 -1.715317741036415100e-02 4.163578748703002930e-01 -1.143016070127487183e-01 -8.798998594284057617e-01 1.394748538732528687e-01 1.186805963516235352e-01 5.409631729125976562e-01 -2.569839358329772949e-02 6.864552199840545654e-02 1.296300292015075684e-01 -6.267347186803817749e-02 5.648012161254882812e-01 7.527996301651000977e-01 1.858809962868690491e-02 8.652632683515548706e-02 -2.736806273460388184e-01 8.675844222307205200e-02 -3.705691695213317871e-01 -6.588850170373916626e-03
-2.928746640682220459e-01 -7.962974905967712402e-02 8.597515523433685303e-02 -4.471172392368316650e-01 1.350328475236892700e-01 3.246866166591644287e-02 2.438746392726898193e-03 -6.419211626052856445e-02 -3.772155940532684326e-01 8.010661602020263672e-01 -8.879388570785522461e-01 1.668099611997604370e-01 4.780073836445808411e-02 6.640740633010864258e-01 3.659160137176513672e-01 -6.179879903793334961e-01 4.628545939922332764e-01 -2.042272835969924927e-01 -2.053527534008026123e-01 4.901019036769866943e-01 -1.220826730132102966e-01 -4.662785679101943970e-03 -3.682824373245239258e-01 4.326643943786621094e-01 -1.645355857908725739e-02 -6.989611983299255371e-01 2.145399153232574463e-02 2.692282795906066895e-01 -3.350131213665008545e-01 -5.802903771400451660e-01 -7.621145248413085938e-02 1.158548444509506226e-01 7.405447363853454590e-01 1.822685599327087402e-01 -3.614060580730438232e-01 2.888203561305999756e-01 1.016592904925346375e-01 -5.183579772710800171e-02 -1.178437620401382446e-01 1.131121218204498291e-01 2.150678038597106934e-01 -1.757614016532897949e-01 5.292310118675231934e-01 2.925852537155151367e-01 -1.017484366893768311e-01 1.468412727117538452e-01 7.813786268234252930e-01 -6.249307394027709961e-01 -6.535977125167846680e-01 1.746574193239212036e-01 3.386716842651367188e-01 7.671713232994079590e-01 -1.583127081394195557e-01 8.136723935604095459e-02 -2.881792187690734863e-02 -1.471256017684936523e-01 5.903725624084472656e-01 5.307928323745727539e-01 2.756027877330780029e-01 2.196715027093887329e-02 -3.654123544692993164e-01 4.663493037223815918e-01 -5.895027890801429749e-02 -3.712492287158966064e-01
-3.382346928119659424e-01 3.870539367198944092e-03 -3.596359491348266602e-02 -1.210764423012733459e-01 5.049036443233489990e-02 -1.300468146800994873e-01 2.540698647499084473e-01 -1.115717589855194092e-01 -2.960256338119506836e-01 5.576367378234863281e-01 -8.128581047058105469e-01 5.454020574688911438e-02 -2.985145449638366699e-01 4.763225615024566650e-01 1.012000814080238342e-01 -3.955391347408294678e-01 2.115327566862106323e-01 6.794717907905578613e-02 -4.194810986518859863e-01 1.766200736165046692e-02 4.475968331098556519e-02 -1.102918386459350586e-01 -3.692844510078430176e-01 1.187344193458557129e-01 1.417428255081176758e-01 -4.340951740741729736e-01 9.854102134704589844e-02 1.429159939289093018e-02 -2.846483886241912842e-01 -2.581133842468261719e-01 2.597005367279052734e-01 1.170716956257820129e-01 5.501520037651062012e-01 -2.313446253538131714e-02 -1.478393077850341797e-01 2.739204168319702148e-01 2.864363193511962891e-01 -1.186609342694282532e-01 -2.998648285865783691e-01 -1.064321845769882202e-01 1.892362534999847412e-01 -3.586235642433166504e-01 5.713956952095031738e-01 1.127235889434814453e-01 1.711747199296951294e-01 -8.262926340103149414e-02 5.866123437881469727e-01 -4.565795063972473145e-01 -6.938056349754333496e-01 9.948854148387908936e-02 1.306444406509399414e-01 5.252584815025329590e-01 -3.196184039115905762e-01 -8.888088166713714600e-02 6.194239854812622070e-02 -2.249237298965454102e-01 5.369081497192382812e-01 5.937465429306030273e-01 1.202832758426666260e-01 5.331032723188400269e-02 -2.632845640182495117e-01 1.415759921073913574e-01 2.200003117322921753e-01 1.001128405332565308e-01
-5.968929529190063477e-01 -7.077220827341079712e-02 7.910311222076416016e-02 -2.223794460296630859e-01 5.739249289035797119e-02 -1.895911842584609985e-01 5.239512771368026733e-02 5.371144413948059082e-02 -2.235799431800842285e-01 1.071044445037841797e+00 -1.070843935012817383e+00 3.243214190006256104e-01 1.320076137781143188e-01 6.445477008819580078e-01 3.417800068855285645e-01 -1.577688753604888916e-01 3.754406273365020752e-01 -4.208877682685852051e-02 -2.992749214172363281e-01 9.667710214853286743e-02 1.570355296134948730e-01 -9.567590057849884033e-02 -5.428603291511535645e-01 -2.495528757572174072e-02 2.991625666618347168e-01 -5.849639177322387695e-01 2.039902508258819580e-01 1.509980410337448120e-01 -3.479258120059967041e-01 -2.561308741569519043e-01 5.115963891148567200e-02 -5.967877805233001709e-02 9.264504313468933105e-01 1.151827052235603333e-01 -6.172969937324523926e-01 2.242408394813537598e-01 1.451824307441711426e-01 2.812618911266326904e-01 -3.547827005386352539e-01 6.180753186345100403e-02 -7.664538174867630005e-02 1.132371500134468079e-01 4.418635964393615723e-01 5.080448091030120850e-02 2.343708723783493042e-01 3.075480461120605469e-01 8.956722021102905273e-01 -8.272583484649658203e-01 -4.136087298393249512e-01 1.522607505321502686e-01 2.684656977653503418e-01 6.740170717239379883e-01 -3.163622617721557617e-01 4.918250441551208496e-02 1.825968176126480103e-02 -4.332484006881713867e-01 6.127624511718750000e-01 6.085819602012634277e-01 4.301281571388244629e-01 1.064140126109123230e-01 -2.265483438968658447e-01 3.534846305847167969e-01 2.281675189733505249e-01 -8.889532089233398438e-02
-4.175560772418975830e-01 8.289572596549987793e-02 1.237700134515762329e-01 -1.701496243476867676e-01 1.342263519763946533e-01 -1.672046333551406860e-01 1.269903033971786499e-01 -7.511223852634429932e-02 -3.518689572811126709e-01 7.022135853767395020e-01 -9.069730043411254883e-01 5.653727427124977112e-02 -1.874682679772377014e-02 5.691618919372558594e-01 4.727396368980407715e-02 -3.967582881450653076e-01 2.764640450477600098e-01 -1.840564906597137451e-01 -3.893436491489410400e-01 2.731106579303741455e-01 1.082505509257316589e-01 5.975838750600814819e-03 -2.733199596405029297e-01 2.575079202651977539e-01 2.532759308815002441e-01 -5.625742673873901367e-01 2.392424643039703369e-02 2.771086990833282471e-02 -6.394742429256439209e-02 -4.129684269428253174e-01 7.726435363292694092e-02 1.077571585774421692e-01 5.503309369087219238e-01 2.354107499122619629e-01 -2.506517469882965088e-01 1.691799610853195190e-01 2.313427329063415527e-01 2.020762711763381958e-01 -1.618302315473556519e-01 -2.736695110797882080e-01 2.190982103347778320e-01 -4.616145789623260498e-01 4.885510206222534180e-01 1.976295560598373413e-01 1.053280532360076904e-01 9.142781794071197510e-02 5.621381998062133789e-01 -3.785274028778076172e-01 -7.173929214477539062e-01 6.745363771915435791e-02 1.553725600242614746e-01 5.519230365753173828e-01 -1.528856456279754639e-01 -8.156254887580871582e-03 1.657811552286148071e-01 -2.796480357646942139e-01 5.669702291488647461e-01 7.387630939483642578e-01 1.763472706079483032e-01 1.293069124221801758e-01 -2.193701565265655518e-01 1.430755257606506348e-01 -1.150123476982116699e-01 3.307688236236572266e-02
-1.722986102104187012e-01 1.984438151121139526e-01 1.403195261955261230e-01 -3.005512058734893799e-01 2.095143944025039673e-01 -2.219615690410137177e-02 2.291144430637359619e-02 -1.484283208847045898e-01 -4.504045546054840088e-01 5.725620985031127930e-01 -7.290580868721008301e-01 -5.111806839704513550e-02 1.727891340851783752e-02 6.547651290893554688e-01 1.315348148345947266e-01 -8.375186920166015625e-01 3.631289899349212646e-01 -3.360888957977294922e-01 -3.104120492935180664e-01 6.947013735771179199e-01 -2.112781107425689697e-01 1.152215600013732910e-01 -5.625440925359725952e-02 6.299904584884643555e-01 9.020308405160903931e-02 -5.972876548767089844e-01 -1.160670444369316101e-01 1.758005172014236450e-01 2.211762964725494385e-02 -7.414589524269104004e-01 5.248649790883064270e-02 2.925112843513488770e-01 3.474640548229217529e-01 3.221449255943298340e-01 8.643724024295806885e-03 1.814234256744384766e-01 5.134279280900955200e-02 8.366803079843521118e-02 3.394010663032531738e-02 -2.055652886629104614e-01 4.209527671337127686e-01 -6.472104191780090332e-01 6.282956004142761230e-01 2.967543601989746094e-01 -1.780808568000793457e-01 -2.854739502072334290e-02 4.768753945827484131e-01 -1.802941113710403442e-01 -9.394188523292541504e-01 2.082469165325164795e-01 1.841677427291870117e-01 6.213232874870300293e-01 1.727998070418834686e-02 3.603888303041458130e-02 2.757662534713745117e-02 3.520898520946502686e-03 5.483369231224060059e-01 6.639967560768127441e-01 3.330614790320396423e-02 9.128891676664352417e-02 -3.080253899097442627e-01 1.612467467784881592e-01 -4.927419126033782959e-01 -2.906025946140289307e-01
-2.519820928573608398e-01 2.288559526205062866e-01 -9.383886307477951050e-02 3.383729606866836548e-02 8.061371743679046631e-02 -1.350103765726089478e-01 3.519014120101928711e-01 -2.199803739786148071e-01 -4.744922816753387451e-01 1.711995601654052734e-01 -6.076629757881164551e-01 -5.102690309286117554e-02 -5.258349776268005371e-01 3.024809658527374268e-01 -1.582111716270446777e-01 -5.660936832427978516e-01 -1.434125751256942749e-01 7.552371919155120850e-02 -5.216941237449645996e-01 8.985232561826705933e-02 -1.602717936038970947e-01 -1.592740565538406372e-01 -7.820079475641250610e-02 2.909190952777862549e-01 2.206587791442871094e-01 -3.621082901954650879e-01 -8.594973385334014893e-02 -2.479602545499801636e-01 5.070535466074943542e-02 -3.114022910594940186e-01 4.426596462726593018e-01 3.478108942508697510e-01 1.805430650711059570e-01 1.655521243810653687e-02 2.837875485420227051e-01 1.505970358848571777e-01 3.895174264907836914e-01 -2.621380090713500977e-01 -1.840064823627471924e-01 -4.562147855758666992e-01 3.663096427917480469e-01 -8.109327554702758789e-01 6.984537839889526367e-01 1.281357407569885254e-01 1.771082282066345215e-01 -3.017811179161071777e-01 3.083651661872863770e-01 7.606726884841918945e-02 -9.167483448982238770e-01 1.468682885169982910e-01 -3.331352770328521729e-02 2.853348851203918457e-01 -1.787491291761398315e-01 -1.613800078630447388e-01 1.932902485132217407e-01 -4.919704049825668335e-02 5.862363576889038086e-01 6.940945386886596680e-01 -8.731026202440261841e-02 -5.827404558658599854e-02 -3.489426076412200928e-01 -1.471155285835266113e-01 -5.458484217524528503e-02 2.641580998897552490e-01
-1.798622310161590576e-02 3.022026419639587402e-01 -8.504017442464828491e-02 -1.283349990844726562e-01 1.819368451833724976e-01 -1.401186734437942505e-01 2.466578334569931030e-01 -3.710479140281677246e-01 -5.541405677795410156e-01 -1.142655909061431885e-01 -3.062573969364166260e-01 -2.087353765964508057e-01 -4.047397971153259277e-01 2.800875008106231689e-01 -2.579579651355743408e-01 -9.503901600837707520e-01 -1.796227395534515381e-01 -5.887816101312637329e-02 -3.802634179592132568e-01 4.468806684017181396e-01 -3.899765014648437500e-01 3.819392621517181396e-02 2.319133877754211426e-01 5.415953397750854492e-01 2.174710929393768311e-01 -2.625037729740142822e-01 -2.377433776855468750e-01 -1.791153252124786377e-01 2.015703320503234863e-01 -4.738860428333282471e-01 2.629426717758178711e-01 4.271100759506225586e-01 -1.788328140974044800e-01 1.327802836894989014e-01 6.662559509277343750e-01 2.736296653747558594e-01 3.731615841388702393e-01 -3.401922285556793213e-01 1.428058594465255737e-01 -5.590296387672424316e-01 7.393608689308166504e-01 -1.224725842475891113e+00 6.966430544853210449e-01 3.489309847354888916e-01 -3.243634402751922607e-01 -4.509130716323852539e-01 -1.065896898508071899e-01 4.282738566398620605e-01 -1.029732704162597656e+00 9.752746671438217163e-03 -1.887021958827972412e-01 1.406948715448379517e-01 1.462627649307250977e-01 -3.834151625633239746e-01 6.867256760597229004e-02 3.933765292167663574e-01 5.738023519515991211e-01 7.213237285614013672e-01 -3.763653934001922607e-01 7.201649993658065796e-02 -3.679278790950775146e-01 -3.146187961101531982e-01 -5.347723364830017090e-01 1.204721778631210327e-01
-5.040901154279708862e-02 3.250184059143066406e-01 -4.559645429253578186e-02 -3.010220080614089966e-02 2.063302546739578247e-01 -6.905745714902877808e-02 2.287739217281341553e-01 -3.557292819023132324e-01 -5.958096385002136230e-01 -7.593330740928649902e-02 -4.934073686599731445e-01 -3.019006252288818359e-01 -2.723649144172668457e-01 2.221299409866333008e-01 -3.709430098533630371e-01 -8.682244420051574707e-01 -2.028080821037292480e-01 -1.493920236825942993e-01 -3.559700846672058105e-01 5.087234377861022949e-01 -1.610669493675231934e-01 7.436737418174743652e-02 2.142736315727233887e-01 6.072489023208618164e-01 2.973005175590515137e-01 -4.034032821655273438e-01 -3.065498471260070801e-01 -2.689915895462036133e-01 3.005703687667846680e-01 -5.543820261955261230e-01 2.416156679391860962e-01 4.814586043357849121e-01 -3.471502661705017090e-02 2.218157947063446045e-01 6.208583116531372070e-01 1.463196128606796265e-01 2.815581560134887695e-01 -1.392527371644973755e-01 1.437655985355377197e-01 -6.164720058441162109e-01 5.715881586074829102e-01 -1.311307072639465332e+00 6.651941537857055664e-01 1.706919372081756592e-01 -2.530823945999145508e-01 -4.882369041442871094e-01 -1.137238591909408569e-01 5.037494897842407227e-01 -1.056103944778442383e+00 7.550430297851562500e-02 -6.159970909357070923e-02 2.129346728324890137e-01 2.059361189603805542e-01 -2.193847745656967163e-01 2.294034510850906372e-01 2.892273068428039551e-01 4.575348496437072754e-01 7.955564260482788086e-01 -3.801449239253997803e-01 3.085894137620925903e-02 -2.509911954402923584e-01 -2.983003854751586914e-01 -5.072259306907653809e-01 1.687465459108352661e-01
-5.030249357223510742e-01 -3.992472887039184570e-01 1.654075086116790771e-01 -4.006097316741943359e-01 7.849201560020446777e-02 -1.656339764595031738e-01 2.085995674133300781e-02 1.629118025302886963e-01 -1.037930846214294434e-01 1.237720370292663574e+00 -1.124094486236572266e+00 3.537626862525939941e-01 2.236196100711822510e-01 6.292558908462524414e-01 4.694163203239440918e-01 -1.953286826610565186e-01 6.154951453208923340e-01 5.447357892990112305e-02 -1.058664023876190186e-01 8.754482865333557129e-02 3.966914415359497070e-01 -2.936138585209846497e-02 -7.735779285430908203e-01 -1.433881223201751709e-01 2.010425031185150146e-01 -5.514270663261413574e-01 3.151844441890716553e-01 2.938242554664611816e-01 -5.914211273193359375e-01 -1.369217634201049805e-01 -6.082681939005851746e-02 -1.355418413877487183e-01 1.006588101387023926e+00 2.599635720252990723e-02 -7.615167498588562012e-01 4.042512178421020508e-01 1.150017604231834412e-01 3.191414475440979004e-01 -2.920097708702087402e-01 3.171072602272033691e-01 -1.601667106151580811e-01 4.319386482238769531e-01 3.028261363506317139e-01 5.237022042274475098e-02 8.653477579355239868e-02 4.146622419357299805e-01 1.071350812911987305e+00 -1.124213814735412598e+00 -2.786532640457153320e-01 -1.446383073925971985e-02 3.641574978828430176e-01 7.657427191734313965e-01 -4.094635844230651855e-01 2.778279781341552734e-02 -5.473275482654571533e-02 -5.000040531158447266e-01 4.519813656806945801e-01 4.268062114715576172e-01 5.311069488525390625e-01 2.519169449806213379e-01 -7.683084905147552490e-02 5.457526445388793945e-01 3.816704750061035156e-01 -2.266516834497451782e-01
-1.294711828231811523e-01 2.668222188949584961e-01 5.625300109386444092e-02 -2.612107396125793457e-01 2.660804390907287598e-01 -3.027138672769069672e-02 6.099640578031539917e-02 -3.020681440830230713e-01 -4.285765886306762695e-01 3.827599287033081055e-01 -7.084045410156250000e-01 -6.245178729295730591e-02 -4.585902020335197449e-02 5.496351718902587891e-01 4.625183343887329102e-02 -8.687234520912170410e-01 2.096652239561080933e-01 -2.875117063522338867e-01 -3.415856063365936279e-01 7.463277578353881836e-01 -3.123222887516021729e-01 3.331367298960685730e-02 3.027477860450744629e-02 6.094256639480590820e-01 1.642226427793502808e-01 -5.450325608253479004e-01 -1.754142045974731445e-01 3.706334531307220459e-02 1.975991129875183105e-01 -7.507493495941162109e-01 1.221073418855667114e-01 3.475298583507537842e-01 1.645747572183609009e-01 2.928198277950286865e-01 1.875973045825958252e-01 1.841491013765335083e-01 1.334004402160644531e-01 1.538799144327640533e-03 9.922824800014495850e-02 -4.117215573787689209e-01 5.572978258132934570e-01 -8.173379302024841309e-01 6.851343512535095215e-01 3.491977453231811523e-01 -2.279663681983947754e-01 -7.674681395292282104e-02 2.223251312971115112e-01 4.038040339946746826e-02 -9.807194471359252930e-01 2.287342250347137451e-01 3.361302614212036133e-02 5.464361906051635742e-01 7.370221614837646484e-02 -3.138709068298339844e-02 7.772259414196014404e-02 1.953396201133728027e-01 6.015900969505310059e-01 7.400693297386169434e-01 -1.441982835531234741e-01 1.068034097552299500e-01 -3.670615553855895996e-01 2.916365861892700195e-03 -5.260965824127197266e-01 -1.914969533681869507e-01
-3.862266838550567627e-01 -1.717916429042816162e-01 -3.004048764705657959e-02 -1.470659077167510986e-01 3.793907165527343750e-02 -2.665662765502929688e-01 3.351157307624816895e-01 6.867407262325286865e-02 -2.917620241641998291e-01 7.358006834983825684e-01 -9.579131007194519043e-01 1.451286077499389648e-01 -2.420371025800704956e-01 4.587111771106719971e-01 1.213810890913009644e-01 -1.786064356565475464e-01 3.034274280071258545e-01 1.258554458618164062e-01 -2.292418479919433594e-01 -1.070643682032823563e-02 3.522112369537353516e-01 -4.946349933743476868e-02 -4.970243573188781738e-01 -2.255985140800476074e-02 2.170329689979553223e-01 -4.044573605060577393e-01 1.988513767719268799e-01 5.742074549198150635e-02 -3.841410875320434570e-01 -1.763415634632110596e-01 2.269431501626968384e-01 3.618612885475158691e-02 7.494390010833740234e-01 -3.091844171285629272e-02 -3.493369519710540771e-01 2.718266844749450684e-01 3.220596313476562500e-01 8.943086862564086914e-02 -3.884819746017456055e-01 -6.702265143394470215e-02 -4.086274653673171997e-02 -2.089642882347106934e-01 3.288439512252807617e-01 -1.715242862701416016e-02 1.335061490535736084e-01 5.916935205459594727e-02 7.459796667098999023e-01 -6.622273325920104980e-01 -4.606367647647857666e-01 -1.617199555039405823e-02 2.912746071815490723e-01 5.392198562622070312e-01 -4.468805789947509766e-01 -1.549067497253417969e-01 7.662853598594665527e-02 -4.316703081130981445e-01 4.528554081916809082e-01 6.323022842407226562e-01 2.899336218833923340e-01 2.022201418876647949e-01 -1.124243438243865967e-01 9.365878254175186157e-02 3.543821573257446289e-01 1.492449790239334106e-01
-3.225142657756805420e-01 1.486243456602096558e-01 -6.557323038578033447e-02 -1.876401156187057495e-02 1.683007627725601196e-01 -4.175909608602523804e-02 2.936171293258666992e-01 -2.118753194808959961e-01 -4.554271101951599121e-01 3.180583715438842773e-01 -6.814115643501281738e-01 -1.713950186967849731e-02 -3.566425144672393799e-01 4.071438014507293701e-01 -6.071642041206359863e-02 -6.589438915252685547e-01 2.658560313284397125e-02 -3.584612905979156494e-02 -3.853585124015808105e-01 2.511679530143737793e-01 -1.039040163159370422e-01 -6.967060267925262451e-02 -2.335058748722076416e-01 3.454061746597290039e-01 1.436140984296798706e-01 -3.639864921569824219e-01 -4.925035685300827026e-02 -9.074591100215911865e-02 -1.181521266698837280e-01 -3.878172338008880615e-01 3.473220765590667725e-01 2.108697146177291870e-01 3.250812590122222900e-01 -1.575142145156860352e-03 1.327664405107498169e-01 2.054606527090072632e-01 3.398851454257965088e-01 -2.556023299694061279e-01 -1.792902648448944092e-01 -3.086263537406921387e-01 4.421479701995849609e-01 -7.585530877113342285e-01 6.813098788261413574e-01 2.489807456731796265e-01 3.732830658555030823e-02 -2.737346291542053223e-01 3.363886773586273193e-01 -1.046053171157836914e-01 -8.199352622032165527e-01 -6.723869591951370239e-03 7.338835299015045166e-02 3.574129939079284668e-01 -2.030963599681854248e-01 -2.039352804422378540e-01 3.548316657543182373e-03 -3.354125469923019409e-02 5.287096500396728516e-01 6.166201233863830566e-01 -9.818074107170104980e-02 -5.601007863879203796e-02 -3.154533505439758301e-01 3.202741593122482300e-02 -6.599660962820053101e-02 6.008153781294822693e-02
-4.683880805969238281e-01 -3.554296493530273438e-01 5.589520931243896484e-02 -3.175459206104278564e-01 3.278566896915435791e-02 -2.289023846387863159e-01 2.779821157455444336e-01 1.491691172122955322e-01 -1.303844153881072998e-01 1.053864479064941406e+00 -1.100246906280517578e+00 3.030144274234771729e-01 -1.161039769649505615e-01 5.014759302139282227e-01 3.502751886844635010e-01 -2.339770458638668060e-02 5.051106214523315430e-01 1.988236904144287109e-01 -2.001732289791107178e-01 -1.504266113042831421e-01 4.570550918579101562e-01 -5.447157099843025208e-02 -6.748346090316772461e-01 -1.940129399299621582e-01 1.705119907855987549e-01 -4.118055701255798340e-01 3.679575622081756592e-01 1.554442197084426880e-01 -5.253601670265197754e-01 -6.539110839366912842e-02 1.314929425716400146e-01 -3.253576159477233887e-02 9.413920044898986816e-01 -1.457248181104660034e-01 -6.002100706100463867e-01 4.060204923152923584e-01 3.135022222995758057e-01 1.802870631217956543e-01 -4.531833529472351074e-01 1.437704265117645264e-01 -2.149553596973419189e-01 2.903339564800262451e-01 1.952839493751525879e-01 -5.227847397327423096e-02 1.767182648181915283e-01 3.062062263488769531e-01 1.031943559646606445e+00 -1.040779113769531250e+00 -2.642563879489898682e-01 -5.479026213288307190e-02 3.344888687133789062e-01 6.595385074615478516e-01 -5.957565903663635254e-01 -1.191992610692977905e-01 2.536202967166900635e-02 -5.729011893272399902e-01 4.215482175350189209e-01 4.757732450962066650e-01 4.809069335460662842e-01 2.892128229141235352e-01 -7.542106509208679199e-02 2.391919195652008057e-01 5.444041490554809570e-01 1.190212741494178772e-02
-5.531958490610122681e-02 8.641207218170166016e-02 1.414918303489685059e-01 -2.725439667701721191e-01 2.572034597396850586e-01 -1.552409678697586060e-01 1.011341586709022522e-01 -1.200243905186653137e-01 -4.701038599014282227e-01 5.466051697731018066e-01 -8.268511295318603516e-01 -1.279067397117614746e-01 -3.485554829239845276e-02 6.156049966812133789e-01 6.412470340728759766e-02 -6.475723981857299805e-01 4.438394606113433838e-01 -2.873185276985168457e-01 -2.372683286666870117e-01 6.956321001052856445e-01 3.659936785697937012e-02 1.867370605468750000e-01 -1.229604706168174744e-01 5.525112152099609375e-01 1.601896584033966064e-01 -6.726058721542358398e-01 -9.916263818740844727e-02 5.405569076538085938e-02 7.173036038875579834e-02 -6.646653413772583008e-01 6.368955969810485840e-02 3.089200258255004883e-01 4.168159961700439453e-01 3.553724586963653564e-01 -1.033611223101615906e-01 1.521794348955154419e-01 1.227179840207099915e-01 1.940765231847763062e-01 1.865758001804351807e-02 -2.639885842800140381e-01 4.047802686691284180e-01 -7.253205776214599609e-01 4.521090388298034668e-01 1.763824969530105591e-01 -2.062340378761291504e-01 -2.853568643331527710e-03 5.196099281311035156e-01 -1.075206398963928223e-01 -8.609671592712402344e-01 1.175232827663421631e-01 3.274921178817749023e-01 6.111192703247070312e-01 7.398141548037528992e-03 1.336206495761871338e-02 1.420078128576278687e-01 -1.071255281567573547e-01 4.698260426521301270e-01 7.578926086425781250e-01 3.461325541138648987e-02 1.840967535972595215e-01 -1.678356826305389404e-01 5.241703242063522339e-02 -4.372458159923553467e-01 -1.218972206115722656e-01
-3.680421710014343262e-01 1.875956505537033081e-01 6.465618312358856201e-02 -6.610081344842910767e-02 2.301052659749984741e-01 -2.274887077510356903e-02 2.971020340919494629e-02 -2.940363883972167969e-01 -4.013095498085021973e-01 4.549448490142822266e-01 -7.069582343101501465e-01 -2.237349003553390503e-02 -1.898142844438552856e-01 5.884153842926025391e-01 3.589712455868721008e-02 -6.069182753562927246e-01 2.185826450586318970e-01 -1.772235631942749023e-01 -5.004761815071105957e-01 3.167017698287963867e-01 -2.345426678657531738e-01 -9.162695705890655518e-02 -1.243583485484123230e-01 3.932352960109710693e-01 2.076242268085479736e-01 -6.181009411811828613e-01 -1.187705174088478088e-01 7.109953463077545166e-02 -4.156703874468803406e-02 -4.693205654621124268e-01 1.725321710109710693e-01 2.622316479682922363e-01 3.493560254573822021e-01 2.001162469387054443e-01 -4.484159499406814575e-02 1.468041092157363892e-01 2.271087765693664551e-01 -7.673555612564086914e-02 -1.589433699846267700e-01 -2.494839578866958618e-01 3.859505057334899902e-01 -6.874039769172668457e-01 7.207644581794738770e-01 2.813540101051330566e-01 1.086174771189689636e-01 8.819311857223510742e-03 4.156451225280761719e-01 -2.267088294029235840e-01 -8.779653906822204590e-01 2.680854499340057373e-01 9.499275684356689453e-02 4.920773506164550781e-01 -4.451389610767364502e-02 8.108377456665039062e-03 1.694431751966476440e-01 -1.037260815501213074e-01 6.500320434570312500e-01 7.398093342781066895e-01 -1.238394528627395630e-03 1.182157546281814575e-02 -3.228455483913421631e-01 1.194154992699623108e-01 -2.195434123277664185e-01 -6.272800266742706299e-02
-4.433877170085906982e-01 -7.196372747421264648e-02 4.739630967378616333e-02 -1.037909910082817078e-01 1.288241147994995117e-02 -2.979403138160705566e-01 3.298711180686950684e-01 9.364600479602813721e-02 -2.244348227977752686e-01 7.871572375297546387e-01 -9.417192935943603516e-01 2.204866111278533936e-01 -2.002426236867904663e-01 5.127794742584228516e-01 2.227126806974411011e-01 -1.676438450813293457e-01 3.240742981433868408e-01 2.617369890213012695e-01 -3.417126834392547607e-01 -1.073079258203506470e-01 3.054187297821044922e-01 -1.554825603961944580e-01 -5.317894220352172852e-01 -1.713464856147766113e-01 2.500297725200653076e-01 -3.915699422359466553e-01 2.708167731761932373e-01 1.641975343227386475e-02 -4.093897044658660889e-01 -6.739310175180435181e-02 3.370374143123626709e-01 5.211160331964492798e-02 8.324983119964599609e-01 -4.403899610042572021e-02 -3.812504112720489502e-01 2.921703457832336426e-01 2.695721983909606934e-01 1.344293057918548584e-01 -5.157831311225891113e-01 7.971280068159103394e-02 -1.340760290622711182e-01 -3.652559965848922729e-02 4.239513278007507324e-01 -1.399721354246139526e-01 3.229816854000091553e-01 9.980857372283935547e-03 8.148450255393981934e-01 -7.364091873168945312e-01 -4.172889590263366699e-01 1.001717299222946167e-01 2.685042619705200195e-01 5.029012560844421387e-01 -5.634180903434753418e-01 -9.126184880733489990e-02 7.634714245796203613e-03 -4.521515965461730957e-01 4.776328206062316895e-01 5.841406583786010742e-01 3.477208614349365234e-01 1.944234371185302734e-01 -1.381654292345046997e-01 1.530493497848510742e-01 4.183765351772308350e-01 1.933874040842056274e-01
-5.151338502764701843e-02 3.382086753845214844e-01 -8.967556059360504150e-03 -1.624475717544555664e-01 2.643227577209472656e-01 8.517840877175331116e-03 1.515419483184814453e-01 -3.813836276531219482e-01 -6.243788599967956543e-01 3.445274382829666138e-02 -4.610524177551269531e-01 -1.707694232463836670e-01 -2.560847103595733643e-01 3.355443179607391357e-01 -2.084922790527343750e-01 -1.024505376815795898e+00 -3.048948571085929871e-02 -2.423618137836456299e-01 -3.569753766059875488e-01 6.811068654060363770e-01 -3.945797681808471680e-01 4.121994599699974060e-02 2.002346515655517578e-01 7.537311911582946777e-01 1.857397556304931641e-01 -4.496633410453796387e-01 -3.561316430568695068e-01 -1.270301938056945801e-01 2.602916359901428223e-01 -7.260428667068481445e-01 2.004106640815734863e-01 4.933309555053710938e-01 -6.917509436607360840e-02 2.386058568954467773e-01 5.635360479354858398e-01 2.011391520500183105e-01 2.594103515148162842e-01 -2.168016582727432251e-01 1.418894976377487183e-01 -4.940812587738037109e-01 6.500793099403381348e-01 -1.208680391311645508e+00 7.413373589515686035e-01 3.827209472656250000e-01 -3.009965717792510986e-01 -3.352493047714233398e-01 3.123975172638893127e-02 3.571878075599670410e-01 -1.131785750389099121e+00 1.653224527835845947e-01 -5.131228640675544739e-02 3.181971311569213867e-01 1.834402531385421753e-01 -2.304825335741043091e-01 1.935906261205673218e-01 3.398676216602325439e-01 5.492985248565673828e-01 7.211884856224060059e-01 -2.939227223396301270e-01 1.839262992143630981e-02 -3.867626190185546875e-01 -1.625164896249771118e-01 -6.351118087768554688e-01 -1.267317086458206177e-01
-8.070017397403717041e-02 3.901987075805664062e-01 4.783555120229721069e-02 -2.370151877403259277e-01 2.086137086153030396e-01 -6.598623469471931458e-03 1.981385946273803711e-01 -3.603703081607818604e-01 -5.813291072845458984e-01 1.084424257278442383e-01 -4.098376035690307617e-01 -1.654896438121795654e-01 -1.911643296480178833e-01 3.717668950557708740e-01 -1.995602846145629883e-01 -1.073749661445617676e+00 5.084003787487745285e-04 -2.784257531166076660e-01 -3.241006731986999512e-01 7.031193375587463379e-01 -3.884474933147430420e-01 1.265479475259780884e-01 2.279007732868194580e-01 7.960450053215026855e-01 2.040886282920837402e-01 -3.626798093318939209e-01 -2.819405496120452881e-01 -8.353845030069351196e-02 2.703101634979248047e-01 -7.210195660591125488e-01 2.171377241611480713e-01 4.501296877861022949e-01 -1.355392187833786011e-01 1.936272084712982178e-01 5.985492467880249023e-01 2.932940125465393066e-01 2.216504812240600586e-01 -1.186819225549697876e-01 2.085314840078353882e-01 -4.675925970077514648e-01 7.225691080093383789e-01 -1.171687722206115723e+00 6.960402727127075195e-01 4.138790369033813477e-01 -3.626841008663177490e-01 -3.467476963996887207e-01 6.181439384818077087e-02 3.721085786819458008e-01 -1.126043200492858887e+00 6.843404471874237061e-02 -3.638511151075363159e-02 2.778188288211822510e-01 2.060979753732681274e-01 -3.350260853767395020e-01 6.954737007617950439e-02 3.612003624439239502e-01 5.532969832420349121e-01 6.986393928527832031e-01 -3.389075696468353271e-01 9.927775710821151733e-02 -3.771227002143859863e-01 -2.559095323085784912e-01 -7.257094979286193848e-01 -1.605404466390609741e-01
-2.042092382907867432e-01 4.054889678955078125e-01 1.289030909538269043e-02 -1.124878004193305969e-01 1.983245164155960083e-01 -2.115192078053951263e-02 2.072028815746307373e-01 -4.305672347545623779e-01 -5.625839829444885254e-01 2.357534319162368774e-02 -2.741993069648742676e-01 -1.370978057384490967e-01 -2.002598047256469727e-01 2.663035392761230469e-01 -3.050110340118408203e-01 -1.107082247734069824e+00 -2.101085036993026733e-01 -1.596035361289978027e-01 -3.340426683425903320e-01 5.817815661430358887e-01 -4.601274132728576660e-01 2.209714613854885101e-02 2.062786221504211426e-01 6.657901406288146973e-01 2.633969783782958984e-01 -1.048177704215049744e-01 -2.741733491420745850e-01 -1.435127705335617065e-01 1.580069959163665771e-01 -5.402657985687255859e-01 3.000867366790771484e-01 3.551774919033050537e-01 -2.804926633834838867e-01 1.842882931232452393e-01 8.064239025115966797e-01 3.698342442512512207e-01 3.192544281482696533e-01 -1.984632015228271484e-01 2.538030147552490234e-01 -5.489464402198791504e-01 7.772162556648254395e-01 -1.252850055694580078e+00 8.260204195976257324e-01 5.436735153198242188e-01 -4.160248339176177979e-01 -4.843358993530273438e-01 -1.819764822721481323e-01 3.884961605072021484e-01 -1.042440652847290039e+00 -7.744135707616806030e-02 -2.589738368988037109e-01 1.851402968168258667e-01 2.231203764677047729e-01 -5.480019450187683105e-01 -9.573683142662048340e-02 4.994164407253265381e-01 4.947541952133178711e-01 5.732324719429016113e-01 -4.211728572845458984e-01 1.275081038475036621e-01 -3.577238023281097412e-01 -2.237556725740432739e-01 -6.536418795585632324e-01 -9.940712153911590576e-02
-3.457607626914978027e-01 -3.282112479209899902e-01 -1.717434823513031006e-02 -2.174277603626251221e-01 7.045324146747589111e-02 -3.397094011306762695e-01 3.456330299377441406e-01 8.081121742725372314e-02 -1.643518507480621338e-01 9.089744687080383301e-01 -1.053686022758483887e+00 2.348983883857727051e-01 -2.033656090497970581e-01 3.929525911808013916e-01 1.825014799833297729e-01 -2.605969272553920746e-02 3.511805832386016846e-01 3.260186612606048584e-01 -2.148245573043823242e-01 -7.418183982372283936e-02 5.171653628349304199e-01 -1.221674680709838867e-01 -6.459869742393493652e-01 -2.271865606307983398e-01 2.556880712509155273e-01 -3.480263948440551758e-01 2.915411293506622314e-01 1.039062440395355225e-02 -4.684225618839263916e-01 -1.842460781335830688e-02 2.792076766490936279e-01 1.783075928688049316e-02 7.799382209777832031e-01 -8.343058824539184570e-02 -4.684965312480926514e-01 3.754339814186096191e-01 3.784443438053131104e-01 1.279971599578857422e-01 -4.443429708480834961e-01 2.539488673210144043e-02 -2.197327613830566406e-01 6.005915254354476929e-02 2.373018562793731689e-01 -1.342294067144393921e-01 1.722391545772552490e-01 1.625928878784179688e-01 8.449781537055969238e-01 -8.644844293594360352e-01 -3.856795430183410645e-01 -3.853989019989967346e-02 2.540684640407562256e-01 6.177080273628234863e-01 -5.655968189239501953e-01 -1.640686243772506714e-01 7.174447178840637207e-02 -4.799625873565673828e-01 3.624678552150726318e-01 4.763064086437225342e-01 4.140046536922454834e-01 2.854096591472625732e-01 -6.836957484483718872e-02 2.022130191326141357e-01 5.554341673851013184e-01 1.449363827705383301e-01
-2.630526721477508545e-01 -2.192944586277008057e-01 -1.310565918684005737e-01 -2.182622551918029785e-01 7.030563056468963623e-02 -2.178684324026107788e-01 3.763005435466766357e-01 5.609771609306335449e-02 -2.390457689762115479e-01 7.013532519340515137e-01 -9.276190400123596191e-01 1.726791858673095703e-01 -4.021596908569335938e-01 3.959033191204071045e-01 2.087942063808441162e-01 -2.365748584270477295e-01 2.890276610851287842e-01 1.908610463142395020e-01 -2.531362771987915039e-01 -4.933149740099906921e-02 2.425259351730346680e-01 -7.964335381984710693e-02 -5.259197354316711426e-01 -1.321714371442794800e-02 1.238574907183647156e-01 -3.331157267093658447e-01 2.324478328227996826e-01 7.028001546859741211e-02 -4.347164928913116455e-01 -1.964871287345886230e-01 2.616215646266937256e-01 7.608684152364730835e-02 7.285810112953186035e-01 -1.672140508890151978e-01 -2.560384869575500488e-01 3.960969150066375732e-01 3.895401358604431152e-01 -1.032836213707923889e-01 -4.521074295043945312e-01 8.783526718616485596e-04 -4.304239153861999512e-02 -8.711579442024230957e-02 3.771352469921112061e-01 7.479116320610046387e-03 9.792588651180267334e-02 2.772022783756256104e-02 8.182784914970397949e-01 -6.726397275924682617e-01 -5.294854640960693359e-01 2.451338991522789001e-02 2.194100022315979004e-01 5.555109977722167969e-01 -5.292895436286926270e-01 -2.014429420232772827e-01 6.568394601345062256e-02 -3.297650814056396484e-01 4.458712339401245117e-01 5.178505182266235352e-01 2.562394142150878906e-01 1.933562159538269043e-01 -1.567343473434448242e-01 9.743147343397140503e-02 4.508929252624511719e-01 4.885124042630195618e-02
-1.486697345972061157e-01 2.355307489633560181e-01 -5.463775247335433960e-02 -3.282169252634048462e-02 1.965878158807754517e-01 -1.032433509826660156e-01 1.928690671920776367e-01 -2.751204669475555420e-01 -4.156482219696044922e-01 2.036682367324829102e-01 -6.883292198181152344e-01 -8.877708762884140015e-02 -2.819992899894714355e-01 4.193915426731109619e-01 -2.804548293352127075e-02 -6.390061974525451660e-01 8.939048647880554199e-02 -1.385033875703811646e-02 -4.703409075736999512e-01 2.894577682018280029e-01 -1.430104970932006836e-01 -2.651729062199592590e-02 -7.011423259973526001e-02 3.256401419639587402e-01 2.041248083114624023e-01 -5.191954970359802246e-01 -1.350157558917999268e-01 -1.031414866447448730e-01 3.572591394186019897e-02 -4.429450929164886475e-01 2.108328342437744141e-01 3.611498475074768066e-01 2.985289394855499268e-01 1.151769831776618958e-01 1.864598691463470459e-01 1.381305754184722900e-01 3.119127452373504639e-01 -1.738821268081665039e-01 -1.571261882781982422e-01 -3.531120121479034424e-01 4.221314191818237305e-01 -8.473299145698547363e-01 6.221517324447631836e-01 1.136817410588264465e-01 3.395965322852134705e-02 -2.528989315032958984e-01 2.273457497358322144e-01 3.259390592575073242e-03 -8.845967054367065430e-01 1.552027910947799683e-01 8.016888797283172607e-02 3.461199700832366943e-01 -1.502417176961898804e-01 -7.654775679111480713e-02 1.793253570795059204e-01 5.928158015012741089e-02 5.334203243255615234e-01 7.547448277473449707e-01 -1.714899390935897827e-01 1.124101132154464722e-02 -3.112789392471313477e-01 -6.583254039287567139e-02 -1.896370947360992432e-01 1.393131017684936523e-01
-3.643026649951934814e-01 1.724175959825515747e-01 -3.983056545257568359e-02 -8.394487947225570679e-02 2.872310280799865723e-01 6.706362962722778320e-02 1.545058786869049072e-01 -3.099173903465270996e-01 -3.794768750667572021e-01 4.145277738571166992e-01 -6.914786100387573242e-01 3.359691053628921509e-02 -2.411290556192398071e-01 4.825750291347503662e-01 6.885305047035217285e-03 -7.991765737533569336e-01 1.268376708030700684e-01 -1.612266302108764648e-01 -4.324758052825927734e-01 4.425202012062072754e-01 -2.537960112094879150e-01 -1.540011465549468994e-01 -2.138160765171051025e-01 4.775962829589843750e-01 9.625055640935897827e-02 -4.163110852241516113e-01 -1.025162637233734131e-01 7.269667088985443115e-02 -1.672510951757431030e-01 -5.693973302841186523e-01 2.910614907741546631e-01 1.221544146537780762e-01 3.441678881645202637e-01 5.759709328413009644e-02 1.045141965150833130e-01 2.274112254381179810e-01 2.694468498229980469e-01 -3.089651465415954590e-01 -1.959068775177001953e-01 -2.091289609670639038e-01 4.736785590648651123e-01 -6.929883360862731934e-01 8.390487432479858398e-01 4.555336833000183105e-01 -9.534512646496295929e-04 -1.560602635145187378e-01 3.466680347919464111e-01 -2.307016402482986450e-01 -9.195888638496398926e-01 1.393074244260787964e-01 -1.457344740629196167e-02 5.246422290802001953e-01 -6.125322729349136353e-02 -1.405925005674362183e-01 -4.871654510498046875e-02 3.697026520967483521e-02 6.126590371131896973e-01 5.312466621398925781e-01 -1.359984129667282104e-01 -9.146072715520858765e-02 -4.420398175716400146e-01 2.534248530864715576e-01 -1.452913880348205566e-01 -2.305092364549636841e-01
-1.121619269251823425e-01 3.073095679283142090e-01 6.928674876689910889e-03 -1.412444114685058594e-01 1.860775798559188843e-01 -5.486088246107101440e-02 1.568754911422729492e-01 -3.082662224769592285e-01 -5.030847787857055664e-01 1.606993526220321655e-01 -5.694812536239624023e-01 -1.201139166951179504e-01 -2.806537449359893799e-01 4.503376185894012451e-01 -1.279285997152328491e-01 -7.913461923599243164e-01 9.599063545465469360e-02 -1.370107382535934448e-01 -4.609228372573852539e-01 4.675031006336212158e-01 -2.707229256629943848e-01 8.314672857522964478e-03 8.579223603010177612e-02 5.590771436691284180e-01 1.546870172023773193e-01 -5.299376845359802246e-01 -2.840807735919952393e-01 -8.737252652645111084e-02 1.500963419675827026e-01 -5.856785774230957031e-01 1.843248009681701660e-01 4.629489183425903320e-01 8.985932171344757080e-02 2.208549380302429199e-01 2.752816379070281982e-01 1.343596279621124268e-01 3.091529309749603271e-01 -2.036598473787307739e-01 4.096172749996185303e-03 -4.307523369789123535e-01 5.471526384353637695e-01 -1.025767326354980469e+00 6.457620263099670410e-01 2.438008785247802734e-01 -5.777180567383766174e-02 -2.063608318567276001e-01 1.641698926687240601e-01 1.796646863222122192e-01 -1.045818448066711426e+00 1.754347681999206543e-01 1.130105555057525635e-02 3.461016714572906494e-01 2.260348200798034668e-02 -6.178396940231323242e-02 2.168909162282943726e-01 1.236489936709403992e-01 5.806767940521240234e-01 7.705733776092529297e-01 -1.818399131298065186e-01 -3.679536283016204834e-03 -3.849970400333404541e-01 -8.813846111297607422e-02 -4.141069650650024414e-01 1.787412539124488831e-02
-1.676163375377655029e-01 3.486432433128356934e-01 -4.669097810983657837e-02 -8.474029600620269775e-03 1.003369241952896118e-01 -1.949178725481033325e-01 3.329963088035583496e-01 -3.339380323886871338e-01 -4.814419448375701904e-01 -6.954371929168701172e-02 -4.440772533416748047e-01 -1.987204551696777344e-01 -3.966014683246612549e-01 2.462570071220397949e-01 -3.917439281940460205e-01 -7.737642526626586914e-01 -2.668360769748687744e-01 6.958775222301483154e-03 -4.754418730735778809e-01 2.954498529434204102e-01 -1.762453019618988037e-01 -9.166856110095977783e-02 1.684749126434326172e-01 4.241413176059722900e-01 2.998019456863403320e-01 -2.536533176898956299e-01 -2.094629108905792236e-01 -2.809698879718780518e-01 2.317459434270858765e-01 -3.764585852622985840e-01 3.529309630393981934e-01 3.221667706966400146e-01 -8.540499210357666016e-02 1.212856844067573547e-01 5.355001091957092285e-01 1.840409934520721436e-01 3.928690254688262939e-01 -2.431184798479080200e-01 9.197734296321868896e-03 -6.467536091804504395e-01 5.987828969955444336e-01 -1.198346257209777832e+00 6.916639804840087891e-01 2.233159840106964111e-01 -5.089032649993896484e-02 -4.569225907325744629e-01 -8.567290008068084717e-02 3.926993608474731445e-01 -1.059028267860412598e+00 7.023647427558898926e-02 -2.252148389816284180e-01 1.102624535560607910e-01 9.094481170177459717e-02 -2.625180184841156006e-01 2.007040828466415405e-01 2.166749835014343262e-01 5.790702700614929199e-01 7.920747995376586914e-01 -3.797420859336853027e-01 1.949857920408248901e-02 -3.488904833793640137e-01 -3.249777555465698242e-01 -3.371106386184692383e-01 3.270123898983001709e-01
-3.967038094997406006e-01 -3.758085519075393677e-02 3.522253781557083130e-02 -1.167130097746849060e-01 8.743964135646820068e-02 -1.840312182903289795e-01 1.753214001655578613e-01 -1.546473354101181030e-01 -3.493215739727020264e-01 5.870989561080932617e-01 -8.918094038963317871e-01 7.545785605907440186e-02 -2.105961591005325317e-01 5.230028629302978516e-01 6.867817044258117676e-02 -3.395179212093353271e-01 2.253518253564834595e-01 7.639954984188079834e-02 -3.524708747863769531e-01 8.865139633417129517e-02 1.295586526393890381e-01 -1.155087202787399292e-01 -4.009143114089965820e-01 9.067872166633605957e-02 2.033127993345260620e-01 -5.275412201881408691e-01 -1.234143227338790894e-02 6.072983145713806152e-03 -2.635656595230102539e-01 -1.960766911506652832e-01 1.747049540281295776e-01 1.268163770437240601e-01 6.204934716224670410e-01 4.915381222963333130e-02 -2.513514757156372070e-01 2.221206724643707275e-01 3.837451040744781494e-01 -5.533494800329208374e-02 -2.899433970451354980e-01 -1.974029690027236938e-01 1.977874934673309326e-01 -4.467857778072357178e-01 5.206105709075927734e-01 7.690137624740600586e-02 1.514114141464233398e-01 3.167264163494110107e-03 5.755020976066589355e-01 -4.542523622512817383e-01 -6.819432377815246582e-01 7.541672885417938232e-02 2.027661800384521484e-01 4.736742377281188965e-01 -2.846834063529968262e-01 -6.293614208698272705e-02 1.430562138557434082e-01 -2.444462776184082031e-01 5.193934440612792969e-01 6.636046767234802246e-01 5.033569410443305969e-02 9.857847541570663452e-02 -2.064807265996932983e-01 1.584298014640808105e-01 2.181482613086700439e-01 1.062360852956771851e-01
-2.801337838172912598e-01 2.903573513031005859e-01 -2.653332799673080444e-02 2.979889512062072754e-02 2.408345788717269897e-01 1.420355029404163361e-02 2.688058018684387207e-01 -3.386152088642120361e-01 -4.284228682518005371e-01 1.340933740139007568e-01 -4.574411511421203613e-01 -4.920915514230728149e-02 -3.766700625419616699e-01 2.613810598850250244e-01 -2.591667473316192627e-01 -8.769999146461486816e-01 -1.087764203548431396e-01 -4.091753810644149780e-02 -5.224217772483825684e-01 3.170906305313110352e-01 -2.874880135059356689e-01 -1.510539352893829346e-01 -7.182650268077850342e-03 4.570650756359100342e-01 2.288279831409454346e-01 -2.031376212835311890e-01 -2.221332490444183350e-01 -1.529857814311981201e-01 -4.748780280351638794e-03 -4.762851297855377197e-01 4.467632472515106201e-01 3.455693423748016357e-01 -9.824670106172561646e-02 6.956832855939865112e-02 4.812324345111846924e-01 2.577879428863525391e-01 3.918200135231018066e-01 -3.430027365684509277e-01 -4.888930916786193848e-02 -4.228786230087280273e-01 5.456399321556091309e-01 -1.054577350616455078e+00 8.676478266716003418e-01 3.993742465972900391e-01 -2.719435468316078186e-02 -3.566473126411437988e-01 5.859820917248725891e-02 1.554819494485855103e-01 -1.067449808120727539e+00 5.509145185351371765e-02 -2.467280775308609009e-01 2.635914683341979980e-01 1.980215311050415039e-03 -2.932178676128387451e-01 2.208179235458374023e-02 1.669898331165313721e-01 5.826805233955383301e-01 5.667994022369384766e-01 -2.448024451732635498e-01 -1.063523814082145691e-01 -3.870170414447784424e-01 4.672580212354660034e-02 -2.636197209358215332e-01 -4.506800323724746704e-03
-1.529200077056884766e-01 5.809827148914337158e-02 1.386628001928329468e-01 -2.994057834148406982e-01 2.221546918153762817e-01 -8.714952319860458374e-02 9.706059843301773071e-02 -1.772807836532592773e-01 -3.988487422466278076e-01 5.231875777244567871e-01 -7.966509461402893066e-01 -2.800831943750381470e-02 -1.047698557376861572e-01 6.101822853088378906e-01 1.708070337772369385e-01 -6.684596538543701172e-01 3.861688673496246338e-01 -1.034891605377197266e-01 -3.411779105663299561e-01 4.864949584007263184e-01 -6.905461102724075317e-02 5.803173407912254333e-02 -1.914230883121490479e-01 4.291227161884307861e-01 5.857335776090621948e-02 -6.655583381652832031e-01 -8.197889477014541626e-02 9.847362339496612549e-02 -1.209631264209747314e-01 -5.019381642341613770e-01 6.079312041401863098e-02 2.672017216682434082e-01 5.141929984092712402e-01 2.126121520996093750e-01 -1.098972931504249573e-01 2.079445719718933105e-01 2.731102406978607178e-01 -5.437216907739639282e-02 -9.058809280395507812e-02 -1.638377606868743896e-01 4.064774513244628906e-01 -5.748187303543090820e-01 5.240315794944763184e-01 1.945827454328536987e-01 -1.123846769332885742e-01 -2.558280900120735168e-02 5.542317628860473633e-01 -2.590876817703247070e-01 -8.209651112556457520e-01 1.104125678539276123e-01 2.597666382789611816e-01 5.651766061782836914e-01 -1.212314218282699585e-01 7.861539721488952637e-03 6.213909387588500977e-02 -5.726846307516098022e-02 5.470853447914123535e-01 6.612920761108398438e-01 -1.568198576569557190e-02 1.066765263676643372e-01 -3.161899447441101074e-01 2.213193774223327637e-01 -2.038812190294265747e-01 -1.393999159336090088e-01
-2.382900118827819824e-01 3.468766212463378906e-01 5.586059391498565674e-02 -6.580823659896850586e-02 1.717597991228103638e-01 -1.938326470553874969e-02 1.912020742893218994e-01 -3.821123540401458740e-01 -5.665637850761413574e-01 1.007769405841827393e-01 -3.748923540115356445e-01 -1.498391330242156982e-01 -1.944957971572875977e-01 2.649996578693389893e-01 -3.399594128131866455e-01 -1.004632234573364258e+00 -1.288790404796600342e-01 -2.310377210378646851e-01 -4.449226260185241699e-01 5.124265551567077637e-01 -3.614180386066436768e-01 1.618564128875732422e-03 2.107986211776733398e-01 6.606804728507995605e-01 2.937392294406890869e-01 -2.437964677810668945e-01 -2.820933759212493896e-01 -1.366020441055297852e-01 2.149235010147094727e-01 -5.654697418212890625e-01 2.704052031040191650e-01 3.991260528564453125e-01 -1.883233785629272461e-01 1.964074671268463135e-01 6.802947521209716797e-01 3.078680634498596191e-01 2.359470725059509277e-01 -1.042890325188636780e-01 1.368782520294189453e-01 -5.397669672966003418e-01 6.415501236915588379e-01 -1.260004162788391113e+00 7.996543049812316895e-01 4.399178028106689453e-01 -2.395087033510208130e-01 -4.163636565208435059e-01 -9.624423086643218994e-02 3.263332843780517578e-01 -1.096727013587951660e+00 7.624632120132446289e-02 -2.010225951671600342e-01 2.301578968763351440e-01 2.366304248571395874e-01 -3.559512495994567871e-01 6.077466905117034912e-02 3.522354960441589355e-01 5.645210742950439453e-01 6.709470748901367188e-01 -3.040512204170227051e-01 3.244183212518692017e-02 -2.980266511440277100e-01 -1.622611582279205322e-01 -6.122555136680603027e-01 -4.796581342816352844e-03
-5.174199938774108887e-01 -2.156475186347961426e-01 1.806288212537765503e-02 -1.783463358879089355e-01 5.756907165050506592e-02 -2.523600161075592041e-01 2.562392950057983398e-01 9.679864346981048584e-02 -2.006726264953613281e-01 9.581903219223022461e-01 -1.070345520973205566e+00 2.573128342628479004e-01 -9.119494259357452393e-02 5.104305744171142578e-01 1.915779560804367065e-01 -8.584593981504440308e-02 3.741112649440765381e-01 1.422978639602661133e-01 -2.359338402748107910e-01 -9.295330941677093506e-02 4.077597260475158691e-01 -1.120721846818923950e-01 -6.053521037101745605e-01 -1.335932463407516479e-01 3.026902377605438232e-01 -4.370157122611999512e-01 2.791589498519897461e-01 9.018026292324066162e-02 -4.283234179019927979e-01 -1.058912053704261780e-01 1.926336139440536499e-01 -4.618214070796966553e-02 8.637581467628479004e-01 -5.312447622418403625e-02 -5.450701117515563965e-01 3.232614099979400635e-01 2.716870605945587158e-01 2.019618898630142212e-01 -4.404942393302917480e-01 4.639248549938201904e-02 -1.461334824562072754e-01 7.135111093521118164e-02 3.143226206302642822e-01 -3.900033235549926758e-02 2.548314034938812256e-01 1.959302276372909546e-01 8.816370368003845215e-01 -8.744586706161499023e-01 -3.651483058929443359e-01 2.378831431269645691e-02 2.948052287101745605e-01 5.911517739295959473e-01 -4.856169819831848145e-01 -1.125656664371490479e-01 7.028800249099731445e-02 -5.114358663558959961e-01 4.633853435516357422e-01 5.682431459426879883e-01 3.976313173770904541e-01 1.928015947341918945e-01 -9.074901044368743896e-02 1.970013976097106934e-01 4.437960088253021240e-01 7.737269997596740723e-02
-5.138961672782897949e-01 -9.148681163787841797e-02 3.810922801494598389e-02 -1.172550842165946960e-01 7.153470814228057861e-02 -2.219972908496856689e-01 2.276822924613952637e-01 2.154240012168884277e-02 -2.529739141464233398e-01 9.003283381462097168e-01 -9.840973615646362305e-01 2.088214904069900513e-01 -7.944557070732116699e-02 5.309159755706787109e-01 1.132513433694839478e-01 -2.027478814125061035e-01 3.307840526103973389e-01 7.737645506858825684e-02 -3.171824216842651367e-01 1.401191297918558121e-02 2.933492660522460938e-01 -9.184771776199340820e-02 -5.389763712882995605e-01 -5.454844236373901367e-02 3.412551879882812500e-01 -4.363836348056793213e-01 2.013980150222778320e-01 1.705260574817657471e-02 -3.058769404888153076e-01 -1.729843318462371826e-01 2.757332026958465576e-01 3.004210442304611206e-02 6.303707361221313477e-01 4.856678098440170288e-02 -4.318618476390838623e-01 2.661448121070861816e-01 2.222048044204711914e-01 2.215666919946670532e-01 -2.966445684432983398e-01 -5.729381367564201355e-02 -4.078239202499389648e-03 -1.166879758238792419e-01 4.313703775405883789e-01 5.530263483524322510e-02 2.752190530300140381e-01 1.509133875370025635e-01 7.209804058074951172e-01 -7.015854120254516602e-01 -4.758225679397583008e-01 4.162888973951339722e-03 2.035391330718994141e-01 5.965178608894348145e-01 -4.044066071510314941e-01 -1.104511320590972900e-01 4.008764028549194336e-02 -4.434857368469238281e-01 4.921494722366333008e-01 5.864663124084472656e-01 4.026194512844085693e-01 1.415308713912963867e-01 -1.496912389993667603e-01 2.067528367042541504e-01 2.383937388658523560e-01 9.641195833683013916e-02
-1.517863273620605469e-01 1.776679307222366333e-01 1.489731818437576294e-01 -2.184072136878967285e-01 1.748314648866653442e-01 -1.198744326829910278e-01 9.284764528274536133e-02 -1.643365025520324707e-01 -5.034549236297607422e-01 4.634284973144531250e-01 -8.010109663009643555e-01 -8.637788146734237671e-02 -8.350387215614318848e-02 5.402039289474487305e-01 3.749405592679977417e-02 -5.801600217819213867e-01 2.441354244947433472e-01 -1.617313772439956665e-01 -3.873804807662963867e-01 4.425236582756042480e-01 -5.202939361333847046e-02 1.086171716451644897e-01 -3.765701502561569214e-02 4.909020364284515381e-01 2.025281190872192383e-01 -7.510268688201904297e-01 -1.771450042724609375e-01 -5.310845375061035156e-02 1.674608886241912842e-01 -5.017428398132324219e-01 3.252044692635536194e-02 4.166576266288757324e-01 3.585360348224639893e-01 3.039507865905761719e-01 -6.935908645391464233e-02 1.135524213314056396e-01 2.758720219135284424e-01 1.200380176305770874e-01 -3.261196613311767578e-02 -3.763836622238159180e-01 3.629244863986968994e-01 -7.323958873748779297e-01 4.270921945571899414e-01 4.231680929660797119e-02 1.661795191466808319e-03 -5.147747322916984558e-02 4.820526838302612305e-01 -4.250450432300567627e-02 -9.094046354293823242e-01 1.909295022487640381e-01 2.581435441970825195e-01 4.182284176349639893e-01 -1.059274226427078247e-01 5.463521182537078857e-02 3.539951443672180176e-01 -4.592532664537429810e-02 5.282642245292663574e-01 8.356517553329467773e-01 2.172872796654701233e-02 7.231514900922775269e-02 -2.460634857416152954e-01 2.064444124698638916e-03 -3.392237126827239990e-01 2.899840846657752991e-02
-2.068541646003723145e-01 3.921638131141662598e-01 5.265487730503082275e-02 4.250504076480865479e-03 1.217608153820037842e-01 -1.327188163995742798e-01 2.872233986854553223e-01 -4.021241664886474609e-01 -5.423676967620849609e-01 -8.407261967658996582e-02 -3.124262094497680664e-01 -2.240296602249145508e-01 -2.868828177452087402e-01 1.337900161743164062e-01 -4.753259420394897461e-01 -8.700131177902221680e-01 -2.907350957393646240e-01 -1.027168706059455872e-01 -5.053866505622863770e-01 3.618064820766448975e-01 -2.573525607585906982e-01 1.630435883998870850e-02 2.694279551506042480e-01 5.556861162185668945e-01 3.764787912368774414e-01 -1.455630064010620117e-01 -2.717076539993286133e-01 -3.278594613075256348e-01 3.422732055187225342e-01 -4.093257188796997070e-01 3.328984677791595459e-01 4.273673295974731445e-01 -3.257279098033905029e-01 1.561410725116729736e-01 7.867264747619628906e-01 2.677752375602722168e-01 3.467003107070922852e-01 -1.075040325522422791e-01 1.250042766332626343e-01 -6.824281811714172363e-01 6.409341096878051758e-01 -1.399501323699951172e+00 7.443501949310302734e-01 3.264942169189453125e-01 -2.126889079809188843e-01 -5.119999647140502930e-01 -2.017015963792800903e-01 5.374867320060729980e-01 -1.106502294540405273e+00 -9.182229638099670410e-03 -3.361363410949707031e-01 4.911608621478080750e-02 2.199727594852447510e-01 -4.289581775665283203e-01 1.798152476549148560e-01 3.463855981826782227e-01 5.189977884292602539e-01 7.233951091766357422e-01 -3.681640326976776123e-01 4.093497246503829956e-02 -2.362645715475082397e-01 -3.612898290157318115e-01 -5.722058415412902832e-01 2.454357892274856567e-01
-1.524892449378967285e-01 2.968211174011230469e-01 -6.131920590996742249e-02 -1.584554016590118408e-01 2.160280197858810425e-01 5.197653919458389282e-02 1.120079383254051208e-01 -4.017906785011291504e-01 -4.578502476215362549e-01 2.018295675516128540e-01 -5.141977071762084961e-01 -9.450588375329971313e-02 -2.339117676019668579e-01 4.508185088634490967e-01 -8.082821965217590332e-02 -9.549251198768615723e-01 2.338906005024909973e-02 -1.684325933456420898e-01 -4.093352258205413818e-01 5.175863504409790039e-01 -4.549669027328491211e-01 3.593203797936439514e-02 2.236169576644897461e-02 6.142286658287048340e-01 1.519757211208343506e-01 -3.960923552513122559e-01 -2.051893472671508789e-01 -2.781227231025695801e-02 5.302060395479202271e-03 -6.014963388442993164e-01 1.875461190938949585e-01 3.554559648036956787e-01 4.822741448879241943e-02 1.185857430100440979e-01 3.822638988494873047e-01 2.569404840469360352e-01 2.550087869167327881e-01 -3.330161869525909424e-01 1.172372251749038696e-01 -3.681004941463470459e-01 7.178440093994140625e-01 -9.897207021713256836e-01 7.663941383361816406e-01 4.181798696517944336e-01 -2.360540926456451416e-01 -2.684895396232604980e-01 1.250091642141342163e-01 1.706486493349075317e-01 -1.025518059730529785e+00 6.680208444595336914e-02 -4.128653928637504578e-02 3.747654557228088379e-01 1.182801648974418640e-01 -2.010113745927810669e-01 -8.795239776372909546e-02 2.987672984600067139e-01 5.902289152145385742e-01 5.970700383186340332e-01 -3.158622682094573975e-01 -7.705965638160705566e-02 -4.311563670635223389e-01 -2.832352370023727417e-02 -4.630477428436279297e-01 -1.443823873996734619e-01
-2.337312698364257812e-01 3.950765728950500488e-01 1.870758086442947388e-02 -8.968924731016159058e-02 1.877450793981552124e-01 -3.618514165282249451e-03 2.373365461826324463e-01 -4.360732436180114746e-01 -5.648475885391235352e-01 -7.451325654983520508e-04 -2.525416612625122070e-01 -1.323187649250030518e-01 -2.061215192079544067e-01 2.117133438587188721e-01 -3.662747740745544434e-01 -1.086443305015563965e+00 -2.161339819431304932e-01 -1.467748731374740601e-01 -3.417965173721313477e-01 5.392500162124633789e-01 -4.262001514434814453e-01 -4.286944866180419922e-03 2.388204038143157959e-01 6.686911582946777344e-01 3.054447770118713379e-01 -7.839525490999221802e-02 -2.985826134681701660e-01 -1.554947793483734131e-01 1.632007211446762085e-01 -5.286407470703125000e-01 3.346908688545227051e-01 3.680295944213867188e-01 -3.369362056255340576e-01 1.749822497367858887e-01 8.491823673248291016e-01 3.987175822257995605e-01 3.318155705928802490e-01 -1.807079911231994629e-01 2.359074503183364868e-01 -5.432702302932739258e-01 7.339713573455810547e-01 -1.305821299552917480e+00 8.368678092956542969e-01 5.515020489692687988e-01 -3.857407271862030029e-01 -5.282998681068420410e-01 -2.210311144590377808e-01 3.864760994911193848e-01 -1.031028270721435547e+00 -7.437787204980850220e-02 -2.839075922966003418e-01 1.661105155944824219e-01 2.308221757411956787e-01 -6.021452546119689941e-01 -8.239627629518508911e-02 4.950782656669616699e-01 4.872538447380065918e-01 5.671888589859008789e-01 -4.197770357131958008e-01 1.087591275572776794e-01 -3.291393816471099854e-01 -2.070557475090026855e-01 -6.140887141227722168e-01 -8.090221881866455078e-02
-2.480566203594207764e-01 3.949850201606750488e-01 -1.801168546080589294e-02 -8.800849318504333496e-03 1.584719568490982056e-01 1.547782402485609055e-02 2.292645424604415894e-01 -4.569578170776367188e-01 -5.277165770530700684e-01 -2.812485396862030029e-02 -2.296276092529296875e-01 -1.854763031005859375e-01 -2.463453859090805054e-01 1.677162945270538330e-01 -4.018417000770568848e-01 -1.038728594779968262e+00 -2.985519766807556152e-01 -9.581591933965682983e-02 -4.184101223945617676e-01 4.205134212970733643e-01 -4.151382446289062500e-01 1.631428115069866180e-02 2.224686741828918457e-01 5.963561534881591797e-01 3.674717843532562256e-01 -8.677486330270767212e-02 -2.492920160293579102e-01 -2.226646691560745239e-01 1.163169890642166138e-01 -4.584223926067352295e-01 3.589216172695159912e-01 3.560892343521118164e-01 -3.420965075492858887e-01 1.445311009883880615e-01 8.383598327636718750e-01 3.630332052707672119e-01 3.116781711578369141e-01 -2.172399014234542847e-01 2.684841752052307129e-01 -5.293075442314147949e-01 7.260246872901916504e-01 -1.312878131866455078e+00 8.397501111030578613e-01 4.852070212364196777e-01 -3.333263099193572998e-01 -5.109899640083312988e-01 -2.361082583665847778e-01 4.329201579093933105e-01 -1.013253450393676758e+00 -8.443965762853622437e-02 -3.284985423088073730e-01 1.423324048519134521e-01 2.988191843032836914e-01 -5.520817637443542480e-01 -6.267299503087997437e-02 4.389134943485260010e-01 5.249915719032287598e-01 5.908089876174926758e-01 -3.928429484367370605e-01 4.137047380208969116e-02 -3.604327142238616943e-01 -2.361556887626647949e-01 -5.976170897483825684e-01 4.217366501688957214e-02
-2.567033469676971436e-01 3.262664079666137695e-01 8.738869428634643555e-02 -9.320598840713500977e-02 3.092213273048400879e-01 6.992733478546142578e-02 6.583248078823089600e-02 -4.388096332550048828e-01 -5.280312299728393555e-01 1.321024447679519653e-01 -4.080796837806701660e-01 -1.234492883086204529e-01 -1.260780990123748779e-01 3.232234120368957520e-01 -2.026958167552947998e-01 -1.098917961120605469e+00 -4.499724507331848145e-02 -2.415932416915893555e-01 -4.098045825958251953e-01 5.935707092285156250e-01 -5.018305182456970215e-01 2.126673981547355652e-02 2.284760773181915283e-01 6.912766098976135254e-01 2.510493397712707520e-01 -2.360600233078002930e-01 -3.268029689788818359e-01 -3.375983983278274536e-02 2.053391635417938232e-01 -6.288334131240844727e-01 1.845464259386062622e-01 4.118176698684692383e-01 -2.226625233888626099e-01 2.206000387668609619e-01 7.042766213417053223e-01 3.321778178215026855e-01 3.051617741584777832e-01 -1.389935761690139771e-01 1.752774566411972046e-01 -5.539022088050842285e-01 7.236329913139343262e-01 -1.236127734184265137e+00 8.842952847480773926e-01 5.386605858802795410e-01 -3.669736683368682861e-01 -3.656771183013916016e-01 -1.043296605348587036e-01 2.800968885421752930e-01 -1.079166173934936523e+00 5.677977576851844788e-02 -2.663540244102478027e-01 2.524598240852355957e-01 1.951006501913070679e-01 -4.025635719299316406e-01 7.424250245094299316e-03 4.576900601387023926e-01 5.278970003128051758e-01 6.190569400787353516e-01 -4.098930656909942627e-01 5.510883778333663940e-02 -2.649607062339782715e-01 -8.346064388751983643e-02 -6.513665318489074707e-01 -2.036481797695159912e-01
-3.175609111785888672e-01 1.070097982883453369e-01 -9.767949581146240234e-02 4.176255315542221069e-02 1.547761112451553345e-01 -5.479001998901367188e-02 2.838283777236938477e-01 -2.387522161006927490e-01 -3.395014107227325439e-01 3.299356698989868164e-01 -7.393099069595336914e-01 -4.483389109373092651e-02 -4.110377132892608643e-01 3.096604049205780029e-01 -1.047782003879547119e-01 -4.904437065124511719e-01 -1.658417470753192902e-02 7.082363963127136230e-02 -5.087867975234985352e-01 9.560593962669372559e-02 -2.423868328332901001e-02 -1.933532655239105225e-01 -2.052364051342010498e-01 2.106847167015075684e-01 2.298526614904403687e-01 -3.125360608100891113e-01 -3.768710792064666748e-02 -1.562691032886505127e-01 -1.364121437072753906e-01 -3.510128855705261230e-01 4.016985595226287842e-01 2.033791244029998779e-01 3.153295218944549561e-01 -9.694788604974746704e-03 1.268080174922943115e-01 2.530255317687988281e-01 3.817321062088012695e-01 -2.812812030315399170e-01 -2.872346043586730957e-01 -3.184988200664520264e-01 2.503094077110290527e-01 -7.046502828598022461e-01 7.523486018180847168e-01 1.518346667289733887e-01 1.950037777423858643e-01 -2.626756429672241211e-01 3.208417594432830811e-01 -1.761206388473510742e-01 -8.473182320594787598e-01 1.396859586238861084e-01 -1.005328446626663208e-01 4.120979011058807373e-01 -1.889939159154891968e-01 -1.443715095520019531e-01 1.404558718204498291e-01 -1.039850339293479919e-01 5.148168206214904785e-01 5.733426809310913086e-01 -7.998670637607574463e-02 -1.047534793615341187e-01 -2.703466415405273438e-01 8.804265409708023071e-02 1.278926581144332886e-01 1.707036793231964111e-01
-1.480156183242797852e-01 6.068502366542816162e-02 -1.707416921854019165e-01 -8.476046472787857056e-02 1.631197184324264526e-01 -9.453572332859039307e-02 2.710746526718139648e-01 -1.931417435407638550e-01 -2.819294333457946777e-01 3.773726820945739746e-01 -7.040929794311523438e-01 -7.637891918420791626e-02 -3.975056707859039307e-01 3.724434673786163330e-01 -4.378536343574523926e-02 -5.286517143249511719e-01 1.588241308927536011e-01 -1.565926522016525269e-02 -4.734584689140319824e-01 1.146878600120544434e-01 -2.528756856918334961e-02 -3.878723457455635071e-02 -1.844653189182281494e-01 2.654517889022827148e-01 1.620595008134841919e-01 -3.585165739059448242e-01 6.258058361709117889e-03 1.284342259168624878e-02 -1.758270859718322754e-01 -4.369088411331176758e-01 2.724988758563995361e-01 2.017166018486022949e-01 2.763412892818450928e-01 -2.254252880811691284e-02 7.980986684560775757e-02 2.843701243400573730e-01 3.226853311061859131e-01 -2.613273859024047852e-01 -2.215529382228851318e-01 -2.433824986219406128e-01 3.259892165660858154e-01 -6.176543831825256348e-01 5.844107270240783691e-01 2.047006040811538696e-01 5.028774216771125793e-02 -1.665475070476531982e-01 3.527071475982666016e-01 -2.533444762229919434e-01 -8.676365613937377930e-01 9.588322043418884277e-02 -3.342671692371368408e-02 4.977428913116455078e-01 -1.768804043531417847e-01 -1.670981049537658691e-01 1.205277591943740845e-01 -5.826530605554580688e-02 5.259693264961242676e-01 5.979419946670532227e-01 -2.935608103871345520e-02 -3.159292042255401611e-03 -3.044822514057159424e-01 4.987793415784835815e-02 4.645053669810295105e-02 6.789678335189819336e-02
-3.707930743694305420e-01 4.819248616695404053e-02 -5.250543355941772461e-02 -7.128623872995376587e-02 1.525610089302062988e-01 -6.995163857936859131e-02 3.315462470054626465e-01 -1.195634976029396057e-01 -3.043779134750366211e-01 5.484207272529602051e-01 -7.811937332153320312e-01 8.725559711456298828e-02 -3.748879730701446533e-01 4.613337218761444092e-01 3.073676675558090210e-02 -4.628738462924957275e-01 1.522722691297531128e-01 9.551818668842315674e-02 -3.947595059871673584e-01 7.936334609985351562e-02 3.895700722932815552e-02 -1.119950562715530396e-01 -3.913891017436981201e-01 1.841705888509750366e-01 1.498574912548065186e-01 -3.381734788417816162e-01 9.169419854879379272e-02 -1.034311950206756592e-02 -3.454925119876861572e-01 -2.898646891117095947e-01 3.984834253787994385e-01 1.420203447341918945e-01 4.443926513195037842e-01 -5.005993694067001343e-02 -1.292369961738586426e-01 2.746728062629699707e-01 4.040001630783081055e-01 -2.420681565999984741e-01 -2.887955307960510254e-01 -1.540594249963760376e-01 2.384965121746063232e-01 -4.496110379695892334e-01 5.764179825782775879e-01 1.801337152719497681e-01 1.699315309524536133e-01 -1.091602593660354614e-01 5.688898563385009766e-01 -4.181194901466369629e-01 -7.065337896347045898e-01 -1.851009204983711243e-02 1.085021793842315674e-01 4.643717408180236816e-01 -3.890047073364257812e-01 -1.847770661115646362e-01 -6.470376253128051758e-02 -2.308250665664672852e-01 5.035537481307983398e-01 5.021717548370361328e-01 9.224663674831390381e-02 -4.339223355054855347e-02 -3.162126243114471436e-01 1.854088306427001953e-01 1.864638030529022217e-01 3.214010596275329590e-02
-1.837812662124633789e-01 3.402454257011413574e-01 -4.266317561268806458e-02 -7.405308634042739868e-02 1.383776813745498657e-01 -1.370218545198440552e-01 2.658352553844451904e-01 -4.211910068988800049e-01 -5.204320549964904785e-01 -1.107965260744094849e-01 -2.524849772453308105e-01 -1.407859921455383301e-01 -3.804278075695037842e-01 2.202245295047760010e-01 -3.584536015987396240e-01 -9.413288831710815430e-01 -2.838046848773956299e-01 1.908913254737854004e-04 -5.007411241531372070e-01 2.981087565422058105e-01 -4.019066691398620605e-01 -5.293997004628181458e-02 2.479837536811828613e-01 4.797299504280090332e-01 2.734620571136474609e-01 -1.709915101528167725e-01 -2.184437215328216553e-01 -1.916652172803878784e-01 1.505915075540542603e-01 -3.592835068702697754e-01 2.895189821720123291e-01 3.838634490966796875e-01 -2.492773979902267456e-01 9.202048927545547485e-02 7.547900676727294922e-01 3.015095889568328857e-01 4.112232625484466553e-01 -3.627606928348541260e-01 1.063494384288787842e-01 -5.654389262199401855e-01 7.081337571144104004e-01 -1.276860713958740234e+00 7.565588951110839844e-01 4.128411412239074707e-01 -2.276183813810348511e-01 -4.857079386711120605e-01 -1.747195273637771606e-01 3.674810528755187988e-01 -1.054554581642150879e+00 -4.805821552872657776e-02 -2.763903141021728516e-01 8.116880059242248535e-02 1.496621966361999512e-01 -4.494378566741943359e-01 5.717493593692779541e-03 3.579218685626983643e-01 6.221571564674377441e-01 6.746867895126342773e-01 -3.867234885692596436e-01 3.672672063112258911e-02 -4.040916860103607178e-01 -2.768971323966979980e-01 -5.056746006011962891e-01 1.838935613632202148e-01
-1.645978093147277832e-01 2.280469089746475220e-01 8.959187567234039307e-02 -1.236473992466926575e-01 1.789188832044601440e-01 -9.016096591949462891e-02 1.261395066976547241e-01 -1.799983978271484375e-01 -5.197014212608337402e-01 3.173468708992004395e-01 -7.199184894561767578e-01 -1.447533667087554932e-01 -1.421991586685180664e-01 4.593956768512725830e-01 -9.091363847255706787e-02 -7.050291299819946289e-01 1.471168845891952515e-01 -2.302841246128082275e-01 -3.859856724739074707e-01 5.409753322601318359e-01 -1.021438911557197571e-01 3.643260523676872253e-02 6.308005005121231079e-02 5.666868090629577637e-01 1.780846416950225830e-01 -5.995702147483825684e-01 -2.311642467975616455e-01 -5.629257857799530029e-02 2.385020256042480469e-01 -6.398109793663024902e-01 1.369727700948715210e-01 3.691493868827819824e-01 2.096335887908935547e-01 3.293606340885162354e-01 1.489978730678558350e-01 2.781626582145690918e-02 1.747351586818695068e-01 7.932461798191070557e-02 2.705536782741546631e-03 -4.702375531196594238e-01 3.862176537513732910e-01 -8.953940272331237793e-01 5.952190160751342773e-01 1.685648858547210693e-01 -4.887685924768447876e-02 -1.271097958087921143e-01 2.927747666835784912e-01 7.405827939510345459e-02 -9.874298572540283203e-01 2.420822083950042725e-01 7.463687658309936523e-02 4.626646041870117188e-01 3.020561486482620239e-02 4.503732174634933472e-02 3.350456953048706055e-01 -2.271034568548202515e-02 5.297750234603881836e-01 8.297064900398254395e-01 -4.768393561244010925e-02 5.601289123296737671e-02 -2.709250450134277344e-01 -5.009141564369201660e-02 -4.178443551063537598e-01 1.228898018598556519e-02
-2.499631345272064209e-01 -1.516311764717102051e-01 -5.687440931797027588e-02 -7.701050490140914917e-02 9.647545218467712402e-02 -3.164060115814208984e-01 3.867426812648773193e-01 5.280445516109466553e-02 -2.931214272975921631e-01 6.853077411651611328e-01 -9.578923583030700684e-01 6.927524507045745850e-02 -3.318631947040557861e-01 4.111865460872650146e-01 1.263704746961593628e-01 -1.647815406322479248e-01 2.927927672863006592e-01 1.717172414064407349e-01 -2.713004052639007568e-01 4.283989220857620239e-02 3.403322398662567139e-01 -2.615102007985115051e-02 -4.383501410484313965e-01 -7.204264402389526367e-03 2.793386578559875488e-01 -4.547770917415618896e-01 2.025609016418457031e-01 -3.941245377063751221e-02 -2.902122735977172852e-01 -1.887689828872680664e-01 3.301781713962554932e-01 1.102270185947418213e-01 7.035852670669555664e-01 -2.463087439537048340e-03 -2.928168773651123047e-01 2.468355149030685425e-01 3.466442823410034180e-01 1.373422294855117798e-01 -3.763632774353027344e-01 -1.465997695922851562e-01 8.718386292457580566e-03 -2.695478498935699463e-01 3.045968413352966309e-01 -1.110996454954147339e-01 1.223668381571769714e-01 4.271167516708374023e-02 7.456812858581542969e-01 -4.987183213233947754e-01 -4.669564366340637207e-01 5.978671833872795105e-02 3.154552280902862549e-01 5.312766432762145996e-01 -3.949732780456542969e-01 -1.581424325704574585e-01 1.551200896501541138e-01 -3.783112764358520508e-01 4.769118428230285645e-01 7.074943184852600098e-01 2.459824383258819580e-01 2.264960110187530518e-01 -1.100599616765975952e-01 -2.891927957534790039e-03 2.970442473888397217e-01 2.391226440668106079e-01
-1.741769760847091675e-01 1.947986334562301636e-02 -8.431494235992431641e-02 1.872956007719039917e-02 8.366243541240692139e-02 -2.426814585924148560e-01 3.449882864952087402e-01 -1.181651651859283447e-01 -3.071581721305847168e-01 4.219101071357727051e-01 -7.871840000152587891e-01 -5.112703889608383179e-02 -4.233514964580535889e-01 3.670274615287780762e-01 -3.589110076427459717e-02 -3.677212297916412354e-01 1.643825173377990723e-01 1.511351764202117920e-01 -4.273111224174499512e-01 1.004464477300643921e-01 1.448475569486618042e-01 -7.853379845619201660e-02 -3.024619221687316895e-01 9.752545505762100220e-02 2.697419226169586182e-01 -3.952210545539855957e-01 7.159886509180068970e-02 -1.315740048885345459e-01 -1.127324402332305908e-01 -2.379774153232574463e-01 3.937650918960571289e-01 2.371228635311126709e-01 3.612541258335113525e-01 2.543181926012039185e-02 -8.317939937114715576e-03 2.227415293455123901e-01 2.762064039707183838e-01 1.828760839998722076e-03 -2.824820280075073242e-01 -2.548424303531646729e-01 1.679233014583587646e-01 -5.802194476127624512e-01 5.199604034423828125e-01 -3.042632341384887695e-02 1.995178759098052979e-01 -1.302579045295715332e-01 4.574407339096069336e-01 -2.197975665330886841e-01 -7.507982850074768066e-01 1.427103132009506226e-01 1.244073361158370972e-01 4.389548301696777344e-01 -3.032851815223693848e-01 -9.620647132396697998e-02 2.224329859018325806e-01 -2.171059548854827881e-01 4.546464681625366211e-01 7.141236066818237305e-01 8.424220979213714600e-02 1.504924893379211426e-01 -1.401150375604629517e-01 -1.170023381710052490e-01 1.013527587056159973e-01 3.154051899909973145e-01
-3.339468836784362793e-01 2.605653554201126099e-02 -9.556466341018676758e-02 -3.544826060533523560e-02 1.602325588464736938e-01 -7.557083666324615479e-02 3.038638234138488770e-01 -2.288289368152618408e-01 -3.094989657402038574e-01 4.248254895210266113e-01 -7.689158916473388672e-01 5.957276746630668640e-02 -4.304784238338470459e-01 3.698205053806304932e-01 3.996583819389343262e-02 -4.257754683494567871e-01 1.490465104579925537e-01 1.655327975749969482e-01 -4.583838582038879395e-01 5.234243720769882202e-02 -5.853131413459777832e-03 -1.804150491952896118e-01 -3.294185996055603027e-01 1.313147693872451782e-01 1.392084658145904541e-01 -3.635037243366241455e-01 2.101132459938526154e-02 -6.986059248447418213e-02 -2.037073224782943726e-01 -2.622307837009429932e-01 4.046756625175476074e-01 2.125881761312484741e-01 3.703850805759429932e-01 -8.808276057243347168e-02 1.605667918920516968e-02 2.474662512540817261e-01 3.838932812213897705e-01 -2.439825385808944702e-01 -3.414895832538604736e-01 -1.647182404994964600e-01 2.074915170669555664e-01 -5.147581100463867188e-01 6.515647172927856445e-01 1.348980218172073364e-01 1.840269863605499268e-01 -1.261714994907379150e-01 4.647531509399414062e-01 -3.563339710235595703e-01 -7.475016713142395020e-01 8.206807076930999756e-02 4.163026809692382812e-02 4.787225425243377686e-01 -3.714366555213928223e-01 -1.793512701988220215e-01 1.051968187093734741e-01 -1.858130395412445068e-01 4.929128289222717285e-01 5.588181614875793457e-01 4.238887503743171692e-02 4.448833316564559937e-02 -2.844351530075073242e-01 6.404524296522140503e-02 2.222163826227188110e-01 8.143646270036697388e-02
-1.124792993068695068e-01 1.788142323493957520e-02 1.313078850507736206e-01 -2.963286340236663818e-01 1.943547278642654419e-01 -1.771122962236404419e-01 2.248302698135375977e-01 -9.554174542427062988e-02 -4.035096168518066406e-01 5.506113171577453613e-01 -8.095666170120239258e-01 -8.453556150197982788e-02 -1.428401619195938110e-01 5.295143127441406250e-01 8.360198140144348145e-02 -5.364789962768554688e-01 3.979060053825378418e-01 -1.230950802564620972e-01 -2.978269159793853760e-01 5.140367150306701660e-01 1.354816555976867676e-01 1.033572703599929810e-01 -1.546972393989562988e-01 4.440131187438964844e-01 7.252059131860733032e-02 -5.887215137481689453e-01 -2.577237039804458618e-02 7.321020960807800293e-02 -5.671655014157295227e-02 -5.271446108818054199e-01 1.355892568826675415e-01 2.327571213245391846e-01 4.880187809467315674e-01 2.337894439697265625e-01 -9.667602926492691040e-02 2.150063514709472656e-01 2.486933469772338867e-01 9.386695921421051025e-02 -1.561695486307144165e-01 -1.906300336122512817e-01 2.531149387359619141e-01 -6.182413697242736816e-01 4.133795797824859619e-01 1.189263314008712769e-01 -1.220908537507057190e-01 -5.308830365538597107e-02 5.634613037109375000e-01 -2.681096792221069336e-01 -8.083885908126831055e-01 8.494657278060913086e-02 2.701051831245422363e-01 6.028589606285095215e-01 -1.440268605947494507e-01 -5.346335470676422119e-02 1.374141871929168701e-01 -1.684004664421081543e-01 4.673509001731872559e-01 6.881943941116333008e-01 8.348323404788970947e-02 2.170111536979675293e-01 -2.197565138339996338e-01 1.176697090268135071e-01 -1.752810180187225342e-01 -5.913930013775825500e-02
-1.914200037717819214e-01 1.198581308126449585e-01 -1.062749028205871582e-01 -2.293378859758377075e-02 5.484418570995330811e-02 -2.809359133243560791e-01 3.849479258060455322e-01 -1.539560258388519287e-01 -3.557371795177459717e-01 2.730337977409362793e-01 -7.121111750602722168e-01 -9.337628632783889771e-02 -4.435837268829345703e-01 3.452958762645721436e-01 -1.572983413934707642e-01 -4.111568629741668701e-01 -3.252043575048446655e-02 8.860522508621215820e-02 -4.757164716720581055e-01 4.981644451618194580e-02 8.323137462139129639e-02 -1.103060841560363770e-01 -1.341677904129028320e-01 1.469852775335311890e-01 2.508051395416259766e-01 -3.288961052894592285e-01 2.465062960982322693e-02 -1.840532124042510986e-01 -2.560306340456008911e-02 -2.535126805305480957e-01 3.659932017326354980e-01 2.179985493421554565e-01 3.028145134449005127e-01 1.403341442346572876e-02 1.202041581273078918e-01 2.228871583938598633e-01 4.068306982517242432e-01 -1.750345826148986816e-01 -2.295375019311904907e-01 -4.635564982891082764e-01 3.389864861965179443e-01 -7.248858809471130371e-01 5.411263704299926758e-01 5.534341186285018921e-02 1.440607905387878418e-01 -2.799563407897949219e-01 2.911207973957061768e-01 -6.710888445377349854e-02 -8.195188045501708984e-01 6.068686768412590027e-02 -3.759562969207763672e-03 3.311308324337005615e-01 -1.844170391559600830e-01 -1.665812134742736816e-01 1.545180082321166992e-01 -1.031109169125556946e-01 5.553748011589050293e-01 7.239361405372619629e-01 -1.062605679035186768e-01 4.210361093282699585e-02 -2.513516545295715332e-01 -1.310506612062454224e-01 7.376938313245773315e-02 3.866950273513793945e-01
-1.746297329664230347e-01 2.062472254037857056e-01 6.328648328781127930e-02 -1.416983604431152344e-01 2.248046249151229858e-01 -1.810117065906524658e-01 2.265110611915588379e-01 -2.064910531044006348e-01 -3.608728051185607910e-01 4.212850928306579590e-01 -6.736670136451721191e-01 -1.076335683465003967e-01 -2.315844446420669556e-01 5.606698989868164062e-01 -1.039506494998931885e-02 -6.664465665817260742e-01 1.950906664133071899e-01 -8.651313185691833496e-02 -4.536160230636596680e-01 4.379590153694152832e-01 -7.204099744558334351e-02 -1.260950788855552673e-02 -1.095067635178565979e-01 3.884248137474060059e-01 1.575996726751327515e-01 -4.416160583496093750e-01 1.499377191066741943e-02 -1.577462255954742432e-02 -4.942704364657402039e-02 -4.570010602474212646e-01 2.900326550006866455e-01 1.847368478775024414e-01 3.559727370738983154e-01 1.716479361057281494e-01 3.744743019342422485e-02 2.382711470127105713e-01 2.720047235488891602e-01 -1.057238206267356873e-01 -1.531696468591690063e-01 -2.855161428451538086e-01 4.816030561923980713e-01 -7.081307172775268555e-01 6.102931499481201172e-01 2.135257869958877563e-01 -9.820860810577869415e-03 -1.867736279964447021e-01 3.795694112777709961e-01 -1.199466586112976074e-01 -8.777415752410888672e-01 9.408067166805267334e-02 8.149325847625732422e-02 4.509322941303253174e-01 -5.928266793489456177e-02 -1.043847501277923584e-01 -1.089441776275634766e-02 -3.762345761060714722e-02 5.711214542388916016e-01 6.527158021926879883e-01 -1.000422090291976929e-01 8.709759265184402466e-02 -3.342881798744201660e-01 4.489267617464065552e-02 -2.637507617473602295e-01 4.712902754545211792e-02
-1.793784350156784058e-01 2.670829892158508301e-01 -1.044854819774627686e-01 -9.425873309373855591e-02 8.594439923763275146e-02 -2.476674765348434448e-01 2.863785922527313232e-01 -2.428613007068634033e-01 -4.429949223995208740e-01 1.322381645441055298e-01 -5.452172160148620605e-01 -4.602319747209548950e-02 -3.735518157482147217e-01 3.530041277408599854e-01 -1.952718198299407959e-01 -6.598170399665832520e-01 -1.130747720599174500e-01 -1.631699502468109131e-03 -5.306989550590515137e-01 1.440656185150146484e-01 -2.217241525650024414e-01 -8.390982449054718018e-02 6.868381053209304810e-02 2.999039292335510254e-01 2.361134886741638184e-01 -3.117046654224395752e-01 -1.111901178956031799e-01 -1.502727270126342773e-01 1.103654056787490845e-01 -3.537515103816986084e-01 2.434649616479873657e-01 3.320540785789489746e-01 1.257213056087493896e-01 3.337635844945907593e-02 3.538817763328552246e-01 2.035578787326812744e-01 3.861055672168731689e-01 -2.867922782897949219e-01 -1.181552857160568237e-01 -5.127314925193786621e-01 5.373886227607727051e-01 -9.137955904006958008e-01 6.178529858589172363e-01 1.957426667213439941e-01 -1.341142971068620682e-02 -3.266512155532836914e-01 1.324250400066375732e-01 1.232920140027999878e-01 -9.796841144561767578e-01 7.234500348567962646e-02 -1.088490858674049377e-01 2.114674299955368042e-01 -3.683042526245117188e-02 -2.120566368103027344e-01 8.895151317119598389e-02 1.233750358223915100e-01 6.717359423637390137e-01 7.437382340431213379e-01 -2.378657162189483643e-01 -1.148560643196105957e-02 -3.772283494472503662e-01 -2.040692418813705444e-01 -2.160349041223526001e-01 2.421139627695083618e-01
-1.982724666595458984e-01 1.035879254341125488e-01 1.697242558002471924e-01 -3.514592945575714111e-01 1.921941190958023071e-01 -7.511197775602340698e-02 4.280674457550048828e-02 -1.375413686037063599e-01 -4.581219255924224854e-01 6.539546847343444824e-01 -8.096019029617309570e-01 -1.721962541341781616e-02 2.703387662768363953e-02 6.650245189666748047e-01 1.796737760305404663e-01 -7.222427129745483398e-01 4.046185314655303955e-01 -2.964338064193725586e-01 -2.498902976512908936e-01 6.897431612014770508e-01 -1.022962704300880432e-01 1.478089541196823120e-01 -1.861807107925415039e-01 5.443160533905029297e-01 7.852297276258468628e-02 -6.348778009414672852e-01 -8.391159027814865112e-02 1.066779047250747681e-01 -3.377757966518402100e-04 -6.522912979125976562e-01 3.970912471413612366e-02 2.320348024368286133e-01 4.403173625469207764e-01 3.171862363815307617e-01 -1.044261679053306580e-01 1.661213487386703491e-01 1.145060732960700989e-01 1.384662538766860962e-01 8.185432851314544678e-02 -2.244299203157424927e-01 4.477814435958862305e-01 -5.468751192092895508e-01 5.518050193786621094e-01 3.126779794692993164e-01 -2.111003994941711426e-01 7.912321388721466064e-02 5.680741071701049805e-01 -2.118539065122604370e-01 -8.289628028869628906e-01 6.638431549072265625e-02 2.463716268539428711e-01 6.737396717071533203e-01 3.157943487167358398e-03 7.826060056686401367e-03 1.850876212120056152e-02 -8.727785199880599976e-02 5.362703204154968262e-01 6.561349034309387207e-01 8.305557072162628174e-02 1.713356077671051025e-01 -3.073809742927551270e-01 1.753497123718261719e-01 -4.313363432884216309e-01 -2.583066523075103760e-01
-4.126108884811401367e-01 9.865449368953704834e-02 3.867516666650772095e-02 -7.956939190626144409e-02 2.411622554063796997e-01 -6.855630874633789062e-02 2.134052962064743042e-01 -1.932935863733291626e-01 -3.734753429889678955e-01 4.910204410552978516e-01 -7.658368945121765137e-01 7.018458843231201172e-02 -2.396421879529953003e-01 4.673635661602020264e-01 4.877758771181106567e-02 -5.188947916030883789e-01 1.986794918775558472e-01 -6.014870852231979370e-02 -4.449033737182617188e-01 2.438309937715530396e-01 -5.032195895910263062e-02 -1.339104622602462769e-01 -2.124784886837005615e-01 2.684915065765380859e-01 1.902917921543121338e-01 -4.754223823547363281e-01 2.324436977505683899e-02 4.100811481475830078e-02 -1.350849568843841553e-01 -4.267461895942687988e-01 3.024570047855377197e-01 1.773403286933898926e-01 4.903660118579864502e-01 7.126843184232711792e-02 -2.437455952167510986e-02 1.939873397350311279e-01 2.608822584152221680e-01 -6.884023547172546387e-02 -3.326496481895446777e-01 -1.617446690797805786e-01 1.697206199169158936e-01 -5.518778562545776367e-01 6.500480175018310547e-01 2.281513512134552002e-01 1.005236282944679260e-01 -5.113594979047775269e-02 4.810645580291748047e-01 -4.031731486320495605e-01 -7.286909818649291992e-01 1.884410679340362549e-01 8.871281147003173828e-02 5.190398693084716797e-01 -2.353304475545883179e-01 -1.193540245294570923e-01 6.302751600742340088e-02 -1.907858252525329590e-01 6.029021143913269043e-01 6.448798179626464844e-01 1.168099343776702881e-01 6.327905505895614624e-02 -3.220940828323364258e-01 1.516169607639312744e-01 -2.511611208319664001e-02 -4.395389184355735779e-02
-1.607558876276016235e-02 1.945739537477493286e-01 -1.093138754367828369e-02 -1.126530840992927551e-01 2.279677838087081909e-01 -1.525418311357498169e-01 3.167214989662170410e-01 -2.320113778114318848e-01 -5.923928022384643555e-01 7.727847993373870850e-02 -5.586674213409423828e-01 -2.242316007614135742e-01 -4.243406057357788086e-01 3.497140109539031982e-01 -2.331846654415130615e-01 -7.396138906478881836e-01 1.052176114171743393e-02 -1.289324164390563965e-01 -3.497270643711090088e-01 4.505545496940612793e-01 -6.278885155916213989e-02 3.553475812077522278e-02 7.511881738901138306e-02 5.534039735794067383e-01 1.883527189493179321e-01 -4.882218241691589355e-01 -1.962688565254211426e-01 -1.803044676780700684e-01 1.827256828546524048e-01 -5.174345970153808594e-01 3.100544214248657227e-01 4.386431574821472168e-01 1.368143111467361450e-01 1.490061283111572266e-01 3.099223971366882324e-01 1.902055889368057251e-01 3.634803593158721924e-01 -2.016912847757339478e-01 -5.341256409883499146e-02 -4.907171726226806641e-01 5.121327638626098633e-01 -1.062488317489624023e+00 5.393309593200683594e-01 1.574014127254486084e-01 -1.206459477543830872e-01 -3.488929867744445801e-01 2.204780131578445435e-01 2.269739061594009399e-01 -9.984961748123168945e-01 1.114907115697860718e-01 1.098082959651947021e-01 2.678658366203308105e-01 5.369782447814941406e-03 -1.907785832881927490e-01 2.525631785392761230e-01 8.202034980058670044e-02 5.204647779464721680e-01 7.734637856483459473e-01 -1.936337500810623169e-01 3.330624848604202271e-02 -2.748669981956481934e-01 -1.855706125497817993e-01 -3.497852087020874023e-01 1.383406370878219604e-01
-3.766811490058898926e-01 1.354672610759735107e-01 -3.794494271278381348e-02 -3.469187766313552856e-02 1.389715820550918579e-01 -4.956950247287750244e-02 1.057100519537925720e-01 -2.362813055515289307e-01 -2.642979919910430908e-01 5.929993391036987305e-01 -7.827295064926147461e-01 3.520913422107696533e-03 -1.016976386308670044e-01 4.417426884174346924e-01 3.765236586332321167e-02 -5.249834060668945312e-01 1.580586284399032593e-01 -6.602231413125991821e-02 -5.311196446418762207e-01 2.125894874334335327e-01 -1.205526068806648254e-01 -5.720464512705802917e-02 -2.012736499309539795e-01 2.776364982128143311e-01 2.282810360193252563e-01 -4.168084859848022461e-01 1.317948102951049805e-03 3.311849385499954224e-02 -1.512979120016098022e-01 -4.409831762313842773e-01 1.746670752763748169e-01 6.482568383216857910e-02 3.396109640598297119e-01 1.351651847362518311e-01 -1.409458369016647339e-02 1.761048436164855957e-01 1.892491579055786133e-01 -1.712685078382492065e-02 -1.554633378982543945e-01 -2.438630312681198120e-01 3.024645745754241943e-01 -5.432423353195190430e-01 6.605303883552551270e-01 2.585543990135192871e-01 8.658509701490402222e-02 -3.166770562529563904e-02 3.617177903652191162e-01 -3.449764847755432129e-01 -8.078615069389343262e-01 1.461546123027801514e-01 -8.453861624002456665e-02 5.875056982040405273e-01 -7.755044102668762207e-02 -7.628655433654785156e-02 9.638488292694091797e-02 -6.624882668256759644e-02 5.612599849700927734e-01 6.022678017616271973e-01 5.130678787827491760e-02 -1.037906855344772339e-02 -3.501606583595275879e-01 1.701971888542175293e-01 -8.645988255739212036e-02 -8.853141218423843384e-03
-3.625730872154235840e-01 -1.158698648214340210e-02 8.666901290416717529e-02 -1.563077270984649658e-01 1.120748370885848999e-01 -2.381712049245834351e-01 1.339781880378723145e-01 -3.499688208103179932e-02 -2.681920826435089111e-01 8.334841728210449219e-01 -9.453576803207397461e-01 6.653282791376113892e-02 -4.519288614392280579e-02 5.928900241851806641e-01 1.698841303586959839e-01 -2.872916758060455322e-01 3.005549609661102295e-01 -2.813908457756042480e-02 -4.022690355777740479e-01 1.487505584955215454e-01 1.440673768520355225e-01 -4.093162715435028076e-04 -4.044103026390075684e-01 8.437175303697586060e-02 2.618818879127502441e-01 -5.249420404434204102e-01 1.678042411804199219e-01 2.409908175468444824e-02 -2.627862393856048584e-01 -2.660647630691528320e-01 1.371610909700393677e-01 5.224247276782989502e-02 7.004060149192810059e-01 1.633620858192443848e-01 -3.835720717906951904e-01 2.347105145454406738e-01 2.360153496265411377e-01 1.616533249616622925e-01 -2.235912084579467773e-01 -1.427262574434280396e-01 1.637415587902069092e-01 -2.400119602680206299e-01 4.441453814506530762e-01 4.471394419670104980e-02 1.027886494994163513e-01 1.053784042596817017e-01 7.093897461891174316e-01 -5.171634554862976074e-01 -6.146315336227416992e-01 7.230041921138763428e-02 2.018431723117828369e-01 6.002671122550964355e-01 -2.023396641016006470e-01 2.151593565940856934e-03 3.662733733654022217e-02 -3.069320917129516602e-01 5.602784752845764160e-01 6.401212215423583984e-01 2.324211299419403076e-01 1.219657734036445618e-01 -2.027274817228317261e-01 2.248716950416564941e-01 7.024756819009780884e-02 8.039051294326782227e-02
-1.569653451442718506e-01 -1.856503039598464966e-01 1.303946971893310547e-02 -3.765908479690551758e-01 8.262513577938079834e-02 -1.742276102304458618e-01 3.092559576034545898e-01 -6.989136338233947754e-03 -2.839095890522003174e-01 6.875651478767395020e-01 -8.824694752693176270e-01 6.223075464367866516e-02 -2.921671569347381592e-01 5.024427175521850586e-01 2.183424085378646851e-01 -3.325484097003936768e-01 4.472774565219879150e-01 8.737906813621520996e-03 -2.497383356094360352e-01 1.652105599641799927e-01 1.894910335540771484e-01 3.888292983174324036e-02 -3.757633566856384277e-01 2.225078940391540527e-01 6.254009157419204712e-02 -5.509857535362243652e-01 1.748171150684356689e-01 1.313518881797790527e-01 -2.977609932422637939e-01 -3.533113002777099609e-01 1.358282715082168579e-01 1.542293131351470947e-01 5.882030129432678223e-01 1.277395337820053101e-02 -2.944819927215576172e-01 3.738285303115844727e-01 3.198249042034149170e-01 -4.168680869042873383e-03 -2.149335443973541260e-01 -4.731563851237297058e-02 1.442613601684570312e-01 -2.168611586093902588e-01 2.915207445621490479e-01 1.328245699405670166e-01 -2.019039914011955261e-02 1.042239367961883545e-01 8.036036491394042969e-01 -5.825353860855102539e-01 -6.025415658950805664e-01 2.053628489375114441e-02 3.461142182350158691e-01 6.576711535453796387e-01 -3.627288937568664551e-01 -1.321570575237274170e-01 1.124373823404312134e-01 -3.067598044872283936e-01 5.123072266578674316e-01 6.190358996391296387e-01 2.649098634719848633e-01 2.281589508056640625e-01 -2.194143682718276978e-01 1.336222589015960693e-01 1.740252971649169922e-01 -1.979302614927291870e-03
-1.561496853828430176e-01 9.088478982448577881e-02 -7.468509674072265625e-02 -9.219028800725936890e-02 7.119117677211761475e-02 -1.454907804727554321e-01 3.154830932617187500e-01 -1.501521319150924683e-01 -4.000539183616638184e-01 3.455096483230590820e-01 -7.232211828231811523e-01 -5.715060979127883911e-02 -3.851521611213684082e-01 3.656792938709259033e-01 -6.198075413703918457e-02 -4.728039801120758057e-01 1.445133984088897705e-01 -9.424090385437011719e-03 -4.123745262622833252e-01 2.321229577064514160e-01 1.294063031673431396e-02 -2.142450585961341858e-02 -1.723374128341674805e-01 3.164081573486328125e-01 1.623058766126632690e-01 -4.247907698154449463e-01 -6.193309277296066284e-02 -1.091018915176391602e-01 -6.156128272414207458e-02 -4.320704340934753418e-01 2.766772806644439697e-01 2.889344096183776855e-01 2.868646681308746338e-01 9.525825828313827515e-02 7.187025249004364014e-02 2.010346204042434692e-01 3.118010759353637695e-01 -1.175199821591377258e-01 -1.693911552429199219e-01 -3.150524497032165527e-01 2.830708026885986328e-01 -7.504483461380004883e-01 5.375850200653076172e-01 1.311323642730712891e-01 6.919595599174499512e-02 -1.575995683670043945e-01 3.865486383438110352e-01 -1.026595383882522583e-01 -8.467009067535400391e-01 9.253016114234924316e-02 8.752131462097167969e-02 4.601315259933471680e-01 -1.864433884620666504e-01 -1.042641699314117432e-01 2.018459886312484741e-01 -1.350389122962951660e-01 5.033119916915893555e-01 7.021332979202270508e-01 3.532956913113594055e-02 4.165776818990707397e-02 -2.520766556262969971e-01 -4.281960427761077881e-02 -4.012820124626159668e-02 1.827007532119750977e-01
-3.909974694252014160e-01 -3.406308293342590332e-01 3.060598671436309814e-02 -2.173081934452056885e-01 -4.301039874553680420e-02 -3.616420030593872070e-01 4.058636128902435303e-01 1.424656808376312256e-01 -1.819505393505096436e-01 8.761413693428039551e-01 -1.010038495063781738e+00 1.962048709392547607e-01 -2.536813914775848389e-01 4.121777713298797607e-01 1.735112369060516357e-01 -1.494065485894680023e-02 3.403280079364776611e-01 3.507496118545532227e-01 -2.008568644523620605e-01 -1.981253176927566528e-01 5.724078416824340820e-01 -5.580021813511848450e-02 -6.355862617492675781e-01 -2.164037227630615234e-01 1.973663866519927979e-01 -3.405925631523132324e-01 2.942652404308319092e-01 5.345371365547180176e-02 -5.400585532188415527e-01 8.714348077774047852e-02 2.187701016664505005e-01 -5.505569279193878174e-02 8.416442275047302246e-01 -1.364381015300750732e-01 -4.934131801128387451e-01 3.862242102622985840e-01 4.731096923351287842e-01 1.154463291168212891e-01 -4.744164943695068359e-01 -5.901578813791275024e-03 -1.590634286403656006e-01 3.039865195751190186e-02 1.469398289918899536e-01 -1.564220935106277466e-01 1.971126198768615723e-01 1.093991994857788086e-01 8.920021653175354004e-01 -8.564361333847045898e-01 -3.504113256931304932e-01 -1.292634457349777222e-01 3.012961149215698242e-01 4.845348000526428223e-01 -6.050105690956115723e-01 -2.063820511102676392e-01 9.665589034557342529e-02 -4.986259341239929199e-01 3.609039783477783203e-01 5.309637784957885742e-01 3.320597112178802490e-01 2.949979603290557861e-01 -5.161591991782188416e-02 1.467937231063842773e-01 6.118901968002319336e-01 2.394536137580871582e-01
-2.537832856178283691e-01 1.761005073785781860e-01 1.084881871938705444e-01 -1.780197620391845703e-01 1.494043022394180298e-01 -1.515475362539291382e-01 6.027048826217651367e-02 -1.336501538753509521e-01 -4.226318597793579102e-01 6.047476530075073242e-01 -8.178182244300842285e-01 -1.944742351770401001e-02 -2.505865320563316345e-02 6.122721433639526367e-01 8.519615978002548218e-02 -5.645066499710083008e-01 2.866309285163879395e-01 -2.236664891242980957e-01 -4.031248390674591064e-01 4.481231868267059326e-01 -1.019503846764564514e-01 9.926691651344299316e-02 -1.490745246410369873e-01 4.185798764228820801e-01 2.087836414575576782e-01 -6.260225772857666016e-01 -9.006603062152862549e-02 2.528602629899978638e-02 4.059273749589920044e-03 -5.370655655860900879e-01 4.833768680691719055e-02 2.163996845483779907e-01 4.555175304412841797e-01 3.191791474819183350e-01 -1.289392709732055664e-01 9.827788174152374268e-02 1.841770112514495850e-01 1.456954628229141235e-01 -3.940455615520477295e-02 -3.181548118591308594e-01 3.929826617240905762e-01 -6.275577545166015625e-01 5.359584093093872070e-01 2.038910984992980957e-01 -3.528019413352012634e-02 3.775484859943389893e-02 5.059430003166198730e-01 -1.585411876440048218e-01 -8.383807539939880371e-01 1.403120011091232300e-01 1.606827378273010254e-01 5.539751052856445312e-01 -1.863527670502662659e-02 3.582650423049926758e-02 1.196742206811904907e-01 -9.976073354482650757e-02 5.900139808654785156e-01 7.528689503669738770e-01 6.058609858155250549e-02 6.827343255281448364e-02 -2.927138805389404297e-01 1.173188909888267517e-01 -3.288839459419250488e-01 -4.676861688494682312e-02
-2.242845296859741211e-01 2.881025075912475586e-01 -5.472879856824874878e-02 -1.095041409134864807e-01 1.186471134424209595e-01 -1.444977670907974243e-01 2.180114090442657471e-01 -3.079070150852203369e-01 -3.940556347370147705e-01 2.373431473970413208e-01 -5.605754852294921875e-01 -8.042518049478530884e-02 -3.247471749782562256e-01 4.442434608936309814e-01 -1.290015131235122681e-01 -6.727927923202514648e-01 -5.358245689421892166e-04 -6.692300736904144287e-02 -5.440923571586608887e-01 2.478156238794326782e-01 -2.671752870082855225e-01 -5.214160308241844177e-02 2.304297685623168945e-02 3.992575407028198242e-01 2.144011408090591431e-01 -3.793278932571411133e-01 -8.402381092309951782e-02 -8.789736032485961914e-02 5.126970633864402771e-02 -4.305993020534515381e-01 2.407926619052886963e-01 2.420504391193389893e-01 1.340953558683395386e-01 9.332644194364547729e-02 2.425709962844848633e-01 2.229881882667541504e-01 3.174929916858673096e-01 -2.449666708707809448e-01 -8.845505863428115845e-02 -4.074529409408569336e-01 5.569908022880554199e-01 -8.653134107589721680e-01 6.771185398101806641e-01 2.986790239810943604e-01 2.346715331077575684e-02 -2.379464358091354370e-01 2.138392031192779541e-01 3.935305774211883545e-02 -9.778165817260742188e-01 1.024434417486190796e-01 -9.197109192609786987e-02 3.315899074077606201e-01 2.668276429176330566e-04 -1.831786632537841797e-01 7.143448293209075928e-02 7.483235746622085571e-02 6.492193937301635742e-01 6.926411986351013184e-01 -1.910066008567810059e-01 -1.864919811487197876e-02 -4.120173454284667969e-01 -1.179525703191757202e-01 -2.818001508712768555e-01 1.250153481960296631e-01
-1.283695101737976074e-01 -5.252453684806823730e-02 -1.679246127605438232e-02 -2.689729630947113037e-01 1.460198312997817993e-01 -1.440074443817138672e-01 2.956512570381164551e-01 -1.571914553642272949e-01 -2.658697962760925293e-01 5.005541443824768066e-01 -7.706548571586608887e-01 -3.056407719850540161e-02 -3.636945784091949463e-01 4.732325971126556396e-01 1.156173571944236755e-01 -4.159175455570220947e-01 3.365985751152038574e-01 4.647122323513031006e-02 -3.868964314460754395e-01 1.889139413833618164e-01 7.151748985052108765e-02 -1.696907356381416321e-02 -2.462224960327148438e-01 2.835707366466522217e-01 5.412540584802627563e-02 -5.309922099113464355e-01 7.560615986585617065e-02 8.001564443111419678e-02 -2.240093052387237549e-01 -3.585274517536163330e-01 2.226699143648147583e-01 1.989560723304748535e-01 4.156099557876586914e-01 2.877236902713775635e-02 -1.239304170012474060e-01 3.042653203010559082e-01 3.732429742813110352e-01 -1.624148637056350708e-01 -2.134019434452056885e-01 -1.267064064741134644e-01 2.824963927268981934e-01 -4.602394402027130127e-01 4.358653128147125244e-01 1.573249697685241699e-01 1.190928649157285690e-02 -3.414690494537353516e-02 6.128237843513488770e-01 -3.769649267196655273e-01 -7.633513212203979492e-01 4.788478836417198181e-02 2.257723212242126465e-01 5.908949375152587891e-01 -2.593728899955749512e-01 -1.286333054304122925e-01 9.563909471035003662e-02 -2.077641189098358154e-01 5.368160605430603027e-01 6.166349053382873535e-01 5.596305057406425476e-02 1.370945572853088379e-01 -2.969636619091033936e-01 1.171302720904350281e-01 1.107924878597259521e-01 2.988027408719062805e-02
-8.304861187934875488e-02 3.673502206802368164e-01 -4.088062793016433716e-02 -1.955168545246124268e-01 1.977550536394119263e-01 -7.262034341692924500e-03 1.871396601200103760e-01 -4.164540469646453857e-01 -6.332092881202697754e-01 -3.184309601783752441e-02 -3.430309295654296875e-01 -2.174424827098846436e-01 -2.587587535381317139e-01 3.643475770950317383e-01 -2.000334262847900391e-01 -1.129277110099792480e+00 -1.742668747901916504e-01 -1.808818578720092773e-01 -1.854726076126098633e-01 7.029341459274291992e-01 -4.090548753738403320e-01 9.816095232963562012e-02 1.908253729343414307e-01 7.629390358924865723e-01 1.873859614133834839e-01 -3.438593745231628418e-01 -3.034893572330474854e-01 -5.936855822801589966e-02 1.303508728742599487e-01 -6.128029823303222656e-01 2.260443419218063354e-01 3.741369247436523438e-01 -6.985338032245635986e-02 1.691728234291076660e-01 6.787823438644409180e-01 2.862343788146972656e-01 3.116275370121002197e-01 -2.661473155021667480e-01 2.592293024063110352e-01 -4.869613647460937500e-01 7.769867181777954102e-01 -1.203230619430541992e+00 7.428737878799438477e-01 4.162071943283081055e-01 -4.719685316085815430e-01 -4.482882618904113770e-01 -2.507543936371803284e-02 4.007657170295715332e-01 -1.037409186363220215e+00 -1.891281455755233765e-03 6.106741726398468018e-03 2.228239029645919800e-01 2.280403822660446167e-01 -4.374537467956542969e-01 5.323067307472229004e-03 4.551552534103393555e-01 5.020359754562377930e-01 6.815938949584960938e-01 -4.822479784488677979e-01 1.499122679233551025e-01 -4.113772213459014893e-01 -2.818795144557952881e-01 -6.317580938339233398e-01 -1.505210101604461670e-01
-4.275204539299011230e-01 -2.999755740165710449e-01 1.063211709260940552e-01 -3.070401251316070557e-01 9.362566471099853516e-02 -2.033532708883285522e-01 1.741922199726104736e-01 1.618069410324096680e-01 -1.768384277820587158e-01 1.038388848304748535e+00 -1.045710206031799316e+00 2.293002605438232422e-01 2.999173477292060852e-02 5.933529138565063477e-01 3.040752708911895752e-01 -1.925782710313796997e-01 5.282257199287414551e-01 8.584924042224884033e-02 -1.158500164747238159e-01 4.717734828591346741e-02 4.743894934654235840e-01 -4.041508957743644714e-02 -6.709067821502685547e-01 -1.056393831968307495e-01 1.909500062465667725e-01 -4.886460304260253906e-01 2.578448057174682617e-01 2.280606776475906372e-01 -5.575102567672729492e-01 -1.679927408695220947e-01 1.214062720537185669e-01 -4.377482831478118896e-02 9.028401970863342285e-01 2.560199797153472900e-02 -6.548112630844116211e-01 3.671843111515045166e-01 2.317445874214172363e-01 2.133947163820266724e-01 -3.432944416999816895e-01 1.862453967332839966e-01 -1.544184386730194092e-01 1.987279057502746582e-01 2.801136374473571777e-01 -1.773880422115325928e-02 1.177978292107582092e-01 2.460768371820449829e-01 9.229956269264221191e-01 -9.950842857360839844e-01 -3.418341875076293945e-01 -1.017338410019874573e-02 3.385647237300872803e-01 6.869446039199829102e-01 -4.807416200637817383e-01 -4.859784245491027832e-02 2.621412277221679688e-04 -4.885209798812866211e-01 4.063203632831573486e-01 4.908654391765594482e-01 4.760688841342926025e-01 2.461935877799987793e-01 -8.969078212976455688e-02 4.384699463844299316e-01 4.399451315402984619e-01 -9.967435896396636963e-02
