-8.145340085029602051e-01 -1.267484784126281738e+00 4.112724363803863525e-01 2.436830848455429077e-01 -2.759331703186035156e+00 5.014002323150634766e-01 8.359643816947937012e-01 -2.205875813961029053e-01 7.098931670188903809e-01 -8.546012043952941895e-01 -1.768092215061187744e-01 2.582574129104614258e+00 -3.504475057125091553e-01 1.100694060325622559e+00 -5.974375009536743164e-01 -1.082809686660766602e+00 -1.015257000923156738e+00 1.666428744792938232e-01 2.209251642227172852e+00 6.709212064743041992e-01 -7.311289012432098389e-02 -2.779202759265899658e-01 -6.510865688323974609e-01 -6.579843163490295410e-02 -8.867977857589721680e-01 -4.158381819725036621e-01 -4.717193841934204102e-01 8.340743184089660645e-01 1.648098349571228027e+00 1.297567367553710938e+00 -6.895567178726196289e-01 1.014502286911010742e+00 1.776426792144775391e+00 -1.499138325452804565e-01 -8.341406583786010742e-01 -2.790530398488044739e-02 -1.014242529869079590e+00 -1.038613796234130859e+00 1.283247828483581543e+00 -1.139218449592590332e+00 -3.740282654762268066e-01 1.702767372131347656e+00 -6.404881477355957031e-01 3.560923635959625244e-01 5.865617990493774414e-01 -3.932292163372039795e-01 6.133638620376586914e-01 3.948661983013153076e-01 7.417945861816406250e-01 -1.855554804205894470e-02 8.207853436470031738e-01 -8.889719843864440918e-01 -1.895799040794372559e-01 -7.995412945747375488e-01 -1.794968098402023315e-01 -8.687703013420104980e-01 8.631036281585693359e-01 2.320504039525985718e-01 1.551922321319580078e+00 5.008437633514404297e-01 -1.043888568878173828e+00 -7.810829281806945801e-01 3.867511749267578125e-01 -9.353179335594177246e-01
-4.878151118755340576e-01 -1.403398871421813965e+00 6.375454664230346680e-01 1.168753385543823242e+00 -2.705552816390991211e+00 -3.650525212287902832e-02 1.354639291763305664e+00 -4.078289866447448730e-01 1.305963397026062012e+00 -1.021807193756103516e+00 -2.836183011531829834e-01 1.185407161712646484e+00 -3.995020985603332520e-01 1.661705493927001953e+00 -7.410439252853393555e-01 -7.968881130218505859e-01 -9.161447882652282715e-01 -3.227666914463043213e-01 7.905945181846618652e-01 8.733467459678649902e-01 2.450129017233848572e-02 -3.589815199375152588e-01 -7.000029087066650391e-01 -3.064496219158172607e-01 -9.525942206382751465e-01 -4.201018214225769043e-01 -5.728868246078491211e-01 3.494955599308013916e-01 2.293528079986572266e+00 6.600487828254699707e-01 -6.692419052124023438e-01 6.254939436912536621e-01 1.866971850395202637e+00 -2.686254978179931641e-01 -6.849492788314819336e-01 -2.700233757495880127e-01 -1.131462693214416504e+00 -7.416113018989562988e-01 2.545478641986846924e-01 -1.065364718437194824e+00 -4.894939959049224854e-01 2.059927701950073242e+00 -2.860418856143951416e-01 9.064686298370361328e-01 1.084887981414794922e+00 -4.787524342536926270e-01 9.068174362182617188e-01 8.695099353790283203e-01 8.170959949493408203e-01 -2.371236868202686310e-02 1.073493599891662598e+00 -1.170297384262084961e+00 -1.542743295431137085e-01 -9.095978736877441406e-01 -3.937308788299560547e-01 -7.730655074119567871e-01 8.347032666206359863e-01 -1.123462468385696411e-01 1.712830662727355957e+00 1.013027071952819824e+00 -9.492447972297668457e-01 -7.710446119308471680e-01 5.333354473114013672e-01 -6.188021302223205566e-01
-8.591750860214233398e-01 -8.474192023277282715e-01 2.226050943136215210e-01 -4.341006577014923096e-01 -2.400305986404418945e+00 1.075457692146301270e+00 -3.791873157024383545e-01 1.792917400598526001e-01 6.067367792129516602e-01 -8.568193912506103516e-01 -7.613137364387512207e-03 2.940579414367675781e+00 7.136706262826919556e-02 6.830964088439941406e-01 -1.740228384733200073e-01 -1.278801321983337402e+00 -1.136014342308044434e+00 9.283925294876098633e-01 3.347297906875610352e+00 7.736615538597106934e-01 1.070830672979354858e-01 -1.628732979297637939e-01 -4.672627747058868408e-01 -4.614375233650207520e-01 -4.857721030712127686e-01 -3.258974850177764893e-01 -3.837466239929199219e-01 1.595484733581542969e+00 9.826836585998535156e-01 5.744050145149230957e-01 -6.715515255928039551e-01 4.040468335151672363e-01 1.249293208122253418e+00 -6.327025294303894043e-01 -9.856469035148620605e-01 1.977656632661819458e-01 -5.329164266586303711e-01 -9.151010513305664062e-01 2.396805047988891602e+00 -7.828025817871093750e-01 -3.918039500713348389e-01 1.478179335594177246e+00 -1.038778305053710938e+00 -6.987175345420837402e-02 5.133190155029296875e-01 -4.033681750297546387e-01 6.409805417060852051e-01 2.196303755044937134e-01 1.833277642726898193e-01 -2.846956811845302582e-02 -2.488171160221099854e-01 -7.530308365821838379e-01 -4.606121778488159180e-01 -4.783411622047424316e-01 -6.864618510007858276e-02 -1.129420399665832520e+00 6.249784231185913086e-01 1.029165863990783691e+00 5.188950300216674805e-01 -3.019729256629943848e-01 -7.030072808265686035e-01 -7.037345767021179199e-01 6.902337670326232910e-01 -6.889996528625488281e-01
-9.279551506042480469e-01 -6.266419291496276855e-01 2.739853858947753906e-01 -5.064312219619750977e-01 -2.404916763305664062e+00 1.010704517364501953e+00 -5.535381436347961426e-01 2.181622684001922607e-01 4.703562557697296143e-01 -6.371640563011169434e-01 -7.675135135650634766e-02 2.833841085433959961e+00 -7.670334726572036743e-02 7.764071226119995117e-01 -1.966464370489120483e-01 -1.337166666984558105e+00 -1.045414686203002930e+00 9.888470172882080078e-01 3.369632482528686523e+00 6.457834243774414062e-01 1.691263467073440552e-01 -5.340655520558357239e-02 -3.058491647243499756e-01 -5.177909731864929199e-01 -2.792234420776367188e-01 -1.773935109376907349e-01 -3.554468452930450439e-01 1.829449534416198730e+00 8.109828233718872070e-01 3.674089312553405762e-01 -5.902119874954223633e-01 3.637209907174110413e-02 1.159160614013671875e+00 -6.089155673980712891e-01 -9.801656007766723633e-01 3.012301921844482422e-01 -4.041904211044311523e-01 -1.024356603622436523e+00 2.475651741027832031e+00 -7.455205321311950684e-01 -4.984981715679168701e-01 1.452702522277832031e+00 -1.119820952415466309e+00 -1.704859584569931030e-01 5.731841921806335449e-01 -4.575398564338684082e-01 6.471216082572937012e-01 6.804645806550979614e-02 9.527739882469177246e-02 1.242644339799880981e-01 -4.014174938201904297e-01 -6.178032159805297852e-01 -6.018019318580627441e-01 -4.692322909832000732e-01 1.595833450555801392e-01 -1.237197399139404297e+00 5.491722822189331055e-01 1.259734034538269043e+00 3.431817293167114258e-01 -4.384169578552246094e-01 -7.001895904541015625e-01 -7.176019549369812012e-01 8.600163459777832031e-01 -5.927957892417907715e-01
-6.534759402275085449e-01 -1.348180413246154785e+00 4.313869774341583252e-01 4.729907810688018799e-01 -2.814073562622070312e+00 4.568704366683959961e-01 9.452916383743286133e-01 -2.931776940822601318e-01 8.668258786201477051e-01 -9.666314125061035156e-01 -9.884375333786010742e-02 2.317950248718261719e+00 -2.203847765922546387e-01 1.229408502578735352e+00 -6.419448256492614746e-01 -1.012479543685913086e+00 -9.947600960731506348e-01 1.656868308782577515e-02 1.910609722137451172e+00 6.063898205757141113e-01 -1.567875780165195465e-02 -3.321242034435272217e-01 -6.605107188224792480e-01 -2.472300827503204346e-01 -9.019294977188110352e-01 -4.636215269565582275e-01 -4.714833498001098633e-01 7.134463191032409668e-01 1.806916832923889160e+00 1.096328020095825195e+00 -6.956409215927124023e-01 9.761871099472045898e-01 1.898643612861633301e+00 -2.058289349079132080e-01 -8.332251310348510742e-01 -1.541547477245330811e-01 -1.022385954856872559e+00 -9.993111491203308105e-01 1.054888486862182617e+00 -1.169446468353271484e+00 -3.793537616729736328e-01 1.843611836433410645e+00 -5.901479125022888184e-01 5.461211800575256348e-01 7.932972311973571777e-01 -3.916591107845306396e-01 6.665586233139038086e-01 5.166413784027099609e-01 8.146916031837463379e-01 -1.829723417758941650e-01 8.462005853652954102e-01 -1.051802039146423340e+00 -1.491605341434478760e-01 -7.821366190910339355e-01 -1.673270612955093384e-01 -7.947683930397033691e-01 8.863756060600280762e-01 7.491467148065567017e-02 1.611866712570190430e+00 6.334291696548461914e-01 -1.017792940139770508e+00 -7.955665588378906250e-01 3.615511059761047363e-01 -8.061437010765075684e-01
-9.534091353416442871e-01 -9.922887682914733887e-01 2.822723686695098877e-01 -1.532827615737915039e-01 -2.590484619140625000e+00 8.293309807777404785e-01 1.532218307256698608e-01 2.407315932214260101e-02 9.291589856147766113e-01 -9.382228851318359375e-01 -1.282699555158615112e-01 2.668375730514526367e+00 -1.177869290113449097e-01 1.048817515373229980e+00 -2.676402032375335693e-01 -1.282189249992370605e+00 -1.021593809127807617e+00 6.714855432510375977e-01 2.948840618133544922e+00 8.100821971893310547e-01 4.855372756719589233e-02 -2.970148324966430664e-01 -5.160999894142150879e-01 -4.575617909431457520e-01 -6.595652699470520020e-01 -4.075567424297332764e-01 -3.525165021419525146e-01 1.314565300941467285e+00 1.369733214378356934e+00 6.434492468833923340e-01 -7.232262492179870605e-01 3.404424190521240234e-01 1.565286517143249512e+00 -3.253786563873291016e-01 -9.318253397941589355e-01 1.973555386066436768e-01 -6.750601530075073242e-01 -1.067699074745178223e+00 1.968049645423889160e+00 -8.952857851982116699e-01 -3.820922374725341797e-01 1.692914247512817383e+00 -8.725971579551696777e-01 1.384573280811309814e-01 6.972498893737792969e-01 -4.244333803653717041e-01 7.715113759040832520e-01 2.840593457221984863e-01 2.298553735017776489e-01 9.842830710113048553e-03 -3.138069063425064087e-02 -8.987007737159729004e-01 -4.687700569629669189e-01 -5.683469176292419434e-01 -4.359079059213399887e-03 -1.138646483421325684e+00 6.564863324165344238e-01 8.743517994880676270e-01 8.564401268959045410e-01 -4.752343520522117615e-02 -8.859857320785522461e-01 -8.378016352653503418e-01 8.770363330841064453e-01 -7.770013213157653809e-01
-9.376693964004516602e-01 -6.922789216041564941e-01 3.032988607883453369e-01 -6.246520876884460449e-01 -2.264859914779663086e+00 9.529379606246948242e-01 -7.593881487846374512e-01 1.561028659343719482e-01 5.725530982017517090e-01 -5.643535256385803223e-01 -6.917139142751693726e-02 2.824060916900634766e+00 -3.088374063372612000e-02 6.843978762626647949e-01 -1.540530323982238770e-01 -1.364168286323547363e+00 -1.113184332847595215e+00 1.025951623916625977e+00 3.546430349349975586e+00 8.725427985191345215e-01 1.976995319128036499e-01 -1.016204953193664551e-01 -2.666550576686859131e-01 -3.026492893695831299e-01 -3.329859972000122070e-01 -1.380784064531326294e-01 -2.656620144844055176e-01 1.889941930770874023e+00 7.594798207283020020e-01 3.232499957084655762e-01 -5.946182608604431152e-01 -1.050758361816406250e-01 1.095873117446899414e+00 -5.837997198104858398e-01 -9.304105043411254883e-01 3.296474218368530273e-01 -4.589626193046569824e-01 -8.538063764572143555e-01 2.483644723892211914e+00 -7.225877046585083008e-01 -4.331176877021789551e-01 1.333399176597595215e+00 -1.094005584716796875e+00 -7.871809601783752441e-02 4.381854534149169922e-01 -4.545652866363525391e-01 5.788689255714416504e-01 1.046576127409934998e-01 -1.376607418060302734e-01 9.892363101243972778e-02 -6.833589076995849609e-01 -5.424358248710632324e-01 -4.818364679813385010e-01 -3.905576467514038086e-01 8.773639053106307983e-02 -1.159664869308471680e+00 4.826025962829589844e-01 1.390056014060974121e+00 2.569137215614318848e-01 -5.150098800659179688e-01 -6.864316463470458984e-01 -7.931593060493469238e-01 8.349031805992126465e-01 -6.228805184364318848e-01
-6.721244454383850098e-01 -1.331981539726257324e+00 1.883220225572586060e-01 4.646883010864257812e-01 -2.599208831787109375e+00 3.664599061012268066e-01 1.216373443603515625e+00 -3.372650444507598877e-01 8.627626895904541016e-01 -1.005151033401489258e+00 -8.128990978002548218e-02 2.101299524307250977e+00 -1.765885055065155029e-01 1.394599795341491699e+00 -4.738412201404571533e-01 -1.171148419380187988e+00 -9.762462377548217773e-01 -1.035120412707328796e-01 1.788828730583190918e+00 6.469497084617614746e-01 -9.527843445539474487e-02 -2.160722613334655762e-01 -7.480505108833312988e-01 -3.231946527957916260e-01 -1.037575125694274902e+00 -4.028406441211700439e-01 -3.576712310314178467e-01 4.905355274677276611e-01 1.777288556098937988e+00 1.232448101043701172e+00 -7.115168571472167969e-01 1.185179710388183594e+00 1.999530434608459473e+00 -2.946507334709167480e-01 -1.048115611076354980e+00 2.233034186065196991e-02 -9.298577904701232910e-01 -7.205659151077270508e-01 8.597366213798522949e-01 -1.255230307579040527e+00 -1.846454292535781860e-01 1.607224702835083008e+00 -5.671960711479187012e-01 5.483500957489013672e-01 6.090821027755737305e-01 -2.909755110740661621e-01 7.533473968505859375e-01 3.558344841003417969e-01 8.328115940093994141e-01 -1.876972988247871399e-02 1.104333758354187012e+00 -1.174788236618041992e+00 -2.091687321662902832e-01 -9.266306161880493164e-01 -2.736582458019256592e-01 -8.613923192024230957e-01 8.995404243469238281e-01 -1.060242950916290283e-01 1.898825764656066895e+00 7.679026722908020020e-01 -1.010228991508483887e+00 -7.138332128524780273e-01 3.115960657596588135e-01 -8.218079805374145508e-01
-9.864863157272338867e-01 -8.704546093940734863e-01 3.250426054000854492e-01 -2.389104813337326050e-01 -2.601029396057128906e+00 1.034617781639099121e+00 1.395178437232971191e-01 -6.724086403846740723e-02 7.696210741996765137e-01 -9.468260407447814941e-01 -1.408828645944595337e-01 2.742846965789794922e+00 6.862691044807434082e-02 8.492491245269775391e-01 -2.349336892366409302e-01 -1.404220461845397949e+00 -1.077058315277099609e+00 7.290738224983215332e-01 3.065039396286010742e+00 6.222860813140869141e-01 -1.586185581982135773e-02 -3.027286231517791748e-01 -5.946043729782104492e-01 -4.057221412658691406e-01 -5.065316557884216309e-01 -3.456346094608306885e-01 -4.462834596633911133e-01 1.455618977546691895e+00 1.308834195137023926e+00 6.444150805473327637e-01 -5.510023832321166992e-01 4.282284677028656006e-01 1.414432406425476074e+00 -2.871243357658386230e-01 -9.966754317283630371e-01 3.499692976474761963e-01 -7.624389529228210449e-01 -8.863022923469543457e-01 1.957161188125610352e+00 -9.978726506233215332e-01 -3.096114993095397949e-01 1.554812431335449219e+00 -9.048779606819152832e-01 6.088162958621978760e-02 7.197742462158203125e-01 -2.892421185970306396e-01 8.623403310775756836e-01 1.766483485698699951e-01 3.933871686458587646e-01 3.100880980491638184e-02 -1.098112296313047409e-02 -9.131966829299926758e-01 -3.680509626865386963e-01 -6.274503469467163086e-01 -6.037662550806999207e-02 -1.210862159729003906e+00 5.673642754554748535e-01 8.636529445648193359e-01 7.724230289459228516e-01 -1.413715630769729614e-01 -6.715839505195617676e-01 -8.408832550048828125e-01 7.768095731735229492e-01 -9.078145027160644531e-01
-8.234640359878540039e-01 -8.199256658554077148e-01 1.343970298767089844e-01 -7.537243366241455078e-01 -2.324996709823608398e+00 1.118977665901184082e+00 -5.153919458389282227e-01 1.519473940134048462e-01 2.615377306938171387e-01 -6.703271865844726562e-01 9.378295391798019409e-02 3.214057207107543945e+00 1.298725306987762451e-01 4.628329575061798096e-01 -1.765180826187133789e-01 -1.370109677314758301e+00 -9.550374150276184082e-01 9.369487762451171875e-01 3.461902141571044922e+00 6.057335734367370605e-01 8.682636171579360962e-02 -9.288400411605834961e-02 -4.175452888011932373e-01 -2.337296605110168457e-01 -5.797259211540222168e-01 -2.853469252586364746e-01 -3.529230058193206787e-01 1.675118684768676758e+00 7.750578522682189941e-01 7.434606552124023438e-01 -6.118382215499877930e-01 4.480978548526763916e-01 1.020135045051574707e+00 -4.418239891529083252e-01 -1.108241200447082520e+00 3.246144652366638184e-01 -4.842934608459472656e-01 -7.561789155006408691e-01 2.542098999023437500e+00 -8.430279493331909180e-01 -2.554754912853240967e-01 1.364950537681579590e+00 -1.026684045791625977e+00 -1.234998777508735657e-01 2.066161781549453735e-01 -3.764010369777679443e-01 4.800980091094970703e-01 1.326160728931427002e-01 1.311650723218917847e-01 9.674888104200363159e-02 -3.948909342288970947e-01 -6.195095181465148926e-01 -3.446123600006103516e-01 -4.233696460723876953e-01 1.740979216992855072e-02 -1.109464645385742188e+00 5.724625587463378906e-01 1.068298459053039551e+00 5.610632300376892090e-01 -4.165078103542327881e-01 -6.824046969413757324e-01 -7.910065650939941406e-01 5.105727910995483398e-01 -7.492793202400207520e-01
-8.012950420379638672e-01 -1.332657694816589355e+00 3.623241484165191650e-01 4.244301617145538330e-01 -2.645442008972167969e+00 4.114044308662414551e-01 8.189942836761474609e-01 -4.608180820941925049e-01 8.554438948631286621e-01 -1.033456087112426758e+00 -1.614364385604858398e-01 2.398761987686157227e+00 -1.929036825895309448e-01 1.216459989547729492e+00 -6.194902062416076660e-01 -1.053692579269409180e+00 -1.118357300758361816e+00 5.421299114823341370e-02 2.017168521881103516e+00 7.830525040626525879e-01 3.539472073316574097e-02 -2.139331102371215820e-01 -6.478043198585510254e-01 -2.587325572967529297e-01 -7.904199361801147461e-01 -4.332246482372283936e-01 -3.963400721549987793e-01 7.649682164192199707e-01 1.766646265983581543e+00 1.210320115089416504e+00 -7.951766252517700195e-01 8.869773149490356445e-01 1.956634402275085449e+00 -3.196819126605987549e-01 -9.394268393516540527e-01 3.482922539114952087e-02 -9.679622054100036621e-01 -1.014104485511779785e+00 1.201515793800354004e+00 -1.151444673538208008e+00 -4.286130070686340332e-01 1.619642734527587891e+00 -6.127453446388244629e-01 5.183298587799072266e-01 6.493192315101623535e-01 -2.825854122638702393e-01 7.701905965805053711e-01 3.426975905895233154e-01 6.714505553245544434e-01 -5.143167451024055481e-02 7.651917934417724609e-01 -1.043580293655395508e+00 -1.058427393436431885e-01 -7.413917183876037598e-01 -8.643127977848052979e-02 -8.315382003784179688e-01 7.782527804374694824e-01 1.536458879709243774e-01 1.781874895095825195e+00 6.546232104301452637e-01 -9.488598108291625977e-01 -8.628368973731994629e-01 3.526997864246368408e-01 -8.810307979583740234e-01
-4.774022698402404785e-01 -1.439186453819274902e+00 5.651930570602416992e-01 1.078413009643554688e+00 -2.607836246490478516e+00 -1.111576557159423828e-01 1.541484951972961426e+00 -5.043858885765075684e-01 1.246413111686706543e+00 -1.040867328643798828e+00 -1.798404157161712646e-01 1.342245936393737793e+00 -4.156093299388885498e-01 1.611552119255065918e+00 -6.739356517791748047e-01 -8.437300920486450195e-01 -9.546721577644348145e-01 -3.906075954437255859e-01 8.194692134857177734e-01 7.647961378097534180e-01 -1.912478543817996979e-02 -3.134663403034210205e-01 -6.901939511299133301e-01 -2.493564784526824951e-01 -9.669882059097290039e-01 -4.957064390182495117e-01 -5.233323574066162109e-01 2.568225562572479248e-01 2.212845087051391602e+00 9.233520627021789551e-01 -6.678095459938049316e-01 8.070247769355773926e-01 2.074147224426269531e+00 -1.954220682382583618e-01 -7.202148437500000000e-01 -2.894465625286102295e-01 -1.080026865005493164e+00 -7.070169448852539062e-01 1.171969398856163025e-01 -1.196303606033325195e+00 -3.900171220302581787e-01 1.839648127555847168e+00 -2.912383079528808594e-01 8.392725586891174316e-01 9.319989085197448730e-01 -4.617912173271179199e-01 8.706483840942382812e-01 7.935463190078735352e-01 7.926366925239562988e-01 -1.443995982408523560e-01 1.144448518753051758e+00 -1.105504751205444336e+00 -6.161129847168922424e-02 -8.406964540481567383e-01 -3.229684531688690186e-01 -5.774873495101928711e-01 8.014009594917297363e-01 -2.080855667591094971e-01 1.927896499633789062e+00 1.026240825653076172e+00 -1.008575439453125000e+00 -8.483277559280395508e-01 4.470891654491424561e-01 -7.019300460815429688e-01
-5.644264221191406250e-01 -1.422924995422363281e+00 3.274864256381988525e-01 7.212310433387756348e-01 -2.642500162124633789e+00 3.291836380958557129e-01 1.177882790565490723e+00 -3.669696152210235596e-01 1.043377637863159180e+00 -1.137820243835449219e+00 -1.248990669846534729e-01 2.055974721908569336e+00 -1.949698030948638916e-01 1.377820134162902832e+00 -6.452766656875610352e-01 -1.132836818695068359e+00 -9.807572960853576660e-01 7.646094541996717453e-03 1.501917243003845215e+00 7.161823511123657227e-01 -5.185528099536895752e-02 -3.274694681167602539e-01 -7.462195754051208496e-01 -2.079712748527526855e-01 -1.023440957069396973e+00 -4.121128618717193604e-01 -5.531817078590393066e-01 4.649513959884643555e-01 1.881858348846435547e+00 1.101547122001647949e+00 -6.801823973655700684e-01 1.078113913536071777e+00 1.964946031570434570e+00 -2.353354990482330322e-01 -8.283336758613586426e-01 -1.057561635971069336e-01 -1.005655050277709961e+00 -8.361445665359497070e-01 8.032857179641723633e-01 -1.097827672958374023e+00 -3.206256926059722900e-01 1.690588712692260742e+00 -5.106250643730163574e-01 6.422154307365417480e-01 7.674195766448974609e-01 -5.039148926734924316e-01 7.488023638725280762e-01 5.387122035026550293e-01 9.298847913742065430e-01 -9.358328580856323242e-02 1.104338765144348145e+00 -1.200201511383056641e+00 -1.407549232244491577e-01 -9.066792726516723633e-01 -2.984982132911682129e-01 -7.674684524536132812e-01 9.199443459510803223e-01 -1.353446245193481445e-01 1.743734002113342285e+00 8.264997601509094238e-01 -1.009905219078063965e+00 -7.506084442138671875e-01 3.221795260906219482e-01 -7.093752026557922363e-01
-7.244964838027954102e-01 -1.388581991195678711e+00 3.265538513660430908e-01 4.515777230262756348e-01 -2.712328910827636719e+00 4.339455366134643555e-01 8.601438403129577637e-01 -3.734391033649444580e-01 8.737685084342956543e-01 -9.273802638053894043e-01 -2.652513384819030762e-01 2.441301822662353516e+00 -2.710827887058258057e-01 1.169579148292541504e+00 -5.965167284011840820e-01 -1.153298616409301758e+00 -1.140004158020019531e+00 1.102093234658241272e-01 2.109571933746337891e+00 8.867928981781005859e-01 1.479633897542953491e-02 -2.409283965826034546e-01 -6.197929978370666504e-01 -1.415994167327880859e-01 -8.708369135856628418e-01 -4.820265173912048340e-01 -4.104222655296325684e-01 7.123018503189086914e-01 1.738646030426025391e+00 1.144509077072143555e+00 -6.866984963417053223e-01 9.482354521751403809e-01 1.873697757720947266e+00 -2.429282516241073608e-01 -8.963070511817932129e-01 -1.629946939647197723e-02 -1.044552803039550781e+00 -8.944615721702575684e-01 1.182285428047180176e+00 -1.167806386947631836e+00 -3.878040015697479248e-01 1.616883158683776855e+00 -6.388627886772155762e-01 5.203944444656372070e-01 5.316777229309082031e-01 -3.583827316761016846e-01 6.427108049392700195e-01 3.751290440559387207e-01 7.662501931190490723e-01 4.532289225608110428e-03 8.282180428504943848e-01 -1.077342271804809570e+00 -1.094026491045951843e-01 -7.409234642982482910e-01 -1.356016099452972412e-01 -8.556554317474365234e-01 8.287906646728515625e-01 1.304987519979476929e-01 1.714891791343688965e+00 6.555482745170593262e-01 -9.145529866218566895e-01 -7.702662944793701172e-01 2.307746708393096924e-01 -8.419254422187805176e-01
-6.862928867340087891e-01 -1.322272181510925293e+00 4.852137863636016846e-01 7.612447738647460938e-01 -2.784383296966552734e+00 1.938322037458419800e-01 1.128876566886901855e+00 -3.424743711948394775e-01 1.296567082405090332e+00 -9.952946305274963379e-01 -2.219063043594360352e-01 1.537154674530029297e+00 -4.249853491783142090e-01 1.576490163803100586e+00 -6.293032765388488770e-01 -1.019340038299560547e+00 -9.489864706993103027e-01 -1.922722756862640381e-01 1.384362339973449707e+00 8.125858306884765625e-01 5.607713013887405396e-02 -3.740744590759277344e-01 -6.856166720390319824e-01 -3.214926421642303467e-01 -8.184969425201416016e-01 -4.479670822620391846e-01 -5.090526938438415527e-01 5.467397570610046387e-01 2.151922941207885742e+00 7.353442311286926270e-01 -6.742719411849975586e-01 5.306494832038879395e-01 2.026072978973388672e+00 -2.484883517026901245e-01 -7.396957278251647949e-01 -1.603765040636062622e-01 -1.065540075302124023e+00 -8.482903242111206055e-01 5.302630066871643066e-01 -1.141683697700500488e+00 -4.571598172187805176e-01 2.079463243484497070e+00 -4.224915504455566406e-01 7.534559369087219238e-01 1.032854795455932617e+00 -4.811209142208099365e-01 9.046268463134765625e-01 7.154129147529602051e-01 7.114461064338684082e-01 -2.092196047306060791e-01 8.205835819244384766e-01 -1.125616192817687988e+00 -2.051073312759399414e-01 -8.868235945701599121e-01 -1.949490755796432495e-01 -8.124176263809204102e-01 8.547763228416442871e-01 8.671040832996368408e-02 1.612988948822021484e+00 8.095988035202026367e-01 -9.648123383522033691e-01 -8.152504563331604004e-01 7.930551767349243164e-01 -6.776119470596313477e-01
-7.483607530593872070e-01 -1.243662714958190918e+00 1.423497945070266724e-01 3.745026290416717529e-01 -2.691270112991333008e+00 4.081524014472961426e-01 9.284824132919311523e-01 -2.829297184944152832e-01 8.918503522872924805e-01 -8.991560935974121094e-01 -1.834840327501296997e-01 2.368700742721557617e+00 -3.262912631034851074e-01 1.428903222084045410e+00 -5.489541888236999512e-01 -1.119816899299621582e+00 -1.134629130363464355e+00 7.452498376369476318e-02 2.069454193115234375e+00 7.272797822952270508e-01 4.758144170045852661e-02 -2.353243529796600342e-01 -6.012126207351684570e-01 -2.280238270759582520e-01 -8.848495483398437500e-01 -4.831559956073760986e-01 -3.942753076553344727e-01 7.423467636108398438e-01 1.745735883712768555e+00 1.049058794975280762e+00 -7.239875197410583496e-01 1.022812247276306152e+00 2.043959379196166992e+00 -3.323711454868316650e-01 -9.074545502662658691e-01 -8.383901417255401611e-02 -8.564521670341491699e-01 -8.891349434852600098e-01 1.186689972877502441e+00 -1.149567961692810059e+00 -3.262947201728820801e-01 1.591384053230285645e+00 -7.297039628028869629e-01 4.942717552185058594e-01 6.899920701980590820e-01 -3.944631814956665039e-01 6.078190803527832031e-01 4.616896808147430420e-01 6.026045083999633789e-01 -7.736313343048095703e-02 7.474972009658813477e-01 -1.115914463996887207e+00 -2.651575505733489990e-01 -7.880871295928955078e-01 -7.303572446107864380e-02 -9.171885251998901367e-01 8.530372977256774902e-01 1.683869212865829468e-01 1.706104993820190430e+00 5.294718742370605469e-01 -1.035736680030822754e+00 -7.649551033973693848e-01 5.741074085235595703e-01 -8.179119229316711426e-01
-6.125607490539550781e-01 -1.415259838104248047e+00 3.891275823116302490e-01 6.250797510147094727e-01 -2.632033824920654297e+00 3.550942838191986084e-01 1.142151236534118652e+00 -2.213049530982971191e-01 9.851704239845275879e-01 -1.159858107566833496e+00 -1.304128319025039673e-01 1.936830282211303711e+00 -1.582695990800857544e-01 1.379265666007995605e+00 -5.218914151191711426e-01 -1.199760794639587402e+00 -9.338203072547912598e-01 2.710747160017490387e-02 1.694490551948547363e+00 6.198044419288635254e-01 -1.040019169449806213e-01 -2.360299080610275269e-01 -7.783668637275695801e-01 -3.067494332790374756e-01 -9.477039575576782227e-01 -3.483665287494659424e-01 -5.176916718482971191e-01 7.097435593605041504e-01 1.859681010246276855e+00 1.023702502250671387e+00 -7.116478681564331055e-01 9.946453571319580078e-01 1.895100116729736328e+00 -2.865642905235290527e-01 -1.057940483093261719e+00 1.841166056692600250e-02 -9.555832743644714355e-01 -6.837300062179565430e-01 9.011864662170410156e-01 -1.156583070755004883e+00 -3.422107100486755371e-01 1.818639755249023438e+00 -5.550787448883056641e-01 6.631534695625305176e-01 8.229284882545471191e-01 -4.453116953372955322e-01 9.055836200714111328e-01 4.140825271606445312e-01 9.300701618194580078e-01 -1.425138711929321289e-01 9.051598310470581055e-01 -1.129528999328613281e+00 -2.327188104391098022e-01 -8.365637660026550293e-01 -2.859617471694946289e-01 -8.237650990486145020e-01 8.907259106636047363e-01 -4.135387390851974487e-02 1.682839393615722656e+00 7.902113795280456543e-01 -1.080962300300598145e+00 -9.621222615242004395e-01 4.340870976448059082e-01 -7.573847174644470215e-01
-6.956319808959960938e-01 -1.252951860427856445e+00 1.743511408567428589e-01 1.740766465663909912e-01 -2.789420127868652344e+00 5.565663576126098633e-01 8.050851225852966309e-01 -1.782721430063247681e-01 7.719815969467163086e-01 -9.365909695625305176e-01 -1.234047338366508484e-01 2.552709341049194336e+00 -1.783765256404876709e-01 1.229701757431030273e+00 -4.679066538810729980e-01 -1.271143555641174316e+00 -1.058299899101257324e+00 2.201240658760070801e-01 2.219586610794067383e+00 6.490311622619628906e-01 -4.931991919875144958e-02 -2.360263466835021973e-01 -5.867078900337219238e-01 -2.526340782642364502e-01 -8.528082966804504395e-01 -4.039961695671081543e-01 -4.999788105487823486e-01 8.937154412269592285e-01 1.651853680610656738e+00 1.086308956146240234e+00 -6.681047081947326660e-01 9.068583250045776367e-01 1.865150332450866699e+00 -2.918792366981506348e-01 -9.044541716575622559e-01 2.624095045030117035e-02 -8.423139452934265137e-01 -9.957961440086364746e-01 1.414009094238281250e+00 -1.122662305831909180e+00 -3.140811920166015625e-01 1.695345401763916016e+00 -7.436277270317077637e-01 4.765740036964416504e-01 6.414248347282409668e-01 -3.680740296840667725e-01 7.002487778663635254e-01 4.334599375724792480e-01 7.478936314582824707e-01 -7.204194366931915283e-02 6.413937807083129883e-01 -1.018560409545898438e+00 -2.916421294212341309e-01 -8.351527452468872070e-01 -1.276051849126815796e-01 -9.593552350997924805e-01 8.433047533035278320e-01 2.144755572080612183e-01 1.520146369934082031e+00 3.065747916698455811e-01 -9.554370641708374023e-01 -7.454374432563781738e-01 4.509293437004089355e-01 -7.925554513931274414e-01
-7.455211281776428223e-01 -1.376887202262878418e+00 7.779797315597534180e-01 1.059961199760437012e+00 -2.532936811447143555e+00 -1.509348582476377487e-02 1.538801074028015137e+00 -3.582911491394042969e-01 1.185542702674865723e+00 -8.769095540046691895e-01 -4.651399254798889160e-01 1.353902578353881836e+00 -4.256700277328491211e-01 1.549541234970092773e+00 -9.043238759040832520e-01 -7.821329832077026367e-01 -9.778680801391601562e-01 -2.847202718257904053e-01 8.648542165756225586e-01 7.196561098098754883e-01 -8.088336139917373657e-02 -4.339888989925384521e-01 -7.543733716011047363e-01 -1.994278728961944580e-01 -1.022083044052124023e+00 -2.919077575206756592e-01 -5.087932944297790527e-01 2.085782736539840698e-01 2.146806001663208008e+00 9.325501322746276855e-01 -7.039480805397033691e-01 7.094748616218566895e-01 1.928761839866638184e+00 -8.354475721716880798e-03 -5.340705513954162598e-01 -4.332852959632873535e-01 -1.198788523674011230e+00 -9.697572588920593262e-01 1.550515145063400269e-01 -1.088376045227050781e+00 -3.951832354068756104e-01 2.046408891677856445e+00 -2.560431361198425293e-01 7.675204277038574219e-01 9.721392393112182617e-01 -4.075706303119659424e-01 9.905350804328918457e-01 7.162455320358276367e-01 8.815829157829284668e-01 -1.517857760190963745e-01 1.196999907493591309e+00 -1.140972614288330078e+00 -1.182227283716201782e-01 -9.012863039970397949e-01 -2.266319990158081055e-01 -5.745035409927368164e-01 8.882936239242553711e-01 -1.007879897952079773e-01 1.772565126419067383e+00 1.074176430702209473e+00 -9.575930237770080566e-01 -7.749491333961486816e-01 4.188978374004364014e-01 -7.369107604026794434e-01
-9.481085538864135742e-01 -6.262960433959960938e-01 2.310733348131179810e-01 -8.712655901908874512e-01 -2.269735813140869141e+00 1.198779940605163574e+00 -3.745771050453186035e-01 -1.571281552314758301e-01 3.209892809391021729e-01 -8.810591697692871094e-01 -1.463721543550491333e-01 3.188793659210205078e+00 1.596291661262512207e-01 4.272409081459045410e-01 -1.652759313583374023e-01 -1.194663047790527344e+00 -1.206562042236328125e+00 9.945939779281616211e-01 3.417636632919311523e+00 6.751624941825866699e-01 -3.795259073376655579e-02 -1.497161388397216797e-01 -4.932538568973541260e-01 -3.866082727909088135e-01 -2.686290144920349121e-01 -2.580350041389465332e-01 -3.327570855617523193e-01 1.605764508247375488e+00 7.260259985923767090e-01 9.685628414154052734e-01 -5.508434772491455078e-01 4.465107917785644531e-01 8.269187808036804199e-01 -3.092224001884460449e-01 -1.012056469917297363e+00 4.623063802719116211e-01 -5.553199052810668945e-01 -8.601451516151428223e-01 2.459342479705810547e+00 -8.269973397254943848e-01 -2.725980877876281738e-01 1.199404001235961914e+00 -1.076154947280883789e+00 -2.013849318027496338e-01 4.290232956409454346e-01 -2.347176074981689453e-01 7.394617795944213867e-01 -1.198640689253807068e-01 2.589746117591857910e-01 9.773218631744384766e-02 -1.937544345855712891e-01 -6.404324769973754883e-01 -4.620611667633056641e-01 -3.606577813625335693e-01 1.111660227179527283e-01 -1.221157670021057129e+00 4.914568364620208740e-01 1.201156139373779297e+00 5.623064637184143066e-01 -4.667267799377441406e-01 -5.889227986335754395e-01 -7.258049249649047852e-01 5.532962679862976074e-01 -8.580089211463928223e-01
-6.397988200187683105e-01 -1.356792211532592773e+00 4.970738291740417480e-01 8.576204180717468262e-01 -2.653375148773193359e+00 1.200068667531013489e-01 1.418123364448547363e+00 -4.004757702350616455e-01 1.127729892730712891e+00 -9.971891641616821289e-01 -2.010419219732284546e-01 1.815786242485046387e+00 -4.523790776729583740e-01 1.493192672729492188e+00 -6.742162108421325684e-01 -1.033563256263732910e+00 -9.733939766883850098e-01 -1.936590671539306641e-01 1.181698679924011230e+00 7.250148653984069824e-01 -9.123435616493225098e-02 -4.272252917289733887e-01 -6.720112562179565430e-01 -2.325973361730575562e-01 -9.008643031120300293e-01 -3.713637292385101318e-01 -5.595232248306274414e-01 4.253144860267639160e-01 2.089922666549682617e+00 1.044131398200988770e+00 -7.137238979339599609e-01 7.784546017646789551e-01 2.032603025436401367e+00 -1.903081387281417847e-01 -7.218359112739562988e-01 -1.892452985048294067e-01 -9.612809419631958008e-01 -9.222602844238281250e-01 5.336157679557800293e-01 -1.077344179153442383e+00 -4.018933773040771484e-01 1.855902791023254395e+00 -4.207631051540374756e-01 6.557544469833374023e-01 8.964108824729919434e-01 -4.777908325195312500e-01 8.068183064460754395e-01 6.923128366470336914e-01 8.099981546401977539e-01 -1.523763537406921387e-01 1.066733837127685547e+00 -1.121781706809997559e+00 -1.716055124998092651e-01 -9.332737922668457031e-01 -2.713909149169921875e-01 -6.083457469940185547e-01 8.803487420082092285e-01 -3.486472740769386292e-02 1.832955002784729004e+00 9.148205518722534180e-01 -1.014064669609069824e+00 -8.038699030876159668e-01 4.114531576633453369e-01 -8.169957399368286133e-01
-6.103202104568481445e-01 -1.314126253128051758e+00 5.234223604202270508e-01 9.805394411087036133e-01 -2.680152654647827148e+00 -1.024491488933563232e-01 1.504008412361145020e+00 -3.933863937854766846e-01 1.243587851524353027e+00 -7.978039979934692383e-01 -4.119188189506530762e-01 1.172318816184997559e+00 -4.369669556617736816e-01 1.744282722473144531e+00 -7.064050436019897461e-01 -8.817734122276306152e-01 -1.024993777275085449e+00 -4.572425782680511475e-01 8.906561732292175293e-01 8.801518082618713379e-01 1.375884097069501877e-02 -2.893028557300567627e-01 -6.441273093223571777e-01 -3.118990361690521240e-01 -9.287614822387695312e-01 -3.973414599895477295e-01 -5.613107681274414062e-01 3.864660859107971191e-01 2.239649772644042969e+00 7.021116018295288086e-01 -5.569589734077453613e-01 7.227709293365478516e-01 2.110517501831054688e+00 -1.394063979387283325e-01 -6.671922802925109863e-01 -3.388608694076538086e-01 -1.200829267501831055e+00 -7.557399272918701172e-01 7.612526416778564453e-02 -1.125708937644958496e+00 -3.724516928195953369e-01 2.003933429718017578e+00 -3.717273473739624023e-01 8.549903631210327148e-01 9.367345571517944336e-01 -3.964912891387939453e-01 9.178088307380676270e-01 7.484647035598754883e-01 7.857584953308105469e-01 -1.615669876337051392e-01 1.092773556709289551e+00 -1.147250056266784668e+00 -1.489534378051757812e-01 -9.434981346130371094e-01 -1.667109876871109009e-01 -6.495071649551391602e-01 7.296340465545654297e-01 -2.200181782245635986e-01 1.825636863708496094e+00 9.601162672042846680e-01 -9.123073220252990723e-01 -7.589205503463745117e-01 6.979142427444458008e-01 -7.157933115959167480e-01
-5.927183032035827637e-01 -1.417005181312561035e+00 3.354461789131164551e-01 1.024646043777465820e+00 -2.636486053466796875e+00 2.090125381946563721e-01 1.389084339141845703e+00 -3.422316312789916992e-01 1.100522756576538086e+00 -1.112273335456848145e+00 -1.196605861186981201e-01 1.912426590919494629e+00 -3.883135020732879639e-01 1.398757219314575195e+00 -7.662554979324340820e-01 -1.224910855293273926e+00 -8.621600270271301270e-01 -1.241001635789871216e-01 1.263127326965332031e+00 5.086113214492797852e-01 -1.556808799505233765e-01 -3.537985086441040039e-01 -6.853275299072265625e-01 -1.736645549535751343e-01 -9.924942255020141602e-01 -3.495670557022094727e-01 -5.246583819389343262e-01 3.457859754562377930e-01 1.775128960609436035e+00 1.006473898887634277e+00 -6.251319646835327148e-01 1.159990668296813965e+00 2.029749870300292969e+00 -1.463616043329238892e-01 -7.501673698425292969e-01 -2.206637561321258545e-01 -9.193388223648071289e-01 -7.887043356895446777e-01 5.673998594284057617e-01 -9.956124424934387207e-01 -3.265579342842102051e-01 1.681041121482849121e+00 -4.998929798603057861e-01 7.119590640068054199e-01 8.326706290245056152e-01 -5.103220343589782715e-01 6.595271825790405273e-01 6.290960311889648438e-01 1.091570258140563965e+00 -2.109174579381942749e-01 1.228970170021057129e+00 -1.235831618309020996e+00 -9.086763113737106323e-02 -9.660203456878662109e-01 -3.261022567749023438e-01 -7.056144475936889648e-01 1.052557110786437988e+00 -1.828266233205795288e-01 1.803870320320129395e+00 1.034237504005432129e+00 -1.041521310806274414e+00 -7.472003698348999023e-01 1.378407478332519531e-01 -6.627449393272399902e-01
-6.320344209671020508e-01 -1.410130500793457031e+00 5.577057003974914551e-01 9.788442254066467285e-01 -2.594743490219116211e+00 2.000159770250320435e-01 1.405285358428955078e+00 -4.050665199756622314e-01 1.078923940658569336e+00 -1.046938538551330566e+00 -2.300325632095336914e-01 1.890284895896911621e+00 -3.513615131378173828e-01 1.360768437385559082e+00 -7.173334956169128418e-01 -9.525707960128784180e-01 -1.051459074020385742e+00 -2.290976792573928833e-01 1.181900978088378906e+00 7.244639396667480469e-01 -6.631147116422653198e-02 -3.160397410392761230e-01 -7.391434311866760254e-01 -1.915335506200790405e-01 -9.682061672210693359e-01 -4.072102010250091553e-01 -5.058187246322631836e-01 3.231020271778106689e-01 2.004813909530639648e+00 1.031820654869079590e+00 -6.469427943229675293e-01 1.018944144248962402e+00 1.914019107818603516e+00 -2.021555155515670776e-01 -8.223850131034851074e-01 -3.242287039756774902e-01 -1.045569777488708496e+00 -8.236878514289855957e-01 4.231468439102172852e-01 -1.104599356651306152e+00 -3.239775300025939941e-01 1.767821311950683594e+00 -4.643892347812652588e-01 6.656848192214965820e-01 8.435654640197753906e-01 -4.493021667003631592e-01 7.821307778358459473e-01 5.957360863685607910e-01 9.806385636329650879e-01 -1.142110675573348999e-01 1.223014116287231445e+00 -1.171080231666564941e+00 -6.707198917865753174e-02 -9.321945905685424805e-01 -3.328287303447723389e-01 -6.195743083953857422e-01 9.696974754333496094e-01 -2.065830081701278687e-01 1.814464330673217773e+00 1.039087533950805664e+00 -1.004583716392517090e+00 -6.995623707771301270e-01 3.184649348258972168e-01 -7.962084412574768066e-01
-7.553615570068359375e-01 -1.339874505996704102e+00 3.282074034214019775e-01 3.836664855480194092e-01 -2.732650518417358398e+00 4.355098307132720947e-01 7.864038348197937012e-01 -4.176014661788940430e-01 9.008520841598510742e-01 -9.599340558052062988e-01 -1.707375794649124146e-01 2.202481269836425781e+00 -1.790174990892410278e-01 1.211156845092773438e+00 -4.582821726799011230e-01 -9.801663756370544434e-01 -1.142652988433837891e+00 6.763653457164764404e-02 1.924377441406250000e+00 8.826025128364562988e-01 -1.211067065596580505e-01 -3.219788074493408203e-01 -7.451210021972656250e-01 -2.305027246475219727e-01 -9.144502878189086914e-01 -4.854649305343627930e-01 -3.984979689121246338e-01 7.994542121887207031e-01 1.919036030769348145e+00 1.137009620666503906e+00 -6.411094665527343750e-01 9.930939078330993652e-01 1.802251219749450684e+00 -3.273544609546661377e-01 -7.471986413002014160e-01 8.026233874261379242e-03 -1.130405783653259277e+00 -8.925957679748535156e-01 1.178027987480163574e+00 -1.189738512039184570e+00 -3.733834326267242432e-01 1.879648327827453613e+00 -5.323441624641418457e-01 5.363838672637939453e-01 6.735582351684570312e-01 -2.976591587066650391e-01 7.495513558387756348e-01 5.367886424064636230e-01 6.509746313095092773e-01 -1.199374198913574219e-01 9.284625649452209473e-01 -1.129434823989868164e+00 -2.308792322874069214e-01 -7.823221683502197266e-01 -1.425188481807708740e-01 -9.527003765106201172e-01 7.699915766716003418e-01 2.656507119536399841e-02 1.662152051925659180e+00 6.093640327453613281e-01 -8.122552633285522461e-01 -8.048643469810485840e-01 4.314665496349334717e-01 -8.792344927787780762e-01
-6.667208671569824219e-01 -1.291229367256164551e+00 4.217195212841033936e-01 8.220810890197753906e-01 -2.701967954635620117e+00 1.170742809772491455e-01 1.221953988075256348e+00 -3.836320936679840088e-01 1.152352333068847656e+00 -8.566250801086425781e-01 -3.407689034938812256e-01 1.592923879623413086e+00 -3.725093603134155273e-01 1.555263280868530273e+00 -7.575332522392272949e-01 -9.980688691139221191e-01 -1.029206037521362305e+00 -2.537578344345092773e-01 1.195556998252868652e+00 8.234881758689880371e-01 -4.760146141052246094e-02 -3.562230765819549561e-01 -7.123861908912658691e-01 -2.772457003593444824e-01 -1.008950233459472656e+00 -3.889948427677154541e-01 -5.359157919883728027e-01 3.545762598514556885e-01 2.184550523757934570e+00 8.787105083465576172e-01 -5.788069367408752441e-01 8.347341418266296387e-01 2.034605741500854492e+00 -1.480146795511245728e-01 -5.812425613403320312e-01 -2.279186993837356567e-01 -1.150300979614257812e+00 -8.934336304664611816e-01 4.301325380802154541e-01 -1.143635034561157227e+00 -3.748959004878997803e-01 1.974110245704650879e+00 -3.899896442890167236e-01 8.335984349250793457e-01 8.842670321464538574e-01 -4.732483327388763428e-01 8.281776309013366699e-01 7.049666047096252441e-01 8.663077354431152344e-01 -1.466588377952575684e-01 1.086265921592712402e+00 -1.166673064231872559e+00 -1.766401082277297974e-01 -9.888897538185119629e-01 -2.115034461021423340e-01 -7.717659473419189453e-01 9.008269906044006348e-01 -1.297548413276672363e-01 1.767018556594848633e+00 8.634206056594848633e-01 -8.895056843757629395e-01 -7.053362131118774414e-01 5.447416901588439941e-01 -6.494386196136474609e-01
-8.251631259918212891e-01 -8.271697163581848145e-01 9.577354788780212402e-02 -6.054578423500061035e-01 -2.552209377288818359e+00 9.804427027702331543e-01 -2.233116328716278076e-01 1.519733518362045288e-01 4.476751685142517090e-01 -7.223977446556091309e-01 -5.877624824643135071e-02 2.930601358413696289e+00 1.970553398132324219e-02 8.645635247230529785e-01 -2.008681744337081909e-01 -1.344610691070556641e+00 -1.080187559127807617e+00 8.377588987350463867e-01 3.332251787185668945e+00 7.859331369400024414e-01 6.255117803812026978e-02 -9.640616178512573242e-02 -3.611107766628265381e-01 -3.972893953323364258e-01 -4.951704740524291992e-01 -2.953059077262878418e-01 -3.864344954490661621e-01 1.611287236213684082e+00 9.360460042953491211e-01 6.384679079055786133e-01 -5.384569168090820312e-01 4.141342043876647949e-01 1.371277213096618652e+00 -4.882059395313262939e-01 -1.012777686119079590e+00 2.470135837793350220e-01 -5.386015176773071289e-01 -8.517164587974548340e-01 2.354603767395019531e+00 -9.121875762939453125e-01 -3.329598605632781982e-01 1.461693286895751953e+00 -1.110256552696228027e+00 -5.932915955781936646e-02 3.858736455440521240e-01 -4.265522360801696777e-01 5.897121429443359375e-01 1.023187339305877686e-01 1.523619741201400757e-01 1.174190081655979156e-02 -2.459186315536499023e-01 -7.679914832115173340e-01 -3.918768167495727539e-01 -5.406841635704040527e-01 5.944351851940155029e-02 -1.140009522438049316e+00 6.428039073944091797e-01 9.440424442291259766e-01 6.445195078849792480e-01 -3.079676926136016846e-01 -7.648449540138244629e-01 -7.410996556282043457e-01 7.131146192550659180e-01 -6.283383965492248535e-01
-8.604042530059814453e-01 -9.834163188934326172e-01 2.341535538434982300e-01 -4.520653486251831055e-01 -2.501552104949951172e+00 9.065945148468017578e-01 -1.693125218152999878e-01 1.588969975709915161e-01 5.693784952163696289e-01 -7.159204483032226562e-01 -9.646663814783096313e-02 2.940525770187377930e+00 -6.211585551500320435e-02 8.328075408935546875e-01 -2.892940938472747803e-01 -1.355895161628723145e+00 -1.069893598556518555e+00 7.958576679229736328e-01 3.321045398712158203e+00 8.081888556480407715e-01 5.133773013949394226e-02 -1.380566954612731934e-01 -4.168602526187896729e-01 -2.767666578292846680e-01 -5.760914087295532227e-01 -2.171225845813751221e-01 -3.121760189533233643e-01 1.555457234382629395e+00 9.629400968551635742e-01 7.299400568008422852e-01 -6.784880161285400391e-01 4.006753265857696533e-01 1.375315308570861816e+00 -5.099021196365356445e-01 -9.764534831047058105e-01 2.417470365762710571e-01 -6.459774374961853027e-01 -9.700257182121276855e-01 2.283329248428344727e+00 -8.334028720855712891e-01 -3.586755096912384033e-01 1.530504703521728516e+00 -9.665759205818176270e-01 1.289441883563995361e-01 3.607275784015655518e-01 -4.495764374732971191e-01 5.789259672164916992e-01 1.577340811491012573e-01 2.656764984130859375e-01 3.608481958508491516e-02 -1.659218221902847290e-01 -7.426710724830627441e-01 -4.178516268730163574e-01 -4.931547343730926514e-01 8.544143289327621460e-03 -1.073605179786682129e+00 6.713149547576904297e-01 8.974401950836181641e-01 6.815961599349975586e-01 -2.635367512702941895e-01 -8.351815342903137207e-01 -7.989603281021118164e-01 5.845778584480285645e-01 -7.728661894798278809e-01
-1.000929594039916992e+00 -5.874916911125183105e-01 1.625036895275115967e-01 -7.899022698402404785e-01 -2.053133487701416016e+00 1.256223797798156738e+00 -5.000495910644531250e-01 2.196483463048934937e-01 3.670160174369812012e-01 -8.726797103881835938e-01 -1.269116401672363281e-01 3.010262012481689453e+00 2.707404494285583496e-01 3.169490396976470947e-01 -8.272014558315277100e-02 -1.415588974952697754e+00 -1.058745861053466797e+00 1.248389840126037598e+00 3.605516195297241211e+00 5.883312821388244629e-01 7.834438979625701904e-02 -1.573589146137237549e-01 -3.031465411186218262e-01 -5.091758370399475098e-01 -2.646383345127105713e-01 -2.294158786535263062e-01 -3.950647413730621338e-01 1.720284104347229004e+00 7.072827219963073730e-01 4.144941270351409912e-01 -4.605165719985961914e-01 3.133753538131713867e-01 8.395612239837646484e-01 -4.401086270809173584e-01 -1.038118124008178711e+00 3.739491999149322510e-01 -2.733927071094512939e-01 -7.543725967407226562e-01 2.601416826248168945e+00 -6.867336630821228027e-01 -2.560539841651916504e-01 1.135525703430175781e+00 -1.103440880775451660e+00 -4.270613491535186768e-01 3.802504241466522217e-01 -2.623139917850494385e-01 7.918630242347717285e-01 -1.479624658823013306e-01 1.930391937494277954e-01 7.751230895519256592e-02 -5.661525130271911621e-01 -7.091577053070068359e-01 -4.206448495388031006e-01 -2.759793102741241455e-01 -2.406370453536510468e-02 -1.307761192321777344e+00 4.380974173545837402e-01 1.353049874305725098e+00 2.302147001028060913e-01 -6.122142076492309570e-01 -4.944146871566772461e-01 -6.601014733314514160e-01 6.554708480834960938e-01 -7.934944033622741699e-01
-9.197245240211486816e-01 -9.535769820213317871e-01 3.464501798152923584e-01 -2.450699210166931152e-01 -2.558867692947387695e+00 8.203874826431274414e-01 -1.306139491498470306e-02 1.243984252214431763e-01 6.600224375724792480e-01 -7.338790297508239746e-01 -1.370276808738708496e-01 2.834728717803955078e+00 -1.281142383813858032e-01 9.547763466835021973e-01 -3.864591717720031738e-01 -1.359869122505187988e+00 -1.079378962516784668e+00 6.166170239448547363e-01 3.109315633773803711e+00 7.884556651115417480e-01 6.881313771009445190e-02 -1.580818444490432739e-01 -5.192015171051025391e-01 -2.951529324054718018e-01 -6.569828391075134277e-01 -2.134862244129180908e-01 -3.153794407844543457e-01 1.465644478797912598e+00 1.146873712539672852e+00 7.675706148147583008e-01 -7.219763398170471191e-01 3.392089009284973145e-01 1.480744481086730957e+00 -5.103611350059509277e-01 -1.028835892677307129e+00 1.815963536500930786e-01 -6.616039276123046875e-01 -9.850140213966369629e-01 2.029788494110107422e+00 -9.432671070098876953e-01 -4.052399098873138428e-01 1.627289533615112305e+00 -1.003576159477233887e+00 2.340915948152542114e-01 4.921091496944427490e-01 -4.894382357597351074e-01 6.827546954154968262e-01 2.312885075807571411e-01 3.147406280040740967e-01 5.078141018748283386e-02 -2.792424149811267853e-02 -7.759438157081604004e-01 -4.355862438678741455e-01 -6.624491214752197266e-01 3.332540392875671387e-02 -9.852599501609802246e-01 7.979106903076171875e-01 8.061264157295227051e-01 8.260122537612915039e-01 -2.520765922963619232e-02 -9.298689365386962891e-01 -8.352897763252258301e-01 7.453524470329284668e-01 -7.309364080429077148e-01
-7.074300050735473633e-01 -1.187108874320983887e+00 2.016744911670684814e-01 1.406846940517425537e-01 -2.744237899780273438e+00 6.329602003097534180e-01 9.724035859107971191e-01 -8.579313009977340698e-02 6.694847345352172852e-01 -9.229803085327148438e-01 -6.626134365797042847e-02 2.673973560333251953e+00 -3.139329850673675537e-01 1.128196358680725098e+00 -5.817943215370178223e-01 -1.302389979362487793e+00 -1.042391777038574219e+00 2.400164753198623657e-01 2.247545957565307617e+00 6.152943372726440430e-01 -1.521007567644119263e-01 -2.992064952850341797e-01 -6.043705940246582031e-01 -2.933473289012908936e-01 -8.265612125396728516e-01 -3.516885638236999512e-01 -5.201714634895324707e-01 8.315176963806152344e-01 1.548763871192932129e+00 1.190224289894104004e+00 -6.476529240608215332e-01 1.072115182876586914e+00 1.741423368453979492e+00 -2.933592200279235840e-01 -9.657266139984130859e-01 -1.834411621093750000e-01 -7.507084608078002930e-01 -1.008040308952331543e+00 1.381512641906738281e+00 -1.073780059814453125e+00 -2.421329021453857422e-01 1.669416666030883789e+00 -8.005224466323852539e-01 3.532475531101226807e-01 4.780139923095703125e-01 -4.446265697479248047e-01 6.917807459831237793e-01 3.830734193325042725e-01 7.797813415527343750e-01 -9.183943271636962891e-02 8.683786988258361816e-01 -1.037972450256347656e+00 -2.505371868610382080e-01 -8.721721172332763672e-01 -1.333578526973724365e-01 -9.012294411659240723e-01 9.499711990356445312e-01 2.057968527078628540e-01 1.588847875595092773e+00 3.890525698661804199e-01 -8.893774747848510742e-01 -5.318411588668823242e-01 3.183058202266693115e-01 -8.327260017395019531e-01
-9.793092012405395508e-01 -1.249542355537414551e+00 5.759735107421875000e-01 3.915767669677734375e-01 -2.641736507415771484e+00 3.881464004516601562e-01 6.213298439979553223e-01 -1.196480914950370789e-01 1.046852350234985352e+00 -7.471244335174560547e-01 -2.843126952648162842e-01 2.237404584884643555e+00 -2.882086038589477539e-01 1.434280753135681152e+00 -7.263076901435852051e-01 -1.228440999984741211e+00 -1.294504046440124512e+00 3.305022120475769043e-01 2.335159778594970703e+00 9.500213265419006348e-01 1.753164827823638916e-01 -2.031664848327636719e-01 -5.734243392944335938e-01 -4.162454605102539062e-01 -8.020787239074707031e-01 -3.131514191627502441e-01 -3.336307406425476074e-01 1.014773011207580566e+00 1.697068333625793457e+00 6.973013877868652344e-01 -8.323637843132019043e-01 4.316064715385437012e-01 1.981284022331237793e+00 -4.196719825267791748e-01 -8.003416657447814941e-01 -1.505032628774642944e-01 -9.061803817749023438e-01 -1.200437545776367188e+00 1.347742795944213867e+00 -8.778194189071655273e-01 -4.299710392951965332e-01 1.891757607460021973e+00 -8.191587924957275391e-01 4.091084301471710205e-01 6.857920289039611816e-01 -4.238619506359100342e-01 7.491207718849182129e-01 6.434072256088256836e-01 4.568042457103729248e-01 -8.322501182556152344e-02 3.017463088035583496e-01 -8.945916891098022461e-01 -3.851464986801147461e-01 -5.708604454994201660e-01 -8.701132982969284058e-02 -6.971361637115478516e-01 7.395945787429809570e-01 5.353535413742065430e-01 1.270134210586547852e+00 4.990271925926208496e-01 -9.518868923187255859e-01 -7.711222171783447266e-01 6.419252753257751465e-01 -9.392516613006591797e-01
-8.285716176033020020e-01 -9.235687851905822754e-01 2.099763453006744385e-01 -4.558892250061035156e-01 -2.592309951782226562e+00 8.277921676635742188e-01 -1.275463849306106567e-01 5.335761606693267822e-02 6.246062517166137695e-01 -7.281916141510009766e-01 -1.179780587553977966e-01 2.894026994705200195e+00 -1.273695826530456543e-01 9.746934175491333008e-01 -3.420073688030242920e-01 -1.256513357162475586e+00 -1.119016051292419434e+00 6.836680769920349121e-01 3.096625328063964844e+00 8.419218063354492188e-01 9.219509363174438477e-02 -1.973367631435394287e-01 -3.968347907066345215e-01 -3.624962568283081055e-01 -6.218507885932922363e-01 -2.723350822925567627e-01 -4.558203816413879395e-01 1.421991825103759766e+00 1.181024074554443359e+00 8.713101148605346680e-01 -6.966534852981567383e-01 4.686084389686584473e-01 1.467264890670776367e+00 -4.535441398620605469e-01 -9.089491367340087891e-01 1.498534530401229858e-01 -6.884920597076416016e-01 -9.527862668037414551e-01 2.199602842330932617e+00 -9.272539019584655762e-01 -3.469441831111907959e-01 1.602769851684570312e+00 -9.736210703849792480e-01 1.681629121303558350e-01 4.700480699539184570e-01 -4.792507588863372803e-01 5.969182252883911133e-01 1.867229640483856201e-01 2.460733503103256226e-01 6.976319104433059692e-02 1.871918328106403351e-02 -7.867376208305358887e-01 -4.860437810420989990e-01 -6.121585965156555176e-01 -3.719369694590568542e-02 -1.098886728286743164e+00 7.056556940078735352e-01 9.334495067596435547e-01 8.003548383712768555e-01 -1.399185657501220703e-01 -8.260233998298645020e-01 -7.793053984642028809e-01 6.594002246856689453e-01 -6.977301836013793945e-01
-8.717758655548095703e-01 -8.543233871459960938e-01 1.516185104846954346e-01 -4.412114322185516357e-01 -2.533587694168090820e+00 9.383847117424011230e-01 7.971666008234024048e-02 -1.645375639200210571e-01 5.912799835205078125e-01 -8.473665118217468262e-01 -1.111303567886352539e-01 2.942033767700195312e+00 -6.723791360855102539e-02 8.415143489837646484e-01 -2.160827815532684326e-01 -1.238438844680786133e+00 -9.607080817222595215e-01 6.260144114494323730e-01 3.084651231765747070e+00 6.829696297645568848e-01 -7.551895454525947571e-03 -3.468919992446899414e-01 -5.022745132446289062e-01 -3.324620127677917480e-01 -7.212427258491516113e-01 -4.553418755531311035e-01 -4.313161075115203857e-01 1.237110733985900879e+00 1.348926782608032227e+00 8.732737302780151367e-01 -7.267445325851440430e-01 7.509286999702453613e-01 1.346410989761352539e+00 -3.163211941719055176e-01 -8.356155753135681152e-01 2.065893858671188354e-01 -7.584990859031677246e-01 -9.059712290763854980e-01 2.068444728851318359e+00 -1.047478318214416504e+00 -3.237806260585784912e-01 1.641677260398864746e+00 -8.645433783531188965e-01 5.228443443775177002e-02 5.621529221534729004e-01 -3.760122060775756836e-01 6.598415374755859375e-01 2.315465956926345825e-01 4.930105507373809814e-01 -1.584661379456520081e-02 2.482962310314178467e-01 -9.007522463798522949e-01 -4.411101341247558594e-01 -6.601559519767761230e-01 -1.036735475063323975e-01 -1.247856616973876953e+00 6.818850040435791016e-01 9.354253411293029785e-01 9.798094034194946289e-01 -1.807242184877395630e-01 -6.427263021469116211e-01 -7.459741830825805664e-01 5.757835507392883301e-01 -8.356512188911437988e-01
-1.000292181968688965e+00 -7.366370558738708496e-01 1.240428611636161804e-01 -4.688504636287689209e-01 -2.419038295745849609e+00 1.050882220268249512e+00 -1.723546683788299561e-01 8.906465768814086914e-02 6.295511722564697266e-01 -8.712604045867919922e-01 -1.052327528595924377e-01 2.949832439422607422e+00 1.032685041427612305e-01 6.743928790092468262e-01 -1.761553138494491577e-01 -1.430611371994018555e+00 -1.036860227584838867e+00 9.391447901725769043e-01 3.292749404907226562e+00 5.973911881446838379e-01 2.330009825527667999e-02 -2.014789730310440063e-01 -4.589450955390930176e-01 -4.747273921966552734e-01 -4.332191050052642822e-01 -3.500178158283233643e-01 -3.783702552318572998e-01 1.579561948776245117e+00 1.057514905929565430e+00 5.877634286880493164e-01 -5.812190771102905273e-01 4.001855254173278809e-01 1.309591650962829590e+00 -4.578415155410766602e-01 -9.896637797355651855e-01 3.208505511283874512e-01 -4.899832308292388916e-01 -9.495090842247009277e-01 2.305900812149047852e+00 -8.451408743858337402e-01 -3.399364054203033447e-01 1.331932663917541504e+00 -9.820691943168640137e-01 -1.592706143856048584e-01 5.751547813415527344e-01 -3.187644779682159424e-01 7.566809654235839844e-01 1.271278858184814453e-01 2.045540064573287964e-01 4.253322258591651917e-02 -3.051773011684417725e-01 -8.251692652702331543e-01 -4.494798481464385986e-01 -4.937309026718139648e-01 5.691733211278915405e-02 -1.249813914299011230e+00 6.316968798637390137e-01 1.068724989891052246e+00 6.017417311668395996e-01 -2.995800375938415527e-01 -6.739422678947448730e-01 -7.054728269577026367e-01 7.738496661186218262e-01 -7.940176725387573242e-01
-9.106818437576293945e-01 -8.982715010643005371e-01 4.194385930895805359e-02 -4.472520053386688232e-01 -2.518234491348266602e+00 9.935307502746582031e-01 -3.448100388050079346e-02 1.740731596946716309e-01 4.483641088008880615e-01 -7.660790681838989258e-01 -5.457227677106857300e-02 2.983883142471313477e+00 3.274557366967201233e-02 8.248558640480041504e-01 -3.638221621513366699e-01 -1.453601837158203125e+00 -1.034840345382690430e+00 8.600530624389648438e-01 3.175072669982910156e+00 7.688904404640197754e-01 -3.552057966589927673e-02 -1.081282123923301697e-01 -5.083890557289123535e-01 -3.889057040214538574e-01 -6.231429576873779297e-01 -3.034073114395141602e-01 -4.267204403877258301e-01 1.449475288391113281e+00 1.070397734642028809e+00 8.335848450660705566e-01 -6.395826339721679688e-01 6.788268685340881348e-01 1.375004053115844727e+00 -5.096772313117980957e-01 -1.019258499145507812e+00 2.054201811552047729e-01 -5.643042325973510742e-01 -9.175469279289245605e-01 2.284864425659179688e+00 -8.651661276817321777e-01 -3.219670951366424561e-01 1.395557403564453125e+00 -9.581662416458129883e-01 -2.586844563484191895e-02 3.792378008365631104e-01 -3.604522049427032471e-01 5.641025304794311523e-01 2.147133946418762207e-01 2.857784032821655273e-01 1.179101504385471344e-02 -2.788424864411354065e-02 -7.901718020439147949e-01 -4.132397174835205078e-01 -5.751959681510925293e-01 -4.201449453830718994e-02 -1.142668008804321289e+00 8.058352470397949219e-01 9.260744452476501465e-01 7.520897388458251953e-01 -1.864388883113861084e-01 -7.703224420547485352e-01 -5.794973373413085938e-01 5.285975933074951172e-01 -8.017547130584716797e-01
-8.793192505836486816e-01 -8.475478887557983398e-01 2.109421789646148682e-01 -2.886953651905059814e-01 -2.542159557342529297e+00 9.727810025215148926e-01 -1.410958021879196167e-01 8.882579207420349121e-02 6.517723798751831055e-01 -8.919916749000549316e-01 -5.995344743132591248e-02 2.883584499359130859e+00 -1.210584938526153564e-01 9.476655721664428711e-01 -3.933388590812683105e-01 -1.223084449768066406e+00 -9.972978234291076660e-01 7.793486714363098145e-01 3.104493141174316406e+00 7.127215862274169922e-01 1.030166521668434143e-01 -2.095092236995697021e-01 -5.196216702461242676e-01 -6.117525100708007812e-01 -5.370025634765625000e-01 -2.693752348423004150e-01 -3.347112238407135010e-01 1.384758234024047852e+00 1.036792874336242676e+00 7.416931390762329102e-01 -7.339146733283996582e-01 4.167595207691192627e-01 1.437450170516967773e+00 -5.614557862281799316e-01 -1.010214924812316895e+00 2.474787980318069458e-01 -4.606132507324218750e-01 -1.073996305465698242e+00 2.287287950515747070e+00 -7.893614172935485840e-01 -4.725183546543121338e-01 1.593785166740417480e+00 -9.776499271392822266e-01 4.851642064750194550e-03 6.740898489952087402e-01 -4.581883549690246582e-01 6.249659657478332520e-01 1.162759587168693542e-01 2.232156842947006226e-01 3.304132446646690369e-02 -5.217177327722311020e-03 -8.245745897293090820e-01 -5.114893913269042969e-01 -5.508445501327514648e-01 2.373437769711017609e-02 -1.139613151550292969e+00 7.171529531478881836e-01 9.743746519088745117e-01 8.049851059913635254e-01 -2.623262256383895874e-02 -8.542699813842773438e-01 -6.347070336341857910e-01 6.125063896179199219e-01 -7.466562390327453613e-01
-8.362905979156494141e-01 -1.208055853843688965e+00 1.439388692378997803e-01 -2.166509181261062622e-01 -2.701284646987915039e+00 8.027610182762145996e-01 2.088456302881240845e-01 -5.033036321401596069e-02 7.144909501075744629e-01 -7.470442056655883789e-01 -8.387239277362823486e-02 2.840911626815795898e+00 -8.905120939016342163e-02 8.974980711936950684e-01 -4.869883358478546143e-01 -1.296373486518859863e+00 -9.784232974052429199e-01 4.560063481330871582e-01 2.991195201873779297e+00 7.065773606300354004e-01 2.723273262381553650e-02 -1.629646569490432739e-01 -5.573253035545349121e-01 -1.842829734086990356e-01 -7.714924216270446777e-01 -3.729919195175170898e-01 -3.143387436866760254e-01 1.269917011260986328e+00 1.144560813903808594e+00 1.091787338256835938e+00 -6.366754770278930664e-01 8.645334243774414062e-01 1.535854935646057129e+00 -2.951385974884033203e-01 -9.552664756774902344e-01 1.345083117485046387e-01 -8.932310938835144043e-01 -8.842718601226806641e-01 1.834632635116577148e+00 -1.012314558029174805e+00 -2.633222639560699463e-01 1.476823449134826660e+00 -8.724949359893798828e-01 2.225636839866638184e-01 4.503180086612701416e-01 -5.044060945510864258e-01 6.541466712951660156e-01 2.687408328056335449e-01 4.778017401695251465e-01 2.824322693049907684e-02 4.026031792163848877e-01 -9.211593866348266602e-01 -2.887953817844390869e-01 -5.284489989280700684e-01 -7.763030380010604858e-02 -1.106040835380554199e+00 8.384663462638854980e-01 6.104338765144348145e-01 1.102489352226257324e+00 1.946508288383483887e-01 -9.586155414581298828e-01 -8.374839425086975098e-01 3.859963417053222656e-01 -8.543011546134948730e-01
-5.970118045806884766e-01 -1.347703337669372559e+00 3.554855287075042725e-01 7.815929055213928223e-01 -2.704012155532836914e+00 1.498581767082214355e-01 1.220644593238830566e+00 -4.464616179466247559e-01 1.214627146720886230e+00 -9.715227484703063965e-01 -2.150096297264099121e-01 1.657509088516235352e+00 -3.462278544902801514e-01 1.513714909553527832e+00 -6.292006969451904297e-01 -9.559696912765502930e-01 -9.568387866020202637e-01 -3.263614773750305176e-01 1.251637697219848633e+00 8.020349144935607910e-01 1.221156958490610123e-02 -3.361054062843322754e-01 -6.848218441009521484e-01 -3.148329555988311768e-01 -9.201414585113525391e-01 -4.846653044223785400e-01 -5.048798322677612305e-01 4.088433384895324707e-01 2.161659002304077148e+00 1.015764355659484863e+00 -7.115403413772583008e-01 7.662865519523620605e-01 2.060764789581298828e+00 -2.219996899366378784e-01 -7.327725887298583984e-01 -1.201412677764892578e-01 -1.150492429733276367e+00 -8.120254874229431152e-01 4.660893380641937256e-01 -1.190511465072631836e+00 -3.485692739486694336e-01 1.890790939331054688e+00 -4.012589454650878906e-01 7.956972122192382812e-01 8.630340099334716797e-01 -3.939354717731475830e-01 8.218770623207092285e-01 6.459312438964843750e-01 7.708706259727478027e-01 -9.066344797611236572e-02 1.120725512504577637e+00 -1.156766772270202637e+00 -1.743203401565551758e-01 -8.939768075942993164e-01 -1.968157142400741577e-01 -7.830545902252197266e-01 8.092318177223205566e-01 -1.204146966338157654e-01 1.831631541252136230e+00 8.628208041191101074e-01 -9.199997782707214355e-01 -8.207720518112182617e-01 5.324913859367370605e-01 -7.319689989089965820e-01
-8.785789012908935547e-01 -7.805591821670532227e-01 -3.714815154671669006e-02 -5.944665670394897461e-01 -2.477537631988525391e+00 1.044517397880554199e+00 -2.531636655330657959e-01 2.009504437446594238e-01 3.759615123271942139e-01 -6.606879830360412598e-01 3.936676308512687683e-02 3.025401830673217773e+00 -9.683921933174133301e-02 9.071300625801086426e-01 -3.478950262069702148e-01 -1.393649458885192871e+00 -1.046311020851135254e+00 8.317792415618896484e-01 3.297677755355834961e+00 6.871265172958374023e-01 1.122108921408653259e-01 -1.504588127136230469e-01 -4.143067300319671631e-01 -3.862391114234924316e-01 -5.583998560905456543e-01 -2.833353877067565918e-01 -3.735942840576171875e-01 1.505664229393005371e+00 8.811521530151367188e-01 8.000202178955078125e-01 -6.388421058654785156e-01 6.486589908599853516e-01 1.427233815193176270e+00 -5.506631731986999512e-01 -9.856242537498474121e-01 1.336340159177780151e-01 -4.628615081310272217e-01 -8.558894991874694824e-01 2.389747858047485352e+00 -8.941161632537841797e-01 -3.049942255020141602e-01 1.341762423515319824e+00 -1.128736853599548340e+00 -6.635059416294097900e-02 4.020729959011077881e-01 -4.252667129039764404e-01 3.911559581756591797e-01 1.629119068384170532e-01 1.620025187730789185e-01 1.088657416403293610e-03 -1.170079782605171204e-01 -7.175053358078002930e-01 -4.812567830085754395e-01 -5.468745827674865723e-01 6.143004074692726135e-02 -1.073623538017272949e+00 8.289365768432617188e-01 9.470315575599670410e-01 6.614019870758056641e-01 -2.201991379261016846e-01 -8.130864500999450684e-01 -5.890815854072570801e-01 6.147042512893676758e-01 -7.130645513534545898e-01
-7.482100129127502441e-01 -1.187927842140197754e+00 2.677303254604339600e-01 2.002980262041091919e-01 -2.725292682647705078e+00 5.170766115188598633e-01 5.466749072074890137e-01 -1.901260167360305786e-01 9.164177179336547852e-01 -8.675413727760314941e-01 -1.232681795954704285e-01 2.457253932952880859e+00 -2.658018171787261963e-01 1.293287277221679688e+00 -5.690982937812805176e-01 -1.219347596168518066e+00 -1.108000397682189941e+00 2.437845319509506226e-01 2.321841478347778320e+00 7.880347371101379395e-01 7.392895966768264771e-02 -2.439281344413757324e-01 -5.853636264801025391e-01 -2.796051502227783203e-01 -7.681974172592163086e-01 -3.931876122951507568e-01 -4.046964943408966064e-01 1.034331798553466797e+00 1.699437022209167480e+00 9.860507249832153320e-01 -7.603368759155273438e-01 6.967838406562805176e-01 1.891278862953186035e+00 -3.329631984233856201e-01 -8.988603949546813965e-01 -1.238709874451160431e-02 -8.930817246437072754e-01 -9.537085890769958496e-01 1.393567919731140137e+00 -1.144370436668395996e+00 -3.952276408672332764e-01 1.754961013793945312e+00 -7.879893779754638672e-01 4.987731873989105225e-01 6.858932375907897949e-01 -4.577250182628631592e-01 7.237074375152587891e-01 3.885507881641387939e-01 5.273638367652893066e-01 -8.358857780694961548e-02 5.561392903327941895e-01 -1.015847682952880859e+00 -3.125330507755279541e-01 -7.976531386375427246e-01 -3.251150622963905334e-02 -1.011926531791687012e+00 8.409168720245361328e-01 4.139354825019836426e-01 1.412007689476013184e+00 3.713185787200927734e-01 -1.005953550338745117e+00 -8.635892868041992188e-01 5.969566106796264648e-01 -6.854472756385803223e-01
-7.545723319053649902e-01 -9.090293049812316895e-01 2.245092066004872322e-03 -9.062750339508056641e-01 -2.128355503082275391e+00 9.995241165161132812e-01 -4.387834966182708740e-01 1.956339180469512939e-01 2.533697187900543213e-01 -8.196635246276855469e-01 -1.254030466079711914e-01 3.233655214309692383e+00 1.509684473276138306e-01 2.922198176383972168e-01 -1.573722362518310547e-01 -1.493230700492858887e+00 -1.043346762657165527e+00 1.116986989974975586e+00 3.479605674743652344e+00 7.949444055557250977e-01 1.692143082618713379e-02 -5.721090361475944519e-02 -3.490881919860839844e-01 -3.200795352458953857e-01 -5.324792861938476562e-01 -1.025289669632911682e-01 -4.909682869911193848e-01 1.524082779884338379e+00 8.755763173103332520e-01 1.007436156272888184e+00 -6.799659729003906250e-01 4.583960175514221191e-01 1.032855153083801270e+00 -4.770504236221313477e-01 -9.644355177879333496e-01 2.765035331249237061e-01 -3.385339081287384033e-01 -8.202937245368957520e-01 2.622364521026611328e+00 -8.079643249511718750e-01 -2.583780288696289062e-01 1.176512479782104492e+00 -1.049179434776306152e+00 -1.044705808162689209e-01 6.630609184503555298e-02 -3.704413473606109619e-01 6.841673851013183594e-01 -2.240497618913650513e-01 4.752474129199981689e-01 1.439759433269500732e-01 -2.374724894762039185e-01 -5.693498849868774414e-01 -3.986716568470001221e-01 -4.461227953433990479e-01 -8.880119025707244873e-02 -9.574409723281860352e-01 5.668277740478515625e-01 1.099267125129699707e+00 5.306683778762817383e-01 -5.708004236221313477e-01 -6.205043792724609375e-01 -6.601741909980773926e-01 3.015185296535491943e-01 -7.055459022521972656e-01
-6.803491115570068359e-01 -1.449609875679016113e+00 4.786900281906127930e-01 7.601271271705627441e-01 -2.651785135269165039e+00 1.142969280481338501e-01 1.275977253913879395e+00 -3.817332386970520020e-01 1.192898511886596680e+00 -9.135588407516479492e-01 -3.310152590274810791e-01 1.472336649894714355e+00 -3.787788748741149902e-01 1.581855654716491699e+00 -6.599124670028686523e-01 -9.102848172187805176e-01 -9.937748312950134277e-01 -2.807866930961608887e-01 1.267594814300537109e+00 8.451288938522338867e-01 -5.316956341266632080e-02 -3.996388614177703857e-01 -7.406588196754455566e-01 -2.366967797279357910e-01 -9.799418449401855469e-01 -4.483878612518310547e-01 -3.849349617958068848e-01 3.605938255786895752e-01 2.198078870773315430e+00 9.017198085784912109e-01 -6.597934961318969727e-01 7.149892449378967285e-01 2.043523311614990234e+00 -1.801208406686782837e-01 -6.448075175285339355e-01 -1.419644802808761597e-01 -1.165290117263793945e+00 -8.775529861450195312e-01 5.062869191169738770e-01 -1.194950819015502930e+00 -4.142837524414062500e-01 2.061989307403564453e+00 -3.446874022483825684e-01 8.196775913238525391e-01 8.910978436470031738e-01 -3.635241091251373291e-01 8.814086914062500000e-01 6.793417334556579590e-01 6.938986778259277344e-01 -1.161697953939437866e-01 9.222437143325805664e-01 -1.129097580909729004e+00 -1.545432060956954956e-01 -8.437522053718566895e-01 -1.929628849029541016e-01 -7.060579657554626465e-01 8.002554178237915039e-01 -1.673207879066467285e-01 1.825472474098205566e+00 8.805623650550842285e-01 -9.300927519798278809e-01 -8.097804784774780273e-01 5.830447077751159668e-01 -7.595093250274658203e-01
-7.065618038177490234e-01 -1.218927621841430664e+00 1.747012287378311157e-01 3.048372082412242889e-02 -2.691602468490600586e+00 7.661079764366149902e-01 4.107859730720520020e-01 -2.091129422187805176e-01 6.222297549247741699e-01 -1.066254258155822754e+00 2.045964263379573822e-02 2.864296674728393555e+00 -9.848368167877197266e-02 1.003753900527954102e+00 -3.688698112964630127e-01 -1.181977510452270508e+00 -1.088448166847229004e+00 3.476393222808837891e-01 2.530895709991455078e+00 7.591719627380371094e-01 -9.601410478353500366e-02 -1.299456804990768433e-01 -6.299147009849548340e-01 -2.780067324638366699e-01 -8.020341992378234863e-01 -4.416309893131256104e-01 -3.837785720825195312e-01 1.032291412353515625e+00 1.316197991371154785e+00 1.300082921981811523e+00 -6.770125031471252441e-01 1.041254520416259766e+00 1.601278185844421387e+00 -4.237740635871887207e-01 -1.094079852104187012e+00 1.710374057292938232e-01 -8.628469705581665039e-01 -8.383330106735229492e-01 1.693152427673339844e+00 -1.056503415107727051e+00 -2.763194739818572998e-01 1.463081121444702148e+00 -7.733780741691589355e-01 2.911925315856933594e-01 5.031917691230773926e-01 -3.593524396419525146e-01 6.531044244766235352e-01 2.256830334663391113e-01 5.790283083915710449e-01 4.127599298954010010e-02 6.507135033607482910e-01 -9.230381250381469727e-01 -2.474955171346664429e-01 -7.644244432449340820e-01 -1.330744922161102295e-01 -9.942848682403564453e-01 8.239911198616027832e-01 3.004353344440460205e-01 1.452070832252502441e+00 3.304964900016784668e-01 -1.011568069458007812e+00 -7.771614789962768555e-01 3.664026260375976562e-01 -8.473863601684570312e-01
-9.105591177940368652e-01 -4.733570516109466553e-01 3.940158188343048096e-01 -7.839220166206359863e-01 -1.928593158721923828e+00 1.175416588783264160e+00 -1.097479104995727539e+00 3.692683577537536621e-01 4.219951033592224121e-01 -5.376418232917785645e-01 -6.522504985332489014e-02 2.696627855300903320e+00 5.200117081403732300e-02 4.893675446510314941e-01 1.023767865262925625e-03 -1.331044673919677734e+00 -9.601331353187561035e-01 1.315872907638549805e+00 3.637475252151489258e+00 7.486038208007812500e-01 1.996179521083831787e-01 -7.427476346492767334e-02 -2.269207537174224854e-01 -5.126853585243225098e-01 -9.133897721767425537e-02 -3.806306049227714539e-02 -2.876794338226318359e-01 2.048524379730224609e+00 4.995630383491516113e-01 7.906356453895568848e-02 -5.109542012214660645e-01 -2.936697304248809814e-01 6.474827527999877930e-01 -5.683495998382568359e-01 -9.545349478721618652e-01 4.061759710311889648e-01 -3.360638618469238281e-01 -7.549932003021240234e-01 2.695116043090820312e+00 -5.487416982650756836e-01 -5.105398893356323242e-01 1.291635274887084961e+00 -1.085034132003784180e+00 -4.554451704025268555e-01 4.360614418983459473e-01 -5.436944961547851562e-01 6.890159249305725098e-01 -1.799048632383346558e-01 -2.026759386062622070e-01 6.933319568634033203e-02 -8.898867964744567871e-01 -4.508323669433593750e-01 -5.125153064727783203e-01 -2.494703680276870728e-01 1.473852992057800293e-01 -1.276892066001892090e+00 3.665544688701629639e-01 1.620285987854003906e+00 -2.681818306446075439e-01 -7.027190923690795898e-01 -4.207362830638885498e-01 -6.846884489059448242e-01 7.817956805229187012e-01 -4.939656257629394531e-01
-7.077668905258178711e-01 -1.314167857170104980e+00 6.623278260231018066e-01 9.574196338653564453e-01 -2.715495586395263672e+00 1.809556037187576294e-02 1.326260805130004883e+00 -3.471933901309967041e-01 1.273466825485229492e+00 -8.265240192413330078e-01 -3.494882881641387939e-01 1.246709942817687988e+00 -4.355842173099517822e-01 1.672276616096496582e+00 -7.780029177665710449e-01 -8.514047861099243164e-01 -9.941360950469970703e-01 -2.917025089263916016e-01 9.903796315193176270e-01 7.992333769798278809e-01 -5.872895941138267517e-03 -4.039518833160400391e-01 -7.333822250366210938e-01 -3.020149469375610352e-01 -9.032499790191650391e-01 -3.680308163166046143e-01 -5.352402329444885254e-01 4.480490684509277344e-01 2.233735799789428711e+00 6.321346163749694824e-01 -5.555371046066284180e-01 6.187881827354431152e-01 2.046758890151977539e+00 -1.519042551517486572e-01 -5.463579297065734863e-01 -3.075010776519775391e-01 -1.232026576995849609e+00 -8.404157161712646484e-01 2.590538859367370605e-01 -1.093056559562683105e+00 -4.394800066947937012e-01 2.200262069702148438e+00 -3.793205320835113525e-01 7.821812033653259277e-01 1.098486542701721191e+00 -5.152465105056762695e-01 9.077708125114440918e-01 7.896426320075988770e-01 7.347423434257507324e-01 -2.058181762695312500e-01 9.756435751914978027e-01 -1.193580746650695801e+00 -1.662610620260238647e-01 -8.987627625465393066e-01 -1.952486187219619751e-01 -7.586923837661743164e-01 7.870151996612548828e-01 -9.102511405944824219e-02 1.613291740417480469e+00 9.756145477294921875e-01 -9.273872375488281250e-01 -7.512539029121398926e-01 7.328758835792541504e-01 -5.894733071327209473e-01
-6.486003398895263672e-01 -1.248845815658569336e+00 5.135688185691833496e-01 9.985596537590026855e-01 -2.692538499832153320e+00 -9.184755384922027588e-02 1.486685276031494141e+00 -3.569254577159881592e-01 1.289919734001159668e+00 -8.877624869346618652e-01 -3.665601313114166260e-01 1.116523623466491699e+00 -4.554849267005920410e-01 1.714224338531494141e+00 -6.663342118263244629e-01 -8.779990077018737793e-01 -9.651787281036376953e-01 -3.645069301128387451e-01 7.877819538116455078e-01 7.918922901153564453e-01 -7.467922754585742950e-03 -4.428982734680175781e-01 -6.819140315055847168e-01 -3.048515915870666504e-01 -9.626253843307495117e-01 -4.233728051185607910e-01 -5.814906954765319824e-01 2.948656082153320312e-01 2.362466812133789062e+00 6.820030212402343750e-01 -5.321055054664611816e-01 6.333244442939758301e-01 2.114523410797119141e+00 -1.103183925151824951e-01 -5.505504012107849121e-01 -2.839796543121337891e-01 -1.097078680992126465e+00 -8.699523806571960449e-01 1.520304530858993530e-01 -1.052133321762084961e+00 -4.007612168788909912e-01 2.112476587295532227e+00 -3.370805680751800537e-01 8.138086795806884766e-01 1.016437888145446777e+00 -4.613176882266998291e-01 9.007673263549804688e-01 9.024006724357604980e-01 7.379047274589538574e-01 -1.479759961366653442e-01 1.060638666152954102e+00 -1.120539665222167969e+00 -2.171112447977066040e-01 -9.536875486373901367e-01 -2.009201645851135254e-01 -7.373763918876647949e-01 8.159814476966857910e-01 -1.600116938352584839e-01 1.686837315559387207e+00 9.447597861289978027e-01 -9.409779310226440430e-01 -7.862435579299926758e-01 7.609130740165710449e-01 -6.503086090087890625e-01
-9.257369637489318848e-01 -8.576761484146118164e-01 1.289827078580856323e-01 -3.792498409748077393e-01 -2.685213088989257812e+00 9.386445879936218262e-01 -2.635097689926624298e-02 7.518417201936244965e-03 6.063484549522399902e-01 -7.310696244239807129e-01 -1.251109093427658081e-01 2.796916484832763672e+00 -1.174383889883756638e-02 1.105459451675415039e+00 -3.708744943141937256e-01 -1.324240088462829590e+00 -1.090362310409545898e+00 6.475865840911865234e-01 3.068183422088623047e+00 7.322879433631896973e-01 1.980036683380603790e-02 -1.787045001983642578e-01 -4.215468168258666992e-01 -5.196593403816223145e-01 -5.584100484848022461e-01 -3.333307206630706787e-01 -3.226865530014038086e-01 1.429718852043151855e+00 1.162409663200378418e+00 6.765326857566833496e-01 -5.718542933464050293e-01 4.439561963081359863e-01 1.574644923210144043e+00 -4.068042635917663574e-01 -9.114006757736206055e-01 2.786630392074584961e-01 -5.520002841949462891e-01 -9.512303471565246582e-01 2.102727890014648438e+00 -8.986480832099914551e-01 -3.742403984069824219e-01 1.500243782997131348e+00 -1.017912626266479492e+00 -1.015060208737850189e-02 6.303064823150634766e-01 -4.647980332374572754e-01 7.145614624023437500e-01 1.754871904850006104e-01 2.201655358076095581e-01 2.109525166451931000e-02 -4.955155029892921448e-02 -9.048525094985961914e-01 -4.487835466861724854e-01 -6.093909740447998047e-01 5.117009580135345459e-02 -1.195992588996887207e+00 7.376179099082946777e-01 9.290113449096679688e-01 8.216873407363891602e-01 -1.315290480852127075e-01 -8.117619156837463379e-01 -7.204525470733642578e-01 7.886099219322204590e-01 -7.354098558425903320e-01
-1.040263056755065918e+00 -9.205973148345947266e-01 3.363828063011169434e-01 -7.308767735958099365e-02 -2.595639467239379883e+00 7.796922922134399414e-01 -7.377407699823379517e-02 2.063801288604736328e-01 9.957693219184875488e-01 -8.377113342285156250e-01 -1.679817736148834229e-01 2.415118455886840820e+00 -1.345336735248565674e-01 1.157265663146972656e+00 -3.694725632667541504e-01 -1.422505497932434082e+00 -1.056233763694763184e+00 7.509430050849914551e-01 2.862807273864746094e+00 7.151893973350524902e-01 1.613959223031997681e-01 -2.127542942762374878e-01 -4.563087522983551025e-01 -7.544125914573669434e-01 -5.856809616088867188e-01 -2.975441813468933105e-01 -2.834845483303070068e-01 1.501387834548950195e+00 1.372873783111572266e+00 4.155501723289489746e-01 -4.810626804828643799e-01 1.496442109346389771e-01 1.622000813484191895e+00 -5.693610906600952148e-01 -1.019444346427917480e+00 2.012623846530914307e-01 -4.123816192150115967e-01 -1.193266153335571289e+00 2.110419511795043945e+00 -7.675032615661621094e-01 -4.720005989074707031e-01 1.752550363540649414e+00 -8.709589838981628418e-01 -2.034272626042366028e-02 7.625398039817810059e-01 -5.558366775512695312e-01 9.083788990974426270e-01 2.701669335365295410e-01 8.229644596576690674e-02 -7.665970828384160995e-03 -2.268526554107666016e-01 -7.756639719009399414e-01 -5.552053451538085938e-01 -4.587500691413879395e-01 3.052290342748165131e-02 -1.138442277908325195e+00 6.770513653755187988e-01 9.763175845146179199e-01 6.893737316131591797e-01 7.663861382752656937e-03 -8.110845088958740234e-01 -7.321439981460571289e-01 9.216291904449462891e-01 -7.602775692939758301e-01
-7.726278305053710938e-01 -9.831728935241699219e-01 3.614083230495452881e-01 -3.239764571189880371e-01 -2.574882268905639648e+00 9.312022328376770020e-01 -1.343906670808792114e-01 6.724637001752853394e-02 4.844680428504943848e-01 -7.808438539505004883e-01 -7.796669751405715942e-02 2.925311803817749023e+00 4.894492775201797485e-02 8.289237618446350098e-01 -3.319981992244720459e-01 -1.404655933380126953e+00 -1.084891915321350098e+00 7.447566986083984375e-01 3.164491176605224609e+00 8.369855880737304688e-01 6.927496194839477539e-02 -1.439953297376632690e-01 -5.832384824752807617e-01 -2.976557910442352295e-01 -6.130508780479431152e-01 -2.306335419416427612e-01 -4.623278975486755371e-01 1.583613753318786621e+00 1.102418899536132812e+00 7.701831459999084473e-01 -5.764887928962707520e-01 5.334466099739074707e-01 1.307169556617736816e+00 -5.044261813163757324e-01 -1.080789446830749512e+00 2.390872687101364136e-01 -6.494470238685607910e-01 -8.499945402145385742e-01 2.204386234283447266e+00 -9.437845945358276367e-01 -3.762203156948089600e-01 1.493521809577941895e+00 -9.893410801887512207e-01 1.406387239694595337e-01 4.210745990276336670e-01 -4.921889305114746094e-01 5.680173039436340332e-01 2.008623480796813965e-01 4.101046025753021240e-01 8.910406380891799927e-02 2.505490928888320923e-02 -6.662981510162353516e-01 -3.536407947540283203e-01 -7.238335609436035156e-01 -1.281788051128387451e-01 -1.105540156364440918e+00 7.263061404228210449e-01 8.097229003906250000e-01 7.936092019081115723e-01 -1.747441440820693970e-01 -8.988081216812133789e-01 -6.496210694313049316e-01 4.908983707427978516e-01 -7.155762314796447754e-01
-6.282185316085815430e-01 -1.317552804946899414e+00 4.403474926948547363e-01 8.017380237579345703e-01 -2.755226612091064453e+00 4.795264080166816711e-02 1.414386510848999023e+00 -3.406552970409393311e-01 1.208795309066772461e+00 -9.433068633079528809e-01 -2.915839552879333496e-01 1.478153109550476074e+00 -3.833337128162384033e-01 1.598076820373535156e+00 -5.821514129638671875e-01 -1.031305074691772461e+00 -8.613532781600952148e-01 -3.608128726482391357e-01 1.174466133117675781e+00 7.165391445159912109e-01 -1.546152979135513306e-01 -4.664047062397003174e-01 -7.682715654373168945e-01 -3.408606052398681641e-01 -8.978473544120788574e-01 -3.942209780216217041e-01 -5.766720771789550781e-01 4.451135098934173584e-01 2.122537851333618164e+00 7.941871285438537598e-01 -4.923012554645538330e-01 7.149324417114257812e-01 2.059691429138183594e+00 -8.402904123067855835e-02 -7.321354746818542480e-01 -1.783468276262283325e-01 -1.002943634986877441e+00 -7.458783388137817383e-01 3.739163875579833984e-01 -1.146778941154479980e+00 -3.412182033061981201e-01 2.006669998168945312e+00 -4.002682268619537354e-01 7.160401344299316406e-01 9.486348032951354980e-01 -5.554139018058776855e-01 9.607651829719543457e-01 7.606747746467590332e-01 8.062587976455688477e-01 -1.780662983655929565e-01 1.125991821289062500e+00 -1.213418006896972656e+00 -2.581141889095306396e-01 -1.001617074012756348e+00 -2.430191040039062500e-01 -7.285974621772766113e-01 9.489818811416625977e-01 -6.129257753491401672e-02 1.715375423431396484e+00 9.106773138046264648e-01 -9.316159486770629883e-01 -8.031751513481140137e-01 6.146180033683776855e-01 -6.247677803039550781e-01
-8.895702958106994629e-01 -1.022422194480895996e+00 9.913483262062072754e-02 -4.331263899803161621e-01 -2.446053981781005859e+00 1.100720286369323730e+00 -6.450908631086349487e-02 1.539646387100219727e-01 4.372351765632629395e-01 -8.935847878456115723e-01 -9.209849685430526733e-02 3.106953620910644531e+00 6.077995896339416504e-02 7.118557691574096680e-01 -2.475028187036514282e-01 -1.466058373451232910e+00 -1.057971596717834473e+00 8.846564292907714844e-01 3.292857885360717773e+00 6.596730351448059082e-01 -2.863871492445468903e-02 -1.398534625768661499e-01 -4.644556641578674316e-01 -2.827681005001068115e-01 -6.992668509483337402e-01 -2.446555793285369873e-01 -4.147328138351440430e-01 1.418157815933227539e+00 9.760314822196960449e-01 7.284463644027709961e-01 -5.196371078491210938e-01 5.895609259605407715e-01 1.383136630058288574e+00 -2.937019169330596924e-01 -1.031028151512145996e+00 3.457050323486328125e-01 -5.961617827415466309e-01 -9.745237827301025391e-01 2.315888881683349609e+00 -7.507299780845642090e-01 -2.898592352867126465e-01 1.349453568458557129e+00 -9.135145545005798340e-01 -1.474324911832809448e-01 3.588684499263763428e-01 -3.553534448146820068e-01 6.574614644050598145e-01 2.026698589324951172e-01 3.320198059082031250e-01 3.770625591278076172e-02 -9.331624954938888550e-02 -7.458211779594421387e-01 -4.165115356445312500e-01 -5.042735934257507324e-01 -8.364056795835494995e-02 -1.127273440361022949e+00 5.544342398643493652e-01 7.777080535888671875e-01 7.523654103279113770e-01 -2.810298800468444824e-01 -7.607724070549011230e-01 -6.437550783157348633e-01 5.631107091903686523e-01 -8.023408651351928711e-01
-7.957578897476196289e-01 -7.934821248054504395e-01 6.312495470046997070e-02 -7.487273812294006348e-01 -2.370376110076904297e+00 1.008499264717102051e+00 -2.313020825386047363e-01 2.172853797674179077e-02 4.613779485225677490e-01 -8.995465636253356934e-01 -1.153544113039970398e-01 3.104042053222656250e+00 1.263173967599868774e-01 5.245421528816223145e-01 -1.711174845695495605e-01 -1.435987591743469238e+00 -1.125909566879272461e+00 9.384647607803344727e-01 3.284997940063476562e+00 7.507804036140441895e-01 -7.885780185461044312e-02 -1.234456598758697510e-01 -3.709457814693450928e-01 -3.973074555397033691e-01 -4.089726805686950684e-01 -1.612160503864288330e-01 -4.490436315536499023e-01 1.523196578025817871e+00 9.711626768112182617e-01 9.446755647659301758e-01 -5.965790152549743652e-01 4.885915219783782959e-01 1.148527145385742188e+00 -4.627330899238586426e-01 -9.646440148353576660e-01 3.730468750000000000e-01 -4.603441059589385986e-01 -8.953958153724670410e-01 2.488484621047973633e+00 -8.310443162918090820e-01 -3.157339692115783691e-01 1.284009337425231934e+00 -1.080300569534301758e+00 2.346932888031005859e-02 2.945948243141174316e-01 -3.668642044067382812e-01 7.575142383575439453e-01 -7.205897569656372070e-02 4.084704518318176270e-01 1.222869455814361572e-01 -1.583305001258850098e-01 -7.322505116462707520e-01 -4.461527764797210693e-01 -5.068370103836059570e-01 2.653254009783267975e-02 -1.120315194129943848e+00 6.156669855117797852e-01 9.703805446624755859e-01 6.719159483909606934e-01 -4.164411723613739014e-01 -6.800135374069213867e-01 -7.962809205055236816e-01 4.639600217342376709e-01 -7.662773728370666504e-01
-7.607179880142211914e-01 -1.162991881370544434e+00 1.346548646688461304e-01 1.728314012289047241e-01 -2.782255172729492188e+00 7.002528905868530273e-01 6.634991765022277832e-01 -1.408164203166961670e-01 8.013081550598144531e-01 -1.003240942955017090e+00 -4.283250868320465088e-02 2.627177000045776367e+00 -2.344532012939453125e-01 1.172366857528686523e+00 -5.400341749191284180e-01 -1.278345584869384766e+00 -1.014576673507690430e+00 3.617399930953979492e-01 2.302718162536621094e+00 6.068167090415954590e-01 -3.726651519536972046e-02 -3.046981990337371826e-01 -6.159182190895080566e-01 -2.873567044734954834e-01 -8.480667471885681152e-01 -3.954744338989257812e-01 -5.424667000770568848e-01 9.470058083534240723e-01 1.409971833229064941e+00 1.085616111755371094e+00 -6.201938390731811523e-01 1.028291106224060059e+00 1.796749114990234375e+00 -3.001423180103302002e-01 -9.488371610641479492e-01 6.072007119655609131e-02 -7.846708893775939941e-01 -8.643775582313537598e-01 1.558153390884399414e+00 -1.072780489921569824e+00 -2.674440145492553711e-01 1.599078059196472168e+00 -8.087424039840698242e-01 4.099730551242828369e-01 6.752439141273498535e-01 -4.585120677947998047e-01 6.216959953308105469e-01 3.618420660495758057e-01 7.561401128768920898e-01 -8.778204023838043213e-02 7.152721285820007324e-01 -1.037684798240661621e+00 -3.145814538002014160e-01 -7.815928459167480469e-01 -1.523558944463729858e-01 -9.834471344947814941e-01 9.737915396690368652e-01 3.111959099769592285e-01 1.384197115898132324e+00 4.412753283977508545e-01 -1.046229600906372070e+00 -8.245022892951965332e-01 3.928947746753692627e-01 -7.423471808433532715e-01
-7.852557301521301270e-01 -1.248255491256713867e+00 5.284299254417419434e-01 5.410588383674621582e-01 -2.842429161071777344e+00 3.323370516300201416e-01 9.132711291313171387e-01 -2.163493186235427856e-01 1.145912408828735352e+00 -8.259608149528503418e-01 -2.978390157222747803e-01 1.891260385513305664e+00 -2.816631197929382324e-01 1.531104087829589844e+00 -7.035339474678039551e-01 -1.123240947723388672e+00 -1.078607320785522461e+00 3.248172998428344727e-02 1.853180766105651855e+00 7.782657146453857422e-01 2.338905818760395050e-02 -2.778283953666687012e-01 -6.087948679924011230e-01 -4.555650353431701660e-01 -7.884942889213562012e-01 -3.350799679756164551e-01 -5.016315579414367676e-01 8.909327983856201172e-01 1.834820747375488281e+00 7.044054269790649414e-01 -6.517738103866577148e-01 5.253654122352600098e-01 1.992417216300964355e+00 -2.660866081714630127e-01 -7.691366076469421387e-01 -1.093004792928695679e-01 -1.060643196105957031e+00 -9.394253492355346680e-01 8.978952765464782715e-01 -1.075392603874206543e+00 -4.070792198181152344e-01 2.026833057403564453e+00 -6.008108258247375488e-01 6.632559299468994141e-01 9.514449834823608398e-01 -4.691634476184844971e-01 1.026894330978393555e+00 5.829987525939941406e-01 6.269530057907104492e-01 -1.346661746501922607e-01 6.970237493515014648e-01 -1.165313363075256348e+00 -2.748589515686035156e-01 -7.766699790954589844e-01 -9.307394176721572876e-02 -1.019881129264831543e+00 7.639687061309814453e-01 3.149624764919281006e-01 1.436007738113403320e+00 6.133212447166442871e-01 -8.597654104232788086e-01 -9.003866314888000488e-01 6.333820819854736328e-01 -7.573581933975219727e-01
-9.564000964164733887e-01 -6.129441261291503906e-01 1.553030461072921753e-01 -5.930544734001159668e-01 -2.181346178054809570e+00 1.106339335441589355e+00 -8.057400584220886230e-01 1.853377074003219604e-01 5.474704504013061523e-01 -5.641932487487792969e-01 1.895900070667266846e-02 2.875145435333251953e+00 -2.954833768308162689e-02 7.894534468650817871e-01 -1.528698801994323730e-01 -1.276695489883422852e+00 -1.051961302757263184e+00 9.787738323211669922e-01 3.516822338104248047e+00 7.711386084556579590e-01 1.716329008340835571e-01 -8.847287297248840332e-02 -3.064874112606048584e-01 -4.021759629249572754e-01 -3.050887584686279297e-01 -2.179219573736190796e-01 -1.699128895998001099e-01 1.834745764732360840e+00 6.410624384880065918e-01 3.327861130237579346e-01 -6.543806195259094238e-01 -3.899285942316055298e-02 1.197306632995605469e+00 -6.791555881500244141e-01 -9.572315812110900879e-01 3.729000389575958252e-01 -3.673686981201171875e-01 -9.142621755599975586e-01 2.588562250137329102e+00 -7.065864801406860352e-01 -4.576004445552825928e-01 1.296448588371276855e+00 -1.107965946197509766e+00 -1.605914235115051270e-01 5.361585021018981934e-01 -4.185664057731628418e-01 4.469627737998962402e-01 1.036914512515068054e-01 -2.519753873348236084e-01 4.622722789645195007e-02 -6.759449839591979980e-01 -5.999921560287475586e-01 -5.275843143463134766e-01 -3.779664933681488037e-01 1.610977500677108765e-01 -1.200784444808959961e+00 4.976461827754974365e-01 1.327234625816345215e+00 2.246227562427520752e-01 -4.515350759029388428e-01 -7.012170553207397461e-01 -7.125526666641235352e-01 8.808522820472717285e-01 -6.135471463203430176e-01
-6.193757653236389160e-01 -1.377278208732604980e+00 5.018088221549987793e-01 9.836153388023376465e-01 -2.757585048675537109e+00 1.406410429626703262e-02 1.328099846839904785e+00 -3.613793849945068359e-01 1.272645711898803711e+00 -9.389448165893554688e-01 -2.563065886497497559e-01 1.356632471084594727e+00 -3.393758535385131836e-01 1.700284838676452637e+00 -6.677964925765991211e-01 -9.735187888145446777e-01 -1.028741002082824707e+00 -2.972940504550933838e-01 9.970144033432006836e-01 8.619878888130187988e-01 1.632392778992652893e-02 -3.196361660957336426e-01 -6.755010485649108887e-01 -3.094807863235473633e-01 -9.252359271049499512e-01 -3.855289220809936523e-01 -5.817561149597167969e-01 4.698131978511810303e-01 2.234990358352661133e+00 6.457315087318420410e-01 -6.197736859321594238e-01 6.568925380706787109e-01 2.095895767211914062e+00 -2.526665627956390381e-01 -6.869050264358520508e-01 -2.555677294731140137e-01 -1.072833776473999023e+00 -7.438502311706542969e-01 2.844259738922119141e-01 -1.074488639831542969e+00 -4.158915877342224121e-01 1.976107954978942871e+00 -3.745850920677185059e-01 8.226021528244018555e-01 1.028231143951416016e+00 -4.823528826236724854e-01 9.043275713920593262e-01 8.044129610061645508e-01 7.518082261085510254e-01 -1.307037770748138428e-01 9.468600153923034668e-01 -1.152780532836914062e+00 -1.697871983051300049e-01 -9.584032297134399414e-01 -3.059944212436676025e-01 -7.205276489257812500e-01 8.567108511924743652e-01 -7.762999087572097778e-02 1.650753140449523926e+00 9.390912055969238281e-01 -9.877139329910278320e-01 -7.664561271667480469e-01 6.650390625000000000e-01 -6.401039361953735352e-01
-8.860828280448913574e-01 -8.320025205612182617e-01 2.032916396856307983e-01 -2.642150819301605225e-01 -2.578843355178833008e+00 8.291504979133605957e-01 6.856265664100646973e-02 1.483047008514404297e-02 6.479568481445312500e-01 -8.884471654891967773e-01 -9.588148444890975952e-02 2.800930261611938477e+00 -4.862365126609802246e-02 9.832102656364440918e-01 -2.993901669979095459e-01 -1.444047093391418457e+00 -1.154803752899169922e+00 7.817784547805786133e-01 2.988784313201904297e+00 7.306236028671264648e-01 6.663542240858078003e-02 -1.851185113191604614e-01 -4.099915623664855957e-01 -4.158012866973876953e-01 -5.488542318344116211e-01 -3.012641668319702148e-01 -4.637713730335235596e-01 1.477656245231628418e+00 1.372054696083068848e+00 6.924287676811218262e-01 -6.542678475379943848e-01 3.668045103549957275e-01 1.540097475051879883e+00 -4.239152967929840088e-01 -1.031734108924865723e+00 2.079973220825195312e-01 -5.879893302917480469e-01 -8.942067027091979980e-01 2.054067134857177734e+00 -9.415991306304931641e-01 -3.428630828857421875e-01 1.523108601570129395e+00 -1.024090886116027832e+00 6.369348615407943726e-02 5.368455648422241211e-01 -4.843795299530029297e-01 7.771000862121582031e-01 2.657207250595092773e-01 2.976188659667968750e-01 1.369843166321516037e-02 -7.041275501251220703e-02 -8.561937808990478516e-01 -4.267683327198028564e-01 -6.188268661499023438e-01 1.141226943582296371e-02 -1.162125945091247559e+00 6.915490031242370605e-01 9.150357246398925781e-01 8.126330375671386719e-01 -1.604542285203933716e-01 -7.774235010147094727e-01 -8.475193977355957031e-01 8.109830021858215332e-01 -7.143960595130920410e-01
-9.237655401229858398e-01 -5.643547773361206055e-01 2.475578188896179199e-01 -7.339847087860107422e-01 -2.316734790802001953e+00 1.187046289443969727e+00 -7.263501882553100586e-01 1.984318494796752930e-01 3.611583411693572998e-01 -6.302188634872436523e-01 -8.114518970251083374e-02 2.988322019577026367e+00 -7.735546678304672241e-02 6.067096590995788574e-01 -1.472059190273284912e-01 -1.260966777801513672e+00 -9.685417413711547852e-01 1.100844621658325195e+00 3.411344051361083984e+00 5.882104039192199707e-01 1.542622745037078857e-01 -1.758531630039215088e-01 -3.460773527622222900e-01 -4.846063256263732910e-01 -2.251949757337570190e-01 -2.053818404674530029e-01 -3.558481633663177490e-01 1.802492260932922363e+00 7.883774638175964355e-01 5.694186687469482422e-01 -4.864881038665771484e-01 1.276548802852630615e-01 8.724988698959350586e-01 -4.370841383934020996e-01 -8.623020052909851074e-01 3.224926888942718506e-01 -3.427278697490692139e-01 -9.801619052886962891e-01 2.580289363861083984e+00 -6.807374358177185059e-01 -4.773606657981872559e-01 1.354637145996093750e+00 -1.017913222312927246e+00 -4.547058641910552979e-01 5.999763607978820801e-01 -5.441582798957824707e-01 6.272428035736083984e-01 -3.719932213425636292e-02 3.625159710645675659e-02 3.652842715382575989e-02 -4.264150857925415039e-01 -4.854406118392944336e-01 -6.209075450897216797e-01 -3.705585300922393799e-01 1.152073219418525696e-01 -1.376897931098937988e+00 5.424981713294982910e-01 1.475399494171142578e+00 1.915686875581741333e-01 -5.602977871894836426e-01 -6.764301657676696777e-01 -5.719134211540222168e-01 6.845598816871643066e-01 -6.006638407707214355e-01
-8.054848313331604004e-01 -1.024726152420043945e+00 7.750082761049270630e-02 -1.102818623185157776e-01 -2.617538213729858398e+00 7.427881360054016113e-01 4.332673251628875732e-01 2.013100497424602509e-02 6.693788766860961914e-01 -9.892339706420898438e-01 -1.130921542644500732e-01 2.831507921218872070e+00 -6.083702668547630310e-02 1.023876786231994629e+00 -3.113831281661987305e-01 -1.424536824226379395e+00 -1.042611122131347656e+00 5.416321754455566406e-01 2.874286651611328125e+00 6.322019696235656738e-01 -2.816472388803958893e-02 -1.341386735439300537e-01 -5.511885285377502441e-01 -4.451031386852264404e-01 -7.044789791107177734e-01 -4.160105288028717041e-01 -3.522838056087493896e-01 1.217089176177978516e+00 1.343211650848388672e+00 9.573323726654052734e-01 -6.646633744239807129e-01 8.445383310317993164e-01 1.586574912071228027e+00 -4.162946045398712158e-01 -1.124116778373718262e+00 1.476471424102783203e-01 -5.645218491554260254e-01 -8.687026500701904297e-01 1.849426746368408203e+00 -9.680969119071960449e-01 -3.096104860305786133e-01 1.443484544754028320e+00 -9.246060252189636230e-01 1.700620651245117188e-01 5.097564458847045898e-01 -4.053922891616821289e-01 7.864264249801635742e-01 1.749912798404693604e-01 5.606503486633300781e-01 -1.343843527138233185e-03 2.707774043083190918e-01 -9.602236747741699219e-01 -3.858752548694610596e-01 -6.886025667190551758e-01 -5.715931206941604614e-02 -1.126383304595947266e+00 8.064613342285156250e-01 5.723138451576232910e-01 1.180607795715332031e+00 8.544170111417770386e-02 -9.582353234291076660e-01 -6.819252967834472656e-01 5.792558789253234863e-01 -8.498944640159606934e-01
-7.201805114746093750e-01 -1.287307500839233398e+00 4.140644073486328125e-01 5.171831250190734863e-01 -2.803092718124389648e+00 4.160022437572479248e-01 6.339764595031738281e-01 -2.481581717729568481e-01 1.026507616043090820e+00 -9.357748031616210938e-01 -1.267526447772979736e-01 2.126232624053955078e+00 -2.886470556259155273e-01 1.530729770660400391e+00 -5.714551806449890137e-01 -1.093043684959411621e+00 -1.082103729248046875e+00 1.289443820714950562e-01 2.091409683227539062e+00 8.683353066444396973e-01 6.496366113424301147e-02 -2.192135751247406006e-01 -5.595625042915344238e-01 -3.384656012058258057e-01 -7.725722789764404297e-01 -4.365421235561370850e-01 -3.667496740818023682e-01 9.755595326423645020e-01 1.840342760086059570e+00 7.358471155166625977e-01 -7.586412429809570312e-01 5.215982794761657715e-01 1.993820071220397949e+00 -4.089350998401641846e-01 -9.198043942451477051e-01 1.540576294064521790e-02 -9.202511310577392578e-01 -8.991193175315856934e-01 1.202642560005187988e+00 -1.073206543922424316e+00 -4.969446361064910889e-01 1.886161327362060547e+00 -7.229023575782775879e-01 5.562529563903808594e-01 8.634914159774780273e-01 -5.023009777069091797e-01 7.937090992927551270e-01 5.008027553558349609e-01 4.416488111019134521e-01 -4.717933386564254761e-02 4.417332410812377930e-01 -1.096963644027709961e+00 -2.587797343730926514e-01 -8.161500692367553711e-01 -1.060186922550201416e-01 -9.388270974159240723e-01 7.879261374473571777e-01 3.315549194812774658e-01 1.436601519584655762e+00 5.794938802719116211e-01 -1.012780785560607910e+00 -8.628598451614379883e-01 6.688173413276672363e-01 -7.023687362670898438e-01
-6.680058240890502930e-01 -1.416261076927185059e+00 3.362994790077209473e-01 4.580907225608825684e-01 -2.717697381973266602e+00 3.483259677886962891e-01 9.546906352043151855e-01 -5.142332315444946289e-01 8.373494744300842285e-01 -1.034740567207336426e+00 -1.354130357503890991e-01 2.390628099441528320e+00 -1.600984930992126465e-01 1.182746171951293945e+00 -5.273215770721435547e-01 -1.076854944229125977e+00 -1.070142984390258789e+00 1.652265153825283051e-02 1.872495532035827637e+00 6.926732063293457031e-01 1.101191248744726181e-02 -2.833956778049468994e-01 -7.037681341171264648e-01 -1.598615348339080811e-01 -8.144269585609436035e-01 -5.355395078659057617e-01 -3.960260152816772461e-01 7.272129654884338379e-01 1.840088367462158203e+00 1.275602817535400391e+00 -7.145935297012329102e-01 1.062598347663879395e+00 1.852027297019958496e+00 -1.616780608892440796e-01 -9.495156407356262207e-01 -4.800647869706153870e-02 -1.087667107582092285e+00 -8.430867791175842285e-01 1.032417178153991699e+00 -1.248832345008850098e+00 -3.102490007877349854e-01 1.589784741401672363e+00 -5.532994270324707031e-01 5.200874209403991699e-01 6.470390558242797852e-01 -2.753221094608306885e-01 6.872900128364562988e-01 4.619765877723693848e-01 7.750602364540100098e-01 -8.724933117628097534e-02 1.006657004356384277e+00 -1.072831153869628906e+00 -8.795288950204849243e-02 -6.904688477516174316e-01 -1.895115226507186890e-01 -8.869760036468505859e-01 8.205682039260864258e-01 7.518693804740905762e-02 1.785341620445251465e+00 6.712355017662048340e-01 -9.692377448081970215e-01 -8.285033702850341797e-01 1.202913001179695129e-01 -8.009207248687744141e-01
-8.242906928062438965e-01 -6.842444539070129395e-01 1.218644306063652039e-01 -7.403601408004760742e-01 -2.312327384948730469e+00 1.054172277450561523e+00 -4.744628667831420898e-01 1.710585057735443115e-01 4.140089452266693115e-01 -7.440702915191650391e-01 -9.769906848669052124e-02 3.016500473022460938e+00 8.320631086826324463e-02 5.847824811935424805e-01 -1.416938304901123047e-01 -1.362271308898925781e+00 -1.004795432090759277e+00 1.001915812492370605e+00 3.538829803466796875e+00 6.941283941268920898e-01 1.040160879492759705e-01 -1.261304169893264771e-01 -3.056215047836303711e-01 -3.985217213630676270e-01 -4.032466113567352295e-01 -1.688756644725799561e-01 -3.865463137626647949e-01 1.714107990264892578e+00 7.897675037384033203e-01 6.454701423645019531e-01 -5.435311794281005859e-01 3.308250606060028076e-01 1.043241500854492188e+00 -5.038511157035827637e-01 -9.756429195404052734e-01 3.198892176151275635e-01 -4.170866608619689941e-01 -8.525782823562622070e-01 2.556428432464599609e+00 -7.849190831184387207e-01 -3.128917813301086426e-01 1.320812821388244629e+00 -1.125821828842163086e+00 -1.467298865318298340e-01 3.552638292312622070e-01 -4.508204162120819092e-01 6.604696512222290039e-01 -9.804858267307281494e-02 1.903104484081268311e-01 8.923156559467315674e-02 -3.871992528438568115e-01 -6.438993215560913086e-01 -4.711243510246276855e-01 -4.773884117603302002e-01 6.123585999011993408e-02 -1.225827336311340332e+00 5.454942584037780762e-01 1.144611358642578125e+00 4.172146618366241455e-01 -5.360948443412780762e-01 -6.920352578163146973e-01 -7.300876975059509277e-01 6.364207863807678223e-01 -6.636806130409240723e-01
-6.911588311195373535e-01 -1.181611776351928711e+00 1.585477441549301147e-01 3.580082654953002930e-01 -2.744942426681518555e+00 4.611744582653045654e-01 9.404473900794982910e-01 -2.224515080451965332e-01 9.851297736167907715e-01 -1.029916167259216309e+00 -9.082880616188049316e-02 2.250934839248657227e+00 -2.711993157863616943e-01 1.438680410385131836e+00 -5.324814915657043457e-01 -1.168150305747985840e+00 -9.981418848037719727e-01 1.054880321025848389e-01 2.032582044601440430e+00 7.014701962471008301e-01 -8.218843489885330200e-03 -2.754013836383819580e-01 -6.035469174385070801e-01 -3.093875348567962646e-01 -8.729324936866760254e-01 -4.401045143604278564e-01 -4.768920540809631348e-01 8.117995858192443848e-01 1.787792444229125977e+00 9.408408403396606445e-01 -6.907743811607360840e-01 9.231984019279479980e-01 2.011718273162841797e+00 -3.633375465869903564e-01 -8.902616500854492188e-01 -3.864878043532371521e-02 -8.000161051750183105e-01 -9.201833009719848633e-01 1.233404755592346191e+00 -1.062585234642028809e+00 -3.758465647697448730e-01 1.770327210426330566e+00 -7.333839535713195801e-01 5.321606993675231934e-01 8.052747249603271484e-01 -4.676565527915954590e-01 6.653804183006286621e-01 5.124379396438598633e-01 6.415591835975646973e-01 -1.329172700643539429e-01 6.111039519309997559e-01 -1.098543167114257812e+00 -3.216932117938995361e-01 -8.258439898490905762e-01 -1.459348052740097046e-01 -9.704310894012451172e-01 8.592658638954162598e-01 1.891379803419113159e-01 1.576810002326965332e+00 4.949171543121337891e-01 -1.058472037315368652e+00 -7.942301630973815918e-01 6.453237533569335938e-01 -7.972642183303833008e-01
-6.917432546615600586e-01 -1.413267970085144043e+00 4.222573041915893555e-01 5.385833978652954102e-01 -2.658628940582275391e+00 3.168741464614868164e-01 1.048895120620727539e+00 -3.790017366409301758e-01 9.261581897735595703e-01 -1.011844873428344727e+00 -2.197682112455368042e-01 2.182631731033325195e+00 -1.863318085670471191e-01 1.406306266784667969e+00 -5.266361236572265625e-01 -1.048849701881408691e+00 -1.141008734703063965e+00 -7.976850494742393494e-03 1.820308208465576172e+00 7.642003893852233887e-01 -5.516703426837921143e-02 -2.038062959909439087e-01 -6.603791713714599609e-01 -3.003112375736236572e-01 -8.878225684165954590e-01 -4.207792282104492188e-01 -4.178085029125213623e-01 6.897448301315307617e-01 1.858990192413330078e+00 1.014701485633850098e+00 -6.974573135375976562e-01 9.418736100196838379e-01 2.020172119140625000e+00 -2.537862658500671387e-01 -9.173853993415832520e-01 -3.536671400070190430e-02 -1.006748676300048828e+00 -8.731756806373596191e-01 9.361435174942016602e-01 -1.146481633186340332e+00 -3.668536543846130371e-01 1.703841924667358398e+00 -5.730786919593811035e-01 5.466725826263427734e-01 7.546992897987365723e-01 -3.961054384708404541e-01 8.451448678970336914e-01 4.314054250717163086e-01 7.259609103202819824e-01 -8.454734086990356445e-02 8.172680735588073730e-01 -1.170844793319702148e+00 -1.979212313890457153e-01 -8.228946924209594727e-01 -1.484998762607574463e-01 -8.399426937103271484e-01 7.461417317390441895e-01 3.401967138051986694e-02 1.777963757514953613e+00 7.193385362625122070e-01 -1.002346515655517578e+00 -8.471269011497497559e-01 4.903678297996520996e-01 -7.968617677688598633e-01
-5.574725270271301270e-01 -1.521417379379272461e+00 4.062517583370208740e-01 7.325024008750915527e-01 -2.687918663024902344e+00 5.725373700261116028e-02 1.262581110000610352e+00 -5.302243232727050781e-01 1.023750066757202148e+00 -1.052550315856933594e+00 -1.433850526809692383e-01 1.770934820175170898e+00 -2.992365956306457520e-01 1.400849580764770508e+00 -5.639164447784423828e-01 -8.992624282836914062e-01 -1.020408511161804199e+00 -2.723228633403778076e-01 1.306554079055786133e+00 7.590819597244262695e-01 -8.885326795279979706e-03 -2.805116176605224609e-01 -7.085309624671936035e-01 -1.853906959295272827e-01 -9.182925820350646973e-01 -5.055117607116699219e-01 -4.105298221111297607e-01 4.468369185924530029e-01 2.041060924530029297e+00 1.146284818649291992e+00 -6.671273112297058105e-01 1.029722571372985840e+00 2.053671836853027344e+00 -2.610029280185699463e-01 -7.712591886520385742e-01 -1.077178791165351868e-01 -1.094440937042236328e+00 -8.512453436851501465e-01 5.652226805686950684e-01 -1.206004858016967773e+00 -3.432423472404479980e-01 1.718125462532043457e+00 -4.005293846130371094e-01 7.070353627204895020e-01 7.503816485404968262e-01 -3.700942397117614746e-01 8.103722929954528809e-01 5.894078612327575684e-01 7.857020497322082520e-01 -7.906656712293624878e-02 1.152668476104736328e+00 -1.128123402595520020e+00 -7.315244525671005249e-02 -8.101247549057006836e-01 -2.160916179418563843e-01 -7.302363514900207520e-01 7.931799292564392090e-01 -2.366189211606979370e-01 1.960197925567626953e+00 9.630312323570251465e-01 -1.056444525718688965e+00 -7.950606942176818848e-01 3.659527003765106201e-01 -7.796636819839477539e-01
-7.417681813240051270e-01 -1.272271990776062012e+00 3.704217970371246338e-01 2.551218569278717041e-01 -2.693683862686157227e+00 4.561272263526916504e-01 8.210324645042419434e-01 -2.343435734510421753e-01 7.713990807533264160e-01 -1.043224692344665527e+00 -1.863575130701065063e-01 2.572651386260986328e+00 -1.960585266351699829e-01 1.144933223724365234e+00 -6.144169569015502930e-01 -1.276818275451660156e+00 -1.101560354232788086e+00 3.201381564140319824e-01 2.142097473144531250e+00 7.292659282684326172e-01 -5.921402946114540100e-02 -2.993759512901306152e-01 -6.694651246070861816e-01 -2.070072144269943237e-01 -9.473915696144104004e-01 -3.525680899620056152e-01 -5.124688744544982910e-01 7.713229656219482422e-01 1.711341738700866699e+00 1.189857840538024902e+00 -7.019520401954650879e-01 8.822129964828491211e-01 1.826268196105957031e+00 -1.815347522497177124e-01 -9.194613695144653320e-01 -8.495681919157505035e-03 -8.520933985710144043e-01 -8.961135745048522949e-01 1.319311261177062988e+00 -1.104653000831604004e+00 -2.647647559642791748e-01 1.644472837448120117e+00 -7.081806063652038574e-01 4.726297557353973389e-01 5.495203733444213867e-01 -3.994647860527038574e-01 7.614327073097229004e-01 4.313459396362304688e-01 7.465043067932128906e-01 -3.534738346934318542e-02 7.591517567634582520e-01 -1.004001498222351074e+00 -1.885051876306533813e-01 -7.951824069023132324e-01 -1.606419235467910767e-01 -9.120434522628784180e-01 8.737398386001586914e-01 2.950639426708221436e-01 1.563256382942199707e+00 5.284744501113891602e-01 -9.583103060722351074e-01 -8.452405929565429688e-01 2.821294665336608887e-01 -8.218536972999572754e-01
-7.624983787536621094e-01 -1.103443861007690430e+00 1.987025290727615356e-01 -7.794937491416931152e-02 -2.625932216644287109e+00 6.973082423210144043e-01 3.771787285804748535e-01 -2.892896719276905060e-02 7.145504951477050781e-01 -9.398981332778930664e-01 -3.008594922721385956e-02 2.743791818618774414e+00 -2.056980431079864502e-01 1.074510455131530762e+00 -4.578709304332733154e-01 -1.308419704437255859e+00 -9.861527085304260254e-01 4.944229722023010254e-01 2.673807144165039062e+00 7.409955859184265137e-01 5.660162866115570068e-02 -2.419050335884094238e-01 -5.984964966773986816e-01 -3.270980417728424072e-01 -8.232321143150329590e-01 -3.513065874576568604e-01 -4.140576422214508057e-01 1.067321658134460449e+00 1.381592392921447754e+00 1.084357023239135742e+00 -7.558315992355346680e-01 7.507242560386657715e-01 1.677068591117858887e+00 -4.888764619827270508e-01 -9.984171986579895020e-01 6.621878594160079956e-02 -6.861568093299865723e-01 -9.331189990043640137e-01 1.914848923683166504e+00 -1.072954058647155762e+00 -3.849904835224151611e-01 1.678901553153991699e+00 -8.726065158843994141e-01 3.033872544765472412e-01 5.668855309486389160e-01 -4.741539955139160156e-01 5.959522128105163574e-01 2.192176878452301025e-01 6.050359010696411133e-01 -4.151870682835578918e-02 4.472894370555877686e-01 -9.620175361633300781e-01 -3.679296970367431641e-01 -7.019107937812805176e-01 -9.699101746082305908e-02 -9.570060372352600098e-01 9.049807786941528320e-01 4.905791878700256348e-01 1.245526075363159180e+00 2.485891878604888916e-01 -9.866472482681274414e-01 -7.561928033828735352e-01 4.387563467025756836e-01 -7.293397784233093262e-01
-6.679618954658508301e-01 -1.308854222297668457e+00 4.049814343452453613e-01 5.104969143867492676e-01 -2.810225725173950195e+00 3.521999418735504150e-01 1.093197822570800781e+00 -2.459981441497802734e-01 9.591318964958190918e-01 -8.650484085083007812e-01 -1.449822187423706055e-01 1.976207494735717773e+00 -2.492190152406692505e-01 1.373880624771118164e+00 -5.516768097877502441e-01 -1.087069869041442871e+00 -1.051362156867980957e+00 -1.187561601400375366e-01 1.780881166458129883e+00 7.059608697891235352e-01 -7.030238211154937744e-02 -2.040475010871887207e-01 -6.508122086524963379e-01 -2.952288985252380371e-01 -8.535576462745666504e-01 -4.279530644416809082e-01 -4.518874585628509521e-01 7.644080519676208496e-01 1.914990425109863281e+00 9.744636416435241699e-01 -6.598096489906311035e-01 7.694184184074401855e-01 2.097270727157592773e+00 -3.580807149410247803e-01 -8.981155753135681152e-01 -7.383377850055694580e-02 -9.940540790557861328e-01 -9.499422907829284668e-01 8.958495855331420898e-01 -1.268592715263366699e+00 -3.938095271587371826e-01 1.871857285499572754e+00 -6.192660331726074219e-01 6.187035441398620605e-01 7.437639832496643066e-01 -3.774957954883575439e-01 8.535277843475341797e-01 5.475117564201354980e-01 7.358717918395996094e-01 -1.037626564502716064e-01 7.648466229438781738e-01 -1.108844876289367676e+00 -1.614729613065719604e-01 -8.262713551521301270e-01 -1.565489917993545532e-01 -7.553398609161376953e-01 7.932207584381103516e-01 1.574940048158168793e-02 1.709514856338500977e+00 6.625602841377258301e-01 -9.868174195289611816e-01 -8.516162633895874023e-01 5.723195075988769531e-01 -8.167880773544311523e-01
-7.193794250488281250e-01 -1.375428557395935059e+00 5.706993937492370605e-01 9.444684982299804688e-01 -2.685292005538940430e+00 1.351946406066417694e-02 1.282495260238647461e+00 -3.885834217071533203e-01 1.273857951164245605e+00 -8.201224803924560547e-01 -3.704632222652435303e-01 1.351930260658264160e+00 -3.212635219097137451e-01 1.717798709869384766e+00 -7.039125561714172363e-01 -9.556638598442077637e-01 -1.115181088447570801e+00 -2.743397355079650879e-01 1.163237929344177246e+00 9.922969937324523926e-01 2.550434879958629608e-02 -3.323585987091064453e-01 -6.317803859710693359e-01 -2.617639005184173584e-01 -9.397593140602111816e-01 -4.206404089927673340e-01 -5.138093233108520508e-01 4.603357315063476562e-01 2.298691034317016602e+00 6.416711807250976562e-01 -6.679633855819702148e-01 5.969196557998657227e-01 2.151087284088134766e+00 -1.860708594322204590e-01 -6.545954346656799316e-01 -2.435756921768188477e-01 -1.199091672897338867e+00 -8.802044987678527832e-01 3.726437389850616455e-01 -1.084331035614013672e+00 -4.033081233501434326e-01 1.988881349563598633e+00 -4.352183938026428223e-01 7.623749375343322754e-01 9.781783819198608398e-01 -4.536975026130676270e-01 8.104721903800964355e-01 8.205575942993164062e-01 6.242858171463012695e-01 -3.359202668070793152e-02 7.918546199798583984e-01 -1.089962601661682129e+00 -1.965795159339904785e-01 -8.764208555221557617e-01 -1.274281144142150879e-01 -6.574154496192932129e-01 7.995492815971374512e-01 -7.169546931982040405e-02 1.604900598526000977e+00 9.233478903770446777e-01 -9.400008320808410645e-01 -8.165869116783142090e-01 6.818594932556152344e-01 -7.303844094276428223e-01
-7.546882629394531250e-01 -1.080517172813415527e+00 1.491571068763732910e-01 7.597790658473968506e-02 -2.702332258224487305e+00 6.504236459732055664e-01 4.910252690315246582e-01 -1.276336461305618286e-01 7.670131921768188477e-01 -9.213566184043884277e-01 -8.743436634540557861e-02 2.722209215164184570e+00 -1.873057335615158081e-01 1.130527853965759277e+00 -5.768479108810424805e-01 -1.270443916320800781e+00 -1.069882154464721680e+00 4.541750252246856689e-01 2.540810823440551758e+00 7.341523170471191406e-01 -1.069624163210391998e-02 -2.589855492115020752e-01 -4.905407726764678955e-01 -3.302582204341888428e-01 -7.500211596488952637e-01 -3.931644260883331299e-01 -4.660308361053466797e-01 1.035991072654724121e+00 1.509985089302062988e+00 1.054204225540161133e+00 -7.693808078765869141e-01 7.559283971786499023e-01 1.779399275779724121e+00 -3.915096521377563477e-01 -9.175146222114562988e-01 -3.926699981093406677e-03 -7.155005335807800293e-01 -1.008435726165771484e+00 1.747969269752502441e+00 -1.069208741188049316e+00 -3.632237315177917480e-01 1.611053943634033203e+00 -8.514896631240844727e-01 3.613082766532897949e-01 6.274171471595764160e-01 -4.227606654167175293e-01 6.367188692092895508e-01 3.566333651542663574e-01 5.542577505111694336e-01 -4.761092737317085266e-02 4.350577294826507568e-01 -1.039711356163024902e+00 -3.167596459388732910e-01 -7.252876162528991699e-01 -9.089556336402893066e-02 -9.989934563636779785e-01 8.327731490135192871e-01 5.540528893470764160e-01 1.341233611106872559e+00 2.298711538314819336e-01 -9.349634051322937012e-01 -8.005152344703674316e-01 4.724226593971252441e-01 -7.323600053787231445e-01
-8.277686834335327148e-01 -9.976604580879211426e-01 2.818150520324707031e-01 -9.386212378740310669e-02 -2.748322486877441406e+00 7.127562165260314941e-01 3.072701394557952881e-01 -1.456512883305549622e-02 6.426087021827697754e-01 -9.186989068984985352e-01 -1.416126340627670288e-01 2.728211164474487305e+00 -1.361738741397857666e-01 1.005928993225097656e+00 -3.910704851150512695e-01 -1.330271482467651367e+00 -1.071463465690612793e+00 6.069527268409729004e-01 2.818600416183471680e+00 6.807219982147216797e-01 3.359268605709075928e-02 -2.588384151458740234e-01 -5.335850119590759277e-01 -3.497678339481353760e-01 -7.005388140678405762e-01 -3.328166604042053223e-01 -4.826111793518066406e-01 1.248463630676269531e+00 1.477244615554809570e+00 8.654791116714477539e-01 -6.452223062515258789e-01 6.264761686325073242e-01 1.590363383293151855e+00 -3.318495452404022217e-01 -9.680655002593994141e-01 7.124041765928268433e-02 -6.730315685272216797e-01 -9.829998612403869629e-01 1.916065454483032227e+00 -1.042778015136718750e+00 -3.317405581474304199e-01 1.680293202400207520e+00 -8.958826661109924316e-01 1.978830844163894653e-01 5.691539049148559570e-01 -4.253659248352050781e-01 7.521492242813110352e-01 3.326966464519500732e-01 4.689196050167083740e-01 -2.873928286135196686e-02 2.846689224243164062e-01 -8.813779950141906738e-01 -3.808064758777618408e-01 -6.680456995964050293e-01 -4.252741113305091858e-02 -1.111400246620178223e+00 7.454421520233154297e-01 6.580453515052795410e-01 1.073396921157836914e+00 9.895503520965576172e-03 -8.607088327407836914e-01 -7.944989800453186035e-01 6.167665719985961914e-01 -7.623720765113830566e-01
-1.061269760131835938e+00 -8.734266757965087891e-01 2.348663955926895142e-01 -1.998165845870971680e-01 -2.466813087463378906e+00 1.183754563331604004e+00 4.389509186148643494e-02 -8.829289674758911133e-02 5.677978992462158203e-01 -8.870888352394104004e-01 -1.412243098020553589e-01 2.879047632217407227e+00 1.547408550977706909e-01 8.273109197616577148e-01 -3.850475251674652100e-01 -1.441353082656860352e+00 -1.088101029396057129e+00 7.110523581504821777e-01 3.148355245590209961e+00 5.921174287796020508e-01 9.066247381269931793e-03 -3.603863418102264404e-01 -7.119590044021606445e-01 -2.477217167615890503e-01 -6.371785402297973633e-01 -2.881927490234375000e-01 -3.496672511100769043e-01 1.362872600555419922e+00 1.127041935920715332e+00 7.510027289390563965e-01 -5.431569218635559082e-01 6.046952605247497559e-01 1.409147620201110840e+00 -2.729532420635223389e-01 -9.596032500267028809e-01 2.772051990032196045e-01 -6.968701481819152832e-01 -9.116268754005432129e-01 1.965324401855468750e+00 -1.004770755767822266e+00 -2.415470182895660400e-01 1.493978381156921387e+00 -1.002374887466430664e+00 4.837410151958465576e-02 7.193657755851745605e-01 -2.963201403617858887e-01 7.541379928588867188e-01 2.361193597316741943e-01 4.350126087665557861e-01 2.572563476860523224e-02 1.120788138359785080e-02 -9.572405219078063965e-01 -3.215101063251495361e-01 -6.575986742973327637e-01 -8.509451895952224731e-02 -1.167736411094665527e+00 7.186077833175659180e-01 7.663275003433227539e-01 8.926905989646911621e-01 -1.448305696249008179e-01 -7.386151552200317383e-01 -7.147542238235473633e-01 6.162098646163940430e-01 -8.535909056663513184e-01
-6.278090476989746094e-01 -1.338819265365600586e+00 3.559989333152770996e-01 6.778172254562377930e-01 -2.710563182830810547e+00 3.378584384918212891e-01 1.137969732284545898e+00 -3.579533398151397705e-01 1.053212046623229980e+00 -9.468095898628234863e-01 -1.769152581691741943e-01 1.916143655776977539e+00 -2.753978967666625977e-01 1.413757205009460449e+00 -6.773756742477416992e-01 -9.462902545928955078e-01 -9.578384757041931152e-01 -1.625052839517593384e-01 1.533750772476196289e+00 7.336541414260864258e-01 2.333149500191211700e-02 -3.717830181121826172e-01 -7.107622027397155762e-01 -2.182060480117797852e-01 -9.527830481529235840e-01 -5.234903693199157715e-01 -4.616959393024444580e-01 4.610916972160339355e-01 2.018371820449829102e+00 1.013007521629333496e+00 -6.910099983215332031e-01 9.533888101577758789e-01 1.992343902587890625e+00 -1.986441910266876221e-01 -7.110420465469360352e-01 -2.062678933143615723e-01 -1.067077517509460449e+00 -9.110120534896850586e-01 6.628546714782714844e-01 -1.183850288391113281e+00 -3.965225815773010254e-01 1.885492920875549316e+00 -5.235857963562011719e-01 6.808072924613952637e-01 9.038841724395751953e-01 -4.145322442054748535e-01 6.789568662643432617e-01 6.167982220649719238e-01 8.412092328071594238e-01 -1.589135676622390747e-01 1.013336420059204102e+00 -1.175339221954345703e+00 -1.908852308988571167e-01 -9.149841666221618652e-01 -2.598111331462860107e-01 -8.047536015510559082e-01 8.831746578216552734e-01 -5.965146049857139587e-02 1.756236910820007324e+00 7.800728082656860352e-01 -1.036034345626831055e+00 -7.272313833236694336e-01 5.678068399429321289e-01 -7.341347932815551758e-01
-7.200322747230529785e-01 -1.439447999000549316e+00 3.866736590862274170e-01 7.267832159996032715e-01 -2.754879713058471680e+00 2.315986156463623047e-01 1.223803281784057617e+00 -3.777334392070770264e-01 1.084410667419433594e+00 -1.000619053840637207e+00 -2.422443479299545288e-01 1.962140202522277832e+00 -2.598940432071685791e-01 1.410089731216430664e+00 -6.848168969154357910e-01 -1.112585902214050293e+00 -1.052472829818725586e+00 -4.720930010080337524e-02 1.513604164123535156e+00 7.090525031089782715e-01 -5.853440612554550171e-02 -2.878893613815307617e-01 -6.732155680656433105e-01 -2.216073721647262573e-01 -9.176442027091979980e-01 -4.469935595989227295e-01 -4.936923682689666748e-01 5.868354439735412598e-01 1.927868247032165527e+00 9.327896237373352051e-01 -6.483504772186279297e-01 9.348977804183959961e-01 2.046369314193725586e+00 -1.940912157297134399e-01 -7.733916044235229492e-01 -1.150727123022079468e-01 -1.044623017311096191e+00 -8.534914255142211914e-01 6.939036250114440918e-01 -1.137111306190490723e+00 -2.960660159587860107e-01 1.706021189689636230e+00 -5.042704939842224121e-01 6.976701617240905762e-01 8.376206159591674805e-01 -3.842672407627105713e-01 7.919873595237731934e-01 6.319385170936584473e-01 8.808470964431762695e-01 -1.295364946126937866e-01 9.204474687576293945e-01 -1.108742117881774902e+00 -1.076203137636184692e-01 -8.029258847236633301e-01 -2.399194538593292236e-01 -8.124141097068786621e-01 9.143887162208557129e-01 8.300515823066234589e-03 1.739879965782165527e+00 8.007120490074157715e-01 -1.023414254188537598e+00 -8.454556465148925781e-01 3.797754943370819092e-01 -7.836426496505737305e-01
-6.980345249176025391e-01 -1.207387089729309082e+00 3.258710801601409912e-01 2.929299697279930115e-02 -2.687366724014282227e+00 4.480976164340972900e-01 6.895975470542907715e-01 1.382673829793930054e-01 8.520087003707885742e-01 -9.258846640586853027e-01 -2.520976364612579346e-01 2.535810232162475586e+00 -2.167381644248962402e-01 9.764468073844909668e-01 -7.263340950012207031e-01 -1.404526352882385254e+00 -1.177816987037658691e+00 5.031778812408447266e-01 2.452366113662719727e+00 9.056844711303710938e-01 5.189955234527587891e-02 -1.625232100486755371e-01 -3.592495620250701904e-01 -4.226482212543487549e-01 -7.334831953048706055e-01 -7.233486324548721313e-02 -6.759977340698242188e-01 1.105474591255187988e+00 1.578587174415588379e+00 8.958056569099426270e-01 -7.716966867446899414e-01 6.546211242675781250e-01 1.709610342979431152e+00 -6.158866286277770996e-01 -7.766478657722473145e-01 -3.506325781345367432e-01 -5.974180698394775391e-01 -1.132065415382385254e+00 1.750331878662109375e+00 -8.432731628417968750e-01 -4.852248132228851318e-01 1.923460245132446289e+00 -9.139481782913208008e-01 3.817126452922821045e-01 4.636821448802947998e-01 -6.155114769935607910e-01 7.800977230072021484e-01 3.867950141429901123e-01 7.842387557029724121e-01 -1.158758774399757385e-01 3.331562876701354980e-01 -8.162468075752258301e-01 -3.862054944038391113e-01 -7.334709763526916504e-01 -2.335006147623062134e-01 -7.806854844093322754e-01 9.855940937995910645e-01 6.675778627395629883e-01 1.183743476867675781e+00 2.571444511413574219e-01 -8.211655616760253906e-01 -6.754359006881713867e-01 3.275207579135894775e-01 -7.399529814720153809e-01
-9.690122604370117188e-01 -9.990437626838684082e-01 2.507613003253936768e-01 -3.914270997047424316e-01 -2.483364105224609375e+00 1.002837419509887695e+00 -1.635279953479766846e-01 6.323993951082229614e-02 4.424833357334136963e-01 -8.176581263542175293e-01 -7.600586861371994019e-02 3.039608240127563477e+00 -6.634091585874557495e-02 7.149978280067443848e-01 -3.071812987327575684e-01 -1.347148656845092773e+00 -1.098488092422485352e+00 7.639971971511840820e-01 3.202945709228515625e+00 6.585766673088073730e-01 -4.664536938071250916e-02 -4.959028586745262146e-02 -5.095772743225097656e-01 -1.540834754705429077e-01 -6.292467117309570312e-01 -2.901052236557006836e-01 -2.918746769428253174e-01 1.412376046180725098e+00 1.054063796997070312e+00 9.525466561317443848e-01 -6.435326337814331055e-01 4.917647242546081543e-01 1.365031242370605469e+00 -3.773852884769439697e-01 -1.008265256881713867e+00 3.246662318706512451e-01 -6.803442239761352539e-01 -1.035653352737426758e+00 2.195393085479736328e+00 -9.086148738861083984e-01 -3.517223000526428223e-01 1.469528317451477051e+00 -9.033702015876770020e-01 3.011039644479751587e-02 3.801241517066955566e-01 -2.765828371047973633e-01 6.785437464714050293e-01 1.697453707456588745e-01 3.533875346183776855e-01 4.145346581935882568e-02 -8.783478289842605591e-02 -6.810068488121032715e-01 -3.518262207508087158e-01 -5.013526082038879395e-01 1.207502093166112900e-02 -1.153999090194702148e+00 6.274338364601135254e-01 7.891235947608947754e-01 8.645080327987670898e-01 -1.815316975116729736e-01 -7.963763475418090820e-01 -7.873567342758178711e-01 6.307127475738525391e-01 -9.002549052238464355e-01
-9.832811951637268066e-01 -8.189973831176757812e-01 1.692724376916885376e-01 -3.314178287982940674e-01 -2.383224964141845703e+00 1.050048947334289551e+00 -3.122712671756744385e-01 1.896979212760925293e-01 6.997678875923156738e-01 -7.689829468727111816e-01 3.096759133040904999e-02 2.808239936828613281e+00 -3.499361872673034668e-02 8.994137644767761230e-01 -1.738485246896743774e-01 -1.407814860343933105e+00 -1.099796533584594727e+00 8.663378953933715820e-01 3.206532001495361328e+00 7.154310941696166992e-01 7.596001774072647095e-02 -1.430623233318328857e-01 -4.364052414894104004e-01 -4.976165890693664551e-01 -4.877999424934387207e-01 -3.205647170543670654e-01 -3.120509982109069824e-01 1.680218100547790527e+00 1.023927927017211914e+00 4.490979611873626709e-01 -6.179213523864746094e-01 2.022897154092788696e-01 1.421936273574829102e+00 -5.388182401657104492e-01 -1.012167930603027344e+00 3.208193778991699219e-01 -4.938551187515258789e-01 -1.063477635383605957e+00 2.275747537612915039e+00 -7.569476962089538574e-01 -4.415412545204162598e-01 1.485838174819946289e+00 -9.820581078529357910e-01 -6.913195550441741943e-02 6.330490112304687500e-01 -4.039828181266784668e-01 6.477891802787780762e-01 2.553408443927764893e-01 8.053312450647354126e-02 -2.027312852442264557e-02 -3.726992309093475342e-01 -7.292969822883605957e-01 -5.560876727104187012e-01 -4.831231534481048584e-01 1.066177487373352051e-01 -1.235548019409179688e+00 6.573420763015747070e-01 1.037326097488403320e+00 5.401163697242736816e-01 -2.414980977773666382e-01 -7.936057448387145996e-01 -7.559768557548522949e-01 8.630247116088867188e-01 -7.248256802558898926e-01
-7.043538689613342285e-01 -1.378685951232910156e+00 3.884134888648986816e-01 7.951893210411071777e-01 -2.541164636611938477e+00 3.239746689796447754e-01 1.308458566665649414e+00 -3.076328933238983154e-01 1.005320191383361816e+00 -1.195638656616210938e+00 -1.661980301141738892e-01 2.004015207290649414e+00 -2.347558885812759399e-01 1.252059578895568848e+00 -6.519228219985961914e-01 -1.258961915969848633e+00 -1.000750303268432617e+00 8.614448457956314087e-02 1.384549736976623535e+00 5.593745112419128418e-01 -2.826414108276367188e-01 -2.780719101428985596e-01 -7.587102651596069336e-01 -1.995010524988174438e-01 -1.080826163291931152e+00 -2.941165566444396973e-01 -5.568562746047973633e-01 4.252535402774810791e-01 1.796883225440979004e+00 1.234900593757629395e+00 -6.310767531394958496e-01 1.180768013000488281e+00 1.869796752929687500e+00 -1.024766340851783752e-01 -8.715680241584777832e-01 -1.160904467105865479e-01 -9.893305897712707520e-01 -8.229831457138061523e-01 6.969465613365173340e-01 -1.062236189842224121e+00 -2.235196381807327271e-01 1.659141421318054199e+00 -3.995649814605712891e-01 6.630730628967285156e-01 6.941660046577453613e-01 -4.625691473484039307e-01 8.577461242675781250e-01 4.149620234966278076e-01 1.238025784492492676e+00 -9.956394135951995850e-02 1.213032841682434082e+00 -1.149301767349243164e+00 -1.604980826377868652e-01 -9.104767441749572754e-01 -3.401002585887908936e-01 -7.424947619438171387e-01 1.051326274871826172e+00 -1.536602526903152466e-01 1.720211386680603027e+00 9.452744722366333008e-01 -1.003909230232238770e+00 -8.310053944587707520e-01 1.516428738832473755e-01 -8.050325512886047363e-01
-7.449115514755249023e-01 -1.250799059867858887e+00 3.071572780609130859e-01 5.212839245796203613e-01 -2.722877979278564453e+00 3.129180967807769775e-01 9.611597657203674316e-01 -1.916476786136627197e-01 1.091029286384582520e+00 -9.945895671844482422e-01 -1.491700559854507446e-01 2.121510267257690430e+00 -2.928100526332855225e-01 1.445177912712097168e+00 -5.221052169799804688e-01 -1.279709219932556152e+00 -1.086272954940795898e+00 1.570012420415878296e-01 1.855726480484008789e+00 7.708474397659301758e-01 -5.724825337529182434e-02 -2.968334257602691650e-01 -6.565621495246887207e-01 -2.718170285224914551e-01 -9.490107893943786621e-01 -3.676118850708007812e-01 -4.809023141860961914e-01 7.996245026588439941e-01 1.810177445411682129e+00 9.013762474060058594e-01 -6.769614815711975098e-01 7.330752015113830566e-01 2.088860273361206055e+00 -3.615201115608215332e-01 -8.720183372497558594e-01 -2.520709484815597534e-02 -8.555932641029357910e-01 -9.217441082000732422e-01 1.105646371841430664e+00 -1.098855853080749512e+00 -3.473795652389526367e-01 1.784631371498107910e+00 -6.461834907531738281e-01 6.265129446983337402e-01 7.517789602279663086e-01 -4.542459249496459961e-01 7.579216957092285156e-01 6.181625723838806152e-01 6.546317338943481445e-01 -6.586720049381256104e-02 6.539712548255920410e-01 -1.107666373252868652e+00 -3.063971996307373047e-01 -8.371223211288452148e-01 -2.063027024269104004e-01 -8.369428515434265137e-01 9.418508410453796387e-01 1.999790519475936890e-01 1.515624523162841797e+00 6.314378976821899414e-01 -1.028778791427612305e+00 -8.699775338172912598e-01 5.805027484893798828e-01 -7.941321134567260742e-01
-7.077024579048156738e-01 -1.406671643257141113e+00 5.683856010437011719e-01 9.769921302795410156e-01 -2.581867456436157227e+00 -6.447932869195938110e-02 1.564483046531677246e+00 -6.139017939567565918e-01 9.740135073661804199e-01 -9.753898978233337402e-01 -3.361525237560272217e-01 1.602855682373046875e+00 -3.063871860504150391e-01 1.342793703079223633e+00 -8.374418020248413086e-01 -8.059560060501098633e-01 -1.074895501136779785e+00 -3.247080445289611816e-01 9.829807877540588379e-01 6.712048053741455078e-01 -6.718971580266952515e-02 -2.696880996227264404e-01 -7.335788607597351074e-01 -1.785065084695816040e-01 -9.152615666389465332e-01 -4.479772150516510010e-01 -4.959139525890350342e-01 2.634559869766235352e-01 2.030661582946777344e+00 1.135359883308410645e+00 -6.220388412475585938e-01 1.052115440368652344e+00 2.006834268569946289e+00 -5.249367281794548035e-02 -6.383078098297119141e-01 -2.835598289966583252e-01 -1.125196576118469238e+00 -9.320871829986572266e-01 2.484872788190841675e-01 -1.167758107185363770e+00 -3.547308743000030518e-01 1.757069826126098633e+00 -3.266326487064361572e-01 7.514374256134033203e-01 7.793744802474975586e-01 -2.544361650943756104e-01 8.323710560798645020e-01 6.943359971046447754e-01 1.005472779273986816e+00 -1.819994300603866577e-01 1.271225571632385254e+00 -1.106222748756408691e+00 -1.218789257109165192e-02 -7.815510630607604980e-01 -2.197065055370330811e-01 -5.981664061546325684e-01 8.669472336769104004e-01 -2.478013932704925537e-01 2.055376529693603516e+00 1.098513841629028320e+00 -9.601873755455017090e-01 -7.469985485076904297e-01 1.942026615142822266e-01 -8.753254413604736328e-01
-7.687200903892517090e-01 -1.237696170806884766e+00 3.691691160202026367e-01 1.708128601312637329e-01 -2.827273368835449219e+00 4.086852073669433594e-01 7.119572162628173828e-01 -3.008600771427154541e-01 8.376351594924926758e-01 -7.689412832260131836e-01 -2.703112363815307617e-01 2.426244497299194336e+00 -2.644669413566589355e-01 1.250685811042785645e+00 -5.424249172210693359e-01 -1.177727222442626953e+00 -1.164011120796203613e+00 1.571774780750274658e-01 2.391262769699096680e+00 9.456641674041748047e-01 4.524541646242141724e-02 -2.534652054309844971e-01 -5.483177304267883301e-01 -1.492428481578826904e-01 -8.736730217933654785e-01 -5.290296077728271484e-01 -4.003024697303771973e-01 8.289951086044311523e-01 1.773065447807312012e+00 1.052794575691223145e+00 -6.530982255935668945e-01 7.246573567390441895e-01 1.856667876243591309e+00 -2.475832402706146240e-01 -8.142662644386291504e-01 -8.503766357898712158e-02 -1.011661410331726074e+00 -8.299089670181274414e-01 1.258689641952514648e+00 -1.217556118965148926e+00 -3.006498813629150391e-01 1.701731801033020020e+00 -7.712039947509765625e-01 4.458776414394378662e-01 5.381721854209899902e-01 -3.372920751571655273e-01 7.364249825477600098e-01 4.910484850406646729e-01 5.379664897918701172e-01 2.299957908689975739e-03 5.755863189697265625e-01 -9.938271641731262207e-01 -1.752443909645080566e-01 -7.237604260444641113e-01 -8.057146519422531128e-02 -9.222465753555297852e-01 7.436543107032775879e-01 3.723332881927490234e-01 1.582090616226196289e+00 3.616063594818115234e-01 -8.698950409889221191e-01 -8.530569076538085938e-01 4.929926693439483643e-01 -8.702636361122131348e-01
-7.446697950363159180e-01 -1.251125693321228027e+00 2.940701544284820557e-01 4.127870798110961914e-01 -2.777006864547729492e+00 5.479462742805480957e-01 8.050436377525329590e-01 -2.708813250064849854e-01 9.192340373992919922e-01 -1.039852738380432129e+00 -9.528327733278274536e-02 2.300246000289916992e+00 -1.576354354619979858e-01 1.240121722221374512e+00 -5.027432441711425781e-01 -1.184624195098876953e+00 -1.016114950180053711e+00 1.439917683601379395e-01 2.057803869247436523e+00 6.892491579055786133e-01 -4.987800121307373047e-02 -3.509055674076080322e-01 -7.815805673599243164e-01 -2.225592732429504395e-01 -8.996828198432922363e-01 -4.923855662345886230e-01 -5.007371306419372559e-01 8.177784681320190430e-01 1.652328252792358398e+00 1.068001151084899902e+00 -5.832461714744567871e-01 1.029215574264526367e+00 1.807564973831176758e+00 -2.879097461700439453e-01 -9.878749847412109375e-01 4.472654312849044800e-03 -9.050633311271667480e-01 -8.178557753562927246e-01 1.276606321334838867e+00 -1.264362692832946777e+00 -2.483517080545425415e-01 1.663439154624938965e+00 -6.932988762855529785e-01 4.544991254806518555e-01 7.356716394424438477e-01 -4.066495001316070557e-01 6.696094870567321777e-01 5.651438236236572266e-01 6.997616887092590332e-01 -3.763791546225547791e-02 8.406269550323486328e-01 -1.164433598518371582e+00 -2.084710299968719482e-01 -7.586754560470581055e-01 -1.979567110538482666e-01 -9.739805459976196289e-01 9.898852705955505371e-01 1.251723766326904297e-01 1.569777369499206543e+00 6.665498018264770508e-01 -9.800084233283996582e-01 -7.629671692848205566e-01 3.793310225009918213e-01 -7.663322091102600098e-01
-9.991537332534790039e-01 -7.955968379974365234e-01 2.004355490207672119e-01 -5.178376436233520508e-01 -2.391121864318847656e+00 1.075078248977661133e+00 -2.684913277626037598e-01 9.571301937103271484e-02 5.210085511207580566e-01 -8.259807229042053223e-01 -9.069640934467315674e-02 2.974933147430419922e+00 7.232488691806793213e-02 7.287911176681518555e-01 -1.653551459312438965e-01 -1.358329057693481445e+00 -1.116596579551696777e+00 9.281044602394104004e-01 3.271008968353271484e+00 6.786491274833679199e-01 4.374605603516101837e-03 -1.571509838104248047e-01 -4.041025638580322266e-01 -4.264407455921173096e-01 -4.127725362777709961e-01 -2.316312938928604126e-01 -3.897055089473724365e-01 1.624772429466247559e+00 9.609075188636779785e-01 6.059382557868957520e-01 -6.162062883377075195e-01 2.936574220657348633e-01 1.303547382354736328e+00 -4.128707647323608398e-01 -9.525488615036010742e-01 3.888954222202301025e-01 -4.972474873065948486e-01 -9.689598679542541504e-01 2.326166629791259766e+00 -7.898793220520019531e-01 -3.598679602146148682e-01 1.395198583602905273e+00 -1.011212229728698730e+00 -8.972021937370300293e-02 5.820918679237365723e-01 -3.352850377559661865e-01 7.230308055877685547e-01 7.588175684213638306e-02 2.222496420145034790e-01 4.394288361072540283e-02 -3.076825439929962158e-01 -7.524288892745971680e-01 -4.877834022045135498e-01 -5.099655985832214355e-01 4.257435724139213562e-02 -1.218200325965881348e+00 5.526003837585449219e-01 1.112665534019470215e+00 5.161590576171875000e-01 -3.921092450618743896e-01 -6.954899430274963379e-01 -8.062306046485900879e-01 8.031803965568542480e-01 -8.154286146163940430e-01
-8.394175767898559570e-01 -7.375785112380981445e-01 1.300637722015380859e-01 -5.511666536331176758e-01 -2.424313783645629883e+00 9.938415884971618652e-01 -2.730138003826141357e-01 1.067623272538185120e-01 4.938121438026428223e-01 -7.927377820014953613e-01 -3.794895485043525696e-02 2.962425708770751953e+00 8.984162658452987671e-02 6.959797739982604980e-01 -2.310551553964614868e-01 -1.412543892860412598e+00 -1.023298025131225586e+00 9.283095598220825195e-01 3.401078462600708008e+00 6.647060513496398926e-01 9.716503322124481201e-02 -2.244248539209365845e-01 -3.723187744617462158e-01 -3.792000412940979004e-01 -5.192455649375915527e-01 -2.636993229389190674e-01 -3.447996377944946289e-01 1.546402812004089355e+00 1.038811564445495605e+00 6.947708725929260254e-01 -6.428788304328918457e-01 4.082193970680236816e-01 1.293290495872497559e+00 -4.702556431293487549e-01 -9.840087294578552246e-01 2.449397444725036621e-01 -4.953981637954711914e-01 -8.633512258529663086e-01 2.372526884078979492e+00 -8.452046513557434082e-01 -3.038865625858306885e-01 1.468977808952331543e+00 -1.113299369812011719e+00 -2.543512172996997833e-02 4.035255312919616699e-01 -4.676253497600555420e-01 6.340432763099670410e-01 1.331466734409332275e-01 2.001291364431381226e-01 -2.524168603122234344e-02 -3.025746941566467285e-01 -7.744950652122497559e-01 -3.792338371276855469e-01 -5.516882538795471191e-01 1.438200753182172775e-02 -1.139024496078491211e+00 6.234885454177856445e-01 1.079823017120361328e+00 5.764160156250000000e-01 -3.808364868164062500e-01 -6.618114113807678223e-01 -7.683239579200744629e-01 6.226868033409118652e-01 -7.528207302093505859e-01
-7.553439140319824219e-01 -1.316085934638977051e+00 4.277621209621429443e-01 3.943425118923187256e-01 -2.757666826248168945e+00 2.685918509960174561e-01 7.926502227783203125e-01 -3.138187527656555176e-01 9.341063499450683594e-01 -9.320024847984313965e-01 -2.075799554586410522e-01 2.210806846618652344e+00 -1.372030228376388550e-01 1.305449724197387695e+00 -6.015237569808959961e-01 -1.127774596214294434e+00 -1.128607392311096191e+00 3.386938571929931641e-02 2.065046787261962891e+00 7.792719602584838867e-01 -3.966709971427917480e-02 -2.085310816764831543e-01 -5.916156172752380371e-01 -3.099403083324432373e-01 -7.790475487709045410e-01 -4.063660204410552979e-01 -3.544242680072784424e-01 9.823525547981262207e-01 1.798047780990600586e+00 9.412605762481689453e-01 -7.112991213798522949e-01 6.529837846755981445e-01 1.982258200645446777e+00 -4.020337760448455811e-01 -8.963056802749633789e-01 -5.437394976615905762e-02 -9.704772233963012695e-01 -1.040525794029235840e+00 1.271245360374450684e+00 -1.180156111717224121e+00 -4.547108411788940430e-01 1.842374920845031738e+00 -5.937678813934326172e-01 5.978300571441650391e-01 7.187312245368957520e-01 -3.602876663208007812e-01 8.931136131286621094e-01 5.173405408859252930e-01 5.582984685897827148e-01 -1.047590300440788269e-01 5.517836809158325195e-01 -1.133261322975158691e+00 -1.995785385370254517e-01 -6.958929896354675293e-01 -7.782778888940811157e-02 -9.261621236801147461e-01 8.031942248344421387e-01 3.334398865699768066e-01 1.582824468612670898e+00 5.913400053977966309e-01 -8.782052397727966309e-01 -8.865955471992492676e-01 4.505022168159484863e-01 -7.317785620689392090e-01
-9.432545900344848633e-01 -1.104128003120422363e+00 2.796944677829742432e-01 -2.331689186394214630e-02 -2.689021110534667969e+00 7.883207201957702637e-01 1.762970089912414551e-01 -8.113083988428115845e-02 7.192168831825256348e-01 -8.874079585075378418e-01 -9.321229904890060425e-02 2.709915637969970703e+00 -6.119601801037788391e-02 1.101977586746215820e+00 -3.747612833976745605e-01 -1.304390668869018555e+00 -1.134112715721130371e+00 5.888313055038452148e-01 2.792201757431030273e+00 7.571172714233398438e-01 4.373650252819061279e-02 -1.869177520275115967e-01 -5.210256576538085938e-01 -2.853652834892272949e-01 -6.857916116714477539e-01 -3.773824870586395264e-01 -4.050063788890838623e-01 1.400353431701660156e+00 1.381162405014038086e+00 6.456968784332275391e-01 -5.468849539756774902e-01 4.740034341812133789e-01 1.635792255401611328e+00 -3.892844617366790771e-01 -9.406810998916625977e-01 2.161714434623718262e-01 -7.335060238838195801e-01 -1.044960260391235352e+00 1.907182574272155762e+00 -9.100144505500793457e-01 -4.382993578910827637e-01 1.628791809082031250e+00 -8.746651411056518555e-01 1.511687636375427246e-01 6.668675541877746582e-01 -4.005327224731445312e-01 7.438063621520996094e-01 4.775697886943817139e-01 2.520271539688110352e-01 -3.223590925335884094e-02 2.909385040402412415e-02 -8.819498419761657715e-01 -3.715023696422576904e-01 -6.276899576187133789e-01 -2.661984972655773163e-02 -1.154957294464111328e+00 6.996322870254516602e-01 6.724224090576171875e-01 1.028019309043884277e+00 6.717792898416519165e-02 -9.226835966110229492e-01 -8.237888216972351074e-01 8.324100971221923828e-01 -7.706820964813232422e-01
-7.149457335472106934e-01 -1.322028398513793945e+00 3.343984484672546387e-01 4.269855320453643799e-01 -2.727340459823608398e+00 5.033650994300842285e-01 8.946984410285949707e-01 -2.633203268051147461e-01 8.608182072639465332e-01 -1.077488541603088379e+00 -1.049580052495002747e-01 2.282081365585327148e+00 -6.840282678604125977e-02 1.302434086799621582e+00 -4.515135884284973145e-01 -1.270820140838623047e+00 -1.069449067115783691e+00 1.025783941149711609e-01 1.998846888542175293e+00 7.672200202941894531e-01 -1.486379355192184448e-01 -2.464479655027389526e-01 -7.430175542831420898e-01 -3.792480826377868652e-01 -8.700021505355834961e-01 -3.793926835060119629e-01 -5.409888625144958496e-01 9.318434000015258789e-01 1.742418289184570312e+00 1.003564000129699707e+00 -6.356177926063537598e-01 8.985669016838073730e-01 1.807458639144897461e+00 -3.361703455448150635e-01 -1.075940728187561035e+00 1.411289870738983154e-01 -9.467114210128784180e-01 -7.735638022422790527e-01 1.186757564544677734e+00 -1.099043607711791992e+00 -3.255907893180847168e-01 1.689302325248718262e+00 -6.317881941795349121e-01 5.089132785797119141e-01 7.532287240028381348e-01 -3.828296959400177002e-01 8.771205544471740723e-01 4.476261734962463379e-01 7.104993462562561035e-01 1.823887601494789124e-02 7.687566280364990234e-01 -1.113852143287658691e+00 -2.587707638740539551e-01 -8.884149193763732910e-01 -2.396987080574035645e-01 -9.420106410980224609e-01 8.321105837821960449e-01 1.628071814775466919e-01 1.602987766265869141e+00 6.113071441650390625e-01 -9.506315588951110840e-01 -7.684353590011596680e-01 4.294137060642242432e-01 -7.950386404991149902e-01
-7.854838967323303223e-01 -1.209695935249328613e+00 4.725728034973144531e-01 7.041112184524536133e-01 -2.815695285797119141e+00 2.348082363605499268e-01 1.032992720603942871e+00 -3.096235394477844238e-01 1.210558533668518066e+00 -8.510921597480773926e-01 -3.075856268405914307e-01 1.717887639999389648e+00 -3.483186960220336914e-01 1.609310865402221680e+00 -5.989595651626586914e-01 -1.086841583251953125e+00 -1.077939867973327637e+00 -6.780672073364257812e-02 1.568666577339172363e+00 8.552986979484558105e-01 2.006789669394493103e-02 -3.980258107185363770e-01 -5.846812129020690918e-01 -3.154607117176055908e-01 -8.343160152435302734e-01 -4.242108166217803955e-01 -5.472546219825744629e-01 6.920024752616882324e-01 2.147022962570190430e+00 6.683928370475769043e-01 -6.348965167999267578e-01 5.087136030197143555e-01 2.091698646545410156e+00 -1.957720816135406494e-01 -6.785293221473693848e-01 -9.875316917896270752e-02 -1.084402799606323242e+00 -9.186113476753234863e-01 7.496147751808166504e-01 -1.090781688690185547e+00 -3.936883211135864258e-01 2.000195741653442383e+00 -5.845355987548828125e-01 7.145771384239196777e-01 9.810826182365417480e-01 -4.706464409828186035e-01 8.539792895317077637e-01 7.316789627075195312e-01 5.506270527839660645e-01 -9.677673876285552979e-02 6.927333474159240723e-01 -1.139137506484985352e+00 -2.612888216972351074e-01 -8.899672627449035645e-01 -1.379450857639312744e-01 -9.254744648933410645e-01 7.610522508621215820e-01 2.235309332609176636e-01 1.511402606964111328e+00 6.364825367927551270e-01 -8.727236390113830566e-01 -9.057616591453552246e-01 7.819337844848632812e-01 -7.242617011070251465e-01
-5.447695255279541016e-01 -1.348984599113464355e+00 7.380855679512023926e-01 1.217006325721740723e+00 -2.608038425445556641e+00 -2.140818834304809570e-01 1.537167429924011230e+00 -4.569441974163055420e-01 1.306576490402221680e+00 -8.896357417106628418e-01 -4.143613278865814209e-01 8.857988715171813965e-01 -5.128424763679504395e-01 1.762950778007507324e+00 -8.688368201255798340e-01 -6.882174015045166016e-01 -8.828358650207519531e-01 -5.641848444938659668e-01 4.804640412330627441e-01 8.298853635787963867e-01 2.750012278556823730e-02 -4.342615604400634766e-01 -7.213113903999328613e-01 -2.899800837039947510e-01 -9.315941929817199707e-01 -3.838211297988891602e-01 -5.138402581214904785e-01 1.492409855127334595e-01 2.281484603881835938e+00 6.188710927963256836e-01 -5.463491678237915039e-01 5.134182572364807129e-01 1.941293716430664062e+00 -7.958360016345977783e-02 -5.358274579048156738e-01 -4.413065016269683838e-01 -1.164046525955200195e+00 -7.684678435325622559e-01 -1.843653917312622070e-01 -1.023668527603149414e+00 -4.608382284641265869e-01 2.163253784179687500e+00 -2.305715382099151611e-01 9.537646770477294922e-01 1.136431455612182617e+00 -5.335015058517456055e-01 1.004202127456665039e+00 8.791769146919250488e-01 7.533296346664428711e-01 -1.116734668612480164e-01 1.203310847282409668e+00 -1.210414171218872070e+00 -1.056339368224143982e-01 -9.248155951499938965e-01 -2.394276857376098633e-01 -5.957988500595092773e-01 8.175035119056701660e-01 -2.619667053222656250e-01 1.787020206451416016e+00 1.169796347618103027e+00 -8.505479097366333008e-01 -6.658611893653869629e-01 5.468723177909851074e-01 -4.982707798480987549e-01
-7.804619073867797852e-01 -1.255751490592956543e+00 5.226963162422180176e-01 5.145502090454101562e-01 -2.885090589523315430e+00 2.837922573089599609e-01 9.257220625877380371e-01 -2.679834961891174316e-01 8.824073672294616699e-01 -7.711371779441833496e-01 -3.641076385974884033e-01 2.118374109268188477e+00 -3.023947775363922119e-01 1.401766657829284668e+00 -6.702151894569396973e-01 -1.229079604148864746e+00 -1.094478011131286621e+00 8.404158800840377808e-02 1.932012200355529785e+00 8.142139315605163574e-01 -4.311585426330566406e-02 -2.460790872573852539e-01 -6.329543590545654297e-01 -2.407600432634353638e-01 -8.078941702842712402e-01 -3.502797782421112061e-01 -5.425416231155395508e-01 8.679249882698059082e-01 1.986305594444274902e+00 8.641397953033447266e-01 -5.445169210433959961e-01 6.556677222251892090e-01 1.819089055061340332e+00 -2.314105033874511719e-01 -8.846796154975891113e-01 -8.238926529884338379e-02 -9.702841043472290039e-01 -8.173665404319763184e-01 9.867290854454040527e-01 -1.194626450538635254e+00 -3.687032461166381836e-01 1.806249976158142090e+00 -5.978275537490844727e-01 5.210134983062744141e-01 6.856344342231750488e-01 -4.497026503086090088e-01 9.494199156761169434e-01 4.573200047016143799e-01 7.355335354804992676e-01 -1.622991822659969330e-02 7.911774516105651855e-01 -1.136055469512939453e+00 -1.823539882898330688e-01 -9.077730774879455566e-01 -1.331466734409332275e-01 -9.244365096092224121e-01 8.285430669784545898e-01 2.275842577219009399e-01 1.584887981414794922e+00 6.075680255889892578e-01 -8.586528897285461426e-01 -8.386202454566955566e-01 6.189568042755126953e-01 -8.151178956031799316e-01
-6.577995419502258301e-01 -1.270712614059448242e+00 4.732191264629364014e-01 7.764971852302551270e-01 -2.782748460769653320e+00 1.007584631443023682e-01 1.238911747932434082e+00 -3.409591615200042725e-01 1.246294617652893066e+00 -8.437287211418151855e-01 -2.425609081983566284e-01 1.577567458152770996e+00 -3.943291008472442627e-01 1.682144284248352051e+00 -5.625758171081542969e-01 -1.048756718635559082e+00 -1.095582723617553711e+00 -1.650254279375076294e-01 1.396394729614257812e+00 8.804149627685546875e-01 -1.063635572791099548e-03 -3.338319361209869385e-01 -6.183421015739440918e-01 -3.258276581764221191e-01 -8.545330166816711426e-01 -4.499213993549346924e-01 -4.931015372276306152e-01 6.572462320327758789e-01 2.191696405410766602e+00 6.760342121124267578e-01 -6.853513717651367188e-01 5.202147960662841797e-01 2.106053829193115234e+00 -2.886646986007690430e-01 -6.845399737358093262e-01 -1.721308529376983643e-01 -1.047899007797241211e+00 -8.602434396743774414e-01 5.568802952766418457e-01 -1.168939590454101562e+00 -3.884813785552978516e-01 1.949161887168884277e+00 -5.434027910232543945e-01 7.152190804481506348e-01 9.783365130424499512e-01 -4.460195600986480713e-01 8.688586354255676270e-01 8.186805248260498047e-01 6.348629593849182129e-01 -9.282346814870834351e-02 7.410778403282165527e-01 -1.107682466506958008e+00 -2.585438489913940430e-01 -8.577871918678283691e-01 -1.838687658309936523e-01 -8.044003844261169434e-01 8.366947770118713379e-01 1.050684973597526550e-01 1.590340375900268555e+00 7.205855250358581543e-01 -9.748793840408325195e-01 -9.094565510749816895e-01 7.146198749542236328e-01 -7.412555813789367676e-01
-7.811315059661865234e-01 -1.174733042716979980e+00 2.510496675968170166e-01 7.996424287557601929e-02 -2.715558290481567383e+00 5.909138917922973633e-01 5.825838446617126465e-01 -1.847964823246002197e-01 8.440184593200683594e-01 -1.069573521614074707e+00 -1.310349404811859131e-01 2.554826736450195312e+00 -1.412841826677322388e-01 1.256447911262512207e+00 -3.188004791736602783e-01 -1.310158014297485352e+00 -1.123354315757751465e+00 3.985139429569244385e-01 2.442164897918701172e+00 7.022926211357116699e-01 -1.045374646782875061e-01 -2.049241065979003906e-01 -5.651527047157287598e-01 -3.979724943637847900e-01 -7.543177604675292969e-01 -3.216832280158996582e-01 -4.655399322509765625e-01 1.090173125267028809e+00 1.550684332847595215e+00 9.172503352165222168e-01 -6.912344098091125488e-01 7.334242463111877441e-01 1.768444657325744629e+00 -3.457008898258209229e-01 -1.067366361618041992e+00 2.135237008333206177e-01 -7.671800851821899414e-01 -8.337029218673706055e-01 1.612397074699401855e+00 -1.022281050682067871e+00 -3.378897011280059814e-01 1.624436020851135254e+00 -7.782899141311645508e-01 3.563307821750640869e-01 6.825603246688842773e-01 -4.285780191421508789e-01 8.819110989570617676e-01 2.786422371864318848e-01 5.728667974472045898e-01 1.023120596073567867e-03 4.297553598880767822e-01 -1.052932977676391602e+00 -3.661541044712066650e-01 -7.534387707710266113e-01 -8.532644063234329224e-02 -1.077659487724304199e+00 7.825528383255004883e-01 4.707275927066802979e-01 1.350856542587280273e+00 2.942759394645690918e-01 -9.507595896720886230e-01 -9.225857257843017578e-01 6.038730740547180176e-01 -7.369487285614013672e-01
-9.467087984085083008e-01 -9.669018387794494629e-01 4.018959403038024902e-01 -5.130693688988685608e-02 -2.739090204238891602e+00 7.207649946212768555e-01 3.188463151454925537e-01 -1.988545358180999756e-01 7.203360795974731445e-01 -9.084101319313049316e-01 -1.991184353828430176e-01 2.758872985839843750e+00 -7.801586389541625977e-02 1.102699875831604004e+00 -4.017597734928131104e-01 -1.164634704589843750e+00 -1.217602252960205078e+00 5.088709592819213867e-01 2.639063358306884766e+00 6.978461146354675293e-01 -5.993054434657096863e-02 -1.989232301712036133e-01 -5.226541757583618164e-01 -5.337634682655334473e-01 -5.873369574546813965e-01 -3.473731577396392822e-01 -4.569869339466094971e-01 1.310982584953308105e+00 1.430745840072631836e+00 8.578450679779052734e-01 -5.955729484558105469e-01 5.513205528259277344e-01 1.623942375183105469e+00 -3.182779848575592041e-01 -1.011545062065124512e+00 1.960086226463317871e-01 -7.236863374710083008e-01 -9.885718822479248047e-01 1.811968803405761719e+00 -1.028895735740661621e+00 -4.425196349620819092e-01 1.561740875244140625e+00 -8.462290167808532715e-01 7.748161256313323975e-02 8.479573130607604980e-01 -4.153395295143127441e-01 8.807986378669738770e-01 1.888122409582138062e-01 4.066986739635467529e-01 1.392307598143815994e-02 2.109806686639785767e-01 -9.224356412887573242e-01 -3.810537159442901611e-01 -6.386495232582092285e-01 2.519322186708450317e-02 -1.182091116905212402e+00 6.998569965362548828e-01 8.509600758552551270e-01 1.147958517074584961e+00 1.576725840568542480e-01 -7.933831810951232910e-01 -8.207308650016784668e-01 6.364498734474182129e-01 -8.073081374168395996e-01
-6.747705936431884766e-01 -1.240985751152038574e+00 2.948577404022216797e-01 3.581761717796325684e-01 -2.744230985641479492e+00 4.381074607372283936e-01 7.854871153831481934e-01 -2.808323800563812256e-01 9.016241431236267090e-01 -9.961943626403808594e-01 -1.375371068716049194e-01 2.438786983489990234e+00 -2.521700859069824219e-01 1.255190968513488770e+00 -6.688213348388671875e-01 -1.188983082771301270e+00 -1.044133543968200684e+00 2.583922147750854492e-01 2.132704973220825195e+00 7.997096776962280273e-01 -3.407202661037445068e-03 -2.903128266334533691e-01 -6.322889924049377441e-01 -2.708218395709991455e-01 -9.235772490501403809e-01 -3.316788971424102783e-01 -4.995903670787811279e-01 7.931966185569763184e-01 1.747000575065612793e+00 1.108684420585632324e+00 -7.735152840614318848e-01 9.019152522087097168e-01 1.859812974929809570e+00 -3.789955377578735352e-01 -8.793764114379882812e-01 -4.731415212154388428e-02 -8.981093168258666992e-01 -8.963789343833923340e-01 1.329358339309692383e+00 -1.035887718200683594e+00 -3.893253803253173828e-01 1.722357273101806641e+00 -6.893456578254699707e-01 5.050700902938842773e-01 6.812198162078857422e-01 -4.138863384723663330e-01 6.830877065658569336e-01 4.329794049263000488e-01 6.380668878555297852e-01 -8.311475068330764771e-02 7.355249524116516113e-01 -1.088644385337829590e+00 -1.979762762784957886e-01 -7.939453721046447754e-01 -2.004282772541046143e-01 -9.240443110466003418e-01 8.306203484535217285e-01 3.794996738433837891e-01 1.581412076950073242e+00 5.223318934440612793e-01 -9.140451550483703613e-01 -7.887721657752990723e-01 3.220340013504028320e-01 -8.148742914199829102e-01
-6.981929540634155273e-01 -1.293918848037719727e+00 3.114659786224365234e-01 -2.547937072813510895e-02 -2.678631067276000977e+00 6.612679958343505859e-01 4.377055466175079346e-01 -1.129415854811668396e-01 7.308680415153503418e-01 -9.390931725502014160e-01 -1.445234566926956177e-01 2.684551477432250977e+00 -1.399989426136016846e-01 8.967099785804748535e-01 -3.425047695636749268e-01 -1.297197103500366211e+00 -1.007372856140136719e+00 4.369203746318817139e-01 2.624574184417724609e+00 8.883292675018310547e-01 -1.961209997534751892e-02 -2.552248537540435791e-01 -6.563276052474975586e-01 -1.857731342315673828e-01 -8.747956752777099609e-01 -4.255129396915435791e-01 -4.299351572990417480e-01 1.096773386001586914e+00 1.548029303550720215e+00 1.131969928741455078e+00 -7.422001361846923828e-01 9.122046232223510742e-01 1.532518029212951660e+00 -3.371354043483734131e-01 -9.119828939437866211e-01 5.182892084121704102e-02 -9.116997122764587402e-01 -9.385634064674377441e-01 1.707200407981872559e+00 -1.139377236366271973e+00 -3.469755947589874268e-01 1.751588821411132812e+00 -7.185006141662597656e-01 4.176156818866729736e-01 4.043148756027221680e-01 -4.206088483333587646e-01 6.165105104446411133e-01 3.794190883636474609e-01 7.024480104446411133e-01 -7.009892165660858154e-02 4.885863959789276123e-01 -7.974526882171630859e-01 -2.448435574769973755e-01 -6.697126626968383789e-01 -1.582235842943191528e-01 -9.346942901611328125e-01 9.111416935920715332e-01 4.032185971736907959e-01 1.264131665229797363e+00 2.354024052619934082e-01 -9.732087850570678711e-01 -8.098337054252624512e-01 2.415959835052490234e-01 -8.675145506858825684e-01
-8.931303024291992188e-01 -6.568126678466796875e-01 1.534402966499328613e-01 -6.317734718322753906e-01 -2.196337699890136719e+00 9.040407538414001465e-01 -7.284227013587951660e-01 1.842737793922424316e-01 5.456906557083129883e-01 -6.132095456123352051e-01 -3.167210146784782410e-02 2.860988616943359375e+00 -1.238788478076457977e-02 7.709437608718872070e-01 -2.117381542921066284e-01 -1.327840089797973633e+00 -1.090316176414489746e+00 1.001665234565734863e+00 3.396250247955322266e+00 8.469315171241760254e-01 9.513963013887405396e-02 -6.889503449201583862e-02 -2.341966778039932251e-01 -4.779805541038513184e-01 -2.882876396179199219e-01 -1.007649004459381104e-01 -3.281887471675872803e-01 1.814883470535278320e+00 8.770725727081298828e-01 3.839390575885772705e-01 -6.832870841026306152e-01 8.848240599036216736e-03 1.187133550643920898e+00 -7.056367993354797363e-01 -8.514313697814941406e-01 2.689819335937500000e-01 -2.980284690856933594e-01 -1.001255393028259277e+00 2.625736236572265625e+00 -6.229946613311767578e-01 -5.429484248161315918e-01 1.436905503273010254e+00 -1.133716940879821777e+00 -1.072950139641761780e-01 4.992666244506835938e-01 -4.781845808029174805e-01 5.754967331886291504e-01 4.558810219168663025e-02 -9.708098322153091431e-02 4.490282759070396423e-02 -6.912003755569458008e-01 -5.235037803649902344e-01 -5.110994577407836914e-01 -4.144747853279113770e-01 5.398800596594810486e-02 -1.222909331321716309e+00 5.482053160667419434e-01 1.455929994583129883e+00 2.689462006092071533e-01 -5.404447317123413086e-01 -6.303187012672424316e-01 -6.830664873123168945e-01 6.926628351211547852e-01 -5.738447308540344238e-01
-9.531625509262084961e-01 -8.193300366401672363e-01 1.604630798101425171e-01 -3.155613839626312256e-01 -2.474258184432983398e+00 7.645151019096374512e-01 -1.777648329734802246e-01 2.488519065082073212e-02 7.021310925483703613e-01 -7.300757169723510742e-01 -7.889802753925323486e-02 2.788840770721435547e+00 -8.016607910394668579e-02 1.033946514129638672e+00 -3.044517636299133301e-01 -1.417379856109619141e+00 -1.159431219100952148e+00 7.554285526275634766e-01 3.114190816879272461e+00 8.341817259788513184e-01 7.732322812080383301e-02 -1.355205327272415161e-01 -3.761025071144104004e-01 -3.556578755378723145e-01 -5.509810447692871094e-01 -2.146078050136566162e-01 -3.629939258098602295e-01 1.605248689651489258e+00 1.092198967933654785e+00 5.560683012008666992e-01 -7.569161057472229004e-01 2.299676090478897095e-01 1.575389385223388672e+00 -6.045475602149963379e-01 -9.743465185165405273e-01 2.579663097858428955e-01 -5.206634998321533203e-01 -9.999741911888122559e-01 2.236626863479614258e+00 -8.582663536071777344e-01 -3.951984345912933350e-01 1.499069929122924805e+00 -1.045087933540344238e+00 1.528956741094589233e-01 5.463477373123168945e-01 -4.351884722709655762e-01 5.991386771202087402e-01 3.025439083576202393e-01 9.361238032579421997e-02 1.196407303214073181e-01 -3.007868230342864990e-01 -7.537994980812072754e-01 -5.009557008743286133e-01 -6.387092471122741699e-01 7.513148337602615356e-02 -1.069835066795349121e+00 7.446020245552062988e-01 1.043866753578186035e+00 7.157381772994995117e-01 -1.515101641416549683e-01 -8.315889835357666016e-01 -7.951654195785522461e-01 7.640029788017272949e-01 -6.881012320518493652e-01
-6.471343636512756348e-01 -1.188025116920471191e+00 3.312695324420928955e-01 4.614500403404235840e-01 -2.798120021820068359e+00 4.126999974250793457e-01 9.804074168205261230e-01 -9.978555142879486084e-02 1.149060726165771484e+00 -9.449713826179504395e-01 -1.612914055585861206e-01 1.929936408996582031e+00 -3.872178792953491211e-01 1.471634149551391602e+00 -6.457055807113647461e-01 -1.148044943809509277e+00 -8.719119429588317871e-01 -2.658390440046787262e-02 1.916260838508605957e+00 7.231484651565551758e-01 1.517558284103870392e-02 -3.349256217479705811e-01 -6.429053544998168945e-01 -3.738367855548858643e-01 -8.786853551864624023e-01 -3.850863277912139893e-01 -5.043779015541076660e-01 7.064716219902038574e-01 1.872812032699584961e+00 8.596715927124023438e-01 -7.328402400016784668e-01 8.061991333961486816e-01 1.965243577957153320e+00 -3.045943677425384521e-01 -8.362613916397094727e-01 -1.518524438142776489e-01 -9.542613029479980469e-01 -8.756943345069885254e-01 9.494357109069824219e-01 -1.177455306053161621e+00 -4.383319020271301270e-01 2.033294916152954102e+00 -6.008303165435791016e-01 6.955648064613342285e-01 9.064933061599731445e-01 -6.002514958381652832e-01 7.522460222244262695e-01 4.843180179595947266e-01 7.922653555870056152e-01 -1.689992994070053101e-01 7.153971195220947266e-01 -1.108589172363281250e+00 -3.234801590442657471e-01 -9.204519987106323242e-01 -1.583617329597473145e-01 -8.937502503395080566e-01 9.414073228836059570e-01 1.772169470787048340e-01 1.451378703117370605e+00 6.477222442626953125e-01 -9.829813838005065918e-01 -7.625444531440734863e-01 6.556337475776672363e-01 -6.919464468955993652e-01
-6.219157576560974121e-01 -1.324792981147766113e+00 3.732558488845825195e-01 6.876804828643798828e-01 -2.845947980880737305e+00 2.140589952468872070e-01 1.047612547874450684e+00 -3.554517924785614014e-01 1.088979721069335938e+00 -9.331458806991577148e-01 -2.639799714088439941e-01 1.849252223968505859e+00 -3.083875775337219238e-01 1.544880390167236328e+00 -7.129322886466979980e-01 -1.077328205108642578e+00 -1.036530375480651855e+00 -4.540691152215003967e-02 1.583243131637573242e+00 7.690848708152770996e-01 5.659987777471542358e-02 -3.277094662189483643e-01 -6.282125115394592285e-01 -2.594313621520996094e-01 -9.196891784667968750e-01 -4.201855659484863281e-01 -5.064753293991088867e-01 5.801596045494079590e-01 2.058505535125732422e+00 8.827509284019470215e-01 -5.520962476730346680e-01 8.735151886940002441e-01 2.062806844711303711e+00 -1.851836740970611572e-01 -7.655664682388305664e-01 -1.489979326725006104e-01 -1.056147694587707520e+00 -8.063472509384155273e-01 8.197165131568908691e-01 -1.153496503829956055e+00 -3.891998529434204102e-01 1.851004004478454590e+00 -5.893499255180358887e-01 6.780820488929748535e-01 8.232116103172302246e-01 -4.941530227661132812e-01 8.026325106620788574e-01 5.442853569984436035e-01 6.730256080627441406e-01 -1.247407346963882446e-01 8.936181068420410156e-01 -1.159727096557617188e+00 -1.132312119007110596e-01 -8.704489469528198242e-01 -1.330537199974060059e-01 -9.124546647071838379e-01 8.237786293029785156e-01 -1.123570185154676437e-02 1.680132627487182617e+00 7.592658996582031250e-01 -9.223908782005310059e-01 -8.448317646980285645e-01 5.189539790153503418e-01 -6.809603571891784668e-01
