-8.972517848014831543e-01 -1.162598371505737305e+00 1.045394390821456909e-01 3.917891383171081543e-01 -2.344090700149536133e+00 8.507061004638671875e-01 7.670460939407348633e-01 -2.745587937533855438e-02 8.130750060081481934e-01 -7.388742566108703613e-01 -5.919533371925354004e-01 2.425046205520629883e+00 -3.411499261856079102e-01 1.143659710884094238e+00 -7.123923301696777344e-01 -1.340151071548461914e+00 -9.503497481346130371e-01 4.152920097112655640e-02 2.297109842300415039e+00 8.886624574661254883e-01 -3.480696976184844971e-01 -3.338052630424499512e-01 -7.138214111328125000e-01 -3.688097596168518066e-01 -1.342175960540771484e+00 -2.777397036552429199e-01 -4.092952013015747070e-01 3.324800729751586914e-01 1.861057519912719727e+00 9.183075428009033203e-01 -5.536338686943054199e-01 1.322049975395202637e+00 1.640302538871765137e+00 -4.080694615840911865e-01 -5.070681571960449219e-01 -2.108564525842666626e-01 -9.685733318328857422e-01 -9.702145457267761230e-01 1.422748088836669922e+00 -7.502233982086181641e-01 -2.001844644546508789e-01 1.890929460525512695e+00 -6.435382366180419922e-01 2.964169681072235107e-01 5.360869765281677246e-01 -7.032423019409179688e-01 5.842169523239135742e-01 5.168831348419189453e-01 1.114997386932373047e+00 -6.169266626238822937e-02 8.686188459396362305e-01 -1.067855834960937500e+00 -4.799360334873199463e-01 -7.495365738868713379e-01 -6.337840557098388672e-01 -9.591650366783142090e-01 1.070373654365539551e+00 3.350212574005126953e-01 1.391211152076721191e+00 5.070794224739074707e-01 -5.668663978576660156e-01 -3.735481202602386475e-01 4.004261493682861328e-01 -8.450394272804260254e-01
-7.021476626396179199e-01 -1.352001070976257324e+00 4.108358919620513916e-01 1.257153391838073730e+00 -2.538873672485351562e+00 1.289725601673126221e-01 1.372367739677429199e+00 -2.705559730529785156e-01 1.428969144821166992e+00 -9.349249601364135742e-01 -2.952125668525695801e-01 9.847747683525085449e-01 -3.667280972003936768e-01 1.640032529830932617e+00 -9.062771797180175781e-01 -1.047136545181274414e+00 -8.306830525398254395e-01 -5.130757689476013184e-01 9.066755771636962891e-01 8.529631495475769043e-01 5.048781167715787888e-03 -3.867500424385070801e-01 -7.096499800682067871e-01 -5.325189828872680664e-01 -1.097899436950683594e+00 -3.575147688388824463e-01 -4.739215970039367676e-01 2.643137872219085693e-01 2.430639266967773438e+00 5.453014373779296875e-01 -5.901787877082824707e-01 8.434213399887084961e-01 1.947889685630798340e+00 -3.154913783073425293e-01 -6.418470144271850586e-01 -4.542616009712219238e-01 -9.560351967811584473e-01 -9.922721982002258301e-01 3.642652034759521484e-01 -8.164063096046447754e-01 -2.944536805152893066e-01 2.073270082473754883e+00 -1.889948546886444092e-01 6.873205900192260742e-01 1.026342630386352539e+00 -6.208454966545104980e-01 7.146789431571960449e-01 1.028920292854309082e+00 9.533136487007141113e-01 -2.787083946168422699e-02 9.634046554565429688e-01 -9.823762774467468262e-01 -3.096697926521301270e-01 -7.604765295982360840e-01 -4.789617657661437988e-01 -8.350824117660522461e-01 8.512389063835144043e-01 -9.103631228208541870e-02 1.702036857604980469e+00 1.118580698966979980e+00 -9.334393143653869629e-01 -5.040481686592102051e-01 5.410524606704711914e-01 -8.100959062576293945e-01
-9.756658673286437988e-01 -7.746202945709228516e-01 1.122334077954292297e-01 -3.926058709621429443e-01 -2.157201051712036133e+00 1.183924555778503418e+00 -2.682605385780334473e-01 2.965420186519622803e-01 5.042579174041748047e-01 -6.834114193916320801e-01 -2.779626846313476562e-01 2.787698268890380859e+00 -3.155331313610076904e-02 5.883470773696899414e-01 -3.269325494766235352e-01 -1.282369136810302734e+00 -7.927212715148925781e-01 7.337281107902526855e-01 3.339779376983642578e+00 9.298929572105407715e-01 -1.235946118831634521e-01 -2.028131783008575439e-01 -5.916561484336853027e-01 -4.690903723239898682e-01 -4.956609308719635010e-01 -2.622173428535461426e-01 -3.387586772441864014e-01 1.195803284645080566e+00 1.548580288887023926e+00 4.094454944133758545e-01 -7.080445885658264160e-01 5.341955423355102539e-01 1.123333334922790527e+00 -4.898514747619628906e-01 -7.270011305809020996e-01 3.036147654056549072e-01 -2.663494646549224854e-01 -1.398422837257385254e+00 2.423786640167236328e+00 -2.532319426536560059e-01 -4.619778394699096680e-01 1.648640871047973633e+00 -8.838847875595092773e-01 -4.451982975006103516e-01 5.163174867630004883e-01 -5.931930541992187500e-01 5.578430891036987305e-01 1.849869787693023682e-01 4.399466216564178467e-01 8.883342146873474121e-02 -2.925495505332946777e-01 -3.965243995189666748e-01 -8.101696968078613281e-01 -2.735623419284820557e-01 -5.638011693954467773e-01 -1.596687674522399902e+00 4.846197962760925293e-01 1.337689757347106934e+00 6.034342050552368164e-01 -2.032286822795867920e-01 -7.846713662147521973e-01 -1.901557743549346924e-01 4.762838482856750488e-01 -8.889861702919006348e-01
-9.941422343254089355e-01 -6.356635093688964844e-01 2.727786898612976074e-01 -5.682594180107116699e-01 -2.155773878097534180e+00 1.415623426437377930e+00 -3.923485577106475830e-01 4.962768852710723877e-01 4.559864103794097900e-01 -5.799202919006347656e-01 -3.258956968784332275e-01 2.867450714111328125e+00 -1.206363439559936523e-01 5.045601129531860352e-01 -1.276936382055282593e-01 -1.182858586311340332e+00 -6.807551383972167969e-01 6.856717467308044434e-01 3.419782638549804688e+00 8.699033856391906738e-01 -1.108205989003181458e-01 -2.656792104244232178e-01 -6.573584675788879395e-01 -5.079716444015502930e-01 -4.862060248851776123e-01 -3.120192885398864746e-01 -3.541271090507507324e-01 1.179256677627563477e+00 1.463091135025024414e+00 2.712761163711547852e-01 -6.155514121055603027e-01 4.175550639629364014e-01 8.913286328315734863e-01 -4.206986427307128906e-01 -7.041954398155212402e-01 2.778022885322570801e-01 -2.596076130867004395e-01 -1.376239776611328125e+00 2.295859575271606445e+00 -2.633496224880218506e-01 -3.864751160144805908e-01 1.822194576263427734e+00 -1.087747335433959961e+00 -6.122542619705200195e-01 5.648163557052612305e-01 -4.335530996322631836e-01 4.598531126976013184e-01 3.510209023952484131e-01 3.493329882621765137e-01 1.110534667968750000e-01 -4.811161458492279053e-01 -2.620437443256378174e-01 -8.158667087554931641e-01 -2.761054039001464844e-01 -4.607112109661102295e-01 -1.501560688018798828e+00 3.424637615680694580e-01 1.438859939575195312e+00 3.390218615531921387e-01 -3.713057637214660645e-01 -7.955753803253173828e-01 -1.577294468879699707e-01 6.458157300949096680e-01 -9.072221517562866211e-01
-7.221781611442565918e-01 -1.189822793006896973e+00 1.283803582191467285e-01 6.589832901954650879e-01 -2.463321208953857422e+00 6.675369143486022949e-01 8.399373292922973633e-01 -2.580614387989044189e-01 8.368303179740905762e-01 -7.913700938224792480e-01 -4.163467586040496826e-01 2.101164340972900391e+00 -3.696983456611633301e-01 1.327870845794677734e+00 -8.256447911262512207e-01 -1.095187306404113770e+00 -9.227076172828674316e-01 -3.320213258266448975e-01 2.020846605300903320e+00 8.798888921737670898e-01 -1.785219311714172363e-01 -2.599251866340637207e-01 -5.858181118965148926e-01 -4.832906126976013184e-01 -1.281406641006469727e+00 -3.340548276901245117e-01 -3.496324419975280762e-01 2.962529659271240234e-01 2.116450548171997070e+00 7.372257709503173828e-01 -6.069145202636718750e-01 1.325959086418151855e+00 1.793339848518371582e+00 -5.202164649963378906e-01 -5.283215045928955078e-01 -3.438302278518676758e-01 -9.256282448768615723e-01 -1.030182003974914551e+00 1.167908668518066406e+00 -7.594434618949890137e-01 -3.084807991981506348e-01 1.940676450729370117e+00 -5.983256101608276367e-01 3.411151468753814697e-01 6.860838532447814941e-01 -6.651192307472229004e-01 6.094994544982910156e-01 8.368940949440002441e-01 1.055218458175659180e+00 -1.492051333189010620e-01 9.177950620651245117e-01 -1.070729017257690430e+00 -4.232280850410461426e-01 -7.001035213470458984e-01 -6.894580125808715820e-01 -1.039219379425048828e+00 9.125839471817016602e-01 1.715673059225082397e-01 1.686418414115905762e+00 7.269650101661682129e-01 -6.233904361724853516e-01 -3.510404825210571289e-01 4.019707441329956055e-01 -8.278425335884094238e-01
-8.838616013526916504e-01 -8.063037991523742676e-01 1.271397024393081665e-01 -1.962975710630416870e-01 -2.357433319091796875e+00 8.278875946998596191e-01 1.829912513494491577e-01 2.580961585044860840e-01 8.724107742309570312e-01 -7.306166887283325195e-01 -2.500083744525909424e-01 2.564778089523315430e+00 -1.806106269359588623e-01 9.390385150909423828e-01 -3.253547251224517822e-01 -1.485966920852661133e+00 -8.454343676567077637e-01 4.413188695907592773e-01 2.869062185287475586e+00 8.240447640419006348e-01 -5.444572865962982178e-02 -3.051662147045135498e-01 -5.172038674354553223e-01 -5.761567354202270508e-01 -6.855670213699340820e-01 -3.227912485599517822e-01 -4.896303713321685791e-01 1.080726146697998047e+00 1.899959087371826172e+00 5.470814108848571777e-01 -5.778357982635498047e-01 4.100750386714935303e-01 1.472500443458557129e+00 -4.585683941841125488e-01 -8.759485483169555664e-01 2.673479616641998291e-01 -3.552108108997344971e-01 -1.520019412040710449e+00 2.168067693710327148e+00 -3.760911524295806885e-01 -3.039501309394836426e-01 1.740616321563720703e+00 -1.030712366104125977e+00 -4.921529069542884827e-02 5.170519948005676270e-01 -5.999775528907775879e-01 7.869043350219726562e-01 6.189219951629638672e-01 4.831473231315612793e-01 1.333041638135910034e-01 -1.405157297849655151e-01 -4.314603805541992188e-01 -8.132467865943908691e-01 -4.094353318214416504e-01 -3.674329519271850586e-01 -1.376744627952575684e+00 4.961783289909362793e-01 1.085565328598022461e+00 8.233716487884521484e-01 -1.298930943012237549e-01 -9.023072719573974609e-01 -6.754265427589416504e-01 6.946310400962829590e-01 -9.211454987525939941e-01
-1.021994113922119141e+00 -6.925117969512939453e-01 3.124604821205139160e-01 -5.975058674812316895e-01 -2.029699087142944336e+00 1.211953043937683105e+00 -6.686811447143554688e-01 3.790123462677001953e-01 4.710759520530700684e-01 -4.951302707195281982e-01 -3.687528073787689209e-01 2.681196928024291992e+00 1.614486426115036011e-01 4.655316770076751709e-01 -1.007879599928855896e-01 -1.261919379234313965e+00 -6.214957833290100098e-01 8.169343471527099609e-01 3.649343013763427734e+00 8.263413906097412109e-01 -3.600572422146797180e-02 -2.423167079687118530e-01 -6.283920407295227051e-01 -6.540366411209106445e-01 -4.643554687500000000e-01 -2.822636961936950684e-01 -1.866688132286071777e-01 1.331408381462097168e+00 1.281256556510925293e+00 2.851805090904235840e-01 -5.749301314353942871e-01 2.679671645164489746e-01 8.126086592674255371e-01 -4.781542718410491943e-01 -7.892928123474121094e-01 4.107073545455932617e-01 -1.950445026159286499e-01 -1.413745641708374023e+00 2.403869628906250000e+00 -3.248991668224334717e-01 -3.640948534011840820e-01 1.686200499534606934e+00 -1.164700984954833984e+00 -4.112207889556884766e-01 5.495911240577697754e-01 -3.462680578231811523e-01 4.947355389595031738e-01 1.929113864898681641e-01 1.366558969020843506e-01 2.034403383731842041e-01 -7.164297699928283691e-01 -3.416395485401153564e-01 -7.200697064399719238e-01 -1.731696724891662598e-01 -3.639370203018188477e-01 -1.506092786788940430e+00 2.624282836914062500e-01 1.640581369400024414e+00 3.494864702224731445e-01 -4.259073138236999512e-01 -6.328340768814086914e-01 -3.050865232944488525e-01 6.239482760429382324e-01 -8.633603453636169434e-01
-9.526197910308837891e-01 -1.257066726684570312e+00 2.935904078185558319e-02 6.835408210754394531e-01 -2.496331214904785156e+00 6.955847740173339844e-01 8.982602953910827637e-01 -1.843020766973495483e-01 8.700372576713562012e-01 -8.358904719352722168e-01 -3.088916242122650146e-01 2.126935482025146484e+00 -2.665926814079284668e-01 1.354220509529113770e+00 -7.485647201538085938e-01 -1.210978507995605469e+00 -1.112415909767150879e+00 -1.167000830173492432e-01 1.758128881454467773e+00 7.648013830184936523e-01 -1.340312510728836060e-01 -1.565595120191574097e-01 -7.558338642120361328e-01 -6.776006817817687988e-01 -1.090462923049926758e+00 -3.690941035747528076e-01 -3.750610947608947754e-01 3.738957643508911133e-01 1.893244743347167969e+00 1.021874070167541504e+00 -5.786870718002319336e-01 1.307806849479675293e+00 1.751453876495361328e+00 -4.752148091793060303e-01 -7.124006152153015137e-01 -3.727823793888092041e-01 -7.864420413970947266e-01 -1.163491606712341309e+00 1.074369072914123535e+00 -7.196251153945922852e-01 -2.816731333732604980e-01 1.742972731590270996e+00 -4.417870342731475830e-01 4.918100535869598389e-01 6.530486941337585449e-01 -6.075332760810852051e-01 6.988372206687927246e-01 7.502954006195068359e-01 1.071344375610351562e+00 -8.013499528169631958e-02 1.205085396766662598e+00 -1.192147970199584961e+00 -5.146889686584472656e-01 -6.101959347724914551e-01 -5.029131174087524414e-01 -8.926818370819091797e-01 1.155550956726074219e+00 -3.538383543491363525e-02 1.660827636718750000e+00 7.897412180900573730e-01 -7.589024901390075684e-01 -1.459411084651947021e-01 2.263466268777847290e-01 -9.450688958168029785e-01
-8.201512694358825684e-01 -9.309447407722473145e-01 5.425264686346054077e-02 -4.007310867309570312e-01 -2.539684295654296875e+00 8.169862627983093262e-01 3.914989903569221497e-02 1.256358176469802856e-01 6.499383449554443359e-01 -5.877659916877746582e-01 -2.578507065773010254e-01 2.769353628158569336e+00 -1.173466742038726807e-01 1.073458313941955566e+00 -4.480939805507659912e-01 -1.374734878540039062e+00 -1.002765536308288574e+00 4.954904317855834961e-01 3.156108617782592773e+00 1.039540529251098633e+00 -6.809107959270477295e-02 -1.570266932249069214e-01 -3.925446569919586182e-01 -3.089574873447418213e-01 -7.339302301406860352e-01 -2.949241995811462402e-01 -4.640249013900756836e-01 1.265187263488769531e+00 1.416052699089050293e+00 5.770785808563232422e-01 -7.008877396583557129e-01 4.805523157119750977e-01 1.591699004173278809e+00 -6.039203405380249023e-01 -6.841219067573547363e-01 1.085034534335136414e-01 -6.644399166107177734e-01 -8.888917565345764160e-01 2.174957275390625000e+00 -8.975489139556884766e-01 -4.165497124195098877e-01 1.713819861412048340e+00 -9.648706316947937012e-01 1.458139270544052124e-01 4.621388018131256104e-01 -5.123939514160156250e-01 5.277817845344543457e-01 4.497394263744354248e-01 2.841227352619171143e-01 -3.083349578082561493e-02 -1.929894387722015381e-01 -7.903400659561157227e-01 -4.382342100143432617e-01 -6.700143814086914062e-01 -2.030892372131347656e-01 -1.198919653892517090e+00 7.918955683708190918e-01 1.011322736740112305e+00 7.826847434043884277e-01 -1.875925958156585693e-01 -6.933329701423645020e-01 -6.365122199058532715e-01 6.426947116851806641e-01 -6.428839564323425293e-01
-8.919628262519836426e-01 -7.506783604621887207e-01 7.630518823862075806e-02 -9.105219244956970215e-01 -2.152545928955078125e+00 1.266617894172668457e+00 -5.403273701667785645e-01 5.030651688575744629e-01 1.475410759449005127e-01 -5.401552915573120117e-01 -2.671420276165008545e-01 2.965384960174560547e+00 4.072544723749160767e-02 3.174254894256591797e-01 -3.863693773746490479e-02 -1.265470027923583984e+00 -4.822376668453216553e-01 8.557289838790893555e-01 3.624001264572143555e+00 6.149449944496154785e-01 -1.987287960946559906e-02 -3.246377706527709961e-01 -6.151173114776611328e-01 -6.290366053581237793e-01 -6.881753802299499512e-01 -2.781777083873748779e-01 -3.851292729377746582e-01 9.813175797462463379e-01 1.244258761405944824e+00 6.673740744590759277e-01 -6.357961297035217285e-01 7.095503807067871094e-01 7.638809680938720703e-01 -2.263039201498031616e-01 -7.875624895095825195e-01 2.357863038778305054e-01 -7.929533720016479492e-02 -1.268830180168151855e+00 2.569417715072631836e+00 -2.427721023559570312e-01 -1.599658876657485962e-01 1.668897032737731934e+00 -1.158903956413269043e+00 -6.357060670852661133e-01 3.061141967773437500e-01 -4.340256452560424805e-01 3.332595229148864746e-01 1.542362123727798462e-01 2.588847875595092773e-01 1.225055754184722900e-01 -3.681175112724304199e-01 -3.222261071205139160e-01 -8.124465346336364746e-01 -2.298542708158493042e-01 -4.957801997661590576e-01 -1.330345273017883301e+00 4.155009090900421143e-01 1.486458301544189453e+00 4.129163324832916260e-01 -3.932002484798431396e-01 -5.117467641830444336e-01 3.408542647957801819e-02 3.859249651432037354e-01 -8.427585959434509277e-01
-8.935352563858032227e-01 -1.240146994590759277e+00 3.611702620983123779e-01 4.037723839282989502e-01 -2.601855993270874023e+00 5.619844794273376465e-01 9.044467806816101074e-01 -4.025152921676635742e-01 8.464482426643371582e-01 -8.428434729576110840e-01 -2.724113464355468750e-01 2.407286167144775391e+00 -1.753908544778823853e-01 1.159173011779785156e+00 -6.564995050430297852e-01 -1.205963253974914551e+00 -1.121133804321289062e+00 -1.088934764266014099e-02 2.050250053405761719e+00 7.280842065811157227e-01 -8.423407375812530518e-02 -3.044590950012207031e-01 -6.790621280670166016e-01 -2.227935940027236938e-01 -8.985455632209777832e-01 -3.947639167308807373e-01 -5.039195418357849121e-01 7.564793825149536133e-01 1.830135583877563477e+00 9.868286252021789551e-01 -6.396444439888000488e-01 9.974525570869445801e-01 1.896225929260253906e+00 -3.365119993686676025e-01 -6.654148697853088379e-01 -4.095258936285972595e-02 -1.092405557632446289e+00 -1.018440723419189453e+00 1.189647555351257324e+00 -1.095968246459960938e+00 -3.203230798244476318e-01 1.719716906547546387e+00 -6.227477788925170898e-01 4.391490817070007324e-01 6.620957255363464355e-01 -3.460986614227294922e-01 7.881606221199035645e-01 5.966451168060302734e-01 8.233386278152465820e-01 -1.630815863609313965e-01 8.601918220520019531e-01 -1.148195385932922363e+00 -2.258484065532684326e-01 -7.278872728347778320e-01 -3.173300623893737793e-01 -9.726998209953308105e-01 8.331951498985290527e-01 2.503261864185333252e-01 1.598447203636169434e+00 6.119078397750854492e-01 -7.147768735885620117e-01 -6.791782975196838379e-01 4.607197046279907227e-01 -9.649021625518798828e-01
-7.234351038932800293e-01 -1.263584136962890625e+00 3.183827400207519531e-01 1.237304925918579102e+00 -2.593861579895019531e+00 1.054084599018096924e-01 1.502928972244262695e+00 -3.859965801239013672e-01 1.370669007301330566e+00 -9.444239139556884766e-01 -3.074219524860382080e-01 1.078330039978027344e+00 -4.142105281352996826e-01 1.628881216049194336e+00 -8.635074496269226074e-01 -1.050590872764587402e+00 -8.137711882591247559e-01 -5.344241261482238770e-01 7.437719106674194336e-01 8.247727155685424805e-01 -4.456249997019767761e-03 -3.585465252399444580e-01 -6.394411921501159668e-01 -5.025653839111328125e-01 -9.978371262550354004e-01 -3.257210552692413330e-01 -5.720788240432739258e-01 2.537779510021209717e-01 2.451557874679565430e+00 7.015507221221923828e-01 -5.821819305419921875e-01 8.723005056381225586e-01 1.928665757179260254e+00 -2.781910300254821777e-01 -6.333842277526855469e-01 -4.067606329917907715e-01 -9.327092170715332031e-01 -9.187757372856140137e-01 2.216809988021850586e-01 -8.935149908065795898e-01 -3.428188562393188477e-01 1.908403992652893066e+00 -1.340946406126022339e-01 6.810898184776306152e-01 1.011713862419128418e+00 -6.128798723220825195e-01 7.365782856941223145e-01 9.465404748916625977e-01 1.017408251762390137e+00 -4.453190416097640991e-02 1.128594398498535156e+00 -1.045085668563842773e+00 -2.766613066196441650e-01 -8.531669378280639648e-01 -4.721999466419219971e-01 -7.525433301925659180e-01 9.478721022605895996e-01 -1.851012110710144043e-01 1.727173209190368652e+00 1.196135997772216797e+00 -9.870688915252685547e-01 -5.173922181129455566e-01 4.950705170631408691e-01 -7.638801336288452148e-01
-6.804064512252807617e-01 -1.392259359359741211e+00 2.439127415418624878e-01 8.072412014007568359e-01 -2.583197116851806641e+00 3.175934255123138428e-01 1.200695157051086426e+00 -3.597925305366516113e-01 9.971197843551635742e-01 -1.022038936614990234e+00 -2.907318174839019775e-01 1.991521358489990234e+00 -2.484942823648452759e-01 1.401826977729797363e+00 -6.642878651618957520e-01 -1.202619552612304688e+00 -8.953325152397155762e-01 -2.358428388833999634e-01 1.547147154808044434e+00 7.178577780723571777e-01 -2.113598436117172241e-01 -3.578432500362396240e-01 -6.853225827217102051e-01 -3.869649767875671387e-01 -1.142386913299560547e+00 -4.139734804630279541e-01 -4.295968115329742432e-01 3.599436879158020020e-01 2.069679260253906250e+00 9.357569217681884766e-01 -5.762293934822082520e-01 1.098685979843139648e+00 1.923824429512023926e+00 -3.076047599315643311e-01 -7.389830946922302246e-01 -1.614099144935607910e-01 -8.562571406364440918e-01 -9.632186293601989746e-01 9.300343990325927734e-01 -8.345750570297241211e-01 -2.480563968420028687e-01 1.689957380294799805e+00 -4.258503019809722900e-01 6.583523750305175781e-01 8.005215525627136230e-01 -5.205585360527038574e-01 7.699185609817504883e-01 7.157340049743652344e-01 1.064363121986389160e+00 -1.088694483041763306e-01 1.016688704490661621e+00 -1.205130696296691895e+00 -2.966577708721160889e-01 -7.518532872200012207e-01 -5.074748396873474121e-01 -8.135297894477844238e-01 9.707914590835571289e-01 -2.900915965437889099e-02 1.809396624565124512e+00 8.293363451957702637e-01 -9.185408353805541992e-01 -6.695085167884826660e-01 2.799696326255798340e-01 -8.551250696182250977e-01
-9.471235275268554688e-01 -1.220018386840820312e+00 7.643155008554458618e-02 5.342752933502197266e-01 -2.449337244033813477e+00 6.831759810447692871e-01 7.326470017433166504e-01 -2.475866526365280151e-01 8.105057477951049805e-01 -7.091979384422302246e-01 -4.997532069683074951e-01 2.340085029602050781e+00 -2.571226954460144043e-01 1.239688277244567871e+00 -6.795206069946289062e-01 -1.266780018806457520e+00 -1.090767025947570801e+00 1.459399014711380005e-01 2.124051094055175781e+00 8.046085834503173828e-01 -6.229175999760627747e-02 -3.218274116516113281e-01 -6.265732645988464355e-01 -4.251467883586883545e-01 -1.167531013488769531e+00 -3.780934214591979980e-01 -4.794483184814453125e-01 3.499599099159240723e-01 2.018932819366455078e+00 9.105940461158752441e-01 -6.843267679214477539e-01 1.116706490516662598e+00 1.730411410331726074e+00 -4.260406792163848877e-01 -5.161724686622619629e-01 -1.673563867807388306e-01 -1.021308660507202148e+00 -1.020734429359436035e+00 1.405798912048339844e+00 -9.165331125259399414e-01 -3.241274058818817139e-01 1.865800380706787109e+00 -5.519871115684509277e-01 3.878449499607086182e-01 5.623556375503540039e-01 -5.294850468635559082e-01 6.651164889335632324e-01 5.891046524047851562e-01 1.000881671905517578e+00 -1.805287599563598633e-01 9.478809833526611328e-01 -1.206980705261230469e+00 -3.631716072559356689e-01 -5.913477540016174316e-01 -4.878157675266265869e-01 -1.091717004776000977e+00 9.901417493820190430e-01 3.300130069255828857e-01 1.527358055114746094e+00 6.454213261604309082e-01 -4.152640700340270996e-01 -3.881908953189849854e-01 1.848895102739334106e-01 -8.616791963577270508e-01
-9.018170833587646484e-01 -1.148606061935424805e+00 3.997293412685394287e-01 8.758103847503662109e-01 -2.614316940307617188e+00 3.331937193870544434e-01 1.111888408660888672e+00 -5.540343001484870911e-02 1.520419597625732422e+00 -9.441008567810058594e-01 -1.732403934001922607e-01 1.349956750869750977e+00 -3.483562171459197998e-01 1.505134582519531250e+00 -6.290341615676879883e-01 -1.156809210777282715e+00 -6.240587234497070312e-01 -3.923895955085754395e-01 1.474527835845947266e+00 6.411892771720886230e-01 9.785768389701843262e-02 -4.535116255283355713e-01 -9.118963479995727539e-01 -9.426337480545043945e-01 -8.299839496612548828e-01 -4.518914818763732910e-01 -3.443870842456817627e-01 3.905849754810333252e-01 2.219714641571044922e+00 6.675448417663574219e-01 -6.506130695343017578e-01 6.585426330566406250e-01 1.891653180122375488e+00 -3.489019870758056641e-01 -9.153591990470886230e-01 -2.739830017089843750e-01 -5.149458050727844238e-01 -1.578198909759521484e+00 7.490614056587219238e-01 -4.450418353080749512e-01 -4.101848006248474121e-01 2.032397031784057617e+00 -4.062286913394927979e-01 5.609150528907775879e-01 1.052110195159912109e+00 -6.857979297637939453e-01 7.696174979209899902e-01 8.524813055992126465e-01 8.490008115768432617e-01 -4.838700219988822937e-02 7.435172200202941895e-01 -7.932124733924865723e-01 -6.729308962821960449e-01 -4.598744511604309082e-01 -3.822563290596008301e-01 -8.129698038101196289e-01 8.620676398277282715e-01 1.060877069830894470e-01 1.510377883911132812e+00 1.051507115364074707e+00 -1.299280881881713867e+00 -2.863285839557647705e-01 7.640697360038757324e-01 -9.775848984718322754e-01
-8.982453942298889160e-01 -1.108075380325317383e+00 -7.167568057775497437e-02 4.738583266735076904e-01 -2.378832578659057617e+00 9.316677451133728027e-01 7.157257199287414551e-01 -2.147922664880752563e-01 9.094994068145751953e-01 -7.315880060195922852e-01 -3.992662131786346436e-01 2.335349321365356445e+00 -2.855827212333679199e-01 1.339228153228759766e+00 -7.614971995353698730e-01 -1.191554546356201172e+00 -9.431343078613281250e-01 -5.658738780766725540e-03 2.143645048141479492e+00 8.930251598358154297e-01 -1.812461316585540771e-01 -3.732607364654541016e-01 -5.378630161285400391e-01 -3.664214015007019043e-01 -1.169992923736572266e+00 -3.100664913654327393e-01 -5.200037956237792969e-01 4.721453189849853516e-01 1.980315566062927246e+00 7.879085540771484375e-01 -6.544840931892395020e-01 1.298819899559020996e+00 1.730343818664550781e+00 -3.799495100975036621e-01 -4.446586370468139648e-01 -9.156742691993713379e-02 -9.961485266685485840e-01 -9.754848480224609375e-01 1.294961452484130859e+00 -9.638708829879760742e-01 -2.560028731822967529e-01 1.904457807540893555e+00 -5.323346853256225586e-01 2.265803515911102295e-01 7.115245461463928223e-01 -5.126928091049194336e-01 4.974578320980072021e-01 6.438829898834228516e-01 8.792046904563903809e-01 -1.355216950178146362e-01 8.408874869346618652e-01 -1.210583090782165527e+00 -5.199277400970458984e-01 -8.454683423042297363e-01 -5.917608141899108887e-01 -1.167277932167053223e+00 8.954779505729675293e-01 3.647060096263885498e-01 1.492992520332336426e+00 5.435904860496520996e-01 -6.917613744735717773e-01 -4.969056248664855957e-01 5.843499898910522461e-01 -8.171558380126953125e-01
-7.162236571311950684e-01 -1.124377727508544922e+00 4.968827962875366211e-02 7.595422863960266113e-01 -2.560967206954956055e+00 5.504474043846130371e-01 9.863172173500061035e-01 -1.745724827051162720e-01 1.029896974563598633e+00 -7.530515789985656738e-01 -2.887144684791564941e-01 1.999740123748779297e+00 -4.834681153297424316e-01 1.489039301872253418e+00 -8.317387700080871582e-01 -1.262055277824401855e+00 -9.122101664543151855e-01 -1.783921569585800171e-01 1.652214884757995605e+00 7.759397029876708984e-01 -1.818479597568511963e-01 -3.856373429298400879e-01 -6.622977256774902344e-01 -5.599839091300964355e-01 -1.220142126083374023e+00 -4.264290034770965576e-01 -5.780082941055297852e-01 2.236387878656387329e-01 2.135309219360351562e+00 8.964473009109497070e-01 -6.008281707763671875e-01 1.175914883613586426e+00 1.778413057327270508e+00 -5.369001030921936035e-01 -5.161641240119934082e-01 -3.880471885204315186e-01 -9.000322818756103516e-01 -8.724132180213928223e-01 1.082728981971740723e+00 -8.838682770729064941e-01 -3.081695437431335449e-01 1.869173407554626465e+00 -4.450798630714416504e-01 5.718457698822021484e-01 7.235409021377563477e-01 -6.470075249671936035e-01 5.806062221527099609e-01 7.607005834579467773e-01 9.883140921592712402e-01 -1.280725151300430298e-01 1.091171503067016602e+00 -1.205240726470947266e+00 -4.141921103000640869e-01 -7.842625379562377930e-01 -6.346971988677978516e-01 -9.099698662757873535e-01 1.121173262596130371e+00 1.115322485566139221e-01 1.674901008605957031e+00 8.163071870803833008e-01 -6.081157326698303223e-01 -2.710061669349670410e-01 3.972894847393035889e-01 -7.559591531753540039e-01
-7.650239467620849609e-01 -1.053517222404479980e+00 -1.747355163097381592e-01 2.713359892368316650e-01 -2.479820013046264648e+00 8.391209840774536133e-01 6.088435053825378418e-01 -2.218612730503082275e-01 7.974556088447570801e-01 -7.553983330726623535e-01 -3.733511269092559814e-01 2.360043525695800781e+00 -3.458151817321777344e-01 1.233833074569702148e+00 -6.747391819953918457e-01 -1.367737293243408203e+00 -9.024105668067932129e-01 -6.879474967718124390e-02 2.305537700653076172e+00 9.247171878814697266e-01 -2.222189307212829590e-01 -2.948296368122100830e-01 -5.269652009010314941e-01 -4.126938283443450928e-01 -1.194908261299133301e+00 -3.235804438591003418e-01 -4.163552224636077881e-01 4.853329062461853027e-01 1.989837646484375000e+00 8.222406506538391113e-01 -5.563868880271911621e-01 1.235156774520874023e+00 1.721666693687438965e+00 -5.225242376327514648e-01 -5.681963562965393066e-01 -5.256470292806625366e-02 -8.948209881782531738e-01 -8.797307014465332031e-01 1.593649148941040039e+00 -9.305659532546997070e-01 -2.938771247863769531e-01 1.831863999366760254e+00 -5.947715044021606445e-01 3.746338784694671631e-01 5.730557441711425781e-01 -5.571978688240051270e-01 5.749102234840393066e-01 5.392358899116516113e-01 8.877683877944946289e-01 -5.191478878259658813e-02 7.849321365356445312e-01 -1.140510559082031250e+00 -4.945516288280487061e-01 -8.432555794715881348e-01 -5.787682533264160156e-01 -1.222137928009033203e+00 9.863553047180175781e-01 4.029455780982971191e-01 1.507852435111999512e+00 4.560994803905487061e-01 -5.397120714187622070e-01 -4.377933144569396973e-01 4.546218812465667725e-01 -7.553379535675048828e-01
-7.063345909118652344e-01 -1.388867378234863281e+00 6.605748534202575684e-01 1.239357352256774902e+00 -2.431002616882324219e+00 2.522737681865692139e-01 1.331051707267761230e+00 -3.112714290618896484e-01 1.250275492668151855e+00 -7.334441542625427246e-01 -3.836522996425628662e-01 1.129954338073730469e+00 -4.478128850460052490e-01 1.547810912132263184e+00 -1.125917553901672363e+00 -8.493347764015197754e-01 -8.955972194671630859e-01 -6.672155857086181641e-01 9.121252298355102539e-01 8.366364240646362305e-01 -1.832681894302368164e-02 -4.702876210212707520e-01 -7.118948698043823242e-01 -4.981643557548522949e-01 -1.168851971626281738e+00 -3.398251831531524658e-01 -3.769358694553375244e-01 4.187925159931182861e-02 2.230987548828125000e+00 7.413678169250488281e-01 -5.561575889587402344e-01 9.952315688133239746e-01 1.880033850669860840e+00 -2.664762139320373535e-01 -4.754486680030822754e-01 -5.204043388366699219e-01 -1.161434888839721680e+00 -1.026897430419921875e+00 3.629698157310485840e-01 -8.444485664367675781e-01 -2.722236812114715576e-01 2.280000686645507812e+00 -3.237866759300231934e-01 6.473791003227233887e-01 9.392931461334228516e-01 -5.067723989486694336e-01 6.924827694892883301e-01 9.750301241874694824e-01 1.048834681510925293e+00 -1.534997522830963135e-01 1.093881368637084961e+00 -1.209176659584045410e+00 -3.469813764095306396e-01 -6.027849912643432617e-01 -6.735728383064270020e-01 -4.215562939643859863e-01 7.120453715324401855e-01 -2.368828803300857544e-01 1.776689767837524414e+00 1.215806484222412109e+00 -7.115733027458190918e-01 -3.827512264251708984e-01 4.464060068130493164e-01 -8.467150330543518066e-01
-8.271972537040710449e-01 -7.990545034408569336e-01 2.383125014603137970e-02 -7.505118250846862793e-01 -2.082299709320068359e+00 1.189370036125183105e+00 -6.825050711631774902e-01 3.883004784584045410e-01 2.855502963066101074e-01 -4.244121313095092773e-01 -1.048286631703376770e-01 3.085622310638427734e+00 -1.655849977396428585e-03 4.102774560451507568e-01 -8.186378329992294312e-02 -1.308296918869018555e+00 -5.327154397964477539e-01 7.785026431083679199e-01 3.708125591278076172e+00 7.400144934654235840e-01 4.776465147733688354e-02 -1.189338043332099915e-01 -6.435190439224243164e-01 -4.963296651840209961e-01 -6.690121889114379883e-01 -4.616847038269042969e-01 -9.317532181739807129e-02 1.131317496299743652e+00 1.015143394470214844e+00 6.781747937202453613e-01 -8.100355863571166992e-01 7.005980610847473145e-01 7.721189856529235840e-01 -6.327595710754394531e-01 -8.438141345977783203e-01 2.080893367528915405e-01 -2.625420093536376953e-01 -1.338518500328063965e+00 2.668803691864013672e+00 -3.226178884506225586e-01 -3.971017003059387207e-01 1.519963860511779785e+00 -1.105841517448425293e+00 -3.255647122859954834e-01 2.370659261941909790e-01 -4.186396300792694092e-01 2.222604602575302124e-01 4.661647602915763855e-02 3.730095624923706055e-01 4.019591212272644043e-02 -2.994272112846374512e-01 -2.276523411273956299e-01 -8.374752998352050781e-01 -2.117043435573577881e-01 -3.236191272735595703e-01 -1.103306412696838379e+00 6.135329008102416992e-01 1.185928225517272949e+00 6.045613884925842285e-01 -3.063263893127441406e-01 -7.078599929809570312e-01 -7.321152836084365845e-02 2.816639244556427002e-01 -8.221902251243591309e-01
-7.754084467887878418e-01 -1.180299282073974609e+00 2.317442297935485840e-01 1.078485846519470215e+00 -2.398442268371582031e+00 4.285834729671478271e-01 1.273723363876342773e+00 -1.729942113161087036e-01 1.204258084297180176e+00 -8.525043725967407227e-01 -4.779389202594757080e-01 1.660511255264282227e+00 -5.103816986083984375e-01 1.478739619255065918e+00 -8.850122094154357910e-01 -1.106113195419311523e+00 -7.600196003913879395e-01 -4.628931581974029541e-01 1.307493209838867188e+00 7.295467853546142578e-01 -1.885869801044464111e-01 -5.006887316703796387e-01 -7.857619524002075195e-01 -5.290087461471557617e-01 -1.326042056083679199e+00 -3.658924698829650879e-01 -4.943460226058959961e-01 6.237074360251426697e-02 2.187610626220703125e+00 7.589330077171325684e-01 -5.713521242141723633e-01 1.167200922966003418e+00 1.864343404769897461e+00 -3.213755786418914795e-01 -5.276964306831359863e-01 -3.963649570941925049e-01 -8.265709280967712402e-01 -1.041313529014587402e+00 6.068370342254638672e-01 -6.553339958190917969e-01 -2.033057510852813721e-01 1.972446799278259277e+00 -4.257881641387939453e-01 6.135643720626831055e-01 9.251985549926757812e-01 -6.655660867691040039e-01 6.850574612617492676e-01 1.025207996368408203e+00 1.057452082633972168e+00 -1.026095449924468994e-01 1.088511824607849121e+00 -1.201914548873901367e+00 -4.001023769378662109e-01 -7.864909172058105469e-01 -5.897469520568847656e-01 -8.079829216003417969e-01 9.627639651298522949e-01 -3.379989042878150940e-02 1.722519755363464355e+00 1.000840783119201660e+00 -7.985174059867858887e-01 -3.854683935642242432e-01 4.887986183166503906e-01 -8.513141274452209473e-01
-8.101108670234680176e-01 -1.291477084159851074e+00 2.145724743604660034e-01 1.201768159866333008e+00 -2.427097797393798828e+00 2.346837520599365234e-01 1.424419164657592773e+00 -1.351774483919143677e-01 1.381472826004028320e+00 -8.710263967514038086e-01 -3.324801921844482422e-01 1.006593942642211914e+00 -3.266795575618743896e-01 1.756957054138183594e+00 -8.242873549461364746e-01 -1.057217955589294434e+00 -7.580829262733459473e-01 -5.852144360542297363e-01 8.757480382919311523e-01 7.576830983161926270e-01 -6.493547558784484863e-02 -4.449969530105590820e-01 -7.849700450897216797e-01 -7.061686515808105469e-01 -1.138737678527832031e+00 -3.463950753211975098e-01 -5.723008513450622559e-01 8.402215689420700073e-02 2.371871471405029297e+00 6.402472257614135742e-01 -4.892996251583099365e-01 8.837563991546630859e-01 2.061042070388793945e+00 -2.694703340530395508e-01 -6.127405166625976562e-01 -4.542159140110015869e-01 -8.252555131912231445e-01 -1.016384005546569824e+00 3.012555241584777832e-01 -6.011037826538085938e-01 -2.036942392587661743e-01 2.015618324279785156e+00 -3.211907148361206055e-01 7.448819279670715332e-01 1.150584816932678223e+00 -6.930462121963500977e-01 7.736966609954833984e-01 1.019304156303405762e+00 9.507942795753479004e-01 -1.118006482720375061e-01 1.045878291130065918e+00 -1.213913917541503906e+00 -4.346025288105010986e-01 -6.636828184127807617e-01 -5.656956434249877930e-01 -7.376536726951599121e-01 8.438398838043212891e-01 -1.834846585988998413e-01 1.649763464927673340e+00 1.088681101799011230e+00 -9.122034311294555664e-01 -4.251500964164733887e-01 6.998692154884338379e-01 -8.217343688011169434e-01
-7.000187039375305176e-01 -1.248826503753662109e+00 3.308761119842529297e-01 9.670519828796386719e-01 -2.607738494873046875e+00 2.274895459413528442e-01 1.326316714286804199e+00 -5.400395765900611877e-02 1.207048296928405762e+00 -8.751949667930603027e-01 -1.160118356347084045e-01 1.770812749862670898e+00 -3.219497501850128174e-01 1.465639472007751465e+00 -7.645093202590942383e-01 -1.343751192092895508e+00 -8.169659972190856934e-01 -3.972973525524139404e-01 1.320890903472900391e+00 5.318409800529479980e-01 7.585585862398147583e-02 -2.030213773250579834e-01 -8.077211976051330566e-01 -7.707941532135009766e-01 -1.046072602272033691e+00 -3.001383244991302490e-01 -4.241501092910766602e-01 2.993866205215454102e-01 2.128349065780639648e+00 9.408987164497375488e-01 -5.348774194717407227e-01 1.011821150779724121e+00 1.845963954925537109e+00 -3.716100752353668213e-01 -1.160241603851318359e+00 -2.714503407478332520e-01 -5.603039264678955078e-01 -1.370190978050231934e+00 7.085039615631103516e-01 -4.681221842765808105e-01 -2.381880134344100952e-01 1.626993417739868164e+00 -5.187412500381469727e-01 5.967749357223510742e-01 7.086193561553955078e-01 -5.900131464004516602e-01 6.032435297966003418e-01 9.422045350074768066e-01 1.078808665275573730e+00 5.736849829554557800e-02 1.097206830978393555e+00 -7.335310578346252441e-01 -6.830480694770812988e-01 -6.261124610900878906e-01 -5.235716700553894043e-01 -6.569664478302001953e-01 8.991161584854125977e-01 -1.561448425054550171e-01 1.770015358924865723e+00 1.062243938446044922e+00 -1.206214547157287598e+00 -3.312141895294189453e-01 3.576899766921997070e-01 -1.017579197883605957e+00
-7.512900233268737793e-01 -1.344321250915527344e+00 2.101703733205795288e-01 1.006325006484985352e+00 -2.646487712860107422e+00 3.427309095859527588e-01 1.241752266883850098e+00 -1.850597858428955078e-01 1.029895424842834473e+00 -7.850666642189025879e-01 -3.944236338138580322e-01 1.699676275253295898e+00 -3.738641738891601562e-01 1.599966406822204590e+00 -9.073914289474487305e-01 -1.208115458488464355e+00 -9.227477908134460449e-01 -3.742471337318420410e-01 1.340685009956359863e+00 6.833865046501159668e-01 -9.965036064386367798e-02 -2.804974317550659180e-01 -6.375488638877868652e-01 -5.806409120559692383e-01 -1.121303319931030273e+00 -3.020274639129638672e-01 -5.101509094238281250e-01 1.262533664703369141e-01 2.127982854843139648e+00 8.449814319610595703e-01 -5.888893604278564453e-01 1.046154141426086426e+00 1.892393946647644043e+00 -3.913913369178771973e-01 -6.134657263755798340e-01 -4.318997561931610107e-01 -9.552153348922729492e-01 -9.367706775665283203e-01 6.402699947357177734e-01 -8.331273794174194336e-01 -3.831426203250885010e-01 1.877349495887756348e+00 -2.442368417978286743e-01 6.376917958259582520e-01 8.082379698753356934e-01 -6.438258886337280273e-01 7.325554490089416504e-01 8.340485692024230957e-01 1.085090279579162598e+00 -1.988192349672317505e-01 1.218880176544189453e+00 -1.159905314445495605e+00 -2.852135300636291504e-01 -7.676066756248474121e-01 -5.811544060707092285e-01 -7.810649275779724121e-01 1.025267243385314941e+00 -1.123105883598327637e-01 1.731978893280029297e+00 1.016454219818115234e+00 -6.801458001136779785e-01 -2.244458496570587158e-01 3.904691934585571289e-01 -7.837125062942504883e-01
-7.347761392593383789e-01 -1.200621604919433594e+00 2.477563172578811646e-02 5.596143007278442383e-01 -2.500054121017456055e+00 9.333053827285766602e-01 6.277661919593811035e-01 -2.066515833139419556e-01 8.577892184257507324e-01 -6.679184436798095703e-01 -3.313208222389221191e-01 2.303498983383178711e+00 -3.612024784088134766e-01 1.282765507698059082e+00 -7.103097438812255859e-01 -1.107931613922119141e+00 -9.936402440071105957e-01 -1.344934254884719849e-01 2.081224441528320312e+00 9.461559653282165527e-01 -1.917684823274612427e-01 -3.700554072856903076e-01 -5.981611013412475586e-01 -4.221593737602233887e-01 -1.211560130119323730e+00 -4.230786561965942383e-01 -3.552539050579071045e-01 4.311247169971466064e-01 1.903805017471313477e+00 8.437787294387817383e-01 -5.515963435173034668e-01 1.369733572006225586e+00 1.595197319984436035e+00 -5.795089006423950195e-01 -4.976305365562438965e-01 -2.129220962524414062e-01 -1.046299457550048828e+00 -9.395529031753540039e-01 1.374626040458679199e+00 -9.342781305313110352e-01 -2.933033108711242676e-01 1.962796688079833984e+00 -6.002457141876220703e-01 2.682615518569946289e-01 6.051281094551086426e-01 -5.066616535186767578e-01 4.887148737907409668e-01 7.009473443031311035e-01 8.219977617263793945e-01 -1.192029491066932678e-01 1.071404099464416504e+00 -1.258653283119201660e+00 -4.807121157646179199e-01 -7.790181636810302734e-01 -6.191635727882385254e-01 -1.089791655540466309e+00 9.658088088035583496e-01 1.949747502803802490e-01 1.579310774803161621e+00 7.345811128616333008e-01 -5.487559437751770020e-01 -3.319735825061798096e-01 2.967662811279296875e-01 -7.744295001029968262e-01
-8.232119679450988770e-01 -1.147618889808654785e+00 3.191450238227844238e-01 8.864474892616271973e-01 -2.560176372528076172e+00 2.165284603834152222e-01 1.211127877235412598e+00 -3.927023708820343018e-02 1.214422941207885742e+00 -8.498148918151855469e-01 -4.330589771270751953e-01 1.398021697998046875e+00 -4.032804965972900391e-01 1.518480658531188965e+00 -7.943942546844482422e-01 -1.219209313392639160e+00 -6.827286481857299805e-01 -3.881668150424957275e-01 1.336753606796264648e+00 6.968454122543334961e-01 -6.872634589672088623e-02 -5.484145879745483398e-01 -8.604174852371215820e-01 -6.808271408081054688e-01 -1.179862737655639648e+00 -3.222289979457855225e-01 -5.798138976097106934e-01 2.131521105766296387e-01 2.319480657577514648e+00 8.610087037086486816e-01 -4.376311302185058594e-01 1.080862641334533691e+00 2.006599187850952148e+00 -1.883095204830169678e-01 -7.447153329849243164e-01 -3.313428759574890137e-01 -6.229715347290039062e-01 -1.182675123214721680e+00 7.118139266967773438e-01 -6.087942123413085938e-01 -1.278036236763000488e-01 1.972106695175170898e+00 -5.681763291358947754e-01 7.005069255828857422e-01 8.351544141769409180e-01 -6.809461712837219238e-01 7.152547240257263184e-01 7.890005111694335938e-01 1.015473365783691406e+00 -3.599236905574798584e-02 1.112667798995971680e+00 -1.069684982299804688e+00 -4.962686896324157715e-01 -7.191438078880310059e-01 -5.792616009712219238e-01 -7.693808674812316895e-01 8.713793158531188965e-01 -3.098930418491363525e-02 1.696247339248657227e+00 1.008628368377685547e+00 -9.584033489227294922e-01 -4.262084960937500000e-01 4.751187562942504883e-01 -8.516761064529418945e-01
-8.052709102630615234e-01 -8.338198065757751465e-01 -6.319524347782135010e-02 -5.526791810989379883e-01 -2.244400978088378906e+00 1.244925618171691895e+00 -1.578640192747116089e-01 1.278894096612930298e-01 4.806934595108032227e-01 -7.508211135864257812e-01 -2.695760726928710938e-01 2.931008338928222656e+00 1.562763378024101257e-02 6.041378974914550781e-01 -3.584380745887756348e-01 -1.157460212707519531e+00 -8.989589214324951172e-01 5.500144958496093750e-01 3.402652025222778320e+00 9.323017597198486328e-01 -7.532876729965209961e-02 -1.253648698329925537e-01 -4.871829152107238770e-01 -3.439780175685882568e-01 -6.433450579643249512e-01 -2.955580353736877441e-01 -2.519406080245971680e-01 9.872117638587951660e-01 1.511901021003723145e+00 6.724341511726379395e-01 -7.269304990768432617e-01 7.311805486679077148e-01 1.174916625022888184e+00 -5.587874650955200195e-01 -6.161109209060668945e-01 2.006052583456039429e-01 -4.236982762813568115e-01 -1.228991866111755371e+00 2.417412757873535156e+00 -6.076301336288452148e-01 -2.672792077064514160e-01 1.664049744606018066e+00 -9.259431958198547363e-01 -3.508781790733337402e-01 4.103931784629821777e-01 -4.458944201469421387e-01 5.848924517631530762e-01 1.943027675151824951e-01 5.367128252983093262e-01 8.367270231246948242e-02 -1.259549111127853394e-01 -5.946816205978393555e-01 -6.089131236076354980e-01 -3.818718791007995605e-01 -3.328034579753875732e-01 -1.655590534210205078e+00 3.819926381111145020e-01 1.044635176658630371e+00 9.155111908912658691e-01 -4.108120501041412354e-01 -6.576024293899536133e-01 -4.240566790103912354e-01 3.027513623237609863e-01 -8.158730864524841309e-01
-1.112617015838623047e+00 -7.243936657905578613e-01 6.004788726568222046e-02 -3.764859735965728760e-01 -2.249868392944335938e+00 1.355460524559020996e+00 -9.925378113985061646e-02 2.503415644168853760e-01 4.786972403526306152e-01 -7.534019351005554199e-01 -3.479202985763549805e-01 2.821820020675659180e+00 -5.296485871076583862e-02 6.927084922790527344e-01 -2.579716444015502930e-01 -1.249246358871459961e+00 -7.720174789428710938e-01 6.320880055427551270e-01 3.310062646865844727e+00 7.813052535057067871e-01 -1.300641149282455444e-01 -2.649492621421813965e-01 -6.340417265892028809e-01 -7.271239757537841797e-01 -6.743385195732116699e-01 -2.392731755971908569e-01 -3.024851083755493164e-01 9.407603740692138672e-01 1.482742905616760254e+00 6.370074748992919922e-01 -6.950575709342956543e-01 6.549119949340820312e-01 1.178195357322692871e+00 -4.252054095268249512e-01 -7.545158863067626953e-01 1.525838673114776611e-01 -2.461875975131988525e-01 -1.436781287193298340e+00 2.286417961120605469e+00 -3.575023114681243896e-01 -3.178485631942749023e-01 1.716581583023071289e+00 -9.408376216888427734e-01 -3.235339820384979248e-01 5.823789834976196289e-01 -5.148921608924865723e-01 5.655290484428405762e-01 1.958876103162765503e-01 5.082368850708007812e-01 3.963058069348335266e-02 -5.201336368918418884e-02 -6.456205248832702637e-01 -7.360419034957885742e-01 -2.851573526859283447e-01 -4.432640969753265381e-01 -1.416671395301818848e+00 6.052834987640380859e-01 1.162854909896850586e+00 6.550750136375427246e-01 -1.966536641120910645e-01 -6.677487492561340332e-01 -6.516374647617340088e-02 5.089538693428039551e-01 -1.010591745376586914e+00
-7.043595314025878906e-01 -5.926184654235839844e-01 3.437891602516174316e-02 -8.685926795005798340e-01 -1.947515726089477539e+00 1.279881954193115234e+00 -6.982111930847167969e-01 4.648158848285675049e-01 1.387699991464614868e-01 -3.539174199104309082e-01 -1.297798901796340942e-01 3.010274171829223633e+00 1.882923394441604614e-02 4.306724369525909424e-01 -2.106438577175140381e-01 -1.092153429985046387e+00 -7.083863615989685059e-01 8.532993197441101074e-01 3.779944181442260742e+00 9.246012568473815918e-01 -8.542258292436599731e-02 -3.208107873797416687e-02 -4.172971546649932861e-01 -2.170959711074829102e-01 -3.633663654327392578e-01 -3.925252258777618408e-01 -2.747230231761932373e-01 1.133841395378112793e+00 1.107521295547485352e+00 2.684765458106994629e-01 -7.625519633293151855e-01 5.078194737434387207e-01 7.285078763961791992e-01 -8.064683675765991211e-01 -3.856844604015350342e-01 8.243080973625183105e-02 -1.419083178043365479e-01 -1.219140052795410156e+00 2.782925367355346680e+00 -3.087784051895141602e-01 -4.046188294887542725e-01 1.479779720306396484e+00 -1.116760969161987305e+00 -6.346542239189147949e-01 3.079813718795776367e-01 -3.931682109832763672e-01 3.428834676742553711e-01 5.972799286246299744e-02 2.642548978328704834e-01 2.690075151622295380e-02 -6.175735592842102051e-01 -2.909399867057800293e-01 -6.847413182258605957e-01 -2.724943459033966064e-01 -5.101848244667053223e-01 -1.666111111640930176e+00 3.594795465469360352e-01 1.485880613327026367e+00 3.884504735469818115e-01 -7.040347456932067871e-01 -5.495365858078002930e-01 -2.738498849794268608e-03 2.951497137546539307e-01 -6.887319087982177734e-01
-8.664547204971313477e-01 -8.452963829040527344e-01 3.913267701864242554e-02 -4.103600084781646729e-01 -2.480283021926879883e+00 9.156770706176757812e-01 1.365000158548355103e-01 4.002432525157928467e-02 6.560355424880981445e-01 -7.307362556457519531e-01 -1.922069042921066284e-01 2.558879613876342773e+00 -6.443215068429708481e-03 7.296937704086303711e-01 -4.074351787567138672e-01 -1.316465258598327637e+00 -8.154780864715576172e-01 3.641642332077026367e-01 3.088053703308105469e+00 9.708083271980285645e-01 -1.046228110790252686e-01 -1.810190826654434204e-01 -5.574879646301269531e-01 -3.822940587997436523e-01 -4.989170134067535400e-01 -3.101402223110198975e-01 -4.772946238517761230e-01 1.256063103675842285e+00 1.776026487350463867e+00 4.595040977001190186e-01 -5.938773155212402344e-01 6.324968338012695312e-01 1.157359600067138672e+00 -6.079582571983337402e-01 -6.047505736351013184e-01 1.365777254104614258e-01 -3.313927054405212402e-01 -1.308501482009887695e+00 2.223049163818359375e+00 -6.487419605255126953e-01 -3.627837598323822021e-01 1.788959622383117676e+00 -7.875155806541442871e-01 -3.233048021793365479e-01 4.961518347263336182e-01 -3.727259039878845215e-01 5.504747033119201660e-01 4.689802527427673340e-01 7.682049870491027832e-01 1.039279699325561523e-01 1.752218417823314667e-02 -5.529230237007141113e-01 -7.259923815727233887e-01 -5.655657649040222168e-01 -5.087762475013732910e-01 -1.828213095664978027e+00 5.626813769340515137e-01 1.147669553756713867e+00 1.118824362754821777e+00 -1.955126523971557617e-01 -7.318967580795288086e-01 -3.979992270469665527e-01 3.752477765083312988e-01 -7.785469293594360352e-01
-9.134582877159118652e-01 -1.159729599952697754e+00 -2.798161655664443970e-02 4.670647382736206055e-01 -2.733294010162353516e+00 8.364492058753967285e-01 8.499712347984313965e-01 -2.579885348677635193e-02 9.861192703247070312e-01 -8.798484802246093750e-01 -1.574240028858184814e-01 2.373586893081665039e+00 -4.268195033073425293e-01 1.212233901023864746e+00 -7.837356925010681152e-01 -1.214982986450195312e+00 -9.108199477195739746e-01 1.519797891378402710e-01 2.099525928497314453e+00 6.910046339035034180e-01 -1.617290973663330078e-01 -3.225350081920623779e-01 -5.501217842102050781e-01 -5.305905342102050781e-01 -8.054921627044677734e-01 -3.038510382175445557e-01 -4.676807820796966553e-01 4.134508967399597168e-01 1.931242108345031738e+00 9.735999703407287598e-01 -5.638053417205810547e-01 1.119230151176452637e+00 1.638833284378051758e+00 -2.653793692588806152e-01 -6.349594593048095703e-01 -1.403756439685821533e-01 -5.531072020530700684e-01 -1.491192460060119629e+00 1.331978201866149902e+00 -4.644290506839752197e-01 -2.441336512565612793e-01 1.817438840866088867e+00 -5.438994169235229492e-01 1.172416582703590393e-01 5.808661580085754395e-01 -6.324823498725891113e-01 5.740632414817810059e-01 5.726366639137268066e-01 9.234899878501892090e-01 -4.112300276756286621e-02 1.016817450523376465e+00 -8.537971377372741699e-01 -6.204591989517211914e-01 -5.588734745979309082e-01 -4.638204872608184814e-01 -1.297470808029174805e+00 8.109588623046875000e-01 2.380539178848266602e-01 1.569649100303649902e+00 5.318778157234191895e-01 -9.666865468025207520e-01 -3.289357721805572510e-01 3.085788786411285400e-01 -1.018092989921569824e+00
-9.769151806831359863e-01 -1.174046874046325684e+00 4.696388840675354004e-01 4.388778209686279297e-01 -2.649034976959228516e+00 5.883693099021911621e-01 6.705876588821411133e-01 1.303605586290359497e-01 1.212362647056579590e+00 -7.802078127861022949e-01 -3.499875366687774658e-01 2.155261516571044922e+00 -3.523903787136077881e-01 1.315300107002258301e+00 -8.587190508842468262e-01 -1.250274062156677246e+00 -9.812211394309997559e-01 3.207658827304840088e-01 2.257757663726806641e+00 7.745552062988281250e-01 1.804308146238327026e-01 -3.485350012779235840e-01 -6.316381692886352539e-01 -6.791384220123291016e-01 -6.916123628616333008e-01 -2.866056561470031738e-01 -4.682395160198211670e-01 8.739165663719177246e-01 1.804815888404846191e+00 6.823498010635375977e-01 -7.539305090904235840e-01 6.720970869064331055e-01 1.797718048095703125e+00 -3.747644722461700439e-01 -7.428308725357055664e-01 -1.351088136434555054e-01 -6.413807272911071777e-01 -1.464943289756774902e+00 1.453851819038391113e+00 -6.630545854568481445e-01 -4.786149859428405762e-01 2.029960393905639648e+00 -8.063752055168151855e-01 1.819870173931121826e-01 8.885092735290527344e-01 -5.669941306114196777e-01 7.163733243942260742e-01 6.068574190139770508e-01 4.810468554496765137e-01 -7.853780686855316162e-02 2.413346767425537109e-01 -7.896483540534973145e-01 -5.828158259391784668e-01 -5.225343108177185059e-01 -1.832485795021057129e-01 -9.599409699440002441e-01 7.441432476043701172e-01 7.155954241752624512e-01 1.189858436584472656e+00 6.427809596061706543e-01 -1.124461770057678223e+00 -5.198908448219299316e-01 5.673176050186157227e-01 -8.683705329895019531e-01
-8.794714212417602539e-01 -9.395705461502075195e-01 -2.140652015805244446e-02 -3.763396739959716797e-01 -2.129296779632568359e+00 1.604918837547302246e+00 -2.076401859521865845e-01 -9.177026338875293732e-03 3.271293938159942627e-01 -4.104432761669158936e-01 -6.112483143806457520e-01 2.959147691726684570e+00 -1.803893446922302246e-01 7.906614542007446289e-01 -4.240471720695495605e-01 -1.203683733940124512e+00 -9.338403344154357910e-01 5.037900209426879883e-01 3.291641950607299805e+00 9.464364647865295410e-01 -2.968699336051940918e-01 -2.406941056251525879e-01 -4.288030862808227539e-01 -1.828938573598861694e-01 -9.397946000099182129e-01 -2.356959879398345947e-01 -3.505418002605438232e-01 8.222722411155700684e-01 1.537451863288879395e+00 4.715515673160552979e-01 -5.563279390335083008e-01 9.563033580780029297e-01 1.098936557769775391e+00 -4.636024236679077148e-01 -2.438867092132568359e-01 1.463608890771865845e-01 -1.028180837631225586e+00 -6.884914040565490723e-01 2.069135665893554688e+00 -9.791492819786071777e-01 -3.232637643814086914e-01 1.929321527481079102e+00 -8.620328307151794434e-01 -3.038662075996398926e-01 4.917291104793548584e-01 -4.351436793804168701e-01 5.895600318908691406e-01 2.425659447908401489e-01 5.028753876686096191e-01 -2.034328579902648926e-01 1.063385680317878723e-01 -1.053709030151367188e+00 -3.560196757316589355e-01 -5.871017575263977051e-01 -4.864404499530792236e-01 -1.492041110992431641e+00 5.773479938507080078e-01 1.121691465377807617e+00 7.983903884887695312e-01 -2.499249875545501709e-01 -1.410587430000305176e-01 -4.507527053356170654e-01 4.961528182029724121e-01 -7.242985367774963379e-01
-7.375084161758422852e-01 -9.227799773216247559e-01 7.334154844284057617e-02 -2.584961652755737305e-01 -2.267613410949707031e+00 1.133690118789672852e+00 -6.690993905067443848e-02 3.223054111003875732e-01 7.622902989387512207e-01 -7.478296160697937012e-01 -1.877496838569641113e-01 2.671553611755371094e+00 -1.308356374502182007e-01 7.166982293128967285e-01 -3.511348664760589600e-01 -1.382412075996398926e+00 -7.321263551712036133e-01 4.934671521186828613e-01 3.175988674163818359e+00 9.155642986297607422e-01 8.790478855371475220e-02 -1.458343565464019775e-01 -6.429157853126525879e-01 -5.193326473236083984e-01 -7.578007578849792480e-01 -2.690082192420959473e-01 -3.105835318565368652e-01 9.968792200088500977e-01 1.684723496437072754e+00 6.710689663887023926e-01 -7.265713214874267578e-01 7.849137187004089355e-01 1.216015815734863281e+00 -5.130268335342407227e-01 -9.547017812728881836e-01 1.674259603023529053e-01 -3.583282232284545898e-01 -1.510006785392761230e+00 2.186017513275146484e+00 -4.364910125732421875e-01 -3.065421581268310547e-01 1.854095935821533203e+00 -9.538651108741760254e-01 -2.920145392417907715e-01 3.742063045501708984e-01 -5.379045009613037109e-01 5.235604643821716309e-01 2.676324546337127686e-01 6.097454428672790527e-01 1.160934567451477051e-01 7.652580738067626953e-02 -3.785844743251800537e-01 -8.329670429229736328e-01 -4.933232963085174561e-01 -3.946163356304168701e-01 -1.449277043342590332e+00 4.462071955204010010e-01 9.331731200218200684e-01 9.807985424995422363e-01 -1.854205578565597534e-01 -8.552986979484558105e-01 -3.697718083858489990e-01 3.836346864700317383e-01 -8.725082874298095703e-01
-1.070865869522094727e+00 -5.886688232421875000e-01 1.823957711458206177e-01 -5.478392839431762695e-01 -2.234561681747436523e+00 1.202590703964233398e+00 -3.674668669700622559e-01 3.012718558311462402e-01 5.329411029815673828e-01 -6.184695363044738770e-01 -3.794102966785430908e-01 2.816423416137695312e+00 6.117067113518714905e-02 6.343951225280761719e-01 -1.269291490316390991e-01 -1.273599147796630859e+00 -6.551508307456970215e-01 5.720599293708801270e-01 3.348542213439941406e+00 7.015679478645324707e-01 -1.727575659751892090e-01 -2.932408154010772705e-01 -6.609566211700439453e-01 -7.696367502212524414e-01 -5.196295976638793945e-01 -2.605825960636138916e-01 -3.285135626792907715e-01 1.119512438774108887e+00 1.444210052490234375e+00 5.116186141967773438e-01 -5.774458050727844238e-01 4.495135545730590820e-01 1.048166990280151367e+00 -4.491202831268310547e-01 -7.753348946571350098e-01 3.389351963996887207e-01 -1.025409623980522156e-01 -1.483698964118957520e+00 2.342647552490234375e+00 -4.027885198593139648e-01 -3.166425228118896484e-01 1.647137403488159180e+00 -1.139312982559204102e+00 -4.005572795867919922e-01 6.078257560729980469e-01 -4.297633767127990723e-01 5.843874812126159668e-01 2.608819007873535156e-01 2.890404760837554932e-01 2.279736548662185669e-01 -3.877750039100646973e-01 -4.609646499156951904e-01 -7.798752784729003906e-01 -3.798742592334747314e-01 -3.432521224021911621e-01 -1.464803814888000488e+00 4.810679852962493896e-01 1.488449096679687500e+00 5.736641287803649902e-01 -2.036239057779312134e-01 -7.088487148284912109e-01 -2.050143927335739136e-01 6.273095011711120605e-01 -9.092873930931091309e-01
-8.066972494125366211e-01 -9.535034298896789551e-01 -7.541140913963317871e-02 -4.830618500709533691e-01 -2.185698747634887695e+00 1.095249533653259277e+00 -8.220703154802322388e-02 1.624729335308074951e-01 5.946394801139831543e-01 -7.693924903869628906e-01 -4.066289588809013367e-02 2.933365583419799805e+00 -8.482166565954685211e-03 6.183749437332153320e-01 -2.627433240413665771e-01 -1.226335525512695312e+00 -9.351796507835388184e-01 5.728976726531982422e-01 3.223600864410400391e+00 9.416594505310058594e-01 -7.977586984634399414e-02 -1.568561643362045288e-01 -4.171096384525299072e-01 -2.983477413654327393e-01 -7.293894886970520020e-01 -2.950173020362854004e-01 -3.077502250671386719e-01 1.030599832534790039e+00 1.535409688949584961e+00 7.228785157203674316e-01 -7.727383971214294434e-01 8.597757816314697266e-01 1.150928735733032227e+00 -5.150101184844970703e-01 -6.926571130752563477e-01 2.365395277738571167e-01 -2.981890141963958740e-01 -1.424274444580078125e+00 2.398622274398803711e+00 -3.965725600719451904e-01 -1.624798476696014404e-01 1.507969498634338379e+00 -9.205142259597778320e-01 -4.202727377414703369e-01 3.060875833034515381e-01 -3.663196265697479248e-01 3.921476006507873535e-01 2.011083066463470459e-01 6.189964413642883301e-01 2.183908075094223022e-01 -2.796960808336734772e-02 -4.331560432910919189e-01 -8.728786706924438477e-01 -4.385896623134613037e-01 -4.549153745174407959e-01 -1.618668079376220703e+00 4.438225626945495605e-01 1.040057063102722168e+00 1.047172546386718750e+00 -3.488749265670776367e-01 -8.631570935249328613e-01 -5.186108350753784180e-01 3.249274492263793945e-01 -8.597608804702758789e-01
-1.161368727684020996e+00 -7.822160720825195312e-01 7.897248864173889160e-02 -3.035649359226226807e-01 -2.269715309143066406e+00 1.052946329116821289e+00 -6.751237064599990845e-02 1.899960488080978394e-01 6.578373312950134277e-01 -7.826600670814514160e-01 -9.943014383316040039e-02 2.832663059234619141e+00 6.133516132831573486e-02 7.725207209587097168e-01 -1.965858042240142822e-01 -1.431393980979919434e+00 -7.782934308052062988e-01 6.102284789085388184e-01 3.193139791488647461e+00 5.030248165130615234e-01 -3.678653389215469360e-02 -2.498437762260437012e-01 -6.233888268470764160e-01 -8.076120018959045410e-01 -6.196482777595520020e-01 -3.056856393814086914e-01 -2.149688303470611572e-01 1.174652934074401855e+00 1.275638580322265625e+00 7.019461393356323242e-01 -6.256715059280395508e-01 6.458733081817626953e-01 1.354410052299499512e+00 -4.511431455612182617e-01 -1.069536089897155762e+00 3.808620274066925049e-01 -1.872598528861999512e-01 -1.517766237258911133e+00 2.218890666961669922e+00 -4.057542085647583008e-01 -2.930580377578735352e-01 1.566089153289794922e+00 -1.088791847229003906e+00 -1.515943855047225952e-01 5.627174973487854004e-01 -3.719092011451721191e-01 5.452616214752197266e-01 2.308544963598251343e-01 3.899591267108917236e-01 4.165277257561683655e-02 -8.238936960697174072e-02 -6.341607570648193359e-01 -8.078303337097167969e-01 -4.444328248500823975e-01 -1.584089696407318115e-01 -1.225668191909790039e+00 6.012864112854003906e-01 1.033206343650817871e+00 8.438564538955688477e-01 -2.429478336125612259e-03 -8.113656640052795410e-01 -4.185031652450561523e-01 7.213871479034423828e-01 -1.010763525962829590e+00
-1.127773284912109375e+00 -9.500647187232971191e-01 -4.015835467725992203e-03 -2.392960041761398315e-01 -2.311348676681518555e+00 1.291851758956909180e+00 2.487059980630874634e-01 3.005261532962322235e-02 5.791789293289184570e-01 -9.662592411041259766e-01 -4.678144752979278564e-01 2.748221158981323242e+00 -1.378678828477859497e-01 9.098167419433593750e-01 -5.420877933502197266e-01 -1.207121610641479492e+00 -8.715575337409973145e-01 4.817994534969329834e-01 2.918293237686157227e+00 8.358421921730041504e-01 -1.080560684204101562e-01 -2.882458567619323730e-01 -7.174755930900573730e-01 -6.243462562561035156e-01 -9.077610373497009277e-01 -1.133444830775260925e-01 -4.815229177474975586e-01 5.532043576240539551e-01 1.603637337684631348e+00 1.067892313003540039e+00 -6.655911207199096680e-01 8.658471703529357910e-01 1.353206753730773926e+00 -2.785797715187072754e-01 -8.203996419906616211e-01 -5.714449286460876465e-02 -5.292142033576965332e-01 -1.226855039596557617e+00 2.066262960433959961e+00 -4.836819171905517578e-01 -2.853450179100036621e-01 1.889244914054870605e+00 -5.882979631423950195e-01 -8.339188247919082642e-02 5.858498215675354004e-01 -6.450596451759338379e-01 6.322316527366638184e-01 2.529558539390563965e-01 7.077911496162414551e-01 -1.223669424653053284e-01 4.189271926879882812e-01 -8.628650307655334473e-01 -5.427042841911315918e-01 -3.426043987274169922e-01 -6.032324433326721191e-01 -1.247390508651733398e+00 8.226675987243652344e-01 8.055261373519897461e-01 1.051686763763427734e+00 4.141979292035102844e-02 -5.609142184257507324e-01 -4.283138737082481384e-02 3.087280094623565674e-01 -1.046845197677612305e+00
-8.079172968864440918e-01 -1.189286112785339355e+00 1.815058887004852295e-01 9.131373763084411621e-01 -2.588354587554931641e+00 2.035631984472274780e-01 1.281656622886657715e+00 -9.343197196722030640e-02 1.405502796173095703e+00 -9.585703015327453613e-01 -4.471114277839660645e-02 1.416552901268005371e+00 -3.483614921569824219e-01 1.452119350433349609e+00 -8.242371082305908203e-01 -1.248522639274597168e+00 -8.642318248748779297e-01 -3.954800069332122803e-01 1.214506983757019043e+00 7.359575033187866211e-01 2.557837404310703278e-02 -2.792379856109619141e-01 -6.942681074142456055e-01 -7.669164538383483887e-01 -8.182736635208129883e-01 -3.423475623130798340e-01 -4.392810165882110596e-01 4.268660247325897217e-01 2.310136318206787109e+00 8.436592817306518555e-01 -6.526507139205932617e-01 8.595768809318542480e-01 1.923194646835327148e+00 -3.407337665557861328e-01 -9.119937419891357422e-01 -2.547526359558105469e-01 -4.893983602523803711e-01 -1.527151823043823242e+00 7.707613110542297363e-01 -4.885065257549285889e-01 -2.016298621892929077e-01 1.817886233329772949e+00 -3.410334289073944092e-01 5.443211793899536133e-01 7.945401072502136230e-01 -5.625914335250854492e-01 7.529338002204895020e-01 8.613021373748779297e-01 1.042409300804138184e+00 4.889703914523124695e-02 9.754843711853027344e-01 -7.619495391845703125e-01 -7.563715577125549316e-01 -5.665537118911743164e-01 -4.357550740242004395e-01 -9.286676049232482910e-01 8.126852512359619141e-01 -7.992452383041381836e-02 1.817887067794799805e+00 8.974905610084533691e-01 -1.260342717170715332e+00 -4.664339423179626465e-01 5.135462880134582520e-01 -1.001781821250915527e+00
-8.929675817489624023e-01 -6.785508394241333008e-01 1.513516809791326523e-02 -5.432429909706115723e-01 -2.152548789978027344e+00 1.159271717071533203e+00 -4.618962109088897705e-02 3.203619420528411865e-01 4.670731127262115479e-01 -7.261594533920288086e-01 -3.045265078544616699e-01 2.970935583114624023e+00 -3.561087697744369507e-02 5.632979273796081543e-01 -2.863506972789764404e-01 -1.407214522361755371e+00 -6.951438188552856445e-01 5.773847103118896484e-01 3.279607057571411133e+00 8.145018815994262695e-01 -1.087817549705505371e-01 -2.181361913681030273e-01 -6.317767500877380371e-01 -6.382763385772705078e-01 -7.120021581649780273e-01 -2.571465671062469482e-01 -2.960669398307800293e-01 8.923082947731018066e-01 1.515115499496459961e+00 7.454544901847839355e-01 -6.518360376358032227e-01 7.676020860671997070e-01 1.134784579277038574e+00 -4.438390433788299561e-01 -8.996778726577758789e-01 3.563140332698822021e-01 -1.786918342113494873e-01 -1.458549380302429199e+00 2.479890108108520508e+00 -2.474786639213562012e-01 -2.738122344017028809e-01 1.524220705032348633e+00 -1.000229954719543457e+00 -3.989427089691162109e-01 2.328660190105438232e-01 -5.663608312606811523e-01 4.698438644409179688e-01 2.020165026187896729e-01 5.005099177360534668e-01 1.554670333862304688e-01 -8.603131026029586792e-02 -2.790605723857879639e-01 -8.543428182601928711e-01 -3.930321037769317627e-01 -5.109598636627197266e-01 -1.400586724281311035e+00 5.934426188468933105e-01 1.131989717483520508e+00 7.630488872528076172e-01 -1.845125257968902588e-01 -8.401138782501220703e-01 -8.633853495121002197e-02 4.024996161460876465e-01 -9.536270499229431152e-01
-8.810836672782897949e-01 -1.082941889762878418e+00 2.119097560644149780e-01 3.630953431129455566e-01 -2.624818563461303711e+00 6.440051794052124023e-01 4.980828762054443359e-01 -2.843080554157495499e-03 1.039814829826354980e+00 -8.496288061141967773e-01 -1.456665843725204468e-01 2.341050624847412109e+00 -1.970816850662231445e-01 1.253751516342163086e+00 -4.924362897872924805e-01 -1.262645006179809570e+00 -7.904094457626342773e-01 5.823222547769546509e-02 2.329285144805908203e+00 7.324929237365722656e-01 -9.355495683848857880e-03 -2.694175839424133301e-01 -7.801399827003479004e-01 -7.234159708023071289e-01 -8.621677160263061523e-01 -4.261089563369750977e-01 -3.242698013782501221e-01 7.554094195365905762e-01 1.898999571800231934e+00 8.444598913192749023e-01 -7.570797801017761230e-01 8.027347922325134277e-01 1.776671886444091797e+00 -4.997984170913696289e-01 -9.594485163688659668e-01 -2.805304899811744690e-02 -5.094973444938659668e-01 -1.513592243194580078e+00 1.508801460266113281e+00 -5.447291731834411621e-01 -3.735485374927520752e-01 1.802982211112976074e+00 -8.660975694656372070e-01 3.234084546566009521e-01 7.708598375320434570e-01 -5.807107686996459961e-01 6.402915716171264648e-01 5.826028585433959961e-01 6.598203182220458984e-01 8.683697879314422607e-02 4.642098546028137207e-01 -7.948960661888122559e-01 -6.709465980529785156e-01 -5.914421081542968750e-01 -3.302949070930480957e-01 -1.010177135467529297e+00 7.931280732154846191e-01 5.182825922966003418e-01 1.360317826271057129e+00 5.830891728401184082e-01 -1.154518723487854004e+00 -3.720339536666870117e-01 6.013761162757873535e-01 -8.916168212890625000e-01
-1.011251091957092285e+00 -7.876977324485778809e-01 -6.314525753259658813e-02 -1.020484447479248047e+00 -1.839291691780090332e+00 1.516966223716735840e+00 -3.933068811893463135e-01 2.777821123600006104e-01 2.231054008007049561e-02 -5.317142605781555176e-01 -5.720065236091613770e-01 3.073122262954711914e+00 2.192188203334808350e-01 2.393045127391815186e-01 -2.226662784814834595e-01 -1.177690982818603516e+00 -7.039500474929809570e-01 7.705336809158325195e-01 3.760279655456542969e+00 9.704345464706420898e-01 -2.077804952859878540e-01 -1.110713109374046326e-01 -6.462604403495788574e-01 -3.440093994140625000e-01 -7.634227871894836426e-01 -1.103435978293418884e-01 -3.928872942924499512e-01 8.845574259757995605e-01 1.007887482643127441e+00 7.458220124244689941e-01 -5.908682942390441895e-01 8.510040640830993652e-01 8.478305935859680176e-01 -5.356888771057128906e-01 -5.230938792228698730e-01 1.496844142675399780e-01 -3.283303081989288330e-01 -8.558147549629211426e-01 2.646618366241455078e+00 -4.112645089626312256e-01 -2.260669767856597900e-01 1.536457538604736328e+00 -1.013721108436584473e+00 -5.348294973373413086e-01 2.354918718338012695e-01 -4.345472455024719238e-01 4.022953510284423828e-01 2.101952768862247467e-02 5.044031739234924316e-01 -2.120276726782321930e-02 -2.055427581071853638e-01 -6.770969033241271973e-01 -5.705012679100036621e-01 -2.693643569946289062e-01 -7.280322909355163574e-01 -1.299524188041687012e+00 5.896347165107727051e-01 1.355722308158874512e+00 4.715729951858520508e-01 -5.010061264038085938e-01 -2.771608233451843262e-01 4.940565675497055054e-02 1.712088584899902344e-01 -9.043077230453491211e-01
-6.703644990921020508e-01 -1.366562485694885254e+00 3.169772028923034668e-01 1.002789139747619629e+00 -2.435858964920043945e+00 3.653208017349243164e-01 1.231226682662963867e+00 -2.736690342426300049e-01 1.258435010910034180e+00 -7.452255487442016602e-01 -2.796412110328674316e-01 1.517183303833007812e+00 -4.467969834804534912e-01 1.654771566390991211e+00 -9.177151918411254883e-01 -1.016356229782104492e+00 -8.880404829978942871e-01 -4.825403392314910889e-01 1.364588737487792969e+00 8.741492033004760742e-01 -2.518245577812194824e-02 -3.727390766143798828e-01 -6.633403301239013672e-01 -4.316672980785369873e-01 -1.121262073516845703e+00 -4.385357499122619629e-01 -3.607929050922393799e-01 2.075086534023284912e-01 2.155017852783203125e+00 6.976113915443420410e-01 -6.437395215034484863e-01 9.878730773925781250e-01 2.037224769592285156e+00 -3.742907643318176270e-01 -5.057844519615173340e-01 -3.830060064792633057e-01 -1.075717449188232422e+00 -1.015544533729553223e+00 5.707597732543945312e-01 -9.492293000221252441e-01 -3.081786334514617920e-01 2.081872701644897461e+00 -3.934072852134704590e-01 6.428785920143127441e-01 8.861764073371887207e-01 -5.299307107925415039e-01 6.983013749122619629e-01 9.201056361198425293e-01 8.000585436820983887e-01 -2.083054035902023315e-01 9.650035500526428223e-01 -1.249126672744750977e+00 -3.301400244235992432e-01 -7.468456625938415527e-01 -4.722946882247924805e-01 -7.882898449897766113e-01 7.539063692092895508e-01 -1.148427203297615051e-01 1.770718693733215332e+00 9.796621203422546387e-01 -8.987929224967956543e-01 -5.074816942214965820e-01 6.410471796989440918e-01 -7.837333679199218750e-01
-7.046905755996704102e-01 -1.026395678520202637e+00 -1.870401054620742798e-01 4.397010430693626404e-02 -2.210692167282104492e+00 1.009921431541442871e+00 4.961910843849182129e-01 -2.466692477464675903e-01 6.116377711296081543e-01 -7.078326344490051270e-01 -4.688070416450500488e-01 2.819165468215942383e+00 -2.885130941867828369e-01 9.942325353622436523e-01 -6.577941775321960449e-01 -1.316448926925659180e+00 -9.346424937248229980e-01 1.005373150110244751e-01 2.639455556869506836e+00 7.438104748725891113e-01 -2.304624766111373901e-01 -2.895030081272125244e-01 -5.818608403205871582e-01 -3.345289826393127441e-01 -1.276967644691467285e+00 -3.247420787811279297e-01 -2.831310033798217773e-01 3.661244511604309082e-01 1.775919675827026367e+00 1.004929423332214355e+00 -6.408563256263732910e-01 1.390794038772583008e+00 1.434831380844116211e+00 -6.140599250793457031e-01 -4.644536375999450684e-01 -5.440536513924598694e-02 -7.876824140548706055e-01 -9.077221751213073730e-01 1.799826025962829590e+00 -8.482199907302856445e-01 -2.706566154956817627e-01 1.681780457496643066e+00 -7.303203940391540527e-01 1.083933636546134949e-01 4.606429040431976318e-01 -6.227067708969116211e-01 5.949369668960571289e-01 4.413976967334747314e-01 9.849011898040771484e-01 -9.522233158349990845e-02 6.710686683654785156e-01 -1.146772980690002441e+00 -4.355306029319763184e-01 -7.001337409019470215e-01 -5.558971762657165527e-01 -1.281978487968444824e+00 9.322059750556945801e-01 5.655664801597595215e-01 1.572891235351562500e+00 3.067108392715454102e-01 -4.086073637008666992e-01 -3.004359602928161621e-01 2.546493411064147949e-01 -8.359897732734680176e-01
-8.147667646408081055e-01 -4.456924200057983398e-01 4.301403760910034180e-01 -9.283265471458435059e-01 -1.707372069358825684e+00 1.313413143157958984e+00 -1.051944613456726074e+00 4.972751736640930176e-01 2.238477021455764771e-01 -3.420465588569641113e-01 -3.295436501502990723e-01 2.763686895370483398e+00 1.480730921030044556e-01 2.496405541896820068e-01 8.423367142677307129e-02 -1.024727702140808105e+00 -5.224784016609191895e-01 9.563934803009033203e-01 3.787150621414184570e+00 8.732438087463378906e-01 -4.291744902729988098e-02 -2.321363836526870728e-01 -5.592299103736877441e-01 -4.353931844234466553e-01 -2.361872792243957520e-01 -2.644683718681335449e-01 -3.415458500385284424e-01 1.459596514701843262e+00 9.739640951156616211e-01 -6.355790048837661743e-02 -6.095945239067077637e-01 -1.408956944942474365e-02 3.648281693458557129e-01 -6.186835765838623047e-01 -4.396919310092926025e-01 2.818936109542846680e-01 -8.129256963729858398e-02 -1.089378714561462402e+00 2.629631757736206055e+00 -2.837393283843994141e-01 -4.982863664627075195e-01 1.583475112915039062e+00 -1.216195821762084961e+00 -7.759057283401489258e-01 5.942980051040649414e-01 -3.803263604640960693e-01 4.320122897624969482e-01 2.127737700939178467e-01 -6.345500797033309937e-02 1.274457126855850220e-01 -1.110721468925476074e+00 -1.998302638530731201e-01 -6.036698818206787109e-01 -1.613128930330276489e-01 -4.454208612442016602e-01 -1.571866869926452637e+00 1.113853901624679565e-01 2.037214994430541992e+00 -1.631629914045333862e-01 -8.141030669212341309e-01 -4.771125316619873047e-01 -1.058206856250762939e-01 5.898512005805969238e-01 -5.473729968070983887e-01
-8.117739558219909668e-01 -1.168483495712280273e+00 1.965985000133514404e-01 1.145641565322875977e+00 -2.496625900268554688e+00 2.902531921863555908e-01 1.298160791397094727e+00 -1.729470938444137573e-01 1.413608074188232422e+00 -8.716421723365783691e-01 -4.329836964607238770e-01 1.145878672599792480e+00 -4.820338785648345947e-01 1.746755003929138184e+00 -7.768377065658569336e-01 -1.187463283538818359e+00 -8.550280928611755371e-01 -3.688223958015441895e-01 1.101920843124389648e+00 8.800382018089294434e-01 -1.367511451244354248e-01 -5.287950038909912109e-01 -7.316671609878540039e-01 -6.137524843215942383e-01 -1.201984047889709473e+00 -3.176143467426300049e-01 -6.352271437644958496e-01 2.759360074996948242e-01 2.362592697143554688e+00 5.417840480804443359e-01 -4.684850573539733887e-01 8.411684036254882812e-01 1.988369107246398926e+00 -3.376100063323974609e-01 -5.609833598136901855e-01 -3.294590413570404053e-01 -9.284613728523254395e-01 -8.970110416412353516e-01 5.446773767471313477e-01 -7.551283836364746094e-01 -2.812039554119110107e-01 2.089242219924926758e+00 -2.897938489913940430e-01 6.911121606826782227e-01 1.046850442886352539e+00 -6.509818434715270996e-01 7.260445952415466309e-01 9.918900132179260254e-01 9.132479429244995117e-01 -5.603545904159545898e-02 9.417926073074340820e-01 -1.168467760086059570e+00 -4.138781726360321045e-01 -7.670186758041381836e-01 -5.910238623619079590e-01 -8.560712933540344238e-01 9.337024092674255371e-01 3.904400393366813660e-02 1.541733741760253906e+00 9.847950339317321777e-01 -7.679463028907775879e-01 -4.733399748802185059e-01 6.591057777404785156e-01 -7.797716856002807617e-01
-7.402525544166564941e-01 -1.288552761077880859e+00 3.918682336807250977e-01 1.062067985534667969e+00 -2.675043582916259766e+00 7.046736776828765869e-02 1.348355054855346680e+00 -2.245906144380569458e-01 1.507709741592407227e+00 -9.110413193702697754e-01 -2.405836880207061768e-01 1.071792840957641602e+00 -4.690137207508087158e-01 1.667907595634460449e+00 -7.249916791915893555e-01 -9.732874035835266113e-01 -7.824003100395202637e-01 -5.231779813766479492e-01 1.087807178497314453e+00 7.419987916946411133e-01 1.611642837524414062e-01 -3.548772931098937988e-01 -7.986478805541992188e-01 -6.930574774742126465e-01 -8.389229774475097656e-01 -4.698917269706726074e-01 -3.676834702491760254e-01 2.989740073680877686e-01 2.285614013671875000e+00 5.798676609992980957e-01 -5.964809656143188477e-01 6.902507543563842773e-01 2.095234632492065430e+00 -3.048798441886901855e-01 -7.941812276840209961e-01 -3.981174826622009277e-01 -7.885914444923400879e-01 -1.245875239372253418e+00 4.006024301052093506e-01 -6.511660814285278320e-01 -3.801623880863189697e-01 2.041063308715820312e+00 -3.243864774703979492e-01 7.586321234703063965e-01 1.069726467132568359e+00 -6.417973637580871582e-01 8.053757548332214355e-01 8.916760087013244629e-01 8.659568428993225098e-01 -1.780523508787155151e-01 9.487615823745727539e-01 -9.833981990814208984e-01 -4.962929487228393555e-01 -5.055286884307861328e-01 -2.535718977451324463e-01 -7.225847244262695312e-01 7.546989321708679199e-01 -2.127428054809570312e-01 1.679133534431457520e+00 1.112206220626831055e+00 -1.167521715164184570e+00 -4.626719355583190918e-01 7.275645136833190918e-01 -8.324363827705383301e-01
-9.131466150283813477e-01 -7.240604162216186523e-01 1.172976754605770111e-02 -3.840017020702362061e-01 -2.101553201675415039e+00 1.211681127548217773e+00 -2.913652360439300537e-02 1.670376360416412354e-01 4.541929364204406738e-01 -3.555543422698974609e-01 -6.966140270233154297e-01 2.807603359222412109e+00 -1.236307024955749512e-01 8.699735999107360840e-01 -4.304688572883605957e-01 -1.295848608016967773e+00 -7.195440530776977539e-01 4.750860333442687988e-01 3.363052368164062500e+00 9.636301398277282715e-01 -3.207907378673553467e-01 -3.757486045360565186e-01 -6.487667560577392578e-01 -1.502878963947296143e-01 -1.095892429351806641e+00 -3.932974934577941895e-01 -4.443609416484832764e-01 8.834173083305358887e-01 1.495504260063171387e+00 3.586932420730590820e-01 -4.934897720813751221e-01 9.505870342254638672e-01 1.346277952194213867e+00 -5.397081375122070312e-01 -2.852198779582977295e-01 1.246773749589920044e-01 -7.772265076637268066e-01 -7.275759577751159668e-01 2.097562313079833984e+00 -8.664032816886901855e-01 -2.264113277196884155e-01 1.899158000946044922e+00 -9.885321855545043945e-01 -2.468437403440475464e-01 5.339318513870239258e-01 -5.047523379325866699e-01 3.511384129524230957e-01 4.196034669876098633e-01 5.486401915550231934e-01 -1.135611459612846375e-01 -4.847414046525955200e-02 -1.042897462844848633e+00 -4.222916662693023682e-01 -6.780615448951721191e-01 -6.858302354812622070e-01 -1.472748160362243652e+00 7.463499903678894043e-01 1.224948406219482422e+00 7.824060916900634766e-01 -2.121321409940719604e-01 -2.408936768770217896e-01 -2.711318135261535645e-01 5.501971244812011719e-01 -7.736024856567382812e-01
-1.015577554702758789e+00 -9.961758255958557129e-01 3.762525916099548340e-01 -3.606437519192695618e-02 -2.380868911743164062e+00 9.872689843177795410e-01 -2.322668954730033875e-02 1.078739091753959656e-01 8.607876300811767578e-01 -7.402762174606323242e-01 -1.829932928085327148e-01 2.484851837158203125e+00 -7.284288853406906128e-02 1.177714586257934570e+00 -4.152717292308807373e-01 -1.450757622718811035e+00 -1.018736243247985840e+00 6.018813848495483398e-01 2.971321344375610352e+00 1.003150463104248047e+00 -1.335029155015945435e-01 -2.492983043193817139e-01 -5.381739139556884766e-01 -6.330080628395080566e-01 -5.464426875114440918e-01 -2.196151018142700195e-01 -5.058583021163940430e-01 1.421645998954772949e+00 1.469046473503112793e+00 2.866140007972717285e-01 -7.074428796768188477e-01 2.328896820545196533e-01 1.436169266700744629e+00 -6.544693708419799805e-01 -8.045855164527893066e-01 1.523472964763641357e-01 -6.768600344657897949e-01 -9.971331954002380371e-01 2.015129566192626953e+00 -6.853243708610534668e-01 -5.381461977958679199e-01 1.950835824012756348e+00 -8.190612792968750000e-01 -1.019596904516220093e-01 8.517010807991027832e-01 -5.461219549179077148e-01 8.382834792137145996e-01 4.594034254550933838e-01 2.337959259748458862e-01 -1.443571317940950394e-02 -1.555959284305572510e-01 -8.987854719161987305e-01 -4.740819334983825684e-01 -6.591032147407531738e-01 -3.242073059082031250e-01 -1.270200967788696289e+00 6.270911097526550293e-01 1.237451314926147461e+00 5.807521343231201172e-01 3.949486091732978821e-02 -5.041652917861938477e-01 -5.522844791412353516e-01 7.204157710075378418e-01 -7.461422681808471680e-01
-9.688697457313537598e-01 -1.022035956382751465e+00 1.716355681419372559e-01 -2.532560825347900391e-01 -2.428215265274047852e+00 1.044495820999145508e+00 2.432771958410739899e-02 4.309209287166595459e-01 5.056510567665100098e-01 -7.585174441337585449e-01 -2.125613242387771606e-01 2.630359172821044922e+00 -1.176870092749595642e-01 7.728911638259887695e-01 -1.380136013031005859e-01 -1.335728526115417480e+00 -6.118576526641845703e-01 5.728428959846496582e-01 3.187884330749511719e+00 5.296343564987182617e-01 -6.269250065088272095e-02 -2.333590686321258545e-01 -7.276881933212280273e-01 -8.545240759849548340e-01 -9.130796194076538086e-01 -1.226932555437088013e-01 -2.737695276737213135e-01 9.999413490295410156e-01 1.569686532020568848e+00 6.914883852005004883e-01 -5.913752317428588867e-01 9.174840450286865234e-01 1.065763950347900391e+00 -2.483193278312683105e-01 -1.110098958015441895e+00 2.217708528041839600e-01 -1.784406006336212158e-01 -1.553533434867858887e+00 2.116427898406982422e+00 -2.460065186023712158e-01 -1.855080127716064453e-01 1.807605147361755371e+00 -9.080083966255187988e-01 -2.371738553047180176e-01 4.663063287734985352e-01 -5.526536703109741211e-01 5.917159914970397949e-01 2.870265841484069824e-01 5.833507180213928223e-01 1.069620326161384583e-01 4.101625829935073853e-02 -4.587835669517517090e-01 -9.180502891540527344e-01 -3.481357097625732422e-01 -3.721187412738800049e-01 -1.237973809242248535e+00 5.402224063873291016e-01 8.762918710708618164e-01 8.226762413978576660e-01 5.645317584276199341e-02 -9.116088151931762695e-01 -2.477308362722396851e-01 6.038438081741333008e-01 -1.093565464019775391e+00
-8.500499129295349121e-01 -1.272472381591796875e+00 2.233066558837890625e-01 1.010474205017089844e+00 -2.609874486923217773e+00 4.867418706417083740e-01 1.266602277755737305e+00 -2.055330425500869751e-01 1.216861009597778320e+00 -7.766995429992675781e-01 -4.281367361545562744e-01 1.522624254226684570e+00 -4.412867724895477295e-01 1.621450662612915039e+00 -8.497276902198791504e-01 -1.055727362632751465e+00 -9.740217924118041992e-01 -2.287264466285705566e-01 1.277557492256164551e+00 8.126651644706726074e-01 -2.093918025493621826e-01 -4.483550488948822021e-01 -6.165164113044738770e-01 -4.874958395957946777e-01 -1.120855450630187988e+00 -2.356966733932495117e-01 -6.169294118881225586e-01 3.034201264381408691e-01 2.118852853775024414e+00 6.969591975212097168e-01 -4.263245761394500732e-01 1.091239929199218750e+00 1.856926441192626953e+00 -1.772328615188598633e-01 -3.960802257061004639e-01 -3.642984032630920410e-01 -1.085656642913818359e+00 -1.127487540245056152e+00 6.306285858154296875e-01 -8.526667952537536621e-01 -3.025198876857757568e-01 2.156795978546142578e+00 -2.021778672933578491e-01 5.225394368171691895e-01 9.665104746818542480e-01 -5.391758084297180176e-01 7.199718356132507324e-01 9.478422403335571289e-01 8.842588663101196289e-01 -2.530402243137359619e-01 1.008632183074951172e+00 -1.124889254570007324e+00 -4.176212847232818604e-01 -8.137475848197937012e-01 -5.360198020935058594e-01 -9.219584465026855469e-01 8.817754387855529785e-01 1.020395103842020035e-02 1.575270056724548340e+00 8.502510786056518555e-01 -7.530845999717712402e-01 -4.516287744045257568e-01 6.203045248985290527e-01 -9.006251692771911621e-01
-8.300544619560241699e-01 -9.791581034660339355e-01 -5.680382624268531799e-02 -4.801636040210723877e-01 -2.283320426940917969e+00 1.234186053276062012e+00 -8.193087577819824219e-02 1.309392899274826050e-01 5.871503949165344238e-01 -6.867219209671020508e-01 -1.959769576787948608e-01 2.984334945678710938e+00 -1.275841845199465752e-03 5.712351799011230469e-01 -4.413892626762390137e-01 -1.236180543899536133e+00 -8.900011181831359863e-01 6.547428369522094727e-01 3.255473852157592773e+00 8.277660608291625977e-01 -1.263610124588012695e-01 -1.706028878688812256e-01 -3.908868134021759033e-01 -1.979424655437469482e-01 -5.389010906219482422e-01 -2.671415209770202637e-01 -2.848169207572937012e-01 1.036286830902099609e+00 1.522573590278625488e+00 6.591033339500427246e-01 -7.321208715438842773e-01 6.695478558540344238e-01 1.260922908782958984e+00 -3.714877665042877197e-01 -5.245788097381591797e-01 2.506569623947143555e-01 -4.057537615299224854e-01 -1.533511996269226074e+00 2.326360464096069336e+00 -3.975690603256225586e-01 -2.861024141311645508e-01 1.574131131172180176e+00 -8.136950731277465820e-01 -4.356917142868041992e-01 3.956760764122009277e-01 -4.964613616466522217e-01 5.554619431495666504e-01 1.456194818019866943e-01 5.615168809890747070e-01 3.174392133951187134e-02 -4.580820351839065552e-02 -4.847669601440429688e-01 -7.232194542884826660e-01 -3.716880381107330322e-01 -3.857669830322265625e-01 -1.697708249092102051e+00 3.257863521575927734e-01 1.095114588737487793e+00 9.186711311340332031e-01 -3.981823623180389404e-01 -6.998139619827270508e-01 -4.283038377761840820e-01 3.230851292610168457e-01 -8.654819130897521973e-01
-9.510947465896606445e-01 -8.956970572471618652e-01 -1.397299021482467651e-02 -5.845005512237548828e-01 -2.217202186584472656e+00 1.458035826683044434e+00 -3.209930658340454102e-01 2.426963597536087036e-01 3.467582166194915771e-01 -5.832909345626831055e-01 -4.153970777988433838e-01 3.056672096252441406e+00 -6.672084331512451172e-02 6.164836287498474121e-01 -3.415592908859252930e-01 -1.081960678100585938e+00 -7.503555417060852051e-01 7.311032414436340332e-01 3.551098346710205078e+00 8.022018671035766602e-01 -4.138754308223724365e-02 -1.923014670610427856e-01 -5.867082476615905762e-01 -3.883627653121948242e-01 -6.623267531394958496e-01 -3.697758615016937256e-01 -2.477452456951141357e-01 9.164894819259643555e-01 1.090665817260742188e+00 6.291627287864685059e-01 -7.660434246063232422e-01 8.398954272270202637e-01 1.006591439247131348e+00 -4.764334559440612793e-01 -5.033261775970458984e-01 2.055167965590953827e-02 -3.914425671100616455e-01 -1.256872415542602539e+00 2.433628559112548828e+00 -3.608970344066619873e-01 -3.362964689731597900e-01 1.666541814804077148e+00 -9.382515549659729004e-01 -4.117024540901184082e-01 5.116875171661376953e-01 -5.756320357322692871e-01 2.769685089588165283e-01 2.660271823406219482e-01 4.831047654151916504e-01 -3.993906080722808838e-02 -9.672526270151138306e-02 -6.888343691825866699e-01 -6.492485404014587402e-01 -1.733471304178237915e-01 -4.988826811313629150e-01 -1.371377587318420410e+00 6.486170887947082520e-01 1.135134935379028320e+00 6.610005497932434082e-01 -4.315897822380065918e-01 -6.317037940025329590e-01 5.111142247915267944e-02 3.984223306179046631e-01 -8.695611357688903809e-01
-7.070466876029968262e-01 -1.275946140289306641e+00 5.652347207069396973e-02 2.315294146537780762e-01 -2.705166339874267578e+00 6.675502061843872070e-01 7.107198238372802734e-01 -9.138208627700805664e-02 8.033119440078735352e-01 -1.036961078643798828e+00 -3.577513247728347778e-02 2.524966955184936523e+00 -2.431432344019412994e-02 1.180515527725219727e+00 -4.590644538402557373e-01 -1.414156079292297363e+00 -9.547079205513000488e-01 3.376750349998474121e-01 2.352886199951171875e+00 7.472772002220153809e-01 -1.773684844374656677e-02 -2.464579045772552490e-01 -6.645557284355163574e-01 -3.190295398235321045e-01 -9.795352220535278320e-01 -4.039693772792816162e-01 -5.465146303176879883e-01 8.728122115135192871e-01 1.634351968765258789e+00 1.031716227531433105e+00 -6.557841300964355469e-01 1.035115122795104980e+00 1.786336421966552734e+00 -3.490666449069976807e-01 -1.079177498817443848e+00 6.789519637823104858e-02 -7.445922493934631348e-01 -8.673186898231506348e-01 1.596075892448425293e+00 -9.453357458114624023e-01 -2.946028411388397217e-01 1.526233792304992676e+00 -7.490947842597961426e-01 4.369576871395111084e-01 5.296233892440795898e-01 -4.495011866092681885e-01 5.909150242805480957e-01 4.030949771404266357e-01 7.375656962394714355e-01 3.280240343883633614e-03 6.618778705596923828e-01 -1.067563176155090332e+00 -3.166828155517578125e-01 -7.261256575584411621e-01 -3.597742915153503418e-01 -1.037049770355224609e+00 9.244298934936523438e-01 2.863290011882781982e-01 1.441176056861877441e+00 4.163090884685516357e-01 -9.192035198211669922e-01 -6.332616806030273438e-01 3.074576854705810547e-01 -8.245714306831359863e-01
-7.317793965339660645e-01 -1.118867278099060059e+00 1.485786288976669312e-01 7.202408909797668457e-01 -2.534389019012451172e+00 5.012370347976684570e-01 9.786779284477233887e-01 -2.376773804426193237e-01 1.060778260231018066e+00 -8.349273204803466797e-01 -3.450797200202941895e-01 1.751769781112670898e+00 -3.098671138286590576e-01 1.572166204452514648e+00 -7.381622195243835449e-01 -1.187583804130554199e+00 -8.646748661994934082e-01 -3.731443285942077637e-01 1.811703801155090332e+00 9.632638692855834961e-01 -1.548853814601898193e-01 -3.498718142509460449e-01 -6.116570830345153809e-01 -6.112378835678100586e-01 -1.101548075675964355e+00 -3.633998036384582520e-01 -5.377646684646606445e-01 5.877560973167419434e-01 2.230810642242431641e+00 4.606738388538360596e-01 -5.247664451599121094e-01 9.845140576362609863e-01 1.800700545310974121e+00 -4.605865180492401123e-01 -6.118215322494506836e-01 -2.114268392324447632e-01 -8.591713905334472656e-01 -9.168299436569213867e-01 1.058694839477539062e+00 -8.856274485588073730e-01 -3.141251206398010254e-01 2.071212768554687500e+00 -5.710230469703674316e-01 2.750390172004699707e-01 9.615256190299987793e-01 -6.501681804656982422e-01 7.768604755401611328e-01 9.742248058319091797e-01 8.273773193359375000e-01 6.159775704145431519e-02 7.477034330368041992e-01 -1.174672245979309082e+00 -5.155929327011108398e-01 -8.941538929939270020e-01 -6.100731492042541504e-01 -1.211846709251403809e+00 8.104926347732543945e-01 4.106948077678680420e-01 1.510714650154113770e+00 7.375201582908630371e-01 -7.829613089561462402e-01 -4.684901237487792969e-01 6.784371137619018555e-01 -6.740571856498718262e-01
-1.007116317749023438e+00 -6.367302536964416504e-01 2.279708534479141235e-01 -6.864532232284545898e-01 -2.065186262130737305e+00 1.157202243804931641e+00 -6.753256320953369141e-01 4.398321807384490967e-01 4.359889626502990723e-01 -4.321215748786926270e-01 -3.326905667781829834e-01 2.813830614089965820e+00 2.276484295725822449e-02 6.303057670593261719e-01 -7.652924954891204834e-02 -1.273970961570739746e+00 -6.538994908332824707e-01 8.621207475662231445e-01 3.684738397598266602e+00 7.831812500953674316e-01 1.015811413526535034e-02 -2.417571246623992920e-01 -5.367454290390014648e-01 -6.509590148925781250e-01 -4.068053066730499268e-01 -2.917006015777587891e-01 -2.486512064933776855e-01 1.361749529838562012e+00 1.148179888725280762e+00 2.674612998962402344e-01 -5.280975699424743652e-01 1.683911830186843872e-01 8.897438049316406250e-01 -5.575482845306396484e-01 -7.602484822273254395e-01 3.429141044616699219e-01 -1.232896596193313599e-01 -1.204380512237548828e+00 2.481163263320922852e+00 -3.759454190731048584e-01 -3.275688886642456055e-01 1.535962224006652832e+00 -1.199323892593383789e+00 -4.450804293155670166e-01 5.634924173355102539e-01 -4.119054377079010010e-01 5.508544445037841797e-01 2.435940206050872803e-01 -3.133456781506538391e-02 6.615482270717620850e-02 -8.074650168418884277e-01 -3.502642810344696045e-01 -6.402431726455688477e-01 -2.470768094062805176e-01 -2.223189771175384521e-01 -1.438905119895935059e+00 3.666251003742218018e-01 1.642927289009094238e+00 2.123552411794662476e-01 -5.082471370697021484e-01 -6.518277525901794434e-01 -3.701230585575103760e-01 7.084553837776184082e-01 -8.296044468879699707e-01
-7.659220695495605469e-01 -1.218078136444091797e+00 2.701520621776580811e-01 1.115511178970336914e+00 -2.576804399490356445e+00 3.462733030319213867e-01 1.269545793533325195e+00 -2.051329314708709717e-01 1.414161443710327148e+00 -8.050946593284606934e-01 -3.950166702270507812e-01 1.190806865692138672e+00 -4.897184669971466064e-01 1.708882570266723633e+00 -8.437942862510681152e-01 -1.117608666419982910e+00 -8.481764197349548340e-01 -5.256009697914123535e-01 9.533953070640563965e-01 9.424368739128112793e-01 -8.242156356573104858e-02 -5.140522718429565430e-01 -6.607754230499267578e-01 -5.924065709114074707e-01 -1.151550531387329102e+00 -3.007702231407165527e-01 -6.825952529907226562e-01 2.592813372611999512e-01 2.413633823394775391e+00 4.937050640583038330e-01 -4.499342739582061768e-01 8.693068623542785645e-01 1.986176490783691406e+00 -2.895843386650085449e-01 -4.645428657531738281e-01 -3.803149461746215820e-01 -9.932417273521423340e-01 -8.190956115722656250e-01 4.086708724498748779e-01 -8.235563635826110840e-01 -2.839315533638000488e-01 2.134909629821777344e+00 -2.563120722770690918e-01 6.567379236221313477e-01 1.081456303596496582e+00 -6.292209029197692871e-01 7.003014087677001953e-01 1.104660749435424805e+00 8.016637563705444336e-01 -1.174239367246627808e-01 9.475188255310058594e-01 -1.108641147613525391e+00 -3.974789977073669434e-01 -8.559115529060363770e-01 -6.073695421218872070e-01 -8.221474289894104004e-01 8.739957213401794434e-01 1.483810972422361374e-02 1.489338874816894531e+00 1.000423550605773926e+00 -8.346550464630126953e-01 -4.645509123802185059e-01 7.618396282196044922e-01 -7.034969925880432129e-01
-1.006409525871276855e+00 -9.013829827308654785e-01 4.470141232013702393e-02 -2.500863373279571533e-01 -2.206154584884643555e+00 1.253853917121887207e+00 2.925548702478408813e-02 1.636352837085723877e-01 6.805531978607177734e-01 -7.659586071968078613e-01 -3.652683794498443604e-01 2.619339942932128906e+00 -5.903971847146749496e-03 9.022316932678222656e-01 -5.031257867813110352e-01 -1.151263236999511719e+00 -8.675376772880554199e-01 5.403842329978942871e-01 3.182745933532714844e+00 1.056207776069641113e+00 -6.576421111822128296e-02 -1.528588384389877319e-01 -6.697236299514770508e-01 -4.756585657596588135e-01 -5.689434409141540527e-01 -3.214651942253112793e-01 -4.302102923393249512e-01 9.629986286163330078e-01 1.662373661994934082e+00 3.895320892333984375e-01 -7.536783814430236816e-01 7.247786521911621094e-01 1.282776594161987305e+00 -6.563022732734680176e-01 -5.235992074012756348e-01 9.531221352517604828e-03 -4.109689295291900635e-01 -1.331406235694885254e+00 2.129605531692504883e+00 -3.848637640476226807e-01 -4.359153509140014648e-01 1.900742769241333008e+00 -8.765382766723632812e-01 -2.762032151222229004e-01 7.695337533950805664e-01 -5.902205109596252441e-01 4.895508289337158203e-01 3.878724277019500732e-01 5.908557176589965820e-01 -5.659216269850730896e-02 -2.016551643610000610e-01 -7.241728901863098145e-01 -6.240242123603820801e-01 -3.165735900402069092e-01 -5.720224380493164062e-01 -1.560308933258056641e+00 6.300761699676513672e-01 1.078775882720947266e+00 8.119732141494750977e-01 -1.336002051830291748e-01 -8.304519653320312500e-01 -8.559574931859970093e-02 5.179803967475891113e-01 -9.299404025077819824e-01
-1.043519854545593262e+00 -7.034427523612976074e-01 1.285357177257537842e-01 -6.782636642456054688e-01 -2.208322525024414062e+00 1.361633419990539551e+00 -6.159265041351318359e-01 4.521218240261077881e-01 3.779096603393554688e-01 -5.470007658004760742e-01 -2.725029289722442627e-01 2.926580667495727539e+00 -6.788554135710000992e-03 3.510643243789672852e-01 -6.710160523653030396e-02 -1.278697013854980469e+00 -5.064675211906433105e-01 8.969341516494750977e-01 3.476820707321166992e+00 6.224860548973083496e-01 -2.854385673999786377e-01 -2.776169776916503906e-01 -7.174212932586669922e-01 -6.601425409317016602e-01 -6.430400609970092773e-01 -2.696696519851684570e-01 -2.760020494461059570e-01 1.249700665473937988e+00 1.258715987205505371e+00 6.510902047157287598e-01 -6.063778996467590332e-01 6.034993529319763184e-01 6.818577051162719727e-01 -3.214825689792633057e-01 -8.757913112640380859e-01 3.872154355049133301e-01 -2.055142074823379517e-01 -1.427950024604797363e+00 2.395879268646240234e+00 -3.416689038276672363e-01 -2.718113958835601807e-01 1.769540071487426758e+00 -1.007030129432678223e+00 -5.636489987373352051e-01 3.805979788303375244e-01 -3.915577828884124756e-01 4.571708738803863525e-01 8.839317411184310913e-02 1.673977077007293701e-01 2.628842592239379883e-01 -2.990600168704986572e-01 -2.134642899036407471e-01 -8.054611086845397949e-01 -3.559504449367523193e-01 -3.234339952468872070e-01 -1.228778958320617676e+00 4.574904739856719971e-01 1.436052799224853516e+00 4.658178985118865967e-01 -2.370898276567459106e-01 -6.002019047737121582e-01 -2.141676098108291626e-01 4.887321591377258301e-01 -9.090682268142700195e-01
-1.070671558380126953e+00 -7.816519737243652344e-01 7.025320827960968018e-02 -1.386559456586837769e-01 -2.459723711013793945e+00 9.816031455993652344e-01 2.072785198688507080e-01 2.887825667858123779e-01 6.507949829101562500e-01 -6.815553307533264160e-01 -3.522800803184509277e-01 2.650488615036010742e+00 -5.415470153093338013e-02 9.447532892227172852e-01 -4.226084649562835693e-01 -1.453545570373535156e+00 -7.912983894348144531e-01 3.464992046356201172e-01 3.010721206665039062e+00 7.761257290840148926e-01 -1.003153771162033081e-01 -1.565205454826354980e-01 -7.027676105499267578e-01 -8.074003458023071289e-01 -7.219184637069702148e-01 -2.975857555866241455e-01 -2.908562421798706055e-01 7.936484217643737793e-01 1.586031913757324219e+00 7.819738388061523438e-01 -6.610099673271179199e-01 7.673595547676086426e-01 1.469531893730163574e+00 -4.172584712505340576e-01 -9.978203773498535156e-01 1.585892885923385620e-01 -2.507096529006958008e-01 -1.566622614860534668e+00 2.044940233230590820e+00 -3.801761567592620850e-01 -2.727339267730712891e-01 1.628832459449768066e+00 -9.721019864082336426e-01 -6.986448913812637329e-02 4.593351781368255615e-01 -4.968322813510894775e-01 5.437102317810058594e-01 3.187239468097686768e-01 6.530882716178894043e-01 1.444740444421768188e-01 1.625840067863464355e-01 -5.285214781761169434e-01 -8.567835688591003418e-01 -4.743953645229339600e-01 -4.593934416770935059e-01 -1.242709755897521973e+00 7.501100897789001465e-01 8.341108560562133789e-01 1.028585433959960938e+00 1.519700139760971069e-01 -9.021505713462829590e-01 -4.929402098059654236e-02 5.789641737937927246e-01 -1.012902021408081055e+00
-9.623434543609619141e-01 -1.078507184982299805e+00 3.351923525333404541e-01 5.340586304664611816e-01 -2.574372291564941406e+00 6.458810567855834961e-01 6.828342676162719727e-01 1.419770568609237671e-01 1.222773313522338867e+00 -8.854905366897583008e-01 -2.498653233051300049e-01 1.986693143844604492e+00 -2.627683579921722412e-01 1.255778312683105469e+00 -5.270849466323852539e-01 -1.268190026283264160e+00 -6.930378675460815430e-01 1.327590737491846085e-02 2.213868618011474609e+00 7.187771201133728027e-01 7.752633839845657349e-02 -3.584300577640533447e-01 -8.470833897590637207e-01 -9.202973842620849609e-01 -9.215693473815917969e-01 -3.844050168991088867e-01 -3.669615983963012695e-01 6.218656301498413086e-01 2.110931158065795898e+00 6.302353143692016602e-01 -6.681782603263854980e-01 7.591431140899658203e-01 1.682520747184753418e+00 -3.505303859710693359e-01 -9.828466176986694336e-01 -7.782170176506042480e-02 -4.551348388195037842e-01 -1.663306355476379395e+00 1.306774377822875977e+00 -3.559933304786682129e-01 -3.126408457756042480e-01 1.949697136878967285e+00 -7.579682469367980957e-01 2.390287369489669800e-01 8.729968667030334473e-01 -6.120693683624267578e-01 7.579721808433532715e-01 7.732091546058654785e-01 7.361797094345092773e-01 5.484197661280632019e-02 3.684762716293334961e-01 -6.057461500167846680e-01 -7.630059719085693359e-01 -4.244834780693054199e-01 -3.197222650051116943e-01 -1.080948352813720703e+00 6.603046655654907227e-01 4.986647367477416992e-01 1.261920332908630371e+00 6.579825282096862793e-01 -1.245303750038146973e+00 -3.636755347251892090e-01 6.942004561424255371e-01 -1.031564474105834961e+00
-9.826765060424804688e-01 -1.395772576332092285e+00 1.296831667423248291e-01 5.903677940368652344e-01 -2.438909769058227539e+00 7.341763973236083984e-01 1.133498191833496094e+00 5.626736208796501160e-02 9.356926083564758301e-01 -8.190875649452209473e-01 -5.092476010322570801e-01 2.093882560729980469e+00 -1.211171671748161316e-01 1.225983619689941406e+00 -8.451062440872192383e-01 -1.378348708152770996e+00 -7.731616497039794922e-01 -4.585034400224685669e-02 1.993130445480346680e+00 7.399792671203613281e-01 -1.895754635334014893e-01 -4.130484163761138916e-01 -7.952235937118530273e-01 -6.468794941902160645e-01 -1.193580269813537598e+00 -2.744933068752288818e-01 -5.013721585273742676e-01 2.144497483968734741e-01 1.851834535598754883e+00 9.690253734588623047e-01 -5.621796250343322754e-01 1.359214186668395996e+00 1.662753462791442871e+00 -2.947368919849395752e-01 -6.292406320571899414e-01 -2.352480888366699219e-01 -6.051992177963256836e-01 -1.118889212608337402e+00 1.156337141990661621e+00 -5.962145328521728516e-01 -1.369620859622955322e-01 1.788845896720886230e+00 -5.511063337326049805e-01 3.868386745452880859e-01 6.421902179718017578e-01 -6.298725605010986328e-01 6.514434218406677246e-01 6.305987834930419922e-01 1.052507758140563965e+00 -1.031176894903182983e-01 8.932858705520629883e-01 -1.199723482131958008e+00 -4.970242083072662354e-01 -6.484487652778625488e-01 -6.912755370140075684e-01 -9.622391462326049805e-01 1.090631365776062012e+00 1.851365566253662109e-01 1.623076915740966797e+00 8.427045941352844238e-01 -7.656338810920715332e-01 -1.461143791675567627e-01 2.597374618053436279e-01 -9.992903470993041992e-01
-1.047945380210876465e+00 -6.996801495552062988e-01 -1.905353274196386337e-03 -7.995825409889221191e-01 -2.050086021423339844e+00 1.453445792198181152e+00 -3.615265190601348877e-01 3.055898547172546387e-01 2.315928936004638672e-01 -6.056960821151733398e-01 -3.912393152713775635e-01 2.832083225250244141e+00 1.088702455163002014e-01 4.430681169033050537e-01 -2.345446199178695679e-01 -1.209218740463256836e+00 -7.893307209014892578e-01 8.823652267456054688e-01 3.614089965820312500e+00 9.926600456237792969e-01 -1.869726628065109253e-01 -1.207732409238815308e-01 -5.357312560081481934e-01 -4.788565039634704590e-01 -3.857205808162689209e-01 -2.476712018251419067e-01 -3.774659037590026855e-01 1.192325949668884277e+00 1.232100486755371094e+00 4.324289858341217041e-01 -5.934630036354064941e-01 5.313601493835449219e-01 7.896546125411987305e-01 -5.241693854331970215e-01 -6.110545396804809570e-01 2.299142479896545410e-01 -2.741475105285644531e-01 -1.067950010299682617e+00 2.584861040115356445e+00 -3.486693203449249268e-01 -3.403751254081726074e-01 1.589295864105224609e+00 -8.880504965782165527e-01 -5.493350625038146973e-01 4.037628769874572754e-01 -4.991488456726074219e-01 6.183044314384460449e-01 2.209846675395965576e-02 3.422622680664062500e-01 8.782651275396347046e-05 -3.111053407192230225e-01 -5.611107945442199707e-01 -6.316890120506286621e-01 -1.451740711927413940e-01 -5.655347704887390137e-01 -1.698666095733642578e+00 4.960147142410278320e-01 1.463692665100097656e+00 3.137848377227783203e-01 -5.105111002922058105e-01 -5.319320559501647949e-01 -2.985703386366367340e-02 4.966212213039398193e-01 -8.959922194480895996e-01
-9.864643216133117676e-01 -1.243131041526794434e+00 -2.984094433486461639e-02 4.353545904159545898e-01 -2.562106847763061523e+00 8.423671722412109375e-01 7.768810987472534180e-01 4.392126575112342834e-02 1.094475626945495605e+00 -8.890074491500854492e-01 -2.789303064346313477e-01 2.069413185119628906e+00 -2.601446807384490967e-01 1.436105966567993164e+00 -6.302747726440429688e-01 -1.122518420219421387e+00 -7.503753900527954102e-01 -5.302237719297409058e-02 2.196306943893432617e+00 8.041501641273498535e-01 6.497094035148620605e-02 -3.552390933036804199e-01 -7.944361567497253418e-01 -7.711606621742248535e-01 -1.017375826835632324e+00 -3.889529705047607422e-01 -4.033623039722442627e-01 3.576187193393707275e-01 1.939794421195983887e+00 8.608084321022033691e-01 -6.858035922050476074e-01 1.009357213973999023e+00 1.905647873878479004e+00 -3.734755516052246094e-01 -7.816911935806274414e-01 -2.924168705940246582e-01 -5.720155239105224609e-01 -1.242161870002746582e+00 1.349787592887878418e+00 -4.536066353321075439e-01 -2.603833973407745361e-01 1.915271759033203125e+00 -5.718908309936523438e-01 3.319794237613677979e-01 9.244973063468933105e-01 -7.174617648124694824e-01 5.608347654342651367e-01 7.033868432044982910e-01 7.244352102279663086e-01 -1.555761694908142090e-01 6.901916265487670898e-01 -1.121546745300292969e+00 -5.769453644752502441e-01 -3.888707458972930908e-01 -5.671226382255554199e-01 -1.026656508445739746e+00 9.190652370452880859e-01 2.944839894771575928e-01 1.298946976661682129e+00 5.890896320343017578e-01 -9.907833933830261230e-01 -1.637608706951141357e-01 4.927035570144653320e-01 -1.021200060844421387e+00
-8.314168453216552734e-01 -1.154880881309509277e+00 1.606206148862838745e-01 6.475172638893127441e-01 -2.492865324020385742e+00 5.831059813499450684e-01 1.029467105865478516e+00 -8.281833678483963013e-02 9.905748963356018066e-01 -7.329766750335693359e-01 -5.464113950729370117e-01 2.073502779006958008e+00 -3.082497119903564453e-01 1.299076199531555176e+00 -7.955418825149536133e-01 -1.204487562179565430e+00 -8.140230774879455566e-01 -2.204575538635253906e-01 1.915588736534118652e+00 8.261569142341613770e-01 -1.515991091728210449e-01 -4.664890766143798828e-01 -6.746942996978759766e-01 -4.669058620929718018e-01 -1.161729454994201660e+00 -4.529841840267181396e-01 -5.141524672508239746e-01 3.543915450572967529e-01 2.129749536514282227e+00 8.328742980957031250e-01 -4.915080964565277100e-01 1.227158546447753906e+00 1.925093650817871094e+00 -3.459385931491851807e-01 -5.122359991073608398e-01 -2.602862119674682617e-01 -8.081206679344177246e-01 -1.078370451927185059e+00 1.127323389053344727e+00 -7.209962010383605957e-01 -2.138763368129730225e-01 1.833802819252014160e+00 -7.134057283401489258e-01 4.214476346969604492e-01 7.347124814987182617e-01 -6.543999910354614258e-01 6.400011181831359863e-01 7.014429569244384766e-01 1.008605599403381348e+00 -1.200020536780357361e-01 9.137031435966491699e-01 -1.243654966354370117e+00 -4.298976957798004150e-01 -6.922224760055541992e-01 -6.847600340843200684e-01 -1.025864958763122559e+00 8.937258124351501465e-01 2.931789457798004150e-01 1.569037914276123047e+00 7.605441212654113770e-01 -7.432432174682617188e-01 -4.039215147495269775e-01 4.009870886802673340e-01 -8.902871012687683105e-01
-8.015977144241333008e-01 -1.180728077888488770e+00 1.663097143173217773e-01 9.150231480598449707e-01 -2.440010786056518555e+00 4.674140214920043945e-01 1.162213087081909180e+00 -2.957021296024322510e-01 1.071714282035827637e+00 -7.719995975494384766e-01 -4.035311043262481689e-01 1.719276666641235352e+00 -4.126647710800170898e-01 1.515466213226318359e+00 -8.702720403671264648e-01 -1.162645936012268066e+00 -9.350125789642333984e-01 -4.314301908016204834e-01 1.354535937309265137e+00 6.881781816482543945e-01 -2.039369940757751465e-01 -3.405890166759490967e-01 -6.874800920486450195e-01 -5.468592643737792969e-01 -1.295419096946716309e+00 -2.345275282859802246e-01 -4.256817400455474854e-01 1.150744184851646423e-01 2.199712038040161133e+00 7.643482685089111328e-01 -5.419617295265197754e-01 1.115001678466796875e+00 1.953790068626403809e+00 -3.391891717910766602e-01 -6.100927591323852539e-01 -3.148675560951232910e-01 -1.009878873825073242e+00 -1.010636925697326660e+00 6.906706690788269043e-01 -8.552339076995849609e-01 -2.514678537845611572e-01 1.974029183387756348e+00 -3.592616617679595947e-01 6.304438114166259766e-01 7.807163596153259277e-01 -6.251087188720703125e-01 6.993162035942077637e-01 8.203771710395812988e-01 1.165393948554992676e+00 -1.269049346446990967e-01 1.184005141258239746e+00 -1.236029267311096191e+00 -3.966831266880035400e-01 -7.779718041419982910e-01 -5.147906541824340820e-01 -7.904124855995178223e-01 1.008486151695251465e+00 -1.038292944431304932e-01 1.752549290657043457e+00 9.488148689270019531e-01 -6.235134005546569824e-01 -4.264625608921051025e-01 4.953921437263488770e-01 -8.153617978096008301e-01
-9.300504922866821289e-01 -9.967768788337707520e-01 1.378709822893142700e-01 3.217104375362396240e-01 -2.521747350692749023e+00 7.372362613677978516e-01 6.702071428298950195e-01 2.854610793292522430e-02 8.739006519317626953e-01 -1.006336927413940430e+00 -1.481080800294876099e-01 2.320445299148559570e+00 -2.028450667858123779e-01 1.060168862342834473e+00 -5.932535529136657715e-01 -1.430559396743774414e+00 -7.408186793327331543e-01 3.782904520630836487e-02 2.208958625793457031e+00 7.048749327659606934e-01 -1.405100226402282715e-01 -2.180109620094299316e-01 -8.360074162483215332e-01 -8.086374998092651367e-01 -9.411211013793945312e-01 -2.763746380805969238e-01 -3.032382130622863770e-01 5.466366410255432129e-01 1.962675333023071289e+00 1.000073313713073730e+00 -6.740976572036743164e-01 9.749670624732971191e-01 1.619715094566345215e+00 -4.466829001903533936e-01 -1.107570290565490723e+00 5.403016880154609680e-02 -3.261804878711700439e-01 -1.545700788497924805e+00 1.615611076354980469e+00 -3.733748495578765869e-01 -3.005724847316741943e-01 1.745016098022460938e+00 -6.856977939605712891e-01 2.416929751634597778e-01 5.087029933929443359e-01 -5.748705267906188965e-01 7.211174964904785156e-01 5.346732735633850098e-01 9.841050505638122559e-01 6.036791205406188965e-02 6.824334859848022461e-01 -5.756187438964843750e-01 -7.810384631156921387e-01 -5.382652282714843750e-01 -5.177949666976928711e-01 -1.096654653549194336e+00 8.670169711112976074e-01 3.252676725387573242e-01 1.503633499145507812e+00 6.155282258987426758e-01 -1.052125573158264160e+00 -1.976889669895172119e-01 4.105715155601501465e-01 -1.092105388641357422e+00
-1.154510855674743652e+00 -9.438820481300354004e-01 1.046071350574493408e-01 5.643726512789726257e-02 -2.389219522476196289e+00 8.654779195785522461e-01 3.005779087543487549e-01 1.745953708887100220e-01 7.224934697151184082e-01 -7.148861885070800781e-01 -2.955195009708404541e-01 2.630114793777465820e+00 -1.020522043108940125e-01 1.031612634658813477e+00 -4.109983742237091064e-01 -1.393468260765075684e+00 -6.787479519844055176e-01 3.010193407535552979e-01 2.894696950912475586e+00 5.629774332046508789e-01 -1.526559609919786453e-02 -2.852663397789001465e-01 -8.085274100303649902e-01 -8.734605908393859863e-01 -8.544856905937194824e-01 -3.584532141685485840e-01 -8.309500664472579956e-02 8.386615514755249023e-01 1.523320674896240234e+00 7.911618947982788086e-01 -6.336765885353088379e-01 9.705170989036560059e-01 1.528382182121276855e+00 -4.126970171928405762e-01 -1.043729066848754883e+00 4.751258343458175659e-02 -2.120930403470993042e-01 -1.626390337944030762e+00 1.860957384109497070e+00 -3.832571804523468018e-01 -2.667243480682373047e-01 1.770494103431701660e+00 -9.412692189216613770e-01 -6.853799521923065186e-02 5.502036809921264648e-01 -4.708564281463623047e-01 5.592286586761474609e-01 3.833250105381011963e-01 6.164986491203308105e-01 1.947471685707569122e-02 3.430777490139007568e-01 -6.872072219848632812e-01 -8.005836009979248047e-01 -4.300676584243774414e-01 -3.317257165908813477e-01 -1.154859781265258789e+00 7.800180315971374512e-01 7.336567044258117676e-01 1.164650201797485352e+00 3.125331401824951172e-01 -9.818372130393981934e-01 -1.045476943254470825e-01 4.949549138545989990e-01 -1.056934118270874023e+00
-8.363154530525207520e-01 -1.278509974479675293e+00 1.595190018415451050e-01 6.945853233337402344e-01 -2.443017721176147461e+00 6.577938795089721680e-01 8.629748225212097168e-01 -1.881514936685562134e-01 9.114438295364379883e-01 -8.489111661911010742e-01 -3.989985585212707520e-01 1.994402050971984863e+00 -3.593800663948059082e-01 1.498729109764099121e+00 -6.958673596382141113e-01 -1.273726344108581543e+00 -9.886272549629211426e-01 -1.641142219305038452e-01 1.778134822845458984e+00 8.282508254051208496e-01 -2.775846421718597412e-01 -2.879601120948791504e-01 -6.495512127876281738e-01 -4.734370410442352295e-01 -1.248187661170959473e+00 -1.971619576215744019e-01 -5.358799099922180176e-01 3.484864234924316406e-01 2.151456356048583984e+00 6.775272488594055176e-01 -6.798136830329895020e-01 1.043113827705383301e+00 1.748963236808776855e+00 -5.079870820045471191e-01 -5.456740856170654297e-01 -3.095381557941436768e-01 -1.012716054916381836e+00 -9.367045760154724121e-01 1.123535752296447754e+00 -8.158345222473144531e-01 -3.790202140808105469e-01 2.116492748260498047e+00 -3.487801849842071533e-01 4.502727091312408447e-01 8.279969692230224609e-01 -6.273854970932006836e-01 8.353788852691650391e-01 8.217186927795410156e-01 9.706279635429382324e-01 -1.958725303411483765e-01 8.752616047859191895e-01 -1.164054155349731445e+00 -3.621080219745635986e-01 -7.874859571456909180e-01 -5.246341228485107422e-01 -1.044434785842895508e+00 9.602793455123901367e-01 1.747644394636154175e-01 1.508524656295776367e+00 6.730732321739196777e-01 -5.788235664367675781e-01 -3.864183425903320312e-01 6.118450760841369629e-01 -7.660483121871948242e-01
-7.294262647628784180e-01 -1.226428508758544922e+00 3.726117908954620361e-01 1.123740911483764648e+00 -2.546999931335449219e+00 2.495646327733993530e-01 1.239718317985534668e+00 -1.185178607702255249e-01 1.378613710403442383e+00 -7.721536755561828613e-01 -4.852836430072784424e-01 1.264005541801452637e+00 -5.258892774581909180e-01 1.701168894767761230e+00 -8.097105026245117188e-01 -1.063329219818115234e+00 -9.081070423126220703e-01 -3.634478449821472168e-01 1.284090399742126465e+00 8.517435789108276367e-01 -7.197258993983268738e-03 -4.346628487110137939e-01 -7.105903029441833496e-01 -5.599934458732604980e-01 -1.119010329246520996e+00 -3.462746441364288330e-01 -5.785772800445556641e-01 2.886283099651336670e-01 2.219451189041137695e+00 5.269509553909301758e-01 -5.601493716239929199e-01 9.134269356727600098e-01 1.992530465126037598e+00 -3.097961246967315674e-01 -4.749886691570281982e-01 -4.511227309703826904e-01 -1.049081563949584961e+00 -9.216617941856384277e-01 5.034262537956237793e-01 -8.183439970016479492e-01 -3.690389692783355713e-01 2.277419567108154297e+00 -4.564926624298095703e-01 6.281843781471252441e-01 1.021488547325134277e+00 -6.307705640792846680e-01 7.595718502998352051e-01 1.010563969612121582e+00 8.686911463737487793e-01 -1.829593479633331299e-01 9.035291075706481934e-01 -1.167917490005493164e+00 -3.850506842136383057e-01 -7.587795257568359375e-01 -4.521147608757019043e-01 -8.154693245887756348e-01 7.886487841606140137e-01 7.028935104608535767e-02 1.508153557777404785e+00 8.972250223159790039e-01 -8.116455078125000000e-01 -5.583487749099731445e-01 7.373611927032470703e-01 -7.320822477340698242e-01
-8.861681818962097168e-01 -1.088305234909057617e+00 -2.423421293497085571e-02 1.555943638086318970e-01 -2.376543045043945312e+00 9.653378129005432129e-01 5.526669621467590332e-01 -8.169366419315338135e-02 6.773245334625244141e-01 -7.772793173789978027e-01 -4.108082056045532227e-01 2.482578039169311523e+00 -9.036992490291595459e-02 1.093202471733093262e+00 -6.007922887802124023e-01 -1.291075706481933594e+00 -9.549396634101867676e-01 1.463528275489807129e-01 2.603605508804321289e+00 9.021198749542236328e-01 -2.650077939033508301e-01 -2.310297489166259766e-01 -5.010402202606201172e-01 -4.429985880851745605e-01 -1.054882645606994629e+00 -2.545897066593170166e-01 -3.852871060371398926e-01 6.419987082481384277e-01 2.089041709899902344e+00 6.983372569084167480e-01 -6.046882271766662598e-01 1.047348737716674805e+00 1.553694486618041992e+00 -4.191571176052093506e-01 -5.573083758354187012e-01 -1.730251312255859375e-01 -7.853155732154846191e-01 -1.121374487876892090e+00 1.744533419609069824e+00 -7.589870095252990723e-01 -2.646610736846923828e-01 1.871086835861206055e+00 -5.533990859985351562e-01 9.151563048362731934e-02 5.800169706344604492e-01 -7.022890448570251465e-01 7.220538854598999023e-01 4.788085520267486572e-01 9.992223978042602539e-01 -1.107321679592132568e-01 5.795243978500366211e-01 -1.032341599464416504e+00 -3.906743824481964111e-01 -6.131581664085388184e-01 -5.803480148315429688e-01 -1.535160303115844727e+00 8.428401350975036621e-01 6.231009960174560547e-01 1.236469745635986328e+00 1.316311210393905640e-01 -5.526103377342224121e-01 -4.405112266540527344e-01 3.049386739730834961e-01 -8.751291632652282715e-01
-9.643467068672180176e-01 -9.811513423919677734e-01 5.118234455585479736e-02 -1.265849322080612183e-01 -2.352900981903076172e+00 9.931832551956176758e-01 3.250784277915954590e-01 1.104574874043464661e-01 5.504879951477050781e-01 -6.755572557449340820e-01 -5.557746887207031250e-01 2.593476533889770508e+00 -9.097415953874588013e-02 1.052774190902709961e+00 -4.695130884647369385e-01 -1.347157239913940430e+00 -8.990947604179382324e-01 3.096581399440765381e-01 2.889475345611572266e+00 9.887660145759582520e-01 -2.828937172889709473e-01 -2.388039380311965942e-01 -6.260792016983032227e-01 -3.573687374591827393e-01 -1.039797544479370117e+00 -3.345923423767089844e-01 -4.971168935298919678e-01 7.360976934432983398e-01 1.810231804847717285e+00 6.395471096038818359e-01 -4.815002381801605225e-01 8.796033263206481934e-01 1.518909692764282227e+00 -5.598018169403076172e-01 -5.212998390197753906e-01 -8.916912972927093506e-02 -6.851708889007568359e-01 -9.549193978309631348e-01 2.039073467254638672e+00 -6.981778144836425781e-01 -2.454839348793029785e-01 1.931217789649963379e+00 -8.963540196418762207e-01 2.594367973506450653e-02 5.355403423309326172e-01 -6.581281423568725586e-01 6.189954280853271484e-01 4.619298577308654785e-01 7.369408607482910156e-01 -1.457852572202682495e-01 2.527665793895721436e-01 -1.077565312385559082e+00 -4.695231616497039795e-01 -5.859423279762268066e-01 -6.249420642852783203e-01 -1.390991926193237305e+00 8.409554958343505859e-01 8.634776473045349121e-01 1.047245025634765625e+00 6.621001660823822021e-02 -4.135741889476776123e-01 -3.103255033493041992e-01 5.484411716461181641e-01 -8.102496862411499023e-01
-8.719986677169799805e-01 -9.669161438941955566e-01 -1.695787310600280762e-01 -4.107630550861358643e-01 -2.140177488327026367e+00 1.300283312797546387e+00 -1.883577788248658180e-04 -1.478827744722366333e-01 4.227832555770874023e-01 -6.576240062713623047e-01 -4.593081772327423096e-01 2.933271169662475586e+00 -9.046663343906402588e-02 1.013256072998046875e+00 -3.806976675987243652e-01 -1.261512637138366699e+00 -9.270908236503601074e-01 5.090715289115905762e-01 3.162385463714599609e+00 8.835002779960632324e-01 -2.832349538803100586e-01 -3.385090529918670654e-01 -3.849371969699859619e-01 -2.623295485973358154e-01 -1.015783548355102539e+00 -2.275349497795104980e-01 -3.807851374149322510e-01 7.056081891059875488e-01 1.552198410034179688e+00 6.644024252891540527e-01 -6.155859827995300293e-01 9.402102828025817871e-01 1.384213328361511230e+00 -4.351163506507873535e-01 -3.403009176254272461e-01 1.636767387390136719e-01 -9.095513820648193359e-01 -7.675205469131469727e-01 2.251720905303955078e+00 -9.918054342269897461e-01 -2.660538554191589355e-01 1.787289738655090332e+00 -7.224446535110473633e-01 -1.265103369951248169e-01 5.818814039230346680e-01 -5.055254697799682617e-01 6.272549629211425781e-01 1.810319572687149048e-01 5.412014722824096680e-01 -2.272685766220092773e-01 2.215295284986495972e-01 -1.145767569541931152e+00 -3.591927886009216309e-01 -6.077424883842468262e-01 -4.217206835746765137e-01 -1.460930109024047852e+00 6.252673268318176270e-01 8.877320885658264160e-01 9.200417399406433105e-01 -2.521327137947082520e-01 -2.460011988878250122e-01 -5.106764435768127441e-01 5.486565232276916504e-01 -7.074379324913024902e-01
-7.298356890678405762e-01 -1.184467077255249023e+00 1.564889103174209595e-01 7.755423784255981445e-01 -2.587970733642578125e+00 3.842122852802276611e-01 1.173943400382995605e+00 -7.925298810005187988e-02 1.322616457939147949e+00 -9.912785887718200684e-01 -4.954358562827110291e-02 1.753053784370422363e+00 -2.615225017070770264e-01 1.288186192512512207e+00 -8.951461315155029297e-01 -1.130554795265197754e+00 -7.949209809303283691e-01 -3.818778097629547119e-01 1.507894873619079590e+00 6.221420168876647949e-01 9.634473174810409546e-02 -2.895886003971099854e-01 -6.845268607139587402e-01 -6.479166150093078613e-01 -8.864337801933288574e-01 -3.496930301189422607e-01 -3.899392783641815186e-01 3.745423853397369385e-01 2.254664421081542969e+00 9.927255511283874512e-01 -7.270733118057250977e-01 1.048407912254333496e+00 1.813592433929443359e+00 -2.712573111057281494e-01 -8.751048445701599121e-01 -2.950161099433898926e-01 -5.595142245292663574e-01 -1.588174939155578613e+00 7.830639481544494629e-01 -5.350345373153686523e-01 -3.095039725303649902e-01 1.856814861297607422e+00 -4.420618712902069092e-01 3.473578989505767822e-01 7.979260683059692383e-01 -5.828148722648620605e-01 6.392626762390136719e-01 7.518216371536254883e-01 1.102940082550048828e+00 7.825113087892532349e-02 9.911870360374450684e-01 -7.257271409034729004e-01 -7.566005587577819824e-01 -6.575530171394348145e-01 -3.807923793792724609e-01 -1.004952669143676758e+00 7.775873541831970215e-01 -4.257050808519124985e-03 1.788746953010559082e+00 8.978440165519714355e-01 -1.219254493713378906e+00 -5.041425228118896484e-01 4.192639291286468506e-01 -9.045417904853820801e-01
-7.961298823356628418e-01 -1.310976982116699219e+00 1.668455302715301514e-01 8.650504350662231445e-01 -2.449209690093994141e+00 5.262933969497680664e-01 1.069133996963500977e+00 -3.153425455093383789e-01 1.077577233314514160e+00 -8.550373911857604980e-01 -2.447983920574188232e-01 1.753155827522277832e+00 -2.744980156421661377e-01 1.454828381538391113e+00 -9.102897047996520996e-01 -1.241246581077575684e+00 -8.457068204879760742e-01 -3.434904515743255615e-01 1.636620759963989258e+00 8.154184222221374512e-01 -9.187767654657363892e-02 -4.014642536640167236e-01 -6.994100213050842285e-01 -4.838091731071472168e-01 -1.159321427345275879e+00 -3.182624578475952148e-01 -4.156086742877960205e-01 3.938396573066711426e-01 2.145992040634155273e+00 8.225847482681274414e-01 -6.499652862548828125e-01 1.126136064529418945e+00 1.877120018005371094e+00 -4.187057912349700928e-01 -6.801839470863342285e-01 -1.929600089788436890e-01 -9.202142357826232910e-01 -9.591252803802490234e-01 9.435349106788635254e-01 -8.990123271942138672e-01 -2.765829861164093018e-01 1.878425836563110352e+00 -3.983760476112365723e-01 5.508837103843688965e-01 7.890756130218505859e-01 -5.417063832283020020e-01 6.558541655540466309e-01 7.105069756507873535e-01 1.068396925926208496e+00 -1.171620488166809082e-01 1.035486340522766113e+00 -1.159928202629089355e+00 -3.758997917175292969e-01 -7.819728255271911621e-01 -6.764569878578186035e-01 -9.677031040191650391e-01 9.398820996284484863e-01 4.009631648659706116e-02 1.736864089965820312e+00 9.922472238540649414e-01 -7.731975317001342773e-01 -4.477752745151519775e-01 3.466036021709442139e-01 -8.332425355911254883e-01
-6.447778344154357910e-01 -1.062745094299316406e+00 2.040152400732040405e-01 2.666937112808227539e-01 -2.570703029632568359e+00 8.870456218719482422e-01 3.002088367938995361e-01 2.567980624735355377e-02 7.239281535148620605e-01 -7.159754037857055664e-01 -3.307506740093231201e-01 2.437379360198974609e+00 -3.817341029644012451e-01 1.060341000556945801e+00 -8.188716173171997070e-01 -1.247855663299560547e+00 -6.515848040580749512e-01 2.698386907577514648e-01 2.606925249099731445e+00 8.611178398132324219e-01 -1.041586697101593018e-01 -4.247213304042816162e-01 -4.723311364650726318e-01 -4.256214499473571777e-01 -9.666059017181396484e-01 -3.164161145687103271e-01 -8.483394980430603027e-01 6.836426258087158203e-01 1.949561953544616699e+00 6.250599026679992676e-01 -7.240081429481506348e-01 1.038886666297912598e+00 1.306445598602294922e+00 -5.623440742492675781e-01 -3.947504162788391113e-01 -2.878544330596923828e-01 -8.924023509025573730e-01 -8.333679437637329102e-01 1.953151702880859375e+00 -9.259656667709350586e-01 -5.180338025093078613e-01 2.133886337280273438e+00 -6.405811905860900879e-01 1.309774965047836304e-01 7.303222417831420898e-01 -6.572888493537902832e-01 5.379557609558105469e-01 4.576075375080108643e-01 8.982151150703430176e-01 -1.842740178108215332e-01 5.972488522529602051e-01 -1.016174674034118652e+00 -3.634641170501708984e-01 -8.504415154457092285e-01 -6.316586136817932129e-01 -1.329534530639648438e+00 8.517521023750305176e-01 8.219722509384155273e-01 1.127140641212463379e+00 3.466916978359222412e-01 -5.048540234565734863e-01 -3.462170362472534180e-01 3.209605515003204346e-01 -4.791624248027801514e-01
-9.264158010482788086e-01 -6.931340098381042480e-01 -8.266511373221874237e-03 -3.894213140010833740e-01 -2.253395318984985352e+00 1.169065237045288086e+00 -1.084997951984405518e-01 2.591163218021392822e-01 4.766616821289062500e-01 -7.712718248367309570e-01 -2.642204165458679199e-01 2.861550092697143555e+00 -1.400696299970149994e-02 5.683051347732543945e-01 -2.322403490543365479e-01 -1.330006718635559082e+00 -7.248599529266357422e-01 4.876256585121154785e-01 3.100663185119628906e+00 8.327869176864624023e-01 -2.435858845710754395e-01 -1.544591784477233887e-01 -6.609417200088500977e-01 -6.488621830940246582e-01 -6.338474154472351074e-01 -2.671886980533599854e-01 -3.510181903839111328e-01 1.096688747406005859e+00 1.538968801498413086e+00 7.678102850914001465e-01 -6.321457624435424805e-01 7.750741839408874512e-01 1.096678376197814941e+00 -5.933158397674560547e-01 -8.914428949356079102e-01 3.271208405494689941e-01 -2.171307355165481567e-01 -1.550662875175476074e+00 2.394504547119140625e+00 -2.877935767173767090e-01 -3.440050780773162842e-01 1.557584643363952637e+00 -9.519713521003723145e-01 -2.603473961353302002e-01 3.620238602161407471e-01 -5.205784440040588379e-01 5.514352917671203613e-01 2.493697851896286011e-01 5.964393615722656250e-01 2.069429755210876465e-01 1.771907322108745575e-02 -3.864276111125946045e-01 -9.028275012969970703e-01 -3.965005874633789062e-01 -5.427828431129455566e-01 -1.466039657592773438e+00 6.319982409477233887e-01 1.116239905357360840e+00 9.231581687927246094e-01 -8.900620043277740479e-02 -8.432654738426208496e-01 -1.116759404540061951e-01 4.295354187488555908e-01 -9.708285331726074219e-01
-9.406977891921997070e-01 -7.951242923736572266e-01 6.493870913982391357e-02 -1.690793782472610474e-01 -2.565214633941650391e+00 1.239408135414123535e+00 3.258488699793815613e-02 4.007652103900909424e-01 7.637865543365478516e-01 -8.035857677459716797e-01 -2.485260665416717529e-01 2.714352369308471680e+00 -3.455393910408020020e-01 7.586041688919067383e-01 -3.383125066757202148e-01 -1.272555828094482422e+00 -7.935589551925659180e-01 6.638591885566711426e-01 2.776195526123046875e+00 7.691696882247924805e-01 -1.731956452131271362e-01 -3.859921991825103760e-01 -5.753247737884521484e-01 -5.761042833328247070e-01 -6.693826913833618164e-01 -3.239582479000091553e-01 -4.799764454364776611e-01 1.063631415367126465e+00 1.784011125564575195e+00 6.512950658798217773e-01 -5.621609091758728027e-01 6.582727432250976562e-01 1.142296195030212402e+00 -1.495418101549148560e-01 -7.286287546157836914e-01 2.238164693117141724e-01 -3.891297876834869385e-01 -1.615389108657836914e+00 1.960308432579040527e+00 -1.894672065973281860e-01 -3.082674145698547363e-01 1.926572799682617188e+00 -8.946790695190429688e-01 -3.909973800182342529e-01 6.154047846794128418e-01 -4.574024081230163574e-01 5.798523426055908203e-01 5.398207306861877441e-01 3.761497735977172852e-01 2.185632139444351196e-01 -8.077085018157958984e-03 -2.228391319513320923e-01 -9.095194935798645020e-01 -3.723154366016387939e-01 -5.190656781196594238e-01 -1.428626298904418945e+00 4.807692170143127441e-01 1.161584973335266113e+00 7.370750308036804199e-01 -1.778780966997146606e-01 -9.616504311561584473e-01 -3.063200712203979492e-01 5.692248940467834473e-01 -1.030323743820190430e+00
-7.386590838432312012e-01 -1.141130447387695312e+00 2.276103198528289795e-01 8.232148289680480957e-01 -2.566874027252197266e+00 3.088673949241638184e-01 1.201369285583496094e+00 -2.337046563625335693e-01 1.070767998695373535e+00 -8.007082343101501465e-01 -3.775042295455932617e-01 1.835384011268615723e+00 -4.994264245033264160e-01 1.247530341148376465e+00 -1.004595279693603516e+00 -1.154876589775085449e+00 -7.027186155319213867e-01 -3.474070131778717041e-01 1.477552056312561035e+00 6.319445371627807617e-01 6.227290723472833633e-03 -5.336281061172485352e-01 -8.091115951538085938e-01 -5.597367286682128906e-01 -1.232230544090270996e+00 -4.239169061183929443e-01 -4.004145860671997070e-01 1.206785738468170166e-01 2.155864953994750977e+00 1.065475940704345703e+00 -5.823929905891418457e-01 1.332180380821228027e+00 1.778414487838745117e+00 -2.305068075656890869e-01 -6.795555949211120605e-01 -2.879439890384674072e-01 -7.263281345367431641e-01 -1.283481836318969727e+00 9.920462965965270996e-01 -7.102008461952209473e-01 -1.550355702638626099e-01 1.813695788383483887e+00 -5.192734599113464355e-01 5.532906055450439453e-01 6.402592658996582031e-01 -5.977264046669006348e-01 5.090494751930236816e-01 8.400176763534545898e-01 1.208495497703552246e+00 1.276389602571725845e-02 1.239956259727478027e+00 -9.108446836471557617e-01 -5.325813889503479004e-01 -6.824904680252075195e-01 -5.119084119796752930e-01 -6.955312490463256836e-01 1.012385845184326172e+00 -9.538307040929794312e-02 1.816591620445251465e+00 9.876610636711120605e-01 -9.156429171562194824e-01 -3.244618773460388184e-01 1.375103741884231567e-01 -8.970078825950622559e-01
-8.665311336517333984e-01 -1.175990581512451172e+00 1.291040331125259399e-01 6.222504377365112305e-01 -2.521212816238403320e+00 5.560289025306701660e-01 9.734725952148437500e-01 -1.824640482664108276e-01 1.052378535270690918e+00 -8.145871758460998535e-01 -4.645126461982727051e-01 2.001739501953125000e+00 -3.008884787559509277e-01 1.439232707023620605e+00 -7.573586702346801758e-01 -1.208843469619750977e+00 -9.469047188758850098e-01 -1.127289459109306335e-01 1.938895225524902344e+00 8.693170547485351562e-01 -1.362836807966232300e-01 -3.453661799430847168e-01 -6.692340373992919922e-01 -4.740318953990936279e-01 -1.104627370834350586e+00 -2.440213859081268311e-01 -5.566021800041198730e-01 5.140946507453918457e-01 2.143371343612670898e+00 6.623944640159606934e-01 -6.528996229171752930e-01 9.926632642745971680e-01 1.817570924758911133e+00 -4.292743802070617676e-01 -5.519950985908508301e-01 -1.901091337203979492e-01 -9.345139265060424805e-01 -9.161932468414306641e-01 1.107190847396850586e+00 -9.506874680519104004e-01 -4.170054495334625244e-01 2.031334877014160156e+00 -4.187355935573577881e-01 4.418421983718872070e-01 8.985082507133483887e-01 -5.642653107643127441e-01 8.318992257118225098e-01 7.402903437614440918e-01 8.815058469772338867e-01 -2.110708504915237427e-01 7.125944495201110840e-01 -1.183782339096069336e+00 -3.356723487377166748e-01 -7.693024277687072754e-01 -4.598292708396911621e-01 -1.128023624420166016e+00 8.887478113174438477e-01 3.851156830787658691e-01 1.475195288658142090e+00 6.480810046195983887e-01 -7.005211710929870605e-01 -5.578796863555908203e-01 5.048155188560485840e-01 -8.427286148071289062e-01
-6.171945333480834961e-01 -1.377526402473449707e+00 1.970404684543609619e-01 1.167619705200195312e+00 -2.479803562164306641e+00 2.992262840270996094e-01 1.386245608329772949e+00 -3.396361768245697021e-01 1.090414166450500488e+00 -9.850399494171142578e-01 -2.282974682748317719e-02 1.414574027061462402e+00 -2.346104085445404053e-01 1.338130831718444824e+00 -9.082775712013244629e-01 -9.708319902420043945e-01 -8.488097786903381348e-01 -6.975108981132507324e-01 1.121613264083862305e+00 5.931796431541442871e-01 3.003143705427646637e-02 -1.741656810045242310e-01 -6.657146811485290527e-01 -6.791458129882812500e-01 -1.019165635108947754e+00 -3.195653557777404785e-01 -2.442173063755035400e-01 2.373655587434768677e-01 2.100436687469482422e+00 9.163391590118408203e-01 -7.521637082099914551e-01 1.193152546882629395e+00 1.776938319206237793e+00 -4.362086653709411621e-01 -8.582156300544738770e-01 -3.601970076560974121e-01 -7.028178572654724121e-01 -1.468751192092895508e+00 5.002325177192687988e-01 -6.086566448211669922e-01 -2.324455082416534424e-01 1.690450787544250488e+00 -2.527573108673095703e-01 5.658459663391113281e-01 8.374805450439453125e-01 -5.389764904975891113e-01 7.037673592567443848e-01 9.082592725753784180e-01 1.362265348434448242e+00 9.497878700494766235e-02 1.261689543724060059e+00 -9.069067239761352539e-01 -5.367480516433715820e-01 -6.951291561126708984e-01 -5.189428925514221191e-01 -9.333072304725646973e-01 8.205993175506591797e-01 -4.180265665054321289e-01 2.117499828338623047e+00 1.133337736129760742e+00 -1.045240879058837891e+00 -2.380005121231079102e-01 2.609258890151977539e-01 -9.188092947006225586e-01
-7.687628865242004395e-01 -1.088434338569641113e+00 2.139032185077667236e-01 1.303222477436065674e-01 -2.746078729629516602e+00 6.448320746421813965e-01 5.495704412460327148e-01 1.081752181053161621e-01 9.982564449310302734e-01 -8.039436936378479004e-01 -1.611816436052322388e-01 2.393751382827758789e+00 -3.471728265285491943e-01 1.214606761932373047e+00 -5.317854285240173340e-01 -1.435501098632812500e+00 -9.020517468452453613e-01 2.288445979356765747e-01 2.362586736679077148e+00 7.152171134948730469e-01 5.881206691265106201e-02 -3.201911151409149170e-01 -7.007423639297485352e-01 -7.011399865150451660e-01 -8.902900218963623047e-01 -3.637624680995941162e-01 -4.779421389102935791e-01 6.923031210899353027e-01 1.858720183372497559e+00 8.606303930282592773e-01 -6.444656848907470703e-01 7.618156075477600098e-01 1.782793998718261719e+00 -3.176701366901397705e-01 -1.026468038558959961e+00 -1.110303103923797607e-01 -5.415689945220947266e-01 -1.286129951477050781e+00 1.514269113540649414e+00 -7.551709413528442383e-01 -3.418121933937072754e-01 1.867533087730407715e+00 -9.125084877014160156e-01 3.262884318828582764e-01 5.892890691757202148e-01 -6.138738393783569336e-01 6.211692690849304199e-01 4.156392812728881836e-01 7.510327696800231934e-01 5.760052800178527832e-02 5.922628045082092285e-01 -7.962989807128906250e-01 -6.408892273902893066e-01 -7.383764386177062988e-01 -1.787576675415039062e-01 -8.329610228538513184e-01 9.178030490875244141e-01 5.061456561088562012e-01 1.349060177803039551e+00 5.178911685943603516e-01 -1.030066370964050293e+00 -4.731756746768951416e-01 5.829081535339355469e-01 -6.934726238250732422e-01
-8.419219851493835449e-01 -1.254388809204101562e+00 5.184159800410270691e-02 5.250318050384521484e-01 -2.427283287048339844e+00 7.475178837776184082e-01 7.732278704643249512e-01 -2.425349801778793335e-01 8.091047406196594238e-01 -7.470419406890869141e-01 -5.599006414413452148e-01 2.317006111145019531e+00 -3.073521554470062256e-01 1.291498303413391113e+00 -7.250570058822631836e-01 -1.270375370979309082e+00 -1.034622669219970703e+00 -6.012689322233200073e-02 2.101371049880981445e+00 9.378004670143127441e-01 -3.051944375038146973e-01 -2.801323235034942627e-01 -5.619088411331176758e-01 -3.699493110179901123e-01 -1.182205080986022949e+00 -1.960231363773345947e-01 -4.661134481430053711e-01 4.339807927608489990e-01 1.926343560218811035e+00 7.892373204231262207e-01 -6.164306998252868652e-01 1.110538959503173828e+00 1.682538151741027832e+00 -5.538423657417297363e-01 -4.540644586086273193e-01 -1.839660108089447021e-01 -1.034875750541687012e+00 -1.044050812721252441e+00 1.396511316299438477e+00 -8.668227791786193848e-01 -3.137703239917755127e-01 1.974378108978271484e+00 -4.434572160243988037e-01 3.220820128917694092e-01 6.807733178138732910e-01 -5.747099518775939941e-01 7.460384964942932129e-01 6.768959760665893555e-01 1.026443004608154297e+00 -1.673944294452667236e-01 7.878062725067138672e-01 -1.180373668670654297e+00 -3.536066114902496338e-01 -7.546970248222351074e-01 -5.184086561203002930e-01 -1.073929786682128906e+00 9.673565626144409180e-01 3.246133923530578613e-01 1.578983426094055176e+00 5.359963774681091309e-01 -5.284727811813354492e-01 -4.095256328582763672e-01 3.524072766304016113e-01 -8.115845918655395508e-01
-8.181210756301879883e-01 -6.711193919181823730e-01 8.707748353481292725e-02 -4.580491185188293457e-01 -2.211233615875244141e+00 1.328507304191589355e+00 -2.001690417528152466e-01 4.642179906368255615e-01 5.271089076995849609e-01 -5.988191962242126465e-01 -2.000457197427749634e-01 2.869467496871948242e+00 -1.633372604846954346e-01 6.147034764289855957e-01 -3.079028427600860596e-01 -1.305323600769042969e+00 -6.189492344856262207e-01 6.065478920936584473e-01 3.300091981887817383e+00 8.209005594253540039e-01 1.853670552372932434e-02 -2.128558158874511719e-01 -6.451796293258666992e-01 -5.035904049873352051e-01 -6.698786020278930664e-01 -3.776240944862365723e-01 -3.724009394645690918e-01 9.535421133041381836e-01 1.671469330787658691e+00 5.416389107704162598e-01 -6.763090491294860840e-01 5.749315619468688965e-01 1.115774154663085938e+00 -4.664228260517120361e-01 -8.498042225837707520e-01 2.340087443590164185e-01 -3.171416819095611572e-01 -1.427108883857727051e+00 2.352746248245239258e+00 -3.449280858039855957e-01 -3.155585825443267822e-01 1.743885278701782227e+00 -1.071311354637145996e+00 -4.341019690036773682e-01 4.011553227901458740e-01 -5.172952413558959961e-01 4.666416645050048828e-01 3.340422511100769043e-01 4.466759264469146729e-01 1.312260031700134277e-01 -1.645459830760955811e-01 -2.741612493991851807e-01 -8.497663736343383789e-01 -3.248119354248046875e-01 -5.056505203247070312e-01 -1.458406686782836914e+00 3.996751308441162109e-01 1.192842602729797363e+00 5.931624770164489746e-01 -3.274887204170227051e-01 -8.901976346969604492e-01 -2.690957188606262207e-01 5.577487349510192871e-01 -8.654016256332397461e-01
-8.453646898269653320e-01 -5.809176564216613770e-01 6.936314515769481659e-03 -6.279333829879760742e-01 -2.150365591049194336e+00 1.245656013488769531e+00 -6.707822531461715698e-02 4.226654767990112305e-01 5.370353460311889648e-01 -6.610841155052185059e-01 -3.055627346038818359e-01 2.771548748016357422e+00 -6.420609354972839355e-02 5.052602887153625488e-01 -2.146120965480804443e-01 -1.461129426956176758e+00 -7.513687610626220703e-01 7.125411033630371094e-01 3.350333690643310547e+00 8.265398740768432617e-01 -4.190419614315032959e-02 -1.822389215230941772e-01 -4.595863819122314453e-01 -6.525881886482238770e-01 -6.167596578598022461e-01 -2.781762182712554932e-01 -4.631848037242889404e-01 1.195953726768493652e+00 1.540068984031677246e+00 5.937541127204895020e-01 -4.533045291900634766e-01 6.174958944320678711e-01 9.767652153968811035e-01 -3.497955799102783203e-01 -9.936761856079101562e-01 4.286329150199890137e-01 -2.312485277652740479e-01 -1.402625083923339844e+00 2.455378055572509766e+00 -3.505637347698211670e-01 -1.859635263681411743e-01 1.503171324729919434e+00 -1.089314103126525879e+00 -4.061797559261322021e-01 2.017505317926406860e-01 -5.001652836799621582e-01 6.113201975822448730e-01 2.053523808717727661e-01 5.511839985847473145e-01 2.627736330032348633e-01 -1.817121207714080811e-01 -2.422308325767517090e-01 -9.370112419128417969e-01 -3.009844422340393066e-01 -4.282898008823394775e-01 -1.516839146614074707e+00 3.997767865657806396e-01 1.253908276557922363e+00 5.159995555877685547e-01 -4.789563417434692383e-01 -7.034562826156616211e-01 -4.798563718795776367e-01 5.159261822700500488e-01 -9.777201414108276367e-01
-9.465208649635314941e-01 -1.009259462356567383e+00 1.869175881147384644e-01 5.456174015998840332e-01 -2.510090827941894531e+00 7.566165924072265625e-01 7.500790953636169434e-01 6.735929101705551147e-02 1.105516195297241211e+00 -9.604372382164001465e-01 -1.692990213632583618e-01 2.092867374420166016e+00 -2.389635145664215088e-01 1.214690923690795898e+00 -6.654983162879943848e-01 -1.336191177368164062e+00 -7.473717331886291504e-01 -1.249154563993215561e-02 2.048097133636474609e+00 6.506354808807373047e-01 -2.036413922905921936e-02 -3.768991827964782715e-01 -7.978362441062927246e-01 -8.477315902709960938e-01 -8.060721158981323242e-01 -2.773711681365966797e-01 -4.556328952312469482e-01 5.369523167610168457e-01 2.067277193069458008e+00 8.617704510688781738e-01 -7.481753826141357422e-01 8.942859768867492676e-01 1.728137254714965820e+00 -2.750446200370788574e-01 -9.536379575729370117e-01 -7.560658734291791916e-03 -4.074581265449523926e-01 -1.728533864021301270e+00 1.351597547531127930e+00 -3.560316264629364014e-01 -4.047840237617492676e-01 1.938854575157165527e+00 -8.187685012817382812e-01 2.488565444946289062e-01 7.869044542312622070e-01 -5.776872038841247559e-01 6.750253438949584961e-01 6.703729033470153809e-01 8.145539164543151855e-01 8.446104079484939575e-02 5.249460339546203613e-01 -6.173090338706970215e-01 -8.086001873016357422e-01 -5.287609100341796875e-01 -3.576393723487854004e-01 -1.041728138923645020e+00 6.801841259002685547e-01 4.378055632114410400e-01 1.478504896163940430e+00 6.601933240890502930e-01 -1.163511276245117188e+00 -3.041446805000305176e-01 5.710087418556213379e-01 -1.032002091407775879e+00
-9.673622846603393555e-01 -9.840142726898193359e-01 3.601601123809814453e-01 -8.062294870615005493e-02 -2.551979303359985352e+00 9.560390114784240723e-01 2.699392139911651611e-01 -5.477785319089889526e-02 8.080816864967346191e-01 -9.474101066589355469e-01 -2.641710638999938965e-01 2.571532726287841797e+00 -6.051169708371162415e-03 1.109728693962097168e+00 -4.570052623748779297e-01 -1.222487211227416992e+00 -1.144198179244995117e+00 5.069324374198913574e-01 2.776947975158691406e+00 8.822360038757324219e-01 -4.889612272381782532e-02 -2.368111163377761841e-01 -5.976589918136596680e-01 -5.576062798500061035e-01 -6.369107961654663086e-01 -2.717684209346771240e-01 -4.855402410030364990e-01 1.177455186843872070e+00 1.549755334854125977e+00 6.110169291496276855e-01 -6.066659092903137207e-01 5.091996788978576660e-01 1.526032567024230957e+00 -4.024107754230499268e-01 -8.925060033798217773e-01 2.147269397974014282e-01 -7.209424376487731934e-01 -1.053118824958801270e+00 1.910963058471679688e+00 -8.394448757171630859e-01 -3.550935387611389160e-01 1.783325672149658203e+00 -8.635276556015014648e-01 5.527330562472343445e-02 7.768904566764831543e-01 -4.910746812820434570e-01 8.719397783279418945e-01 3.266029059886932373e-01 5.007271170616149902e-01 6.156902015209197998e-02 2.027495056390762329e-01 -9.468834996223449707e-01 -4.742267429828643799e-01 -5.815522074699401855e-01 -2.750725448131561279e-01 -1.399167537689208984e+00 6.369842290878295898e-01 8.695139288902282715e-01 9.690926671028137207e-01 4.592858254909515381e-02 -8.124957680702209473e-01 -6.648929119110107422e-01 7.246537208557128906e-01 -7.804898619651794434e-01
-6.892076730728149414e-01 -9.935216307640075684e-01 1.007438078522682190e-01 4.103148579597473145e-01 -2.684195280075073242e+00 5.631343722343444824e-01 8.141586184501647949e-01 -1.371794939041137695e-01 8.851515650749206543e-01 -7.370171546936035156e-01 -4.474605023860931396e-01 2.218401908874511719e+00 -4.289198517799377441e-01 1.322827458381652832e+00 -7.531304955482482910e-01 -1.365549206733703613e+00 -8.679416179656982422e-01 -5.540400370955467224e-02 1.928626060485839844e+00 8.544382452964782715e-01 -2.307273000478744507e-01 -4.337481260299682617e-01 -5.864135026931762695e-01 -3.794909119606018066e-01 -1.176711797714233398e+00 -3.392108082771301270e-01 -6.660313606262207031e-01 4.788585901260375977e-01 2.114213228225708008e+00 8.850667476654052734e-01 -5.071834325790405273e-01 9.608015418052673340e-01 1.722822904586791992e+00 -4.014461934566497803e-01 -5.550109744071960449e-01 -2.319930046796798706e-01 -9.494541287422180176e-01 -8.450000882148742676e-01 1.361358165740966797e+00 -9.935138821601867676e-01 -3.230632245540618896e-01 1.970359921455383301e+00 -5.233052968978881836e-01 4.756367504596710205e-01 6.576148271560668945e-01 -6.717137098312377930e-01 7.289597988128662109e-01 6.505079865455627441e-01 9.028106331825256348e-01 -5.330947041511535645e-02 8.799078464508056641e-01 -1.114107370376586914e+00 -4.182477295398712158e-01 -9.196240901947021484e-01 -5.347856879234313965e-01 -1.112264752388000488e+00 1.082143902778625488e+00 4.439914524555206299e-01 1.463703393936157227e+00 5.336817502975463867e-01 -5.737076997756958008e-01 -4.590903222560882568e-01 5.053890943527221680e-01 -6.412203907966613770e-01
-8.876454234123229980e-01 -1.174998164176940918e+00 4.425251185894012451e-01 8.979570269584655762e-01 -2.578612327575683594e+00 4.352107942104339600e-01 8.174696564674377441e-01 1.275674253702163696e-01 1.383951067924499512e+00 -9.164190888404846191e-01 -1.232233792543411255e-01 1.523981094360351562e+00 -3.621359467506408691e-01 1.560748934745788574e+00 -5.919065475463867188e-01 -1.187337636947631836e+00 -7.740723490715026855e-01 -1.862930059432983398e-01 1.660916924476623535e+00 7.953298091888427734e-01 1.055258736014366150e-01 -3.868911266326904297e-01 -8.687174916267395020e-01 -8.973439335823059082e-01 -9.340760111808776855e-01 -3.889404237270355225e-01 -4.178813397884368896e-01 5.288513898849487305e-01 2.247302532196044922e+00 6.201920509338378906e-01 -6.575779318809509277e-01 6.721403598785400391e-01 1.892176985740661621e+00 -3.488964736461639404e-01 -1.049570679664611816e+00 -1.825191080570220947e-01 -6.206493973731994629e-01 -1.535461068153381348e+00 9.832325577735900879e-01 -3.679796457290649414e-01 -3.521319031715393066e-01 2.097897052764892578e+00 -6.723918318748474121e-01 4.734051823616027832e-01 9.534780979156494141e-01 -6.687554121017456055e-01 7.247253060340881348e-01 8.212390542030334473e-01 7.381013035774230957e-01 9.503970295190811157e-02 6.186798810958862305e-01 -6.309624314308166504e-01 -7.447249293327331543e-01 -5.120007991790771484e-01 -3.929118812084197998e-01 -8.357552886009216309e-01 6.747580170631408691e-01 1.451849937438964844e-01 1.348597764968872070e+00 8.860368132591247559e-01 -1.284534811973571777e+00 -4.405027031898498535e-01 7.675316929817199707e-01 -9.310858249664306641e-01
-6.193121075630187988e-01 -1.155436992645263672e+00 5.028229951858520508e-01 1.287110209465026855e+00 -2.535510063171386719e+00 5.749563220888376236e-03 1.521915435791015625e+00 -3.867567777633666992e-01 1.554201126098632812e+00 -9.295830130577087402e-01 -3.954090178012847900e-01 6.645815968513488770e-01 -5.015718936920166016e-01 1.779244065284729004e+00 -8.870539069175720215e-01 -1.049854159355163574e+00 -7.109634876251220703e-01 -6.761850714683532715e-01 5.410546660423278809e-01 8.324702382087707520e-01 -6.151793152093887329e-02 -5.207234025001525879e-01 -7.672427296638488770e-01 -7.125668525695800781e-01 -1.085232019424438477e+00 -2.124156355857849121e-01 -7.281196713447570801e-01 2.284856587648391724e-01 2.389896154403686523e+00 3.535627722740173340e-01 -3.370727896690368652e-01 7.070215344429016113e-01 1.644638299942016602e+00 -3.756378889083862305e-01 -6.258833408355712891e-01 -4.803640246391296387e-01 -1.015840411186218262e+00 -6.566914319992065430e-01 1.378519982099533081e-01 -6.602513790130615234e-01 -2.866520583629608154e-01 2.091833591461181641e+00 -5.665738880634307861e-02 8.445125818252563477e-01 1.262743473052978516e+00 -7.619130611419677734e-01 8.652976751327514648e-01 1.132552504539489746e+00 1.127728581428527832e+00 -5.914627388119697571e-02 1.195711016654968262e+00 -1.138381242752075195e+00 -3.840495049953460693e-01 -7.416313886642456055e-01 -6.183981299400329590e-01 -6.534156203269958496e-01 9.188980460166931152e-01 -1.201150491833686829e-01 1.620790004730224609e+00 1.187380671501159668e+00 -8.034572005271911621e-01 -4.427994489669799805e-01 5.700953602790832520e-01 -7.169846892356872559e-01
-1.029090166091918945e+00 -1.065698742866516113e+00 2.210151851177215576e-01 5.772777199745178223e-01 -2.593577146530151367e+00 4.877244830131530762e-01 7.143244743347167969e-01 2.932346984744071960e-02 1.130987644195556641e+00 -9.197974801063537598e-01 -1.995810270309448242e-01 2.030793666839599609e+00 -2.353875190019607544e-01 1.258136630058288574e+00 -5.492583513259887695e-01 -1.323716640472412109e+00 -6.145517230033874512e-01 -1.118855625391006470e-01 1.976007342338562012e+00 6.174710392951965332e-01 -4.522156342864036560e-02 -4.138599634170532227e-01 -8.778922557830810547e-01 -9.661529064178466797e-01 -9.846584200859069824e-01 -3.955388665199279785e-01 -3.646348714828491211e-01 4.903946816921234131e-01 2.080890178680419922e+00 9.051811695098876953e-01 -6.820502281188964844e-01 8.159843087196350098e-01 1.770976901054382324e+00 -3.383722007274627686e-01 -1.010217428207397461e+00 -1.117236986756324768e-01 -3.573623597621917725e-01 -1.711239457130432129e+00 1.315548181533813477e+00 -3.544218838214874268e-01 -3.101956248283386230e-01 1.870191454887390137e+00 -6.478516459465026855e-01 3.636927008628845215e-01 8.130807876586914062e-01 -6.386119127273559570e-01 6.440882086753845215e-01 7.299943566322326660e-01 8.056548237800598145e-01 7.832811027765274048e-02 6.034510135650634766e-01 -6.185793876647949219e-01 -7.782931327819824219e-01 -5.508574247360229492e-01 -3.704861998558044434e-01 -8.410446047782897949e-01 9.330524802207946777e-01 4.155005812644958496e-01 1.442971229553222656e+00 8.118230700492858887e-01 -1.126718759536743164e+00 -2.052468806505203247e-01 5.692384243011474609e-01 -1.018605828285217285e+00
-8.920522928237915039e-01 -1.128942966461181641e+00 2.497688531875610352e-01 9.950698614120483398e-01 -2.540857315063476562e+00 4.100919365882873535e-01 1.121509194374084473e+00 -7.839550077915191650e-02 1.281681418418884277e+00 -7.854387760162353516e-01 -5.777323246002197266e-01 1.497287988662719727e+00 -5.455422401428222656e-01 1.657820343971252441e+00 -7.641448378562927246e-01 -1.200913548469543457e+00 -8.649416565895080566e-01 -2.150031030178070068e-01 1.479452013969421387e+00 8.439230322837829590e-01 -1.624203920364379883e-01 -5.895150303840637207e-01 -6.716857552528381348e-01 -4.408853352069854736e-01 -1.172593951225280762e+00 -3.530755341053009033e-01 -6.435464620590209961e-01 3.384222090244293213e-01 2.310550212860107422e+00 4.958380758762359619e-01 -5.185840129852294922e-01 8.902074694633483887e-01 1.935637950897216797e+00 -2.369573414325714111e-01 -4.438215494155883789e-01 -3.254741430282592773e-01 -9.257293939590454102e-01 -9.458701610565185547e-01 7.684220671653747559e-01 -8.025345802307128906e-01 -2.647382915019989014e-01 2.180586576461791992e+00 -4.465939402580261230e-01 4.870602786540985107e-01 9.697996973991394043e-01 -6.434673070907592773e-01 7.352181673049926758e-01 1.014934897422790527e+00 8.306238651275634766e-01 -6.112932413816452026e-02 7.985227704048156738e-01 -1.187808394432067871e+00 -4.434999823570251465e-01 -7.447556853294372559e-01 -5.602909922599792480e-01 -9.935399293899536133e-01 8.307548165321350098e-01 2.482818067073822021e-01 1.445135354995727539e+00 7.789329886436462402e-01 -7.119097113609313965e-01 -5.433803200721740723e-01 7.911617159843444824e-01 -7.807746529579162598e-01
-8.275371789932250977e-01 -1.017037987709045410e+00 1.020340397953987122e-01 1.823375672101974487e-01 -2.580163478851318359e+00 8.335537314414978027e-01 5.525861382484436035e-01 1.160982325673103333e-01 9.398431181907653809e-01 -8.301711082458496094e-01 -1.535435020923614502e-01 2.484538555145263672e+00 -2.574321627616882324e-01 1.015863537788391113e+00 -7.022466063499450684e-01 -1.250894904136657715e+00 -8.149585127830505371e-01 1.993627101182937622e-01 2.641992092132568359e+00 7.897438406944274902e-01 1.679448597133159637e-02 -2.315124571323394775e-01 -5.770922303199768066e-01 -4.757651388645172119e-01 -6.697723269462585449e-01 -3.668150603771209717e-01 -3.939166665077209473e-01 7.455900311470031738e-01 1.903208971023559570e+00 7.145575881004333496e-01 -7.886583209037780762e-01 9.243803024291992188e-01 1.551363348960876465e+00 -4.774330556392669678e-01 -6.758398413658142090e-01 -1.310537308454513550e-01 -4.386630356311798096e-01 -1.552397966384887695e+00 1.726514935493469238e+00 -4.734006822109222412e-01 -3.462236225605010986e-01 1.882960319519042969e+00 -7.457141876220703125e-01 -6.348292808979749680e-03 6.475025415420532227e-01 -5.614068508148193359e-01 5.685348510742187500e-01 5.074835419654846191e-01 9.117895364761352539e-01 -4.119232669472694397e-02 3.752190172672271729e-01 -6.479988098144531250e-01 -7.268524169921875000e-01 -5.465320944786071777e-01 -4.321804046630859375e-01 -1.448710918426513672e+00 6.257708668708801270e-01 5.959696769714355469e-01 1.351973176002502441e+00 1.883850097656250000e-01 -1.010478019714355469e+00 -3.217273652553558350e-01 3.999116420745849609e-01 -9.833556413650512695e-01
-1.067886233329772949e+00 -8.755750060081481934e-01 2.900086343288421631e-01 1.779059767723083496e-01 -2.829709768295288086e+00 8.173731565475463867e-01 4.268172085285186768e-01 1.227265670895576477e-01 7.313247919082641602e-01 -8.677241206169128418e-01 -3.398505449295043945e-01 2.434656381607055664e+00 -1.394844651222229004e-01 9.733119010925292969e-01 -5.227930545806884766e-01 -1.281563162803649902e+00 -8.047702312469482422e-01 2.814075052738189697e-01 2.535900592803955078e+00 6.358377337455749512e-01 -1.771863847970962524e-01 -3.409454524517059326e-01 -7.189934253692626953e-01 -9.602319002151489258e-01 -7.807680368423461914e-01 -2.706953883171081543e-01 -4.068237841129302979e-01 8.450624942779541016e-01 1.792991757392883301e+00 8.212646245956420898e-01 -5.099420547485351562e-01 8.810963630676269531e-01 1.251474380493164062e+00 -1.232455894351005554e-01 -9.705197811126708984e-01 -1.226768083870410919e-02 -3.323748111724853516e-01 -1.650497794151306152e+00 1.702216982841491699e+00 -3.262219130992889404e-01 -3.443517386913299561e-01 1.829822182655334473e+00 -7.560065984725952148e-01 -1.195122115314006805e-02 7.068291306495666504e-01 -5.798889398574829102e-01 6.431848406791687012e-01 3.923871219158172607e-01 7.710746526718139648e-01 2.572760581970214844e-01 4.818120598793029785e-01 -5.774736404418945312e-01 -8.789080381393432617e-01 -4.824178516864776611e-01 -5.619186162948608398e-01 -1.148766160011291504e+00 8.414366841316223145e-01 7.549901604652404785e-01 1.235574841499328613e+00 4.333837330341339111e-01 -9.472675323486328125e-01 3.502831235527992249e-02 4.845199882984161377e-01 -9.779319167137145996e-01
-8.399387598037719727e-01 -1.126199245452880859e+00 3.965959418565034866e-03 3.109147250652313232e-01 -2.469654321670532227e+00 8.177261948585510254e-01 7.796098589897155762e-01 6.126280128955841064e-02 8.371445536613464355e-01 -8.985408544540405273e-01 -4.029259085655212402e-01 2.240204572677612305e+00 -1.929133236408233643e-01 1.244388818740844727e+00 -6.342645883560180664e-01 -1.200888514518737793e+00 -6.009610295295715332e-01 -8.795152604579925537e-02 2.321943283081054688e+00 8.167439103126525879e-01 -1.811974495649337769e-01 -4.449010491371154785e-01 -7.303404211997985840e-01 -6.616889834403991699e-01 -1.296116352081298828e+00 -4.408933818340301514e-01 -4.807609021663665771e-01 2.847233712673187256e-01 2.086120367050170898e+00 9.134367108345031738e-01 -5.470077991485595703e-01 1.203711509704589844e+00 1.712617754936218262e+00 -3.793082535266876221e-01 -7.175123095512390137e-01 -3.096216619014739990e-01 -4.668450951576232910e-01 -1.090636253356933594e+00 1.408633708953857422e+00 -5.682104825973510742e-01 -1.058594435453414917e-01 1.919745445251464844e+00 -7.306125760078430176e-01 2.369257807731628418e-01 7.237607836723327637e-01 -6.979807019233703613e-01 6.100744009017944336e-01 6.225898265838623047e-01 8.705574870109558105e-01 -1.137713268399238586e-01 7.271367311477661133e-01 -1.168556451797485352e+00 -5.198207497596740723e-01 -6.257777214050292969e-01 -7.933257222175598145e-01 -1.025552749633789062e+00 8.897206783294677734e-01 4.552419185638427734e-01 1.453331351280212402e+00 5.269009470939636230e-01 -7.385590076446533203e-01 -2.172495722770690918e-01 4.907536506652832031e-01 -9.315682649612426758e-01
-7.684425115585327148e-01 -1.234575748443603516e+00 1.202111467719078064e-01 3.299147188663482666e-01 -2.299183130264282227e+00 9.592016339302062988e-01 4.239390790462493896e-01 -2.267528027296066284e-01 7.846524119377136230e-01 -7.979363799095153809e-01 -5.300559997558593750e-01 2.620790004730224609e+00 -2.853973805904388428e-01 1.116199851036071777e+00 -6.168836951255798340e-01 -1.217534184455871582e+00 -9.000966548919677734e-01 2.082368135452270508e-01 2.542961597442626953e+00 8.571764230728149414e-01 -1.774628013372421265e-01 -3.827976286411285400e-01 -6.723366379737854004e-01 -2.747440934181213379e-01 -1.310244560241699219e+00 -2.415478825569152832e-01 -3.316343128681182861e-01 3.902671039104461670e-01 1.894914984703063965e+00 6.801309585571289062e-01 -7.340183258056640625e-01 1.132571578025817871e+00 1.448074340820312500e+00 -5.567965507507324219e-01 -4.499545693397521973e-01 -3.393862769007682800e-02 -9.290904402732849121e-01 -8.294811844825744629e-01 1.747438311576843262e+00 -7.419846057891845703e-01 -3.624613285064697266e-01 1.951715230941772461e+00 -5.815794467926025391e-01 1.936371773481369019e-01 6.366608738899230957e-01 -6.629392504692077637e-01 5.487567782402038574e-01 5.200466513633728027e-01 9.713121652603149414e-01 -1.678381413221359253e-01 6.014857888221740723e-01 -1.194351434707641602e+00 -4.198761582374572754e-01 -6.406902670860290527e-01 -6.033679246902465820e-01 -1.215502858161926270e+00 9.362708330154418945e-01 5.441235303878784180e-01 1.342150568962097168e+00 4.173955321311950684e-01 -5.137484073638916016e-01 -4.636733531951904297e-01 3.719472885131835938e-01 -8.150265216827392578e-01
-1.041603088378906250e+00 -6.816565394401550293e-01 9.253174066543579102e-02 -7.150573134422302246e-01 -1.978165984153747559e+00 1.422406435012817383e+00 -4.301490783691406250e-01 1.783830523490905762e-01 3.571264445781707764e-01 -5.188389420509338379e-01 -4.938327074050903320e-01 2.840793132781982422e+00 9.104376286268234253e-02 6.446080207824707031e-01 -1.619473844766616821e-01 -1.186544179916381836e+00 -1.010556697845458984e+00 9.143225550651550293e-01 3.652442932128906250e+00 9.248291254043579102e-01 -1.081002727150917053e-01 -1.804838925600051880e-01 -3.894655704498291016e-01 -3.791655898094177246e-01 -4.756885766983032227e-01 -2.795643806457519531e-01 -3.285638391971588135e-01 1.360939145088195801e+00 1.141578674316406250e+00 1.201954558491706848e-01 -5.545592308044433594e-01 2.522186636924743652e-01 9.928054213523864746e-01 -5.314733386039733887e-01 -4.394167363643646240e-01 1.197259202599525452e-01 -5.957647562026977539e-01 -7.940509915351867676e-01 2.455000638961791992e+00 -7.589427828788757324e-01 -3.846537470817565918e-01 1.665818691253662109e+00 -1.003239393234252930e+00 -4.302201867103576660e-01 5.869291424751281738e-01 -3.666161298751831055e-01 6.378419399261474609e-01 2.100874632596969604e-01 1.758161336183547974e-01 -1.464051455259323120e-01 -5.755435824394226074e-01 -8.552739620208740234e-01 -3.386154174804687500e-01 -2.799451649188995361e-01 -3.654839396476745605e-01 -1.553602099418640137e+00 4.588814675807952881e-01 1.612422466278076172e+00 1.427055746316909790e-01 -6.647678017616271973e-01 -2.745074033737182617e-01 -3.564887642860412598e-01 7.229089140892028809e-01 -6.918463706970214844e-01
-8.521832823753356934e-01 -7.984234690666198730e-01 -1.015513464808464050e-01 -2.024082243442535400e-01 -2.127135515213012695e+00 1.175781488418579102e+00 -1.092178523540496826e-01 1.088816672563552856e-01 5.380726456642150879e-01 -5.134238600730895996e-01 -4.659963250160217285e-01 2.790627956390380859e+00 -1.699797213077545166e-01 9.492846131324768066e-01 -3.413587510585784912e-01 -1.281859159469604492e+00 -8.354738354682922363e-01 4.391134679317474365e-01 3.339671373367309570e+00 1.047069072723388672e+00 -1.494520753622055054e-01 -3.202195167541503906e-01 -4.951111078262329102e-01 -2.207334935665130615e-01 -1.023919343948364258e+00 -4.134575128555297852e-01 -3.641610145568847656e-01 1.066467046737670898e+00 1.643737912178039551e+00 2.831528484821319580e-01 -4.868524372577667236e-01 8.176056146621704102e-01 1.424659967422485352e+00 -5.563428997993469238e-01 -4.513211846351623535e-01 8.643445372581481934e-02 -6.435920000076293945e-01 -7.334755063056945801e-01 2.103059291839599609e+00 -8.278773427009582520e-01 -2.699266076087951660e-01 1.751691341400146484e+00 -1.084397196769714355e+00 -1.641642749309539795e-01 5.447344779968261719e-01 -5.443973541259765625e-01 4.746099710464477539e-01 4.292390644550323486e-01 4.143935739994049072e-01 -8.223634213209152222e-02 -8.443297445774078369e-02 -1.044136285781860352e+00 -4.009244740009307861e-01 -6.921769380569458008e-01 -5.713300704956054688e-01 -1.616543173789978027e+00 5.994558334350585938e-01 1.144960641860961914e+00 7.668344378471374512e-01 -2.547904849052429199e-01 -3.819400966167449951e-01 -5.095267891883850098e-01 7.170798182487487793e-01 -7.147033214569091797e-01
-9.573163390159606934e-01 -1.140793085098266602e+00 3.443002104759216309e-01 7.688537836074829102e-01 -2.575533390045166016e+00 3.423123061656951904e-01 8.815376162528991699e-01 8.515180647373199463e-02 1.120753049850463867e+00 -8.042246699333190918e-01 -3.114788830280303955e-01 1.942172765731811523e+00 -3.821565806865692139e-01 1.373917341232299805e+00 -4.928140342235565186e-01 -1.100507855415344238e+00 -8.057553172111511230e-01 -1.399442851543426514e-01 1.907477855682373047e+00 6.617330312728881836e-01 2.612866275012493134e-02 -3.625976443290710449e-01 -8.713068962097167969e-01 -8.073210120201110840e-01 -1.016065001487731934e+00 -4.435667395591735840e-01 -4.014256596565246582e-01 4.750642776489257812e-01 2.128842115402221680e+00 8.119114637374877930e-01 -6.216831207275390625e-01 1.004077434539794922e+00 1.802481055259704590e+00 -3.009989261627197266e-01 -9.803123474121093750e-01 -1.701741963624954224e-01 -3.995462357997894287e-01 -1.685783147811889648e+00 1.101930856704711914e+00 -3.433896303176879883e-01 -2.424452453851699829e-01 1.972081422805786133e+00 -8.060240149497985840e-01 3.665520548820495605e-01 7.661451697349548340e-01 -4.943006038665771484e-01 7.078648805618286133e-01 9.031260013580322266e-01 7.033034563064575195e-01 1.149673312902450562e-01 6.120827794075012207e-01 -6.588992476463317871e-01 -8.287248611450195312e-01 -4.781690239906311035e-01 -2.861388921737670898e-01 -8.281369805335998535e-01 5.950039625167846680e-01 1.531943976879119873e-01 1.502058863639831543e+00 7.765554189682006836e-01 -1.192109107971191406e+00 -4.418660402297973633e-01 7.060808539390563965e-01 -1.152973294258117676e+00
-7.565633058547973633e-01 -1.199496030807495117e+00 1.428667753934860229e-01 8.840671777725219727e-01 -2.427647113800048828e+00 4.769919216632843018e-01 1.045811176300048828e+00 -2.158870995044708252e-01 1.146877050399780273e+00 -8.746719956398010254e-01 -4.616532921791076660e-01 1.740216851234436035e+00 -4.812462925910949707e-01 1.539785027503967285e+00 -7.870380878448486328e-01 -1.209401369094848633e+00 -7.942512035369873047e-01 -3.128790557384490967e-01 1.681944131851196289e+00 8.876090645790100098e-01 -2.090401947498321533e-01 -4.888828396797180176e-01 -6.836829781532287598e-01 -4.670595228672027588e-01 -1.253383755683898926e+00 -3.820377290248870850e-01 -4.766683578491210938e-01 2.532522380352020264e-01 2.142381191253662109e+00 6.796917319297790527e-01 -6.029633879661560059e-01 1.100512146949768066e+00 1.827971696853637695e+00 -4.408076405525207520e-01 -5.502462983131408691e-01 -2.860148549079895020e-01 -8.799850344657897949e-01 -9.350269436836242676e-01 1.075236439704895020e+00 -7.336341142654418945e-01 -2.667355835437774658e-01 2.022426128387451172e+00 -4.884956181049346924e-01 5.973911881446838379e-01 8.735352158546447754e-01 -6.718513965606689453e-01 6.367219686508178711e-01 8.357394933700561523e-01 1.010721087455749512e+00 -4.304226860404014587e-02 8.973778486251831055e-01 -1.222745537757873535e+00 -4.429260492324829102e-01 -7.574961781501770020e-01 -7.095967531204223633e-01 -9.634599089622497559e-01 9.681642651557922363e-01 1.337783485651016235e-01 1.677998661994934082e+00 7.585237622261047363e-01 -7.188192009925842285e-01 -4.050031304359436035e-01 5.654922127723693848e-01 -7.974996566772460938e-01
