-1.170596003532409668e+00 -9.564993381500244141e-01 3.070238828659057617e-01 -8.583778887987136841e-02 -2.461478710174560547e+00 1.120230793952941895e+00 2.563481032848358154e-02 3.182614147663116455e-01 7.516028285026550293e-01 -7.446745634078979492e-01 -2.968659698963165283e-01 2.612430572509765625e+00 -6.673862040042877197e-02 8.260452151298522949e-01 -2.634767889976501465e-01 -1.270866274833679199e+00 -6.683239936828613281e-01 5.597946047782897949e-01 3.050777435302734375e+00 7.038558125495910645e-01 -1.262822896242141724e-01 -3.567143678665161133e-01 -7.861465215682983398e-01 -8.453547358512878418e-01 -7.615970373153686523e-01 -2.568079531192779541e-01 -2.675811350345611572e-01 9.937658905982971191e-01 1.411643743515014648e+00 6.681263446807861328e-01 -6.599386930465698242e-01 8.122106790542602539e-01 1.231123089790344238e+00 -2.793105244636535645e-01 -8.864952325820922852e-01 2.103044986724853516e-01 -3.771400153636932373e-01 -1.564476728439331055e+00 1.969416260719299316e+00 -2.883054316043853760e-01 -3.009893000125885010e-01 1.873144865036010742e+00 -8.917739391326904297e-01 -1.788345128297805786e-01 7.179918289184570312e-01 -4.936095476150512695e-01 4.396039545536041260e-01 3.183445930480957031e-01 4.740856587886810303e-01 1.445812731981277466e-01 1.378023028373718262e-01 -5.662571787834167480e-01 -8.919365406036376953e-01 -3.533936738967895508e-01 -5.326296687126159668e-01 -1.155985713005065918e+00 6.839787364006042480e-01 9.846826791763305664e-01 7.967697978019714355e-01 1.903215348720550537e-01 -9.997301101684570312e-01 -1.503930687904357910e-01 6.409648060798645020e-01 -1.093642473220825195e+00
-6.551960110664367676e-01 -1.143184661865234375e+00 1.192983984947204590e-01 6.510416865348815918e-01 -2.594048738479614258e+00 6.936957240104675293e-01 7.494773864746093750e-01 -2.964056283235549927e-02 9.873765707015991211e-01 -7.148665189743041992e-01 -3.884661197662353516e-01 2.040199995040893555e+00 -5.808865427970886230e-01 1.523362398147583008e+00 -6.595202088356018066e-01 -1.218098044395446777e+00 -8.563823699951171875e-01 -1.982786506414413452e-01 1.992054343223571777e+00 8.880242705345153809e-01 -1.906631439924240112e-01 -4.219471812248229980e-01 -6.372625231742858887e-01 -4.809541106224060059e-01 -1.252071261405944824e+00 -4.586942195892333984e-01 -4.283469319343566895e-01 4.593802094459533691e-01 2.065433263778686523e+00 6.085708737373352051e-01 -4.735326170921325684e-01 1.129439592361450195e+00 1.836099982261657715e+00 -5.284922719001770020e-01 -5.100610256195068359e-01 -2.891296148300170898e-01 -8.605378866195678711e-01 -8.641783595085144043e-01 1.217310428619384766e+00 -8.307262659072875977e-01 -2.742764055728912354e-01 2.065295934677124023e+00 -6.974433064460754395e-01 3.828685879707336426e-01 7.450531721115112305e-01 -6.593893766403198242e-01 6.528134942054748535e-01 7.986987233161926270e-01 8.587265610694885254e-01 -1.106568872928619385e-01 9.171174764633178711e-01 -1.187666893005371094e+00 -4.753863215446472168e-01 -8.396568298339843750e-01 -6.068918704986572266e-01 -1.090511322021484375e+00 9.108709692955017090e-01 1.997134089469909668e-01 1.457445144653320312e+00 6.587826609611511230e-01 -6.383125782012939453e-01 -3.848805129528045654e-01 4.960229992866516113e-01 -7.448127865791320801e-01
-1.012918472290039062e+00 -7.149089574813842773e-01 1.977840214967727661e-01 -2.445295900106430054e-01 -2.385309696197509766e+00 1.139576077461242676e+00 -2.653147466480731964e-02 2.760735452175140381e-01 7.116432189941406250e-01 -7.518706321716308594e-01 -2.415848672389984131e-01 2.545697212219238281e+00 -6.368871033191680908e-02 7.766349911689758301e-01 -1.808694750070571899e-01 -1.320626616477966309e+00 -6.271753907203674316e-01 4.876019656658172607e-01 3.095621347427368164e+00 8.127796649932861328e-01 -7.473840564489364624e-02 -2.700468599796295166e-01 -6.525474786758422852e-01 -7.930585741996765137e-01 -5.495919585227966309e-01 -3.576894998550415039e-01 -4.583451151847839355e-01 1.091415405273437500e+00 1.698403477668762207e+00 4.376306533813476562e-01 -6.645910739898681641e-01 5.220703482627868652e-01 1.174342751502990723e+00 -4.741411805152893066e-01 -8.202074170112609863e-01 2.290369123220443726e-01 -2.441543191671371460e-01 -1.495411872863769531e+00 2.165245532989501953e+00 -3.494267761707305908e-01 -3.591302931308746338e-01 1.810692429542541504e+00 -9.900656342506408691e-01 -2.654112279415130615e-01 7.406331300735473633e-01 -4.703658223152160645e-01 6.071742177009582520e-01 4.214591085910797119e-01 5.095356702804565430e-01 1.032188013195991516e-01 -1.370438188314437866e-01 -4.555206894874572754e-01 -8.022843599319458008e-01 -3.477638065814971924e-01 -5.409428477287292480e-01 -1.561128854751586914e+00 4.643233716487884521e-01 1.268833518028259277e+00 7.231071591377258301e-01 -1.096342653036117554e-01 -9.016194939613342285e-01 -1.731006205081939697e-01 6.797888875007629395e-01 -1.020084500312805176e+00
-8.845610022544860840e-01 -6.775274872779846191e-01 1.901289522647857666e-01 -8.668044209480285645e-01 -1.954214811325073242e+00 1.098018646240234375e+00 -5.970118641853332520e-01 4.246537685394287109e-01 6.003297567367553711e-01 -5.717562437057495117e-01 -1.488104164600372314e-01 2.867124557495117188e+00 -5.889014527201652527e-02 3.842023015022277832e-01 2.218955755233764648e-02 -1.416207194328308105e+00 -8.133602142333984375e-01 1.001955270767211914e+00 3.614369392395019531e+00 7.163627743721008301e-01 -3.956757951527833939e-03 -7.633983343839645386e-02 -3.978337347507476807e-01 -5.085313320159912109e-01 -4.651968181133270264e-01 -3.239618837833404541e-01 -3.335801362991333008e-01 1.507167577743530273e+00 9.821745753288269043e-01 4.107961952686309814e-01 -5.769622921943664551e-01 2.685757279396057129e-01 9.225267171859741211e-01 -6.664835214614868164e-01 -7.713130712509155273e-01 2.878910303115844727e-01 -2.665039300918579102e-01 -1.121234655380249023e+00 2.710017919540405273e+00 -4.672540426254272461e-01 -3.891888856887817383e-01 1.553084135055541992e+00 -1.112039566040039062e+00 -5.134000778198242188e-01 3.042943775653839111e-01 -3.113962709903717041e-01 6.401612162590026855e-01 2.417906224727630615e-01 4.175102710723876953e-02 2.609129436314105988e-02 -7.294413447380065918e-01 -2.884543240070343018e-01 -6.480693817138671875e-01 -2.450282722711563110e-01 -1.966774016618728638e-01 -1.239212870597839355e+00 3.294546604156494141e-01 1.588568091392517090e+00 2.016199976205825806e-01 -7.254791259765625000e-01 -5.365420579910278320e-01 -4.853792786598205566e-01 6.155519485473632812e-01 -8.077605962753295898e-01
-8.745225667953491211e-01 -7.704910039901733398e-01 1.257427632808685303e-01 -1.959069073200225830e-01 -2.342180728912353516e+00 9.908893704414367676e-01 1.034134626388549805e-01 2.589184641838073730e-01 8.353018760681152344e-01 -7.645593881607055664e-01 -1.851615011692047119e-01 2.581767082214355469e+00 -1.741681247949600220e-01 9.102846384048461914e-01 -3.399065732955932617e-01 -1.424102425575256348e+00 -7.290725708007812500e-01 3.234390318393707275e-01 2.950931787490844727e+00 8.710384368896484375e-01 -3.574940934777259827e-02 -2.245585322380065918e-01 -6.655051112174987793e-01 -6.088204979896545410e-01 -6.292346715927124023e-01 -3.326582908630371094e-01 -4.128719866275787354e-01 1.101962208747863770e+00 1.842528581619262695e+00 4.568297266960144043e-01 -6.280638575553894043e-01 5.642293691635131836e-01 1.288615822792053223e+00 -5.932531952857971191e-01 -9.150413870811462402e-01 2.156599611043930054e-01 -2.749215364456176758e-01 -1.459823846817016602e+00 2.118165254592895508e+00 -3.473764061927795410e-01 -3.897893428802490234e-01 1.768726825714111328e+00 -9.890086650848388672e-01 -1.136248633265495300e-01 6.608543395996093750e-01 -5.879567265510559082e-01 6.473378539085388184e-01 5.398199558258056641e-01 6.437001824378967285e-01 1.308797150850296021e-01 -1.633601039648056030e-01 -3.732007741928100586e-01 -8.391394615173339844e-01 -4.629478752613067627e-01 -4.937753081321716309e-01 -1.541770935058593750e+00 5.878380537033081055e-01 1.071187019348144531e+00 8.603220582008361816e-01 -8.276103436946868896e-02 -9.242772459983825684e-01 -3.255124688148498535e-01 5.562291145324707031e-01 -9.801035523414611816e-01
-7.495002746582031250e-01 -1.160005211830139160e+00 1.674537360668182373e-02 7.793229818344116211e-01 -2.529722452163696289e+00 5.358378291130065918e-01 1.012514591217041016e+00 -2.228608578443527222e-01 1.217173337936401367e+00 -7.991192936897277832e-01 -3.723001182079315186e-01 1.714107871055603027e+00 -5.029860138893127441e-01 1.607901096343994141e+00 -7.968381643295288086e-01 -1.259635806083679199e+00 -8.261322975158691406e-01 -3.210251331329345703e-01 1.568813204765319824e+00 8.247087001800537109e-01 -8.314201980829238892e-02 -4.712096452713012695e-01 -6.225839257240295410e-01 -5.745376944541931152e-01 -1.130831480026245117e+00 -3.224765360355377197e-01 -5.434361696243286133e-01 2.896670401096343994e-01 2.265027999877929688e+00 6.846823096275329590e-01 -6.197510957717895508e-01 1.010657906532287598e+00 1.857341051101684570e+00 -3.906785845756530762e-01 -5.622746348381042480e-01 -2.995221912860870361e-01 -9.759048819541931152e-01 -9.077746868133544922e-01 8.813647627830505371e-01 -9.427617788314819336e-01 -3.246554434299468994e-01 2.089926719665527344e+00 -3.829495906829833984e-01 5.931514501571655273e-01 9.518230557441711426e-01 -6.204204559326171875e-01 7.409992814064025879e-01 7.799302935600280762e-01 9.207479357719421387e-01 -1.366483867168426514e-01 9.385898113250732422e-01 -1.180520176887512207e+00 -4.012486040592193604e-01 -8.228421807289123535e-01 -4.508227407932281494e-01 -1.050222039222717285e+00 9.446261525154113770e-01 1.861039549112319946e-01 1.610208749771118164e+00 7.616939544677734375e-01 -6.918388009071350098e-01 -4.644622504711151123e-01 5.668885707855224609e-01 -6.921550035476684570e-01
-6.771796345710754395e-01 -1.168181538581848145e+00 4.608820378780364990e-02 5.392761826515197754e-01 -2.506607532501220703e+00 6.261611580848693848e-01 9.837785363197326660e-01 -3.199653923511505127e-01 8.412198424339294434e-01 -1.043140530586242676e+00 -2.273468226194381714e-01 2.194911479949951172e+00 -7.568279653787612915e-02 1.305585026741027832e+00 -6.815332770347595215e-01 -1.338042974472045898e+00 -8.697454333305358887e-01 -1.727385371923446655e-01 1.941265463829040527e+00 7.834087610244750977e-01 -1.597385257482528687e-01 -2.499965876340866089e-01 -6.622692942619323730e-01 -4.665781259536743164e-01 -1.107725858688354492e+00 -2.652984857559204102e-01 -5.076087117195129395e-01 5.198099613189697266e-01 2.114938020706176758e+00 9.081726670265197754e-01 -7.057591080665588379e-01 1.191585779190063477e+00 1.746476292610168457e+00 -4.437952935695648193e-01 -8.253122568130493164e-01 -3.963735327124595642e-02 -7.825901508331298828e-01 -9.154091477394104004e-01 1.298924326896667480e+00 -9.038016796112060547e-01 -3.302673399448394775e-01 1.706076383590698242e+00 -4.790440499782562256e-01 4.117833673954010010e-01 7.842626571655273438e-01 -5.925748348236083984e-01 6.432092189788818359e-01 6.344383358955383301e-01 1.059402942657470703e+00 -3.855363279581069946e-02 7.925456762313842773e-01 -1.023367643356323242e+00 -4.071386456489562988e-01 -8.845767378807067871e-01 -5.886967778205871582e-01 -1.189095139503479004e+00 9.790764451026916504e-01 2.269621938467025757e-01 1.651217937469482422e+00 6.398262381553649902e-01 -7.911826372146606445e-01 -4.560488164424896240e-01 3.242447674274444580e-01 -8.623395562171936035e-01
-1.046316504478454590e+00 -7.653729319572448730e-01 3.710283637046813965e-01 -4.402374327182769775e-01 -2.254694223403930664e+00 1.210773825645446777e+00 -4.647185206413269043e-01 4.121846556663513184e-01 6.543852090835571289e-01 -5.537825822830200195e-01 -3.094722032546997070e-01 2.637644052505493164e+00 2.924022451043128967e-02 7.851806879043579102e-01 -4.134583100676536560e-02 -1.230950593948364258e+00 -7.381532192230224609e-01 7.253832817077636719e-01 3.425233364105224609e+00 7.335935235023498535e-01 -1.628079637885093689e-02 -2.902297377586364746e-01 -5.344255566596984863e-01 -8.395894169807434082e-01 -3.977348208427429199e-01 -3.781971633434295654e-01 -2.754049599170684814e-01 1.359435200691223145e+00 1.249464154243469238e+00 1.703750491142272949e-01 -5.467887520790100098e-01 2.344964742660522461e-01 1.034688949584960938e+00 -4.929857552051544189e-01 -7.506933212280273438e-01 3.101495206356048584e-01 -2.425643950700759888e-01 -1.379987001419067383e+00 2.298397064208984375e+00 -4.166217148303985596e-01 -3.685749471187591553e-01 1.733142852783203125e+00 -1.143550753593444824e+00 -4.659862518310546875e-01 7.505671977996826172e-01 -4.659586250782012939e-01 6.375554203987121582e-01 3.067350685596466064e-01 1.175079420208930969e-01 8.505601435899734497e-02 -5.738908648490905762e-01 -5.006042122840881348e-01 -7.485591173171997070e-01 -2.636004984378814697e-01 -1.650919467210769653e-01 -1.437069177627563477e+00 3.551430702209472656e-01 1.487068414688110352e+00 3.300249278545379639e-01 -2.757667303085327148e-01 -7.979820966720581055e-01 -4.079099297523498535e-01 8.996692895889282227e-01 -7.863351106643676758e-01
-7.340884208679199219e-01 -1.309273719787597656e+00 4.364951550960540771e-01 6.783871054649353027e-01 -2.407809972763061523e+00 3.806440830230712891e-01 1.161527276039123535e+00 -4.283149242401123047e-01 1.003857135772705078e+00 -7.288523316383361816e-01 -3.602937757968902588e-01 2.002040147781372070e+00 -3.303094506263732910e-01 1.298986315727233887e+00 -7.006439566612243652e-01 -1.131387948989868164e+00 -1.059558391571044922e+00 -3.551930189132690430e-01 1.708310723304748535e+00 7.543824911117553711e-01 -1.159529238939285278e-01 -3.033990263938903809e-01 -8.007164001464843750e-01 -3.835389018058776855e-01 -1.068560123443603516e+00 -3.414468467235565186e-01 -3.969791233539581299e-01 4.489489495754241943e-01 1.973977565765380859e+00 1.023596286773681641e+00 -6.825748085975646973e-01 1.278966307640075684e+00 1.716575860977172852e+00 -3.537529110908508301e-01 -7.884371876716613770e-01 -2.758547067642211914e-01 -1.150766253471374512e+00 -8.793203234672546387e-01 8.569816350936889648e-01 -1.056755423545837402e+00 -3.468577265739440918e-01 1.867173790931701660e+00 -5.509776473045349121e-01 5.467689633369445801e-01 6.313965916633605957e-01 -4.450830519199371338e-01 6.722703576087951660e-01 6.238428950309753418e-01 1.136005282402038574e+00 -1.158654391765594482e-01 1.151673078536987305e+00 -1.245586156845092773e+00 -3.252629041671752930e-01 -7.153092026710510254e-01 -4.728239774703979492e-01 -6.266664862632751465e-01 9.076578021049499512e-01 4.241963475942611694e-02 1.918907046318054199e+00 9.525102972984313965e-01 -7.058119177818298340e-01 -5.014728903770446777e-01 1.892573833465576172e-01 -9.553036093711853027e-01
-7.308794856071472168e-01 -1.012890934944152832e+00 -1.581929028034210205e-01 -4.540169611573219299e-02 -2.432523727416992188e+00 1.019261360168457031e+00 3.566633462905883789e-01 -6.657187361270189285e-03 6.103498339653015137e-01 -6.354573369026184082e-01 -3.631324172019958496e-01 2.723088264465332031e+00 -1.577261984348297119e-01 1.069345355033874512e+00 -6.339479088783264160e-01 -1.295692324638366699e+00 -8.726140856742858887e-01 2.208960801362991333e-01 2.862849712371826172e+00 9.355615377426147461e-01 -1.562524437904357910e-01 -2.318470627069473267e-01 -5.034173727035522461e-01 -4.353156983852386475e-01 -1.079995870590209961e+00 -3.746133148670196533e-01 -4.019928574562072754e-01 6.556737422943115234e-01 1.716857671737670898e+00 7.176785469055175781e-01 -7.253625988960266113e-01 1.193951368331909180e+00 1.537317156791687012e+00 -5.731961727142333984e-01 -5.823078155517578125e-01 -5.698445439338684082e-02 -8.223314285278320312e-01 -8.460218310356140137e-01 1.898095011711120605e+00 -9.544498920440673828e-01 -3.008842468261718750e-01 1.777437090873718262e+00 -7.555319666862487793e-01 8.606351912021636963e-02 5.508771538734436035e-01 -5.132342576980590820e-01 5.003926157951354980e-01 4.491378664970397949e-01 7.154325246810913086e-01 -5.952421948313713074e-02 4.033149778842926025e-01 -1.139712214469909668e+00 -4.251121580600738525e-01 -7.403113842010498047e-01 -4.246997535228729248e-01 -1.350166082382202148e+00 8.719679117202758789e-01 7.346524596214294434e-01 1.211057066917419434e+00 1.599823981523513794e-01 -5.449166297912597656e-01 -3.473094999790191650e-01 3.993360400199890137e-01 -7.350903153419494629e-01
-1.131358265876770020e+00 -3.831397593021392822e-01 2.652610540390014648e-01 -8.401038050651550293e-01 -1.958094120025634766e+00 1.273209095001220703e+00 -9.549356102943420410e-01 1.627930551767349243e-01 4.045724868774414062e-01 -7.272895574569702148e-01 -3.676473721861839294e-02 2.828394651412963867e+00 1.764905601739883423e-01 2.219575792551040649e-01 5.661350861191749573e-02 -1.425157546997070312e+00 -9.545583128929138184e-01 1.300322294235229492e+00 3.536701917648315430e+00 7.139741778373718262e-01 2.025913596153259277e-01 -2.546612918376922607e-01 -3.311065733432769775e-01 -3.492592275142669678e-01 -1.615286022424697876e-01 -2.405239939689636230e-01 -3.775813877582550049e-01 1.858265638351440430e+00 6.603823900222778320e-01 1.040733605623245239e-01 -3.487431108951568604e-01 -2.225924879312515259e-01 5.703178048133850098e-01 -4.680728912353515625e-01 -9.467025399208068848e-01 5.099787116050720215e-01 -3.206854760646820068e-01 -6.308457851409912109e-01 2.728314399719238281e+00 -5.658282041549682617e-01 -4.043732285499572754e-01 1.311393380165100098e+00 -1.131446838378906250e+00 -5.364184379577636719e-01 4.998988211154937744e-01 -2.309324443340301514e-01 4.941506385803222656e-01 5.354921147227287292e-02 -9.574380517005920410e-02 8.419387042522430420e-02 -9.180710911750793457e-01 -4.378719627857208252e-01 -4.795103967189788818e-01 -2.188277393579483032e-01 2.993323840200901031e-02 -1.259701251983642578e+00 4.042875766754150391e-01 1.715482473373413086e+00 -7.344124466180801392e-02 -8.115140795707702637e-01 -3.340111374855041504e-01 -6.545025706291198730e-01 7.673062086105346680e-01 -6.379889249801635742e-01
-7.628910541534423828e-01 -1.164367318153381348e+00 9.205687046051025391e-02 1.065302371978759766e+00 -2.722907543182373047e+00 3.267543911933898926e-01 1.345058560371398926e+00 -1.005982831120491028e-01 1.349726438522338867e+00 -9.618617892265319824e-01 -1.424972414970397949e-01 1.420335650444030762e+00 -3.888755142688751221e-01 1.548583388328552246e+00 -9.639544486999511719e-01 -1.114172577857971191e+00 -7.966287732124328613e-01 -3.252451121807098389e-01 1.151722192764282227e+00 6.748507618904113770e-01 7.559143006801605225e-02 -3.555671274662017822e-01 -6.166431903839111328e-01 -6.081894636154174805e-01 -8.420942425727844238e-01 -3.709810674190521240e-01 -5.501579642295837402e-01 2.615055143833160400e-01 2.389212369918823242e+00 7.759675383567810059e-01 -6.672058105468750000e-01 9.521329998970031738e-01 1.937997102737426758e+00 -2.016910463571548462e-01 -6.917700767517089844e-01 -4.520790576934814453e-01 -6.426586508750915527e-01 -1.441984772682189941e+00 6.126037240028381348e-01 -5.657257437705993652e-01 -3.164851665496826172e-01 1.936552286148071289e+00 -3.219042718410491943e-01 5.253946781158447266e-01 9.499128460884094238e-01 -5.833573937416076660e-01 6.216149926185607910e-01 8.595366477966308594e-01 1.051787853240966797e+00 1.718392968177795410e-02 9.818491935729980469e-01 -8.239218592643737793e-01 -5.801350474357604980e-01 -6.801185607910156250e-01 -3.551816344261169434e-01 -1.031691551208496094e+00 7.927605509757995605e-01 -8.923366665840148926e-02 1.691217422485351562e+00 8.389993309974670410e-01 -1.168339252471923828e+00 -3.812878429889678955e-01 4.820001721382141113e-01 -8.465057611465454102e-01
-8.247128129005432129e-01 -1.361707329750061035e+00 3.584445118904113770e-01 1.038753390312194824e+00 -2.399508476257324219e+00 1.810545921325683594e-01 1.313129544258117676e+00 -1.370277553796768188e-01 1.308947324752807617e+00 -8.696868419647216797e-01 -4.285745322704315186e-01 1.279066324234008789e+00 -4.036901891231536865e-01 1.505461573600769043e+00 -8.610055446624755859e-01 -1.037580132484436035e+00 -7.709165215492248535e-01 -5.083992481231689453e-01 1.158426523208618164e+00 8.800077438354492188e-01 -1.311836987733840942e-01 -4.559182524681091309e-01 -8.801407814025878906e-01 -5.705472230911254883e-01 -1.279021739959716797e+00 -4.575236141681671143e-01 -4.235811531543731689e-01 1.007169950753450394e-02 2.315033435821533203e+00 8.206127882003784180e-01 -6.055670976638793945e-01 8.666224479675292969e-01 1.907557249069213867e+00 -3.792323470115661621e-01 -5.863808989524841309e-01 -5.532737374305725098e-01 -8.859686851501464844e-01 -1.004092454910278320e+00 6.191250681877136230e-01 -6.664597988128662109e-01 -1.705927550792694092e-01 2.160964727401733398e+00 -2.934567034244537354e-01 7.070649862289428711e-01 8.882740736007690430e-01 -6.713426709175109863e-01 7.445954680442810059e-01 9.942896962165832520e-01 1.032915234565734863e+00 -1.691660583019256592e-01 1.010788202285766602e+00 -1.217562437057495117e+00 -3.840939402580261230e-01 -4.554237425327301025e-01 -6.499358415603637695e-01 -5.477645993232727051e-01 9.483007788658142090e-01 -6.510529667139053345e-02 1.717878937721252441e+00 1.091963648796081543e+00 -7.938811779022216797e-01 -4.065805971622467041e-01 4.824452400207519531e-01 -8.346869349479675293e-01
-6.956142187118530273e-01 -1.270149469375610352e+00 4.088919162750244141e-01 1.096450448036193848e+00 -2.698992490768432617e+00 1.290304809808731079e-01 1.364275217056274414e+00 -2.619435489177703857e-01 1.300910115242004395e+00 -9.135659337043762207e-01 -2.818984985351562500e-01 1.213703513145446777e+00 -3.076427578926086426e-01 1.679688453674316406e+00 -7.819104790687561035e-01 -1.093179106712341309e+00 -9.647439718246459961e-01 -4.378697574138641357e-01 9.280749559402465820e-01 7.990024089813232422e-01 -3.755307570099830627e-02 -3.035312294960021973e-01 -6.761685013771057129e-01 -5.505424141883850098e-01 -9.473584294319152832e-01 -4.348320364952087402e-01 -5.515834689140319824e-01 3.563242852687835693e-01 2.378686666488647461e+00 6.064653396606445312e-01 -5.142373442649841309e-01 7.446767091751098633e-01 1.996410608291625977e+00 -3.221040368080139160e-01 -7.228805422782897949e-01 -4.365833699703216553e-01 -8.946982026100158691e-01 -9.651240110397338867e-01 3.841660916805267334e-01 -9.157924056053161621e-01 -3.242294490337371826e-01 2.005219221115112305e+00 -3.201114535331726074e-01 7.481461763381958008e-01 9.513944983482360840e-01 -6.383999586105346680e-01 8.592263460159301758e-01 9.320062994956970215e-01 9.781687855720520020e-01 -1.925266347825527191e-02 1.062379837036132812e+00 -1.122633576393127441e+00 -3.301374912261962891e-01 -8.091983199119567871e-01 -3.681051135063171387e-01 -8.386656641960144043e-01 9.867755174636840820e-01 -1.781360208988189697e-01 1.624010324478149414e+00 1.032561182975769043e+00 -8.626745343208312988e-01 -5.133821368217468262e-01 5.257761478424072266e-01 -6.997991204261779785e-01
-7.616549730300903320e-01 -1.244054079055786133e+00 4.042536914348602295e-01 1.216499686241149902e+00 -2.488282203674316406e+00 1.286311000585556030e-01 1.392398476600646973e+00 -1.387949585914611816e-01 1.480852603912353516e+00 -8.579605817794799805e-01 -4.288315176963806152e-01 7.255943417549133301e-01 -5.779157876968383789e-01 1.788716793060302734e+00 -8.700025677680969238e-01 -1.092192292213439941e+00 -8.113172650337219238e-01 -5.685604810714721680e-01 7.825567722320556641e-01 8.796069622039794922e-01 -1.512267291545867920e-01 -4.790852963924407959e-01 -6.585721969604492188e-01 -6.617713570594787598e-01 -1.072943806648254395e+00 -2.239906340837478638e-01 -5.813905000686645508e-01 3.355024755001068115e-01 2.372035741806030273e+00 4.949312508106231689e-01 -3.894040584564208984e-01 8.173141479492187500e-01 1.890803694725036621e+00 -2.540688514709472656e-01 -5.878094434738159180e-01 -4.268720149993896484e-01 -1.055144309997558594e+00 -8.337916135787963867e-01 2.104914188385009766e-01 -7.567698955535888672e-01 -3.403513729572296143e-01 2.255073070526123047e+00 -1.223637312650680542e-01 7.526602149009704590e-01 1.075404524803161621e+00 -7.028227448463439941e-01 1.018989562988281250e+00 1.021090388298034668e+00 8.515263199806213379e-01 -1.462116241455078125e-01 9.714798331260681152e-01 -1.090905070304870605e+00 -3.662161529064178467e-01 -7.190665602684020996e-01 -4.473005533218383789e-01 -8.320956230163574219e-01 8.667477369308471680e-01 -4.937800392508506775e-02 1.495713591575622559e+00 1.194936871528625488e+00 -8.829250335693359375e-01 -5.919257402420043945e-01 7.220144867897033691e-01 -7.656014561653137207e-01
-8.387322425842285156e-01 -7.746277451515197754e-01 2.800476253032684326e-01 -5.711221694946289062e-01 -2.114914894104003906e+00 1.044202566146850586e+00 -4.716751873493194580e-01 4.920729994773864746e-01 5.448716282844543457e-01 -4.980813860893249512e-01 -2.010441571474075317e-01 2.612628698348999023e+00 9.414163418114185333e-03 6.107711791992187500e-01 -1.981883943080902100e-01 -1.385902285575866699e+00 -5.161518454551696777e-01 6.930497288703918457e-01 3.508583545684814453e+00 9.612231254577636719e-01 -7.734651118516921997e-02 -1.984387040138244629e-01 -6.658163070678710938e-01 -6.267031431198120117e-01 -6.522408723831176758e-01 -3.320983648300170898e-01 -3.590794503688812256e-01 1.271785736083984375e+00 1.525071263313293457e+00 2.536006569862365723e-01 -6.335288882255554199e-01 3.418664038181304932e-01 9.220806956291198730e-01 -6.935366392135620117e-01 -8.567102551460266113e-01 2.913702428340911865e-01 -2.429371476173400879e-01 -1.180303931236267090e+00 2.611242771148681641e+00 -2.459922134876251221e-01 -4.119837582111358643e-01 1.821385741233825684e+00 -1.092137932777404785e+00 -2.848120331764221191e-01 4.079459607601165771e-01 -4.804596602916717529e-01 5.288481712341308594e-01 2.495550811290740967e-01 2.741996347904205322e-01 1.438907086849212646e-01 -5.876083970069885254e-01 -2.322745919227600098e-01 -7.113710045814514160e-01 -2.695098221302032471e-01 -5.408034324645996094e-01 -1.428766489028930664e+00 4.496947526931762695e-01 1.461533665657043457e+00 3.398152589797973633e-01 -3.135807514190673828e-01 -7.086955308914184570e-01 -3.157118856906890869e-01 4.652641415596008301e-01 -8.604162931442260742e-01
-8.143602609634399414e-01 -1.058502793312072754e+00 6.508953869342803955e-02 5.924797654151916504e-01 -2.598824739456176758e+00 6.615089178085327148e-01 8.766875267028808594e-01 -1.126337349414825439e-01 1.020595908164978027e+00 -6.932909488677978516e-01 -5.549541711807250977e-01 2.030789375305175781e+00 -4.450373053550720215e-01 1.461306452751159668e+00 -7.511635422706604004e-01 -1.330932617187500000e+00 -9.085354208946228027e-01 -1.124061644077301025e-01 2.008305549621582031e+00 9.173969626426696777e-01 -1.784087121486663818e-01 -5.121778249740600586e-01 -6.363126039505004883e-01 -5.056458115577697754e-01 -1.186710119247436523e+00 -3.962824940681457520e-01 -5.805556178092956543e-01 3.377963602542877197e-01 2.164829254150390625e+00 7.278431653976440430e-01 -5.005242824554443359e-01 1.030804276466369629e+00 1.759709239006042480e+00 -3.432295918464660645e-01 -4.687876403331756592e-01 -2.656420469284057617e-01 -9.049515724182128906e-01 -8.925358653068542480e-01 1.173940420150756836e+00 -8.768121004104614258e-01 -2.897206842899322510e-01 1.956090092658996582e+00 -5.968132615089416504e-01 4.085841774940490723e-01 7.837164998054504395e-01 -7.048994898796081543e-01 6.300241351127624512e-01 7.567620873451232910e-01 9.814538955688476562e-01 -4.253763332962989807e-02 8.615533709526062012e-01 -1.140691280364990234e+00 -4.992625117301940918e-01 -7.804302573204040527e-01 -6.172268390655517578e-01 -1.036696076393127441e+00 1.002858877182006836e+00 4.073700010776519775e-01 1.457142710685729980e+00 5.766378045082092285e-01 -5.410282015800476074e-01 -3.706819415092468262e-01 4.746041595935821533e-01 -7.238084673881530762e-01
-8.709733486175537109e-01 -1.013199448585510254e+00 2.119893133640289307e-01 -8.770585060119628906e-03 -2.684210777282714844e+00 8.324882984161376953e-01 2.007907480001449585e-01 -1.687226444482803345e-02 9.141434431076049805e-01 -8.901409506797790527e-01 -8.188890665769577026e-02 2.604096412658691406e+00 -1.995656788349151611e-01 1.128034234046936035e+00 -4.178547561168670654e-01 -1.275998115539550781e+00 -1.030145287513732910e+00 4.482731521129608154e-01 2.793621301651000977e+00 8.055118918418884277e-01 9.195268154144287109e-02 -2.695361077785491943e-01 -5.714425444602966309e-01 -4.449709653854370117e-01 -6.611074805259704590e-01 -4.329541325569152832e-01 -3.232527077198028564e-01 1.119108080863952637e+00 1.491624712944030762e+00 7.477726340293884277e-01 -6.867983937263488770e-01 6.485321521759033203e-01 1.652895092964172363e+00 -5.595254898071289062e-01 -9.409632682800292969e-01 1.249098032712936401e-01 -6.178478598594665527e-01 -1.071925282478332520e+00 1.953038454055786133e+00 -8.547040224075317383e-01 -3.425882458686828613e-01 1.683340668678283691e+00 -9.219582080841064453e-01 1.719793230295181274e-01 6.800587177276611328e-01 -4.802898168563842773e-01 6.109572052955627441e-01 3.400451540946960449e-01 4.056752920150756836e-01 5.194228515028953552e-02 2.248975485563278198e-01 -8.942963480949401855e-01 -5.258345603942871094e-01 -5.465291738510131836e-01 -1.433916091918945312e-01 -1.264488697052001953e+00 7.443104386329650879e-01 6.850780844688415527e-01 1.124700665473937988e+00 2.079325765371322632e-01 -9.393562674522399902e-01 -6.551234126091003418e-01 6.145766377449035645e-01 -8.066304326057434082e-01
-8.336120843887329102e-01 -1.058662414550781250e+00 3.776035308837890625e-01 8.955739140510559082e-01 -2.622735261917114258e+00 2.760874032974243164e-01 1.040291905403137207e+00 -1.834149472415447235e-02 1.424796223640441895e+00 -9.809237718582153320e-01 -1.821389943361282349e-01 1.355883002281188965e+00 -3.379670083522796631e-01 1.451740384101867676e+00 -6.763727664947509766e-01 -1.233745574951171875e+00 -6.460455656051635742e-01 -4.114447832107543945e-01 1.318836450576782227e+00 6.701331734657287598e-01 1.092835739254951477e-01 -4.430924654006958008e-01 -9.372272491455078125e-01 -9.444425106048583984e-01 -9.272495508193969727e-01 -3.271879255771636963e-01 -4.331816732883453369e-01 3.628827929496765137e-01 2.384500265121459961e+00 7.554728984832763672e-01 -4.988884031772613525e-01 6.628286242485046387e-01 1.782963991165161133e+00 -3.250795900821685791e-01 -1.098973989486694336e+00 -2.567402124404907227e-01 -4.589062333106994629e-01 -1.612159013748168945e+00 7.662951946258544922e-01 -3.956294655799865723e-01 -3.850008249282836914e-01 2.049351692199707031e+00 -4.611858725547790527e-01 5.841655135154724121e-01 9.988114237785339355e-01 -7.259427905082702637e-01 7.302957177162170410e-01 8.834149241447448730e-01 1.001609444618225098e+00 1.020156368613243103e-01 7.788252830505371094e-01 -5.823048949241638184e-01 -7.391960024833679199e-01 -6.113224029541015625e-01 -4.898963272571563721e-01 -7.464230060577392578e-01 9.100916385650634766e-01 5.331037566065788269e-02 1.562284111976623535e+00 9.742252230644226074e-01 -1.207065820693969727e+00 -2.451939135789871216e-01 6.634346842765808105e-01 -9.416501522064208984e-01
-9.703994989395141602e-01 -9.293014407157897949e-01 3.703771233558654785e-01 2.108865678310394287e-01 -2.535565137863159180e+00 7.895654439926147461e-01 4.423744678497314453e-01 1.899600923061370850e-01 1.024476051330566406e+00 -7.762780785560607910e-01 -2.806812524795532227e-01 2.237471580505371094e+00 -1.986136436462402344e-01 1.161503553390502930e+00 -5.458788275718688965e-01 -1.287125706672668457e+00 -8.206636905670166016e-01 1.604676097631454468e-01 2.574254751205444336e+00 7.994919419288635254e-01 1.452297158539295197e-02 -3.224186003208160400e-01 -7.406588792800903320e-01 -8.188071846961975098e-01 -6.585754156112670898e-01 -3.551830351352691650e-01 -4.317401945590972900e-01 9.202713370323181152e-01 1.936479568481445312e+00 5.416067242622375488e-01 -5.891374349594116211e-01 6.823011040687561035e-01 1.580367207527160645e+00 -4.852947890758514404e-01 -9.137200117111206055e-01 4.853999242186546326e-02 -4.253325164318084717e-01 -1.543463110923767090e+00 1.722179412841796875e+00 -4.524134099483489990e-01 -3.735517859458923340e-01 1.957628965377807617e+00 -9.746371507644653320e-01 2.205030992627143860e-02 7.855800390243530273e-01 -5.097264051437377930e-01 7.392619848251342773e-01 5.844153761863708496e-01 6.787280440330505371e-01 9.384310990571975708e-02 1.514576375484466553e-01 -6.155155301094055176e-01 -7.597295641899108887e-01 -4.331569373607635498e-01 -4.437313973903656006e-01 -1.252697110176086426e+00 5.748156905174255371e-01 7.938045859336853027e-01 1.143625855445861816e+00 4.082604646682739258e-01 -1.080131053924560547e+00 -3.561155796051025391e-01 6.241874694824218750e-01 -1.082285881042480469e+00
-1.024247288703918457e+00 -9.717953801155090332e-01 2.680575251579284668e-01 1.671584323048591614e-02 -2.636987209320068359e+00 8.495407104492187500e-01 2.559660375118255615e-01 1.140572503209114075e-01 9.870551824569702148e-01 -8.403904438018798828e-01 -1.090338304638862610e-01 2.421833992004394531e+00 -1.990028321743011475e-01 1.226040244102478027e+00 -3.145826756954193115e-01 -1.321841835975646973e+00 -7.703071236610412598e-01 3.080005645751953125e-01 2.716739416122436523e+00 7.305284738540649414e-01 3.228179179131984711e-03 -3.415870070457458496e-01 -7.040083408355712891e-01 -7.483605146408081055e-01 -6.020301580429077148e-01 -3.846088349819183350e-01 -3.934524357318878174e-01 1.076701164245605469e+00 1.727897047996520996e+00 5.213050246238708496e-01 -7.290246486663818359e-01 4.219227135181427002e-01 1.647619366645812988e+00 -4.138982295989990234e-01 -9.198696017265319824e-01 1.808553487062454224e-01 -4.615739285945892334e-01 -1.286714434623718262e+00 1.813062429428100586e+00 -5.950687527656555176e-01 -4.396257102489471436e-01 1.879448175430297852e+00 -9.019213914871215820e-01 6.495892256498336792e-02 9.244205355644226074e-01 -5.482013821601867676e-01 6.959882974624633789e-01 4.570039808750152588e-01 4.071455597877502441e-01 -1.381170190870761871e-02 1.030044257640838623e-01 -8.008429408073425293e-01 -7.240446805953979492e-01 -5.487846732139587402e-01 -1.873902082443237305e-01 -1.168816566467285156e+00 6.643076539039611816e-01 8.539938330650329590e-01 9.258914589881896973e-01 2.482381612062454224e-01 -1.021505117416381836e+00 -5.184583663940429688e-01 9.074444174766540527e-01 -8.504361510276794434e-01
-1.186582684516906738e+00 -7.532446980476379395e-01 1.787454783916473389e-01 -5.425052046775817871e-01 -2.143427371978759766e+00 1.276967406272888184e+00 -2.469310462474822998e-01 2.957402169704437256e-01 4.852212369441986084e-01 -5.988351702690124512e-01 -4.393913745880126953e-01 2.870973825454711914e+00 1.070097610354423523e-01 5.668780803680419922e-01 -1.052968502044677734e-01 -1.346314311027526855e+00 -7.509484291076660156e-01 6.859367489814758301e-01 3.441578149795532227e+00 7.283905744552612305e-01 -1.406545937061309814e-01 -2.642781138420104980e-01 -6.703184843063354492e-01 -8.066676259040832520e-01 -6.452868580818176270e-01 -1.607678085565567017e-01 -1.640213727951049805e-01 1.137115001678466797e+00 1.274761676788330078e+00 4.657768607139587402e-01 -5.236600041389465332e-01 6.379039883613586426e-01 9.900225400924682617e-01 -3.112451732158660889e-01 -8.923516869544982910e-01 3.331594765186309814e-01 -1.931810677051544189e-01 -1.416796326637268066e+00 2.256107568740844727e+00 -2.265044301748275757e-01 -1.544383913278579712e-01 1.614002943038940430e+00 -1.124293446540832520e+00 -3.855308890342712402e-01 5.082509517669677734e-01 -3.928831517696380615e-01 5.806294083595275879e-01 1.970890462398529053e-01 3.342908322811126709e-01 1.165514960885047913e-01 -3.346791565418243408e-01 -4.916886389255523682e-01 -7.455317378044128418e-01 -2.262826710939407349e-01 -3.554908037185668945e-01 -1.508937954902648926e+00 4.496187865734100342e-01 1.383138775825500488e+00 5.407494902610778809e-01 -2.472189217805862427e-01 -6.394014954566955566e-01 -1.498451083898544312e-01 5.245178937911987305e-01 -1.083240985870361328e+00
-9.415780305862426758e-01 -4.437859356403350830e-01 1.961378306150436401e-01 -8.319458961486816406e-01 -2.254712104797363281e+00 1.325494408607482910e+00 -5.832821726799011230e-01 3.907808959484100342e-01 2.098256498575210571e-01 -6.046081185340881348e-01 -4.107873737812042236e-01 2.818672418594360352e+00 -3.684673830866813660e-02 2.630840539932250977e-01 -8.504973724484443665e-03 -1.210733532905578613e+00 -6.630240082740783691e-01 1.135073184967041016e+00 3.361181020736694336e+00 8.359664082527160645e-01 -9.135939925909042358e-02 -3.005882203578948975e-01 -5.906817317008972168e-01 -4.374695122241973877e-01 -2.757607996463775635e-01 -1.951560080051422119e-01 -5.473814606666564941e-01 1.444190621376037598e+00 1.351338505744934082e+00 4.721258580684661865e-01 -4.331211149692535400e-01 3.044495582580566406e-01 3.763185143470764160e-01 -2.719857692718505859e-01 -6.994084119796752930e-01 4.065062403678894043e-01 -2.399545907974243164e-01 -1.309243440628051758e+00 2.577755928039550781e+00 -3.460305929183959961e-01 -3.803051710128784180e-01 1.769237160682678223e+00 -9.559459686279296875e-01 -7.882122993469238281e-01 3.878943622112274170e-01 -4.233355522155761719e-01 4.560884833335876465e-01 -2.442346187308430672e-03 2.505410909652709961e-01 1.809792220592498779e-01 -3.898331522941589355e-01 -1.040602102875709534e-01 -8.702639937400817871e-01 -3.327280580997467041e-01 -4.157082140445709229e-01 -1.575139522552490234e+00 3.990297615528106689e-01 1.698709726333618164e+00 1.857791841030120850e-01 -5.302484035491943359e-01 -5.623089075088500977e-01 -5.194268003106117249e-02 3.772936463356018066e-01 -6.871746182441711426e-01
-8.322924971580505371e-01 -1.223604679107666016e+00 1.097885891795158386e-01 7.851581573486328125e-01 -2.411913633346557617e+00 5.336481332778930664e-01 1.260978937149047852e+00 -6.111263111233711243e-02 9.602275490760803223e-01 -9.622148275375366211e-01 -3.517934083938598633e-01 1.729107856750488281e+00 -7.106859236955642700e-02 1.405201077461242676e+00 -8.715096712112426758e-01 -1.311186432838439941e+00 -6.522748470306396484e-01 -3.159865438938140869e-01 1.614777565002441406e+00 6.716085672378540039e-01 -9.578654170036315918e-02 -4.012270271778106689e-01 -8.603592514991760254e-01 -7.578210830688476562e-01 -1.319106340408325195e+00 -2.785422205924987793e-01 -4.958391487598419189e-01 6.988034397363662720e-02 2.081449031829833984e+00 9.061107039451599121e-01 -5.068933963775634766e-01 1.380360484123229980e+00 1.796371936798095703e+00 -3.616101145744323730e-01 -8.478983640670776367e-01 -3.148031532764434814e-01 -5.634800195693969727e-01 -1.045625209808349609e+00 9.500273466110229492e-01 -5.119830369949340820e-01 -1.749050319194793701e-01 1.763331890106201172e+00 -4.726277887821197510e-01 5.974891185760498047e-01 7.819203734397888184e-01 -6.539258360862731934e-01 5.640726685523986816e-01 6.785992980003356934e-01 1.186807870864868164e+00 -9.900280088186264038e-02 1.100917816162109375e+00 -1.181601762771606445e+00 -5.098813176155090332e-01 -7.326216101646423340e-01 -7.806736230850219727e-01 -8.477712869644165039e-01 1.127912998199462891e+00 -6.855694204568862915e-02 1.691362619400024414e+00 9.995024204254150391e-01 -8.567696213722229004e-01 -1.091701984405517578e-01 3.173461556434631348e-01 -9.458876252174377441e-01
-9.669880270957946777e-01 -1.133209586143493652e+00 1.487571448087692261e-01 6.030098199844360352e-01 -2.633874654769897461e+00 7.407719492912292480e-01 8.007577061653137207e-01 -1.370827853679656982e-01 9.398657083511352539e-01 -6.524145007133483887e-01 -4.315201342105865479e-01 1.905165076255798340e+00 -3.290377259254455566e-01 1.465639114379882812e+00 -8.340343832969665527e-01 -1.234923601150512695e+00 -9.399179816246032715e-01 -1.031164526939392090e-01 2.028535842895507812e+00 9.617774486541748047e-01 -1.982994377613067627e-01 -3.847036361694335938e-01 -5.954396724700927734e-01 -4.218820631504058838e-01 -1.025210261344909668e+00 -3.398750722408294678e-01 -5.579286217689514160e-01 6.427398324012756348e-01 2.152678489685058594e+00 6.131979227066040039e-01 -6.004522442817687988e-01 1.054636120796203613e+00 1.743960261344909668e+00 -2.971383035182952881e-01 -4.700584709644317627e-01 -2.165374904870986938e-01 -9.847183227539062500e-01 -9.118348360061645508e-01 1.124636650085449219e+00 -9.533744454383850098e-01 -2.004864364862442017e-01 2.095397949218750000e+00 -5.110675096511840820e-01 2.503861486911773682e-01 8.093215227127075195e-01 -4.827702343463897705e-01 5.903732776641845703e-01 8.230916261672973633e-01 8.335739970207214355e-01 -1.137672141194343567e-01 6.967018842697143555e-01 -1.124568819999694824e+00 -5.127351284027099609e-01 -7.604744434356689453e-01 -5.987764596939086914e-01 -1.196082115173339844e+00 8.675978183746337891e-01 4.624379575252532959e-01 1.455081224441528320e+00 6.095089912414550781e-01 -6.807201504707336426e-01 -4.689998626708984375e-01 6.051995158195495605e-01 -8.747338652610778809e-01
-8.315511941909790039e-01 -1.088077187538146973e+00 2.447236925363540649e-01 9.595163464546203613e-01 -2.667768001556396484e+00 2.689111232757568359e-01 1.251863479614257812e+00 -1.294571310281753540e-01 1.202280998229980469e+00 -7.886275649070739746e-01 -4.399617016315460205e-01 1.319733381271362305e+00 -5.487965941429138184e-01 1.730415940284729004e+00 -8.129361867904663086e-01 -1.116540431976318359e+00 -8.936879634857177734e-01 -3.213183283805847168e-01 1.257839202880859375e+00 8.372947573661804199e-01 -9.150936454534530640e-02 -4.837456941604614258e-01 -7.267043590545654297e-01 -5.701284408569335938e-01 -1.132547140121459961e+00 -3.057869672775268555e-01 -6.511060595512390137e-01 2.939585149288177490e-01 2.219660758972167969e+00 5.950439572334289551e-01 -3.857590258121490479e-01 9.432030916213989258e-01 1.880954980850219727e+00 -2.657731771469116211e-01 -5.216056704521179199e-01 -3.594380319118499756e-01 -9.398894906044006348e-01 -8.468517661094665527e-01 5.982632637023925781e-01 -8.379844427108764648e-01 -2.999521493911743164e-01 2.230512380599975586e+00 -4.080243706703186035e-01 5.591553449630737305e-01 9.755424857139587402e-01 -6.517338752746582031e-01 7.377184629440307617e-01 9.132891297340393066e-01 9.322213530540466309e-01 -1.052979007363319397e-01 1.078768014907836914e+00 -1.211307168006896973e+00 -5.208930373191833496e-01 -8.095021843910217285e-01 -5.493572950363159180e-01 -8.274567127227783203e-01 9.020795226097106934e-01 3.499840572476387024e-02 1.586870670318603516e+00 9.569970965385437012e-01 -7.794142961502075195e-01 -4.631882309913635254e-01 7.632652521133422852e-01 -7.277827858924865723e-01
-8.290402889251708984e-01 -1.064852118492126465e+00 4.124218970537185669e-02 5.409499406814575195e-01 -2.436722278594970703e+00 7.477672100067138672e-01 8.435940742492675781e-01 -7.554882764816284180e-02 9.328815937042236328e-01 -6.793891787528991699e-01 -4.542808234691619873e-01 2.177249193191528320e+00 -4.870683550834655762e-01 1.329216480255126953e+00 -7.281925082206726074e-01 -1.202400088310241699e+00 -8.912716507911682129e-01 -1.466930806636810303e-01 2.128022432327270508e+00 8.910586237907409668e-01 -2.358932644128799438e-01 -4.259629547595977783e-01 -6.770312190055847168e-01 -5.168530941009521484e-01 -1.300025224685668945e+00 -4.441643059253692627e-01 -3.473489284515380859e-01 3.283969163894653320e-01 1.977325320243835449e+00 8.502874970436096191e-01 -5.633882880210876465e-01 1.292092561721801758e+00 1.782461881637573242e+00 -5.131271481513977051e-01 -5.835633277893066406e-01 -2.100793272256851196e-01 -8.460855484008789062e-01 -8.455349802970886230e-01 1.264872312545776367e+00 -8.463791608810424805e-01 -1.497874259948730469e-01 1.894394397735595703e+00 -6.821179986000061035e-01 3.634378314018249512e-01 5.589327812194824219e-01 -5.985255837440490723e-01 5.383502244949340820e-01 5.724426507949829102e-01 9.878379106521606445e-01 -6.970193237066268921e-02 9.331067800521850586e-01 -1.236545085906982422e+00 -4.463160336017608643e-01 -7.251510024070739746e-01 -6.765347123146057129e-01 -9.715237617492675781e-01 1.018347501754760742e+00 2.102710455656051636e-01 1.628972530364990234e+00 7.321980595588684082e-01 -6.215968728065490723e-01 -3.581857383251190186e-01 4.492205977439880371e-01 -9.620236754417419434e-01
-7.636718153953552246e-01 -1.309142231941223145e+00 4.619046449661254883e-01 1.146524667739868164e+00 -2.473333835601806641e+00 2.217057347297668457e-01 1.375910758972167969e+00 -1.085251569747924805e-01 1.217189073562622070e+00 -8.688182234764099121e-01 -5.072785615921020508e-01 1.279555678367614746e+00 -3.702857494354248047e-01 1.626444220542907715e+00 -9.008486866950988770e-01 -1.040938615798950195e+00 -8.574386239051818848e-01 -4.485953450202941895e-01 1.232384800910949707e+00 7.743571996688842773e-01 -8.390730619430541992e-02 -4.069686830043792725e-01 -7.405759096145629883e-01 -6.295534372329711914e-01 -1.184377908706665039e+00 -3.357550203800201416e-01 -4.995288550853729248e-01 3.445620089769363403e-02 2.225290775299072266e+00 7.561516165733337402e-01 -5.241636633872985840e-01 8.426356911659240723e-01 1.828766226768493652e+00 -2.879040241241455078e-01 -6.293334960937500000e-01 -6.076748371124267578e-01 -9.189950823783874512e-01 -9.735994338989257812e-01 4.876621365547180176e-01 -7.284696102142333984e-01 -3.514354825019836426e-01 2.211236953735351562e+00 -3.377573788166046143e-01 5.864222645759582520e-01 9.376150965690612793e-01 -8.389090895652770996e-01 8.608252406120300293e-01 8.963915109634399414e-01 1.031876444816589355e+00 -1.279917508363723755e-01 1.062766790390014648e+00 -1.227136969566345215e+00 -3.424821197986602783e-01 -6.723683476448059082e-01 -6.215611696243286133e-01 -6.628598570823669434e-01 9.509629607200622559e-01 -1.477014925330877304e-02 1.656011223793029785e+00 1.099585175514221191e+00 -6.890121102333068848e-01 -3.246820867061614990e-01 5.557322502136230469e-01 -7.512984275817871094e-01
-9.633733630180358887e-01 -1.005401492118835449e+00 -3.745711594820022583e-02 -6.312196701765060425e-02 -2.258901357650756836e+00 1.029839515686035156e+00 3.616087138652801514e-01 8.639303594827651978e-02 6.110835671424865723e-01 -6.632553935050964355e-01 -5.971206426620483398e-01 2.571542263031005859e+00 -6.684894859790802002e-02 1.034346699714660645e+00 -4.751180708408355713e-01 -1.337488412857055664e+00 -7.987306714057922363e-01 2.320489734411239624e-01 2.942591428756713867e+00 9.900743961334228516e-01 -2.938866317272186279e-01 -3.342338800430297852e-01 -6.823852658271789551e-01 -4.408803582191467285e-01 -1.091569542884826660e+00 -4.016809165477752686e-01 -4.830188453197479248e-01 7.463621497154235840e-01 1.795721173286437988e+00 5.746399760246276855e-01 -5.388285517692565918e-01 1.007974624633789062e+00 1.434471368789672852e+00 -5.646341443061828613e-01 -4.500173628330230713e-01 -1.340057849884033203e-01 -6.464881896972656250e-01 -8.768336176872253418e-01 1.895108342170715332e+00 -7.467363476753234863e-01 -2.556895315647125244e-01 1.944571614265441895e+00 -8.456164002418518066e-01 -5.376408807933330536e-03 6.605979204177856445e-01 -6.205541491508483887e-01 6.151712536811828613e-01 4.855095744132995605e-01 8.335055112838745117e-01 -7.225115597248077393e-02 2.656484246253967285e-01 -1.144882440567016602e+00 -4.873694777488708496e-01 -6.397400498390197754e-01 -7.226207852363586426e-01 -1.384734272956848145e+00 8.347091078758239746e-01 9.273504614830017090e-01 1.117010831832885742e+00 7.052615284919738770e-02 -3.867961168289184570e-01 -2.703520953655242920e-01 5.020827054977416992e-01 -7.936246991157531738e-01
-1.033003687858581543e+00 -9.765217304229736328e-01 1.047038063406944275e-01 -7.866491563618183136e-03 -2.430293798446655273e+00 9.903168082237243652e-01 3.908273577690124512e-02 1.718524396419525146e-01 7.686229348182678223e-01 -6.960155367851257324e-01 -2.308725416660308838e-01 2.582619905471801758e+00 -5.096188560128211975e-02 1.046513795852661133e+00 -4.276417195796966553e-01 -1.358393788337707520e+00 -7.232083678245544434e-01 3.667859733104705811e-01 3.026848793029785156e+00 7.500978112220764160e-01 2.298431470990180969e-02 -3.572695255279541016e-01 -6.951466798782348633e-01 -7.276068925857543945e-01 -7.892150878906250000e-01 -3.763969540596008301e-01 -2.379024475812911987e-01 8.490315079689025879e-01 1.716690540313720703e+00 6.768875718116760254e-01 -7.461012005805969238e-01 6.828117370605468750e-01 1.561685085296630859e+00 -4.510366916656494141e-01 -8.637306690216064453e-01 2.912639640271663666e-02 -2.917317152023315430e-01 -1.451363801956176758e+00 2.008778572082519531e+00 -4.254933297634124756e-01 -3.428051769733428955e-01 1.760551452636718750e+00 -9.666426181793212891e-01 2.277139201760292053e-02 7.095192670822143555e-01 -5.932238698005676270e-01 5.074059367179870605e-01 3.944263458251953125e-01 4.645316004753112793e-01 -2.156929345801472664e-03 4.113627225160598755e-02 -7.542808055877685547e-01 -6.427608132362365723e-01 -3.880736529827117920e-01 -4.226703047752380371e-01 -1.252912878990173340e+00 7.273347377777099609e-01 9.383821487426757812e-01 9.773848056793212891e-01 1.269676983356475830e-01 -8.996765017509460449e-01 -2.236410230398178101e-01 5.999293327331542969e-01 -9.303345084190368652e-01
-8.578696846961975098e-01 -1.325471043586730957e+00 2.459647208452224731e-01 7.623789906501770020e-01 -2.609845638275146484e+00 5.367589592933654785e-01 1.029680013656616211e+00 -1.701176911592483521e-01 1.015799283981323242e+00 -7.181507349014282227e-01 -5.973983407020568848e-01 1.848701357841491699e+00 -3.951953649520874023e-01 1.567769289016723633e+00 -7.850916981697082520e-01 -1.190738797187805176e+00 -1.012603163719177246e+00 -6.425481289625167847e-02 1.811828613281250000e+00 8.469486236572265625e-01 -2.569363415241241455e-01 -3.548808097839355469e-01 -6.052218079566955566e-01 -5.228556990623474121e-01 -1.028477191925048828e+00 -2.854953408241271973e-01 -5.984696149826049805e-01 3.938182592391967773e-01 2.077753543853759766e+00 7.574740648269653320e-01 -5.750273466110229492e-01 9.453105330467224121e-01 1.837934732437133789e+00 -4.500245749950408936e-01 -4.199190437793731689e-01 -2.804114222526550293e-01 -1.057492017745971680e+00 -9.151763319969177246e-01 1.061875820159912109e+00 -8.972774147987365723e-01 -4.046902358531951904e-01 2.052816867828369141e+00 -4.058364629745483398e-01 4.552546441555023193e-01 8.354608416557312012e-01 -6.716291308403015137e-01 8.563859462738037109e-01 6.214833855628967285e-01 8.656808733940124512e-01 -1.588494926691055298e-01 8.496677875518798828e-01 -1.262590289115905762e+00 -3.129722177982330322e-01 -6.662470102310180664e-01 -5.202784538269042969e-01 -9.420623183250427246e-01 8.945935964584350586e-01 2.848279476165771484e-01 1.595478534698486328e+00 7.685762643814086914e-01 -5.394501090049743652e-01 -3.794641792774200439e-01 4.385390877723693848e-01 -8.343226909637451172e-01
-7.398712038993835449e-01 -1.194577813148498535e+00 4.732610583305358887e-01 1.154500842094421387e+00 -2.540518283843994141e+00 1.293532401323318481e-01 1.379980087280273438e+00 -1.695772856473922729e-01 1.497624039649963379e+00 -7.626058459281921387e-01 -4.920212626457214355e-01 9.367864131927490234e-01 -5.252156853675842285e-01 1.742236137390136719e+00 -8.491129279136657715e-01 -9.433525800704956055e-01 -7.687070369720458984e-01 -5.445969700813293457e-01 9.595295190811157227e-01 8.522436618804931641e-01 -6.656119972467422485e-02 -5.822984576225280762e-01 -7.492109537124633789e-01 -5.586277246475219727e-01 -1.116507172584533691e+00 -3.286167383193969727e-01 -5.600022077560424805e-01 2.334302812814712524e-01 2.403718233108520508e+00 4.095460772514343262e-01 -4.424985349178314209e-01 7.269915342330932617e-01 1.933472633361816406e+00 -1.679462194442749023e-01 -4.628259241580963135e-01 -4.603090286254882812e-01 -1.040201425552368164e+00 -8.710874319076538086e-01 2.024198919534683228e-01 -8.102682232856750488e-01 -3.351366519927978516e-01 2.308979034423828125e+00 -2.977209389209747314e-01 6.680514812469482422e-01 1.230817317962646484e+00 -6.945071220397949219e-01 8.387824892997741699e-01 1.095128178596496582e+00 8.037257790565490723e-01 -1.457287520170211792e-01 9.137427806854248047e-01 -1.173350691795349121e+00 -3.565852940082550049e-01 -7.600402235984802246e-01 -4.316636025905609131e-01 -7.562269568443298340e-01 7.985440492630004883e-01 3.741436824202537537e-02 1.453499436378479004e+00 1.047010302543640137e+00 -9.011664986610412598e-01 -6.308195590972900391e-01 7.980611920356750488e-01 -6.775591373443603516e-01
-1.078534603118896484e+00 -7.566514611244201660e-01 8.470723032951354980e-02 -4.398049116134643555e-01 -2.299230337142944336e+00 1.199659466743469238e+00 -2.065405994653701782e-01 3.071761131286621094e-01 4.108757078647613525e-01 -6.389952898025512695e-01 -3.130224645137786865e-01 2.795801401138305664e+00 -2.222715876996517181e-03 5.879509449005126953e-01 -5.421490222215652466e-02 -1.383587241172790527e+00 -6.579107642173767090e-01 5.739198923110961914e-01 3.361596107482910156e+00 6.165362596511840820e-01 -9.375763684511184692e-02 -2.621645629405975342e-01 -6.636942625045776367e-01 -7.688797712326049805e-01 -6.957111358642578125e-01 -2.611065506935119629e-01 -2.010957002639770508e-01 1.062328457832336426e+00 1.407363295555114746e+00 6.966502666473388672e-01 -6.203814148902893066e-01 7.356839776039123535e-01 1.043252825736999512e+00 -3.932512402534484863e-01 -9.190912246704101562e-01 2.548582553863525391e-01 -1.641049683094024658e-01 -1.564956307411193848e+00 2.327288150787353516e+00 -3.295846879482269287e-01 -2.861058413982391357e-01 1.644646644592285156e+00 -1.026668429374694824e+00 -3.448626399040222168e-01 4.083123803138732910e-01 -5.248367190361022949e-01 4.726787507534027100e-01 1.484829336404800415e-01 5.265449881553649902e-01 2.002282589673995972e-01 -1.336033456027507782e-02 -3.973789215087890625e-01 -8.945946693420410156e-01 -3.703231513500213623e-01 -3.754580914974212646e-01 -1.269551157951354980e+00 6.351953744888305664e-01 1.132382512092590332e+00 7.385240197181701660e-01 -1.429334431886672974e-01 -8.327001333236694336e-01 -7.116845250129699707e-02 5.917658805847167969e-01 -9.398737549781799316e-01
-8.158905506134033203e-01 -1.283724427223205566e+00 4.393312931060791016e-01 1.108449459075927734e+00 -2.528713703155517578e+00 4.106310904026031494e-01 1.046998381614685059e+00 -1.776031702756881714e-01 1.231419801712036133e+00 -7.954347133636474609e-01 -3.955908417701721191e-01 1.301686525344848633e+00 -4.224017560482025146e-01 1.652655601501464844e+00 -8.509564995765686035e-01 -1.063723921775817871e+00 -9.299697875976562500e-01 -3.823128044605255127e-01 1.270012021064758301e+00 1.019771456718444824e+00 -1.492598652839660645e-01 -4.636585414409637451e-01 -6.875410676002502441e-01 -4.921397268772125244e-01 -1.172962546348571777e+00 -3.481837511062622070e-01 -5.306805968284606934e-01 3.308728933334350586e-01 2.407232046127319336e+00 4.578858613967895508e-01 -5.959497690200805664e-01 8.100742101669311523e-01 1.789035558700561523e+00 -3.425222039222717285e-01 -4.818512201309204102e-01 -4.797669053077697754e-01 -1.095968604087829590e+00 -8.705035448074340820e-01 6.275334358215332031e-01 -8.308609724044799805e-01 -2.955262362957000732e-01 2.287102460861206055e+00 -2.902549505233764648e-01 6.155175566673278809e-01 1.075511336326599121e+00 -6.421001553535461426e-01 7.380795478820800781e-01 1.096470832824707031e+00 8.563749790191650391e-01 -9.418486058712005615e-02 8.182388544082641602e-01 -1.157796144485473633e+00 -4.111522734165191650e-01 -7.425770759582519531e-01 -6.601213216781616211e-01 -8.946900963783264160e-01 9.029088616371154785e-01 1.623569577932357788e-01 1.411244511604309082e+00 9.217571020126342773e-01 -7.421162724494934082e-01 -5.033937096595764160e-01 6.995996832847595215e-01 -6.908161640167236328e-01
-7.689076662063598633e-01 -1.222668290138244629e+00 1.878390014171600342e-01 9.458464980125427246e-01 -2.478473186492919922e+00 4.163644015789031982e-01 1.258588552474975586e+00 -2.030313909053802490e-01 1.287834048271179199e+00 -8.899996876716613770e-01 -3.592227995395660400e-01 1.291879534721374512e+00 -4.764571487903594971e-01 1.691258072853088379e+00 -7.650653719902038574e-01 -1.182957172393798828e+00 -7.882250547409057617e-01 -4.661126434803009033e-01 1.256925582885742188e+00 8.879197835922241211e-01 -1.435200572013854980e-01 -4.480512440204620361e-01 -7.324633598327636719e-01 -6.646770238876342773e-01 -1.143929004669189453e+00 -3.472239673137664795e-01 -5.434646010398864746e-01 3.784475922584533691e-01 2.246222972869873047e+00 5.530148744583129883e-01 -4.390657246112823486e-01 1.083516359329223633e+00 1.817964911460876465e+00 -4.827264249324798584e-01 -6.154139041900634766e-01 -3.486081063747406006e-01 -9.187716245651245117e-01 -8.518470525741577148e-01 7.075473666191101074e-01 -7.957843542098999023e-01 -2.988367378711700439e-01 2.139477968215942383e+00 -3.220691978931427002e-01 6.463461518287658691e-01 9.831002950668334961e-01 -6.459587812423706055e-01 7.601159811019897461e-01 9.242938160896301270e-01 9.005544781684875488e-01 -1.944378316402435303e-01 9.799668192863464355e-01 -1.131685137748718262e+00 -4.215404987335205078e-01 -8.016057610511779785e-01 -6.251764893531799316e-01 -9.808633327484130859e-01 1.032135248184204102e+00 -2.976264245808124542e-02 1.612751126289367676e+00 1.012283563613891602e+00 -8.461295962333679199e-01 -3.244611620903015137e-01 6.858983635902404785e-01 -8.077481389045715332e-01
-8.549826145172119141e-01 -1.121101975440979004e+00 8.394214510917663574e-02 6.589173674583435059e-01 -2.559213638305664062e+00 5.121023058891296387e-01 8.178261518478393555e-01 -2.123600542545318604e-01 1.170067787170410156e+00 -7.262525558471679688e-01 -5.646665692329406738e-01 1.788032054901123047e+00 -3.479004800319671631e-01 1.557464957237243652e+00 -6.474318504333496094e-01 -1.264676690101623535e+00 -9.125717282295227051e-01 -1.727241128683090210e-01 1.857442021369934082e+00 1.015021324157714844e+00 -1.444554030895233154e-01 -4.404197931289672852e-01 -5.862339735031127930e-01 -5.098061561584472656e-01 -1.103966712951660156e+00 -3.556206226348876953e-01 -5.987859964370727539e-01 5.046022534370422363e-01 2.320864677429199219e+00 4.521685540676116943e-01 -5.500836372375488281e-01 6.786554455757141113e-01 1.874548435211181641e+00 -4.610160887241363525e-01 -4.021764099597930908e-01 -1.774965971708297729e-01 -9.693242311477661133e-01 -8.838374018669128418e-01 1.086782217025756836e+00 -9.605929255485534668e-01 -3.329933285713195801e-01 2.120480060577392578e+00 -4.033104181289672852e-01 4.556753635406494141e-01 9.744680523872375488e-01 -6.605995893478393555e-01 8.402623534202575684e-01 9.042086005210876465e-01 8.445464968681335449e-01 -6.954671442508697510e-02 5.957132577896118164e-01 -1.193834304809570312e+00 -3.879386782646179199e-01 -7.342500686645507812e-01 -4.919210076332092285e-01 -1.217137575149536133e+00 8.712755441665649414e-01 4.447687268257141113e-01 1.371084928512573242e+00 5.164172649383544922e-01 -6.042260527610778809e-01 -6.239415407180786133e-01 7.485997676849365234e-01 -7.171165347099304199e-01
-8.725370764732360840e-01 -5.996184349060058594e-01 2.149874866008758545e-01 -4.512138366699218750e-01 -2.244490623474121094e+00 1.234539747238159180e+00 -1.809058189392089844e-01 4.113122820854187012e-01 6.371372938156127930e-01 -6.757412552833557129e-01 -2.264489680528640747e-01 2.749600172042846680e+00 -1.336586624383926392e-01 6.652393341064453125e-01 -2.745252251625061035e-01 -1.379652738571166992e+00 -7.067130208015441895e-01 6.664576530456542969e-01 3.082250833511352539e+00 8.220680952072143555e-01 -1.053524017333984375e-01 -3.121663928031921387e-01 -5.371733307838439941e-01 -6.100392937660217285e-01 -5.536075830459594727e-01 -2.634386122226715088e-01 -5.689789056777954102e-01 1.181475996971130371e+00 1.788160681724548340e+00 5.646657347679138184e-01 -5.258412361145019531e-01 4.104419052600860596e-01 9.781438112258911133e-01 -3.680926263332366943e-01 -8.067224621772766113e-01 3.365276157855987549e-01 -2.912788391113281250e-01 -1.487402796745300293e+00 2.200937986373901367e+00 -3.210235834121704102e-01 -3.782109618186950684e-01 1.795288920402526855e+00 -1.110458731651306152e+00 -4.572649598121643066e-01 5.004401803016662598e-01 -5.011374950408935547e-01 6.027882695198059082e-01 4.123733937740325928e-01 4.638583660125732422e-01 2.486401200294494629e-01 -2.412233054637908936e-01 -1.975427567958831787e-01 -8.704450726509094238e-01 -4.200681746006011963e-01 -5.137116909027099609e-01 -1.513275027275085449e+00 3.862842023372650146e-01 1.419740200042724609e+00 5.531024336814880371e-01 -3.197688162326812744e-01 -8.340654969215393066e-01 -4.932996332645416260e-01 5.949850082397460938e-01 -9.154505133628845215e-01
-9.938303232192993164e-01 -1.149369359016418457e+00 4.668638110160827637e-02 4.267201721668243408e-01 -2.503304719924926758e+00 7.608848810195922852e-01 6.409779787063598633e-01 -7.964736223220825195e-02 7.795336842536926270e-01 -7.671708464622497559e-01 -4.621827900409698486e-01 2.189067602157592773e+00 -2.893438339233398438e-01 1.325957536697387695e+00 -6.370053291320800781e-01 -1.313267588615417480e+00 -1.051195859909057617e+00 1.912426948547363281e-01 2.259574890136718750e+00 9.504246115684509277e-01 -1.720207333564758301e-01 -2.793161869049072266e-01 -5.648980140686035156e-01 -5.059778094291687012e-01 -1.077888250350952148e+00 -3.685885667800903320e-01 -4.721558690071105957e-01 5.916492342948913574e-01 2.038117170333862305e+00 6.972817182540893555e-01 -5.562593936920166016e-01 9.681819677352905273e-01 1.756600737571716309e+00 -4.823136031627655029e-01 -4.980705678462982178e-01 -2.401992082595825195e-01 -8.445692658424377441e-01 -1.028806328773498535e+00 1.548499226570129395e+00 -7.953417897224426270e-01 -3.115557730197906494e-01 2.012120008468627930e+00 -5.099207758903503418e-01 2.472951710224151611e-01 6.280091404914855957e-01 -6.564585566520690918e-01 7.120289206504821777e-01 6.952382326126098633e-01 9.527501463890075684e-01 -1.807297617197036743e-01 7.275966405868530273e-01 -1.145061492919921875e+00 -4.436963200569152832e-01 -5.287110209465026855e-01 -6.098666191101074219e-01 -1.209110617637634277e+00 9.710154533386230469e-01 4.645492136478424072e-01 1.316228985786437988e+00 4.096257090568542480e-01 -6.169545054435729980e-01 -4.219863116741180420e-01 4.577704966068267822e-01 -8.794512152671813965e-01
-7.260646224021911621e-01 -1.218074202537536621e+00 1.965041756629943848e-01 5.959956049919128418e-01 -2.398728847503662109e+00 6.042808890342712402e-01 9.680347442626953125e-01 -2.128399312496185303e-01 1.052183151245117188e+00 -8.034442663192749023e-01 -4.710727035999298096e-01 2.079390525817871094e+00 -3.422757685184478760e-01 1.198771357536315918e+00 -7.224939465522766113e-01 -1.204716444015502930e+00 -8.004469275474548340e-01 -2.498273998498916626e-01 1.827237248420715332e+00 8.175598978996276855e-01 -1.806330233812332153e-01 -4.366639852523803711e-01 -7.802494168281555176e-01 -4.710232913494110107e-01 -1.313227295875549316e+00 -4.724076092243194580e-01 -4.168933033943176270e-01 3.190238177776336670e-01 2.164436101913452148e+00 8.654781579971313477e-01 -5.756545662879943848e-01 1.194586396217346191e+00 1.727262377738952637e+00 -5.212338566780090332e-01 -5.504199862480163574e-01 -2.593626081943511963e-01 -8.946658372879028320e-01 -1.026118636131286621e+00 1.183889389038085938e+00 -8.639225363731384277e-01 -2.061908394098281860e-01 1.912746548652648926e+00 -4.929294884204864502e-01 5.343018770217895508e-01 6.511017084121704102e-01 -6.470375061035156250e-01 6.846989989280700684e-01 7.297507524490356445e-01 1.158712506294250488e+00 -1.656729578971862793e-01 9.853518009185791016e-01 -1.142768025398254395e+00 -3.432441949844360352e-01 -6.668474078178405762e-01 -6.176285743713378906e-01 -1.025049567222595215e+00 1.023206949234008789e+00 1.283286064863204956e-01 1.679253935813903809e+00 7.795804142951965332e-01 -6.212576627731323242e-01 -3.910930156707763672e-01 2.971062958240509033e-01 -9.296318292617797852e-01
-8.528826832771301270e-01 -8.157848119735717773e-01 -1.671126782894134521e-01 -3.300746381282806396e-01 -2.044846057891845703e+00 1.128537893295288086e+00 4.887429177761077881e-01 -2.546514272689819336e-01 3.280661106109619141e-01 -8.871516585350036621e-01 -5.575726628303527832e-01 2.922980546951293945e+00 -1.156160086393356323e-01 6.608583927154541016e-01 -4.275027215480804443e-01 -1.564850449562072754e+00 -9.274677038192749023e-01 3.333289623260498047e-01 2.857443571090698242e+00 7.800567746162414551e-01 -4.133387804031372070e-01 -3.780661225318908691e-01 -5.434716343879699707e-01 -3.407104909420013428e-01 -1.183607578277587891e+00 -8.404175937175750732e-02 -5.025443434715270996e-01 5.235411524772644043e-01 1.647632598876953125e+00 1.150588989257812500e+00 -4.207481741905212402e-01 1.318559169769287109e+00 1.077102661132812500e+00 -3.082027733325958252e-01 -7.025872468948364258e-01 1.755582988262176514e-01 -6.691203713417053223e-01 -7.710601687431335449e-01 2.256314516067504883e+00 -7.917343974113464355e-01 -6.035463511943817139e-02 1.379112362861633301e+00 -7.011837959289550781e-01 3.367601335048675537e-02 1.063632294535636902e-01 -5.579962134361267090e-01 6.340737938880920410e-01 1.076693907380104065e-01 1.077061414718627930e+00 -3.996627777814865112e-02 8.367930650711059570e-01 -9.799398779869079590e-01 -5.130971670150756836e-01 -7.253112792968750000e-01 -7.510209083557128906e-01 -1.370597600936889648e+00 9.893409609794616699e-01 7.398598790168762207e-01 1.325920462608337402e+00 1.131339520215988159e-01 -2.475171983242034912e-01 -3.100205361843109131e-01 1.686450988054275513e-01 -9.099600315093994141e-01
-8.358216285705566406e-01 -8.306460976600646973e-01 4.442311078310012817e-02 -3.881025612354278564e-01 -2.189889669418334961e+00 1.288321971893310547e+00 -2.101487964391708374e-01 1.152597665786743164e-01 4.455729126930236816e-01 -5.338948369026184082e-01 -3.451476991176605225e-01 2.826799154281616211e+00 -9.832490235567092896e-02 7.591934204101562500e-01 -3.406542539596557617e-01 -1.155735254287719727e+00 -8.451991677284240723e-01 4.408300220966339111e-01 3.357976436614990234e+00 9.718931913375854492e-01 -1.702229976654052734e-01 -2.245498746633529663e-01 -3.708534836769104004e-01 -3.173214495182037354e-01 -7.677748203277587891e-01 -3.611915409564971924e-01 -3.844652771949768066e-01 1.277062535285949707e+00 1.571192502975463867e+00 3.096518218517303467e-01 -6.311660408973693848e-01 6.965512633323669434e-01 1.214776515960693359e+00 -5.356987118721008301e-01 -4.199606478214263916e-01 1.723315566778182983e-01 -6.860507726669311523e-01 -8.117667436599731445e-01 2.182615756988525391e+00 -8.531498312950134277e-01 -3.013558685779571533e-01 1.770805835723876953e+00 -9.870362281799316406e-01 -4.405865669250488281e-01 6.730623841285705566e-01 -4.821652770042419434e-01 5.430091619491577148e-01 4.515749514102935791e-01 3.793920576572418213e-01 2.112632989883422852e-02 -2.635135948657989502e-01 -7.857993841171264648e-01 -4.951599836349487305e-01 -6.027516722679138184e-01 -4.539665281772613525e-01 -1.725466609001159668e+00 3.698476552963256836e-01 1.362313270568847656e+00 6.954621076583862305e-01 -3.998718261718750000e-01 -4.462083876132965088e-01 -5.783882737159729004e-01 7.244622111320495605e-01 -7.357948422431945801e-01
-7.086191773414611816e-01 -1.208041667938232422e+00 3.325733542442321777e-01 1.347224473953247070e+00 -2.474698781967163086e+00 1.080787628889083862e-01 1.394833683967590332e+00 -2.216266840696334839e-01 1.296360731124877930e+00 -8.339590430259704590e-01 -3.855858445167541504e-01 1.172372460365295410e+00 -6.163293123245239258e-01 1.748256683349609375e+00 -9.046364426612854004e-01 -1.100818395614624023e+00 -8.472924232482910156e-01 -5.671716928482055664e-01 8.268614411354064941e-01 7.525904178619384766e-01 -1.511518657207489014e-01 -4.907994568347930908e-01 -6.665748953819274902e-01 -5.179849863052368164e-01 -1.151371121406555176e+00 -3.828382194042205811e-01 -5.032934546470642090e-01 1.064770147204399109e-01 2.350505113601684570e+00 6.740372180938720703e-01 -5.197157263755798340e-01 8.450373411178588867e-01 1.961306929588317871e+00 -2.757925093173980713e-01 -5.781322121620178223e-01 -4.530629515647888184e-01 -8.661428689956665039e-01 -9.046441316604614258e-01 4.412881433963775635e-01 -6.958777904510498047e-01 -2.019285261631011963e-01 2.035123586654663086e+00 -3.463762700557708740e-01 8.073311448097229004e-01 9.131413698196411133e-01 -6.838496327400207520e-01 7.654152512550354004e-01 1.037269353866577148e+00 1.026417613029479980e+00 -6.469102203845977783e-02 1.133113026618957520e+00 -1.207152485847473145e+00 -4.063454568386077881e-01 -7.345486879348754883e-01 -5.799655914306640625e-01 -7.171380519866943359e-01 9.256693720817565918e-01 -2.136722952127456665e-01 1.709599494934082031e+00 1.034220933914184570e+00 -7.458346486091613770e-01 -5.251996517181396484e-01 6.629111766815185547e-01 -8.094308972358703613e-01
-1.068372845649719238e+00 -7.329837083816528320e-01 3.841821849346160889e-02 -3.249467909336090088e-01 -2.367530822753906250e+00 1.236007809638977051e+00 -2.041116803884506226e-01 3.305115103721618652e-01 4.675838351249694824e-01 -5.935479998588562012e-01 -2.963191568851470947e-01 2.915468692779541016e+00 -8.466237038373947144e-02 7.509913444519042969e-01 -3.018354773521423340e-01 -1.296143412590026855e+00 -5.946379303932189941e-01 6.969168782234191895e-01 3.279476881027221680e+00 6.213746666908264160e-01 -9.835773380473256111e-04 -3.357787728309631348e-01 -6.461883783340454102e-01 -8.150614500045776367e-01 -6.580893993377685547e-01 -3.371823728084564209e-01 -2.464699000120162964e-01 9.561083316802978516e-01 1.408214688301086426e+00 7.277098894119262695e-01 -6.521255373954772949e-01 7.681899070739746094e-01 1.136808037757873535e+00 -2.971312403678894043e-01 -8.809899091720581055e-01 2.791920602321624756e-01 -1.760098487138748169e-01 -1.497902154922485352e+00 2.240518093109130859e+00 -3.334848582744598389e-01 -3.119598031044006348e-01 1.624665260314941406e+00 -1.095929026603698730e+00 -3.530852496623992920e-01 5.276427865028381348e-01 -4.568111896514892578e-01 3.761001825332641602e-01 8.979274332523345947e-02 3.414179682731628418e-01 1.313320696353912354e-01 -2.733749523758888245e-02 -4.716459214687347412e-01 -8.254355192184448242e-01 -3.629294037818908691e-01 -3.376241922378540039e-01 -1.342458367347717285e+00 6.113784313201904297e-01 1.157925486564636230e+00 7.515165209770202637e-01 -6.346762925386428833e-02 -8.591458797454833984e-01 -7.101950794458389282e-02 5.203068852424621582e-01 -9.513819813728332520e-01
-9.328041076660156250e-01 -1.109503984451293945e+00 1.781896501779556274e-01 2.823768258094787598e-01 -2.555697441101074219e+00 7.467690706253051758e-01 8.205030560493469238e-01 8.730933070182800293e-02 1.112338781356811523e+00 -9.089577198028564453e-01 -1.972748339176177979e-01 1.946435093879699707e+00 -2.028945833444595337e-01 1.200471758842468262e+00 -6.051902174949645996e-01 -1.242779254913330078e+00 -8.794833421707153320e-01 -2.857908839359879494e-03 2.391457796096801758e+00 9.222104549407958984e-01 2.061238326132297516e-02 -2.443190664052963257e-01 -7.163329124450683594e-01 -5.982831120491027832e-01 -8.024026155471801758e-01 -3.454766571521759033e-01 -4.573354721069335938e-01 6.473148465156555176e-01 2.095276594161987305e+00 7.156507968902587891e-01 -7.716329097747802734e-01 8.533330559730529785e-01 1.668143153190612793e+00 -4.267943203449249268e-01 -7.859800457954406738e-01 -1.367408931255340576e-01 -6.064020991325378418e-01 -1.413340449333190918e+00 1.399152278900146484e+00 -6.514748334884643555e-01 -2.640605270862579346e-01 2.047913789749145508e+00 -6.238620877265930176e-01 1.533626168966293335e-01 6.982207894325256348e-01 -5.498706102371215820e-01 7.591117024421691895e-01 6.371721625328063965e-01 9.205215573310852051e-01 1.038442179560661316e-02 5.597583651542663574e-01 -7.466146349906921387e-01 -6.544618606567382812e-01 -5.537052750587463379e-01 -4.577487707138061523e-01 -1.400178790092468262e+00 6.266091465950012207e-01 4.258286654949188232e-01 1.417244553565979004e+00 3.763844370841979980e-01 -9.637795090675354004e-01 -4.301940798759460449e-01 6.011290550231933594e-01 -1.011744499206542969e+00
-8.624724149703979492e-01 -1.094944119453430176e+00 1.980026215314865112e-01 6.383007764816284180e-01 -2.544376373291015625e+00 5.725560188293457031e-01 9.952614903450012207e-01 -8.827353268861770630e-02 1.143508911132812500e+00 -6.748230457305908203e-01 -6.645197272300720215e-01 1.853493332862854004e+00 -3.572377562522888184e-01 1.465849161148071289e+00 -7.289236783981323242e-01 -1.317668318748474121e+00 -9.374412298202514648e-01 -2.288893908262252808e-01 1.976589441299438477e+00 8.978542089462280273e-01 -2.392911463975906372e-01 -4.595187902450561523e-01 -6.039819717407226562e-01 -4.745581150054931641e-01 -1.144353270530700684e+00 -3.516919612884521484e-01 -5.809804201126098633e-01 4.578315615653991699e-01 2.278091192245483398e+00 4.564379453659057617e-01 -4.406044483184814453e-01 8.488972783088684082e-01 1.875879883766174316e+00 -3.575879335403442383e-01 -4.084634482860565186e-01 -2.989134490489959717e-01 -9.728896021842956543e-01 -9.739653468132019043e-01 1.060154676437377930e+00 -8.556140661239624023e-01 -2.561247050762176514e-01 2.051245927810668945e+00 -5.798020362854003906e-01 3.577050566673278809e-01 8.727378249168395996e-01 -6.905423402786254883e-01 8.034372925758361816e-01 9.407860040664672852e-01 8.142017722129821777e-01 -6.072794273495674133e-02 6.041644215583801270e-01 -1.228942751884460449e+00 -3.928222358226776123e-01 -7.169353961944580078e-01 -5.378777980804443359e-01 -1.146283388137817383e+00 8.416785001754760742e-01 5.468784570693969727e-01 1.330896735191345215e+00 5.869141221046447754e-01 -5.470888614654541016e-01 -4.664881527423858643e-01 7.022248506546020508e-01 -7.516341209411621094e-01
-6.607649326324462891e-01 -1.248084187507629395e+00 3.463981449604034424e-01 8.195865750312805176e-01 -2.722741603851318359e+00 2.772198021411895752e-01 1.138776421546936035e+00 -1.704062968492507935e-01 1.212686181068420410e+00 -9.785312414169311523e-01 -1.949979215860366821e-01 1.809059381484985352e+00 -3.582273721694946289e-01 1.471465945243835449e+00 -5.741246938705444336e-01 -1.159314274787902832e+00 -9.001379609107971191e-01 -2.437645196914672852e-01 1.522285103797912598e+00 8.173037171363830566e-01 2.273204363882541656e-02 -2.844393551349639893e-01 -7.321929335594177246e-01 -5.137572288513183594e-01 -1.023481845855712891e+00 -4.626076817512512207e-01 -5.661191940307617188e-01 5.105475187301635742e-01 2.163382291793823242e+00 8.490681052207946777e-01 -6.003248691558837891e-01 9.353648424148559570e-01 1.998068690299987793e+00 -3.552896678447723389e-01 -9.206559062004089355e-01 -1.518930494785308838e-01 -7.632373571395874023e-01 -1.031881570816040039e+00 7.368034720420837402e-01 -9.274024367332458496e-01 -3.079712092876434326e-01 1.815320014953613281e+00 -5.510041713714599609e-01 5.764266252517700195e-01 7.624989151954650879e-01 -4.937239885330200195e-01 7.042501568794250488e-01 8.418431282043457031e-01 8.755602240562438965e-01 6.379630416631698608e-02 9.469203948974609375e-01 -9.017345905303955078e-01 -4.280493855476379395e-01 -8.287443518638610840e-01 -4.329546689987182617e-01 -8.056331872940063477e-01 8.576502203941345215e-01 -4.144705459475517273e-02 1.635210394859313965e+00 8.527930378913879395e-01 -1.139458179473876953e+00 -6.623703241348266602e-01 5.732678771018981934e-01 -8.813359737396240234e-01
-9.297846555709838867e-01 -1.014691352844238281e+00 -1.505237072706222534e-02 2.427279716357588768e-03 -2.316234111785888672e+00 1.015448331832885742e+00 3.359425961971282959e-01 -1.500946581363677979e-01 7.391976118087768555e-01 -7.238010764122009277e-01 -3.862822651863098145e-01 2.612335920333862305e+00 -1.540946960449218750e-01 9.183167815208435059e-01 -4.644258916378021240e-01 -1.320601224899291992e+00 -9.361122846603393555e-01 2.553416192531585693e-01 2.737920999526977539e+00 8.645328879356384277e-01 -2.173294425010681152e-01 -3.933137059211730957e-01 -6.528109908103942871e-01 -2.970362305641174316e-01 -1.047109961509704590e+00 -3.863329291343688965e-01 -4.213308990001678467e-01 8.198922276496887207e-01 1.694378495216369629e+00 7.386877536773681641e-01 -6.336439847946166992e-01 1.033063173294067383e+00 1.470790147781372070e+00 -6.239164471626281738e-01 -5.514163374900817871e-01 1.285898592323064804e-02 -8.739561438560485840e-01 -9.713798165321350098e-01 1.946909785270690918e+00 -1.014632582664489746e+00 -3.306779265403747559e-01 1.888699293136596680e+00 -7.026060223579406738e-01 2.229344546794891357e-01 5.583626627922058105e-01 -4.451424777507781982e-01 5.805190205574035645e-01 4.037780761718750000e-01 8.937917947769165039e-01 -1.133828908205032349e-01 5.259084701538085938e-01 -1.174069046974182129e+00 -4.180830717086791992e-01 -6.834004521369934082e-01 -5.167619585990905762e-01 -1.323382616043090820e+00 9.620275497436523438e-01 7.215459346771240234e-01 1.245861053466796875e+00 2.201573401689529419e-01 -4.560276567935943604e-01 -4.411646127700805664e-01 4.787348508834838867e-01 -7.741225361824035645e-01
-8.354057073593139648e-01 -1.146532893180847168e+00 2.530222237110137939e-01 6.585666537284851074e-01 -2.601828813552856445e+00 8.799507617950439453e-01 6.689411401748657227e-01 -1.146952807903289795e-01 1.017556428909301758e+00 -7.200155258178710938e-01 -4.568696916103363037e-01 1.975502610206604004e+00 -3.868969380855560303e-01 1.490853786468505859e+00 -7.940642833709716797e-01 -1.134174108505249023e+00 -9.924785494804382324e-01 -5.982640432193875313e-04 1.912145853042602539e+00 9.703423380851745605e-01 -2.199789583683013916e-01 -5.319530367851257324e-01 -5.852121114730834961e-01 -4.422836005687713623e-01 -1.139167547225952148e+00 -3.036335408687591553e-01 -6.346849203109741211e-01 4.868796169757843018e-01 2.157489299774169922e+00 6.299661397933959961e-01 -4.964308440685272217e-01 9.849334359169006348e-01 1.669631838798522949e+00 -3.047529458999633789e-01 -3.725361824035644531e-01 -2.245344370603561401e-01 -1.103279709815979004e+00 -8.838580250740051270e-01 1.157443284988403320e+00 -1.005169749259948730e+00 -2.836506962776184082e-01 2.200216770172119141e+00 -4.597136676311492920e-01 2.360375672578811646e-01 9.103389382362365723e-01 -5.816038846969604492e-01 6.456376910209655762e-01 8.155182600021362305e-01 6.711144447326660156e-01 -9.436460584402084351e-02 7.598226666450500488e-01 -1.200018525123596191e+00 -4.470031559467315674e-01 -8.273450136184692383e-01 -6.300972700119018555e-01 -1.141847491264343262e+00 8.360157608985900879e-01 4.626463353633880615e-01 1.339067220687866211e+00 6.270424723625183105e-01 -6.165271401405334473e-01 -4.910860955715179443e-01 6.396448016166687012e-01 -7.007910013198852539e-01
-1.021679282188415527e+00 -1.096194386482238770e+00 4.686295986175537109e-01 7.796658277511596680e-01 -2.678233861923217773e+00 5.067802071571350098e-01 7.836930155754089355e-01 -3.179991617798805237e-02 1.222075462341308594e+00 -9.035348296165466309e-01 -1.706627458333969116e-01 1.658182382583618164e+00 -2.261036932468414307e-01 1.313296675682067871e+00 -5.168412327766418457e-01 -1.313727378845214844e+00 -7.614885568618774414e-01 -1.670672297477722168e-01 1.636570096015930176e+00 6.510654687881469727e-01 4.406226333230733871e-03 -3.983242511749267578e-01 -9.476277232170104980e-01 -9.723582267761230469e-01 -8.322648406028747559e-01 -2.924709320068359375e-01 -4.559239447116851807e-01 6.072310209274291992e-01 2.270410060882568359e+00 7.492446899414062500e-01 -5.852779150009155273e-01 7.786192893981933594e-01 1.683647513389587402e+00 -3.054485917091369629e-01 -1.028220891952514648e+00 -1.719880700111389160e-01 -5.110227465629577637e-01 -1.588992357254028320e+00 1.070455193519592285e+00 -4.318333268165588379e-01 -3.005768656730651855e-01 2.011828422546386719e+00 -4.989131987094879150e-01 4.611673057079315186e-01 9.588392376899719238e-01 -6.809602379798889160e-01 7.147356271743774414e-01 7.609844803810119629e-01 9.898556470870971680e-01 1.842955313622951508e-02 7.913240790367126465e-01 -7.083795070648193359e-01 -7.792432308197021484e-01 -5.396824479103088379e-01 -4.513261914253234863e-01 -9.522770047187805176e-01 8.454920053482055664e-01 2.115240097045898438e-01 1.402029991149902344e+00 8.704662919044494629e-01 -1.120007276535034180e+00 -2.362228333950042725e-01 6.597018241882324219e-01 -1.032922267913818359e+00
-7.962566018104553223e-01 -1.359101176261901855e+00 3.371658027172088623e-01 8.632038235664367676e-01 -2.465861082077026367e+00 4.414511620998382568e-01 1.123988986015319824e+00 -1.274562627077102661e-01 1.224083542823791504e+00 -8.912277221679687500e-01 -3.951467573642730713e-01 1.718122959136962891e+00 -3.005431890487670898e-01 1.516912937164306641e+00 -7.424362301826477051e-01 -1.179122447967529297e+00 -9.068019986152648926e-01 -1.254028230905532837e-01 1.619596838951110840e+00 8.052979707717895508e-01 -1.012850776314735413e-01 -4.379492998123168945e-01 -7.738389372825622559e-01 -5.005357265472412109e-01 -1.188375234603881836e+00 -3.305956125259399414e-01 -5.055552124977111816e-01 3.983544707298278809e-01 2.094828605651855469e+00 6.699554920196533203e-01 -6.069770455360412598e-01 9.923093914985656738e-01 1.833651185035705566e+00 -3.668075799942016602e-01 -6.264669895172119141e-01 -3.016479611396789551e-01 -9.891082644462585449e-01 -9.668443202972412109e-01 8.743061423301696777e-01 -7.970273494720458984e-01 -3.358781933784484863e-01 2.081526994705200195e+00 -4.284855127334594727e-01 5.755777955055236816e-01 9.665281772613525391e-01 -6.568858027458190918e-01 8.041070103645324707e-01 7.967250347137451172e-01 9.698429703712463379e-01 -1.462646573781967163e-01 8.894428610801696777e-01 -1.245826363563537598e+00 -3.751084804534912109e-01 -7.385280132293701172e-01 -5.373498201370239258e-01 -9.631133079528808594e-01 9.366122484207153320e-01 1.758959442377090454e-01 1.483292818069458008e+00 8.433682918548583984e-01 -8.193025588989257812e-01 -5.456650853157043457e-01 5.439177155494689941e-01 -7.884268164634704590e-01
-9.006918668746948242e-01 -9.394413232803344727e-01 2.776934802532196045e-01 -5.094511508941650391e-01 -2.097320079803466797e+00 1.197890877723693848e+00 -1.518425047397613525e-01 2.557816207408905029e-01 4.722256362438201904e-01 -4.765478670597076416e-01 -3.430859148502349854e-01 2.588983774185180664e+00 -7.820913568139076233e-03 7.180258631706237793e-01 -4.060821235179901123e-01 -1.207252860069274902e+00 -7.656056880950927734e-01 5.237392783164978027e-01 3.369622468948364258e+00 1.130948662757873535e+00 -2.211559116840362549e-01 -1.506543606519699097e-01 -6.417877078056335449e-01 -1.901423931121826172e-01 -5.493015050888061523e-01 -2.960529327392578125e-01 -4.406574964523315430e-01 1.203155755996704102e+00 1.745818614959716797e+00 2.763096392154693604e-01 -8.023864030838012695e-01 6.127793192863464355e-01 8.676935434341430664e-01 -6.807296872138977051e-01 -2.921142876148223877e-01 -1.503021717071533203e-01 -6.293389201164245605e-01 -9.890453815460205078e-01 2.217575550079345703e+00 -7.507123947143554688e-01 -4.891123771667480469e-01 2.109070539474487305e+00 -8.225590586662292480e-01 -4.087282717227935791e-01 6.262895464897155762e-01 -4.566806256771087646e-01 6.453197002410888672e-01 3.994936347007751465e-01 5.762328505516052246e-01 -1.492100507020950317e-01 -4.090413153171539307e-01 -6.070439815521240234e-01 -4.339330494403839111e-01 -4.749992191791534424e-01 -5.648346543312072754e-01 -1.791849017143249512e+00 5.216186642646789551e-01 1.409761548042297363e+00 5.854430794715881348e-01 -3.495577573776245117e-01 -4.634315371513366699e-01 -2.749179601669311523e-01 4.097759127616882324e-01 -7.606399655342102051e-01
-1.061762690544128418e+00 -5.732096433639526367e-01 3.899394273757934570e-01 -7.202281951904296875e-01 -2.145138502120971680e+00 1.120392084121704102e+00 -7.279083728790283203e-01 5.069812536239624023e-01 3.801441192626953125e-01 -4.519028365612030029e-01 -3.222729563713073730e-01 2.799373149871826172e+00 6.114239245653152466e-02 6.077380776405334473e-01 -1.452413271181285381e-03 -1.134829640388488770e+00 -7.103126645088195801e-01 7.354494929313659668e-01 3.519438266754150391e+00 8.235573768615722656e-01 -6.598394364118576050e-02 -2.565239369869232178e-01 -5.043692588806152344e-01 -6.933092474937438965e-01 -4.079223871231079102e-01 -2.673933207988739014e-01 -3.765013217926025391e-01 1.456149578094482422e+00 1.167193174362182617e+00 2.037699669599533081e-01 -4.691947400569915771e-01 6.840918958187103271e-02 8.262857198715209961e-01 -5.374777317047119141e-01 -7.448709607124328613e-01 2.050660550594329834e-01 -7.572119683027267456e-02 -1.277110815048217773e+00 2.413720369338989258e+00 -4.729862213134765625e-01 -3.951294124126434326e-01 1.721031308174133301e+00 -1.191719412803649902e+00 -5.304841399192810059e-01 6.323293447494506836e-01 -4.271789789199829102e-01 5.857028961181640625e-01 2.600515782833099365e-01 2.829833328723907471e-02 2.495432049036026001e-01 -7.537909746170043945e-01 -3.815634548664093018e-01 -7.190920710563659668e-01 -3.719196915626525879e-01 -2.932683229446411133e-01 -1.451636672019958496e+00 4.000822901725769043e-01 1.688225865364074707e+00 2.104043215513229370e-01 -4.778475463390350342e-01 -5.794462561607360840e-01 -2.898235023021697998e-01 8.355388641357421875e-01 -6.707972884178161621e-01
-9.307679533958435059e-01 -1.012157201766967773e+00 2.432641386985778809e-01 4.889701306819915771e-01 -2.662358522415161133e+00 7.507721781730651855e-01 6.992419362068176270e-01 6.637700647115707397e-02 1.028423666954040527e+00 -9.090169072151184082e-01 -1.809420436620712280e-01 1.942571401596069336e+00 -2.456444799900054932e-01 1.292930245399475098e+00 -5.947058200836181641e-01 -1.339592814445495605e+00 -8.415586352348327637e-01 1.653828173875808716e-01 2.265669107437133789e+00 7.942383289337158203e-01 8.500582724809646606e-02 -2.600056827068328857e-01 -7.303400635719299316e-01 -7.821545600891113281e-01 -7.188261151313781738e-01 -4.121938347816467285e-01 -5.152140855789184570e-01 7.836625576019287109e-01 2.033129930496215820e+00 5.651958584785461426e-01 -6.656696200370788574e-01 7.818630337715148926e-01 1.674991369247436523e+00 -5.162865519523620605e-01 -9.142621159553527832e-01 -2.015995085239410400e-01 -4.347990751266479492e-01 -1.491572856903076172e+00 1.600488662719726562e+00 -4.249748587608337402e-01 -3.718324601650238037e-01 1.866566658020019531e+00 -5.995873808860778809e-01 2.812106311321258545e-01 7.977480888366699219e-01 -6.858117580413818359e-01 6.350431442260742188e-01 5.973752140998840332e-01 9.373750686645507812e-01 -5.181721970438957214e-02 5.769218802452087402e-01 -7.487809658050537109e-01 -7.442920207977294922e-01 -4.129081964492797852e-01 -5.565524697303771973e-01 -1.329648613929748535e+00 8.384066820144653320e-01 3.925187885761260986e-01 1.269439935684204102e+00 4.888547062873840332e-01 -1.080569624900817871e+00 -1.087364926934242249e-01 6.323461532592773438e-01 -1.004246234893798828e+00
-8.669759631156921387e-01 -1.085736513137817383e+00 1.533765047788619995e-01 6.127382516860961914e-01 -2.408660173416137695e+00 7.675077319145202637e-01 1.101326584815979004e+00 -1.218572780489921570e-01 8.676784634590148926e-01 -8.603897690773010254e-01 -4.777216613292694092e-01 2.099149465560913086e+00 -2.058985084295272827e-01 1.211588263511657715e+00 -8.463416695594787598e-01 -1.223696589469909668e+00 -7.919052243232727051e-01 -1.238750442862510681e-01 1.965472698211669922e+00 6.964312195777893066e-01 -2.567142844200134277e-01 -4.960537850856781006e-01 -8.093323707580566406e-01 -5.745378136634826660e-01 -1.274958372116088867e+00 -4.061697423458099365e-01 -5.535418987274169922e-01 3.115887641906738281e-01 2.072133541107177734e+00 9.876522421836853027e-01 -5.843844413757324219e-01 1.377105593681335449e+00 1.558741092681884766e+00 -3.940933346748352051e-01 -5.809893608093261719e-01 -3.375024795532226562e-01 -7.885231375694274902e-01 -1.038099527359008789e+00 1.219404697418212891e+00 -6.590772271156311035e-01 -2.927801907062530518e-01 1.941901326179504395e+00 -5.980597734451293945e-01 3.035367131233215332e-01 7.585675716400146484e-01 -6.043537259101867676e-01 6.560623645782470703e-01 6.440216302871704102e-01 1.118218898773193359e+00 -1.269241273403167725e-01 9.059905409812927246e-01 -1.178238987922668457e+00 -4.564341604709625244e-01 -6.573715806007385254e-01 -7.618260383605957031e-01 -9.011422395706176758e-01 9.871262907981872559e-01 3.434458673000335693e-01 1.605554938316345215e+00 8.232009410858154297e-01 -5.980834960937500000e-01 -1.379845589399337769e-01 2.194145321846008301e-01 -9.774633646011352539e-01
-7.479244470596313477e-01 -9.931484460830688477e-01 3.849653899669647217e-02 -2.943778596818447113e-02 -2.260003328323364258e+00 9.803764224052429199e-01 1.490634530782699585e-01 7.395827025175094604e-02 6.522503495216369629e-01 -5.539549589157104492e-01 -5.953965187072753906e-01 2.626147031784057617e+00 -3.367035984992980957e-01 1.112151861190795898e+00 -4.708978831768035889e-01 -1.316767096519470215e+00 -8.410213589668273926e-01 2.649930119514465332e-01 3.034506082534790039e+00 1.033574819564819336e+00 -3.268937468528747559e-01 -4.025717675685882568e-01 -5.479125380516052246e-01 -2.207812517881393433e-01 -1.131888866424560547e+00 -3.447160124778747559e-01 -3.922797441482543945e-01 8.203032612800598145e-01 1.721708297729492188e+00 5.137794613838195801e-01 -5.218622088432312012e-01 1.000039100646972656e+00 1.454486012458801270e+00 -5.954980850219726562e-01 -3.428538441658020020e-01 -7.876713573932647705e-02 -8.260095715522766113e-01 -7.492038607597351074e-01 1.999049067497253418e+00 -8.075811862945556641e-01 -3.072194755077362061e-01 1.973922491073608398e+00 -8.584334254264831543e-01 -4.928086325526237488e-02 5.817908048629760742e-01 -7.068266272544860840e-01 5.481587052345275879e-01 5.255588293075561523e-01 6.305428743362426758e-01 -9.417229890823364258e-02 2.645281851291656494e-01 -1.102881193161010742e+00 -4.678427278995513916e-01 -6.939852833747863770e-01 -7.513912320137023926e-01 -1.352512955665588379e+00 7.344214916229248047e-01 9.527103304862976074e-01 1.032868504524230957e+00 -2.131881006062030792e-02 -3.586845397949218750e-01 -4.331347942352294922e-01 6.001471877098083496e-01 -7.281973958015441895e-01
-7.968852519989013672e-01 -9.881835579872131348e-01 2.394289672374725342e-01 6.420065760612487793e-01 -2.585402965545654297e+00 6.603643894195556641e-01 7.654302120208740234e-01 -3.645981848239898682e-02 1.102296113967895508e+00 -8.187035918235778809e-01 -5.995789766311645508e-01 1.914666533470153809e+00 -3.942219614982604980e-01 1.339822888374328613e+00 -7.935811877250671387e-01 -1.250246644020080566e+00 -6.126258969306945801e-01 -1.736821830272674561e-01 2.044088363647460938e+00 8.674632310867309570e-01 -2.079546302556991577e-01 -6.351483464241027832e-01 -7.880827784538269043e-01 -5.282241702079772949e-01 -1.261269807815551758e+00 -3.519318699836730957e-01 -5.689682960510253906e-01 4.701767861843109131e-01 2.282146453857421875e+00 5.134674310684204102e-01 -4.892433285713195801e-01 1.025230169296264648e+00 1.634913682937622070e+00 -3.100830018520355225e-01 -5.278427600860595703e-01 -2.123723030090332031e-01 -7.026910781860351562e-01 -9.412527680397033691e-01 1.196241855621337891e+00 -7.073798179626464844e-01 -2.925787568092346191e-01 2.074803590774536133e+00 -5.807633996009826660e-01 3.794034421443939209e-01 9.275811910629272461e-01 -7.394942641258239746e-01 6.885761022567749023e-01 8.067654371261596680e-01 9.454979896545410156e-01 -1.041988260112702847e-03 7.013069391250610352e-01 -1.138131499290466309e+00 -4.571898877620697021e-01 -8.086434602737426758e-01 -7.073367834091186523e-01 -1.173351526260375977e+00 9.133670926094055176e-01 5.685439109802246094e-01 1.351433873176574707e+00 6.420620679855346680e-01 -7.019023299217224121e-01 -4.223661422729492188e-01 5.618028640747070312e-01 -7.888571619987487793e-01
-8.867586255073547363e-01 -1.068435907363891602e+00 3.361304700374603271e-01 5.227088332176208496e-01 -2.541925430297851562e+00 6.053068041801452637e-01 6.800693869590759277e-01 2.290914058685302734e-01 1.185812115669250488e+00 -8.251617550849914551e-01 -2.018333822488784790e-01 2.036841630935668945e+00 -3.184587359428405762e-01 1.309754252433776855e+00 -5.725252628326416016e-01 -1.279551863670349121e+00 -8.345439434051513672e-01 -1.008242554962635040e-02 2.086216211318969727e+00 9.126028418540954590e-01 -9.987660683691501617e-03 -2.627662122249603271e-01 -8.114899396896362305e-01 -8.131797313690185547e-01 -8.786914944648742676e-01 -3.970201313495635986e-01 -4.429894685745239258e-01 7.516244649887084961e-01 2.096261501312255859e+00 6.270208954811096191e-01 -5.951861143112182617e-01 7.943338155746459961e-01 1.714378476142883301e+00 -4.702866673469543457e-01 -9.404087066650390625e-01 -1.027558222413063049e-01 -5.272923707962036133e-01 -1.609881281852722168e+00 1.361068129539489746e+00 -3.521338701248168945e-01 -3.311171829700469971e-01 2.036176204681396484e+00 -7.861471772193908691e-01 2.139731347560882568e-01 7.291129827499389648e-01 -5.954521894454956055e-01 7.432827353477478027e-01 8.631063103675842285e-01 7.320305705070495605e-01 8.753868937492370605e-02 4.857315421104431152e-01 -5.196549296379089355e-01 -8.403574824333190918e-01 -4.899955093860626221e-01 -5.115165114402770996e-01 -1.141514539718627930e+00 6.455753445625305176e-01 4.413672685623168945e-01 1.252538681030273438e+00 5.160297155380249023e-01 -1.198138594627380371e+00 -3.565737605094909668e-01 6.538182497024536133e-01 -1.024178862571716309e+00
-8.203459382057189941e-01 -1.183294892311096191e+00 2.165843844413757324e-01 5.495138764381408691e-01 -2.489221096038818359e+00 6.236393451690673828e-01 8.028674125671386719e-01 -1.596485674381256104e-01 1.122103214263916016e+00 -7.174761295318603516e-01 -5.866513848304748535e-01 1.994461894035339355e+00 -2.529737353324890137e-01 1.412783384323120117e+00 -7.470411658287048340e-01 -1.227638244628906250e+00 -9.618818759918212891e-01 -2.032345533370971680e-02 2.127376556396484375e+00 9.196182489395141602e-01 -1.265019774436950684e-01 -4.495501816272735596e-01 -6.493644118309020996e-01 -4.732960462570190430e-01 -1.142395496368408203e+00 -2.832022011280059814e-01 -5.583302974700927734e-01 5.476865172386169434e-01 2.106536626815795898e+00 4.841422140598297119e-01 -5.335585474967956543e-01 9.547121524810791016e-01 1.751436591148376465e+00 -4.463464021682739258e-01 -4.090654253959655762e-01 -1.632951200008392334e-01 -1.045484781265258789e+00 -8.807912468910217285e-01 1.233887076377868652e+00 -8.428065776824951172e-01 -3.147947192192077637e-01 2.069221258163452148e+00 -5.325718522071838379e-01 3.235857188701629639e-01 9.673736095428466797e-01 -6.939405202865600586e-01 7.385779023170471191e-01 8.356990814208984375e-01 8.206969499588012695e-01 -1.399097740650177002e-01 6.008062362670898438e-01 -1.260736703872680664e+00 -4.088628292083740234e-01 -6.539764404296875000e-01 -6.165164709091186523e-01 -1.251758217811584473e+00 8.250113129615783691e-01 6.096531152725219727e-01 1.315433025360107422e+00 5.270559191703796387e-01 -6.248614192008972168e-01 -5.164204835891723633e-01 6.320497989654541016e-01 -7.744350433349609375e-01
-8.814218044281005859e-01 -1.067177772521972656e+00 2.109622955322265625e-01 7.100759744644165039e-01 -2.562474012374877930e+00 5.817102789878845215e-01 1.022637486457824707e+00 -1.969484146684408188e-03 1.250195503234863281e+00 -1.048152804374694824e+00 -1.017706021666526794e-01 1.793861865997314453e+00 -3.474977910518646240e-01 1.393150091171264648e+00 -6.866996884346008301e-01 -1.300580620765686035e+00 -8.994223475456237793e-01 -1.153095662593841553e-01 1.677465558052062988e+00 7.756770849227905273e-01 5.872534587979316711e-02 -2.648277282714843750e-01 -7.165078520774841309e-01 -7.418481707572937012e-01 -8.401182889938354492e-01 -3.160285353660583496e-01 -4.684837758541107178e-01 5.178301334381103516e-01 2.217188596725463867e+00 8.013206124305725098e-01 -7.062661647796630859e-01 8.715900182723999023e-01 1.910156726837158203e+00 -3.845715522766113281e-01 -9.823122620582580566e-01 -7.143512368202209473e-02 -5.285059213638305664e-01 -1.480494618415832520e+00 1.146140336990356445e+00 -4.368177950382232666e-01 -2.910530567169189453e-01 1.835430860519409180e+00 -5.856905579566955566e-01 3.950813710689544678e-01 8.054067492485046387e-01 -6.390739679336547852e-01 7.355200052261352539e-01 7.290585637092590332e-01 9.518224000930786133e-01 1.379672251641750336e-02 7.731605768203735352e-01 -6.825327277183532715e-01 -7.782513499259948730e-01 -5.330317020416259766e-01 -4.555280804634094238e-01 -1.068715691566467285e+00 7.512475848197937012e-01 9.872156381607055664e-02 1.510467052459716797e+00 7.347654700279235840e-01 -1.188156485557556152e+00 -4.230060875415802002e-01 5.575155615806579590e-01 -1.095280170440673828e+00
-9.122843146324157715e-01 -7.253166437149047852e-01 1.925884187221527100e-01 -7.358635663986206055e-01 -1.869142889976501465e+00 1.309750318527221680e+00 -6.904200911521911621e-01 5.597227215766906738e-01 3.205356001853942871e-01 -3.990786373615264893e-01 -2.317599356174468994e-01 2.834456920623779297e+00 -2.438419684767723083e-02 3.200618922710418701e-01 -1.428339034318923950e-01 -1.228991985321044922e+00 -6.225835680961608887e-01 6.921157240867614746e-01 3.661463499069213867e+00 9.869969487190246582e-01 -9.659068286418914795e-02 -7.738713920116424561e-02 -7.056109309196472168e-01 -3.288971483707427979e-01 -5.050188899040222168e-01 -3.832273483276367188e-01 -1.421501636505126953e-01 1.291347980499267578e+00 1.188852190971374512e+00 3.415418565273284912e-01 -7.295081019401550293e-01 4.695183932781219482e-01 9.168587327003479004e-01 -7.494854927062988281e-01 -6.775897741317749023e-01 1.732259392738342285e-01 -2.015760987997055054e-01 -1.378166079521179199e+00 2.628513336181640625e+00 -2.911772131919860840e-01 -4.815226495265960693e-01 1.749170780181884766e+00 -1.176627159118652344e+00 -4.767874181270599365e-01 2.018222212791442871e-01 -4.742298722267150879e-01 3.954145312309265137e-01 2.321269661188125610e-01 2.966344952583312988e-01 -1.114851702004671097e-02 -5.550582408905029297e-01 -1.311136484146118164e-01 -7.277441620826721191e-01 -2.548974752426147461e-01 -5.327391624450683594e-01 -1.384160041809082031e+00 5.038429498672485352e-01 1.349857330322265625e+00 3.187394142150878906e-01 -4.761640131473541260e-01 -6.402907967567443848e-01 -5.049713701009750366e-02 5.248310565948486328e-01 -7.673779129981994629e-01
-8.326362371444702148e-01 -1.194512963294982910e+00 2.483145743608474731e-01 7.829229235649108887e-01 -2.508620977401733398e+00 6.223636865615844727e-01 8.683840632438659668e-01 -9.032786637544631958e-02 1.168251514434814453e+00 -7.685617208480834961e-01 -3.258962929248809814e-01 1.653411030769348145e+00 -3.607744574546813965e-01 1.432973742485046387e+00 -7.154540419578552246e-01 -1.155528903007507324e+00 -8.035274744033813477e-01 -2.877376377582550049e-01 1.872006297111511230e+00 8.771727085113525391e-01 -2.909585461020469666e-02 -4.348097741603851318e-01 -7.659576535224914551e-01 -6.516193151473999023e-01 -1.124023199081420898e+00 -3.816856741905212402e-01 -4.157908260822296143e-01 5.630287528038024902e-01 2.206109046936035156e+00 4.921610653400421143e-01 -6.186285018920898438e-01 1.044829368591308594e+00 1.814711809158325195e+00 -3.289257884025573730e-01 -6.605364084243774414e-01 -2.333569675683975220e-01 -8.979878425598144531e-01 -1.119856715202331543e+00 1.014100551605224609e+00 -7.731054425239562988e-01 -2.449681907892227173e-01 2.160275936126708984e+00 -5.689122080802917480e-01 3.639709055423736572e-01 9.196106195449829102e-01 -6.546239256858825684e-01 6.469012498855590820e-01 9.320277571678161621e-01 1.005858659744262695e+00 5.427266005426645279e-03 8.368077278137207031e-01 -1.021528840065002441e+00 -6.058382391929626465e-01 -6.891793012619018555e-01 -5.524541735649108887e-01 -1.081783652305603027e+00 8.052660822868347168e-01 1.661023050546646118e-01 1.442258238792419434e+00 7.936361432075500488e-01 -9.092269539833068848e-01 -5.216493010520935059e-01 6.366577148437500000e-01 -8.669667840003967285e-01
-8.862839341163635254e-01 -1.145066499710083008e+00 3.238072693347930908e-01 5.428855419158935547e-01 -2.472550630569458008e+00 8.325761556625366211e-01 6.403200626373291016e-01 -4.258038848638534546e-02 1.045011281967163086e+00 -7.606256604194641113e-01 -5.641070604324340820e-01 1.953315019607543945e+00 -2.666532099246978760e-01 1.509381651878356934e+00 -6.794717907905578613e-01 -1.159593701362609863e+00 -9.719879031181335449e-01 1.461077481508255005e-02 2.159913063049316406e+00 1.015610218048095703e+00 -1.826091855764389038e-01 -4.653269946575164795e-01 -5.923091769218444824e-01 -5.131542682647705078e-01 -1.039515256881713867e+00 -3.742219805717468262e-01 -6.315073966979980469e-01 5.705454349517822266e-01 2.200899124145507812e+00 3.717259764671325684e-01 -5.435460209846496582e-01 6.818186044692993164e-01 1.657071828842163086e+00 -4.249557554721832275e-01 -3.674775362014770508e-01 -2.303262650966644287e-01 -1.027227044105529785e+00 -8.518001437187194824e-01 1.252361059188842773e+00 -8.134492635726928711e-01 -3.714754283428192139e-01 2.243194103240966797e+00 -6.113393306732177734e-01 2.397018074989318848e-01 1.128972649574279785e+00 -6.739233136177062988e-01 7.792467474937438965e-01 8.570243716239929199e-01 8.071913123130798340e-01 -1.422287225723266602e-01 3.886454105377197266e-01 -1.271314859390258789e+00 -3.883978128433227539e-01 -6.168739199638366699e-01 -6.565029025077819824e-01 -1.290801405906677246e+00 7.385991215705871582e-01 7.325560450553894043e-01 1.120302438735961914e+00 4.056102633476257324e-01 -5.585764646530151367e-01 -5.321621298789978027e-01 7.395591139793395996e-01 -7.224523425102233887e-01
-8.703071475028991699e-01 -6.274999976158142090e-01 8.761324733495712280e-02 -5.095805525779724121e-01 -2.259556770324707031e+00 1.169098258018493652e+00 -1.944946646690368652e-01 2.169165462255477905e-01 5.631366372108459473e-01 -7.758606672286987305e-01 -2.037301212549209595e-01 2.857780694961547852e+00 -1.091381683945655823e-01 5.538505315780639648e-01 -3.421373665332794189e-01 -1.234247803688049316e+00 -7.503848671913146973e-01 6.182737350463867188e-01 3.254394054412841797e+00 7.982664108276367188e-01 -5.991492047905921936e-02 -2.265793681144714355e-01 -4.678288102149963379e-01 -4.995636045932769775e-01 -4.727784395217895508e-01 -4.002733230590820312e-01 -3.344001471996307373e-01 1.114441871643066406e+00 1.537623524665832520e+00 5.252585411071777344e-01 -6.100420355796813965e-01 6.058974862098693848e-01 1.087792992591857910e+00 -5.585407018661499023e-01 -6.575811505317687988e-01 2.790270447731018066e-01 -1.650434434413909912e-01 -1.400008440017700195e+00 2.499443531036376953e+00 -3.327045440673828125e-01 -4.202978312969207764e-01 1.587416291236877441e+00 -1.014930009841918945e+00 -3.713274002075195312e-01 4.828960597515106201e-01 -5.278989672660827637e-01 6.240031719207763672e-01 2.339100241661071777e-01 6.240235567092895508e-01 4.278424382209777832e-02 -1.315229088068008423e-01 -4.423652291297912598e-01 -8.317284584045410156e-01 -2.701550424098968506e-01 -5.037987828254699707e-01 -1.662536382675170898e+00 5.446970462799072266e-01 1.261676788330078125e+00 6.977820992469787598e-01 -2.494081407785415649e-01 -8.400391340255737305e-01 -4.055262804031372070e-01 4.439684152603149414e-01 -9.243434071540832520e-01
-8.854545950889587402e-01 -1.031418442726135254e+00 1.995139420032501221e-01 -7.586268335580825806e-02 -2.277942180633544922e+00 1.100973725318908691e+00 2.017218619585037231e-01 -2.678564563393592834e-02 6.771554946899414062e-01 -6.645894050598144531e-01 -4.980411231517791748e-01 2.536893844604492188e+00 -1.017707288265228271e-01 9.886819720268249512e-01 -5.105704069137573242e-01 -1.326557874679565430e+00 -1.019502878189086914e+00 3.298689723014831543e-01 2.848103284835815430e+00 9.896398782730102539e-01 -3.392722904682159424e-01 -3.187098205089569092e-01 -6.152744889259338379e-01 -4.465170502662658691e-01 -1.070093393325805664e+00 -2.337902337312698364e-01 -4.753428995609283447e-01 8.905144333839416504e-01 1.771983027458190918e+00 5.935198068618774414e-01 -5.612986087799072266e-01 9.625070095062255859e-01 1.314442992210388184e+00 -6.124303936958312988e-01 -4.988791644573211670e-01 -2.018759027123451233e-02 -9.637469649314880371e-01 -7.780913710594177246e-01 1.978837132453918457e+00 -8.974890112876892090e-01 -3.849350512027740479e-01 2.051124572753906250e+00 -7.170229554176330566e-01 1.142092701047658920e-02 5.739665627479553223e-01 -5.639963150024414062e-01 7.517094016075134277e-01 4.249089062213897705e-01 7.338587045669555664e-01 -1.173031702637672424e-01 3.602669537067413330e-01 -1.106988310813903809e+00 -4.149650037288665771e-01 -6.517652869224548340e-01 -6.068314909934997559e-01 -1.361951351165771484e+00 8.776700496673583984e-01 9.035327434539794922e-01 9.352889657020568848e-01 1.935183703899383545e-01 -3.494198620319366455e-01 -4.411601722240447998e-01 5.519073605537414551e-01 -7.831863164901733398e-01
-9.558299183845520020e-01 -8.580501675605773926e-01 4.209953173995018005e-02 2.596826851367950439e-01 -2.567207574844360352e+00 7.855213284492492676e-01 5.110056400299072266e-01 2.364438921213150024e-01 1.083408236503601074e+00 -8.543629050254821777e-01 -2.109187245368957520e-01 2.280409097671508789e+00 -3.364294469356536865e-01 1.087172746658325195e+00 -5.399125218391418457e-01 -1.406682014465332031e+00 -6.921659708023071289e-01 1.465208828449249268e-01 2.394184112548828125e+00 8.316020965576171875e-01 5.532667785882949829e-02 -3.450337648391723633e-01 -7.425758242607116699e-01 -7.617484331130981445e-01 -8.092724680900573730e-01 -4.171143174171447754e-01 -4.475663900375366211e-01 6.135513782501220703e-01 2.044930458068847656e+00 8.624988794326782227e-01 -6.988760232925415039e-01 8.027906417846679688e-01 1.646411180496215820e+00 -3.641858696937561035e-01 -9.883515834808349609e-01 -3.928221017122268677e-02 -3.414185345172882080e-01 -1.612068772315979004e+00 1.670648694038391113e+00 -4.248475432395935059e-01 -2.969121634960174561e-01 1.867436647415161133e+00 -8.152518868446350098e-01 1.130834445357322693e-01 6.007711291313171387e-01 -5.952852964401245117e-01 5.491622090339660645e-01 6.189008951187133789e-01 6.982001066207885742e-01 1.071962416172027588e-01 4.364701211452484131e-01 -5.173771381378173828e-01 -8.543477058410644531e-01 -5.019650459289550781e-01 -4.465782344341278076e-01 -1.183762192726135254e+00 7.322051525115966797e-01 6.587422490119934082e-01 1.230665802955627441e+00 3.904937505722045898e-01 -1.122042298316955566e+00 -2.266171276569366455e-01 6.341269016265869141e-01 -9.863998889923095703e-01
-8.880975246429443359e-01 -1.245535016059875488e+00 9.628298878669738770e-02 9.016879796981811523e-01 -2.511450767517089844e+00 5.650159716606140137e-01 1.194150567054748535e+00 -1.539673507213592529e-01 1.108721256256103516e+00 -9.072493314743041992e-01 -1.963921636343002319e-01 1.736819505691528320e+00 -3.932280838489532471e-01 1.485989689826965332e+00 -9.444689154624938965e-01 -1.122274637222290039e+00 -7.761567831039428711e-01 -3.193405866622924805e-01 1.368658542633056641e+00 6.691083312034606934e-01 -1.426738351583480835e-01 -3.494269847869873047e-01 -7.262567877769470215e-01 -6.775582432746887207e-01 -1.094557881355285645e+00 -4.293844997882843018e-01 -4.321842789649963379e-01 1.189239099621772766e-01 2.066098928451538086e+00 9.913157224655151367e-01 -5.648825764656066895e-01 1.213752031326293945e+00 1.826392412185668945e+00 -3.897805511951446533e-01 -6.908929347991943359e-01 -5.056008696556091309e-01 -7.828328013420104980e-01 -1.134835600852966309e+00 7.130366563796997070e-01 -6.641197800636291504e-01 -3.182722926139831543e-01 1.991476058959960938e+00 -2.541126310825347900e-01 4.895484447479248047e-01 7.755760550498962402e-01 -6.309415102005004883e-01 5.912822484970092773e-01 7.642435431480407715e-01 1.044952750205993652e+00 -2.312368303537368774e-01 1.316794037818908691e+00 -1.131770610809326172e+00 -4.128268063068389893e-01 -7.033030390739440918e-01 -5.140297412872314453e-01 -7.102549672126770020e-01 1.127734899520874023e+00 -1.021056547760963440e-01 1.701453924179077148e+00 1.098204135894775391e+00 -9.019866585731506348e-01 -2.560987472534179688e-01 3.907447755336761475e-01 -9.266681075096130371e-01
-9.647946357727050781e-01 -8.741953969001770020e-01 3.969988971948623657e-02 -3.478891253471374512e-01 -2.214473485946655273e+00 1.135188937187194824e+00 -9.020655602216720581e-02 1.280738115310668945e-01 5.305381417274475098e-01 -3.982812166213989258e-01 -6.785420179367065430e-01 2.692405939102172852e+00 -1.427841186523437500e-01 9.339780211448669434e-01 -3.635551035404205322e-01 -1.293409347534179688e+00 -9.541765451431274414e-01 4.139524996280670166e-01 3.257986783981323242e+00 1.137435913085937500e+00 -2.962537407875061035e-01 -2.326362282037734985e-01 -4.669592976570129395e-01 -2.054471075534820557e-01 -8.813808560371398926e-01 -3.209339380264282227e-01 -4.595208466053009033e-01 9.616234898567199707e-01 1.665194988250732422e+00 2.615610063076019287e-01 -6.389518380165100098e-01 5.871844887733459473e-01 1.375188231468200684e+00 -6.507101655006408691e-01 -2.811112999916076660e-01 4.789763479493558407e-04 -8.757947683334350586e-01 -7.822430133819580078e-01 2.090477705001831055e+00 -9.284904003143310547e-01 -3.852725028991699219e-01 2.025666952133178711e+00 -8.670393824577331543e-01 -1.596309989690780640e-01 5.707921385765075684e-01 -4.483091533184051514e-01 5.488182902336120605e-01 5.021802186965942383e-01 4.490483403205871582e-01 -7.627853006124496460e-02 -1.522703617811203003e-01 -9.499759078025817871e-01 -3.801598250865936279e-01 -6.545881628990173340e-01 -5.172758698463439941e-01 -1.455534458160400391e+00 7.154318094253540039e-01 1.253347039222717285e+00 6.623029708862304688e-01 -2.409831136465072632e-01 -1.865705698728561401e-01 -3.368871510028839111e-01 6.714389324188232422e-01 -6.850300431251525879e-01
-1.052350997924804688e+00 -8.442575335502624512e-01 1.901697069406509399e-01 -7.359849810600280762e-01 -2.104301691055297852e+00 1.476536273956298828e+00 -3.872881531715393066e-01 4.447249472141265869e-01 3.092697560787200928e-01 -5.665433406829833984e-01 -4.035631716251373291e-01 2.854418277740478516e+00 1.293810755014419556e-01 6.603564620018005371e-01 -1.612144112586975098e-01 -1.086897730827331543e+00 -6.538985967636108398e-01 7.269909977912902832e-01 3.566594123840332031e+00 8.620170950889587402e-01 -1.544234305620193481e-01 -3.319693505764007568e-01 -6.346976757049560547e-01 -5.598368644714355469e-01 -6.682419180870056152e-01 -1.792059242725372314e-01 -3.888489603996276855e-01 1.089608192443847656e+00 1.163864970207214355e+00 4.043416380882263184e-01 -6.434422135353088379e-01 6.023736596107482910e-01 9.342980384826660156e-01 -4.093005359172821045e-01 -5.059108734130859375e-01 1.271067857742309570e-01 -3.000249862670898438e-01 -1.177684545516967773e+00 2.287899017333984375e+00 -3.626389205455780029e-01 -3.094699084758758545e-01 1.835936188697814941e+00 -9.689966440200805664e-01 -4.841826558113098145e-01 7.639632821083068848e-01 -4.922074377536773682e-01 4.588672518730163574e-01 2.509283125400543213e-01 3.629057705402374268e-01 4.648305941373109818e-03 -4.209607243537902832e-01 -7.252070307731628418e-01 -6.971974968910217285e-01 -2.652980387210845947e-01 -5.511833429336547852e-01 -1.458299756050109863e+00 5.124896168708801270e-01 1.480345845222473145e+00 2.518899440765380859e-01 -4.629807472229003906e-01 -6.105582714080810547e-01 -6.958929449319839478e-02 5.620975494384765625e-01 -8.903690576553344727e-01
-7.498046755790710449e-01 -1.228919982910156250e+00 4.047824442386627197e-01 1.075845003128051758e+00 -2.467332363128662109e+00 2.664667367935180664e-01 1.161021351814270020e+00 -1.383814681321382523e-02 1.485332131385803223e+00 -1.038523316383361816e+00 -8.198334276676177979e-02 1.249717354774475098e+00 -4.443362355232238770e-01 1.524783730506896973e+00 -6.572777032852172852e-01 -1.171055674552917480e+00 -7.158351540565490723e-01 -4.576111435890197754e-01 1.148272514343261719e+00 7.706332802772521973e-01 8.479079604148864746e-02 -4.241797924041748047e-01 -8.430367708206176758e-01 -8.729711771011352539e-01 -9.464942812919616699e-01 -3.557555973529815674e-01 -3.850122690200805664e-01 3.424765765666961670e-01 2.406221866607666016e+00 7.444452643394470215e-01 -6.572144031524658203e-01 7.269391417503356934e-01 1.861462116241455078e+00 -3.855406343936920166e-01 -1.038668632507324219e+00 -2.341588735580444336e-01 -5.417814254760742188e-01 -1.517864823341369629e+00 7.051385641098022461e-01 -3.277839124202728271e-01 -3.552428781986236572e-01 1.998368740081787109e+00 -4.188755750656127930e-01 5.657806992530822754e-01 9.226537942886352539e-01 -8.048242330551147461e-01 8.277573585510253906e-01 8.766510486602783203e-01 9.292991757392883301e-01 1.364472508430480957e-01 8.775557875633239746e-01 -6.315422654151916504e-01 -6.984066367149353027e-01 -5.369829535484313965e-01 -4.875907301902770996e-01 -7.876324653625488281e-01 7.610403895378112793e-01 -9.276119619607925415e-02 1.596642613410949707e+00 1.061358094215393066e+00 -1.285032033920288086e+00 -3.342688679695129395e-01 6.268149614334106445e-01 -1.005561709403991699e+00
-9.693244099617004395e-01 -8.963094353675842285e-01 1.759104132652282715e-01 -1.567604392766952515e-01 -2.389631748199462891e+00 8.186940550804138184e-01 1.434027999639511108e-01 7.823080569505691528e-02 8.402429819107055664e-01 -6.711418628692626953e-01 -5.318418741226196289e-01 2.518394470214843750e+00 -1.439947038888931274e-01 1.181673288345336914e+00 -4.693442881107330322e-01 -1.277228593826293945e+00 -9.372755289077758789e-01 4.992427527904510498e-01 3.064884185791015625e+00 1.119496345520019531e+00 -6.252986937761306763e-02 -3.334340453147888184e-01 -5.077822804450988770e-01 -3.587764203548431396e-01 -7.972344756126403809e-01 -3.382228910923004150e-01 -5.479047894477844238e-01 1.125291228294372559e+00 1.724470496177673340e+00 2.526984810829162598e-01 -6.089498996734619141e-01 4.368443489074707031e-01 1.500316858291625977e+00 -5.879274010658264160e-01 -4.991198778152465820e-01 -1.876510120928287506e-02 -6.344811320304870605e-01 -8.122176527976989746e-01 2.009374618530273438e+00 -7.183794975280761719e-01 -4.121216535568237305e-01 1.900388598442077637e+00 -9.894373416900634766e-01 -2.065651305019855499e-02 8.394421339035034180e-01 -6.712094545364379883e-01 6.948336958885192871e-01 5.828092694282531738e-01 3.060707449913024902e-01 -9.103316813707351685e-02 -2.700177431106567383e-01 -1.031388163566589355e+00 -4.182152152061462402e-01 -5.632380843162536621e-01 -3.999276459217071533e-01 -1.331781506538391113e+00 7.304357290267944336e-01 1.233381628990173340e+00 7.154754400253295898e-01 -8.453815430402755737e-02 -6.175015568733215332e-01 -5.889401435852050781e-01 7.611849308013916016e-01 -6.650648713111877441e-01
-8.516955971717834473e-01 -9.536747932434082031e-01 1.930070966482162476e-01 3.111070990562438965e-01 -2.529909849166870117e+00 7.241381406784057617e-01 7.101390361785888672e-01 1.344784796237945557e-01 8.257672786712646484e-01 -7.603933811187744141e-01 -4.837698638439178467e-01 2.318049430847167969e+00 -2.865290641784667969e-01 1.090402483940124512e+00 -6.005821228027343750e-01 -1.387750387191772461e+00 -6.340402364730834961e-01 -5.103908479213714600e-02 2.275178909301757812e+00 7.947941422462463379e-01 -1.860334724187850952e-01 -5.017266273498535156e-01 -8.415989279747009277e-01 -6.544485092163085938e-01 -1.194623231887817383e+00 -3.511500358581542969e-01 -5.519639253616333008e-01 5.753803849220275879e-01 2.124751091003417969e+00 9.260174632072448730e-01 -4.830223321914672852e-01 1.254833459854125977e+00 1.546354174613952637e+00 -2.993777394294738770e-01 -8.323713541030883789e-01 -1.032802984118461609e-01 -4.051662087440490723e-01 -1.311442375183105469e+00 1.427608013153076172e+00 -4.703528881072998047e-01 -1.888622492551803589e-01 1.808897972106933594e+00 -7.531472444534301758e-01 2.195381820201873779e-01 6.255620718002319336e-01 -6.102866530418395996e-01 5.777654051780700684e-01 6.975725293159484863e-01 9.613294601440429688e-01 1.234940290451049805e-01 7.679125070571899414e-01 -6.932990550994873047e-01 -7.101150751113891602e-01 -6.785414814949035645e-01 -7.325844764709472656e-01 -1.064177274703979492e+00 9.109968543052673340e-01 5.083565711975097656e-01 1.347241282463073730e+00 5.104754567146301270e-01 -9.518879652023315430e-01 -2.767814397811889648e-01 3.454331159591674805e-01 -1.116073131561279297e+00
-8.165168166160583496e-01 -8.915312886238098145e-01 8.242494612932205200e-02 -9.873764961957931519e-02 -2.165566205978393555e+00 1.070488452911376953e+00 -5.900916829705238342e-02 1.133534610271453857e-01 5.815062522888183594e-01 -5.354249477386474609e-01 -6.665213108062744141e-01 2.562127351760864258e+00 -2.384201139211654663e-01 1.007588982582092285e+00 -4.684102833271026611e-01 -1.303172588348388672e+00 -7.860043048858642578e-01 4.227690398693084717e-01 3.138794898986816406e+00 1.090436339378356934e+00 -2.341905087232589722e-01 -4.165154993534088135e-01 -5.928184986114501953e-01 -2.517725825309753418e-01 -1.074207782745361328e+00 -3.691013753414154053e-01 -4.450556039810180664e-01 8.532310724258422852e-01 1.888436198234558105e+00 4.057909548282623291e-01 -5.594495534896850586e-01 7.094396948814392090e-01 1.272860288619995117e+00 -6.260012388229370117e-01 -3.695958554744720459e-01 1.282513327896595001e-02 -8.149920105934143066e-01 -7.139534354209899902e-01 2.165271043777465820e+00 -8.405597805976867676e-01 -3.694751858711242676e-01 2.057145357131958008e+00 -8.508271574974060059e-01 -6.758921593427658081e-02 5.787948966026306152e-01 -6.495823264122009277e-01 6.248260736465454102e-01 4.141187369823455811e-01 5.884966254234313965e-01 -1.029631420969963074e-01 6.099044531583786011e-02 -1.047464251518249512e+00 -3.806568384170532227e-01 -6.236283779144287109e-01 -7.084378600120544434e-01 -1.496168851852416992e+00 7.872858047485351562e-01 1.186426401138305664e+00 7.753517627716064453e-01 -8.730541169643402100e-02 -2.780447602272033691e-01 -4.633339345455169678e-01 5.077736973762512207e-01 -6.240240335464477539e-01
-1.090707898139953613e+00 -8.636283278465270996e-01 3.268054127693176270e-01 -1.122265234589576721e-01 -2.535323619842529297e+00 8.231153488159179688e-01 -2.431687898933887482e-02 3.595208227634429932e-01 7.794576287269592285e-01 -5.677347183227539062e-01 -3.888871669769287109e-01 2.507132053375244141e+00 -1.546845734119415283e-01 9.707135558128356934e-01 -3.365639746189117432e-01 -1.340548276901245117e+00 -7.171965241432189941e-01 3.717906773090362549e-01 3.087991476058959961e+00 7.607422471046447754e-01 2.707665844354778528e-04 -3.030057251453399658e-01 -6.671342253684997559e-01 -7.566323876380920410e-01 -6.488074064254760742e-01 -3.240469992160797119e-01 -3.587016463279724121e-01 1.069097042083740234e+00 1.692985653877258301e+00 4.545568823814392090e-01 -6.761159896850585938e-01 3.815790712833404541e-01 1.514756560325622559e+00 -4.525457322597503662e-01 -8.351941704750061035e-01 1.512779039330780506e-03 -2.471853792667388916e-01 -1.440351366996765137e+00 1.991913318634033203e+00 -4.604202508926391602e-01 -3.692341744899749756e-01 1.959612011909484863e+00 -1.042570352554321289e+00 -1.419164687395095825e-01 6.741762161254882812e-01 -5.752621889114379883e-01 6.381984353065490723e-01 5.520036816596984863e-01 3.215216100215911865e-01 9.473881870508193970e-02 -2.028149664402008057e-01 -6.147731542587280273e-01 -7.401836514472961426e-01 -4.253297746181488037e-01 -3.207086324691772461e-01 -1.190580725669860840e+00 5.942440032958984375e-01 1.218680620193481445e+00 7.380095124244689941e-01 7.326541095972061157e-02 -8.178998231887817383e-01 -3.121290504932403564e-01 7.726271748542785645e-01 -8.639959692955017090e-01
-7.355566620826721191e-01 -1.223038554191589355e+00 2.043928802013397217e-01 5.040890574455261230e-01 -2.373495101928710938e+00 8.856610059738159180e-01 4.694747626781463623e-01 -1.036305725574493408e-01 9.397105574607849121e-01 -8.356062769889831543e-01 -3.825466334819793701e-01 1.997895002365112305e+00 -3.439258337020874023e-01 1.279591679573059082e+00 -5.983194112777709961e-01 -1.313596367835998535e+00 -7.819930911064147949e-01 -1.249506548047065735e-01 2.331983327865600586e+00 1.039944767951965332e+00 -2.620116770267486572e-01 -4.037593305110931396e-01 -6.645235419273376465e-01 -4.746910929679870605e-01 -1.238141655921936035e+00 -3.351525962352752686e-01 -4.024775922298431396e-01 6.349505186080932617e-01 2.090290307998657227e+00 4.731934070587158203e-01 -6.583098769187927246e-01 9.269105792045593262e-01 1.543263792991638184e+00 -6.186776161193847656e-01 -5.621113181114196777e-01 -7.749123871326446533e-02 -8.807818293571472168e-01 -8.735885620117187500e-01 1.521715164184570312e+00 -8.626152873039245605e-01 -3.162891864776611328e-01 2.139098644256591797e+00 -5.125270485877990723e-01 2.948727905750274658e-01 8.252551555633544922e-01 -6.284697651863098145e-01 7.458320856094360352e-01 9.448781609535217285e-01 8.220825195312500000e-01 -3.069783793762326241e-03 5.291241407394409180e-01 -1.143239736557006836e+00 -5.018497109413146973e-01 -7.188359498977661133e-01 -7.501258254051208496e-01 -1.374643802642822266e+00 8.282102942466735840e-01 6.375722885131835938e-01 1.280579805374145508e+00 5.233079791069030762e-01 -5.981140136718750000e-01 -4.697329103946685791e-01 5.927373170852661133e-01 -7.398797273635864258e-01
-8.316490054130554199e-01 -1.183496832847595215e+00 3.502038717269897461e-01 4.675455987453460693e-01 -2.495252847671508789e+00 8.848252296447753906e-01 5.144618153572082520e-01 -1.388742774724960327e-01 1.002183079719543457e+00 -7.559954524040222168e-01 -4.483987987041473389e-01 1.872042059898376465e+00 -2.913699150085449219e-01 1.343111157417297363e+00 -5.659096837043762207e-01 -1.344359397888183594e+00 -8.901034593582153320e-01 6.519445218145847321e-03 2.433735609054565430e+00 9.804160594940185547e-01 -1.308041810989379883e-01 -3.791315257549285889e-01 -7.279145121574401855e-01 -5.223437547683715820e-01 -1.078544616699218750e+00 -3.285347521305084229e-01 -4.438211917877197266e-01 7.203593850135803223e-01 2.134589910507202148e+00 3.451063036918640137e-01 -6.072646379470825195e-01 6.252086162567138672e-01 1.471544027328491211e+00 -6.465761065483093262e-01 -5.573691129684448242e-01 -1.895172446966171265e-01 -1.008648633956909180e+00 -7.012876868247985840e-01 1.349529743194580078e+00 -8.793976902961730957e-01 -4.876570701599121094e-01 2.293322324752807617e+00 -5.316190123558044434e-01 3.349083065986633301e-01 9.154663681983947754e-01 -7.032343745231628418e-01 8.303003907203674316e-01 6.940715909004211426e-01 8.802375197410583496e-01 -1.179361045360565186e-01 4.958860278129577637e-01 -1.143730759620666504e+00 -3.390933573246002197e-01 -6.204539537429809570e-01 -7.162863612174987793e-01 -1.282510638236999512e+00 8.855158686637878418e-01 7.193650603294372559e-01 1.178690552711486816e+00 4.808055758476257324e-01 -3.966491520404815674e-01 -4.632152616977691650e-01 6.362960338592529297e-01 -7.964956164360046387e-01
-7.904530763626098633e-01 -1.169623255729675293e+00 3.455756008625030518e-01 5.115616917610168457e-01 -2.524671316146850586e+00 5.827187299728393555e-01 6.382048130035400391e-01 1.517690420150756836e-01 1.179798364639282227e+00 -9.200946688652038574e-01 -1.093607991933822632e-01 2.129462480545043945e+00 -3.464846909046173096e-01 1.236256718635559082e+00 -6.134282350540161133e-01 -1.287232756614685059e+00 -9.144040346145629883e-01 1.808104477822780609e-02 2.122669458389282227e+00 8.021185994148254395e-01 6.298346072435379028e-02 -3.036201894283294678e-01 -7.313771843910217285e-01 -5.881914496421813965e-01 -9.388682842254638672e-01 -3.701979219913482666e-01 -3.790161609649658203e-01 7.285978794097900391e-01 2.050686120986938477e+00 8.357804417610168457e-01 -7.024780511856079102e-01 7.754244804382324219e-01 1.815096259117126465e+00 -4.502030909061431885e-01 -1.024818658828735352e+00 -1.623523682355880737e-01 -6.385914087295532227e-01 -1.456322193145751953e+00 1.426479220390319824e+00 -5.822400450706481934e-01 -3.726620376110076904e-01 2.014519453048706055e+00 -7.568982243537902832e-01 3.520473241806030273e-01 6.867276430130004883e-01 -6.169519424438476562e-01 6.870406866073608398e-01 7.214845418930053711e-01 7.252964973449707031e-01 1.893809065222740173e-02 5.533277988433837891e-01 -6.682490110397338867e-01 -6.683738231658935547e-01 -5.656522512435913086e-01 -3.793352246284484863e-01 -1.035030722618103027e+00 7.552156448364257812e-01 3.386228084564208984e-01 1.362941145896911621e+00 5.781241059303283691e-01 -1.130599141120910645e+00 -5.907794833183288574e-01 5.608344674110412598e-01 -8.841410279273986816e-01
-8.296652436256408691e-01 -1.050097465515136719e+00 1.578541398048400879e-01 -2.703646942973136902e-02 -2.492046356201171875e+00 9.757401943206787109e-01 3.016666695475578308e-02 2.251276932656764984e-02 6.466280221939086914e-01 -6.621481776237487793e-01 -3.818672001361846924e-01 2.638508558273315430e+00 -2.434256672859191895e-01 1.111422419548034668e+00 -3.231806159019470215e-01 -1.226437687873840332e+00 -9.083409309387207031e-01 4.038442969322204590e-01 2.933986663818359375e+00 8.748068809509277344e-01 -1.265563070774078369e-01 -2.788283228874206543e-01 -4.859423339366912842e-01 -3.761030435562133789e-01 -9.410505294799804688e-01 -3.955051898956298828e-01 -4.777968823909759521e-01 8.979496955871582031e-01 1.874374389648437500e+00 4.494483768939971924e-01 -6.860337257385253906e-01 5.747356414794921875e-01 1.457429289817810059e+00 -6.243829727172851562e-01 -5.098438262939453125e-01 -9.913186728954315186e-02 -8.516874313354492188e-01 -7.962143421173095703e-01 1.951777577400207520e+00 -9.455317258834838867e-01 -4.892703890800476074e-01 2.038115978240966797e+00 -7.109965682029724121e-01 -3.521103784441947937e-02 7.356212735176086426e-01 -6.168966889381408691e-01 7.287986278533935547e-01 4.759339988231658936e-01 5.440548658370971680e-01 -1.429118812084197998e-01 1.428186595439910889e-01 -1.010241150856018066e+00 -2.790400981903076172e-01 -6.339457631111145020e-01 -3.915962874889373779e-01 -1.448063969612121582e+00 7.050760388374328613e-01 9.982134699821472168e-01 9.158055186271667480e-01 -5.528407171368598938e-02 -4.163830280303955078e-01 -4.874604046344757080e-01 7.207463383674621582e-01 -6.731631159782409668e-01
-8.354086875915527344e-01 -1.161091089248657227e+00 3.751480579376220703e-01 7.631444931030273438e-01 -2.609860897064208984e+00 6.529439687728881836e-01 8.200826048851013184e-01 -5.312250182032585144e-02 1.178453207015991211e+00 -6.907094717025756836e-01 -5.789223909378051758e-01 1.663181424140930176e+00 -3.965101540088653564e-01 1.572200298309326172e+00 -7.285180091857910156e-01 -1.111538767814636230e+00 -8.929401636123657227e-01 -2.156537771224975586e-01 1.926131486892700195e+00 1.032336950302124023e+00 -1.313382536172866821e-01 -5.492568612098693848e-01 -5.898614525794982910e-01 -4.877107441425323486e-01 -1.111029028892517090e+00 -3.648364245891571045e-01 -6.337831020355224609e-01 6.184877157211303711e-01 2.192941904067993164e+00 3.662303686141967773e-01 -4.955368638038635254e-01 9.020357728004455566e-01 1.606629014015197754e+00 -2.926390767097473145e-01 -4.381420314311981201e-01 -3.053156137466430664e-01 -1.127857327461242676e+00 -8.422821760177612305e-01 9.692352414131164551e-01 -9.176339507102966309e-01 -2.919979393482208252e-01 2.307464361190795898e+00 -4.744284451007843018e-01 3.702597022056579590e-01 1.034783959388732910e+00 -6.454796195030212402e-01 7.266432642936706543e-01 9.359294772148132324e-01 7.474857568740844727e-01 -2.461937256157398224e-02 6.674910187721252441e-01 -1.224564433097839355e+00 -5.334444046020507812e-01 -7.130149602890014648e-01 -6.818339228630065918e-01 -1.142244458198547363e+00 8.211112022399902344e-01 5.001087784767150879e-01 1.218795776367187500e+00 6.056696176528930664e-01 -6.758807897567749023e-01 -5.064627528190612793e-01 7.579528093338012695e-01 -7.047089934349060059e-01
-8.785988688468933105e-01 -1.093525171279907227e+00 1.876813769340515137e-01 4.911541342735290527e-01 -2.464311122894287109e+00 7.028756737709045410e-01 7.000505328178405762e-01 -9.781255573034286499e-02 9.871318340301513672e-01 -6.984498500823974609e-01 -5.146483182907104492e-01 2.159711599349975586e+00 -3.674529790878295898e-01 1.344622850418090820e+00 -7.016828060150146484e-01 -1.252525329589843750e+00 -8.890227675437927246e-01 -1.389691233634948730e-01 2.080945491790771484e+00 1.004065036773681641e+00 -2.101199477910995483e-01 -4.321298599243164062e-01 -7.107634544372558594e-01 -4.485723674297332764e-01 -1.269016146659851074e+00 -3.811335265636444092e-01 -5.718752145767211914e-01 4.961451888084411621e-01 2.132001399993896484e+00 5.803956389427185059e-01 -5.303328037261962891e-01 9.483627080917358398e-01 1.762793540954589844e+00 -4.890077710151672363e-01 -5.013945698738098145e-01 -1.305614560842514038e-01 -9.290469288825988770e-01 -8.250195384025573730e-01 1.324041008949279785e+00 -9.253793358802795410e-01 -2.296663224697113037e-01 2.136384963989257812e+00 -5.511159896850585938e-01 2.709667682647705078e-01 7.364226579666137695e-01 -5.578986406326293945e-01 6.677622795104980469e-01 9.711976647377014160e-01 7.361808419227600098e-01 -1.404764503240585327e-01 6.489838957786560059e-01 -1.165853023529052734e+00 -4.656543433666229248e-01 -7.799319028854370117e-01 -6.183202266693115234e-01 -1.176878929138183594e+00 8.892989754676818848e-01 5.478487610816955566e-01 1.340057969093322754e+00 5.947244167327880859e-01 -5.633082389831542969e-01 -4.782493412494659424e-01 6.270343065261840820e-01 -7.517324686050415039e-01
-1.031878709793090820e+00 -6.321293711662292480e-01 2.480090409517288208e-01 -4.742670655250549316e-01 -2.225576639175415039e+00 1.068433880805969238e+00 -3.743747174739837646e-01 2.802795767784118652e-01 6.225366592407226562e-01 -5.360487699508666992e-01 -2.682244777679443359e-01 2.555618286132812500e+00 5.905272066593170166e-02 7.751255631446838379e-01 -1.418565511703491211e-01 -1.363127827644348145e+00 -7.277628183364868164e-01 6.816090941429138184e-01 3.384275197982788086e+00 9.414770007133483887e-01 -2.818457968533039093e-02 -2.839559018611907959e-01 -6.660718321800231934e-01 -5.922887325286865234e-01 -3.957914412021636963e-01 -3.768700659275054932e-01 -3.595727980136871338e-01 1.351745367050170898e+00 1.521682739257812500e+00 2.300588041543960571e-01 -6.362398862838745117e-01 2.087904661893844604e-01 1.094323158264160156e+00 -6.219828724861145020e-01 -7.103661894798278809e-01 1.861777454614639282e-01 -2.028419822454452515e-01 -1.308847188949584961e+00 2.350852251052856445e+00 -4.264929294586181641e-01 -4.156455099582672119e-01 1.784164428710937500e+00 -1.112982749938964844e+00 -4.006080925464630127e-01 6.625115275382995605e-01 -5.032421350479125977e-01 5.618171691894531250e-01 3.474658429622650146e-01 2.126010805368423462e-01 9.819969534873962402e-02 -5.274763107299804688e-01 -4.053338766098022461e-01 -6.937078237533569336e-01 -3.422343134880065918e-01 -4.499192833900451660e-01 -1.558905005455017090e+00 4.605393707752227783e-01 1.551366209983825684e+00 4.584265351295471191e-01 -2.692408859729766846e-01 -7.413452267646789551e-01 -1.768037825822830200e-01 6.699886322021484375e-01 -7.916104197502136230e-01
-9.990873932838439941e-01 -1.048765897750854492e+00 3.344767689704895020e-01 7.585765123367309570e-01 -2.665168762207031250e+00 5.465183854103088379e-01 9.237741231918334961e-01 -2.759081311523914337e-02 1.212230086326599121e+00 -9.275615811347961426e-01 -2.403631955385208130e-01 1.725700378417968750e+00 -2.465606480836868286e-01 1.443778634071350098e+00 -5.892398357391357422e-01 -1.333754897117614746e+00 -8.260291814804077148e-01 -1.061757206916809082e-01 1.858804225921630859e+00 7.193624377250671387e-01 -1.883115060627460480e-02 -2.627995014190673828e-01 -8.114865422248840332e-01 -9.081326127052307129e-01 -7.629024982452392578e-01 -2.835380733013153076e-01 -4.814822375774383545e-01 7.135430574417114258e-01 2.141244173049926758e+00 5.832617282867431641e-01 -6.125575900077819824e-01 7.141649127006530762e-01 1.836703062057495117e+00 -3.637122213840484619e-01 -1.002857804298400879e+00 -1.270586252212524414e-01 -5.411406755447387695e-01 -1.435107111930847168e+00 1.066466569900512695e+00 -5.000189542770385742e-01 -3.641594350337982178e-01 1.953201293945312500e+00 -6.563311815261840820e-01 4.080399572849273682e-01 9.885600805282592773e-01 -6.344149112701416016e-01 8.498633503913879395e-01 7.122620344161987305e-01 8.632873296737670898e-01 2.662607654929161072e-02 6.605204343795776367e-01 -8.097455501556396484e-01 -6.692140698432922363e-01 -5.983262658119201660e-01 -4.056940078735351562e-01 -1.103463053703308105e+00 7.557966113090515137e-01 3.227139115333557129e-01 1.392857074737548828e+00 7.551528215408325195e-01 -1.114278793334960938e+00 -3.472427725791931152e-01 6.842484474182128906e-01 -9.883195161819458008e-01
-8.927718400955200195e-01 -9.742937088012695312e-01 1.626332849264144897e-01 2.721261978149414062e-02 -2.571009397506713867e+00 7.489796876907348633e-01 1.748803108930587769e-01 2.441779822111129761e-01 8.122438192367553711e-01 -6.551024913787841797e-01 -1.977050155401229858e-01 2.483379602432250977e+00 -2.685553431510925293e-01 1.057269334793090820e+00 -3.289217650890350342e-01 -1.383773922920227051e+00 -6.189103126525878906e-01 2.924145758152008057e-01 2.873548269271850586e+00 6.822795867919921875e-01 1.063184589147567749e-01 -2.710697054862976074e-01 -8.002422451972961426e-01 -8.544319868087768555e-01 -8.420320153236389160e-01 -4.142002463340759277e-01 -2.506221532821655273e-01 9.030776619911193848e-01 1.673329949378967285e+00 7.540858983993530273e-01 -5.932916402816772461e-01 9.138846993446350098e-01 1.329745888710021973e+00 -5.592242479324340820e-01 -1.067979097366333008e+00 -2.196291228756308556e-03 -2.412635385990142822e-01 -1.564756274223327637e+00 2.019427537918090820e+00 -4.159522950649261475e-01 -3.409087061882019043e-01 1.827409744262695312e+00 -1.001330018043518066e+00 5.070453509688377380e-02 5.221428275108337402e-01 -5.408620834350585938e-01 5.480635166168212891e-01 4.027507901191711426e-01 6.228117346763610840e-01 5.881191417574882507e-02 3.216651380062103271e-01 -5.034323334693908691e-01 -8.550177216529846191e-01 -4.399029016494750977e-01 -3.618150949478149414e-01 -1.122927665710449219e+00 7.229419350624084473e-01 7.109723687171936035e-01 1.186077117919921875e+00 3.371700048446655273e-01 -1.109940290451049805e+00 -1.702066212892532349e-01 4.700048267841339111e-01 -9.005923271179199219e-01
-8.504476547241210938e-01 -6.312388181686401367e-01 7.502225786447525024e-02 -7.165485620498657227e-01 -2.151025056838989258e+00 1.060088396072387695e+00 -6.342741250991821289e-01 2.849123775959014893e-01 3.475069403648376465e-01 -5.325451493263244629e-01 -1.707417517900466919e-01 2.930427551269531250e+00 4.349224269390106201e-02 7.102074623107910156e-01 -3.558935523033142090e-01 -1.269175529479980469e+00 -9.502868652343750000e-01 9.959643483161926270e-01 3.537163019180297852e+00 8.581039905548095703e-01 5.072616040706634521e-02 -8.041293919086456299e-02 -2.840970754623413086e-01 -4.444398581981658936e-01 -3.234626352787017822e-01 -1.445984393358230591e-01 -3.284971415996551514e-01 1.657153725624084473e+00 8.671817183494567871e-01 3.099000751972198486e-01 -6.928440928459167480e-01 2.440241426229476929e-01 1.050990462303161621e+00 -7.418192625045776367e-01 -7.293207645416259766e-01 2.762928009033203125e-01 -2.036522775888442993e-01 -8.982084393501281738e-01 2.696855068206787109e+00 -5.846271514892578125e-01 -4.572391510009765625e-01 1.418608427047729492e+00 -1.121728420257568359e+00 -3.474159836769104004e-01 4.443982541561126709e-01 -5.504093766212463379e-01 5.217577219009399414e-01 1.491273380815982819e-02 -1.729960925877094269e-02 5.168949812650680542e-02 -6.924729943275451660e-01 -6.096948385238647461e-01 -4.967175722122192383e-01 -4.371604323387145996e-01 -8.637363463640213013e-02 -1.445681333541870117e+00 6.181636452674865723e-01 1.497786402702331543e+00 3.489943146705627441e-01 -4.684821963310241699e-01 -6.272321939468383789e-01 -4.728383719921112061e-01 5.353989005088806152e-01 -5.617086887359619141e-01
-8.432841897010803223e-01 -1.078593611717224121e+00 1.623157113790512085e-01 -3.426049649715423584e-01 -2.598849296569824219e+00 7.805606126785278320e-01 2.079968340694904327e-02 7.316769659519195557e-02 6.973452568054199219e-01 -8.453509211540222168e-01 -1.492465138435363770e-01 2.831204175949096680e+00 -9.807200729846954346e-02 9.240663051605224609e-01 -2.700770795345306396e-01 -1.368285894393920898e+00 -9.070382118225097656e-01 6.140989065170288086e-01 2.941860675811767578e+00 8.089082837104797363e-01 -6.288684159517288208e-02 -3.148430585861206055e-01 -5.993115901947021484e-01 -4.273406267166137695e-01 -7.883517742156982422e-01 -3.129045367240905762e-01 -4.888541698455810547e-01 1.140859365463256836e+00 1.520048975944519043e+00 9.589073061943054199e-01 -5.901092886924743652e-01 6.123210787773132324e-01 1.454775691032409668e+00 -3.477879762649536133e-01 -9.624743461608886719e-01 2.732434570789337158e-01 -5.273693799972534180e-01 -1.182237505912780762e+00 2.233066320419311523e+00 -7.204275727272033691e-01 -3.082473278045654297e-01 1.610723853111267090e+00 -9.207695722579956055e-01 1.129779368638992310e-01 4.593831300735473633e-01 -4.614283740520477295e-01 5.720545053482055664e-01 3.225088417530059814e-01 3.383621275424957275e-01 1.235940679907798767e-01 1.054592132568359375e-01 -6.239261031150817871e-01 -5.872350931167602539e-01 -5.268142819404602051e-01 -2.244255840778350830e-01 -1.154453873634338379e+00 7.231655716896057129e-01 7.990329265594482422e-01 1.045970797538757324e+00 -2.156743220984935760e-02 -8.669537901878356934e-01 -6.783716082572937012e-01 4.841907918453216553e-01 -7.555674910545349121e-01
-1.048038721084594727e+00 -9.937049150466918945e-01 2.293168604373931885e-01 2.569959163665771484e-01 -2.737312793731689453e+00 1.024889707565307617e+00 5.044465065002441406e-01 7.893103361129760742e-02 9.972468018531799316e-01 -9.175403714179992676e-01 -3.166477382183074951e-01 2.223876476287841797e+00 -1.347793191671371460e-01 1.087126016616821289e+00 -5.141988992691040039e-01 -1.323129057884216309e+00 -7.135743498802185059e-01 2.931782007217407227e-01 2.422414302825927734e+00 6.182137131690979004e-01 -1.218843981623649597e-01 -4.641128182411193848e-01 -7.743073105812072754e-01 -9.999111890792846680e-01 -7.620826959609985352e-01 -2.475347965955734253e-01 -4.674853384494781494e-01 7.898296117782592773e-01 1.855062246322631836e+00 7.716342806816101074e-01 -6.010177731513977051e-01 7.710264921188354492e-01 1.386857986450195312e+00 -1.346379369497299194e-01 -8.805962204933166504e-01 1.015049219131469727e-01 -4.107014834880828857e-01 -1.600851297378540039e+00 1.553705334663391113e+00 -3.769710063934326172e-01 -3.233164548873901367e-01 1.905236244201660156e+00 -6.476547122001647949e-01 -7.276836782693862915e-02 9.541777968406677246e-01 -6.702846288681030273e-01 7.102060317993164062e-01 4.936311841011047363e-01 6.739968657493591309e-01 1.434914022684097290e-01 4.995876252651214600e-01 -6.638264656066894531e-01 -8.220762014389038086e-01 -4.663371741771697998e-01 -4.226402342319488525e-01 -1.153460860252380371e+00 7.368066310882568359e-01 8.013453483581542969e-01 1.151545643806457520e+00 4.512698054313659668e-01 -1.095207452774047852e+00 -1.750588268041610718e-01 6.305661797523498535e-01 -1.002163529396057129e+00
-8.579773306846618652e-01 -6.494954824447631836e-01 2.326454520225524902e-01 -7.375242114067077637e-01 -2.304168462753295898e+00 9.237874746322631836e-01 -6.604864597320556641e-01 3.304532170295715332e-01 4.241251051425933838e-01 -4.635057747364044189e-01 -1.694748997688293457e-01 2.838422775268554688e+00 -1.892747916281223297e-02 6.662399768829345703e-01 -6.833132356405258179e-02 -1.216840863227844238e+00 -7.983772754669189453e-01 8.318093419075012207e-01 3.446067333221435547e+00 9.585164189338684082e-01 -7.918761670589447021e-02 -1.977951377630233765e-01 -6.162593960762023926e-01 -4.711039066314697266e-01 -5.319217443466186523e-01 -3.362482488155364990e-01 -3.842427432537078857e-01 1.535502076148986816e+00 1.124781131744384766e+00 3.655737340450286865e-01 -4.930161833763122559e-01 2.124061733484268188e-01 1.029783606529235840e+00 -7.205173969268798828e-01 -8.270460367202758789e-01 3.370849192142486572e-01 -1.983963847160339355e-01 -1.005207777023315430e+00 2.628992557525634766e+00 -4.832618534564971924e-01 -3.838074803352355957e-01 1.621603131294250488e+00 -1.165574073791503906e+00 -3.396966457366943359e-01 4.221768975257873535e-01 -3.360389173030853271e-01 4.787706136703491211e-01 3.890365362167358398e-01 -1.020422428846359253e-01 1.743967533111572266e-01 -5.840362310409545898e-01 -4.412720501422882080e-01 -6.464668512344360352e-01 -3.782786130905151367e-01 -3.297728002071380615e-01 -1.403679609298706055e+00 5.122026205062866211e-01 1.559198856353759766e+00 3.523418605327606201e-01 -3.059150278568267822e-01 -6.770483851432800293e-01 -4.469818770885467529e-01 5.674462914466857910e-01 -7.100051641464233398e-01
-1.116089344024658203e+00 -9.427247047424316406e-01 3.799929022789001465e-01 1.356239169836044312e-01 -2.515992403030395508e+00 8.605398535728454590e-01 2.277188003063201904e-01 2.197722941637039185e-01 9.452881813049316406e-01 -7.351859211921691895e-01 -3.197092413902282715e-01 2.233791351318359375e+00 -5.484229326248168945e-02 1.067314505577087402e+00 -3.825567364692687988e-01 -1.263200521469116211e+00 -6.795180439949035645e-01 2.997671663761138916e-01 2.804141998291015625e+00 7.799429297447204590e-01 -4.440893605351448059e-02 -3.411873579025268555e-01 -8.494936823844909668e-01 -8.989759683609008789e-01 -6.887121200561523438e-01 -4.144481122493743896e-01 -2.611972689628601074e-01 1.037614345550537109e+00 1.811244249343872070e+00 4.852566719055175781e-01 -6.759484410285949707e-01 6.279705166816711426e-01 1.408357739448547363e+00 -4.405184388160705566e-01 -8.922455906867980957e-01 5.402185022830963135e-02 -3.801482319831848145e-01 -1.540061593055725098e+00 1.818238377571105957e+00 -3.021759390830993652e-01 -3.705075681209564209e-01 2.005598306655883789e+00 -9.404318332672119141e-01 -2.655768021941184998e-02 8.757653832435607910e-01 -5.297576785087585449e-01 6.808311343193054199e-01 4.935638904571533203e-01 6.049274802207946777e-01 3.387948870658874512e-02 2.194952592253684998e-02 -6.551333665847778320e-01 -7.953134775161743164e-01 -2.727901637554168701e-01 -4.764419794082641602e-01 -1.254169583320617676e+00 6.438275575637817383e-01 9.595848917961120605e-01 8.993259072303771973e-01 3.324910700321197510e-01 -1.056711912155151367e+00 -2.421491146087646484e-01 6.667742729187011719e-01 -1.072444796562194824e+00
-9.179481267929077148e-01 -1.136678695678710938e+00 5.547061562538146973e-01 8.457034826278686523e-01 -2.620133399963378906e+00 2.963575124740600586e-01 1.004459738731384277e+00 5.515030026435852051e-02 1.421646475791931152e+00 -8.234319090843200684e-01 -2.686225175857543945e-01 1.451646089553833008e+00 -3.812868595123291016e-01 1.539870262145996094e+00 -6.055992245674133301e-01 -1.212230324745178223e+00 -7.764430046081542969e-01 -2.118744403123855591e-01 1.627640843391418457e+00 6.961544752120971680e-01 7.679847627878189087e-02 -3.616588115692138672e-01 -8.573995232582092285e-01 -9.289831519126892090e-01 -9.013121724128723145e-01 -3.974263966083526611e-01 -4.606042802333831787e-01 5.836670994758605957e-01 2.192540645599365234e+00 7.046289443969726562e-01 -6.014807820320129395e-01 6.597260236740112305e-01 1.834949016571044922e+00 -3.364440202713012695e-01 -9.926847219467163086e-01 -1.708818823099136353e-01 -6.600694656372070312e-01 -1.560815572738647461e+00 8.971928358078002930e-01 -5.334894061088562012e-01 -3.186277151107788086e-01 2.130398988723754883e+00 -6.496636867523193359e-01 5.212930440902709961e-01 8.986978530883789062e-01 -5.605232715606689453e-01 8.702489137649536133e-01 8.614875078201293945e-01 7.456456422805786133e-01 5.713598057627677917e-02 6.364181041717529297e-01 -7.036886215209960938e-01 -7.279049158096313477e-01 -4.791778028011322021e-01 -2.613972127437591553e-01 -7.237538099288940430e-01 6.161652803421020508e-01 1.959259510040283203e-01 1.454725265502929688e+00 8.609665632247924805e-01 -1.222409605979919434e+00 -5.456863045692443848e-01 7.977446317672729492e-01 -1.028396725654602051e+00
-8.581007719039916992e-01 -1.129140019416809082e+00 2.919798716902732849e-02 1.685353666543960571e-01 -2.424958705902099609e+00 8.928498625755310059e-01 5.275098085403442383e-01 -1.106482744216918945e-01 8.225169181823730469e-01 -6.535745859146118164e-01 -4.533476233482360840e-01 2.394165277481079102e+00 -2.354807257652282715e-01 1.281422853469848633e+00 -6.510688066482543945e-01 -1.270870327949523926e+00 -9.742386937141418457e-01 4.591596871614456177e-02 2.537768125534057617e+00 1.130844473838806152e+00 -2.193062901496887207e-01 -2.784014642238616943e-01 -5.674126148223876953e-01 -3.881431221961975098e-01 -1.093385338783264160e+00 -3.491401672363281250e-01 -4.384422302246093750e-01 6.631515622138977051e-01 1.961326003074645996e+00 5.674234032630920410e-01 -6.552485227584838867e-01 9.931749701499938965e-01 1.677344799041748047e+00 -6.083254218101501465e-01 -4.450961649417877197e-01 -1.052708998322486877e-01 -9.502630829811096191e-01 -8.585262298583984375e-01 1.596230864524841309e+00 -9.296170473098754883e-01 -3.438436686992645264e-01 2.014040708541870117e+00 -6.336321830749511719e-01 1.327774375677108765e-01 7.065155506134033203e-01 -5.114105939865112305e-01 5.554487705230712891e-01 6.581971049308776855e-01 6.747050881385803223e-01 -9.113326668739318848e-02 3.548270165920257568e-01 -1.070627331733703613e+00 -4.035094976425170898e-01 -7.743374705314636230e-01 -5.686696767807006836e-01 -1.273815751075744629e+00 8.807461261749267578e-01 6.819650530815124512e-01 1.291618347167968750e+00 3.331682980060577393e-01 -6.164065599441528320e-01 -3.784580528736114502e-01 5.778520703315734863e-01 -7.873504161834716797e-01
-6.864586472511291504e-01 -1.157837033271789551e+00 2.463154345750808716e-01 9.079872965812683105e-01 -2.531065225601196289e+00 2.275038957595825195e-01 1.270049571990966797e+00 -1.749776750802993774e-01 1.059750199317932129e+00 -1.003470540046691895e+00 -1.630613356828689575e-01 1.510023713111877441e+00 -1.887567788362503052e-01 1.344222903251647949e+00 -7.383010387420654297e-01 -1.200131773948669434e+00 -5.992648601531982422e-01 -4.778574407100677490e-01 1.126352429389953613e+00 7.167711257934570312e-01 -5.113182216882705688e-02 -3.499785959720611572e-01 -9.711830615997314453e-01 -8.715159296989440918e-01 -1.186930298805236816e+00 -3.009712696075439453e-01 -5.772921442985534668e-01 1.668648570775985718e-01 2.226298093795776367e+00 1.140477061271667480e+00 -4.802556633949279785e-01 1.359825491905212402e+00 1.753266811370849609e+00 -3.416325151920318604e-01 -1.072067499160766602e+00 -2.749637961387634277e-01 -4.677484333515167236e-01 -1.175083518028259277e+00 5.719050765037536621e-01 -5.672528147697448730e-01 -2.091071456670761108e-01 1.628972530364990234e+00 -4.379055798053741455e-01 7.125290036201477051e-01 6.947047710418701172e-01 -6.544898152351379395e-01 5.788443684577941895e-01 7.141488194465637207e-01 1.171486258506774902e+00 7.445150986313819885e-03 1.429518699645996094e+00 -8.961714506149291992e-01 -4.979231655597686768e-01 -8.283178210258483887e-01 -6.464381217956542969e-01 -5.860059261322021484e-01 1.108645319938659668e+00 -2.181940972805023193e-01 1.857802271842956543e+00 1.288639783859252930e+00 -1.097420811653137207e+00 -1.763419210910797119e-01 1.675149649381637573e-01 -9.633418917655944824e-01
-8.535668253898620605e-01 -1.200522780418395996e+00 1.491632014513015747e-01 8.285394310951232910e-01 -2.688669681549072266e+00 5.340189337730407715e-01 1.144527554512023926e+00 -1.399149447679519653e-01 1.153589844703674316e+00 -8.035146594047546387e-01 -3.942271471023559570e-01 1.707498431205749512e+00 -3.281614184379577637e-01 1.434553384780883789e+00 -9.086595773696899414e-01 -1.140803098678588867e+00 -8.259456157684326172e-01 -2.283304631710052490e-01 1.711249470710754395e+00 8.931593298912048340e-01 -8.313734084367752075e-02 -4.142220020294189453e-01 -5.781461596488952637e-01 -4.603561460971832275e-01 -1.002110600471496582e+00 -3.961288034915924072e-01 -4.806799292564392090e-01 3.815869987010955811e-01 2.241914033889770508e+00 6.882422566413879395e-01 -6.179577112197875977e-01 1.029459834098815918e+00 1.814421296119689941e+00 -2.288694381713867188e-01 -5.057497024536132812e-01 -3.684561848640441895e-01 -8.830243945121765137e-01 -1.180591106414794922e+00 9.153427481651306152e-01 -8.359121680259704590e-01 -3.512195944786071777e-01 2.066887140274047852e+00 -3.680453598499298096e-01 4.016104042530059814e-01 8.703840374946594238e-01 -6.146671772003173828e-01 6.597555875778198242e-01 8.535791039466857910e-01 9.427487850189208984e-01 -4.581462591886520386e-02 8.481136560440063477e-01 -1.075620889663696289e+00 -3.999631702899932861e-01 -7.435839772224426270e-01 -4.846002161502838135e-01 -1.212749123573303223e+00 8.499619364738464355e-01 2.294672429561614990e-01 1.527767419815063477e+00 7.072317004203796387e-01 -8.251948952674865723e-01 -4.202284812927246094e-01 5.140585899353027344e-01 -8.590540289878845215e-01
-1.103340148925781250e+00 -8.041762113571166992e-01 1.761582493782043457e-01 -1.878275573253631592e-01 -2.342977285385131836e+00 1.117162227630615234e+00 9.316404908895492554e-02 6.264363229274749756e-02 4.426164925098419189e-01 -8.355503082275390625e-01 -2.615852355957031250e-01 2.781324148178100586e+00 4.776083678007125854e-02 7.287219762802124023e-01 -2.341194003820419312e-01 -1.276224613189697266e+00 -7.219468951225280762e-01 3.463297784328460693e-01 2.980914115905761719e+00 5.934705734252929688e-01 -2.218998670578002930e-01 -2.279960215091705322e-01 -7.545598745346069336e-01 -8.480619788169860840e-01 -7.900467514991760254e-01 -2.869008779525756836e-01 -1.813047379255294800e-01 9.567914605140686035e-01 1.514537811279296875e+00 7.190256714820861816e-01 -6.430225968360900879e-01 8.589318394660949707e-01 1.220544457435607910e+00 -4.809020161628723145e-01 -9.470220208168029785e-01 2.049840092658996582e-01 -1.675090342760086060e-01 -1.638136267662048340e+00 2.124525070190429688e+00 -2.741756141185760498e-01 -2.587767541408538818e-01 1.641067028045654297e+00 -9.685289859771728516e-01 -1.506640017032623291e-01 5.453475117683410645e-01 -4.594454765319824219e-01 6.023929715156555176e-01 4.034954309463500977e-01 8.448397517204284668e-01 5.953633040189743042e-02 1.838557273149490356e-01 -6.206929683685302734e-01 -8.047049641609191895e-01 -3.087620735168457031e-01 -5.315806269645690918e-01 -1.272208809852600098e+00 7.518897056579589844e-01 9.283711910247802734e-01 1.057985544204711914e+00 1.288508325815200806e-01 -9.021205902099609375e-01 -1.025751680135726929e-01 5.226879715919494629e-01 -1.136928796768188477e+00
-8.973009586334228516e-01 -7.890373468399047852e-01 7.903971523046493530e-02 -2.028261274099349976e-01 -2.383022785186767578e+00 9.620880484580993652e-01 3.443054258823394775e-01 1.523449867963790894e-01 5.426286458969116211e-01 -7.584385871887207031e-01 -2.414086908102035522e-01 2.702824354171752930e+00 -6.617497652769088745e-02 8.658473491668701172e-01 -5.018398761749267578e-01 -1.379914522171020508e+00 -9.595329761505126953e-01 3.662855923175811768e-01 2.944346189498901367e+00 7.730316519737243652e-01 -8.861269801855087280e-02 -6.122665852308273315e-02 -5.966190099716186523e-01 -5.384762287139892578e-01 -6.709150075912475586e-01 -2.688128948211669922e-01 -3.574782609939575195e-01 9.338598847389221191e-01 1.829256176948547363e+00 7.751876711845397949e-01 -7.128821015357971191e-01 8.135749101638793945e-01 1.416933298110961914e+00 -5.414394140243530273e-01 -8.496353626251220703e-01 7.011577486991882324e-02 -3.386560380458831787e-01 -1.457307338714599609e+00 2.137146711349487305e+00 -4.695447683334350586e-01 -3.432809710502624512e-01 1.645027041435241699e+00 -9.153397679328918457e-01 -1.498810797929763794e-01 4.153090119361877441e-01 -5.806195139884948730e-01 8.115456700325012207e-01 2.521223127841949463e-01 8.121027350425720215e-01 1.635108143091201782e-02 2.024854719638824463e-01 -5.454510450363159180e-01 -7.662232518196105957e-01 -4.591194093227386475e-01 -3.974108099937438965e-01 -1.492898106575012207e+00 5.991339683532714844e-01 8.018527030944824219e-01 1.121158599853515625e+00 -3.741577640175819397e-02 -8.389931917190551758e-01 -2.558456659317016602e-01 3.856044709682464600e-01 -9.857223033905029297e-01
-6.641510725021362305e-01 -1.044689416885375977e+00 3.839163780212402344e-01 -2.097015976905822754e-01 -2.564217329025268555e+00 6.389101147651672363e-01 2.602691762149333954e-03 1.410644650459289551e-01 7.477920055389404297e-01 -8.942205309867858887e-01 -1.956226527690887451e-01 2.465211629867553711e+00 -7.074411958456039429e-02 9.225577712059020996e-01 -4.369199275970458984e-01 -1.297799348831176758e+00 -8.592671155929565430e-01 4.745806157588958740e-01 2.965312480926513672e+00 9.906912446022033691e-01 -2.133275382220745087e-02 -1.188800185918807983e-01 -4.725710451602935791e-01 -3.787445724010467529e-01 -5.612518787384033203e-01 -2.420049458742141724e-01 -4.628356397151947021e-01 1.297621250152587891e+00 1.715855598449707031e+00 5.770977735519409180e-01 -7.994300127029418945e-01 2.952322661876678467e-01 1.238491177558898926e+00 -7.389504313468933105e-01 -8.754259943962097168e-01 3.985809534788131714e-02 -4.986908435821533203e-01 -1.219006896018981934e+00 2.309701204299926758e+00 -6.703117489814758301e-01 -4.881330132484436035e-01 2.013940095901489258e+00 -8.188356757164001465e-01 9.171124547719955444e-03 4.971313178539276123e-01 -6.526303887367248535e-01 8.523007035255432129e-01 3.848915100097656250e-01 5.453665852546691895e-01 6.491903960704803467e-02 -7.596863061189651489e-02 -6.470322012901306152e-01 -5.264078378677368164e-01 -6.106097698211669922e-01 -2.875574827194213867e-01 -1.433143377304077148e+00 6.424863934516906738e-01 1.006309628486633301e+00 9.597798585891723633e-01 -2.337063848972320557e-02 -7.659184932708740234e-01 -6.084948182106018066e-01 4.141954183578491211e-01 -5.950466990470886230e-01
-8.226807713508605957e-01 -1.249310255050659180e+00 3.981794714927673340e-01 1.014679551124572754e+00 -2.598861694335937500e+00 3.911584317684173584e-01 1.157749414443969727e+00 -2.785593569278717041e-01 1.056516528129577637e+00 -8.506385087966918945e-01 -4.354856610298156738e-01 1.716937065124511719e+00 -3.377300202846527100e-01 1.523060679435729980e+00 -8.624529242515563965e-01 -1.037205934524536133e+00 -9.626350402832031250e-01 -1.850560754537582397e-01 1.433015942573547363e+00 7.345812916755676270e-01 -7.163950800895690918e-02 -3.205929398536682129e-01 -7.202317118644714355e-01 -5.689804553985595703e-01 -1.073939085006713867e+00 -2.733849287033081055e-01 -6.910953521728515625e-01 3.216617107391357422e-01 1.998193264007568359e+00 7.903267741203308105e-01 -6.344240307807922363e-01 1.015784859657287598e+00 1.821796536445617676e+00 -3.629005253314971924e-01 -6.079210638999938965e-01 -3.057595789432525635e-01 -1.064633488655090332e+00 -9.587478637695312500e-01 8.207364082336425781e-01 -8.628556728363037109e-01 -3.869555890560150146e-01 2.093814849853515625e+00 -4.139641821384429932e-01 4.799485802650451660e-01 8.433225154876708984e-01 -5.336937904357910156e-01 7.733393907546997070e-01 7.978065609931945801e-01 1.036707997322082520e+00 -1.936157941818237305e-01 1.269778370857238770e+00 -1.267716765403747559e+00 -3.789949119091033936e-01 -7.499610185623168945e-01 -4.664059579372406006e-01 -6.842566728591918945e-01 8.484628200531005859e-01 2.378311753273010254e-02 1.696281075477600098e+00 1.016482114791870117e+00 -6.738764643669128418e-01 -4.663129746913909912e-01 3.777381479740142822e-01 -8.653455376625061035e-01
-9.276264309883117676e-01 -9.537981748580932617e-01 1.745943278074264526e-01 -2.608636915683746338e-01 -2.282023429870605469e+00 1.085995793342590332e+00 -8.765084296464920044e-02 1.303734630346298218e-01 5.337514877319335938e-01 -4.967744350433349609e-01 -5.870811939239501953e-01 2.744170904159545898e+00 -1.454568952322006226e-01 1.050870299339294434e+00 -3.918803632259368896e-01 -1.258957982063293457e+00 -9.849025011062622070e-01 5.004251599311828613e-01 3.168603181838989258e+00 1.087071061134338379e+00 -2.298864722251892090e-01 -2.456394433975219727e-01 -4.938246905803680420e-01 -2.635160982608795166e-01 -8.959155678749084473e-01 -2.869270443916320801e-01 -4.308033287525177002e-01 9.713675975799560547e-01 1.611808896064758301e+00 3.052165806293487549e-01 -5.903955698013305664e-01 5.274422168731689453e-01 1.400281071662902832e+00 -6.351568698883056641e-01 -3.579560220241546631e-01 1.969799771904945374e-02 -8.325752019882202148e-01 -8.029954433441162109e-01 2.111061096191406250e+00 -8.085011839866638184e-01 -4.454746246337890625e-01 2.013737201690673828e+00 -8.775648474693298340e-01 -1.961114257574081421e-01 6.422118544578552246e-01 -5.847898721694946289e-01 6.021146774291992188e-01 4.323007166385650635e-01 4.574394822120666504e-01 -1.013150289654731750e-01 -1.365876942873001099e-01 -1.018062472343444824e+00 -3.916579782962799072e-01 -5.880886912345886230e-01 -5.255731344223022461e-01 -1.421186327934265137e+00 6.878331899642944336e-01 1.208178639411926270e+00 7.200877070426940918e-01 -1.389659345149993896e-01 -3.123591244220733643e-01 -3.965615034103393555e-01 6.597614288330078125e-01 -6.585450768470764160e-01
-8.881199359893798828e-01 -1.111497521400451660e+00 1.360513865947723389e-01 4.962701201438903809e-01 -2.493301868438720703e+00 6.547352075576782227e-01 8.260022401809692383e-01 -8.645997941493988037e-02 1.029155254364013672e+00 -6.495746374130249023e-01 -5.624282360076904297e-01 2.207433223724365234e+00 -4.044704437255859375e-01 1.314437031745910645e+00 -7.878050804138183594e-01 -1.329759120941162109e+00 -8.990652561187744141e-01 -3.072376735508441925e-02 2.108533382415771484e+00 9.296593666076660156e-01 -2.124737799167633057e-01 -4.465378224849700928e-01 -6.609094738960266113e-01 -4.436287581920623779e-01 -1.205133557319641113e+00 -3.975074887275695801e-01 -4.708828330039978027e-01 4.047849774360656738e-01 2.072369337081909180e+00 7.258633971214294434e-01 -5.160688757896423340e-01 1.053619146347045898e+00 1.735156536102294922e+00 -4.343751668930053711e-01 -4.328856766223907471e-01 -2.729859650135040283e-01 -8.149449229240417480e-01 -9.250594377517700195e-01 1.215403795242309570e+00 -8.745174407958984375e-01 -2.923522591590881348e-01 2.000150203704833984e+00 -6.501612067222595215e-01 3.009880781173706055e-01 7.019776105880737305e-01 -6.503829956054687500e-01 6.642909049987792969e-01 7.397741675376892090e-01 9.275450706481933594e-01 -9.084907174110412598e-02 7.281751036643981934e-01 -1.192784786224365234e+00 -3.928267359733581543e-01 -8.000662922859191895e-01 -5.809072852134704590e-01 -1.058154344558715820e+00 1.047796607017517090e+00 4.909635484218597412e-01 1.431358337402343750e+00 6.730712056159973145e-01 -6.254469156265258789e-01 -4.295791983604431152e-01 4.679399430751800537e-01 -8.176030516624450684e-01
-9.855237007141113281e-01 -6.721044778823852539e-01 1.128668785095214844e-01 -4.088799655437469482e-01 -2.224498987197875977e+00 1.201513648033142090e+00 -3.577891290187835693e-01 3.223451673984527588e-01 6.997363567352294922e-01 -6.708750128746032715e-01 -1.729542016983032227e-01 2.694393873214721680e+00 -9.675152599811553955e-02 8.025742769241333008e-01 -2.004244625568389893e-01 -1.251764059066772461e+00 -7.444043755531311035e-01 5.722016096115112305e-01 3.326890468597412109e+00 9.406613707542419434e-01 5.327690020203590393e-02 -2.193266898393630981e-01 -5.966489911079406738e-01 -5.418154001235961914e-01 -5.414289236068725586e-01 -4.132817387580871582e-01 -3.110539019107818604e-01 1.161334633827209473e+00 1.580014109611511230e+00 3.259676992893218994e-01 -7.145043611526489258e-01 3.318915367126464844e-01 1.327257633209228516e+00 -5.903058648109436035e-01 -7.820330262184143066e-01 2.595750987529754639e-01 -2.252602130174636841e-01 -1.278055310249328613e+00 2.228919267654418945e+00 -4.438886642456054688e-01 -4.161557257175445557e-01 1.745267152786254883e+00 -1.089928388595581055e+00 -3.287324011325836182e-01 6.325076222419738770e-01 -4.944213032722473145e-01 5.270392298698425293e-01 3.690373301506042480e-01 3.088083267211914062e-01 1.143534258008003235e-01 -4.075770378112792969e-01 -4.475361704826354980e-01 -7.483879327774047852e-01 -3.526955246925354004e-01 -4.182533323764801025e-01 -1.562941431999206543e+00 4.022088646888732910e-01 1.290310144424438477e+00 5.718514919281005859e-01 -2.905905842781066895e-01 -8.295905590057373047e-01 -3.902052044868469238e-01 7.848982214927673340e-01 -8.408616185188293457e-01
-1.090905070304870605e+00 -7.461252808570861816e-01 6.221914291381835938e-01 -5.833008885383605957e-01 -2.344702482223510742e+00 1.100960254669189453e+00 -4.376218616962432861e-01 2.894860506057739258e-01 5.066431164741516113e-01 -6.404480338096618652e-01 -4.570063650608062744e-01 2.543236255645751953e+00 -2.132103964686393738e-02 6.167589426040649414e-01 -2.048291414976119995e-01 -1.270026564598083496e+00 -8.047695159912109375e-01 8.446541428565979004e-01 3.380022287368774414e+00 1.049901485443115234e+00 5.803448334336280823e-02 -2.266203910112380981e-01 -8.095958232879638672e-01 -5.544199347496032715e-01 -4.087331891059875488e-01 -9.424939006567001343e-02 -3.732436895370483398e-01 1.463133573532104492e+00 1.425560355186462402e+00 1.344355344772338867e-01 -4.017652571201324463e-01 9.646203368902206421e-02 8.397391438484191895e-01 -4.591707885265350342e-01 -8.166078329086303711e-01 3.093089759349822998e-01 -3.938030004501342773e-01 -1.005064129829406738e+00 2.375687360763549805e+00 -3.839683532714843750e-01 -4.496750533580780029e-01 1.973632335662841797e+00 -9.994385242462158203e-01 -5.113535523414611816e-01 6.260153055191040039e-01 -6.020178198814392090e-01 6.779509782791137695e-01 1.757333576679229736e-01 1.969141811132431030e-01 7.753299921751022339e-02 -4.637172520160675049e-01 -3.380647897720336914e-01 -6.522415280342102051e-01 -2.366862446069717407e-01 -4.329682886600494385e-01 -1.557676315307617188e+00 3.735153079032897949e-01 1.497272968292236328e+00 3.250505030155181885e-01 -2.219960540533065796e-01 -6.221287250518798828e-01 -2.423228025436401367e-01 5.550676584243774414e-01 -7.434247136116027832e-01
-9.277419447898864746e-01 -8.270060420036315918e-01 3.680156171321868896e-01 -5.287690758705139160e-01 -2.016547203063964844e+00 1.140265583992004395e+00 -3.174608647823333740e-01 5.412492752075195312e-01 6.730830073356628418e-01 -6.051644086837768555e-01 -9.264890104532241821e-02 2.702167749404907227e+00 -1.037778407335281372e-01 5.875685214996337891e-01 -5.460489168763160706e-02 -1.463442921638488770e+00 -7.956311106681823730e-01 6.991234421730041504e-01 3.418452501296997070e+00 1.003576278686523438e+00 -1.095996517688035965e-02 -1.932429671287536621e-01 -6.518631577491760254e-01 -3.731645345687866211e-01 -7.440049052238464355e-01 -3.129312694072723389e-01 -3.409143090248107910e-01 1.345831632614135742e+00 1.500282049179077148e+00 4.291585087776184082e-01 -6.427806615829467773e-01 4.171530306339263916e-01 9.706204533576965332e-01 -5.624564886093139648e-01 -1.007759213447570801e+00 3.105747103691101074e-01 -4.569837152957916260e-01 -1.196534991264343262e+00 2.409117460250854492e+00 -3.721098899841308594e-01 -2.516517341136932373e-01 1.658822774887084961e+00 -1.041786670684814453e+00 -3.258114159107208252e-01 2.785528600215911865e-01 -5.332891941070556641e-01 5.095814466476440430e-01 3.452559411525726318e-01 3.890530169010162354e-01 2.541631758213043213e-01 -2.724426388740539551e-01 -2.345122247934341431e-01 -9.089724421501159668e-01 -2.915735244750976562e-01 -5.251798033714294434e-01 -1.377984285354614258e+00 4.583208560943603516e-01 1.205782651901245117e+00 3.485120832920074463e-01 -3.093028366565704346e-01 -8.271247744560241699e-01 -5.497446060180664062e-01 6.376371383666992188e-01 -9.215593338012695312e-01
