-9.839022159576416016e-01 -9.844126105308532715e-01 3.204487860202789307e-01 -2.316123694181442261e-01 -2.589391231536865234e+00 8.230997920036315918e-01 -2.366789989173412323e-02 -8.043535798788070679e-02 7.276549935340881348e-01 -8.469784259796142578e-01 -7.363324612379074097e-02 2.901622533798217773e+00 -3.124134801328182220e-02 9.571360945701599121e-01 -3.242263197898864746e-01 -1.250544428825378418e+00 -1.170471429824829102e+00 6.734748482704162598e-01 3.015224933624267578e+00 7.582358121871948242e-01 7.825984805822372437e-02 -1.933094114065170288e-01 -4.189228713512420654e-01 -4.616385996341705322e-01 -4.613406956195831299e-01 -3.478529453277587891e-01 -3.002508282661437988e-01 1.528714537620544434e+00 1.127458810806274414e+00 6.413419246673583984e-01 -6.989093422889709473e-01 3.509562611579895020e-01 1.536209940910339355e+00 -4.563111066818237305e-01 -9.799504280090332031e-01 2.644270360469818115e-01 -5.856013894081115723e-01 -1.056467294692993164e+00 2.091336488723754883e+00 -8.518247604370117188e-01 -4.259439110755920410e-01 1.460557341575622559e+00 -9.603770971298217773e-01 2.142137847840785980e-02 6.446257233619689941e-01 -4.219643771648406982e-01 6.923148632049560547e-01 2.439708411693572998e-01 1.897102147340774536e-01 3.408997505903244019e-02 -4.606762528419494629e-02 -8.740813732147216797e-01 -4.402315914630889893e-01 -5.421844124794006348e-01 1.813542842864990234e-02 -1.094346404075622559e+00 6.816257834434509277e-01 1.005894780158996582e+00 8.330841064453125000e-01 9.647289291024208069e-03 -8.632815480232238770e-01 -8.179003000259399414e-01 7.428058385848999023e-01 -7.641915082931518555e-01
-6.136140823364257812e-01 -1.250728726387023926e+00 3.493813574314117432e-01 4.801782071590423584e-01 -2.885489463806152344e+00 4.275715351104736328e-01 8.646056056022644043e-01 -1.968443840742111206e-01 9.260242581367492676e-01 -9.456650018692016602e-01 -5.826780200004577637e-02 2.147294521331787109e+00 -3.077360391616821289e-01 1.454646348953247070e+00 -4.774739146232604980e-01 -1.129702925682067871e+00 -1.098894596099853516e+00 5.762981995940208435e-02 1.945124387741088867e+00 7.864058613777160645e-01 -5.723869800567626953e-02 -2.441522032022476196e-01 -6.847505569458007812e-01 -2.865066826343536377e-01 -8.538402915000915527e-01 -4.559957087039947510e-01 -4.926351606845855713e-01 8.898200988769531250e-01 1.751459956169128418e+00 9.002630710601806641e-01 -5.590398907661437988e-01 8.750558495521545410e-01 1.931887388229370117e+00 -3.435055911540985107e-01 -9.084047079086303711e-01 -7.394509762525558472e-02 -9.281399846076965332e-01 -8.436837196350097656e-01 1.066458940505981445e+00 -1.156798243522644043e+00 -3.812161982059478760e-01 1.838932394981384277e+00 -7.662666440010070801e-01 5.271571874618530273e-01 7.708050608634948730e-01 -4.759578704833984375e-01 8.083006739616394043e-01 5.488554239273071289e-01 6.553959846496582031e-01 -4.628902301192283630e-02 8.435359597206115723e-01 -1.108336687088012695e+00 -3.019204437732696533e-01 -9.384163022041320801e-01 -1.735147386789321899e-01 -9.916560053825378418e-01 8.679268956184387207e-01 9.309215098619461060e-02 1.516349196434020996e+00 5.859595537185668945e-01 -9.872647523880004883e-01 -7.110869884490966797e-01 5.533942580223083496e-01 -6.963447332382202148e-01
-9.178621768951416016e-01 -8.303750753402709961e-01 2.864712774753570557e-01 -2.188049852848052979e-01 -2.649546623229980469e+00 8.688812851905822754e-01 -4.693331569433212280e-02 -3.645784035325050354e-02 7.553829550743103027e-01 -9.302478432655334473e-01 -1.162611395120620728e-01 2.687044382095336914e+00 4.929789900779724121e-02 9.595565795898437500e-01 -2.810602188110351562e-01 -1.347564339637756348e+00 -1.072249889373779297e+00 7.479195594787597656e-01 2.940830230712890625e+00 7.031863927841186523e-01 7.392505556344985962e-02 -1.910368800163269043e-01 -4.349479973316192627e-01 -5.906625986099243164e-01 -3.281444609165191650e-01 -1.982430368661880493e-01 -5.014196634292602539e-01 1.667015314102172852e+00 1.242282748222351074e+00 4.812715649604797363e-01 -6.203318238258361816e-01 2.556751072406768799e-01 1.421132683753967285e+00 -5.080401301383972168e-01 -1.045156478881835938e+00 3.650249838829040527e-01 -5.431887507438659668e-01 -9.420431256294250488e-01 2.195263147354125977e+00 -8.433880209922790527e-01 -5.373930335044860840e-01 1.572196006774902344e+00 -9.404672980308532715e-01 -6.229951512068510056e-03 8.284122347831726074e-01 -4.499684870243072510e-01 7.973383665084838867e-01 1.315420717000961304e-01 2.567095756530761719e-01 3.283405909314751625e-03 -2.125650942325592041e-01 -8.165283799171447754e-01 -4.938448667526245117e-01 -5.801762342453002930e-01 -2.808631630614399910e-03 -1.283349633216857910e+00 6.583424806594848633e-01 1.112343192100524902e+00 6.994502544403076172e-01 -1.014197766780853271e-01 -7.684661149978637695e-01 -7.856684327125549316e-01 7.300909757614135742e-01 -6.469509005546569824e-01
-1.057455420494079590e+00 -7.475279569625854492e-01 4.360797405242919922e-01 -7.180509567260742188e-01 -2.259815692901611328e+00 1.080158472061157227e+00 -7.706707715988159180e-01 1.947777122259140015e-01 3.819385468959808350e-01 -6.243485808372497559e-01 -6.931883841753005981e-02 2.935017108917236328e+00 -3.350712731480598450e-02 6.597799658775329590e-01 -8.517967909574508667e-02 -1.316326141357421875e+00 -1.089474439620971680e+00 1.144218087196350098e+00 3.490277528762817383e+00 8.162916302680969238e-01 9.890802204608917236e-02 -1.257736384868621826e-01 -4.273718297481536865e-01 -4.624835848808288574e-01 -3.813852071762084961e-01 -1.642502099275588989e-01 -2.302057445049285889e-01 1.814312458038330078e+00 6.653812527656555176e-01 4.328328073024749756e-01 -4.352019429206848145e-01 -3.095775097608566284e-02 8.735306262969970703e-01 -5.248291492462158203e-01 -9.608930349349975586e-01 3.800033032894134521e-01 -4.203262031078338623e-01 -8.636208772659301758e-01 2.593131303787231445e+00 -5.974071025848388672e-01 -4.680832326412200928e-01 1.412733554840087891e+00 -1.017025232315063477e+00 -4.781391620635986328e-01 4.601425528526306152e-01 -4.902828931808471680e-01 5.786413550376892090e-01 7.386753708124160767e-02 -2.535527348518371582e-01 1.251731514930725098e-01 -5.705871582031250000e-01 -4.613193571567535400e-01 -5.282907485961914062e-01 -3.400081694126129150e-01 1.420257426798343658e-02 -1.035239219665527344e+00 5.508551597595214844e-01 1.480776906013488770e+00 1.526383906602859497e-01 -4.075992703437805176e-01 -5.411883592605590820e-01 -5.471137762069702148e-01 7.033539414405822754e-01 -6.840332746505737305e-01
-8.828083276748657227e-01 -1.000862002372741699e+00 3.057996332645416260e-01 -1.637007147073745728e-01 -2.639507293701171875e+00 7.403323650360107422e-01 2.431005425751209259e-02 6.396793574094772339e-02 7.905669808387756348e-01 -8.257865905761718750e-01 -7.594281435012817383e-02 2.602020025253295898e+00 -1.384612470865249634e-01 1.149131655693054199e+00 -3.387538492679595947e-01 -1.364064574241638184e+00 -1.179994702339172363e+00 6.939610838890075684e-01 2.880769252777099609e+00 8.677464127540588379e-01 3.217635676264762878e-02 -1.744138896465301514e-01 -4.270533025264739990e-01 -4.609497487545013428e-01 -6.190336942672729492e-01 -2.350672781467437744e-01 -4.134224355220794678e-01 1.563945651054382324e+00 1.212818622589111328e+00 5.950762033462524414e-01 -6.597011089324951172e-01 3.237999677658081055e-01 1.676422238349914551e+00 -6.263999938964843750e-01 -9.117993712425231934e-01 1.703577935695648193e-01 -6.203209161758422852e-01 -9.506063461303710938e-01 2.037274360656738281e+00 -9.086933135986328125e-01 -4.044933319091796875e-01 1.705721497535705566e+00 -9.695740938186645508e-01 2.399232685565948486e-01 6.364747881889343262e-01 -4.358710646629333496e-01 7.535817623138427734e-01 3.663082420825958252e-01 2.170413881540298462e-01 -2.681844681501388550e-02 -9.263727068901062012e-02 -8.538674712181091309e-01 -4.313091337680816650e-01 -6.338857412338256836e-01 -8.155274391174316406e-02 -1.058529615402221680e+00 7.495012283325195312e-01 8.641073107719421387e-01 8.379953503608703613e-01 -1.548806391656398773e-02 -8.558568358421325684e-01 -8.278178572654724121e-01 7.354056835174560547e-01 -7.689726948738098145e-01
-7.456799149513244629e-01 -1.303725838661193848e+00 4.094872176647186279e-01 6.352828145027160645e-01 -2.736876726150512695e+00 2.690502107143402100e-01 1.137175917625427246e+00 -4.249879419803619385e-01 1.096525192260742188e+00 -9.876631498336791992e-01 -3.224439620971679688e-01 1.935722112655639648e+00 -2.992011606693267822e-01 1.476323723793029785e+00 -5.877457857131958008e-01 -1.002600431442260742e+00 -1.110075235366821289e+00 -1.206759214401245117e-01 1.593400001525878906e+00 7.807075977325439453e-01 -4.476421326398849487e-02 -3.026120662689208984e-01 -6.877244710922241211e-01 -2.920251786708831787e-01 -8.675951361656188965e-01 -3.816447854042053223e-01 -4.917513430118560791e-01 6.121384501457214355e-01 2.040165901184082031e+00 8.783074617385864258e-01 -6.424807906150817871e-01 7.820000648498535156e-01 2.039310932159423828e+00 -1.883857846260070801e-01 -7.514138221740722656e-01 -5.539497733116149902e-02 -1.079028725624084473e+00 -9.174299836158752441e-01 7.488915324211120605e-01 -1.085939049720764160e+00 -3.680515587329864502e-01 1.899918794631958008e+00 -5.005115270614624023e-01 6.579337120056152344e-01 9.362320899963378906e-01 -3.793250322341918945e-01 8.327380418777465820e-01 6.212348937988281250e-01 7.424401640892028809e-01 -1.645295619964599609e-01 8.078241944313049316e-01 -1.135029792785644531e+00 -2.217405587434768677e-01 -8.259901404380798340e-01 -9.946481138467788696e-02 -8.862386345863342285e-01 7.484862804412841797e-01 2.772334963083267212e-02 1.740960240364074707e+00 6.255702376365661621e-01 -9.090079665184020996e-01 -8.612624406814575195e-01 6.214718818664550781e-01 -8.351286649703979492e-01
-6.217108368873596191e-01 -1.379688143730163574e+00 2.271510511636734009e-01 4.767285287380218506e-01 -2.765352487564086914e+00 4.537726640701293945e-01 8.496566414833068848e-01 -1.283651143312454224e-01 8.251959681510925293e-01 -1.130682587623596191e+00 -6.930895894765853882e-02 2.357494115829467773e+00 -1.651126444339752197e-01 1.297400474548339844e+00 -4.942267537117004395e-01 -1.270771265029907227e+00 -9.675378203392028809e-01 2.733477354049682617e-01 2.007740497589111328e+00 7.751910090446472168e-01 -1.161275804042816162e-02 -1.902540624141693115e-01 -7.286813855171203613e-01 -3.038178384304046631e-01 -9.703825712203979492e-01 -3.351407945156097412e-01 -5.867861509323120117e-01 7.445057630538940430e-01 1.894926786422729492e+00 1.027372479438781738e+00 -7.190235853195190430e-01 9.391970634460449219e-01 1.891213655471801758e+00 -3.896973133087158203e-01 -1.019477605819702148e+00 -6.621679663658142090e-02 -8.229486942291259766e-01 -8.568519353866577148e-01 1.239123106002807617e+00 -1.025469064712524414e+00 -4.020312130451202393e-01 1.720495820045471191e+00 -5.462586283683776855e-01 4.888812303543090820e-01 6.588237881660461426e-01 -4.969940781593322754e-01 7.302379012107849121e-01 4.101812243461608887e-01 8.527477979660034180e-01 -1.268317550420761108e-01 8.187164664268493652e-01 -9.590073227882385254e-01 -1.879011690616607666e-01 -9.028778672218322754e-01 -2.520466148853302002e-01 -9.238756895065307617e-01 8.191053867340087891e-01 9.893902391195297241e-02 1.512032389640808105e+00 4.824177026748657227e-01 -9.782642126083374023e-01 -6.982024908065795898e-01 3.925980329513549805e-01 -7.240088582038879395e-01
-1.019714713096618652e+00 -7.000003457069396973e-01 3.919321000576019287e-01 -4.821235239505767822e-01 -2.431483507156372070e+00 8.814084529876708984e-01 -4.694727063179016113e-01 1.877871304750442505e-01 6.294235587120056152e-01 -6.336963176727294922e-01 -1.597758829593658447e-01 2.634403228759765625e+00 -6.713733822107315063e-02 9.649273157119750977e-01 -2.162939161062240601e-01 -1.387875795364379883e+00 -1.084814906120300293e+00 9.408265352249145508e-01 3.268269300460815430e+00 8.452524542808532715e-01 1.321185976266860962e-01 -1.731955856084823608e-01 -3.781522214412689209e-01 -4.413585960865020752e-01 -3.824404776096343994e-01 -1.835750788450241089e-01 -3.998673856258392334e-01 1.794359922409057617e+00 1.023290157318115234e+00 2.414866685867309570e-01 -6.022826433181762695e-01 -1.268936395645141602e-01 1.311330676078796387e+00 -5.991383194923400879e-01 -8.640614748001098633e-01 3.579896092414855957e-01 -4.545500576496124268e-01 -9.723510742187500000e-01 2.443978786468505859e+00 -7.517137527465820312e-01 -5.251579880714416504e-01 1.585143208503723145e+00 -1.044009566307067871e+00 -8.097498863935470581e-02 5.807902812957763672e-01 -5.040650367736816406e-01 7.434172034263610840e-01 2.433877289295196533e-01 -4.637100175023078918e-02 2.756769582629203796e-02 -5.220849514007568359e-01 -6.388353705406188965e-01 -5.365949273109436035e-01 -5.048344135284423828e-01 7.052748650312423706e-02 -1.142000436782836914e+00 6.558566689491271973e-01 1.258027553558349609e+00 2.813246548175811768e-01 -3.106660842895507812e-01 -7.099023461341857910e-01 -7.374659776687622070e-01 8.514648079872131348e-01 -5.741476416587829590e-01
-5.538669824600219727e-01 -1.595028638839721680e+00 6.491936445236206055e-01 8.795906901359558105e-01 -2.680690765380859375e+00 1.911181807518005371e-01 1.202804207801818848e+00 -5.515493154525756836e-01 9.007344841957092285e-01 -1.124160647392272949e+00 -1.144001707434654236e-01 2.108264923095703125e+00 -1.473599374294281006e-01 1.357213020324707031e+00 -5.317468047142028809e-01 -1.025560855865478516e+00 -1.041811466217041016e+00 -7.590641826391220093e-02 1.447026371955871582e+00 7.083866596221923828e-01 -1.994872391223907471e-01 -2.418393492698669434e-01 -7.645825743675231934e-01 -1.982630789279937744e-01 -9.726020693778991699e-01 -3.973398506641387939e-01 -3.919966816902160645e-01 6.239986419677734375e-01 1.741815090179443359e+00 1.037033915519714355e+00 -7.615179419517517090e-01 9.503499269485473633e-01 1.744981169700622559e+00 -2.669531404972076416e-01 -1.015856981277465820e+00 -2.686183899641036987e-02 -1.087344288825988770e+00 -7.550199031829833984e-01 7.809967398643493652e-01 -1.134866476058959961e+00 -2.906531095504760742e-01 1.629076004028320312e+00 -4.353255033493041992e-01 6.118346452713012695e-01 8.056227564811706543e-01 -2.913230359554290771e-01 9.027664065361022949e-01 5.253954529762268066e-01 9.104452133178710938e-01 3.480254113674163818e-02 1.109987020492553711e+00 -1.222531557083129883e+00 -1.335145533084869385e-01 -8.085994124412536621e-01 -3.205771744251251221e-01 -6.981284618377685547e-01 8.137522935867309570e-01 -8.536821603775024414e-02 1.918107509613037109e+00 9.708455801010131836e-01 -9.449921846389770508e-01 -8.916317820549011230e-01 5.370196327567100525e-02 -7.364743351936340332e-01
-8.468164801597595215e-01 -1.112181067466735840e+00 9.729196876287460327e-02 -1.566300690174102783e-01 -2.678229331970214844e+00 7.744169831275939941e-01 4.313962459564208984e-01 -2.097036689519882202e-01 6.781008839607238770e-01 -9.859555959701538086e-01 -1.986477077007293701e-01 2.875469923019409180e+00 -3.642205148935317993e-02 1.010179281234741211e+00 -3.885242938995361328e-01 -1.227496385574340820e+00 -1.138439893722534180e+00 4.629816114902496338e-01 2.745456457138061523e+00 6.777269244194030762e-01 -7.808332890272140503e-02 -2.207156419754028320e-01 -5.209106802940368652e-01 -3.500150740146636963e-01 -6.943684220314025879e-01 -3.579892814159393311e-01 -4.441489577293395996e-01 1.135766983032226562e+00 1.403698205947875977e+00 1.043958187103271484e+00 -6.040043830871582031e-01 7.799866795539855957e-01 1.714070200920104980e+00 -2.266894727945327759e-01 -9.344614744186401367e-01 1.950845122337341309e-01 -7.629405260086059570e-01 -1.056298255920410156e+00 1.783101797103881836e+00 -9.961144924163818359e-01 -3.402414023876190186e-01 1.437031149864196777e+00 -7.882965803146362305e-01 1.698203235864639282e-01 5.846991539001464844e-01 -3.937909305095672607e-01 7.920041680335998535e-01 2.650135755538940430e-01 4.846282899379730225e-01 -1.949793472886085510e-02 3.949705958366394043e-01 -9.891946911811828613e-01 -3.236024081707000732e-01 -6.731337904930114746e-01 -9.807856753468513489e-03 -1.112968325614929199e+00 6.961247920989990234e-01 5.921570658683776855e-01 1.281815648078918457e+00 1.404321491718292236e-01 -8.996567130088806152e-01 -7.550444006919860840e-01 5.276550650596618652e-01 -7.711725831031799316e-01
-9.201596379280090332e-01 -5.403090119361877441e-01 4.114561378955841064e-01 -9.250643253326416016e-01 -1.912162184715270996e+00 1.057767868041992188e+00 -1.055709362030029297e+00 5.426787137985229492e-01 3.571429550647735596e-01 -3.435460925102233887e-01 -8.075086027383804321e-02 2.600937366485595703e+00 1.055417731404304504e-01 4.501449465751647949e-01 -7.106779515743255615e-02 -1.419554710388183594e+00 -9.853582978248596191e-01 1.213300228118896484e+00 3.744523048400878906e+00 8.800214529037475586e-01 1.871496289968490601e-01 -2.041651681065559387e-02 -2.378639578819274902e-01 -4.821509420871734619e-01 -1.407757699489593506e-01 8.728145062923431396e-02 -2.477117031812667847e-01 2.095079660415649414e+00 3.630658686161041260e-01 8.593370020389556885e-02 -6.485183238983154297e-01 -1.655590236186981201e-01 7.069515585899353027e-01 -7.234182357788085938e-01 -9.637959599494934082e-01 2.639867663383483887e-01 -3.331919908523559570e-01 -6.411211490631103516e-01 2.698345899581909180e+00 -5.601692795753479004e-01 -4.059107601642608643e-01 1.336048126220703125e+00 -1.173276305198669434e+00 -1.917046010494232178e-01 2.135993987321853638e-01 -5.922583937644958496e-01 5.938323140144348145e-01 -7.400836795568466187e-02 -1.686179190874099731e-01 2.129137516021728516e-02 -8.133812546730041504e-01 -5.579978227615356445e-01 -5.446845889091491699e-01 -2.793887555599212646e-01 7.180375605821609497e-02 -1.060211300849914551e+00 5.281649231910705566e-01 1.577658176422119141e+00 -3.155939877033233643e-01 -6.568552255630493164e-01 -5.514407157897949219e-01 -6.469949483871459961e-01 8.066565990447998047e-01 -4.562472403049468994e-01
-6.229293346405029297e-01 -1.434945106506347656e+00 3.563235998153686523e-01 7.861961126327514648e-01 -2.728919029235839844e+00 2.040610909461975098e-01 1.295723557472229004e+00 -3.854662179946899414e-01 1.122152447700500488e+00 -9.497780799865722656e-01 -1.487486511468887329e-01 1.626362204551696777e+00 -3.554183542728424072e-01 1.594576120376586914e+00 -5.394282937049865723e-01 -9.801188707351684570e-01 -9.515677690505981445e-01 -3.389896452426910400e-01 1.352425456047058105e+00 7.500161528587341309e-01 -8.672685921192169189e-02 -2.564289867877960205e-01 -7.615180611610412598e-01 -2.266228944063186646e-01 -9.638492465019226074e-01 -4.909224212169647217e-01 -3.776858150959014893e-01 4.699262380599975586e-01 2.037480831146240234e+00 8.320279717445373535e-01 -6.699455976486206055e-01 8.786729574203491211e-01 2.112988233566284180e+00 -2.311455905437469482e-01 -8.232108354568481445e-01 -6.108321249485015869e-02 -1.077171921730041504e+00 -7.078648805618286133e-01 4.590630531311035156e-01 -1.220032334327697754e+00 -2.759010493755340576e-01 1.821033954620361328e+00 -4.359808266162872314e-01 7.839829325675964355e-01 8.938992619514465332e-01 -3.813882470130920410e-01 8.058415055274963379e-01 6.573533415794372559e-01 8.664140105247497559e-01 -1.340315490961074829e-01 9.628754258155822754e-01 -1.184201359748840332e+00 -1.855860799551010132e-01 -8.367147445678710938e-01 -2.470900118350982666e-01 -7.573308348655700684e-01 9.150812625885009766e-01 -2.635863423347473145e-01 1.780483841896057129e+00 8.799877166748046875e-01 -1.019191265106201172e+00 -8.739878535270690918e-01 5.609529018402099609e-01 -7.640721201896667480e-01
-5.708408355712890625e-01 -1.287861704826354980e+00 5.552485585212707520e-01 8.708553910255432129e-01 -2.686380863189697266e+00 1.530705988407135010e-01 1.387851476669311523e+00 -3.178292214870452881e-01 1.210992455482482910e+00 -8.436458706855773926e-01 -1.598874330520629883e-01 1.544108986854553223e+00 -3.353441655635833740e-01 1.465836286544799805e+00 -6.680434346199035645e-01 -1.013049483299255371e+00 -9.632957577705383301e-01 -3.349538147449493408e-01 1.146448373794555664e+00 7.242989540100097656e-01 -1.438335049897432327e-02 -4.224640727043151855e-01 -7.658156156539916992e-01 -3.175816535949707031e-01 -9.909913539886474609e-01 -3.802094757556915283e-01 -5.555839538574218750e-01 3.558999896049499512e-01 2.057554960250854492e+00 9.163945913314819336e-01 -5.655227303504943848e-01 8.354944586753845215e-01 1.962451457977294922e+00 -8.960957080125808716e-02 -7.012606859207153320e-01 -3.674909770488739014e-01 -1.129298925399780273e+00 -8.980019092559814453e-01 2.293099462985992432e-01 -1.225874781608581543e+00 -3.649015128612518311e-01 1.958811163902282715e+00 -4.380865097045898438e-01 7.656894922256469727e-01 8.730471134185791016e-01 -5.856544375419616699e-01 8.021649718284606934e-01 6.690781712532043457e-01 9.866791367530822754e-01 -1.038818061351776123e-01 1.356903314590454102e+00 -1.208041548728942871e+00 -1.550943106412887573e-01 -1.092560648918151855e+00 -3.191245794296264648e-01 -6.539300680160522461e-01 9.531201124191284180e-01 -1.898173987865447998e-01 1.749973893165588379e+00 9.451089501380920410e-01 -9.249599575996398926e-01 -6.655604243278503418e-01 4.486985504627227783e-01 -5.167613625526428223e-01
-6.180153489112854004e-01 -1.368319153785705566e+00 5.711486339569091797e-01 1.037217974662780762e+00 -2.727097749710083008e+00 1.942787505686283112e-02 1.345177531242370605e+00 -3.728178739547729492e-01 1.243263840675354004e+00 -9.260874390602111816e-01 -2.671114206314086914e-01 1.285854458808898926e+00 -3.028495013713836670e-01 1.667296409606933594e+00 -6.765710711479187012e-01 -1.006357550621032715e+00 -1.008157134056091309e+00 -2.995001077651977539e-01 9.863399267196655273e-01 7.729861736297607422e-01 -6.015317887067794800e-02 -3.302809596061706543e-01 -6.895331740379333496e-01 -3.278632462024688721e-01 -8.888117671012878418e-01 -4.256189763545989990e-01 -5.164924263954162598e-01 4.903385937213897705e-01 2.200134992599487305e+00 6.858410239219665527e-01 -5.819436907768249512e-01 7.054611444473266602e-01 2.068699359893798828e+00 -2.114546149969100952e-01 -7.065532803535461426e-01 -2.381341457366943359e-01 -1.086766242980957031e+00 -8.028107881546020508e-01 2.967504560947418213e-01 -1.155256986618041992e+00 -4.012853503227233887e-01 1.968825101852416992e+00 -4.129824936389923096e-01 8.392274379730224609e-01 9.788067936897277832e-01 -4.942639470100402832e-01 9.274683594703674316e-01 7.717950940132141113e-01 8.053600788116455078e-01 -1.017205119132995605e-01 1.027842402458190918e+00 -1.227509975433349609e+00 -1.957194358110427856e-01 -9.342682957649230957e-01 -2.321952879428863525e-01 -7.014666795730590820e-01 9.340238571166992188e-01 -1.745960712432861328e-01 1.659870624542236328e+00 1.017990350723266602e+00 -9.133481383323669434e-01 -8.189848661422729492e-01 6.063694357872009277e-01 -6.370960474014282227e-01
-5.816270112991333008e-01 -1.381309747695922852e+00 7.431545257568359375e-01 1.041610240936279297e+00 -2.678874254226684570e+00 -1.472600102424621582e-01 1.448769330978393555e+00 -3.970652520656585693e-01 1.298609852790832520e+00 -7.474000453948974609e-01 -3.593659102916717529e-01 1.035898923873901367e+00 -3.666378259658813477e-01 1.751746654510498047e+00 -7.316223382949829102e-01 -7.548412084579467773e-01 -1.043588757514953613e+00 -4.876945018768310547e-01 8.275954723358154297e-01 8.370200395584106445e-01 2.822608128190040588e-02 -3.694199919700622559e-01 -6.806746125221252441e-01 -2.900626957416534424e-01 -9.279274344444274902e-01 -4.253357052803039551e-01 -4.472698569297790527e-01 2.835641503334045410e-01 2.320512056350708008e+00 6.057318449020385742e-01 -5.137871503829956055e-01 5.174231529235839844e-01 2.104241132736206055e+00 -1.736107617616653442e-01 -6.317483186721801758e-01 -3.889553844928741455e-01 -1.175310373306274414e+00 -7.774395942687988281e-01 1.405353099107742310e-02 -1.184786677360534668e+00 -4.082862436771392822e-01 2.109216690063476562e+00 -4.121980071067810059e-01 8.360424637794494629e-01 1.045352220535278320e+00 -4.444447159767150879e-01 9.451356530189514160e-01 8.082927465438842773e-01 6.789305806159973145e-01 -6.010749936103820801e-02 1.019485116004943848e+00 -1.223880410194396973e+00 -8.465351164340972900e-02 -9.614449739456176758e-01 -2.861882448196411133e-01 -5.959377288818359375e-01 7.283880710601806641e-01 -1.752131581306457520e-01 1.756198763847351074e+00 1.021988153457641602e+00 -8.064292073249816895e-01 -7.632284164428710938e-01 7.141204476356506348e-01 -6.249131560325622559e-01
-8.552145957946777344e-01 -7.382296323776245117e-01 3.498367369174957275e-01 -6.214914321899414062e-01 -2.392959594726562500e+00 9.529658555984497070e-01 -4.250548779964447021e-01 3.986651822924613953e-02 6.604855656623840332e-01 -8.714131712913513184e-01 -1.179462224245071411e-01 2.804387569427490234e+00 8.387009054422378540e-02 6.621649861335754395e-01 -1.557417511940002441e-01 -1.227533102035522461e+00 -1.161954522132873535e+00 9.789593219757080078e-01 3.323855161666870117e+00 8.152619004249572754e-01 9.219869226217269897e-02 -2.242940813302993774e-01 -3.812186121940612793e-01 -5.722264051437377930e-01 -2.701107561588287354e-01 -1.301238089799880981e-01 -3.990965783596038818e-01 1.837295889854431152e+00 8.618063926696777344e-01 4.871632158756256104e-01 -5.995991826057434082e-01 1.326728016138076782e-01 1.062988758087158203e+00 -5.108435153961181641e-01 -9.480400681495666504e-01 3.411959409713745117e-01 -5.277068614959716797e-01 -9.902988076210021973e-01 2.496649742126464844e+00 -6.937042474746704102e-01 -4.753940105438232422e-01 1.507508993148803711e+00 -1.046373248100280762e+00 -6.413267552852630615e-02 5.394101142883300781e-01 -4.792893528938293457e-01 7.978855371475219727e-01 5.363237857818603516e-02 1.285336911678314209e-01 6.961434334516525269e-02 -3.641862869262695312e-01 -6.930977702140808105e-01 -5.435113906860351562e-01 -4.198797047138214111e-01 5.541561916470527649e-02 -1.213661432266235352e+00 5.119799375534057617e-01 1.294392347335815430e+00 4.053871631622314453e-01 -4.038463532924652100e-01 -6.831231117248535156e-01 -7.957154512405395508e-01 7.022730112075805664e-01 -5.688444375991821289e-01
-6.363340616226196289e-01 -1.349086999893188477e+00 2.928396463394165039e-01 5.271048545837402344e-01 -2.725063562393188477e+00 4.303310215473175049e-01 9.898838996887207031e-01 -2.378778755664825439e-01 1.083247184753417969e+00 -1.127405405044555664e+00 -9.992168843746185303e-02 2.141291618347167969e+00 -3.120452165603637695e-01 1.449635982513427734e+00 -4.404166638851165771e-01 -1.194739818572998047e+00 -1.075161933898925781e+00 1.069747582077980042e-01 1.940172433853149414e+00 7.798863649368286133e-01 -8.090638369321823120e-02 -2.851343750953674316e-01 -6.614245176315307617e-01 -3.247959017753601074e-01 -9.038426876068115234e-01 -4.144174456596374512e-01 -4.340601265430450439e-01 7.500363588333129883e-01 1.692436218261718750e+00 8.803700208663940430e-01 -6.345542073249816895e-01 8.519014120101928711e-01 1.943977832794189453e+00 -3.620891869068145752e-01 -9.072383046150207520e-01 -6.258618086576461792e-02 -8.831736445426940918e-01 -8.494415283203125000e-01 1.012864112854003906e+00 -1.056017994880676270e+00 -3.515892624855041504e-01 1.795720458030700684e+00 -6.135533452033996582e-01 6.094537973403930664e-01 8.348298072814941406e-01 -4.467350244522094727e-01 8.506044745445251465e-01 5.504811406135559082e-01 7.237625122070312500e-01 -1.272030174732208252e-01 7.843393683433532715e-01 -1.162870049476623535e+00 -3.147150874137878418e-01 -8.743237257003784180e-01 -2.282095998525619507e-01 -9.361625909805297852e-01 8.515844345092773438e-01 1.559808254241943359e-01 1.599492669105529785e+00 5.538966059684753418e-01 -1.017341732978820801e+00 -8.592416644096374512e-01 6.126417517662048340e-01 -7.352900505065917969e-01
-8.535788059234619141e-01 -1.025476336479187012e+00 2.184236943721771240e-01 -3.149642050266265869e-02 -2.770075798034667969e+00 7.396513819694519043e-01 2.204981297254562378e-01 -1.103022322058677673e-01 9.177678227424621582e-01 -8.900997042655944824e-01 -5.497183278203010559e-02 2.615398406982421875e+00 -1.947342753410339355e-01 1.214089751243591309e+00 -3.730055987834930420e-01 -1.331882596015930176e+00 -1.082378625869750977e+00 5.009245872497558594e-01 2.749879360198974609e+00 7.538539767265319824e-01 9.940320998430252075e-02 -3.172174692153930664e-01 -4.893383383750915527e-01 -4.032019078731536865e-01 -6.539021134376525879e-01 -4.345793426036834717e-01 -3.550812005996704102e-01 1.243220448493957520e+00 1.295942187309265137e+00 7.956820726394653320e-01 -5.991715192794799805e-01 5.768752694129943848e-01 1.706587433815002441e+00 -4.790585637092590332e-01 -9.916978478431701660e-01 1.720586419105529785e-01 -6.925134658813476562e-01 -8.948612809181213379e-01 1.919928431510925293e+00 -1.054710984230041504e+00 -3.353091478347778320e-01 1.588738203048706055e+00 -9.237567782402038574e-01 2.869158685207366943e-01 6.742325425148010254e-01 -4.427225291728973389e-01 6.175649166107177734e-01 3.099760711193084717e-01 3.030473589897155762e-01 3.897460922598838806e-02 2.179737091064453125e-01 -1.002276659011840820e+00 -3.908051848411560059e-01 -6.610939502716064453e-01 9.660515934228897095e-03 -1.133291125297546387e+00 8.459788560867309570e-01 6.166855692863464355e-01 1.126693129539489746e+00 1.707132160663604736e-01 -8.929473161697387695e-01 -8.177861571311950684e-01 6.786184906959533691e-01 -7.234250307083129883e-01
-7.253996729850769043e-01 -1.326035618782043457e+00 5.838855504989624023e-01 8.305213451385498047e-01 -2.758863925933837891e+00 8.872193843126296997e-02 1.338065743446350098e+00 -3.224172294139862061e-01 1.245186448097229004e+00 -9.083721637725830078e-01 -4.128573834896087646e-01 1.520690560340881348e+00 -4.338466525077819824e-01 1.548966765403747559e+00 -6.687414050102233887e-01 -1.047476530075073242e+00 -1.002922534942626953e+00 -1.447863429784774780e-01 1.307883381843566895e+00 8.565419316291809082e-01 -4.277392104268074036e-02 -3.697741031646728516e-01 -6.976435184478759766e-01 -2.686288654804229736e-01 -8.480484485626220703e-01 -3.063345253467559814e-01 -5.587455630302429199e-01 5.933127999305725098e-01 2.239098310470581055e+00 7.006857991218566895e-01 -5.888129472732543945e-01 5.941165685653686523e-01 1.952040076255798340e+00 -1.567758172750473022e-01 -6.644845604896545410e-01 -1.743097305297851562e-01 -1.051136016845703125e+00 -9.184725880622863770e-01 4.784895777702331543e-01 -1.010039806365966797e+00 -4.884984791278839111e-01 2.062195539474487305e+00 -4.346543550491333008e-01 6.795523762702941895e-01 1.005899071693420410e+00 -4.841148257255554199e-01 9.814909696578979492e-01 7.463026642799377441e-01 7.796919345855712891e-01 -1.622423380613327026e-01 8.339958786964416504e-01 -1.072470545768737793e+00 -2.022988647222518921e-01 -8.824190497398376465e-01 -2.018966525793075562e-01 -8.718785047531127930e-01 7.931699156761169434e-01 1.197750940918922424e-01 1.605565667152404785e+00 7.724403738975524902e-01 -9.817155003547668457e-01 -8.663405179977416992e-01 6.758450865745544434e-01 -7.800791859626770020e-01
-9.202997684478759766e-01 -1.087447404861450195e+00 3.627409636974334717e-01 2.393555939197540283e-01 -2.680402040481567383e+00 7.084069252014160156e-01 4.933749735355377197e-01 -1.262380369007587433e-02 1.039539456367492676e+00 -9.769192934036254883e-01 -1.801995337009429932e-01 2.416366100311279297e+00 -2.119568288326263428e-01 1.257745623588562012e+00 -4.686846137046813965e-01 -1.314443111419677734e+00 -9.926562905311584473e-01 4.691422879695892334e-01 2.470265626907348633e+00 7.135326266288757324e-01 6.042450666427612305e-03 -2.685240507125854492e-01 -6.281905770301818848e-01 -4.688287675380706787e-01 -7.118652462959289551e-01 -3.575682044029235840e-01 -4.065632522106170654e-01 1.198810935020446777e+00 1.701443910598754883e+00 6.725926995277404785e-01 -6.466876864433288574e-01 4.920153915882110596e-01 1.682489752769470215e+00 -3.275098204612731934e-01 -9.450227022171020508e-01 2.566775307059288025e-02 -7.914851903915405273e-01 -1.004801034927368164e+00 1.563570737838745117e+00 -9.152535796165466309e-01 -4.962428212165832520e-01 1.888818979263305664e+00 -7.784096598625183105e-01 2.204532474279403687e-01 9.251975417137145996e-01 -5.521466732025146484e-01 9.099355936050415039e-01 3.355097472667694092e-01 5.088984370231628418e-01 -1.110308840870857239e-01 2.670293748378753662e-01 -9.821221232414245605e-01 -4.187699854373931885e-01 -6.751691102981567383e-01 -5.812656879425048828e-02 -1.107846140861511230e+00 7.933302521705627441e-01 6.479852199554443359e-01 1.012069702148437500e+00 2.806940376758575439e-01 -9.848559498786926270e-01 -8.378902673721313477e-01 7.858753800392150879e-01 -7.841346859931945801e-01
-9.820656180381774902e-01 -1.031208753585815430e+00 3.296507000923156738e-01 4.179522022604942322e-02 -2.658656835556030273e+00 7.231832742691040039e-01 2.692164182662963867e-01 -8.641210198402404785e-02 8.961895108222961426e-01 -8.823662996292114258e-01 -2.078596800565719604e-01 2.489614725112915039e+00 -1.253835707902908325e-01 1.241802453994750977e+00 -3.744488656520843506e-01 -1.367038607597351074e+00 -1.182444810867309570e+00 4.992992877960205078e-01 2.626271486282348633e+00 8.135590553283691406e-01 1.049692160449922085e-03 -2.324157208204269409e-01 -5.137824416160583496e-01 -3.889141380786895752e-01 -6.634654998779296875e-01 -3.334928750991821289e-01 -4.467365741729736328e-01 1.301171541213989258e+00 1.600907325744628906e+00 6.152103543281555176e-01 -5.680052638053894043e-01 3.371782004833221436e-01 1.796698689460754395e+00 -3.401869833469390869e-01 -9.133707284927368164e-01 1.350612491369247437e-01 -8.027908802032470703e-01 -9.913517832756042480e-01 1.700671553611755371e+00 -1.031594276428222656e+00 -4.243553578853607178e-01 1.801587104797363281e+00 -8.178191184997558594e-01 2.408471256494522095e-01 7.461872100830078125e-01 -4.190340042114257812e-01 9.146416783332824707e-01 4.295086562633514404e-01 2.701491713523864746e-01 -7.471390813589096069e-02 3.540857136249542236e-02 -9.436820149421691895e-01 -3.288585245609283447e-01 -7.213632464408874512e-01 1.360440347343683243e-02 -1.139450430870056152e+00 6.939765810966491699e-01 6.891866922378540039e-01 1.034528017044067383e+00 7.949645072221755981e-02 -7.779873013496398926e-01 -8.612276315689086914e-01 9.046286344528198242e-01 -7.775635123252868652e-01
-8.298996090888977051e-01 -6.919146776199340820e-01 3.342279493808746338e-01 -5.952838659286499023e-01 -2.497914791107177734e+00 1.099245309829711914e+00 -3.610942065715789795e-01 2.162508964538574219e-01 4.311111271381378174e-01 -7.804807424545288086e-01 -3.106791712343692780e-02 2.952791690826416016e+00 -5.549217015504837036e-02 7.017915248870849609e-01 -1.739494651556015015e-01 -1.263713598251342773e+00 -1.052250146865844727e+00 9.908567667007446289e-01 3.300734281539916992e+00 6.850084662437438965e-01 1.268440335988998413e-01 -1.497471779584884644e-01 -3.548297882080078125e-01 -4.679584205150604248e-01 -3.759835660457611084e-01 -2.784591615200042725e-01 -4.625355005264282227e-01 1.747056365013122559e+00 9.921670556068420410e-01 5.493314266204833984e-01 -5.623521208763122559e-01 2.131819725036621094e-01 1.126525759696960449e+00 -4.717332422733306885e-01 -9.917466044425964355e-01 2.494915276765823364e-01 -5.158957242965698242e-01 -9.411423802375793457e-01 2.449792385101318359e+00 -8.589968085289001465e-01 -4.175480902194976807e-01 1.534083724021911621e+00 -1.051152467727661133e+00 -2.166845649480819702e-01 4.664726555347442627e-01 -4.119457602500915527e-01 6.907646059989929199e-01 6.987763196229934692e-02 1.767142415046691895e-01 -8.447039872407913208e-02 -2.976948320865631104e-01 -6.133037805557250977e-01 -4.724937677383422852e-01 -4.692271947860717773e-01 1.271049082279205322e-01 -1.207874536514282227e+00 5.372955799102783203e-01 1.086353540420532227e+00 4.028652906417846680e-01 -3.888283967971801758e-01 -6.683138608932495117e-01 -7.483674287796020508e-01 7.248111367225646973e-01 -6.867049932479858398e-01
-8.630301356315612793e-01 -5.442035198211669922e-01 1.659946441650390625e-01 -8.683335781097412109e-01 -2.092122793197631836e+00 1.148081660270690918e+00 -8.181856870651245117e-01 3.932384252548217773e-01 3.249191343784332275e-01 -5.354713797569274902e-01 -8.339128643274307251e-02 2.876549720764160156e+00 -6.789163686335086823e-03 4.928669333457946777e-01 -1.670609861612319946e-01 -1.257593989372253418e+00 -9.098410010337829590e-01 1.200015306472778320e+00 3.687879323959350586e+00 7.384434342384338379e-01 2.148926258087158203e-01 -1.349316686391830444e-01 -2.563472390174865723e-01 -5.449658632278442383e-01 -2.377299368381500244e-01 -3.224738314747810364e-02 -3.088353872299194336e-01 1.897219538688659668e+00 4.255825281143188477e-01 3.554649055004119873e-01 -6.524711847305297852e-01 3.342650085687637329e-02 8.486618399620056152e-01 -6.484431624412536621e-01 -9.009230136871337891e-01 3.629560470581054688e-01 -2.986353039741516113e-01 -8.214561343193054199e-01 2.737443208694458008e+00 -5.105075836181640625e-01 -3.875351250171661377e-01 1.301686286926269531e+00 -1.115711450576782227e+00 -3.061058223247528076e-01 4.421006441116333008e-01 -5.623885989189147949e-01 5.210657715797424316e-01 -1.366089582443237305e-01 -4.984789714217185974e-02 2.219576202332973480e-02 -6.641618609428405762e-01 -5.016512870788574219e-01 -6.250510811805725098e-01 -2.896338701248168945e-01 1.223184242844581604e-01 -1.119481682777404785e+00 5.186264514923095703e-01 1.501269102096557617e+00 -7.233735173940658569e-02 -6.421115994453430176e-01 -6.360966563224792480e-01 -6.448333859443664551e-01 6.793969869613647461e-01 -5.639284253120422363e-01
-7.116081714630126953e-01 -1.425344467163085938e+00 5.657931566238403320e-01 7.508454918861389160e-01 -2.680284261703491211e+00 1.671273410320281982e-01 1.133224487304687500e+00 -5.717240571975708008e-01 8.552622795104980469e-01 -1.024029135704040527e+00 -1.701869219541549683e-01 1.867671012878417969e+00 -1.652857810258865356e-01 1.257327079772949219e+00 -6.939345002174377441e-01 -8.012472987174987793e-01 -1.018136620521545410e+00 -2.023346871137619019e-01 1.434837579727172852e+00 7.255865931510925293e-01 -1.681804656982421875e-02 -3.038420379161834717e-01 -7.515841126441955566e-01 -1.953716278076171875e-01 -9.026408195495605469e-01 -4.945163130760192871e-01 -4.826549589633941650e-01 5.170027613639831543e-01 1.921805500984191895e+00 1.225004315376281738e+00 -6.995537281036376953e-01 1.163785219192504883e+00 1.932086229324340820e+00 -7.155995070934295654e-02 -7.698304653167724609e-01 -1.557591110467910767e-01 -1.243783473968505859e+00 -9.158231019973754883e-01 6.084676384925842285e-01 -1.258903384208679199e+00 -3.098312318325042725e-01 1.762585520744323730e+00 -4.017271101474761963e-01 6.835678219795227051e-01 7.888088226318359375e-01 -3.012285828590393066e-01 7.624838948249816895e-01 5.970837473869323730e-01 9.012098908424377441e-01 -1.365566700696945190e-01 1.220464825630187988e+00 -1.064794778823852539e+00 -1.357700116932392120e-02 -7.375245094299316406e-01 -2.332454472780227661e-01 -7.605766654014587402e-01 8.234416246414184570e-01 -2.141088247299194336e-01 1.892292618751525879e+00 9.096370935440063477e-01 -1.025167703628540039e+00 -8.226724863052368164e-01 2.225293964147567749e-01 -8.456534147262573242e-01
-7.396945357322692871e-01 -1.256688952445983887e+00 4.441129565238952637e-01 5.303372144699096680e-01 -2.823416948318481445e+00 3.383955657482147217e-01 9.841068983078002930e-01 -3.025858700275421143e-01 1.066044211387634277e+00 -9.431833624839782715e-01 -2.268511354923248291e-01 2.010154724121093750e+00 -2.026223093271255493e-01 1.438265919685363770e+00 -4.815516769886016846e-01 -1.157753467559814453e+00 -1.088870048522949219e+00 -9.410445578396320343e-03 1.886173963546752930e+00 7.809584140777587891e-01 3.962035477161407471e-02 -2.736772298812866211e-01 -6.222097277641296387e-01 -3.839350044727325439e-01 -7.914851307868957520e-01 -4.184268712997436523e-01 -5.412868857383728027e-01 8.431755900382995605e-01 1.975432395935058594e+00 7.843834161758422852e-01 -7.035356760025024414e-01 6.198731064796447754e-01 2.011260032653808594e+00 -2.887357771396636963e-01 -9.411272406578063965e-01 1.465114764869213104e-02 -1.005612730979919434e+00 -8.488120436668395996e-01 9.575275778770446777e-01 -1.219604730606079102e+00 -3.328050076961517334e-01 1.827978730201721191e+00 -6.125743389129638672e-01 5.939865708351135254e-01 8.774263262748718262e-01 -3.785467445850372314e-01 8.299571275711059570e-01 5.798681974411010742e-01 6.586380004882812500e-01 -4.171691089868545532e-02 6.608037352561950684e-01 -1.118734836578369141e+00 -2.782825529575347900e-01 -8.464671969413757324e-01 -1.892999708652496338e-01 -9.204005599021911621e-01 7.922023534774780273e-01 2.329140156507492065e-01 1.528565645217895508e+00 5.908403396606445312e-01 -8.961379528045654297e-01 -8.538177609443664551e-01 6.477648615837097168e-01 -7.667957544326782227e-01
-6.251265406608581543e-01 -1.377555251121520996e+00 4.759851694107055664e-01 8.455749154090881348e-01 -2.691518306732177734e+00 2.486820705235004425e-02 1.286602139472961426e+00 -4.229947626590728760e-01 1.195742964744567871e+00 -8.625075817108154297e-01 -2.727828025817871094e-01 1.377620458602905273e+00 -2.838918268680572510e-01 1.661514639854431152e+00 -6.213529706001281738e-01 -9.395427703857421875e-01 -9.955384731292724609e-01 -3.674796223640441895e-01 1.098892688751220703e+00 8.567286729812622070e-01 -5.493566393852233887e-02 -3.126882910728454590e-01 -8.121924400329589844e-01 -3.009047210216522217e-01 -9.549025297164916992e-01 -4.230121970176696777e-01 -5.267007946968078613e-01 4.891794919967651367e-01 2.206654071807861328e+00 8.069322109222412109e-01 -5.943593382835388184e-01 6.439156532287597656e-01 2.074121475219726562e+00 -2.422280758619308472e-01 -6.986865997314453125e-01 -1.496774703264236450e-01 -1.167329668998718262e+00 -8.177951574325561523e-01 3.517840206623077393e-01 -1.227013468742370605e+00 -3.186400532722473145e-01 2.030219078063964844e+00 -3.955152630805969238e-01 8.399321436882019043e-01 9.985873699188232422e-01 -3.444765806198120117e-01 9.104554057121276855e-01 7.942219376564025879e-01 6.848259568214416504e-01 -1.185332313179969788e-01 9.918090701103210449e-01 -1.176811814308166504e+00 -1.876865774393081665e-01 -9.730719923973083496e-01 -1.578784883022308350e-01 -6.998074054718017578e-01 7.610570192337036133e-01 -1.694637984037399292e-01 1.789669752120971680e+00 8.453528881072998047e-01 -9.182357192039489746e-01 -7.897375822067260742e-01 6.591292023658752441e-01 -6.490116715431213379e-01
-6.917330026626586914e-01 -1.223791122436523438e+00 2.321194708347320557e-01 4.748974442481994629e-01 -2.696013212203979492e+00 4.402876496315002441e-01 9.707063436508178711e-01 -3.338429927825927734e-01 9.727944135665893555e-01 -1.041427373886108398e+00 -2.119276970624923706e-01 2.252391815185546875e+00 -2.273496389389038086e-01 1.338271498680114746e+00 -5.882911682128906250e-01 -1.176275014877319336e+00 -1.032798528671264648e+00 7.070767134428024292e-02 1.915806531906127930e+00 7.099109292030334473e-01 -3.577351570129394531e-02 -3.394111692905426025e-01 -6.557753086090087891e-01 -2.839402556419372559e-01 -8.511766791343688965e-01 -3.923286497592926025e-01 -4.757080972194671631e-01 7.256035804748535156e-01 1.841517806053161621e+00 1.140524268150329590e+00 -7.249312400817871094e-01 9.673097133636474609e-01 1.928490757942199707e+00 -2.407422661781311035e-01 -9.301176667213439941e-01 -4.529025778174400330e-02 -9.259991049766540527e-01 -9.030635356903076172e-01 1.098541259765625000e+00 -1.173040270805358887e+00 -3.595410883426666260e-01 1.719828844070434570e+00 -6.490970849990844727e-01 5.782169699668884277e-01 7.850934267044067383e-01 -4.274553656578063965e-01 7.407645583152770996e-01 3.448485136032104492e-01 7.404778003692626953e-01 -5.641018226742744446e-02 8.344293236732482910e-01 -1.092682957649230957e+00 -2.355662286281585693e-01 -9.093990325927734375e-01 -1.183123365044593811e-01 -9.157111644744873047e-01 8.858546614646911621e-01 1.932847946882247925e-01 1.688259720802307129e+00 5.381378531455993652e-01 -9.438738822937011719e-01 -7.913660407066345215e-01 4.220667481422424316e-01 -7.823949456214904785e-01
-5.550836324691772461e-01 -1.524047493934631348e+00 7.753660082817077637e-01 9.732042551040649414e-01 -2.741875171661376953e+00 2.874710597097873688e-03 1.392715930938720703e+00 -4.685261249542236328e-01 1.174170970916748047e+00 -8.834320902824401855e-01 -1.874408721923828125e-01 1.402484893798828125e+00 -2.453137487173080444e-01 1.615239858627319336e+00 -6.368904709815979004e-01 -9.134357571601867676e-01 -1.027181744575500488e+00 -4.247313141822814941e-01 1.100629568099975586e+00 8.237323760986328125e-01 -2.265012823045253754e-02 -2.997133135795593262e-01 -7.958042025566101074e-01 -2.851969599723815918e-01 -8.385636210441589355e-01 -3.933804929256439209e-01 -4.722256362438201904e-01 4.853897094726562500e-01 2.152764081954956055e+00 7.362762093544006348e-01 -6.101824641227722168e-01 6.804969310760498047e-01 2.005265235900878906e+00 -2.147394716739654541e-01 -8.442792892456054688e-01 -2.046140283346176147e-01 -1.239582657814025879e+00 -6.422281265258789062e-01 2.077231109142303467e-01 -1.192630052566528320e+00 -3.823486566543579102e-01 1.953131198883056641e+00 -4.602663815021514893e-01 7.082556486129760742e-01 9.905246496200561523e-01 -3.929240405559539795e-01 7.895688414573669434e-01 7.202934026718139648e-01 7.838381528854370117e-01 -4.017037525773048401e-02 1.084313750267028809e+00 -1.207394599914550781e+00 -1.188167333602905273e-01 -9.039291739463806152e-01 -3.893280029296875000e-01 -5.582194924354553223e-01 7.970150709152221680e-01 -1.432325690984725952e-01 1.750192523002624512e+00 1.091016769409179688e+00 -8.923621773719787598e-01 -7.509274482727050781e-01 4.221268594264984131e-01 -6.557572484016418457e-01
-9.026581645011901855e-01 -1.076546192169189453e+00 2.057604938745498657e-01 -5.838294327259063721e-02 -2.653552055358886719e+00 7.364581227302551270e-01 3.073621094226837158e-01 -1.126352101564407349e-01 6.922647953033447266e-01 -8.674644231796264648e-01 -1.007824763655662537e-01 2.724626541137695312e+00 -3.259640932083129883e-02 1.064028263092041016e+00 -4.260542690753936768e-01 -1.349174141883850098e+00 -1.158916354179382324e+00 5.148295164108276367e-01 2.732002019882202148e+00 7.743657827377319336e-01 -4.508560523390769958e-02 -1.796333491802215576e-01 -5.402114391326904297e-01 -3.017698824405670166e-01 -7.261911630630493164e-01 -3.573045432567596436e-01 -3.895943760871887207e-01 1.314968943595886230e+00 1.391645908355712891e+00 8.458385467529296875e-01 -6.519539356231689453e-01 6.300546526908874512e-01 1.721624732017517090e+00 -4.396982192993164062e-01 -9.782736301422119141e-01 1.694249361753463745e-01 -6.758188605308532715e-01 -9.231966137886047363e-01 1.800141930580139160e+00 -1.034378767013549805e+00 -3.911682367324829102e-01 1.584572196006774902e+00 -8.942797183990478516e-01 2.380895018577575684e-01 6.481663584709167480e-01 -3.587725758552551270e-01 7.431104183197021484e-01 3.300442397594451904e-01 4.564124643802642822e-01 5.579153075814247131e-03 9.323363006114959717e-02 -9.689233303070068359e-01 -3.501136600971221924e-01 -7.488913536071777344e-01 -7.851964235305786133e-02 -1.045829534530639648e+00 8.204053044319152832e-01 6.865051388740539551e-01 1.170711398124694824e+00 1.780859231948852539e-01 -8.836374282836914062e-01 -8.060389161109924316e-01 6.275755167007446289e-01 -8.350296020507812500e-01
-8.976612091064453125e-01 -1.035423517227172852e+00 2.890247404575347900e-01 -1.729080379009246826e-01 -2.642253637313842773e+00 7.795185446739196777e-01 1.559760719537734985e-01 -4.457971081137657166e-02 7.402309179306030273e-01 -8.390315771102905273e-01 -7.263129949569702148e-02 2.732618331909179688e+00 -1.158997491002082825e-01 1.033161640167236328e+00 -3.849844932556152344e-01 -1.277396678924560547e+00 -1.088163137435913086e+00 5.465608835220336914e-01 2.875315666198730469e+00 8.058401942253112793e-01 4.670117795467376709e-02 -2.410035729408264160e-01 -5.102148652076721191e-01 -2.689653038978576660e-01 -6.850242018699645996e-01 -3.612972497940063477e-01 -4.125711917877197266e-01 1.343837857246398926e+00 1.367609739303588867e+00 8.146966099739074707e-01 -7.168293595314025879e-01 4.603640437126159668e-01 1.652100801467895508e+00 -4.164123833179473877e-01 -9.005160927772521973e-01 1.953077763319015503e-01 -7.839299440383911133e-01 -1.026827692985534668e+00 1.942203521728515625e+00 -9.853928685188293457e-01 -3.973050117492675781e-01 1.692920327186584473e+00 -8.928807377815246582e-01 2.627243697643280029e-01 5.900639891624450684e-01 -3.748452961444854736e-01 6.236282587051391602e-01 3.969345390796661377e-01 3.091765344142913818e-01 -5.021548643708229065e-02 7.088062912225723267e-02 -8.417980074882507324e-01 -3.668025135993957520e-01 -6.426507830619812012e-01 -4.269336163997650146e-02 -1.057770252227783203e+00 7.347057461738586426e-01 7.584239840507507324e-01 9.868979454040527344e-01 1.417469419538974762e-02 -9.086056351661682129e-01 -8.661656379699707031e-01 7.285462617874145508e-01 -8.035386204719543457e-01
-5.989561676979064941e-01 -1.472329735755920410e+00 5.328785777091979980e-01 7.214155197143554688e-01 -2.740673065185546875e+00 2.359831035137176514e-01 1.094853162765502930e+00 -3.341725468635559082e-01 1.115618348121643066e+00 -1.125813961029052734e+00 -1.200151145458221436e-01 1.884293198585510254e+00 -2.047481983900070190e-01 1.481950521469116211e+00 -4.666976928710937500e-01 -1.124363183975219727e+00 -1.038046121597290039e+00 -3.675181791186332703e-02 1.583866834640502930e+00 7.648138999938964844e-01 -1.113634184002876282e-01 -2.463777363300323486e-01 -7.668506503105163574e-01 -3.779682219028472900e-01 -8.934249877929687500e-01 -3.488909900188446045e-01 -5.065122246742248535e-01 7.732381224632263184e-01 1.916695713996887207e+00 8.284371495246887207e-01 -7.074603438377380371e-01 7.843523025512695312e-01 1.951567292213439941e+00 -3.114892244338989258e-01 -1.063849806785583496e+00 9.665212035179138184e-02 -1.031652212142944336e+00 -6.980646252632141113e-01 8.783633708953857422e-01 -1.102885484695434570e+00 -3.684788644313812256e-01 1.802684426307678223e+00 -4.998322427272796631e-01 6.510706543922424316e-01 8.771227002143859863e-01 -3.751145005226135254e-01 9.050378203392028809e-01 5.385174155235290527e-01 7.091957330703735352e-01 -6.509103626012802124e-02 7.851520180702209473e-01 -1.175439715385437012e+00 -2.135239094495773315e-01 -7.949486374855041504e-01 -2.620426714420318604e-01 -8.460369706153869629e-01 8.158609867095947266e-01 5.773976817727088928e-02 1.696900129318237305e+00 8.904320001602172852e-01 -9.928473830223083496e-01 -9.395140409469604492e-01 3.471271395683288574e-01 -6.922676563262939453e-01
-6.105312108993530273e-01 -1.314575433731079102e+00 7.053461074829101562e-01 1.054357409477233887e+00 -2.716490030288696289e+00 -1.087310165166854858e-01 1.420618534088134766e+00 -4.872492551803588867e-01 1.385736584663391113e+00 -8.588674664497375488e-01 -4.322322905063629150e-01 9.973149299621582031e-01 -3.786030113697052002e-01 1.707516551017761230e+00 -7.142452597618103027e-01 -7.798963189125061035e-01 -9.545443654060363770e-01 -3.688955008983612061e-01 8.179004788398742676e-01 8.838757276535034180e-01 4.409292712807655334e-02 -4.921609163284301758e-01 -7.346968650817871094e-01 -3.279455006122589111e-01 -8.804797530174255371e-01 -3.657655417919158936e-01 -5.715944766998291016e-01 4.291292726993560791e-01 2.340543031692504883e+00 5.135843157768249512e-01 -4.864217042922973633e-01 4.823310971260070801e-01 1.962455391883850098e+00 -1.455141901969909668e-01 -4.850620329380035400e-01 -2.355712205171585083e-01 -1.160881996154785156e+00 -8.416303992271423340e-01 1.071875244379043579e-01 -1.025923371315002441e+00 -4.762960970401763916e-01 2.278860569000244141e+00 -3.310349583625793457e-01 7.456849217414855957e-01 1.143174171447753906e+00 -5.001999735832214355e-01 1.002299785614013672e+00 9.057055711746215820e-01 6.802951097488403320e-01 -1.740550696849822998e-01 9.306034445762634277e-01 -1.153857231140136719e+00 -1.287885606288909912e-01 -9.653746485710144043e-01 -2.322904616594314575e-01 -7.882738709449768066e-01 6.911992430686950684e-01 -1.303021982312202454e-02 1.668884515762329102e+00 9.869599342346191406e-01 -8.662056922912597656e-01 -7.530995607376098633e-01 6.965360045433044434e-01 -6.741425991058349609e-01
-8.395450115203857422e-01 -7.679873704910278320e-01 3.208038508892059326e-01 -6.066272854804992676e-01 -2.548650741577148438e+00 9.583742022514343262e-01 -1.965797990560531616e-01 6.615026295185089111e-02 4.046432673931121826e-01 -7.718769311904907227e-01 -8.958407491445541382e-02 2.874484300613403320e+00 -6.018052995204925537e-02 8.126254081726074219e-01 -2.385494858026504517e-01 -1.202546119689941406e+00 -1.104453563690185547e+00 7.396222949028015137e-01 3.309007406234741211e+00 7.226165533065795898e-01 7.783388346433639526e-02 -3.232434391975402832e-02 -4.114006161689758301e-01 -3.717401623725891113e-01 -4.705088734626770020e-01 -2.319241613149642944e-01 -4.054316580295562744e-01 1.567812681198120117e+00 1.028108835220336914e+00 8.904927968978881836e-01 -6.281206011772155762e-01 4.843918681144714355e-01 1.322143912315368652e+00 -5.361038446426391602e-01 -1.041996598243713379e+00 2.299446314573287964e-01 -6.477336287498474121e-01 -9.683660864830017090e-01 2.270950794219970703e+00 -9.958279728889465332e-01 -4.899325668811798096e-01 1.592377305030822754e+00 -1.091257572174072266e+00 -5.827222764492034912e-02 4.198834002017974854e-01 -4.330336451530456543e-01 6.469745039939880371e-01 -8.592661470174789429e-03 2.885920107364654541e-01 6.475310027599334717e-02 -1.142612695693969727e-01 -6.552808284759521484e-01 -4.191176593303680420e-01 -5.817366242408752441e-01 1.351273804903030396e-01 -9.982885718345642090e-01 5.587739348411560059e-01 8.940798044204711914e-01 7.148098945617675781e-01 -2.085591107606887817e-01 -7.707818150520324707e-01 -7.339015603065490723e-01 7.236999869346618652e-01 -7.832955718040466309e-01
-6.976273059844970703e-01 -1.359434008598327637e+00 6.368891000747680664e-01 8.458852171897888184e-01 -2.798384904861450195e+00 1.844359934329986572e-01 1.127162814140319824e+00 -3.834360539913177490e-01 1.262560963630676270e+00 -8.245990276336669922e-01 -3.528859615325927734e-01 1.425285816192626953e+00 -3.582346439361572266e-01 1.596950650215148926e+00 -6.937353014945983887e-01 -9.650619626045227051e-01 -9.880187511444091797e-01 -2.495246827602386475e-01 1.379094243049621582e+00 9.166051149368286133e-01 6.999749690294265747e-02 -3.774203956127166748e-01 -7.112349867820739746e-01 -3.606680929660797119e-01 -8.611456751823425293e-01 -3.310065567493438721e-01 -6.115922331809997559e-01 5.663190484046936035e-01 2.236060380935668945e+00 5.657692551612854004e-01 -6.027083396911621094e-01 6.056098937988281250e-01 1.957259178161621094e+00 -2.250287532806396484e-01 -6.443160772323608398e-01 -2.303778082132339478e-01 -1.230665326118469238e+00 -7.937039732933044434e-01 4.498336017131805420e-01 -1.094491720199584961e+00 -4.670893251895904541e-01 2.120119333267211914e+00 -4.340246021747589111e-01 7.392578125000000000e-01 1.067267775535583496e+00 -4.895740449428558350e-01 8.806586861610412598e-01 7.448374629020690918e-01 7.561205625534057617e-01 -1.530800759792327881e-01 9.139418005943298340e-01 -1.149368524551391602e+00 -1.855388134717941284e-01 -9.085011482238769531e-01 -2.323449850082397461e-01 -8.146906495094299316e-01 7.163655757904052734e-01 6.205184757709503174e-02 1.568785667419433594e+00 8.549160957336425781e-01 -7.690730690956115723e-01 -7.578018903732299805e-01 6.912321448326110840e-01 -7.460193634033203125e-01
-6.253607869148254395e-01 -1.334412455558776855e+00 5.092988014221191406e-01 9.109744429588317871e-01 -2.766625642776489258e+00 5.418835952877998352e-02 1.188505530357360840e+00 -3.736492991447448730e-01 1.141669869422912598e+00 -9.135615825653076172e-01 -2.595567107200622559e-01 1.633362531661987305e+00 -3.104094266891479492e-01 1.668515682220458984e+00 -6.539596915245056152e-01 -9.717120528221130371e-01 -1.099532485008239746e+00 -2.598092854022979736e-01 1.200613617897033691e+00 7.895288467407226562e-01 2.205698564648628235e-02 -2.648707032203674316e-01 -6.202725172042846680e-01 -3.670731484889984131e-01 -8.960871696472167969e-01 -4.057282507419586182e-01 -5.004990100860595703e-01 5.706285834312438965e-01 2.177848100662231445e+00 7.655265927314758301e-01 -6.570393443107604980e-01 6.257209777832031250e-01 2.133551597595214844e+00 -2.578100264072418213e-01 -7.952688932418823242e-01 -1.625690460205078125e-01 -1.053329110145568848e+00 -9.092288613319396973e-01 5.202030539512634277e-01 -1.099701046943664551e+00 -4.204829633235931396e-01 1.907705307006835938e+00 -4.689486324787139893e-01 7.616743445396423340e-01 9.514957070350646973e-01 -4.677493870258331299e-01 8.913317322731018066e-01 7.441070675849914551e-01 7.155134677886962891e-01 -9.020073711872100830e-02 8.976812958717346191e-01 -1.157172799110412598e+00 -2.181421220302581787e-01 -9.181650280952453613e-01 -1.427747160196304321e-01 -7.291660904884338379e-01 8.098138570785522461e-01 -1.110219880938529968e-01 1.721305131912231445e+00 8.206101655960083008e-01 -9.111745357513427734e-01 -8.351980447769165039e-01 6.378086805343627930e-01 -6.865867972373962402e-01
-7.353847622871398926e-01 -1.260951638221740723e+00 5.104240179061889648e-01 5.500541329383850098e-01 -2.773205518722534180e+00 3.100817501544952393e-01 9.010875821113586426e-01 -2.634184956550598145e-01 1.161835074424743652e+00 -9.551504254341125488e-01 -2.393430471420288086e-01 1.818213343620300293e+00 -1.848230361938476562e-01 1.533468008041381836e+00 -5.739542245864868164e-01 -1.106430411338806152e+00 -1.075981140136718750e+00 1.310353633016347885e-02 1.794058084487915039e+00 9.045487642288208008e-01 1.580701023340225220e-02 -3.080244362354278564e-01 -6.577352285385131836e-01 -3.954091072082519531e-01 -7.643873691558837891e-01 -3.180882334709167480e-01 -5.507518053054809570e-01 9.448883533477783203e-01 2.035271644592285156e+00 5.993774533271789551e-01 -6.579533815383911133e-01 5.019363164901733398e-01 1.938084721565246582e+00 -3.690779507160186768e-01 -8.412345051765441895e-01 -1.539109461009502411e-02 -1.004534602165222168e+00 -8.526505231857299805e-01 9.584609866142272949e-01 -1.091848373413085938e+00 -5.014629960060119629e-01 2.020186185836791992e+00 -6.174289584159851074e-01 5.990768074989318848e-01 1.019149899482727051e+00 -5.150144100189208984e-01 9.700163006782531738e-01 5.582233071327209473e-01 6.115902662277221680e-01 -7.056071609258651733e-02 5.484186410903930664e-01 -1.156676888465881348e+00 -2.916316688060760498e-01 -9.242548346519470215e-01 -1.892687827348709106e-01 -9.376926422119140625e-01 7.941431403160095215e-01 3.088982701301574707e-01 1.402137279510498047e+00 6.323527693748474121e-01 -9.617847204208374023e-01 -8.813785910606384277e-01 8.039530515670776367e-01 -6.630049943923950195e-01
-1.006506323814392090e+00 -7.064738869667053223e-01 3.149876296520233154e-01 -4.859077930450439453e-01 -2.420722246170043945e+00 9.429841637611389160e-01 -3.790960311889648438e-01 1.061293333768844604e-01 6.616853475570678711e-01 -6.756461262702941895e-01 -1.394349187612533569e-01 2.808094739913940430e+00 -9.278701990842819214e-02 9.437589645385742188e-01 -3.817493915557861328e-01 -1.205294489860534668e+00 -1.078841328620910645e+00 8.578679561614990234e-01 3.224477767944335938e+00 7.464245557785034180e-01 8.155416697263717651e-02 -2.050469666719436646e-01 -3.492725789546966553e-01 -5.315687060356140137e-01 -4.328216612339019775e-01 -2.123300880193710327e-01 -2.620742917060852051e-01 1.664280652999877930e+00 9.211182594299316406e-01 5.222431421279907227e-01 -6.640427708625793457e-01 5.266750231385231018e-02 1.375854134559631348e+00 -5.511425137519836426e-01 -8.228300809860229492e-01 2.409843355417251587e-01 -5.062597990036010742e-01 -1.109164118766784668e+00 2.347694635391235352e+00 -7.807724475860595703e-01 -5.195772051811218262e-01 1.567670226097106934e+00 -9.404073357582092285e-01 -8.522907644510269165e-02 7.307813763618469238e-01 -4.895810782909393311e-01 6.922844648361206055e-01 1.601565033197402954e-01 -4.492035508155822754e-02 -3.703330829739570618e-02 -4.590766429901123047e-01 -7.198136448860168457e-01 -5.384474992752075195e-01 -4.604001939296722412e-01 1.669390797615051270e-01 -1.086517810821533203e+00 7.055642008781433105e-01 1.322278499603271484e+00 4.716929495334625244e-01 -2.430637925863265991e-01 -8.357266187667846680e-01 -7.763257622718811035e-01 8.546665906906127930e-01 -6.776419878005981445e-01
-6.567300558090209961e-01 -1.292228341102600098e+00 2.976687848567962646e-01 3.930912911891937256e-01 -2.824926614761352539e+00 5.008324384689331055e-01 6.710585951805114746e-01 -1.549622863531112671e-01 9.535350799560546875e-01 -1.013840675354003906e+00 -1.024904772639274597e-01 2.354868888854980469e+00 -1.812474578619003296e-01 1.287443280220031738e+00 -5.619288086891174316e-01 -1.313100337982177734e+00 -1.051452040672302246e+00 3.183078169822692871e-01 2.131958961486816406e+00 7.916184067726135254e-01 -2.956672012805938721e-02 -3.170373737812042236e-01 -6.333279013633728027e-01 -3.230760097503662109e-01 -8.485765457153320312e-01 -4.403064846992492676e-01 -4.899890720844268799e-01 1.011866331100463867e+00 1.696818947792053223e+00 9.576758146286010742e-01 -6.520769000053405762e-01 7.851744890213012695e-01 1.789907097816467285e+00 -3.498992621898651123e-01 -9.860158562660217285e-01 3.010333888232707977e-02 -8.546308875083923340e-01 -8.361673951148986816e-01 1.449641942977905273e+00 -1.088299036026000977e+00 -3.281134665012359619e-01 1.715236783027648926e+00 -7.268610000610351562e-01 5.860182046890258789e-01 6.693562269210815430e-01 -4.332939982414245605e-01 7.182579636573791504e-01 4.443321228027343750e-01 6.761528253555297852e-01 -1.947561278939247131e-02 6.381642222404479980e-01 -1.098648786544799805e+00 -2.968453466892242432e-01 -7.522739768028259277e-01 -2.138505578041076660e-01 -1.017004251480102539e+00 9.517742395401000977e-01 2.729873657226562500e-01 1.406084537506103516e+00 4.728110432624816895e-01 -9.389805793762207031e-01 -8.438552618026733398e-01 4.022866189479827881e-01 -7.014265656471252441e-01
-6.467238664627075195e-01 -1.433178067207336426e+00 4.187153279781341553e-01 4.793795645236968994e-01 -2.755769252777099609e+00 4.079946279525756836e-01 9.668397903442382812e-01 -2.975904047489166260e-01 9.728542566299438477e-01 -1.059013485908508301e+00 -1.165570020675659180e-01 2.237401485443115234e+00 -2.160005420446395874e-01 1.152429461479187012e+00 -5.443596839904785156e-01 -1.148126721382141113e+00 -1.031155586242675781e+00 7.248047739267349243e-02 1.773195505142211914e+00 7.138132452964782715e-01 -4.703053086996078491e-02 -2.841475605964660645e-01 -7.561436295509338379e-01 -1.979802101850509644e-01 -9.008079767227172852e-01 -5.057460665702819824e-01 -5.016659498214721680e-01 7.489754557609558105e-01 1.853659272193908691e+00 1.148367404937744141e+00 -6.219745874404907227e-01 9.794546961784362793e-01 1.814926624298095703e+00 -2.466028779745101929e-01 -9.030590057373046875e-01 -1.185952648520469666e-01 -1.022571682929992676e+00 -8.632860779762268066e-01 1.087770819664001465e+00 -1.249060630798339844e+00 -3.203540444374084473e-01 1.748664259910583496e+00 -4.628967940807342529e-01 5.731123089790344238e-01 6.296856999397277832e-01 -4.255917072296142578e-01 7.609350085258483887e-01 5.648667812347412109e-01 8.683937788009643555e-01 -1.793570518493652344e-01 9.498417973518371582e-01 -1.012852549552917480e+00 -1.166819855570793152e-01 -7.366188168525695801e-01 -2.561082243919372559e-01 -9.591712355613708496e-01 9.525246620178222656e-01 3.142798691987991333e-02 1.663552045822143555e+00 6.746553182601928711e-01 -9.726580381393432617e-01 -7.744122743606567383e-01 3.120457828044891357e-01 -8.003793954849243164e-01
-6.901705265045166016e-01 -1.334775686264038086e+00 3.214477598667144775e-01 -1.550953090190887451e-01 -2.580301284790039062e+00 7.796201109886169434e-01 3.932389318943023682e-01 -3.035843372344970703e-01 5.019332170486450195e-01 -9.564538002014160156e-01 -3.762803226709365845e-02 2.953348159790039062e+00 1.152981817722320557e-02 4.702381193637847900e-01 -3.594352602958679199e-01 -1.135444283485412598e+00 -1.051660418510437012e+00 3.732124865055084229e-01 2.710081100463867188e+00 6.195383071899414062e-01 -1.459915637969970703e-01 -1.485319882631301880e-01 -7.225694060325622559e-01 9.658650308847427368e-02 -8.839051127433776855e-01 -3.830748498439788818e-01 -3.937565088272094727e-01 1.058340311050415039e+00 1.260120630264282227e+00 1.591582417488098145e+00 -6.574363708496093750e-01 1.291757941246032715e+00 1.288987994194030762e+00 -1.834244728088378906e-01 -9.324169754981994629e-01 1.301705390214920044e-01 -1.053505301475524902e+00 -9.357538819313049316e-01 1.616953969001770020e+00 -1.162307620048522949e+00 -2.207160890102386475e-01 1.383834362030029297e+00 -7.090920805931091309e-01 1.758003681898117065e-01 3.209954500198364258e-01 -3.456211984157562256e-01 6.530810594558715820e-01 1.947377771139144897e-01 8.157960772514343262e-01 1.595431864261627197e-01 7.902976870536804199e-01 -7.384892702102661133e-01 -1.201429665088653564e-01 -5.971044898033142090e-01 -2.088859826326370239e-01 -1.039131641387939453e+00 7.351218461990356445e-01 3.369020521640777588e-01 1.497235894203186035e+00 2.188737392425537109e-01 -9.929209947586059570e-01 -7.647990584373474121e-01 1.089538335800170898e-01 -1.019143342971801758e+00
-9.993636012077331543e-01 -6.781725883483886719e-01 1.534090489149093628e-01 -5.161176323890686035e-01 -2.421279430389404297e+00 9.448935985565185547e-01 -3.277227580547332764e-01 2.280510775744915009e-02 6.413130760192871094e-01 -7.419446110725402832e-01 -7.720988988876342773e-02 2.801438331604003906e+00 1.024040766060352325e-02 8.710402846336364746e-01 -2.508007884025573730e-01 -1.417825698852539062e+00 -1.081253767013549805e+00 8.636303544044494629e-01 3.252927780151367188e+00 7.237069010734558105e-01 8.992744237184524536e-02 -1.813348382711410522e-01 -3.619821071624755859e-01 -4.307392537593841553e-01 -3.818235695362091064e-01 -2.324268966913223267e-01 -3.775777518749237061e-01 1.637862086296081543e+00 1.078124642372131348e+00 5.417050123214721680e-01 -6.710088253021240234e-01 1.641816496849060059e-01 1.387827396392822266e+00 -5.215079188346862793e-01 -9.316078424453735352e-01 3.364622592926025391e-01 -4.795354604721069336e-01 -9.392610192298889160e-01 2.296287775039672852e+00 -8.873685002326965332e-01 -4.689693748950958252e-01 1.445826053619384766e+00 -1.019534111022949219e+00 4.425885155797004700e-03 6.264578700065612793e-01 -4.391776025295257568e-01 6.667780280113220215e-01 1.768671572208404541e-01 9.936787188053131104e-02 9.865799918770790100e-03 -4.008152484893798828e-01 -7.566393017768859863e-01 -4.771500527858734131e-01 -5.593849420547485352e-01 1.039115190505981445e-01 -1.179027438163757324e+00 7.035009264945983887e-01 1.223197698593139648e+00 5.485971570014953613e-01 -3.421484231948852539e-01 -7.227154970169067383e-01 -8.228281736373901367e-01 8.783594369888305664e-01 -6.596503853797912598e-01
-5.743344426155090332e-01 -1.353927135467529297e+00 4.891383051872253418e-01 1.070810437202453613e+00 -2.624379634857177734e+00 -5.614456906914710999e-02 1.498117089271545410e+00 -3.931531310081481934e-01 1.246572852134704590e+00 -8.496142625808715820e-01 -3.307703137397766113e-01 1.135977625846862793e+00 -4.760604202747344971e-01 1.733508110046386719e+00 -8.261368274688720703e-01 -8.836389780044555664e-01 -9.444005489349365234e-01 -4.139360785484313965e-01 8.204921483993530273e-01 7.595122456550598145e-01 -3.695303201675415039e-02 -3.977153301239013672e-01 -6.571300029754638672e-01 -2.837219834327697754e-01 -9.224349856376647949e-01 -3.997082710266113281e-01 -4.642430841922760010e-01 2.133842706680297852e-01 2.321543455123901367e+00 8.072553873062133789e-01 -6.392304301261901855e-01 7.210859060287475586e-01 2.154354810714721680e+00 -1.558280289173126221e-01 -6.016337871551513672e-01 -3.323396146297454834e-01 -1.022886991500854492e+00 -8.484127521514892578e-01 1.126421317458152771e-01 -1.103521347045898438e+00 -4.711891710758209229e-01 1.983010649681091309e+00 -3.415501415729522705e-01 8.355125188827514648e-01 9.871898889541625977e-01 -4.542951583862304688e-01 9.189057946205139160e-01 7.147310376167297363e-01 7.453901767730712891e-01 -1.267830282449722290e-01 1.025508403778076172e+00 -1.198995947837829590e+00 -8.933175355195999146e-02 -9.894930720329284668e-01 -1.823155432939529419e-01 -5.963245630264282227e-01 8.408551812171936035e-01 -1.766394674777984619e-01 1.837104320526123047e+00 1.088217496871948242e+00 -9.384387135505676270e-01 -7.287285327911376953e-01 5.770295262336730957e-01 -6.988416910171508789e-01
-9.168047904968261719e-01 -8.258593678474426270e-01 1.527740210294723511e-01 -3.754726052284240723e-01 -2.502087593078613281e+00 9.898136258125305176e-01 -2.347943931818008423e-01 -4.922480136156082153e-02 4.715397953987121582e-01 -8.174327015876770020e-01 -4.370543733239173889e-02 3.069575548171997070e+00 -3.632516041398048401e-02 8.500126600265502930e-01 -2.468561530113220215e-01 -1.165415763854980469e+00 -1.108909606933593750e+00 8.050974607467651367e-01 3.207051038742065430e+00 5.944651365280151367e-01 5.059531331062316895e-02 -1.150111258029937744e-01 -3.772720098495483398e-01 -3.732603192329406738e-01 -4.049909710884094238e-01 -3.666592240333557129e-01 -2.917740643024444580e-01 1.572757720947265625e+00 1.046272397041320801e+00 7.645009756088256836e-01 -6.872453689575195312e-01 5.519660711288452148e-01 1.390267729759216309e+00 -4.452325105667114258e-01 -9.903571605682373047e-01 2.539298236370086670e-01 -5.266200900077819824e-01 -9.615166187286376953e-01 2.304034948348999023e+00 -9.015532732009887695e-01 -4.139810204505920410e-01 1.362688660621643066e+00 -1.000033617019653320e+00 -1.122319400310516357e-01 5.657851099967956543e-01 -3.787452876567840576e-01 6.130680441856384277e-01 5.276033654808998108e-02 2.033716589212417603e-01 -1.688923127949237823e-02 -1.103809699416160583e-01 -7.824472188949584961e-01 -4.180107414722442627e-01 -4.650409817695617676e-01 4.935333877801895142e-02 -1.254029154777526855e+00 6.249548196792602539e-01 9.528112411499023438e-01 7.653872966766357422e-01 -2.170334905385971069e-01 -8.190086483955383301e-01 -7.692927122116088867e-01 6.608092188835144043e-01 -7.916994690895080566e-01
-8.700176477432250977e-01 -1.230161190032958984e+00 4.050034880638122559e-01 2.530407011508941650e-01 -2.807293653488159180e+00 5.442151427268981934e-01 6.191633939743041992e-01 -1.525115519762039185e-01 9.196259379386901855e-01 -8.378019928932189941e-01 -1.332744359970092773e-01 2.204961538314819336e+00 -1.580764502286911011e-01 1.402758479118347168e+00 -4.679328799247741699e-01 -1.190881133079528809e+00 -1.116193294525146484e+00 1.639961302280426025e-01 2.171144723892211914e+00 8.410524725914001465e-01 -3.425122052431106567e-02 -2.240180373191833496e-01 -6.456523537635803223e-01 -3.628771305084228516e-01 -7.735844850540161133e-01 -4.480145573616027832e-01 -4.412346184253692627e-01 1.076494812965393066e+00 1.829146623611450195e+00 8.481841087341308594e-01 -6.481605172157287598e-01 5.987057685852050781e-01 1.901328563690185547e+00 -3.533531427383422852e-01 -9.272322654724121094e-01 7.287358492612838745e-02 -9.928915500640869141e-01 -8.843904733657836914e-01 1.319550395011901855e+00 -1.142061114311218262e+00 -4.153901338577270508e-01 1.922248125076293945e+00 -7.336770296096801758e-01 4.444546103477478027e-01 7.347474098205566406e-01 -4.080036282539367676e-01 7.773445248603820801e-01 5.201309323310852051e-01 5.054457187652587891e-01 -7.773701846599578857e-02 4.894091188907623291e-01 -9.982050657272338867e-01 -3.145004808902740479e-01 -7.735633254051208496e-01 -1.168045625090599060e-01 -9.616290926933288574e-01 8.074273467063903809e-01 2.924014329910278320e-01 1.329537153244018555e+00 4.739380478858947754e-01 -9.268558025360107422e-01 -8.713936209678649902e-01 7.721454501152038574e-01 -7.991082072257995605e-01
-7.869776487350463867e-01 -1.197101116180419922e+00 4.492475092411041260e-01 4.713300466537475586e-01 -2.790631532669067383e+00 3.487800061702728271e-01 9.737329483032226562e-01 -2.015295475721359253e-01 1.114791274070739746e+00 -9.357634186744689941e-01 -2.447625845670700073e-01 1.944790124893188477e+00 -3.117393255233764648e-01 1.499155640602111816e+00 -5.713089704513549805e-01 -1.170827507972717285e+00 -1.065763711929321289e+00 5.411904305219650269e-02 1.809000492095947266e+00 8.128748536109924316e-01 -1.281778421252965927e-02 -3.402353227138519287e-01 -6.447122693061828613e-01 -3.754245936870574951e-01 -8.644343614578247070e-01 -4.093294143676757812e-01 -4.970197975635528564e-01 7.873970866203308105e-01 2.036483764648437500e+00 7.674656510353088379e-01 -6.211109757423400879e-01 5.227831006050109863e-01 2.029426574707031250e+00 -3.178086280822753906e-01 -8.125487565994262695e-01 -4.822468385100364685e-02 -9.209758639335632324e-01 -9.198465943336486816e-01 1.021189928054809570e+00 -1.124617934226989746e+00 -4.263832271099090576e-01 2.004541635513305664e+00 -6.407775282859802246e-01 5.324288010597229004e-01 8.918955922126770020e-01 -4.718630015850067139e-01 9.050570726394653320e-01 6.139665246009826660e-01 5.440837740898132324e-01 -1.024436801671981812e-01 5.611806511878967285e-01 -1.078624486923217773e+00 -2.814553976058959961e-01 -8.792309165000915527e-01 -1.369764059782028198e-01 -8.725977540016174316e-01 8.445661664009094238e-01 3.249790668487548828e-01 1.437903165817260742e+00 5.907424688339233398e-01 -9.130453467369079590e-01 -8.571323752403259277e-01 7.882734537124633789e-01 -7.808264493942260742e-01
-7.146352529525756836e-01 -1.367653727531433105e+00 4.874520003795623779e-01 8.094747662544250488e-01 -2.710608243942260742e+00 2.773230075836181641e-01 1.151135325431823730e+00 -3.175004124641418457e-01 1.101885795593261719e+00 -9.840823411941528320e-01 -1.412722915410995483e-01 1.910627007484436035e+00 -2.257455736398696899e-01 1.487198829650878906e+00 -6.625231504440307617e-01 -1.112804651260375977e+00 -1.048911333084106445e+00 -7.380075007677078247e-02 1.509970903396606445e+00 7.634776234626770020e-01 -5.566991865634918213e-02 -2.468482404947280884e-01 -6.769788861274719238e-01 -3.300049602985382080e-01 -9.210556745529174805e-01 -4.172812998294830322e-01 -5.263502001762390137e-01 6.477761864662170410e-01 1.936820864677429199e+00 8.468341827392578125e-01 -6.707938313484191895e-01 8.506549596786499023e-01 2.046947717666625977e+00 -2.963347136974334717e-01 -8.132817745208740234e-01 -7.630045711994171143e-02 -1.039332270622253418e+00 -8.489586114883422852e-01 6.887969970703125000e-01 -1.121958136558532715e+00 -4.255634546279907227e-01 1.811381816864013672e+00 -5.556735992431640625e-01 6.123397350311279297e-01 8.485344052314758301e-01 -4.138915836811065674e-01 7.787224054336547852e-01 6.603060364723205566e-01 7.853718400001525879e-01 -7.695260643959045410e-02 9.535948038101196289e-01 -1.152702927589416504e+00 -2.014552354812622070e-01 -9.148578047752380371e-01 -3.034816086292266846e-01 -7.483238577842712402e-01 9.049239158630371094e-01 -3.569473745301365852e-03 1.621648669242858887e+00 8.989288210868835449e-01 -1.037733793258666992e+00 -8.230935931205749512e-01 5.372727513313293457e-01 -7.550955414772033691e-01
-7.693048715591430664e-01 -1.188603639602661133e+00 2.394181638956069946e-01 3.458610177040100098e-02 -2.681656360626220703e+00 6.436614990234375000e-01 4.037588238716125488e-01 -1.219615787267684937e-01 7.394503355026245117e-01 -9.188331961631774902e-01 -1.223137602210044861e-01 2.678858041763305664e+00 -7.702817022800445557e-02 1.145532011985778809e+00 -4.185091853141784668e-01 -1.309219598770141602e+00 -1.109019279479980469e+00 4.317813813686370850e-01 2.635966777801513672e+00 7.485526204109191895e-01 -1.646240055561065674e-02 -1.740441471338272095e-01 -6.199767589569091797e-01 -3.609332740306854248e-01 -8.134793043136596680e-01 -3.180947601795196533e-01 -3.785481154918670654e-01 1.161440968513488770e+00 1.434076666831970215e+00 9.848356246948242188e-01 -6.200175881385803223e-01 7.985598444938659668e-01 1.693865418434143066e+00 -3.616178333759307861e-01 -1.042728424072265625e+00 1.796920448541641235e-01 -7.891932725906372070e-01 -8.724368214607238770e-01 1.717102169990539551e+00 -1.066729068756103516e+00 -3.570812344551086426e-01 1.644056081771850586e+00 -8.210942149162292480e-01 3.512784540653228760e-01 6.220097541809082031e-01 -4.160255491733551025e-01 7.618362903594970703e-01 2.758220136165618896e-01 5.336017012596130371e-01 -4.937953501939773560e-02 3.756836950778961182e-01 -9.993714094161987305e-01 -2.953528463840484619e-01 -7.428562045097351074e-01 -6.641943007707595825e-02 -1.075971841812133789e+00 7.662976980209350586e-01 4.709254205226898193e-01 1.301518678665161133e+00 2.428045570850372314e-01 -9.347745180130004883e-01 -8.756067156791687012e-01 4.392805397510528564e-01 -7.679352164268493652e-01
-7.128281593322753906e-01 -1.304371833801269531e+00 5.379426479339599609e-01 5.642504096031188965e-01 -2.804172277450561523e+00 2.680105268955230713e-01 9.216622114181518555e-01 -2.415996342897415161e-01 1.143735885620117188e+00 -9.588903188705444336e-01 -1.793362945318222046e-01 1.848835110664367676e+00 -2.535547316074371338e-01 1.558966994285583496e+00 -5.438861250877380371e-01 -1.104547142982482910e+00 -1.100437045097351074e+00 3.171658143401145935e-02 1.696447849273681641e+00 8.792561292648315430e-01 -1.560560055077075958e-02 -3.432010114192962646e-01 -7.372431159019470215e-01 -4.653156399726867676e-01 -8.545130491256713867e-01 -3.084610402584075928e-01 -4.761415719985961914e-01 8.907793760299682617e-01 2.036554336547851562e+00 7.286404967308044434e-01 -6.593897342681884766e-01 5.518459677696228027e-01 1.947597980499267578e+00 -3.552554547786712646e-01 -9.175755381584167480e-01 1.413898263126611710e-02 -1.011536359786987305e+00 -7.742021679878234863e-01 1.028895974159240723e+00 -1.072759628295898438e+00 -3.821013271808624268e-01 1.983948111534118652e+00 -6.241658329963684082e-01 5.944968461990356445e-01 9.352870583534240723e-01 -5.568763613700866699e-01 9.033851623535156250e-01 4.905236959457397461e-01 6.047469377517700195e-01 -2.035870961844921112e-02 7.105319499969482422e-01 -1.134511828422546387e+00 -3.331661820411682129e-01 -8.412210345268249512e-01 -1.951987296342849731e-01 -8.637067675590515137e-01 8.853455185890197754e-01 1.562479287385940552e-01 1.440668225288391113e+00 7.485320568084716797e-01 -9.355960488319396973e-01 -8.730087876319885254e-01 6.021857261657714844e-01 -6.911373138427734375e-01
-6.983940601348876953e-01 -1.387447476387023926e+00 6.539211869239807129e-01 6.328082084655761719e-01 -2.761530160903930664e+00 2.365365326404571533e-01 1.048585891723632812e+00 -4.077970385551452637e-01 1.083717226982116699e+00 -8.964992165565490723e-01 -2.739666998386383057e-01 1.893417954444885254e+00 -2.289450019598007202e-01 1.476631522178649902e+00 -5.086200237274169922e-01 -1.099410533905029297e+00 -1.140580415725708008e+00 -7.954984903335571289e-02 1.639198184013366699e+00 8.544232249259948730e-01 -4.501183982938528061e-03 -2.461204826831817627e-01 -6.987370848655700684e-01 -3.332169353961944580e-01 -7.753187417984008789e-01 -4.114505350589752197e-01 -5.507463216781616211e-01 8.338892459869384766e-01 2.054028272628784180e+00 8.326685428619384766e-01 -6.572376489639282227e-01 6.752122044563293457e-01 1.861036300659179688e+00 -2.937543690204620361e-01 -8.732887506484985352e-01 -6.658653169870376587e-02 -1.156929731369018555e+00 -7.555214166641235352e-01 7.952852249145507812e-01 -1.227129697799682617e+00 -3.443953990936279297e-01 1.912174105644226074e+00 -5.634235739707946777e-01 6.139392256736755371e-01 9.020906090736389160e-01 -4.121186733245849609e-01 9.133616089820861816e-01 6.162738204002380371e-01 6.597436070442199707e-01 -1.163811981678009033e-01 8.063443303108215332e-01 -1.136211276054382324e+00 -2.252644896507263184e-01 -8.172721266746520996e-01 -1.612961739301681519e-01 -8.135779500007629395e-01 7.186048030853271484e-01 1.342269033193588257e-01 1.647955656051635742e+00 6.956151127815246582e-01 -8.990709781646728516e-01 -9.018581509590148926e-01 6.017858386039733887e-01 -7.930635809898376465e-01
-7.519690394401550293e-01 -1.291917562484741211e+00 4.737004935741424561e-01 6.559352278709411621e-01 -2.746606826782226562e+00 1.754163950681686401e-01 1.174949645996093750e+00 -3.629652857780456543e-01 1.076348423957824707e+00 -9.316617846488952637e-01 -2.643346488475799561e-01 1.904553174972534180e+00 -2.893313765525817871e-01 1.526652455329895020e+00 -7.506939768791198730e-01 -1.095097780227661133e+00 -1.114084124565124512e+00 -1.239762529730796814e-01 1.473017573356628418e+00 7.573809623718261719e-01 -6.254101544618606567e-02 -2.481570839881896973e-01 -6.505638360977172852e-01 -2.878656983375549316e-01 -8.405935764312744141e-01 -4.118760824203491211e-01 -5.132424831390380859e-01 6.352065205574035645e-01 1.978362202644348145e+00 9.626780152320861816e-01 -6.125856637954711914e-01 7.265078425407409668e-01 2.047693014144897461e+00 -2.669800519943237305e-01 -7.719669342041015625e-01 -2.230053991079330444e-01 -1.043588161468505859e+00 -9.331195950508117676e-01 7.578069567680358887e-01 -1.145409822463989258e+00 -3.739909231662750244e-01 1.930656194686889648e+00 -5.689023733139038086e-01 6.729471087455749512e-01 8.596205115318298340e-01 -3.528584241867065430e-01 8.788914680480957031e-01 6.888718605041503906e-01 6.840791702270507812e-01 -1.497583836317062378e-01 8.231392502784729004e-01 -1.113485336303710938e+00 -1.761206984519958496e-01 -8.611428141593933105e-01 -1.696795225143432617e-01 -7.226364016532897949e-01 8.391248583793640137e-01 6.126322224736213684e-02 1.732650637626647949e+00 7.641420960426330566e-01 -9.161206483840942383e-01 -8.116829395294189453e-01 5.786670446395874023e-01 -8.018569350242614746e-01
-1.030381321907043457e+00 -8.167645931243896484e-01 4.018117487430572510e-01 -3.908598423004150391e-01 -2.392520904541015625e+00 1.017582654953002930e+00 -3.398143351078033447e-01 2.315224260091781616e-01 6.913835406303405762e-01 -7.303271889686584473e-01 -4.243392497301101685e-02 2.737036943435668945e+00 -1.570324599742889404e-01 9.196772575378417969e-01 -3.321837186813354492e-01 -1.435691714286804199e+00 -1.164856314659118652e+00 9.650195240974426270e-01 3.192836761474609375e+00 7.110021114349365234e-01 1.461738198995590210e-01 -1.028083115816116333e-01 -3.892191350460052490e-01 -7.160320281982421875e-01 -3.294699490070343018e-01 -1.116607636213302612e-01 -3.091476261615753174e-01 1.822144746780395508e+00 7.848930954933166504e-01 3.979827463626861572e-01 -6.523701548576354980e-01 6.912619620561599731e-02 1.285566926002502441e+00 -6.850438117980957031e-01 -1.024916172027587891e+00 2.328390330076217651e-01 -4.774747788906097412e-01 -1.005040049552917480e+00 2.391326427459716797e+00 -6.593366861343383789e-01 -4.671156108379364014e-01 1.580991506576538086e+00 -9.851399064064025879e-01 -1.060226932168006897e-01 6.211814284324645996e-01 -4.882098436355590820e-01 7.785801291465759277e-01 2.011452466249465942e-01 2.605619467794895172e-02 -1.513515859842300415e-01 -3.402667045593261719e-01 -7.181941866874694824e-01 -5.421923398971557617e-01 -2.967246174812316895e-01 1.004278883337974548e-01 -1.065186977386474609e+00 6.271824836730957031e-01 1.190101504325866699e+00 4.063822627067565918e-01 -1.999471783638000488e-01 -6.138136982917785645e-01 -7.282373905181884766e-01 7.704699635505676270e-01 -7.440500855445861816e-01
-1.053289771080017090e+00 -6.988556981086730957e-01 5.366054773330688477e-01 -5.241777300834655762e-01 -2.167021274566650391e+00 1.038869142532348633e+00 -7.389751672744750977e-01 3.300820589065551758e-01 5.303479433059692383e-01 -6.129202842712402344e-01 -8.399066515266895294e-03 2.678570270538330078e+00 -5.799480248242616653e-03 7.848903536796569824e-01 -9.710177034139633179e-02 -1.449372887611389160e+00 -1.066903710365295410e+00 1.180206537246704102e+00 3.449971437454223633e+00 7.686964273452758789e-01 1.551088690757751465e-01 -1.051780954003334045e-01 -3.687883615493774414e-01 -4.861251413822174072e-01 -3.329929113388061523e-01 -8.541774004697799683e-02 -3.423843979835510254e-01 1.976476550102233887e+00 6.115274429321289062e-01 9.370376169681549072e-02 -5.132094025611877441e-01 -1.917586326599121094e-01 1.057957530021667480e+00 -6.135412454605102539e-01 -1.048911452293395996e+00 4.150126278400421143e-01 -5.138078927993774414e-01 -8.200550079345703125e-01 2.528520822525024414e+00 -6.290015578269958496e-01 -5.008018016815185547e-01 1.486852049827575684e+00 -9.862417578697204590e-01 -2.763578891754150391e-01 5.721136331558227539e-01 -4.619200527667999268e-01 7.146766781806945801e-01 9.448225051164627075e-02 -1.313557177782058716e-01 8.776808390393853188e-04 -6.619035601615905762e-01 -5.862116217613220215e-01 -5.239764451980590820e-01 -3.884363472461700439e-01 1.211828961968421936e-01 -1.132804036140441895e+00 4.516866207122802734e-01 1.353733539581298828e+00 6.949310656636953354e-03 -3.980947434902191162e-01 -6.131048798561096191e-01 -7.563312053680419922e-01 8.920937180519104004e-01 -5.944881439208984375e-01
-6.836359500885009766e-01 -1.224148988723754883e+00 4.353231191635131836e-01 3.562694489955902100e-01 -2.783177614212036133e+00 5.074881911277770996e-01 8.477667570114135742e-01 -1.726594418287277222e-01 1.013220906257629395e+00 -9.677574038505554199e-01 -1.360919773578643799e-01 2.234324693679809570e+00 -1.364173889160156250e-01 1.445447802543640137e+00 -4.940435886383056641e-01 -1.290344238281250000e+00 -1.103458046913146973e+00 2.128676772117614746e-01 2.117462873458862305e+00 7.726725339889526367e-01 -2.877200208604335785e-02 -2.441094368696212769e-01 -6.292079091072082520e-01 -3.991532027721405029e-01 -7.989406585693359375e-01 -3.730290830135345459e-01 -5.823709964752197266e-01 1.006797432899475098e+00 1.708330512046813965e+00 7.253866791725158691e-01 -6.528524160385131836e-01 6.843493580818176270e-01 1.860873818397521973e+00 -3.419301509857177734e-01 -9.388190507888793945e-01 9.319014102220535278e-02 -9.083668589591979980e-01 -8.243857622146606445e-01 1.212558388710021973e+00 -1.050611019134521484e+00 -3.757142126560211182e-01 1.775690674781799316e+00 -7.366446256637573242e-01 5.222004652023315430e-01 8.934164643287658691e-01 -5.085021257400512695e-01 8.637437224388122559e-01 5.881841182708740234e-01 6.685803532600402832e-01 -7.047391682863235474e-02 5.081375837326049805e-01 -1.092005729675292969e+00 -3.763790428638458252e-01 -8.337155580520629883e-01 -2.414665371179580688e-01 -1.024459242820739746e+00 8.272033929824829102e-01 3.934960663318634033e-01 1.356293201446533203e+00 3.974103927612304688e-01 -1.020236372947692871e+00 -8.755131959915161133e-01 6.610592603683471680e-01 -7.344395518302917480e-01
-6.707040071487426758e-01 -1.389883756637573242e+00 3.924849629402160645e-01 4.514958560466766357e-01 -2.701148509979248047e+00 4.567304253578186035e-01 9.270868301391601562e-01 -3.452606797218322754e-01 8.667405247688293457e-01 -1.092360854148864746e+00 -1.233814284205436707e-01 2.390546560287475586e+00 -2.161904126405715942e-01 1.231881022453308105e+00 -5.605759620666503906e-01 -1.075659990310668945e+00 -1.027712583541870117e+00 1.201153397560119629e-01 1.924927830696105957e+00 7.625513076782226562e-01 -2.135422080755233765e-02 -2.761040031909942627e-01 -7.754465341567993164e-01 -2.083166688680648804e-01 -9.618145823478698730e-01 -4.915926158428192139e-01 -4.269758760929107666e-01 6.234691739082336426e-01 1.663082957267761230e+00 1.260082602500915527e+00 -6.531497836112976074e-01 1.102598905563354492e+00 1.843733668327331543e+00 -2.778828144073486328e-01 -8.282409906387329102e-01 -9.646784514188766479e-02 -1.030829548835754395e+00 -8.648035526275634766e-01 1.057039499282836914e+00 -1.208721876144409180e+00 -2.946255207061767578e-01 1.692173719406127930e+00 -5.910254120826721191e-01 5.389615297317504883e-01 7.559415698051452637e-01 -4.058859944343566895e-01 6.525029540061950684e-01 4.317210018634796143e-01 8.633378148078918457e-01 -1.841358244419097900e-01 9.372860193252563477e-01 -9.911804795265197754e-01 -7.721973955631256104e-02 -8.192715644836425781e-01 -2.084260582923889160e-01 -7.393797039985656738e-01 9.582978487014770508e-01 -2.778859622776508331e-02 1.631046414375305176e+00 7.027956843376159668e-01 -1.074585318565368652e+00 -7.814010977745056152e-01 1.880986392498016357e-01 -8.308479785919189453e-01
-7.904925942420959473e-01 -1.086835503578186035e+00 2.167918235063552856e-01 -2.072460055351257324e-01 -2.741201400756835938e+00 6.051937341690063477e-01 2.357302308082580566e-01 2.156728692352771759e-02 7.128248810768127441e-01 -8.065837621688842773e-01 -1.270855367183685303e-01 2.625585794448852539e+00 -1.309126615524291992e-01 1.154781579971313477e+00 -4.191119968891143799e-01 -1.310827255249023438e+00 -1.152655124664306641e+00 5.022931694984436035e-01 2.806171655654907227e+00 8.590863347053527832e-01 -4.931693547405302525e-04 -1.084797456860542297e-01 -4.347626864910125732e-01 -4.867830872535705566e-01 -6.973577737808227539e-01 -3.132780790328979492e-01 -3.607659339904785156e-01 1.343392968177795410e+00 1.330380439758300781e+00 8.531345725059509277e-01 -6.792840957641601562e-01 5.929576158523559570e-01 1.658436179161071777e+00 -6.141237616539001465e-01 -9.855450987815856934e-01 4.644635319709777832e-02 -6.685678362846374512e-01 -9.397423267364501953e-01 1.946331381797790527e+00 -9.926895499229431152e-01 -3.700020015239715576e-01 1.755710363388061523e+00 -9.199361205101013184e-01 3.286828100681304932e-01 4.994711279869079590e-01 -4.119265973567962646e-01 7.731190323829650879e-01 3.080829679965972900e-01 3.467839658260345459e-01 -1.973647810518741608e-02 8.446607738733291626e-02 -8.973422646522521973e-01 -3.967069089412689209e-01 -6.799198389053344727e-01 1.729313284158706665e-02 -1.044961214065551758e+00 8.320633769035339355e-01 6.561305522918701172e-01 1.119935989379882812e+00 9.788272529840469360e-02 -8.298208713531494141e-01 -7.417214512825012207e-01 5.815886259078979492e-01 -7.442846894264221191e-01
-8.336383104324340820e-01 -1.164400339126586914e+00 4.860931038856506348e-01 6.329570412635803223e-01 -2.811446666717529297e+00 3.803815841674804688e-01 1.001187443733215332e+00 -1.627931296825408936e-01 9.940609931945800781e-01 -9.277756214141845703e-01 -2.149111926555633545e-01 2.070940256118774414e+00 -4.076206684112548828e-01 1.492191791534423828e+00 -6.002678275108337402e-01 -1.203009247779846191e+00 -1.116389274597167969e+00 1.431862860918045044e-01 1.813232898712158203e+00 6.801058053970336914e-01 -1.204931456595659256e-02 -3.098366856575012207e-01 -5.586297512054443359e-01 -3.591701984405517578e-01 -7.422361969947814941e-01 -3.277166485786437988e-01 -5.506398677825927734e-01 9.524756073951721191e-01 1.888729333877563477e+00 7.530729770660400391e-01 -7.281742691993713379e-01 5.537784695625305176e-01 2.004324674606323242e+00 -3.238387405872344971e-01 -9.104186296463012695e-01 -8.474835753440856934e-02 -8.630683422088623047e-01 -9.899379611015319824e-01 1.089856863021850586e+00 -1.079739212989807129e+00 -4.740053713321685791e-01 1.886025547981262207e+00 -6.788604259490966797e-01 4.869219660758972168e-01 8.820816278457641602e-01 -4.986638426780700684e-01 8.408262133598327637e-01 5.159533023834228516e-01 6.371280550956726074e-01 -8.721653372049331665e-02 6.455411911010742188e-01 -1.064488649368286133e+00 -3.409548699855804443e-01 -8.918271660804748535e-01 -9.598617255687713623e-02 -8.670416474342346191e-01 9.198144674301147461e-01 3.264404833316802979e-01 1.412157297134399414e+00 6.793151497840881348e-01 -9.749197959899902344e-01 -8.513375520706176758e-01 7.007126212120056152e-01 -6.955433487892150879e-01
-8.110010623931884766e-01 -1.130533456802368164e+00 5.322083830833435059e-01 2.475032657384872437e-01 -2.890040397644042969e+00 3.777150213718414307e-01 6.940715909004211426e-01 -2.295811027288436890e-01 9.651142954826354980e-01 -7.170563340187072754e-01 -3.481828868389129639e-01 2.187515735626220703e+00 -2.915937304496765137e-01 1.389183521270751953e+00 -6.101406812667846680e-01 -1.142336487770080566e+00 -1.200205087661743164e+00 1.350135654211044312e-01 2.137734174728393555e+00 9.040985107421875000e-01 5.467753857374191284e-02 -3.030228614807128906e-01 -4.914253354072570801e-01 -3.283450603485107422e-01 -7.500534057617187500e-01 -3.569084107875823975e-01 -5.078465938568115234e-01 9.960641264915466309e-01 1.918561339378356934e+00 7.567908167839050293e-01 -5.649939179420471191e-01 4.896974265575408936e-01 1.898292541503906250e+00 -2.780826687812805176e-01 -6.717832088470458984e-01 -1.691615879535675049e-01 -1.055478215217590332e+00 -1.017846107482910156e+00 1.194143414497375488e+00 -1.124738812446594238e+00 -4.521330893039703369e-01 2.006211996078491211e+00 -7.169663310050964355e-01 5.085986852645874023e-01 7.836624979972839355e-01 -4.855280518531799316e-01 8.584479689598083496e-01 5.770470499992370605e-01 5.400319695472717285e-01 -1.420775353908538818e-01 5.239631533622741699e-01 -9.964918494224548340e-01 -2.803397774696350098e-01 -8.205871582031250000e-01 -6.961178779602050781e-02 -9.431471824645996094e-01 7.932256460189819336e-01 4.622140824794769287e-01 1.331890940666198730e+00 3.410474359989166260e-01 -7.969128489494323730e-01 -8.767883181571960449e-01 7.225725054740905762e-01 -7.617482542991638184e-01
-8.325447440147399902e-01 -1.150589704513549805e+00 3.802492320537567139e-01 3.768725991249084473e-01 -2.757118463516235352e+00 3.679966330528259277e-01 7.784245014190673828e-01 -2.915529608726501465e-01 9.905742406845092773e-01 -8.888797760009765625e-01 -3.672870695590972900e-01 2.140204668045043945e+00 -2.799319326877593994e-01 1.419076561927795410e+00 -5.438332557678222656e-01 -1.179750084877014160e+00 -1.111736774444580078e+00 1.687988787889480591e-01 2.048816442489624023e+00 7.808280587196350098e-01 -5.796533077955245972e-03 -3.064924180507659912e-01 -5.563679933547973633e-01 -2.796535193920135498e-01 -8.419821262359619141e-01 -3.291460573673248291e-01 -5.597366690635681152e-01 8.385430574417114258e-01 2.037131071090698242e+00 7.450792789459228516e-01 -6.446920037269592285e-01 6.317979097366333008e-01 1.944111108779907227e+00 -2.325236797332763672e-01 -7.355458736419677734e-01 -6.102594546973705292e-03 -9.839795827865600586e-01 -9.443517327308654785e-01 1.210103154182434082e+00 -1.053642272949218750e+00 -4.759074151515960693e-01 1.950267195701599121e+00 -6.521943807601928711e-01 4.985353648662567139e-01 8.540651202201843262e-01 -4.814222753047943115e-01 8.784076571464538574e-01 5.755289793014526367e-01 6.349962353706359863e-01 -1.516630053520202637e-01 5.376558899879455566e-01 -1.072823882102966309e+00 -2.875092327594757080e-01 -7.668461203575134277e-01 -1.404850780963897705e-01 -1.098806738853454590e+00 7.350539565086364746e-01 4.558386802673339844e-01 1.440833449363708496e+00 4.014845192432403564e-01 -7.985067963600158691e-01 -9.199521541595458984e-01 7.252142429351806641e-01 -7.774811387062072754e-01
-6.879437565803527832e-01 -1.340755462646484375e+00 4.095630943775177002e-01 6.460850238800048828e-01 -2.723420619964599609e+00 3.009157776832580566e-01 1.115995049476623535e+00 -2.860823273658752441e-01 1.106055617332458496e+00 -1.034203052520751953e+00 -1.743532121181488037e-01 1.980197429656982422e+00 -2.387803643941879272e-01 1.481045007705688477e+00 -5.426835417747497559e-01 -1.061614871025085449e+00 -1.067355751991271973e+00 -2.445750311017036438e-02 1.637970924377441406e+00 7.424800992012023926e-01 -6.001050025224685669e-02 -2.827030718326568604e-01 -7.014580368995666504e-01 -3.379960954189300537e-01 -9.099761247634887695e-01 -3.656489551067352295e-01 -5.071737766265869141e-01 7.709239721298217773e-01 1.916156411170959473e+00 8.508595824241638184e-01 -6.493248939514160156e-01 8.410171866416931152e-01 2.037361860275268555e+00 -3.238975405693054199e-01 -8.714526891708374023e-01 -4.755139350891113281e-02 -9.916073679924011230e-01 -9.545202255249023438e-01 9.077231884002685547e-01 -1.099303722381591797e+00 -4.048925340175628662e-01 1.870739579200744629e+00 -5.455977320671081543e-01 6.270013451576232910e-01 9.124302864074707031e-01 -4.033485054969787598e-01 7.767422795295715332e-01 5.890591740608215332e-01 7.073896527290344238e-01 -1.357045322656631470e-01 7.248352169990539551e-01 -1.112071394920349121e+00 -2.486341446638107300e-01 -8.722646832466125488e-01 -2.092723250389099121e-01 -8.544830679893493652e-01 8.603206872940063477e-01 6.394226849079132080e-02 1.640852451324462891e+00 6.983966827392578125e-01 -1.053961873054504395e+00 -8.086134195327758789e-01 5.676138997077941895e-01 -7.551590204238891602e-01
-8.374333381652832031e-01 -6.323758363723754883e-01 2.853102385997772217e-01 -8.275942802429199219e-01 -2.282389640808105469e+00 1.021512627601623535e+00 -6.308819651603698730e-01 2.841616272926330566e-01 3.939495086669921875e-01 -5.424188971519470215e-01 -1.898220032453536987e-01 2.786902189254760742e+00 -3.542393911629915237e-03 6.183512210845947266e-01 -3.078446388244628906e-01 -1.338863492012023926e+00 -9.841119647026062012e-01 1.077625155448913574e+00 3.576827049255371094e+00 7.299571633338928223e-01 1.279070377349853516e-01 -1.590121686458587646e-01 -2.811326980590820312e-01 -5.278501510620117188e-01 -2.729592919349670410e-01 -5.013016983866691589e-03 -3.296245038509368896e-01 1.874113202095031738e+00 6.355535984039306641e-01 5.270456671714782715e-01 -5.790680050849914551e-01 9.455005079507827759e-02 1.022849321365356445e+00 -6.136140823364257812e-01 -8.250688314437866211e-01 2.324502468109130859e-01 -3.910999000072479248e-01 -9.232010245323181152e-01 2.625820636749267578e+00 -7.253449559211730957e-01 -4.358796477317810059e-01 1.512822270393371582e+00 -1.017155289649963379e+00 -7.957717776298522949e-02 4.443500339984893799e-01 -5.773950219154357910e-01 6.686130762100219727e-01 -6.511364877223968506e-02 6.841734796762466431e-02 -1.030117124319076538e-01 -5.921689867973327637e-01 -5.529946684837341309e-01 -5.123579502105712891e-01 -3.736280202865600586e-01 1.434241235256195068e-01 -1.145830631256103516e+00 5.923367142677307129e-01 1.394526958465576172e+00 2.158670574426651001e-01 -5.413897037506103516e-01 -6.117266416549682617e-01 -7.321871519088745117e-01 5.871322154998779297e-01 -6.423572897911071777e-01
-7.806871533393859863e-01 -1.232025623321533203e+00 4.343996345996856689e-01 6.144211888313293457e-01 -2.762342453002929688e+00 3.092683255672454834e-01 1.006196260452270508e+00 -2.527417838573455811e-01 1.122547745704650879e+00 -9.075213670730590820e-01 -2.636289596557617188e-01 1.874274373054504395e+00 -3.350377082824707031e-01 1.493419528007507324e+00 -6.301556825637817383e-01 -1.127316474914550781e+00 -1.048272490501403809e+00 8.873305283486843109e-03 1.682532072067260742e+00 7.861207723617553711e-01 -2.123523317277431488e-02 -3.748443126678466797e-01 -6.136106848716735840e-01 -3.212858140468597412e-01 -8.874970078468322754e-01 -3.712200224399566650e-01 -5.108583569526672363e-01 6.825559139251708984e-01 2.088120460510253906e+00 8.499786853790283203e-01 -7.212370038032531738e-01 6.037493944168090820e-01 2.056715965270996094e+00 -2.096028178930282593e-01 -7.639734745025634766e-01 -6.475444883108139038e-02 -1.004264116287231445e+00 -9.200937151908874512e-01 9.218096137046813965e-01 -1.143068194389343262e+00 -4.493505954742431641e-01 1.961290955543518066e+00 -5.852907299995422363e-01 6.609266400337219238e-01 8.675086498260498047e-01 -4.904446899890899658e-01 8.492068648338317871e-01 5.122364759445190430e-01 6.511068344116210938e-01 -6.298676878213882446e-02 7.390513420104980469e-01 -1.141883969306945801e+00 -2.700148820877075195e-01 -8.997829556465148926e-01 -1.229904592037200928e-01 -8.378944993019104004e-01 8.519513607025146484e-01 2.396592199802398682e-01 1.516268014907836914e+00 6.804769635200500488e-01 -8.975902795791625977e-01 -9.454811215400695801e-01 6.861764788627624512e-01 -7.030010819435119629e-01
-6.905808448791503906e-01 -1.196103572845458984e+00 5.258696675300598145e-01 4.008420705795288086e-01 -2.827202081680297852e+00 3.284938633441925049e-01 5.880569219589233398e-01 -1.477140039205551147e-01 1.099470973014831543e+00 -8.848526477813720703e-01 -2.302208691835403442e-01 1.988837122917175293e+00 -3.632694184780120850e-01 1.494929194450378418e+00 -6.201818585395812988e-01 -1.017689228057861328e+00 -1.078302025794982910e+00 1.068528294563293457e-01 2.074496984481811523e+00 9.796038866043090820e-01 9.464611113071441650e-02 -2.528204917907714844e-01 -5.721468329429626465e-01 -4.007377028465270996e-01 -8.099918961524963379e-01 -3.955900371074676514e-01 -4.669650197029113770e-01 9.427046775817871094e-01 1.884424567222595215e+00 6.522987484931945801e-01 -7.329602837562561035e-01 3.849939703941345215e-01 1.936196327209472656e+00 -5.222062468528747559e-01 -7.380452752113342285e-01 -1.600558012723922729e-01 -9.244495630264282227e-01 -8.693733811378479004e-01 1.227633953094482422e+00 -1.068469047546386719e+00 -5.465269088745117188e-01 2.157967329025268555e+00 -6.973339319229125977e-01 5.806682705879211426e-01 9.009073376655578613e-01 -5.506154894828796387e-01 9.111585617065429688e-01 6.328891515731811523e-01 3.959535658359527588e-01 -1.359036266803741455e-01 4.148723483085632324e-01 -1.077904582023620605e+00 -3.026725351810455322e-01 -8.186968564987182617e-01 -1.855725198984146118e-01 -9.371441602706909180e-01 7.739580273628234863e-01 5.029100775718688965e-01 1.307953357696533203e+00 4.739833474159240723e-01 -9.143108129501342773e-01 -8.439666032791137695e-01 8.732780218124389648e-01 -6.480392217636108398e-01
-9.213483929634094238e-01 -7.526443004608154297e-01 2.719795703887939453e-01 -4.543031454086303711e-01 -2.557211637496948242e+00 1.040358662605285645e+00 -1.722877472639083862e-01 -3.769711777567863464e-02 5.634308457374572754e-01 -8.860044479370117188e-01 -4.719285666942596436e-02 3.007316350936889648e+00 -7.516998797655105591e-02 8.010368943214416504e-01 -2.664928436279296875e-01 -1.199088931083679199e+00 -1.083333015441894531e+00 8.501752018928527832e-01 3.121392488479614258e+00 6.097734570503234863e-01 2.642302215099334717e-02 -2.449213564395904541e-01 -4.039476811885833740e-01 -4.881750345230102539e-01 -4.404509961605072021e-01 -3.563579618930816650e-01 -4.219197928905487061e-01 1.501143455505371094e+00 1.101179003715515137e+00 7.912304997444152832e-01 -6.016601920127868652e-01 4.723536372184753418e-01 1.284763097763061523e+00 -3.694379031658172607e-01 -9.136378765106201172e-01 2.909924685955047607e-01 -5.168519616127014160e-01 -1.012014389038085938e+00 2.276759862899780273e+00 -8.636718988418579102e-01 -3.634415268898010254e-01 1.409400939941406250e+00 -9.557079076766967773e-01 -1.901826411485671997e-01 6.548644900321960449e-01 -4.726322889328002930e-01 7.378039360046386719e-01 1.097330600023269653e-01 2.599520385265350342e-01 2.759872563183307648e-02 -1.575374044477939606e-02 -7.460782527923583984e-01 -5.100878477096557617e-01 -5.133310556411743164e-01 2.823559567332267761e-02 -1.223782420158386230e+00 6.676481962203979492e-01 1.091446995735168457e+00 6.386461257934570312e-01 -1.766780167818069458e-01 -8.465130925178527832e-01 -7.907724976539611816e-01 7.137057781219482422e-01 -8.035435676574707031e-01
-7.566031813621520996e-01 -1.130646705627441406e+00 2.592524290084838867e-01 -1.112315207719802856e-01 -2.648592472076416016e+00 7.151555418968200684e-01 2.672778069972991943e-01 6.376932561397552490e-02 6.535332798957824707e-01 -9.338921308517456055e-01 -1.221160069108009338e-01 2.736648797988891602e+00 -3.575362265110015869e-02 9.835761785507202148e-01 -2.921952307224273682e-01 -1.456178903579711914e+00 -1.103343367576599121e+00 6.096272468566894531e-01 2.709358453750610352e+00 7.142609953880310059e-01 -6.400050222873687744e-02 -1.831912100315093994e-01 -5.388610363006591797e-01 -4.591620862483978271e-01 -6.675447225570678711e-01 -2.545633316040039062e-01 -5.143007636070251465e-01 1.339836359024047852e+00 1.474316358566284180e+00 9.029725193977355957e-01 -6.689400076866149902e-01 5.959243178367614746e-01 1.597953915596008301e+00 -3.854183852672576904e-01 -1.052941560745239258e+00 1.306668668985366821e-01 -6.597787737846374512e-01 -9.680790901184082031e-01 1.920938968658447266e+00 -9.448097348213195801e-01 -4.136855900287628174e-01 1.726802349090576172e+00 -9.152053594589233398e-01 2.536030411720275879e-01 5.433967709541320801e-01 -4.677219092845916748e-01 8.473320007324218750e-01 1.924394965171813965e-01 5.772441625595092773e-01 -4.461031034588813782e-02 2.439241558313369751e-01 -8.837128877639770508e-01 -3.925517201423645020e-01 -7.496149539947509766e-01 -9.528045356273651123e-02 -9.783459305763244629e-01 7.288678884506225586e-01 6.743090152740478516e-01 1.072626471519470215e+00 1.115680765360593796e-02 -8.595111370086669922e-01 -7.897838950157165527e-01 5.867400765419006348e-01 -7.325745224952697754e-01
-8.128159642219543457e-01 -1.172498226165771484e+00 3.277390897274017334e-01 1.804791688919067383e-01 -2.724718332290649414e+00 4.579443335533142090e-01 5.065785646438598633e-01 -2.306480556726455688e-01 8.973519802093505859e-01 -9.502069354057312012e-01 -1.562408804893493652e-01 2.407530069351196289e+00 -1.352047175168991089e-01 1.318402886390686035e+00 -4.231950640678405762e-01 -1.185938477516174316e+00 -1.155775427818298340e+00 3.280241191387176514e-01 2.366067171096801758e+00 9.049587845802307129e-01 -4.537018761038780212e-02 -2.313086092472076416e-01 -5.979273319244384766e-01 -2.852925956249237061e-01 -8.256301879882812500e-01 -3.798133432865142822e-01 -4.553928077220916748e-01 1.062910199165344238e+00 1.728771328926086426e+00 8.899848461151123047e-01 -7.470460534095764160e-01 5.648848414421081543e-01 1.854803562164306641e+00 -3.900218605995178223e-01 -8.837828636169433594e-01 1.550752967596054077e-01 -9.082010984420776367e-01 -9.674643278121948242e-01 1.506767153739929199e+00 -1.089104175567626953e+00 -4.004825055599212646e-01 1.757399082183837891e+00 -7.210003137588500977e-01 4.616746902465820312e-01 7.237085103988647461e-01 -4.420302510261535645e-01 8.186418414115905762e-01 4.830753207206726074e-01 4.178918600082397461e-01 5.598588660359382629e-02 3.418072760105133057e-01 -9.926738739013671875e-01 -3.379332125186920166e-01 -7.948915362358093262e-01 -4.301530122756958008e-02 -9.965485334396362305e-01 7.556269168853759766e-01 4.469375908374786377e-01 1.306134819984436035e+00 3.074892461299896240e-01 -9.267789125442504883e-01 -9.362594485282897949e-01 7.373121380805969238e-01 -7.606703639030456543e-01
-6.257239580154418945e-01 -1.330245852470397949e+00 3.772586286067962646e-01 7.110192179679870605e-01 -2.650239229202270508e+00 2.830763161182403564e-01 1.281970500946044922e+00 -3.298910856246948242e-01 9.528793096542358398e-01 -9.842674732208251953e-01 -1.773948073387145996e-01 1.881298422813415527e+00 -3.811873495578765869e-01 1.373323559761047363e+00 -7.541251778602600098e-01 -9.925044775009155273e-01 -8.289691209793090820e-01 -2.759260237216949463e-01 1.392369031906127930e+00 6.136447787284851074e-01 -9.655334055423736572e-02 -3.801157772541046143e-01 -7.642551660537719727e-01 -2.792702317237854004e-01 -1.025190830230712891e+00 -4.488879740238189697e-01 -4.397037923336029053e-01 3.591405153274536133e-01 1.960453033447265625e+00 1.161188125610351562e+00 -6.424357295036315918e-01 1.165946722030639648e+00 1.881970643997192383e+00 -2.083672583103179932e-01 -7.942066192626953125e-01 -2.777392268180847168e-01 -1.008026480674743652e+00 -8.352212309837341309e-01 5.859681963920593262e-01 -1.117966294288635254e+00 -4.143992364406585693e-01 1.911660552024841309e+00 -4.497049450874328613e-01 5.869123339653015137e-01 7.478781342506408691e-01 -5.418957471847534180e-01 7.531570792198181152e-01 5.136970877647399902e-01 9.555967450141906738e-01 -1.962521374225616455e-01 1.299746513366699219e+00 -1.129728078842163086e+00 -1.822838783264160156e-01 -9.743813872337341309e-01 -3.351322412490844727e-01 -6.462163925170898438e-01 1.044831633567810059e+00 -9.186621755361557007e-02 1.829889535903930664e+00 1.028818607330322266e+00 -9.986671209335327148e-01 -5.834133625030517578e-01 4.572399258613586426e-01 -7.604685425758361816e-01
-8.877220153808593750e-01 -8.382757902145385742e-01 2.953529655933380127e-01 -3.587924838066101074e-01 -2.569931030273437500e+00 8.086936473846435547e-01 -1.304989904165267944e-01 9.912590682506561279e-02 6.909753084182739258e-01 -6.988843083381652832e-01 -1.077190339565277100e-01 2.707607030868530273e+00 -7.451058179140090942e-02 1.051039338111877441e+00 -3.160621821880340576e-01 -1.365990877151489258e+00 -1.150258183479309082e+00 7.867684960365295410e-01 3.149275064468383789e+00 8.825061321258544922e-01 1.424556225538253784e-01 -2.048094421625137329e-01 -3.720557391643524170e-01 -3.647331297397613525e-01 -5.554602742195129395e-01 -2.422965317964553833e-01 -4.570092856884002686e-01 1.532318949699401855e+00 1.266334533691406250e+00 5.637394785881042480e-01 -6.970832347869873047e-01 1.614636778831481934e-01 1.548053383827209473e+00 -5.611733198165893555e-01 -8.951640725135803223e-01 1.528715491294860840e-01 -5.838338732719421387e-01 -9.592692255973815918e-01 2.174200534820556641e+00 -9.238038063049316406e-01 -4.318300485610961914e-01 1.686797022819519043e+00 -1.060901761054992676e+00 1.190535649657249451e-01 5.525434613227844238e-01 -4.055702388286590576e-01 7.053988575935363770e-01 2.577776312828063965e-01 1.440875679254531860e-01 -2.013720385730266571e-02 -3.503483831882476807e-01 -7.981699109077453613e-01 -3.900823593139648438e-01 -6.484132409095764160e-01 1.257769530639052391e-03 -1.029821991920471191e+00 6.212622523307800293e-01 9.954925179481506348e-01 6.698048114776611328e-01 -1.977430731058120728e-01 -6.638332009315490723e-01 -7.745928168296813965e-01 7.050758004188537598e-01 -7.396981120109558105e-01
-9.233720302581787109e-01 -7.379685044288635254e-01 2.071760445833206177e-01 -5.820367932319641113e-01 -2.276776313781738281e+00 9.614217281341552734e-01 -4.241343140602111816e-01 2.577302157878875732e-01 4.159357249736785889e-01 -7.010561227798461914e-01 -1.257800906896591187e-01 2.894811868667602539e+00 -2.381527237594127655e-02 7.275474667549133301e-01 -2.946100533008575439e-01 -1.401560306549072266e+00 -1.153291821479797363e+00 1.041898846626281738e+00 3.382626295089721680e+00 8.132133483886718750e-01 1.275319606065750122e-01 -9.723897278308868408e-02 -3.451647162437438965e-01 -4.436807632446289062e-01 -4.148722290992736816e-01 -4.108811169862747192e-02 -4.005367457866668701e-01 1.807525157928466797e+00 7.848982214927673340e-01 5.123567581176757812e-01 -6.624808907508850098e-01 1.915017217397689819e-01 1.216844916343688965e+00 -6.216353774070739746e-01 -9.179629087448120117e-01 2.518380880355834961e-01 -3.582612574100494385e-01 -9.820253252983093262e-01 2.561771154403686523e+00 -6.509111523628234863e-01 -4.055111408233642578e-01 1.444820642471313477e+00 -1.136566758155822754e+00 -7.752798497676849365e-02 3.782478272914886475e-01 -4.908264875411987305e-01 6.129994392395019531e-01 1.261624544858932495e-01 1.612702757120132446e-01 -1.498848851770162582e-02 -4.267399609088897705e-01 -6.056959033012390137e-01 -5.449239611625671387e-01 -4.560555517673492432e-01 5.572106689214706421e-03 -1.041788816452026367e+00 6.561504602432250977e-01 1.202642083168029785e+00 3.777777254581451416e-01 -4.480639398097991943e-01 -7.872631549835205078e-01 -6.684132218360900879e-01 6.917418241500854492e-01 -6.531149148941040039e-01
-6.330821514129638672e-01 -1.312195062637329102e+00 5.520391464233398438e-01 8.584270477294921875e-01 -2.732186317443847656e+00 -2.497064135968685150e-02 1.273050546646118164e+00 -3.948919177055358887e-01 1.231307029724121094e+00 -9.142509698867797852e-01 -2.933675050735473633e-01 1.413443565368652344e+00 -3.552748262882232666e-01 1.655504703521728516e+00 -7.032927274703979492e-01 -9.160445928573608398e-01 -9.828317761421203613e-01 -3.083800077438354492e-01 1.152909874916076660e+00 8.554450869560241699e-01 3.133176127448678017e-03 -3.430035412311553955e-01 -7.006087303161621094e-01 -3.291411995887756348e-01 -8.962974548339843750e-01 -3.597950637340545654e-01 -5.098272562026977539e-01 5.121902227401733398e-01 2.263075351715087891e+00 7.173734307289123535e-01 -6.616725921630859375e-01 5.367347002029418945e-01 2.040569305419921875e+00 -3.287970125675201416e-01 -6.956758499145507812e-01 -2.195685207843780518e-01 -1.039917945861816406e+00 -8.601669669151306152e-01 4.502590298652648926e-01 -1.144779801368713379e+00 -4.761581420898437500e-01 2.108334064483642578e+00 -3.774222433567047119e-01 7.486783266067504883e-01 1.024082064628601074e+00 -4.800737202167510986e-01 9.754431843757629395e-01 7.801681160926818848e-01 6.101333498954772949e-01 -1.531463563442230225e-01 8.470258116722106934e-01 -1.147003531455993652e+00 -1.547617465257644653e-01 -9.712395071983337402e-01 -2.072748243808746338e-01 -7.453753352165222168e-01 7.705568671226501465e-01 1.488668285310268402e-02 1.747022390365600586e+00 8.865304589271545410e-01 -9.207367300987243652e-01 -7.588794827461242676e-01 7.335119843482971191e-01 -6.427368521690368652e-01
-9.991877079010009766e-01 -9.166092276573181152e-01 3.255390524864196777e-01 -1.280425339937210083e-01 -2.541280269622802734e+00 7.364444732666015625e-01 1.191695593297481537e-02 7.008121907711029053e-02 8.980519771575927734e-01 -7.688102126121520996e-01 -1.846542358398437500e-01 2.539586305618286133e+00 -1.564723849296569824e-01 1.168588399887084961e+00 -4.190468788146972656e-01 -1.373868465423583984e+00 -1.125142574310302734e+00 6.968778967857360840e-01 3.005621194839477539e+00 8.945256471633911133e-01 1.037996560335159302e-01 -2.746794819831848145e-01 -4.146952033042907715e-01 -4.484477043151855469e-01 -5.213910341262817383e-01 -2.042569667100906372e-01 -4.196994602680206299e-01 1.581185340881347656e+00 1.291089773178100586e+00 3.486383259296417236e-01 -6.853295564651489258e-01 1.979380398988723755e-01 1.595996737480163574e+00 -5.246976017951965332e-01 -8.860926628112792969e-01 1.722632646560668945e-01 -6.014095544815063477e-01 -9.204952716827392578e-01 2.010283946990966797e+00 -7.804752588272094727e-01 -4.750489592552185059e-01 1.681001782417297363e+00 -1.007453441619873047e+00 1.940603405237197876e-01 7.515454888343811035e-01 -6.147050261497497559e-01 8.220109343528747559e-01 3.556865155696868896e-01 1.314163208007812500e-01 -3.874018415808677673e-02 -2.429747730493545532e-01 -9.402582645416259766e-01 -4.507006406784057617e-01 -6.062411069869995117e-01 2.926311455667018890e-02 -1.121098160743713379e+00 7.336704730987548828e-01 1.018848299980163574e+00 6.665039658546447754e-01 -4.511857405304908752e-02 -8.164651989936828613e-01 -8.641553521156311035e-01 8.930715918540954590e-01 -6.699558496475219727e-01
-7.686844468116760254e-01 -1.269407510757446289e+00 3.385701477527618408e-01 2.372835874557495117e-01 -2.694098234176635742e+00 3.948912024497985840e-01 8.546590209007263184e-01 -2.572417557239532471e-01 7.789986133575439453e-01 -9.870325326919555664e-01 -2.237435728311538696e-01 2.486331462860107422e+00 -1.548083275556564331e-01 1.163162708282470703e+00 -5.335406064987182617e-01 -1.241183400154113770e+00 -1.167939305305480957e+00 2.211715728044509888e-01 2.119765281677246094e+00 8.041031956672668457e-01 -9.781061112880706787e-02 -2.535153627395629883e-01 -6.205884814262390137e-01 -2.714790999889373779e-01 -8.923041224479675293e-01 -3.724689185619354248e-01 -4.729658961296081543e-01 8.328943848609924316e-01 1.693568468093872070e+00 1.184537529945373535e+00 -7.107794284820556641e-01 8.394731879234313965e-01 1.834686040878295898e+00 -2.908045649528503418e-01 -1.021129369735717773e+00 1.181866173283196986e-04 -8.761080503463745117e-01 -9.349940419197082520e-01 1.408557534217834473e+00 -1.105521082878112793e+00 -2.905476987361907959e-01 1.654521226882934570e+00 -7.029156088829040527e-01 5.169879794120788574e-01 5.090821981430053711e-01 -3.177608251571655273e-01 7.925689816474914551e-01 2.961328923702239990e-01 7.329058647155761719e-01 3.640600293874740601e-02 7.435749173164367676e-01 -1.060949325561523438e+00 -2.496783882379531860e-01 -8.288335800170898438e-01 -1.422039717435836792e-01 -8.299190998077392578e-01 9.005967974662780762e-01 2.928645312786102295e-01 1.665516376495361328e+00 5.061106085777282715e-01 -9.218167662620544434e-01 -7.928513884544372559e-01 3.253470957279205322e-01 -7.903936505317687988e-01
-1.003709316253662109e+00 -8.647397160530090332e-01 3.723111152648925781e-01 -2.461135238409042358e-01 -2.627349376678466797e+00 9.243145585060119629e-01 4.980516806244850159e-02 4.367288947105407715e-02 7.112107872962951660e-01 -8.565339446067810059e-01 -1.994518041610717773e-01 2.721959829330444336e+00 -7.955388724803924561e-02 8.754691481590270996e-01 -1.869145482778549194e-01 -1.379375100135803223e+00 -1.134875774383544922e+00 7.814595699310302734e-01 3.016585350036621094e+00 7.463941574096679688e-01 6.576438993215560913e-02 -2.998930513858795166e-01 -5.734864473342895508e-01 -4.535650014877319336e-01 -4.873881340026855469e-01 -2.460306435823440552e-01 -5.117766261100769043e-01 1.516892910003662109e+00 1.381054043769836426e+00 6.700726747512817383e-01 -5.902369022369384766e-01 3.404681384563446045e-01 1.374764800071716309e+00 -3.463058173656463623e-01 -9.737111330032348633e-01 1.759186387062072754e-01 -6.431305408477783203e-01 -9.798986315727233887e-01 2.076250076293945312e+00 -9.189072847366333008e-01 -3.694817125797271729e-01 1.631043195724487305e+00 -9.763478636741638184e-01 7.828538119792938232e-02 6.006280779838562012e-01 -4.337166845798492432e-01 8.153781294822692871e-01 1.798649430274963379e-01 3.684597015380859375e-01 2.880137041211128235e-02 2.694882825016975403e-02 -7.751706242561340332e-01 -4.497095048427581787e-01 -6.431060433387756348e-01 -7.590932399034500122e-02 -1.116588473320007324e+00 6.856002807617187500e-01 8.981279134750366211e-01 7.602873444557189941e-01 -1.352627128362655640e-01 -8.192430734634399414e-01 -7.392984628677368164e-01 7.558947801589965820e-01 -7.781066298484802246e-01
-9.398136138916015625e-01 -1.007910966873168945e+00 3.249148726463317871e-01 -9.032010287046432495e-02 -2.661415815353393555e+00 7.458683848381042480e-01 -1.114342287182807922e-01 5.468932911753654480e-02 8.414414525032043457e-01 -7.794536352157592773e-01 -1.453454196453094482e-01 2.615506410598754883e+00 -1.473311483860015869e-01 1.086650133132934570e+00 -3.396334648132324219e-01 -1.426462650299072266e+00 -1.117520451545715332e+00 6.483241915702819824e-01 2.845912694931030273e+00 8.477833867073059082e-01 4.840456321835517883e-02 -2.169447988271713257e-01 -4.972678720951080322e-01 -3.959400653839111328e-01 -6.266614198684692383e-01 -2.598542273044586182e-01 -3.487460613250732422e-01 1.480648636817932129e+00 1.406685471534729004e+00 5.156453847885131836e-01 -5.909041762351989746e-01 6.083104759454727173e-02 1.644870162010192871e+00 -4.794806838035583496e-01 -9.770231842994689941e-01 2.753936648368835449e-01 -6.377918124198913574e-01 -9.683688282966613770e-01 2.025236129760742188e+00 -9.085636138916015625e-01 -4.854215383529663086e-01 1.718199253082275391e+00 -8.435057997703552246e-01 2.038321048021316528e-01 6.673884987831115723e-01 -4.884173572063446045e-01 8.386952877044677734e-01 3.699782192707061768e-01 1.160229295492172241e-01 3.593355417251586914e-02 -1.545666456222534180e-01 -8.395732641220092773e-01 -4.241789281368255615e-01 -6.401680111885070801e-01 5.482618138194084167e-02 -1.120279908180236816e+00 7.218613028526306152e-01 9.097598791122436523e-01 7.850213646888732910e-01 2.504133433103561401e-02 -8.197442293167114258e-01 -9.164339900016784668e-01 8.287444114685058594e-01 -6.173928976058959961e-01
-9.048276543617248535e-01 -1.130300998687744141e+00 5.286139845848083496e-01 3.409974575042724609e-01 -2.831081390380859375e+00 4.062837064266204834e-01 7.195901870727539062e-01 -1.485073715448379517e-01 1.102077603340148926e+00 -9.025754332542419434e-01 -3.687440454959869385e-01 2.236389160156250000e+00 -3.096413314342498779e-01 1.271800875663757324e+00 -6.668911576271057129e-01 -1.263313889503479004e+00 -9.874395132064819336e-01 3.990300893783569336e-01 2.200447797775268555e+00 6.957518458366394043e-01 5.942255258560180664e-02 -4.603704810142517090e-01 -5.287548303604125977e-01 -4.166080355644226074e-01 -7.618184089660644531e-01 -3.058245778083801270e-01 -5.251101255416870117e-01 9.825954437255859375e-01 1.777617573738098145e+00 7.471342086791992188e-01 -5.772449970245361328e-01 4.648336768150329590e-01 1.766451835632324219e+00 -1.694257855415344238e-01 -7.584630846977233887e-01 4.479752853512763977e-02 -8.153540492057800293e-01 -1.016693949699401855e+00 1.460702776908874512e+00 -1.028559923171997070e+00 -5.074619650840759277e-01 1.960988879203796387e+00 -6.691930294036865234e-01 3.510834872722625732e-01 8.491124510765075684e-01 -5.774800181388854980e-01 9.047729969024658203e-01 4.372004568576812744e-01 5.630716681480407715e-01 -4.981068521738052368e-02 4.399885237216949463e-01 -1.077409625053405762e+00 -2.946906387805938721e-01 -7.191768884658813477e-01 -9.564861655235290527e-02 -1.092030644416809082e+00 8.407038450241088867e-01 7.294586896896362305e-01 1.233415484428405762e+00 4.397412836551666260e-01 -8.999211788177490234e-01 -9.740963578224182129e-01 5.976945161819458008e-01 -7.141530513763427734e-01
-7.928142547607421875e-01 -1.362116098403930664e+00 6.259963512420654297e-01 4.006022214889526367e-01 -2.916580677032470703e+00 4.586305320262908936e-01 4.563832879066467285e-01 -6.252170354127883911e-02 1.013480782508850098e+00 -7.587912678718566895e-01 -1.459461152553558350e-01 2.105468273162841797e+00 -3.721904158592224121e-01 1.364454150199890137e+00 -4.533263742923736572e-01 -1.212593197822570801e+00 -1.096524715423583984e+00 2.032052278518676758e-01 2.258543252944946289e+00 9.687636494636535645e-01 3.508975729346275330e-02 -2.168358266353607178e-01 -6.380231976509094238e-01 -2.370817661285400391e-01 -7.710051536560058594e-01 -3.782439827919006348e-01 -4.584690332412719727e-01 1.051185965538024902e+00 1.865735530853271484e+00 6.767967939376831055e-01 -6.320161223411560059e-01 2.314258217811584473e-01 1.813538789749145508e+00 -3.946364223957061768e-01 -7.757034897804260254e-01 -9.236589074134826660e-02 -1.022397279739379883e+00 -9.168255925178527832e-01 1.221941351890563965e+00 -1.091820478439331055e+00 -4.883283674716949463e-01 2.110367059707641602e+00 -6.121276617050170898e-01 5.374313592910766602e-01 7.326267361640930176e-01 -4.417910277843475342e-01 8.502812981605529785e-01 7.835509181022644043e-01 2.984679639339447021e-01 -1.770759224891662598e-01 4.219153225421905518e-01 -9.386664032936096191e-01 -2.738279104232788086e-01 -7.597134709358215332e-01 -1.966191232204437256e-01 -8.778646588325500488e-01 6.244758963584899902e-01 4.366383552551269531e-01 1.220185279846191406e+00 3.722929954528808594e-01 -8.225099444389343262e-01 -8.944940567016601562e-01 9.089266657829284668e-01 -7.863013148307800293e-01
-7.764444351196289062e-01 -1.230520725250244141e+00 4.267909824848175049e-01 4.633189737796783447e-01 -2.856719732284545898e+00 4.275066852569580078e-01 7.583644390106201172e-01 -2.394165843725204468e-01 1.017526507377624512e+00 -9.887170195579528809e-01 -1.098614707589149475e-01 2.227910280227661133e+00 -2.026912569999694824e-01 1.321322679519653320e+00 -4.964697957038879395e-01 -1.116247296333312988e+00 -1.059000730514526367e+00 1.336762756109237671e-01 2.008785009384155273e+00 7.989435195922851562e-01 1.664650626480579376e-02 -2.906001210212707520e-01 -6.810911297798156738e-01 -3.432468473911285400e-01 -7.662665247917175293e-01 -4.001663625240325928e-01 -5.315529704093933105e-01 9.746262431144714355e-01 1.920101761817932129e+00 8.147311210632324219e-01 -6.337186694145202637e-01 5.530460476875305176e-01 1.857030868530273438e+00 -3.308407664299011230e-01 -9.555010199546813965e-01 5.217556608840823174e-04 -9.155061841011047363e-01 -9.126555919647216797e-01 1.234911084175109863e+00 -1.117289543151855469e+00 -4.446350038051605225e-01 1.894304394721984863e+00 -6.508105993270874023e-01 4.395244717597961426e-01 8.752125501632690430e-01 -4.552242159843444824e-01 7.843158245086669922e-01 5.844774246215820312e-01 5.536586642265319824e-01 -4.524935036897659302e-02 6.182817220687866211e-01 -1.083292007446289062e+00 -2.932789623737335205e-01 -8.253849744796752930e-01 -1.823318302631378174e-01 -1.024154067039489746e+00 8.113932013511657715e-01 3.753142058849334717e-01 1.368622422218322754e+00 5.641834735870361328e-01 -9.280996322631835938e-01 -8.625087141990661621e-01 6.538319587707519531e-01 -7.055678963661193848e-01
-9.262063503265380859e-01 -1.044376850128173828e+00 4.586579501628875732e-01 -8.280094712972640991e-02 -2.595565557479858398e+00 7.500727176666259766e-01 4.883177205920219421e-02 1.602563560009002686e-01 8.273414373397827148e-01 -7.571480274200439453e-01 -1.391765773296356201e-01 2.481537580490112305e+00 -2.039684355258941650e-01 1.181827068328857422e+00 -3.634773194789886475e-01 -1.308280110359191895e+00 -1.128481149673461914e+00 6.248425841331481934e-01 2.951017379760742188e+00 8.644600510597229004e-01 1.115823984146118164e-01 -1.425461322069168091e-01 -5.584605336189270020e-01 -4.077287316322326660e-01 -6.707392334938049316e-01 -1.637773513793945312e-01 -3.733464181423187256e-01 1.553133964538574219e+00 1.339845418930053711e+00 4.854058325290679932e-01 -7.044957280158996582e-01 3.148634433746337891e-01 1.537474632263183594e+00 -5.226680040359497070e-01 -1.009122252464294434e+00 1.091972216963768005e-01 -7.565426230430603027e-01 -9.159405231475830078e-01 1.917945384979248047e+00 -8.701167106628417969e-01 -4.328826963901519775e-01 1.852856397628784180e+00 -9.572855830192565918e-01 2.693764567375183105e-01 6.138280034065246582e-01 -5.667895078659057617e-01 8.137349486351013184e-01 2.923507392406463623e-01 3.494495749473571777e-01 -6.193032115697860718e-02 3.228862956166267395e-02 -8.545266389846801758e-01 -4.613749682903289795e-01 -6.399381756782531738e-01 -3.034178912639617920e-02 -1.079155921936035156e+00 7.464549541473388672e-01 7.108580470085144043e-01 7.312799692153930664e-01 6.308707594871520996e-02 -9.201429486274719238e-01 -8.628554940223693848e-01 8.756236433982849121e-01 -7.424744963645935059e-01
-7.714678049087524414e-01 -1.257532119750976562e+00 5.254185795783996582e-01 5.875384807586669922e-01 -2.774056673049926758e+00 2.701118886470794678e-01 8.998029828071594238e-01 -2.880073189735412598e-01 1.214398860931396484e+00 -7.960380315780639648e-01 -3.025272190570831299e-01 1.715502142906188965e+00 -2.999537587165832520e-01 1.600727438926696777e+00 -5.532869100570678711e-01 -1.082574486732482910e+00 -1.064758181571960449e+00 -5.516019836068153381e-02 1.667989969253540039e+00 9.778097271919250488e-01 -4.959719255566596985e-02 -3.979554474353790283e-01 -7.164898514747619629e-01 -2.846136391162872314e-01 -9.186391830444335938e-01 -3.987573385238647461e-01 -5.044044256210327148e-01 7.342256307601928711e-01 2.213377237319946289e+00 5.825700163841247559e-01 -6.303454041481018066e-01 4.499304592609405518e-01 1.981528043746948242e+00 -2.865536510944366455e-01 -6.158039569854736328e-01 -1.434165388345718384e-01 -1.117130160331726074e+00 -8.215693831443786621e-01 7.854959368705749512e-01 -1.130797863006591797e+00 -4.497776329517364502e-01 2.138233900070190430e+00 -5.260368585586547852e-01 6.434683203697204590e-01 1.021732807159423828e+00 -5.252970457077026367e-01 9.134395122528076172e-01 7.348501682281494141e-01 5.170338153839111328e-01 -1.324959844350814819e-01 5.680347084999084473e-01 -1.102514505386352539e+00 -2.489672452211380005e-01 -9.632639884948730469e-01 -1.946454048156738281e-01 -9.447513818740844727e-01 8.360277414321899414e-01 3.208246827125549316e-01 1.360283255577087402e+00 6.105325222015380859e-01 -8.227260708808898926e-01 -7.957093119621276855e-01 8.582044839859008789e-01 -6.910609602928161621e-01
-6.988460421562194824e-01 -1.232208251953125000e+00 3.218258917331695557e-01 3.002002239227294922e-01 -2.754671335220336914e+00 4.141319990158081055e-01 7.743914127349853516e-01 -1.099620833992958069e-01 9.771572947502136230e-01 -1.002232313156127930e+00 -1.042945906519889832e-01 2.216585397720336914e+00 -1.970985382795333862e-01 1.429728627204895020e+00 -4.673749506473541260e-01 -1.275503754615783691e+00 -1.076531529426574707e+00 1.860669702291488647e-01 2.058449506759643555e+00 8.475905656814575195e-01 -5.151806771755218506e-02 -1.784486025571823120e-01 -6.446026563644409180e-01 -4.136571884155273438e-01 -8.140605688095092773e-01 -3.405802845954895020e-01 -5.205188989639282227e-01 1.020514369010925293e+00 1.777249217033386230e+00 8.984330296516418457e-01 -6.377820968627929688e-01 7.073938250541687012e-01 1.889395117759704590e+00 -4.911730587482452393e-01 -1.057668566703796387e+00 -3.192432597279548645e-02 -8.276060223579406738e-01 -8.507398366928100586e-01 1.309669613838195801e+00 -1.076106190681457520e+00 -4.408541023731231689e-01 1.879719495773315430e+00 -7.307083606719970703e-01 5.102332830429077148e-01 7.093245387077331543e-01 -4.915287196636199951e-01 8.661844134330749512e-01 4.442207217216491699e-01 5.796091556549072266e-01 -1.139580979943275452e-01 5.906325578689575195e-01 -1.060872197151184082e+00 -3.057837784290313721e-01 -8.974077105522155762e-01 -1.517334282398223877e-01 -8.675186634063720703e-01 8.995485305786132812e-01 2.685810029506683350e-01 1.418963432312011719e+00 5.635860562324523926e-01 -9.860853552818298340e-01 -8.291531205177307129e-01 6.079429388046264648e-01 -7.145131230354309082e-01
-9.487900733947753906e-01 -7.256127595901489258e-01 3.311845660209655762e-01 -5.350357294082641602e-01 -2.417479515075683594e+00 8.606764674186706543e-01 -4.874091446399688721e-01 1.015333607792854309e-01 6.354424357414245605e-01 -6.647474169731140137e-01 -4.549199342727661133e-02 2.615318775177001953e+00 -2.592452615499496460e-02 9.686855673789978027e-01 -3.221663832664489746e-01 -1.373432159423828125e+00 -1.097811222076416016e+00 9.463431835174560547e-01 3.253579854965209961e+00 8.494540452957153320e-01 1.543449610471725464e-01 -2.067984044551849365e-01 -4.220875203609466553e-01 -4.928663671016693115e-01 -3.048176169395446777e-01 -1.812045723199844360e-01 -3.370741903781890869e-01 1.787612318992614746e+00 9.909093379974365234e-01 3.294909000396728516e-01 -6.127046346664428711e-01 -7.176760584115982056e-02 1.283169150352478027e+00 -6.546271443367004395e-01 -9.151017665863037109e-01 2.516647577285766602e-01 -4.304960072040557861e-01 -8.907120227813720703e-01 2.438719272613525391e+00 -7.985067367553710938e-01 -5.080801248550415039e-01 1.656154990196228027e+00 -1.000262618064880371e+00 -5.461178719997406006e-02 6.413175463676452637e-01 -5.371478199958801270e-01 6.755867600440979004e-01 2.063207328319549561e-01 -8.774816989898681641e-02 -5.039544403553009033e-02 -5.545276403427124023e-01 -6.864620447158813477e-01 -4.927273392677307129e-01 -4.768419265747070312e-01 7.619079202413558960e-02 -1.193094849586486816e+00 7.180076241493225098e-01 1.348698019981384277e+00 3.706263303756713867e-01 -2.498984336853027344e-01 -7.004269957542419434e-01 -7.156735062599182129e-01 8.281647562980651855e-01 -5.613083243370056152e-01
-8.500334620475769043e-01 -1.225259542465209961e+00 4.901159703731536865e-01 5.530583858489990234e-01 -2.762883901596069336e+00 3.697081208229064941e-01 9.668060541152954102e-01 -2.129493206739425659e-01 1.089318156242370605e+00 -8.532253503799438477e-01 -2.357404381036758423e-01 1.853057026863098145e+00 -2.580339610576629639e-01 1.529736280441284180e+00 -6.200228333473205566e-01 -1.144745826721191406e+00 -1.093000173568725586e+00 1.022781338542699814e-02 1.771809816360473633e+00 8.477058410644531250e-01 -4.605165496468544006e-02 -3.217566311359405518e-01 -6.590954065322875977e-01 -3.936584591865539551e-01 -8.458205461502075195e-01 -4.024318754673004150e-01 -5.011293292045593262e-01 8.186069726943969727e-01 1.996155381202697754e+00 7.982952594757080078e-01 -6.905888915061950684e-01 5.867022871971130371e-01 2.005498647689819336e+00 -2.769323587417602539e-01 -7.613301277160644531e-01 -1.173958033323287964e-01 -1.033239245414733887e+00 -9.421966075897216797e-01 9.060192108154296875e-01 -1.193562388420104980e+00 -4.193004667758941650e-01 1.969347953796386719e+00 -6.029292941093444824e-01 6.050757765769958496e-01 8.983771204948425293e-01 -4.472712278366088867e-01 9.142261147499084473e-01 5.409795045852661133e-01 6.458595395088195801e-01 -6.327827274799346924e-02 6.754407882690429688e-01 -1.101413726806640625e+00 -2.992395460605621338e-01 -9.022781252861022949e-01 -1.355220973491668701e-01 -8.383132815361022949e-01 9.085780978202819824e-01 2.347121238708496094e-01 1.430202245712280273e+00 6.540803313255310059e-01 -9.531382918357849121e-01 -8.383694291114807129e-01 7.799669504165649414e-01 -7.219339013099670410e-01
-9.024285078048706055e-01 -1.027624130249023438e+00 2.983116209506988525e-01 -8.798554539680480957e-02 -2.770153999328613281e+00 7.668045759201049805e-01 3.694634437561035156e-01 -1.742638796567916870e-01 7.316718697547912598e-01 -8.660613298416137695e-01 -2.147132158279418945e-01 2.738528251647949219e+00 -9.482234716415405273e-02 9.774652123451232910e-01 -4.045379161834716797e-01 -1.204154610633850098e+00 -1.136108040809631348e+00 4.225236177444458008e-01 2.768882274627685547e+00 6.658017635345458984e-01 -1.214462518692016602e-02 -1.990139037370681763e-01 -5.376980900764465332e-01 -2.868347764015197754e-01 -7.082967162132263184e-01 -3.475794494152069092e-01 -3.876871466636657715e-01 1.221726894378662109e+00 1.322083711624145508e+00 9.983056783676147461e-01 -5.947487950325012207e-01 7.340371608734130859e-01 1.649217367172241211e+00 -3.362353742122650146e-01 -9.355401396751403809e-01 1.678687781095504761e-01 -8.475620746612548828e-01 -1.080255985260009766e+00 1.703063249588012695e+00 -1.101693511009216309e+00 -3.441190421581268311e-01 1.636791229248046875e+00 -8.283240795135498047e-01 2.424355596303939819e-01 6.360027194023132324e-01 -3.145325183868408203e-01 7.395967245101928711e-01 2.936717867851257324e-01 5.618727803230285645e-01 2.112981677055358887e-02 3.728004395961761475e-01 -9.221548438072204590e-01 -3.163229227066040039e-01 -6.693863272666931152e-01 4.728674888610839844e-03 -1.083577990531921387e+00 6.936101317405700684e-01 5.642212033271789551e-01 1.261823892593383789e+00 3.599659726023674011e-02 -8.266746997833251953e-01 -8.400234580039978027e-01 5.735228657722473145e-01 -8.965739011764526367e-01
-1.021862030029296875e+00 -6.492207646369934082e-01 1.763323098421096802e-01 -5.249665379524230957e-01 -2.156580209732055664e+00 1.246112704277038574e+00 -6.431441307067871094e-01 1.897358596324920654e-01 5.000641345977783203e-01 -7.515943050384521484e-01 -1.023755595088005066e-02 2.986164569854736328e+00 7.211346924304962158e-02 6.334939002990722656e-01 -2.218223512172698975e-01 -1.434444189071655273e+00 -8.801133632659912109e-01 1.075316905975341797e+00 3.545578956604003906e+00 5.877429842948913574e-01 1.172300204634666443e-01 -1.027036979794502258e-01 -4.370619058609008789e-01 -4.876859486103057861e-01 -3.070482313632965088e-01 -2.364196628332138062e-01 -1.848271936178207397e-01 1.752589583396911621e+00 5.833853483200073242e-01 2.982595562934875488e-01 -5.435833930969238281e-01 1.658581942319869995e-01 1.064144492149353027e+00 -5.772641897201538086e-01 -1.056662321090698242e+00 4.865355491638183594e-01 -3.307881951332092285e-01 -9.112634658813476562e-01 2.565035581588745117e+00 -6.169259548187255859e-01 -4.230407476425170898e-01 1.329517245292663574e+00 -1.092800855636596680e+00 -3.899626135826110840e-01 5.511681437492370605e-01 -2.833200991153717041e-01 5.234499573707580566e-01 -7.627249229699373245e-03 -2.511420287191867828e-02 6.427896674722433090e-03 -5.499046444892883301e-01 -7.110460996627807617e-01 -5.048503875732421875e-01 -3.904591500759124756e-01 1.667188107967376709e-01 -1.252210021018981934e+00 4.884058535099029541e-01 1.257712483406066895e+00 3.232759237289428711e-01 -3.584889173507690430e-01 -6.378720998764038086e-01 -5.788854360580444336e-01 6.957632899284362793e-01 -7.311391830444335938e-01
-9.355662465095520020e-01 -1.000634551048278809e+00 2.554645836353302002e-01 -3.195837438106536865e-01 -2.621067523956298828e+00 8.935587406158447266e-01 1.220297068357467651e-01 3.825258463621139526e-02 5.549587011337280273e-01 -9.172267317771911621e-01 -1.539366692304611206e-01 2.828828573226928711e+00 -7.633708417415618896e-02 9.351828694343566895e-01 -3.461377024650573730e-01 -1.376443624496459961e+00 -1.131788015365600586e+00 6.826324462890625000e-01 2.910493850708007812e+00 7.949032187461853027e-01 -4.220480471849441528e-02 -1.591036468744277954e-01 -5.608970522880554199e-01 -3.224993646144866943e-01 -6.669307947158813477e-01 -2.642396688461303711e-01 -4.676398336887359619e-01 1.329365253448486328e+00 1.336418151855468750e+00 9.328630566596984863e-01 -5.857586264610290527e-01 5.602543354034423828e-01 1.514628410339355469e+00 -3.839990198612213135e-01 -1.011335611343383789e+00 2.097340971231460571e-01 -7.358715534210205078e-01 -9.799414277076721191e-01 2.069139957427978516e+00 -9.727953672409057617e-01 -3.453010320663452148e-01 1.718507289886474609e+00 -8.878331184387207031e-01 8.906755596399307251e-02 4.205897152423858643e-01 -3.721804916858673096e-01 7.370821833610534668e-01 2.609199881553649902e-01 3.279045522212982178e-01 -5.924442782998085022e-02 7.248819619417190552e-02 -7.726403474807739258e-01 -3.243169486522674561e-01 -6.797128915786743164e-01 -1.808309741318225861e-02 -1.046840906143188477e+00 7.436237931251525879e-01 7.024666666984558105e-01 9.362847208976745605e-01 -1.083035115152597427e-02 -7.261547446250915527e-01 -7.013341784477233887e-01 6.157538294792175293e-01 -8.339980244636535645e-01
-8.970552682876586914e-01 -1.051496386528015137e+00 4.001760184764862061e-01 -8.348026312887668610e-03 -2.731737852096557617e+00 8.015186786651611328e-01 3.931284546852111816e-01 -9.775189310312271118e-02 8.598625659942626953e-01 -9.524720311164855957e-01 -1.158457994461059570e-01 2.502837181091308594e+00 -2.828474389389157295e-03 1.168008565902709961e+00 -3.640308082103729248e-01 -1.243997335433959961e+00 -1.106434583663940430e+00 4.953054487705230713e-01 2.554572820663452148e+00 6.642590165138244629e-01 2.753151766955852509e-02 -2.003343254327774048e-01 -5.991314649581909180e-01 -6.034545302391052246e-01 -5.598554611206054688e-01 -3.326877951622009277e-01 -4.638450145721435547e-01 1.380483627319335938e+00 1.475355148315429688e+00 6.800923943519592285e-01 -5.838203430175781250e-01 4.931886494159698486e-01 1.598428010940551758e+00 -3.521150946617126465e-01 -9.973437786102294922e-01 2.409654557704925537e-01 -6.705836057662963867e-01 -1.003421545028686523e+00 1.700009465217590332e+00 -9.695559740066528320e-01 -4.806372821331024170e-01 1.687934041023254395e+00 -8.602449893951416016e-01 4.496278986334800720e-02 9.476323127746582031e-01 -5.058426856994628906e-01 9.786912202835083008e-01 2.761653661727905273e-01 4.904665946960449219e-01 -5.281674116849899292e-02 2.511674165725708008e-01 -9.794608354568481445e-01 -4.650286138057708740e-01 -7.219200730323791504e-01 -2.128600329160690308e-02 -1.193641781806945801e+00 6.794921755790710449e-01 8.279476165771484375e-01 1.012829780578613281e+00 1.598978340625762939e-01 -9.778229594230651855e-01 -8.061167597770690918e-01 8.869053721427917480e-01 -8.044579625129699707e-01
-9.792693853378295898e-01 -5.830746293067932129e-01 2.128963321447372437e-01 -7.117980718612670898e-01 -2.323448419570922852e+00 1.067031860351562500e+00 -5.662426948547363281e-01 1.638862490653991699e-01 5.609877705574035645e-01 -7.845164537429809570e-01 -9.837085008621215820e-02 2.850200891494750977e+00 -9.008684009313583374e-02 6.625737547874450684e-01 -9.077811986207962036e-02 -1.311065196990966797e+00 -9.369466304779052734e-01 1.014632701873779297e+00 3.416676759719848633e+00 6.761059761047363281e-01 1.853777468204498291e-01 -1.504155099391937256e-01 -3.467487692832946777e-01 -4.850943684577941895e-01 -2.733290791511535645e-01 -2.745378911495208740e-01 -3.621443808078765869e-01 1.723412036895751953e+00 8.728358149528503418e-01 4.559715986251831055e-01 -5.046522617340087891e-01 2.478934824466705322e-02 1.151032209396362305e+00 -5.255274176597595215e-01 -9.324322342872619629e-01 2.897488176822662354e-01 -4.153367877006530762e-01 -9.516357183456420898e-01 2.552117347717285156e+00 -7.813987731933593750e-01 -5.189722776412963867e-01 1.605992674827575684e+00 -9.966534972190856934e-01 -3.337371349334716797e-01 5.870552062988281250e-01 -3.856736123561859131e-01 6.533383131027221680e-01 8.017966896295547485e-02 -8.500237762928009033e-02 -1.613254547119140625e-01 -5.842489600181579590e-01 -5.754468441009521484e-01 -4.815157353878021240e-01 -3.884389996528625488e-01 1.826576441526412964e-01 -1.189140558242797852e+00 4.431581497192382812e-01 1.370627641677856445e+00 2.944843471050262451e-01 -4.960155785083770752e-01 -5.478284358978271484e-01 -6.318130493164062500e-01 8.286141157150268555e-01 -6.835550069808959961e-01
-9.101045131683349609e-01 -1.015802264213562012e+00 3.725738227367401123e-01 -2.984807640314102173e-02 -2.756448745727539062e+00 6.118981838226318359e-01 2.125828415155410767e-01 -3.792436420917510986e-02 9.087516665458679199e-01 -9.195442199707031250e-01 -1.071926206350326538e-01 2.476906538009643555e+00 -2.063303887844085693e-01 1.187502503395080566e+00 -2.958806455135345459e-01 -1.377892971038818359e+00 -1.113340735435485840e+00 5.535193681716918945e-01 2.606626987457275391e+00 7.857385873794555664e-01 4.265986755490303040e-02 -2.415171861648559570e-01 -5.391578078269958496e-01 -4.238633215427398682e-01 -5.986898541450500488e-01 -3.207065761089324951e-01 -4.259905219078063965e-01 1.349129438400268555e+00 1.532342076301574707e+00 6.892054677009582520e-01 -6.247112751007080078e-01 2.780814468860626221e-01 1.735400676727294922e+00 -4.331471920013427734e-01 -1.012171745300292969e+00 1.734759509563446045e-01 -7.002790570259094238e-01 -1.001323938369750977e+00 1.843250751495361328e+00 -1.014820814132690430e+00 -4.768900275230407715e-01 1.825345516204833984e+00 -8.224962353706359863e-01 3.050330579280853271e-01 6.978946924209594727e-01 -5.071390867233276367e-01 8.212874531745910645e-01 3.510676026344299316e-01 3.075171113014221191e-01 -4.836200550198554993e-02 1.170044615864753723e-01 -8.680718541145324707e-01 -4.291533231735229492e-01 -7.008006572723388672e-01 8.148489519953727722e-03 -1.090031147003173828e+00 8.008710741996765137e-01 7.362067699432373047e-01 9.836711883544921875e-01 1.184203475713729858e-01 -8.418119549751281738e-01 -8.469731807708740234e-01 8.490348458290100098e-01 -6.980863809585571289e-01
-7.463979125022888184e-01 -1.287255167961120605e+00 5.687932372093200684e-01 6.427490115165710449e-01 -2.826254844665527344e+00 1.164404824376106262e-01 1.055324912071228027e+00 -3.735020458698272705e-01 1.199988722801208496e+00 -8.237919807434082031e-01 -3.907252550125122070e-01 1.511886358261108398e+00 -3.101864755153656006e-01 1.615869641304016113e+00 -6.408607363700866699e-01 -9.437427520751953125e-01 -1.049303054809570312e+00 -1.399140357971191406e-01 1.494819164276123047e+00 8.706202507019042969e-01 5.319512635469436646e-02 -3.897370696067810059e-01 -6.442973613739013672e-01 -3.313915133476257324e-01 -8.381409645080566406e-01 -4.080771207809448242e-01 -4.985489845275878906e-01 6.705754399299621582e-01 2.208339691162109375e+00 5.473151206970214844e-01 -5.650714039802551270e-01 5.515255331993103027e-01 1.997492671012878418e+00 -2.754010260105133057e-01 -5.455940961837768555e-01 -1.558171510696411133e-01 -1.087662577629089355e+00 -9.001998901367187500e-01 7.229478955268859863e-01 -1.130398631095886230e+00 -4.965416789054870605e-01 2.207205533981323242e+00 -4.771473109722137451e-01 6.971815228462219238e-01 1.007033705711364746e+00 -4.103373885154724121e-01 9.225891828536987305e-01 8.160580992698669434e-01 5.972543954849243164e-01 -2.186396420001983643e-01 6.643139123916625977e-01 -1.191753864288330078e+00 -2.337635308504104614e-01 -8.226920366287231445e-01 -1.249208450317382812e-01 -9.556613564491271973e-01 7.010708451271057129e-01 1.536907255649566650e-01 1.580718636512756348e+00 6.793435811996459961e-01 -8.548086881637573242e-01 -8.423742651939392090e-01 8.606344461441040039e-01 -7.341420054435729980e-01
-8.528760671615600586e-01 -1.055257916450500488e+00 2.634602189064025879e-01 9.992391616106033325e-02 -2.806763648986816406e+00 5.355935692787170410e-01 5.482094883918762207e-01 -1.288383454084396362e-01 8.393289446830749512e-01 -8.598669767379760742e-01 -1.998579651117324829e-01 2.543430566787719727e+00 -2.024953961372375488e-01 1.228664636611938477e+00 -4.413185417652130127e-01 -1.260319352149963379e+00 -1.158989071846008301e+00 3.453516066074371338e-01 2.435568809509277344e+00 7.639775276184082031e-01 8.092328906059265137e-03 -2.243656218051910400e-01 -5.103336572647094727e-01 -3.215954005718231201e-01 -7.357239723205566406e-01 -3.910878598690032959e-01 -4.546445608139038086e-01 1.151959538459777832e+00 1.597589492797851562e+00 8.195967078208923340e-01 -6.541944146156311035e-01 5.916801095008850098e-01 1.904126763343811035e+00 -3.941179811954498291e-01 -8.996116518974304199e-01 9.254936873912811279e-02 -7.620518803596496582e-01 -1.022700309753417969e+00 1.608290076255798340e+00 -1.110662698745727539e+00 -3.333409726619720459e-01 1.726015210151672363e+00 -8.468894958496093750e-01 3.852427005767822266e-01 6.470811367034912109e-01 -3.770657777786254883e-01 7.428404092788696289e-01 4.285231530666351318e-01 5.209851861000061035e-01 -2.404258819296956062e-03 3.405380547046661377e-01 -1.010627388954162598e+00 -3.689885735511779785e-01 -7.708089351654052734e-01 -2.363798767328262329e-02 -1.051913142204284668e+00 8.341645598411560059e-01 4.794704616069793701e-01 1.266676664352416992e+00 2.502738535404205322e-01 -8.660668730735778809e-01 -8.319392800331115723e-01 6.491692066192626953e-01 -8.016667366027832031e-01
-5.191424489021301270e-01 -1.590509414672851562e+00 5.048795938491821289e-01 1.049507856369018555e+00 -2.546031713485717773e+00 -8.564287424087524414e-02 1.515302658081054688e+00 -5.838441252708435059e-01 8.246416449546813965e-01 -1.025328755378723145e+00 -1.414345502853393555e-01 1.773060321807861328e+00 -2.366245537996292114e-01 1.430788040161132812e+00 -7.241503596305847168e-01 -9.469504356384277344e-01 -1.052930235862731934e+00 -4.011067748069763184e-01 9.755631685256958008e-01 6.367203593254089355e-01 -2.047396153211593628e-01 -1.009481623768806458e-01 -6.742099523544311523e-01 -1.617000699043273926e-01 -9.682630896568298340e-01 -4.394359588623046875e-01 -3.605068325996398926e-01 3.292254507541656494e-01 1.851999878883361816e+00 1.210087418556213379e+00 -7.519879937171936035e-01 1.084161639213562012e+00 1.970203399658203125e+00 -2.766881287097930908e-01 -9.017674922943115234e-01 -2.174514979124069214e-01 -1.059162378311157227e+00 -8.518176674842834473e-01 3.446891903877258301e-01 -1.129789590835571289e+00 -3.362986445426940918e-01 1.544032216072082520e+00 -2.939669489860534668e-01 8.194880485534667969e-01 6.470748782157897949e-01 -2.226786911487579346e-01 9.292678833007812500e-01 6.373535990715026855e-01 9.733057618141174316e-01 -7.443499285727739334e-03 1.301319003105163574e+00 -1.210470676422119141e+00 -3.485660627484321594e-02 -8.655712008476257324e-01 -2.849182784557342529e-01 -5.149279832839965820e-01 8.250209689140319824e-01 -3.581399321556091309e-01 2.183634757995605469e+00 1.122531533241271973e+00 -8.808559179306030273e-01 -7.182809114456176758e-01 7.998009026050567627e-02 -8.195160627365112305e-01
-7.202383279800415039e-01 -1.417063713073730469e+00 4.946976006031036377e-01 6.870196461677551270e-01 -2.776634216308593750e+00 2.318643033504486084e-01 1.096768736839294434e+00 -2.650332450866699219e-01 1.089286208152770996e+00 -8.867883682250976562e-01 -1.545988321304321289e-01 1.861651778221130371e+00 -3.167226016521453857e-01 1.538125514984130859e+00 -5.559914112091064453e-01 -1.097282409667968750e+00 -1.052075624465942383e+00 -1.191339418292045593e-01 1.668851375579833984e+00 8.414956331253051758e-01 -5.696899443864822388e-02 -2.664818465709686279e-01 -7.064393162727355957e-01 -2.925843000411987305e-01 -8.928101062774658203e-01 -4.397477805614471436e-01 -3.999578654766082764e-01 6.840284466743469238e-01 1.962723016738891602e+00 8.195242881774902344e-01 -7.687575221061706543e-01 6.689763069152832031e-01 2.082749128341674805e+00 -3.135977983474731445e-01 -8.690462708473205566e-01 -8.350114524364471436e-02 -1.018461227416992188e+00 -8.800266981124877930e-01 8.065961599349975586e-01 -1.157157063484191895e+00 -3.236299455165863037e-01 1.865621924400329590e+00 -5.513292551040649414e-01 7.434037327766418457e-01 7.882819175720214844e-01 -3.615114390850067139e-01 7.657886743545532227e-01 6.485081315040588379e-01 6.614663004875183105e-01 -6.462813913822174072e-02 7.632240056991577148e-01 -1.155142426490783691e+00 -2.645611464977264404e-01 -8.034719824790954590e-01 -1.961308568716049194e-01 -7.154083847999572754e-01 8.809405565261840820e-01 -8.708096109330654144e-03 1.628816843032836914e+00 7.973373532295227051e-01 -9.729519486427307129e-01 -8.566193580627441406e-01 5.585787296295166016e-01 -7.834057807922363281e-01
-7.633586525917053223e-01 -1.245718717575073242e+00 2.538358271121978760e-01 -2.557010948657989502e-01 -2.511501073837280273e+00 6.716027259826660156e-01 7.970533519983291626e-02 -1.437920331954956055e-01 5.771757364273071289e-01 -7.932569384574890137e-01 -1.428296882659196854e-02 2.931334018707275391e+00 -4.510777816176414490e-02 8.153285980224609375e-01 -4.102188944816589355e-01 -1.202122688293457031e+00 -1.125399708747863770e+00 4.784945249557495117e-01 2.890320539474487305e+00 9.377674460411071777e-01 -4.039277136325836182e-02 -8.497828990221023560e-02 -5.373293161392211914e-01 -7.082369178533554077e-02 -6.835030317306518555e-01 -3.247608542442321777e-01 -3.398913443088531494e-01 1.330946087837219238e+00 1.311066269874572754e+00 1.178215265274047852e+00 -8.572156429290771484e-01 5.729495882987976074e-01 1.565721273422241211e+00 -5.585835576057434082e-01 -9.120410680770874023e-01 1.730898022651672363e-01 -8.120286464691162109e-01 -1.105777978897094727e+00 1.979793667793273926e+00 -1.034151911735534668e+00 -4.453938007354736328e-01 1.553692221641540527e+00 -8.243047595024108887e-01 3.505792915821075439e-01 3.570550978183746338e-01 -3.724394440650939941e-01 6.237657070159912109e-01 2.297854125499725342e-01 4.020344316959381104e-01 7.536347955465316772e-02 1.707577109336853027e-01 -7.658510804176330566e-01 -2.440246641635894775e-01 -6.760407090187072754e-01 -1.049819514155387878e-01 -9.520378112792968750e-01 7.409079074859619141e-01 6.188973784446716309e-01 1.223460555076599121e+00 4.300658032298088074e-02 -9.657050967216491699e-01 -7.819657325744628906e-01 4.942283630371093750e-01 -8.141907453536987305e-01
-9.460015892982482910e-01 -1.070035219192504883e+00 2.850865721702575684e-01 -2.036601454019546509e-01 -2.608283281326293945e+00 8.217618465423583984e-01 1.625289916992187500e-01 -1.109900847077369690e-01 6.382390856742858887e-01 -9.296688437461853027e-01 -1.766782999038696289e-01 2.900056123733520508e+00 -9.970121830701828003e-02 9.723431468009948730e-01 -3.548683226108551025e-01 -1.378598213195800781e+00 -1.086066961288452148e+00 5.898212194442749023e-01 2.872628927230834961e+00 7.405545115470886230e-01 -1.160485297441482544e-01 -2.530024945735931396e-01 -5.411474704742431641e-01 -2.967058122158050537e-01 -7.098948359489440918e-01 -2.922917604446411133e-01 -4.399241507053375244e-01 1.260891914367675781e+00 1.343379020690917969e+00 9.694071412086486816e-01 -6.588791012763977051e-01 5.434601306915283203e-01 1.548851609230041504e+00 -3.211421668529510498e-01 -1.014278650283813477e+00 2.746472358703613281e-01 -7.704339027404785156e-01 -9.762178659439086914e-01 2.014854669570922852e+00 -9.613786935806274414e-01 -3.344320356845855713e-01 1.531847953796386719e+00 -7.904793024063110352e-01 2.241055518388748169e-01 5.030227303504943848e-01 -3.920489251613616943e-01 7.534115910530090332e-01 1.411383748054504395e-01 4.028893411159515381e-01 7.306117564439773560e-02 2.114206403493881226e-01 -8.778067231178283691e-01 -3.775121569633483887e-01 -7.103502154350280762e-01 1.088263746351003647e-02 -9.758582115173339844e-01 7.619134783744812012e-01 7.246448993682861328e-01 1.058847784996032715e+00 6.059506908059120178e-02 -7.784687876701354980e-01 -7.933334112167358398e-01 5.630520582199096680e-01 -7.814673781394958496e-01
-7.251389026641845703e-01 -9.760825634002685547e-01 4.960867464542388916e-01 -1.258221417665481567e-01 -2.705710172653198242e+00 7.015593647956848145e-01 -1.487376987934112549e-01 5.262105166912078857e-02 7.333760261535644531e-01 -7.893688082695007324e-01 -5.905941128730773926e-02 2.587481975555419922e+00 -1.570478379726409912e-01 1.266765475273132324e+00 -4.411144852638244629e-01 -1.079837322235107422e+00 -1.093140006065368652e+00 6.370505690574645996e-01 2.760554075241088867e+00 7.658788561820983887e-01 1.283935010433197021e-01 -1.530955582857131958e-01 -4.686858057975769043e-01 -5.956544280052185059e-01 -5.827807784080505371e-01 -2.423113435506820679e-01 -3.779972195625305176e-01 1.573189973831176758e+00 1.291975259780883789e+00 5.103260874748229980e-01 -5.906779170036315918e-01 2.903678417205810547e-01 1.524151444435119629e+00 -7.068719267845153809e-01 -1.020835518836975098e+00 6.209469959139823914e-02 -6.273965239524841309e-01 -9.389041066169738770e-01 2.132592678070068359e+00 -9.711925387382507324e-01 -5.746149420738220215e-01 1.951490402221679688e+00 -8.816701173782348633e-01 1.180242970585823059e-01 7.671731710433959961e-01 -5.925425291061401367e-01 8.370583653450012207e-01 2.549267709255218506e-01 9.744256734848022461e-02 -9.393330663442611694e-02 -2.116948179900646210e-02 -9.568055272102355957e-01 -3.836854696273803711e-01 -7.053880095481872559e-01 1.106800436973571777e-01 -1.155997276306152344e+00 6.856995820999145508e-01 8.778157830238342285e-01 7.697150707244873047e-01 1.204459890723228455e-01 -8.459373712539672852e-01 -7.860008478164672852e-01 7.416517138481140137e-01 -5.380219221115112305e-01
-8.921120762825012207e-01 -1.324842453002929688e+00 5.738958120346069336e-01 8.469261527061462402e-01 -2.700599670410156250e+00 2.526272237300872803e-01 1.300229787826538086e+00 -4.701903462409973145e-01 9.900243282318115234e-01 -8.999506235122680664e-01 -3.437731266021728516e-01 1.826407313346862793e+00 -2.820935547351837158e-01 1.499955296516418457e+00 -7.973383665084838867e-01 -1.028327822685241699e+00 -1.100259065628051758e+00 -1.189220249652862549e-01 1.418549299240112305e+00 6.715391874313354492e-01 -4.826438613235950470e-03 -2.720182240009307861e-01 -6.332361698150634766e-01 -2.645257413387298584e-01 -8.440668582916259766e-01 -3.868225514888763428e-01 -5.697010755538940430e-01 5.894764661788940430e-01 1.932227015495300293e+00 9.626283049583435059e-01 -6.385176777839660645e-01 8.986305594444274902e-01 2.016170501708984375e+00 -7.948436774313449860e-03 -7.779331803321838379e-01 -1.693571954965591431e-01 -1.110120534896850586e+00 -1.005943298339843750e+00 5.532038807868957520e-01 -1.155804872512817383e+00 -4.061042666435241699e-01 1.791277170181274414e+00 -4.637795090675354004e-01 5.858226418495178223e-01 8.333626389503479004e-01 -3.112595975399017334e-01 7.713427543640136719e-01 5.839806199073791504e-01 8.731764554977416992e-01 -1.397987455129623413e-01 1.067617416381835938e+00 -1.108768701553344727e+00 -1.304967105388641357e-01 -9.058355689048767090e-01 -1.425399035215377808e-01 -6.798660159111022949e-01 8.184493780136108398e-01 -7.390043232589960098e-03 1.788721799850463867e+00 8.608528375625610352e-01 -9.116414189338684082e-01 -7.910520434379577637e-01 5.259824991226196289e-01 -9.054336547851562500e-01
-1.006506085395812988e+00 -8.240006566047668457e-01 2.823032736778259277e-01 -2.106014639139175415e-01 -2.518454790115356445e+00 9.204697012901306152e-01 -9.206849336624145508e-02 1.238444000482559204e-01 7.164647579193115234e-01 -7.629873156547546387e-01 -1.405629068613052368e-01 2.642222881317138672e+00 -9.037572145462036133e-02 1.016084432601928711e+00 -4.291094243526458740e-01 -1.263912916183471680e+00 -1.017080187797546387e+00 7.144078016281127930e-01 3.144674777984619141e+00 7.970702648162841797e-01 4.058483242988586426e-02 -1.844857633113861084e-01 -5.861086845397949219e-01 -5.376619696617126465e-01 -5.125567317008972168e-01 -1.911462247371673584e-01 -3.546820580959320068e-01 1.499924302101135254e+00 1.122723460197448730e+00 4.627145230770111084e-01 -6.827576756477355957e-01 3.537130355834960938e-01 1.496458649635314941e+00 -6.250519156455993652e-01 -8.745600581169128418e-01 1.926058530807495117e-01 -5.119201540946960449e-01 -1.110578775405883789e+00 2.159117460250854492e+00 -7.282828688621520996e-01 -5.131163001060485840e-01 1.779608964920043945e+00 -1.004032611846923828e+00 3.685884550213813782e-02 8.181058764457702637e-01 -4.263581037521362305e-01 6.350734829902648926e-01 3.517868816852569580e-01 1.599863320589065552e-01 -5.179514363408088684e-02 -2.935376465320587158e-01 -7.854728698730468750e-01 -5.154143571853637695e-01 -5.094763636589050293e-01 -9.230596572160720825e-02 -1.167921423912048340e+00 6.574214696884155273e-01 1.107632398605346680e+00 7.389106154441833496e-01 -1.005410477519035339e-01 -8.568861484527587891e-01 -5.894448757171630859e-01 7.527403235435485840e-01 -8.185205459594726562e-01
-6.913505792617797852e-01 -1.286783814430236816e+00 4.266827702522277832e-01 4.364961683750152588e-01 -2.819100618362426758e+00 4.393756091594696045e-01 8.666070699691772461e-01 -1.835403889417648315e-01 8.801769614219665527e-01 -1.038333654403686523e+00 -9.576432406902313232e-02 2.376699686050415039e+00 -1.529186367988586426e-01 1.322119593620300293e+00 -5.067313313484191895e-01 -1.349491953849792480e+00 -1.088063478469848633e+00 1.663117557764053345e-01 1.997279763221740723e+00 6.420714855194091797e-01 -2.456280961632728577e-02 -1.715214103460311890e-01 -6.437113285064697266e-01 -3.704158961772918701e-01 -8.070146441459655762e-01 -3.494235277175903320e-01 -5.110652446746826172e-01 8.930550813674926758e-01 1.738615512847900391e+00 9.458016157150268555e-01 -6.745528578758239746e-01 7.098363637924194336e-01 1.807727098464965820e+00 -3.555566072463989258e-01 -1.072148203849792480e+00 -5.652507394552230835e-02 -8.200632929801940918e-01 -9.038029313087463379e-01 1.172023057937622070e+00 -1.091623902320861816e+00 -3.959966599941253662e-01 1.756871104240417480e+00 -6.621572375297546387e-01 5.303063392639160156e-01 7.473000884056091309e-01 -4.281385242938995361e-01 9.359578490257263184e-01 4.673957228660583496e-01 8.319825530052185059e-01 -3.430845960974693298e-02 7.287765145301818848e-01 -1.079653024673461914e+00 -2.889505922794342041e-01 -9.067206978797912598e-01 -2.399271279573440552e-01 -9.538215398788452148e-01 8.301139473915100098e-01 2.800502181053161621e-01 1.515627026557922363e+00 4.891029000282287598e-01 -8.330144286155700684e-01 -7.462224960327148438e-01 4.904276728630065918e-01 -7.587234377861022949e-01
-9.393346905708312988e-01 -7.617640495300292969e-01 3.258798122406005859e-01 -3.984382450580596924e-01 -2.470340728759765625e+00 8.543339967727661133e-01 -2.725165784358978271e-01 1.048664823174476624e-01 6.853927373886108398e-01 -7.662983536720275879e-01 -1.766466200351715088e-01 2.751166343688964844e+00 -7.045382261276245117e-02 8.770633935928344727e-01 -3.135400116443634033e-01 -1.263500213623046875e+00 -1.134410262107849121e+00 8.335254192352294922e-01 3.227389574050903320e+00 8.472662568092346191e-01 1.294978260993957520e-01 -1.430457532405853271e-01 -3.993145823478698730e-01 -4.649739563465118408e-01 -4.056121408939361572e-01 -1.502818167209625244e-01 -3.621158897876739502e-01 1.673921227455139160e+00 1.099650979042053223e+00 3.947920203208923340e-01 -7.064228653907775879e-01 5.978424102067947388e-02 1.404536962509155273e+00 -5.698286890983581543e-01 -9.420074224472045898e-01 2.730420529842376709e-01 -5.029688477516174316e-01 -9.605988264083862305e-01 2.227896690368652344e+00 -8.105791807174682617e-01 -5.072139501571655273e-01 1.608503222465515137e+00 -1.066783785820007324e+00 3.433584049344062805e-02 6.336435079574584961e-01 -4.903413653373718262e-01 7.279108762741088867e-01 2.144439220428466797e-01 6.607695668935775757e-02 3.204505890607833862e-02 -4.629755616188049316e-01 -7.746703624725341797e-01 -4.598976075649261475e-01 -5.560141801834106445e-01 7.885429263114929199e-02 -1.159622073173522949e+00 6.423372626304626465e-01 1.222809195518493652e+00 5.285182595252990723e-01 -2.300893962383270264e-01 -7.765712738037109375e-01 -7.596701979637145996e-01 8.714315295219421387e-01 -6.292961835861206055e-01
-9.571751952171325684e-01 -6.593393087387084961e-01 6.237700581550598145e-01 -6.595425605773925781e-01 -2.392028331756591797e+00 1.030215740203857422e+00 -5.290094614028930664e-01 3.149268031120300293e-01 5.777993202209472656e-01 -6.550694108009338379e-01 -8.950433135032653809e-02 2.551359415054321289e+00 -8.639206737279891968e-02 8.080328702926635742e-01 -1.460817605257034302e-01 -1.259787917137145996e+00 -1.027092099189758301e+00 8.983377814292907715e-01 3.295825004577636719e+00 7.774220705032348633e-01 1.082193329930305481e-01 -1.637674570083618164e-01 -5.826570987701416016e-01 -6.036008000373840332e-01 -2.307172715663909912e-01 -7.726199924945831299e-02 -3.874392211437225342e-01 1.859280586242675781e+00 9.430550336837768555e-01 2.343134731054306030e-01 -4.901263713836669922e-01 -2.353203743696212769e-01 9.795996546745300293e-01 -6.108891367912292480e-01 -9.721975326538085938e-01 2.601147592067718506e-01 -4.289865195751190186e-01 -8.974657654762268066e-01 2.437370777130126953e+00 -7.504981160163879395e-01 -5.073462128639221191e-01 1.838726878166198730e+00 -9.892177581787109375e-01 -3.008351325988769531e-01 7.117546200752258301e-01 -5.200480222702026367e-01 8.260378837585449219e-01 2.215979397296905518e-01 -9.635803848505020142e-02 -1.643194407224655151e-01 -5.178134441375732422e-01 -5.544711947441101074e-01 -5.953196287155151367e-01 -3.889344632625579834e-01 -1.274177432060241699e-02 -1.214573621749877930e+00 4.652880728244781494e-01 1.511272311210632324e+00 1.426236778497695923e-01 -3.401573002338409424e-01 -6.297402381896972656e-01 -6.471422314643859863e-01 9.488371014595031738e-01 -5.498294830322265625e-01
-1.007758975028991699e+00 -7.779095172882080078e-01 4.553459882736206055e-01 -5.267782211303710938e-01 -2.611469030380249023e+00 9.700656533241271973e-01 -2.822398543357849121e-01 6.765096914023160934e-03 6.740040183067321777e-01 -8.091882467269897461e-01 -2.552251517772674561e-01 2.783687353134155273e+00 1.063027083873748779e-01 6.984570026397705078e-01 -3.140615522861480713e-01 -1.213258147239685059e+00 -1.109668970108032227e+00 9.147977828979492188e-01 3.231736183166503906e+00 7.557846903800964355e-01 1.192853599786758423e-01 -2.008225470781326294e-01 -4.429275691509246826e-01 -5.435963869094848633e-01 -3.474321067333221436e-01 -2.432939559221267700e-01 -4.317769706249237061e-01 1.648448109626770020e+00 1.132244825363159180e+00 4.581372737884521484e-01 -4.956604242324829102e-01 2.095874845981597900e-01 1.140866398811340332e+00 -4.008896052837371826e-01 -9.079661369323730469e-01 2.627922594547271729e-01 -6.341772079467773438e-01 -8.805533647537231445e-01 2.252163171768188477e+00 -7.720383405685424805e-01 -3.908609747886657715e-01 1.653657674789428711e+00 -9.795230031013488770e-01 -1.962528824806213379e-01 6.814954876899719238e-01 -4.041755497455596924e-01 8.664381504058837891e-01 1.297736614942550659e-01 1.627273857593536377e-01 -3.998712450265884399e-02 -3.992473185062408447e-01 -7.490257024765014648e-01 -3.855339586734771729e-01 -4.200989603996276855e-01 5.429316684603691101e-02 -1.303992033004760742e+00 4.810274541378021240e-01 1.262387990951538086e+00 5.165070891380310059e-01 -2.676391899585723877e-01 -6.006230711936950684e-01 -7.104738950729370117e-01 7.477523088455200195e-01 -7.634164094924926758e-01
