-8.059937953948974609e-01 -9.874916672706604004e-01 -7.821584003977477551e-04 3.312255069613456726e-02 -2.482853651046752930e+00 9.498539566993713379e-01 5.020570158958435059e-01 1.884082108736038208e-01 6.614149212837219238e-01 -7.882980704307556152e-01 -6.935247033834457397e-02 2.473240613937377930e+00 -5.945480242371559143e-02 9.644280076026916504e-01 -5.243611335754394531e-01 -1.429345846176147461e+00 -4.791651964187622070e-01 1.497442126274108887e-01 2.576800346374511719e+00 6.027221679687500000e-01 -5.952195078134536743e-02 -3.727618157863616943e-01 -8.667231202125549316e-01 -9.104108810424804688e-01 -1.083502292633056641e+00 -2.801846563816070557e-01 -4.955126941204071045e-01 5.661804080009460449e-01 1.806942701339721680e+00 1.056380510330200195e+00 -7.071887254714965820e-01 1.234768867492675781e+00 1.470112919807434082e+00 -3.509694933891296387e-01 -1.088525414466857910e+00 3.182822093367576599e-02 -2.914851307868957520e-01 -1.485847830772399902e+00 1.767869353294372559e+00 -3.734502792358398438e-01 -1.408154517412185669e-01 1.698300123214721680e+00 -8.731859922409057617e-01 1.060891747474670410e-01 5.522948503494262695e-01 -5.052392482757568359e-01 4.108462333679199219e-01 4.163663089275360107e-01 8.569431304931640625e-01 1.011526435613632202e-01 7.256587743759155273e-01 -7.024812102317810059e-01 -8.074913024902343750e-01 -5.964245796203613281e-01 -6.500959992408752441e-01 -1.018677473068237305e+00 7.969478368759155273e-01 5.586804747581481934e-01 1.340696811676025391e+00 5.241212844848632812e-01 -1.052543759346008301e+00 -1.883113943040370941e-02 2.763009071350097656e-01 -9.982568621635437012e-01
-8.995761871337890625e-01 -1.149108886718750000e+00 1.978211551904678345e-01 3.241858184337615967e-01 -2.655519485473632812e+00 5.082875490188598633e-01 8.443264961242675781e-01 -1.092865765094757080e-01 1.038235187530517578e+00 -8.463892936706542969e-01 -1.521207690238952637e-01 2.056916236877441406e+00 -1.336723715066909790e-01 1.252055406570434570e+00 -6.804416775703430176e-01 -1.248421549797058105e+00 -9.633786082267761230e-01 -7.133786380290985107e-02 2.216740846633911133e+00 7.927115559577941895e-01 2.366553060710430145e-02 -2.178095430135726929e-01 -6.381940245628356934e-01 -5.026075839996337891e-01 -7.284097075462341309e-01 -3.733284175395965576e-01 -4.310510158538818359e-01 7.443306446075439453e-01 2.126188516616821289e+00 7.897125482559204102e-01 -6.786796450614929199e-01 7.954431176185607910e-01 1.821247816085815430e+00 -3.567404747009277344e-01 -8.031072020530700684e-01 -6.199507415294647217e-02 -6.079908609390258789e-01 -1.486480355262756348e+00 1.416256546974182129e+00 -6.546620726585388184e-01 -3.385467231273651123e-01 1.868018865585327148e+00 -6.385673880577087402e-01 1.900706440210342407e-01 6.367951631546020508e-01 -4.823512136936187744e-01 7.821815609931945801e-01 6.045379042625427246e-01 9.283972978591918945e-01 -2.344486303627490997e-02 6.364095211029052734e-01 -7.465782165527343750e-01 -6.530243754386901855e-01 -5.490934252738952637e-01 -3.661641180515289307e-01 -1.299515485763549805e+00 6.296002864837646484e-01 3.287414312362670898e-01 1.602744579315185547e+00 4.812699854373931885e-01 -1.005683779716491699e+00 -5.789810419082641602e-01 5.330124497413635254e-01 -9.830018281936645508e-01
-9.162170886993408203e-01 -9.134932160377502441e-01 1.455637663602828979e-01 -1.488258689641952515e-02 -2.233286142349243164e+00 1.138936877250671387e+00 3.079087436199188232e-01 1.457870155572891235e-01 6.324586868286132812e-01 -7.942829132080078125e-01 -1.831738203763961792e-01 2.824687480926513672e+00 -1.404832899570465088e-01 8.020016551017761230e-01 -4.483056962490081787e-01 -1.335477113723754883e+00 -9.472354650497436523e-01 3.319148123264312744e-01 2.760987281799316406e+00 7.353288531303405762e-01 -8.672723174095153809e-02 -1.868974268436431885e-01 -7.172304987907409668e-01 -5.578957200050354004e-01 -8.538955450057983398e-01 -3.534038662910461426e-01 -1.732696741819381714e-01 6.993124485015869141e-01 1.673560023307800293e+00 9.276760816574096680e-01 -7.735006213188171387e-01 1.075851082801818848e+00 1.429537057876586914e+00 -3.955955207347869873e-01 -8.983582258224487305e-01 1.266254782676696777e-01 -4.347125291824340820e-01 -1.596796631813049316e+00 2.072982311248779297e+00 -3.834728300571441650e-01 -2.282941192388534546e-01 1.642846226692199707e+00 -9.570652246475219727e-01 -7.884070277214050293e-02 3.300433456897735596e-01 -4.895269870758056641e-01 6.228551268577575684e-01 3.716715276241302490e-01 9.370378255844116211e-01 -1.092366781085729599e-02 3.504565060138702393e-01 -5.465335845947265625e-01 -8.754289746284484863e-01 -3.034951686859130859e-01 -4.844160377979278564e-01 -1.266103863716125488e+00 6.361773610115051270e-01 5.226014256477355957e-01 1.194239854812622070e+00 1.903711408376693726e-01 -9.558685421943664551e-01 -2.332940250635147095e-01 2.898992300033569336e-01 -1.174297690391540527e+00
-8.394289612770080566e-01 -5.581411719322204590e-01 1.260263770818710327e-01 -6.957769393920898438e-01 -2.002622604370117188e+00 1.199762940406799316e+00 -3.576044738292694092e-01 4.971024990081787109e-01 3.868562281131744385e-01 -5.369065403938293457e-01 -1.906356662511825562e-01 2.981983423233032227e+00 -6.006120890378952026e-02 4.736465811729431152e-01 -2.170518189668655396e-01 -1.326379060745239258e+00 -6.695287227630615234e-01 6.952439546585083008e-01 3.509113073348999023e+00 8.434579968452453613e-01 1.891099661588668823e-02 -1.684285998344421387e-01 -5.502156019210815430e-01 -4.633261263370513916e-01 -5.980601310729980469e-01 -3.989986777305603027e-01 -3.665504455566406250e-01 1.229928255081176758e+00 1.373497962951660156e+00 4.268640875816345215e-01 -5.951521992683410645e-01 5.132216215133666992e-01 1.006576061248779297e+00 -6.404135227203369141e-01 -8.430480957031250000e-01 2.514803111553192139e-01 -1.661157906055450439e-01 -1.363155007362365723e+00 2.594762802124023438e+00 -3.381145000457763672e-01 -3.661668598651885986e-01 1.565463662147521973e+00 -1.174188256263732910e+00 -5.361916422843933105e-01 2.169938087463378906e-01 -4.476546049118041992e-01 4.338774979114532471e-01 3.265615403652191162e-01 3.204069733619689941e-01 9.502810239791870117e-02 -3.805561065673828125e-01 -1.557965874671936035e-01 -8.081879615783691406e-01 -2.836378812789916992e-01 -4.392959475517272949e-01 -1.491062283515930176e+00 3.884113430976867676e-01 1.329799294471740723e+00 4.482559859752655029e-01 -4.379555881023406982e-01 -7.338712811470031738e-01 -2.536703348159790039e-01 5.283291935920715332e-01 -8.216893076896667480e-01
-7.760729193687438965e-01 -1.206215858459472656e+00 1.412129215896129608e-02 -3.985500037670135498e-01 -2.063902139663696289e+00 1.217306613922119141e+00 9.786397963762283325e-02 7.541485875844955444e-02 4.592863321304321289e-01 -6.010693311691284180e-01 -8.579161763191223145e-02 3.199133157730102539e+00 -6.767501682043075562e-02 2.699570655822753906e-01 -5.939289927482604980e-01 -1.140270948410034180e+00 -8.710063099861145020e-01 3.422046303749084473e-01 2.846868753433227539e+00 5.499426722526550293e-01 -6.782796233892440796e-02 -4.374431818723678589e-02 -7.132500410079956055e-01 -4.152038395404815674e-01 -9.808493256568908691e-01 -3.868290185928344727e-01 4.328234493732452393e-02 5.742289423942565918e-01 1.366500616073608398e+00 1.300163030624389648e+00 -7.961937785148620605e-01 1.448505640029907227e+00 1.112545013427734375e+00 -4.162333011627197266e-01 -7.564070224761962891e-01 2.684444785118103027e-01 -4.219421148300170898e-01 -1.683295726776123047e+00 2.128705263137817383e+00 -3.657293915748596191e-01 -9.519761055707931519e-02 1.366017699241638184e+00 -7.774097323417663574e-01 -3.281489312648773193e-01 -4.126385971903800964e-02 -2.655516266822814941e-01 4.674531519412994385e-01 1.697036772966384888e-01 1.026010990142822266e+00 2.349793352186679840e-02 6.225563883781433105e-01 -5.254231095314025879e-01 -8.781685233116149902e-01 -2.704390883445739746e-01 -3.643313050270080566e-01 -1.236017107963562012e+00 7.749089598655700684e-01 4.491060972213745117e-01 1.473274350166320801e+00 2.855613827705383301e-01 -8.645122647285461426e-01 -2.371125966310501099e-01 -2.836523652076721191e-01 -1.137777209281921387e+00
-7.856159806251525879e-01 -6.137467622756958008e-01 1.988351196050643921e-01 -7.417794466018676758e-01 -1.948411941528320312e+00 1.031546354293823242e+00 -5.783084630966186523e-01 5.147771835327148438e-01 4.185543656349182129e-01 -4.472681879997253418e-01 -2.116085439920425415e-01 2.844841480255126953e+00 -6.891336757689714432e-03 5.176991820335388184e-01 -6.575740128755569458e-02 -1.329659581184387207e+00 -6.481282711029052734e-01 8.454306721687316895e-01 3.573855161666870117e+00 9.246112704277038574e-01 -7.709180563688278198e-02 -1.404461413621902466e-01 -5.260840654373168945e-01 -4.189606010913848877e-01 -5.702744722366333008e-01 -3.145862519741058350e-01 -3.976341485977172852e-01 1.454630136489868164e+00 1.332949638366699219e+00 3.213055431842803955e-01 -5.995007157325744629e-01 2.841613888740539551e-01 8.397220969200134277e-01 -6.716199517250061035e-01 -8.872408866882324219e-01 3.379653692245483398e-01 -2.105091661214828491e-01 -1.220103144645690918e+00 2.657243251800537109e+00 -2.944439053535461426e-01 -4.265147149562835693e-01 1.606001019477844238e+00 -1.141550540924072266e+00 -4.555183947086334229e-01 2.192425429821014404e-01 -4.881832301616668701e-01 4.843909442424774170e-01 3.030287027359008789e-01 1.635244488716125488e-01 1.966408938169479370e-01 -6.396558284759521484e-01 -2.124322056770324707e-01 -7.691356539726257324e-01 -2.837494313716888428e-01 -4.458034336566925049e-01 -1.436902284622192383e+00 4.117676317691802979e-01 1.533620953559875488e+00 2.746769785881042480e-01 -5.255362391471862793e-01 -7.088441848754882812e-01 -4.707594215869903564e-01 5.572217702865600586e-01 -7.164688110351562500e-01
-9.784550666809082031e-01 -1.125742316246032715e+00 2.613344788551330566e-01 7.591730952262878418e-01 -2.590824365615844727e+00 5.971167683601379395e-01 9.182093739509582520e-01 2.200393937528133392e-03 1.347069740295410156e+00 -9.228689074516296387e-01 -1.904330104589462280e-01 1.699115037918090820e+00 -3.487276136875152588e-01 1.422363281250000000e+00 -5.125212669372558594e-01 -1.216103196144104004e+00 -6.694841384887695312e-01 -2.917252779006958008e-01 1.716819643974304199e+00 6.361392736434936523e-01 7.080986350774765015e-02 -4.418379664421081543e-01 -9.095450043678283691e-01 -9.484004974365234375e-01 -9.023264050483703613e-01 -4.097289443016052246e-01 -2.890914380550384521e-01 4.225328266620635986e-01 2.093803167343139648e+00 6.717262268066406250e-01 -6.819882392883300781e-01 8.213889002799987793e-01 1.833309769630432129e+00 -3.741599619388580322e-01 -9.585483074188232422e-01 -1.468274444341659546e-01 -4.904353022575378418e-01 -1.577034711837768555e+00 1.011240005493164062e+00 -4.190691411495208740e-01 -2.781674563884735107e-01 1.996235966682434082e+00 -5.690627694129943848e-01 4.423089325428009033e-01 1.041940212249755859e+00 -5.685446858406066895e-01 6.235871315002441406e-01 8.526440858840942383e-01 8.806356787681579590e-01 -1.884436793625354767e-02 7.688851952552795410e-01 -7.901896238327026367e-01 -7.821726799011230469e-01 -4.937451779842376709e-01 -3.868948817253112793e-01 -8.445053100585937500e-01 8.115178346633911133e-01 1.250705271959304810e-01 1.488183856010437012e+00 8.206934928894042969e-01 -1.270530939102172852e+00 -2.568921744823455811e-01 7.426466345787048340e-01 -1.064327239990234375e+00
-8.102491497993469238e-01 -1.173120021820068359e+00 -4.263994470238685608e-02 3.816463947296142578e-01 -2.392997503280639648e+00 7.184452414512634277e-01 7.379028797149658203e-01 -1.064539030194282532e-01 6.347331404685974121e-01 -9.527107477188110352e-01 -1.789370626211166382e-01 2.374663829803466797e+00 -1.622656136751174927e-01 1.236759662628173828e+00 -6.101338863372802734e-01 -1.345444083213806152e+00 -7.977757453918457031e-01 -5.585381016135215759e-02 2.194388389587402344e+00 7.554882168769836426e-01 -1.208690553903579712e-01 -2.824896872043609619e-01 -8.335448503494262695e-01 -5.397654771804809570e-01 -1.239918351173400879e+00 -4.495273828506469727e-01 -4.807478487491607666e-01 3.080902397632598877e-01 1.948393940925598145e+00 9.824818968772888184e-01 -7.127277255058288574e-01 1.372111916542053223e+00 1.644626379013061523e+00 -5.975976586341857910e-01 -8.565068244934082031e-01 -3.199410438537597656e-01 -5.788961052894592285e-01 -1.021557569503784180e+00 1.651880979537963867e+00 -6.336240768432617188e-01 -2.844872474670410156e-01 1.669962644577026367e+00 -6.762838363647460938e-01 3.843831717967987061e-01 4.722749590873718262e-01 -6.155353784561157227e-01 3.993847072124481201e-01 6.347521543502807617e-01 1.112806558609008789e+00 -6.296130269765853882e-02 9.847482442855834961e-01 -1.009122729301452637e+00 -5.198770761489868164e-01 -6.659937500953674316e-01 -7.768808603286743164e-01 -9.304435253143310547e-01 1.149033308029174805e+00 1.272871494293212891e-01 1.630280733108520508e+00 6.539091467857360840e-01 -6.805535554885864258e-01 1.687270775437355042e-02 2.295835912227630615e-01 -7.524702548980712891e-01
-6.515886783599853516e-01 -9.834245443344116211e-01 1.171675994992256165e-01 6.451172232627868652e-01 -2.596575498580932617e+00 4.985563158988952637e-01 1.018593907356262207e+00 -1.087804213166236877e-01 9.519771933555603027e-01 -8.546940088272094727e-01 -4.029389023780822754e-01 1.957552433013916016e+00 -5.127265453338623047e-01 1.302103757858276367e+00 -8.997821211814880371e-01 -1.312242150306701660e+00 -6.326958537101745605e-01 -1.489649415016174316e-01 1.914529442787170410e+00 7.096598744392395020e-01 -8.116392791271209717e-02 -5.285808444023132324e-01 -6.897019743919372559e-01 -6.177227497100830078e-01 -1.306370139122009277e+00 -3.679676949977874756e-01 -5.492236614227294922e-01 2.709794044494628906e-01 2.120631933212280273e+00 9.168777465820312500e-01 -5.513591766357421875e-01 1.381647109985351562e+00 1.664205789566040039e+00 -2.294903695583343506e-01 -7.185913324356079102e-01 -2.477055639028549194e-01 -7.045348286628723145e-01 -1.068229436874389648e+00 1.248090147972106934e+00 -7.286951541900634766e-01 -2.266865819692611694e-01 1.846276521682739258e+00 -5.935624241828918457e-01 4.423263370990753174e-01 6.039864420890808105e-01 -7.062604427337646484e-01 5.674163699150085449e-01 6.863774657249450684e-01 1.172940254211425781e+00 1.768240705132484436e-02 1.111450195312500000e+00 -9.645835161209106445e-01 -5.694911479949951172e-01 -8.212342262268066406e-01 -5.800751447677612305e-01 -9.140173792839050293e-01 9.794922471046447754e-01 2.010203301906585693e-01 1.649785757064819336e+00 7.621218562126159668e-01 -8.293483257293701172e-01 -3.497924804687500000e-01 2.995677888393402100e-01 -8.274109363555908203e-01
-6.962776184082031250e-01 -1.114405632019042969e+00 -5.164503678679466248e-02 3.391572833061218262e-01 -2.709214448928833008e+00 3.785057067871093750e-01 1.039169788360595703e+00 -8.846462517976760864e-02 7.861722111701965332e-01 -8.345142006874084473e-01 -1.419646739959716797e-01 2.429269313812255859e+00 -2.154041975736618042e-01 1.143570423126220703e+00 -5.933988094329833984e-01 -1.430933952331542969e+00 -8.235598206520080566e-01 9.458234161138534546e-02 1.997878551483154297e+00 5.775191783905029297e-01 -1.088989675045013428e-01 -2.459547519683837891e-01 -6.599616408348083496e-01 -5.483617186546325684e-01 -1.119618177413940430e+00 -3.534529209136962891e-01 -5.567101836204528809e-01 5.174608826637268066e-01 1.850879669189453125e+00 1.241672158241271973e+00 -6.597661972045898438e-01 1.310076832771301270e+00 1.774994850158691406e+00 -3.128287494182586670e-01 -9.640604257583618164e-01 -1.472565084695816040e-01 -5.490133166313171387e-01 -1.242784380912780762e+00 1.370393753051757812e+00 -7.692731618881225586e-01 -2.407600879669189453e-01 1.529649376869201660e+00 -7.076486945152282715e-01 4.607876241207122803e-01 4.253226816654205322e-01 -5.127666592597961426e-01 6.514527797698974609e-01 5.531614422798156738e-01 9.383793473243713379e-01 5.055380053818225861e-03 1.012163996696472168e+00 -8.719672560691833496e-01 -4.328153431415557861e-01 -8.340779542922973633e-01 -3.174792528152465820e-01 -8.807325959205627441e-01 1.036169886589050293e+00 1.958208531141281128e-01 1.721092939376831055e+00 5.238862037658691406e-01 -9.702962040901184082e-01 -3.907371759414672852e-01 1.955325156450271606e-01 -9.230161309242248535e-01
-1.030170917510986328e+00 -8.688698410987854004e-01 -2.337378114461898804e-01 -6.924686431884765625e-01 -1.693851590156555176e+00 1.677608132362365723e+00 -4.031061828136444092e-01 1.533995866775512695e-01 2.353098243474960327e-02 -4.867055714130401611e-01 -3.631214499473571777e-01 3.162463665008544922e+00 1.728669255971908569e-01 3.824844956398010254e-01 -2.620006501674652100e-01 -1.336203217506408691e+00 -8.818894028663635254e-01 8.539860844612121582e-01 3.706456899642944336e+00 9.029825329780578613e-01 -2.333788424730300903e-01 -1.454208046197891235e-01 -5.474085211753845215e-01 -2.994007468223571777e-01 -7.875260710716247559e-01 -2.890185415744781494e-01 -2.222462594509124756e-01 9.409469366073608398e-01 1.153305888175964355e+00 5.643745660781860352e-01 -6.292346715927124023e-01 8.470274209976196289e-01 8.391759395599365234e-01 -5.045033097267150879e-01 -5.112211108207702637e-01 1.491171568632125854e-01 -5.766565203666687012e-01 -8.153071999549865723e-01 2.475136995315551758e+00 -6.363379955291748047e-01 -2.766221761703491211e-01 1.487311124801635742e+00 -8.267061114311218262e-01 -4.720564782619476318e-01 2.161308377981185913e-01 -3.996433317661285400e-01 4.134678542613983154e-01 1.724798083305358887e-01 4.418102502822875977e-01 -1.897478550672531128e-01 1.042311172932386398e-02 -9.185546040534973145e-01 -3.673230409622192383e-01 -2.857977449893951416e-01 -5.162097215652465820e-01 -1.615598678588867188e+00 6.471502780914306641e-01 1.343466401100158691e+00 4.546613693237304688e-01 -5.060983896255493164e-01 -9.011350572109222412e-02 -1.561618298292160034e-01 2.106300741434097290e-01 -7.865125536918640137e-01
-7.957458496093750000e-01 -9.512928724288940430e-01 6.270489096641540527e-02 -4.879859387874603271e-01 -2.192868947982788086e+00 1.118285775184631348e+00 -3.123372495174407959e-01 1.519702970981597900e-01 4.034155607223510742e-01 -7.117258906364440918e-01 -2.296048104763031006e-01 2.962164402008056641e+00 6.899811327457427979e-02 6.366044282913208008e-01 -3.457271754741668701e-01 -1.465603709220886230e+00 -1.034608602523803711e+00 8.177688717842102051e-01 3.376185894012451172e+00 1.030606389045715332e+00 -1.577938944101333618e-01 -1.069757267832756042e-01 -4.964305758476257324e-01 -2.443487197160720825e-01 -6.107696890830993652e-01 -1.751706451177597046e-01 -3.888859450817108154e-01 1.423909187316894531e+00 1.188344955444335938e+00 6.599569320678710938e-01 -6.860277652740478516e-01 5.477074980735778809e-01 1.111548542976379395e+00 -6.713662147521972656e-01 -7.671161890029907227e-01 2.938266992568969727e-01 -5.697126388549804688e-01 -8.938876986503601074e-01 2.558874845504760742e+00 -6.392878890037536621e-01 -3.477053940296173096e-01 1.483596324920654297e+00 -9.300923943519592285e-01 -5.626858025789260864e-02 2.738828063011169434e-01 -5.332733988761901855e-01 4.983372092247009277e-01 2.201559096574783325e-01 4.305022060871124268e-01 5.386358872056007385e-02 -1.567441821098327637e-01 -7.498765587806701660e-01 -4.992687702178955078e-01 -3.944615423679351807e-01 -3.861981034278869629e-01 -1.420984029769897461e+00 7.392370700836181641e-01 1.126565098762512207e+00 6.863780021667480469e-01 -2.429646402597427368e-01 -5.379490256309509277e-01 -5.386406183242797852e-01 1.870270967483520508e-01 -7.532029151916503906e-01
-9.263282418251037598e-01 -5.804574489593505859e-01 9.410235285758972168e-02 -1.129798293113708496e+00 -1.798391103744506836e+00 1.585491895675659180e+00 -9.979313015937805176e-01 5.504651665687561035e-01 9.293033927679061890e-02 -3.675399124622344971e-01 -8.065722882747650146e-02 3.010351896286010742e+00 -3.532040864229202271e-03 -1.042281165719032288e-01 2.077584564685821533e-01 -1.215968608856201172e+00 -5.151214599609375000e-01 1.098880767822265625e+00 3.694142580032348633e+00 6.128726601600646973e-01 -9.967151284217834473e-02 -2.480962127447128296e-01 -6.889425516128540039e-01 -3.986870646476745605e-01 -5.900355577468872070e-01 -3.278059065341949463e-01 -1.699445694684982300e-01 1.227233648300170898e+00 9.718570113182067871e-01 6.596660614013671875e-01 -6.191463470458984375e-01 5.495051145553588867e-01 2.851440012454986572e-01 -2.977047860622406006e-01 -7.846701741218566895e-01 4.034775793552398682e-01 -1.859523802995681763e-01 -1.294534325599670410e+00 2.625644922256469727e+00 -3.025583326816558838e-01 -2.299518585205078125e-01 1.607326149940490723e+00 -1.065762877464294434e+00 -6.797362565994262695e-01 8.902439475059509277e-02 -2.661683559417724609e-01 2.275137901306152344e-01 -3.041614964604377747e-02 2.338249087333679199e-01 2.128314077854156494e-01 -4.026384651660919189e-01 1.283324137330055237e-02 -8.762938976287841797e-01 -2.296266853809356689e-01 -3.555556535720825195e-01 -1.226949691772460938e+00 3.306632637977600098e-01 1.603507161140441895e+00 9.405482560396194458e-02 -7.407929301261901855e-01 -5.184727311134338379e-01 -1.527141928672790527e-01 4.467652440071105957e-01 -7.809480428695678711e-01
-7.479619979858398438e-01 -1.381552696228027344e+00 2.632158696651458740e-01 8.904318213462829590e-01 -2.506539821624755859e+00 4.885378181934356689e-01 1.159673094749450684e+00 -3.666540980339050293e-01 9.682188630104064941e-01 -9.516820907592773438e-01 -1.987580209970474243e-01 1.718600988388061523e+00 -2.491025030612945557e-01 1.369442462921142578e+00 -9.074520468711853027e-01 -1.075358033180236816e+00 -8.656744360923767090e-01 -3.910103142261505127e-01 1.428322315216064453e+00 6.956216096878051758e-01 -1.486424505710601807e-01 -2.555199861526489258e-01 -6.728397011756896973e-01 -4.262157976627349854e-01 -1.033616185188293457e+00 -3.859829604625701904e-01 -3.555763363838195801e-01 2.739794254302978516e-01 2.146856069564819336e+00 9.422242045402526855e-01 -7.244576215744018555e-01 1.080914258956909180e+00 1.797321438789367676e+00 -4.109527468681335449e-01 -5.789251327514648438e-01 -4.322276711463928223e-01 -9.676060080528259277e-01 -1.276916623115539551e+00 7.769138813018798828e-01 -7.164897918701171875e-01 -3.812414109706878662e-01 1.996646761894226074e+00 -3.307814300060272217e-01 6.138443350791931152e-01 8.680011630058288574e-01 -5.696827173233032227e-01 8.213728666305541992e-01 8.056209087371826172e-01 1.225499033927917480e+00 -2.095077484846115112e-01 1.116643548011779785e+00 -1.087702155113220215e+00 -3.225462436676025391e-01 -6.663710474967956543e-01 -5.242214202880859375e-01 -8.904352188110351562e-01 9.232413172721862793e-01 -6.459660083055496216e-02 1.854948997497558594e+00 8.724335432052612305e-01 -8.260473608970642090e-01 -4.017913043498992920e-01 2.798483967781066895e-01 -8.797188401222229004e-01
-1.013062834739685059e+00 -6.672798991203308105e-01 1.839682087302207947e-02 -8.099815249443054199e-01 -2.073606967926025391e+00 1.223775625228881836e+00 -6.398741006851196289e-01 3.132102489471435547e-01 2.531140446662902832e-01 -4.841237068176269531e-01 -1.746400296688079834e-01 3.049572229385375977e+00 9.882984310388565063e-02 4.696350693702697754e-01 -4.961873218417167664e-02 -1.256976604461669922e+00 -4.993514418601989746e-01 7.573969364166259766e-01 3.663963794708251953e+00 6.936447024345397949e-01 -7.939942181110382080e-02 -2.857581675052642822e-01 -5.355742573738098145e-01 -6.335145831108093262e-01 -5.188542604446411133e-01 -4.301618039608001709e-01 -6.756049394607543945e-02 1.165436506271362305e+00 1.157763361930847168e+00 5.641458630561828613e-01 -5.091177225112915039e-01 4.918423295021057129e-01 8.890547752380371094e-01 -5.368638038635253906e-01 -8.211210370063781738e-01 3.148686289787292480e-01 2.530372887849807739e-02 -1.268275260925292969e+00 2.649968624114990234e+00 -2.808535397052764893e-01 -2.708039581775665283e-01 1.402459502220153809e+00 -1.185604333877563477e+00 -5.220498442649841309e-01 2.773638069629669189e-01 -4.279206693172454834e-01 4.041379094123840332e-01 -1.843180134892463684e-02 6.324148178100585938e-02 6.784763187170028687e-02 -4.185893237590789795e-01 -4.249632656574249268e-01 -6.636136770248413086e-01 -2.477530390024185181e-01 -3.844017088413238525e-01 -1.488212823867797852e+00 5.411127805709838867e-01 1.454910755157470703e+00 4.242494106292724609e-01 -2.988979816436767578e-01 -6.216739416122436523e-01 -9.122202545404434204e-02 5.165376663208007812e-01 -8.522201180458068848e-01
-9.566423892974853516e-01 -7.549577951431274414e-01 -1.894803903996944427e-02 -2.991540431976318359e-01 -2.414519309997558594e+00 1.071031332015991211e+00 2.235030680894851685e-01 5.599235743284225464e-02 3.911320269107818604e-01 -7.686794400215148926e-01 -3.242838978767395020e-01 2.982253789901733398e+00 -6.398494821041822433e-03 8.753139376640319824e-01 -5.953500866889953613e-01 -1.322687506675720215e+00 -7.249191403388977051e-01 4.633827805519104004e-01 3.004413366317749023e+00 5.971479415893554688e-01 -6.113647017627954483e-03 -2.630064189434051514e-01 -7.038509249687194824e-01 -7.360498905181884766e-01 -8.289683461189270020e-01 -2.434477806091308594e-01 -4.357813298702239990e-01 6.320905685424804688e-01 1.428229331970214844e+00 1.116013765335083008e+00 -7.699677348136901855e-01 1.151940107345581055e+00 1.264542102813720703e+00 -4.525109827518463135e-01 -8.929644227027893066e-01 2.625062130391597748e-02 -2.853367924690246582e-01 -1.283227920532226562e+00 2.271926879882812500e+00 -5.067687630653381348e-01 -1.857457458972930908e-01 1.531899571418762207e+00 -8.869088888168334961e-01 -1.918985545635223389e-01 3.656592965126037598e-01 -5.741357803344726562e-01 5.258737802505493164e-01 1.540256887674331665e-01 7.178616523742675781e-01 -2.528417110443115234e-02 5.776442289352416992e-01 -7.841963768005371094e-01 -6.886035799980163574e-01 -4.227434992790222168e-01 -3.882279992103576660e-01 -1.135796427726745605e+00 8.541339039802551270e-01 7.124502062797546387e-01 1.176865577697753906e+00 1.667813658714294434e-01 -7.791315913200378418e-01 3.561311215162277222e-02 1.253281980752944946e-01 -9.460935592651367188e-01
-8.938722610473632812e-01 -1.163471698760986328e+00 4.582367837429046631e-01 7.475681304931640625e-01 -2.910783529281616211e+00 5.174576640129089355e-01 1.087617397308349609e+00 1.278740018606185913e-01 1.427433848381042480e+00 -1.032131910324096680e+00 -2.699527442455291748e-01 1.666159152984619141e+00 -4.949209094047546387e-01 1.291089057922363281e+00 -7.621704339981079102e-01 -1.245838999748229980e+00 -6.246595978736877441e-01 5.361007526516914368e-02 1.424303889274597168e+00 6.620702147483825684e-01 -1.137420833110809326e-01 -5.435205101966857910e-01 -8.800993561744689941e-01 -9.165689945220947266e-01 -7.482259869575500488e-01 -1.828593164682388306e-01 -6.030425429344177246e-01 6.487420797348022461e-01 2.147895574569702148e+00 8.066912889480590820e-01 -4.471777081489562988e-01 7.782421112060546875e-01 1.415699839591979980e+00 2.746194601058959961e-02 -9.363570809364318848e-01 -3.604750707745552063e-02 -6.067259907722473145e-01 -1.547360658645629883e+00 9.016153812408447266e-01 -2.164294719696044922e-01 -3.383452892303466797e-01 2.117323875427246094e+00 -3.885954916477203369e-01 3.129726350307464600e-01 1.003144621849060059e+00 -6.894754171371459961e-01 7.474569678306579590e-01 7.200922369956970215e-01 7.684395313262939453e-01 1.037293374538421631e-01 8.744623064994812012e-01 -5.371243953704833984e-01 -8.422065973281860352e-01 -5.140635967254638672e-01 -4.902664721012115479e-01 -8.672185540199279785e-01 8.297892212867736816e-01 3.348982334136962891e-01 1.306245207786560059e+00 9.457862973213195801e-01 -1.312142491340637207e+00 -3.492122590541839600e-01 4.583423137664794922e-01 -1.054314494132995605e+00
-6.800192594528198242e-01 -6.607266068458557129e-01 6.187259778380393982e-02 -7.475680112838745117e-01 -2.093188762664794922e+00 1.198840737342834473e+00 -5.196829438209533691e-01 5.364018082618713379e-01 3.971508741378784180e-01 -5.080906748771667480e-01 -3.220073580741882324e-01 3.038926601409912109e+00 -2.397962380200624466e-03 3.822057545185089111e-01 -1.995739489793777466e-01 -1.405500531196594238e+00 -7.623118162155151367e-01 8.822878599166870117e-01 3.374850511550903320e+00 8.181539177894592285e-01 -1.375256776809692383e-01 -1.213736459612846375e-01 -4.224681258201599121e-01 -4.557250142097473145e-01 -7.198646664619445801e-01 -2.264844924211502075e-01 -4.377873241901397705e-01 1.228596091270446777e+00 1.360650897026062012e+00 7.119812965393066406e-01 -4.327290058135986328e-01 6.465419530868530273e-01 7.045111060142517090e-01 -4.891555607318878174e-01 -9.297432303428649902e-01 5.550106167793273926e-01 -2.827824652194976807e-01 -1.259957075119018555e+00 2.587978124618530273e+00 -2.150695472955703735e-01 -2.957740128040313721e-01 1.521679401397705078e+00 -1.093239307403564453e+00 -6.100403666496276855e-01 1.169768646359443665e-01 -4.507163465023040771e-01 4.921663999557495117e-01 2.226639240980148315e-01 2.923566401004791260e-01 4.179969727993011475e-01 -3.298922777175903320e-01 -9.878257662057876587e-02 -9.134918451309204102e-01 -4.470275938510894775e-01 -4.924730658531188965e-01 -1.374179244041442871e+00 3.638667166233062744e-01 1.409136056900024414e+00 4.216923415660858154e-01 -4.977184832096099854e-01 -5.533061623573303223e-01 -5.187418460845947266e-01 2.393537163734436035e-01 -8.369261622428894043e-01
-7.703531980514526367e-01 -1.136542320251464844e+00 8.697177283465862274e-03 2.008609771728515625e-01 -2.533952474594116211e+00 8.340786099433898926e-01 6.595737338066101074e-01 -8.535300195217132568e-02 5.222800374031066895e-01 -6.959830522537231445e-01 -1.504939198493957520e-01 2.564978837966918945e+00 -1.397051811218261719e-01 9.294881820678710938e-01 -9.172381758689880371e-01 -1.145028948783874512e+00 -7.417030930519104004e-01 -8.768215775489807129e-02 2.493437767028808594e+00 6.929448246955871582e-01 -1.389520466327667236e-01 -1.281647980213165283e-01 -7.372975945472717285e-01 -4.668454229831695557e-01 -1.009453177452087402e+00 -3.867580890655517578e-01 -2.976407408714294434e-01 3.591839373111724854e-01 1.757150292396545410e+00 1.019374489784240723e+00 -8.963336348533630371e-01 1.402056574821472168e+00 1.467581152915954590e+00 -5.237388610839843750e-01 -7.479397058486938477e-01 -1.951608210802078247e-01 -5.862748622894287109e-01 -1.315653324127197266e+00 1.668923139572143555e+00 -7.341412305831909180e-01 -1.873440742492675781e-01 1.799340844154357910e+00 -6.808587312698364258e-01 3.712708130478858948e-02 4.323139786720275879e-01 -4.511575400829315186e-01 4.975026249885559082e-01 4.945811629295349121e-01 1.142948031425476074e+00 -2.063474431633949280e-02 8.316850662231445312e-01 -7.856216430664062500e-01 -5.736518502235412598e-01 -6.662598252296447754e-01 -4.963929355144500732e-01 -1.167955994606018066e+00 8.160148859024047852e-01 2.195061445236206055e-01 1.854402184486389160e+00 6.018344163894653320e-01 -7.158766984939575195e-01 -4.494475200772285461e-02 1.929040253162384033e-02 -9.192317724227905273e-01
-9.177869558334350586e-01 -7.371449470520019531e-01 -7.241111993789672852e-02 -7.873086333274841309e-01 -2.095171213150024414e+00 1.258871912956237793e+00 -2.307482212781906128e-01 3.265492916107177734e-01 6.182404235005378723e-02 -4.504949450492858887e-01 -3.382534980773925781e-01 3.186535120010375977e+00 -2.450899966061115265e-02 2.356924712657928467e-01 -2.331024594604969025e-02 -1.282476902008056641e+00 -6.230832934379577637e-01 5.097513794898986816e-01 3.513682365417480469e+00 5.164732336997985840e-01 -2.603546679019927979e-01 -1.903454512357711792e-01 -7.172112464904785156e-01 -4.845876097679138184e-01 -9.113638401031494141e-01 -3.122553527355194092e-01 -1.758013963699340820e-01 9.156344532966613770e-01 1.186406850814819336e+00 1.128980636596679688e+00 -4.116135537624359131e-01 1.236110329627990723e+00 9.367740154266357422e-01 -2.885727584362030029e-01 -8.635306954383850098e-01 3.908670246601104736e-01 -1.150420382618904114e-01 -1.487294435501098633e+00 2.269388437271118164e+00 -3.360706269741058350e-01 -1.384575217962265015e-01 1.319335579872131348e+00 -1.102235794067382812e+00 -4.816890656948089600e-01 1.023319177329540253e-02 -3.740467429161071777e-01 5.139371156692504883e-01 1.571398079395294189e-01 6.629095673561096191e-01 1.628298163414001465e-01 3.425116091966629028e-02 -2.563411295413970947e-01 -8.525077700614929199e-01 -3.293365836143493652e-01 -4.210975170135498047e-01 -1.234223604202270508e+00 4.683255553245544434e-01 1.032896399497985840e+00 8.956755995750427246e-01 -2.523951530456542969e-01 -5.846523642539978027e-01 -1.741267442703247070e-01 2.266698479652404785e-01 -1.220711827278137207e+00
-7.407605648040771484e-01 -1.166869997978210449e+00 1.543874293565750122e-01 7.377712726593017578e-01 -2.622467041015625000e+00 7.440287470817565918e-01 1.042491674423217773e+00 -1.505953967571258545e-01 9.573695063591003418e-01 -7.932088971138000488e-01 -5.043154358863830566e-01 2.213293313980102539e+00 -4.582643806934356689e-01 1.320831298828125000e+00 -9.124680161476135254e-01 -1.164058685302734375e+00 -8.652266263961791992e-01 5.018696188926696777e-03 1.814298868179321289e+00 6.307106018066406250e-01 -2.817613482475280762e-01 -6.509481072425842285e-01 -6.525640487670898438e-01 -4.321008324623107910e-01 -1.272528886795043945e+00 -3.514723777770996094e-01 -5.739582777023315430e-01 1.938195824623107910e-01 1.891069769859313965e+00 9.468563199043273926e-01 -5.367041826248168945e-01 1.406807780265808105e+00 1.562988638877868652e+00 -1.908204257488250732e-01 -3.677181303501129150e-01 -3.837109804153442383e-01 -1.033113479614257812e+00 -1.014267444610595703e+00 1.130743622779846191e+00 -7.867433428764343262e-01 -2.680788338184356689e-01 2.013010978698730469e+00 -4.550167024135589600e-01 3.538355827331542969e-01 7.380224466323852539e-01 -6.286591887474060059e-01 5.424441099166870117e-01 7.026962041854858398e-01 9.927067160606384277e-01 -1.279917508363723755e-01 1.137446165084838867e+00 -1.179190516471862793e+00 -5.085510015487670898e-01 -7.338554263114929199e-01 -6.391305327415466309e-01 -8.143755197525024414e-01 9.916902780532836914e-01 1.456486880779266357e-01 1.620676398277282715e+00 7.103907465934753418e-01 -5.028228759765625000e-01 -2.500738799571990967e-01 2.682880461215972900e-01 -7.319296598434448242e-01
-8.725772500038146973e-01 -1.030223608016967773e+00 -1.031572092324495316e-02 -2.071113511919975281e-02 -2.293047428131103516e+00 1.138370752334594727e+00 1.666923463344573975e-01 -7.234694063663482666e-02 6.241050362586975098e-01 -5.886618494987487793e-01 -4.427576661109924316e-01 2.811738252639770508e+00 -2.542989552021026611e-01 1.059436202049255371e+00 -6.127026081085205078e-01 -1.371253848075866699e+00 -8.467440009117126465e-01 2.373869121074676514e-01 2.944027423858642578e+00 9.369542002677917480e-01 -2.563006579875946045e-01 -2.655213475227355957e-01 -5.249981284141540527e-01 -3.460159301757812500e-01 -1.026474714279174805e+00 -2.922775745391845703e-01 -4.491043984889984131e-01 7.644614577293395996e-01 1.734638929367065430e+00 5.379288792610168457e-01 -5.854621529579162598e-01 1.006425976753234863e+00 1.492901206016540527e+00 -6.039763689041137695e-01 -5.033628344535827637e-01 3.269101306796073914e-02 -8.125742673873901367e-01 -7.670269012451171875e-01 1.893267512321472168e+00 -9.359813928604125977e-01 -3.815316259860992432e-01 1.889327406883239746e+00 -7.905470132827758789e-01 -3.153538703918457031e-02 5.401952862739562988e-01 -5.137708187103271484e-01 5.541845560073852539e-01 3.864667117595672607e-01 6.200765967369079590e-01 -1.485052257776260376e-01 3.558785319328308105e-01 -1.158908486366271973e+00 -3.597386479377746582e-01 -8.109833598136901855e-01 -5.275042057037353516e-01 -1.338739514350891113e+00 7.936590909957885742e-01 8.768314719200134277e-01 1.119728446006774902e+00 2.278571873903274536e-01 -3.615942299365997314e-01 -3.485753536224365234e-01 4.723195731639862061e-01 -7.177017927169799805e-01
-8.682683706283569336e-01 -1.177515983581542969e+00 1.182216554880142212e-01 2.927194237709045410e-01 -2.666282415390014648e+00 6.314860582351684570e-01 7.376317977905273438e-01 5.870381370186805725e-02 8.660335540771484375e-01 -7.870798110961914062e-01 -1.051087975502014160e-01 2.500281572341918945e+00 -1.487438529729843140e-01 1.023222804069519043e+00 -8.406529426574707031e-01 -1.318853616714477539e+00 -9.649724960327148438e-01 5.448652803897857666e-02 2.249689102172851562e+00 7.387777566909790039e-01 -9.629245102405548096e-02 -8.413270115852355957e-02 -6.341090798377990723e-01 -4.849538505077362061e-01 -8.806899785995483398e-01 -4.306471049785614014e-01 -2.608039379119873047e-01 5.844222307205200195e-01 1.785708785057067871e+00 9.299553632736206055e-01 -7.305098772048950195e-01 1.116311669349670410e+00 1.663715958595275879e+00 -4.837123155593872070e-01 -7.751522660255432129e-01 -1.951981186866760254e-01 -4.429160356521606445e-01 -1.525146245956420898e+00 1.523255228996276855e+00 -5.720488429069519043e-01 -2.170622497797012329e-01 1.672261953353881836e+00 -6.744900941848754883e-01 2.344628423452377319e-01 4.650688767433166504e-01 -4.560900628566741943e-01 5.418123006820678711e-01 5.268226861953735352e-01 1.094405055046081543e+00 1.521095782518386841e-01 7.059919834136962891e-01 -7.272449731826782227e-01 -7.587761878967285156e-01 -6.501226425170898438e-01 -4.641554355621337891e-01 -1.167283296585083008e+00 9.892672896385192871e-01 2.399148344993591309e-01 1.598189234733581543e+00 5.310250520706176758e-01 -1.052790760993957520e+00 -2.914910912513732910e-01 2.359287589788436890e-01 -8.957600593566894531e-01
-8.221551179885864258e-01 -1.280900359153747559e+00 3.749055564403533936e-01 9.924159646034240723e-01 -2.624835491180419922e+00 2.073725610971450806e-01 1.523430943489074707e+00 -9.743784368038177490e-02 1.232373237609863281e+00 -8.957167267799377441e-01 -1.543130427598953247e-01 1.562411189079284668e+00 -3.633211851119995117e-01 1.433455586433410645e+00 -9.332054257392883301e-01 -1.246013760566711426e+00 -8.835301399230957031e-01 -2.629799544811248779e-01 1.133209705352783203e+00 5.501199364662170410e-01 -1.237718481570482254e-02 -2.726933956146240234e-01 -7.073442339897155762e-01 -5.697288513183593750e-01 -8.749228715896606445e-01 -2.406648695468902588e-01 -5.368425250053405762e-01 2.840417921543121338e-01 2.099229574203491211e+00 9.972508549690246582e-01 -5.908821821212768555e-01 1.072119235992431641e+00 1.888339042663574219e+00 -1.139300763607025146e-01 -7.975110411643981934e-01 -3.845250606536865234e-01 -6.527276635169982910e-01 -1.374954938888549805e+00 4.873055815696716309e-01 -6.624098420143127441e-01 -2.385460734367370605e-01 1.843059420585632324e+00 -3.449033796787261963e-01 5.176115632057189941e-01 6.873995661735534668e-01 -5.417078137397766113e-01 7.133377194404602051e-01 7.255733013153076172e-01 1.163345336914062500e+00 -7.976179569959640503e-02 1.274620652198791504e+00 -8.223442435264587402e-01 -5.444841384887695312e-01 -7.945691347122192383e-01 -3.795793354511260986e-01 -7.876393795013427734e-01 8.695697188377380371e-01 -2.689287364482879639e-01 1.872164964675903320e+00 1.024591684341430664e+00 -1.108496665954589844e+00 -4.686664342880249023e-01 3.687872886657714844e-01 -1.010248780250549316e+00
-7.966970801353454590e-01 -8.844707608222961426e-01 1.672298908233642578e-01 -6.312761902809143066e-01 -2.004769086837768555e+00 1.164146900177001953e+00 -3.280266523361206055e-01 6.316688060760498047e-01 4.988307952880859375e-01 -5.383038520812988281e-01 -3.629805743694305420e-01 2.948243141174316406e+00 -1.040084958076477051e-01 4.968923032283782959e-01 -1.270632743835449219e-01 -1.378217101097106934e+00 -7.899563312530517578e-01 7.655289173126220703e-01 3.459521532058715820e+00 9.908100366592407227e-01 -2.419314533472061157e-01 -6.520997732877731323e-02 -5.753401517868041992e-01 -4.294649064540863037e-01 -8.535604476928710938e-01 -2.173041105270385742e-01 -2.819356024265289307e-01 1.092118859291076660e+00 1.317454218864440918e+00 7.474612593650817871e-01 -6.321647763252258301e-01 6.840319633483886719e-01 9.075073599815368652e-01 -5.075656175613403320e-01 -1.014500737190246582e+00 4.379095435142517090e-01 -4.220343232154846191e-01 -1.308847665786743164e+00 2.439157962799072266e+00 -2.431305497884750366e-01 -2.103975266218185425e-01 1.632184028625488281e+00 -9.935733079910278320e-01 -4.298805296421051025e-01 1.113903336226940155e-02 -4.817096889019012451e-01 5.726403594017028809e-01 2.526650428771972656e-01 3.235217630863189697e-01 3.859452605247497559e-01 -1.896601319313049316e-01 -1.754655689001083374e-01 -9.743102192878723145e-01 -3.331044316291809082e-01 -4.528542160987854004e-01 -1.197791814804077148e+00 3.659782409667968750e-01 1.095433115959167480e+00 5.511021018028259277e-01 -3.495017588138580322e-01 -7.643160820007324219e-01 -5.682343244552612305e-01 4.548978507518768311e-01 -9.321443438529968262e-01
-8.588707447052001953e-01 -1.032305121421813965e+00 -1.460804790258407593e-01 -1.081101670861244202e-01 -2.472524166107177734e+00 9.939903020858764648e-01 1.873043328523635864e-01 3.550272434949874878e-03 6.192473769187927246e-01 -7.484204769134521484e-01 -1.238637119531631470e-01 2.919090986251831055e+00 -1.612016856670379639e-01 8.242273926734924316e-01 -4.789440035820007324e-01 -1.312161087989807129e+00 -7.464828491210937500e-01 2.394642680883407593e-01 3.006727933883666992e+00 8.326641917228698730e-01 -2.329252101480960846e-02 -2.483823895454406738e-01 -6.032857894897460938e-01 -4.212097227573394775e-01 -9.753044843673706055e-01 -4.416596889495849609e-01 -2.010802030563354492e-01 8.386572003364562988e-01 1.593763709068298340e+00 9.565573334693908691e-01 -6.140631437301635742e-01 1.118116259574890137e+00 1.406691908836364746e+00 -4.139783084392547607e-01 -9.561954736709594727e-01 1.716368794441223145e-01 -5.073502063751220703e-01 -1.114935278892517090e+00 2.027473688125610352e+00 -6.784926056861877441e-01 -1.227618679404258728e-01 1.583606004714965820e+00 -8.659152388572692871e-01 -1.318719685077667236e-01 3.009258210659027100e-01 -4.788895249366760254e-01 3.893654048442840576e-01 3.384598493576049805e-01 6.386733055114746094e-01 1.104634776711463928e-01 4.690186083316802979e-01 -7.699617147445678711e-01 -5.951776504516601562e-01 -5.692927837371826172e-01 -4.224259853363037109e-01 -1.349426269531250000e+00 7.373788952827453613e-01 5.894188284873962402e-01 1.318885445594787598e+00 2.003475427627563477e-01 -7.428367733955383301e-01 -4.288977384567260742e-01 2.832947671413421631e-01 -9.762340188026428223e-01
-1.026167035102844238e+00 -1.134507060050964355e+00 -3.649758175015449524e-02 -1.222435161471366882e-01 -2.438421487808227539e+00 9.288034439086914062e-01 2.402208894491195679e-01 1.088373437523841858e-01 5.074200630187988281e-01 -7.430915832519531250e-01 -1.461669802665710449e-01 2.774390935897827148e+00 -1.371177844703197479e-02 7.485352158546447754e-01 -3.873816728591918945e-01 -1.290267109870910645e+00 -6.782312393188476562e-01 1.516368538141250610e-01 2.809485912322998047e+00 5.484364032745361328e-01 -2.537728287279605865e-02 -3.261102735996246338e-01 -7.567380070686340332e-01 -8.003205657005310059e-01 -1.038744211196899414e+00 -3.673890233039855957e-01 -1.191652268171310425e-01 5.173467993736267090e-01 1.472087144851684570e+00 1.291345119476318359e+00 -6.680188179016113281e-01 1.339876770973205566e+00 1.561464786529541016e+00 -3.134714961051940918e-01 -1.048798084259033203e+00 1.388310343027114868e-01 -2.911900877952575684e-01 -1.581253528594970703e+00 1.957672834396362305e+00 -3.405168652534484863e-01 -8.928047120571136475e-02 1.447017550468444824e+00 -9.248818159103393555e-01 2.563924528658390045e-02 2.742765843868255615e-01 -5.689077377319335938e-01 3.777507543563842773e-01 1.673334240913391113e-01 8.409787416458129883e-01 1.138199418783187866e-01 6.573479771614074707e-01 -6.612276434898376465e-01 -8.527154922485351562e-01 -3.560610115528106689e-01 -4.861586391925811768e-01 -8.912177085876464844e-01 8.559404611587524414e-01 3.954880833625793457e-01 1.435584425926208496e+00 4.800350069999694824e-01 -8.290991187095642090e-01 2.108662948012351990e-02 1.655785590410232544e-01 -1.061514973640441895e+00
-8.181060552597045898e-01 -5.974652767181396484e-01 1.535992771387100220e-01 -9.360405206680297852e-01 -1.812976479530334473e+00 1.549958586692810059e+00 -7.441965341567993164e-01 4.565947055816650391e-01 2.025042921304702759e-01 -4.515635073184967041e-01 -1.406952142715454102e-01 2.947936534881591797e+00 6.504444032907485962e-02 1.313725560903549194e-01 1.551858335733413696e-01 -1.154489636421203613e+00 -5.531756281852722168e-01 9.580194950103759766e-01 3.775581836700439453e+00 6.513960361480712891e-01 -1.460967361927032471e-01 -3.294372260570526123e-01 -6.670581698417663574e-01 -6.286449432373046875e-01 -5.739232897758483887e-01 -3.860420882701873779e-01 -1.954028904438018799e-01 1.156762361526489258e+00 1.117878556251525879e+00 6.093345880508422852e-01 -6.086512804031372070e-01 5.470659732818603516e-01 3.965611159801483154e-01 -3.921239972114562988e-01 -8.784943222999572754e-01 4.160104095935821533e-01 -1.545311063528060913e-01 -1.257889032363891602e+00 2.671664476394653320e+00 -3.106749355792999268e-01 -2.342394888401031494e-01 1.504780292510986328e+00 -1.258728861808776855e+00 -5.843884348869323730e-01 2.332073301076889038e-01 -2.275741100311279297e-01 4.639070928096771240e-01 7.206711918115615845e-02 1.268301606178283691e-01 1.813438087701797485e-01 -4.100734591484069824e-01 -2.718868553638458252e-01 -7.613344788551330566e-01 -1.379504650831222534e-01 -3.552594184875488281e-01 -1.325724363327026367e+00 2.244795262813568115e-01 1.586412787437438965e+00 1.369870603084564209e-01 -5.161579251289367676e-01 -5.444525480270385742e-01 -2.986312806606292725e-01 4.488428235054016113e-01 -9.320774674415588379e-01
-6.033405661582946777e-01 -5.552781224250793457e-01 1.103102043271064758e-01 -1.022255420684814453e+00 -1.919979929924011230e+00 1.390332341194152832e+00 -6.940891742706298828e-01 6.253246665000915527e-01 2.372614294290542603e-02 -2.580597698688507080e-01 -1.381019800901412964e-01 3.201220989227294922e+00 -1.030625253915786743e-01 1.535939723253250122e-01 -1.061205193400382996e-01 -1.196713089942932129e+00 -4.907779097557067871e-01 8.256760835647583008e-01 3.702909708023071289e+00 7.119827270507812500e-01 -6.289448589086532593e-02 -8.457740768790245056e-03 -6.264533400535583496e-01 -2.887142002582550049e-01 -7.523474693298339844e-01 -4.360592067241668701e-01 -1.366667598485946655e-01 1.077693700790405273e+00 1.081751942634582520e+00 6.682174205780029297e-01 -5.949271917343139648e-01 8.022836446762084961e-01 5.317497849464416504e-01 -5.417513251304626465e-01 -8.749246001243591309e-01 3.223325014114379883e-01 -2.650341987609863281e-01 -1.123790383338928223e+00 2.762204408645629883e+00 -3.094083368778228760e-01 -1.635926663875579834e-01 1.526175141334533691e+00 -1.280657052993774414e+00 -7.681916356086730957e-01 -1.741221100091934204e-01 -3.701740801334381104e-01 2.894048392772674561e-01 8.034625649452209473e-02 4.080427289009094238e-01 1.486872583627700806e-01 -2.215232104063034058e-01 -8.322716504335403442e-02 -8.226288557052612305e-01 -1.782150119543075562e-01 -4.242132902145385742e-01 -1.388455629348754883e+00 3.241018056869506836e-01 1.161260247230529785e+00 3.787094354629516602e-01 -5.263148546218872070e-01 -5.515887737274169922e-01 -2.396419942378997803e-01 1.604341119527816772e-01 -8.505401015281677246e-01
-9.013397097587585449e-01 -1.259648799896240234e+00 3.404930233955383301e-01 9.248170852661132812e-01 -2.358076810836791992e+00 4.424935579299926758e-01 1.178285598754882812e+00 9.586777538061141968e-03 1.234890699386596680e+00 -7.904255986213684082e-01 -3.866312503814697266e-01 1.643426179885864258e+00 -5.429473519325256348e-01 1.421856403350830078e+00 -8.205248117446899414e-01 -1.263319253921508789e+00 -6.840470433235168457e-01 -2.922676205635070801e-01 1.649861454963684082e+00 7.377772927284240723e-01 -1.214721873402595520e-01 -5.869708061218261719e-01 -7.990776896476745605e-01 -5.869432687759399414e-01 -1.164348959922790527e+00 -4.141803383827209473e-01 -4.109644293785095215e-01 2.936423718929290771e-01 2.117074966430664062e+00 9.210794568061828613e-01 -6.445170044898986816e-01 1.198877811431884766e+00 1.813260078430175781e+00 -3.399370312690734863e-01 -6.973804831504821777e-01 -2.471744418144226074e-01 -6.811015009880065918e-01 -1.191493868827819824e+00 8.666547536849975586e-01 -6.415269374847412109e-01 -2.345839887857437134e-01 1.868436932563781738e+00 -5.715634822845458984e-01 5.069945454597473145e-01 7.297679185867309570e-01 -6.460198760032653809e-01 6.734268069267272949e-01 7.845377326011657715e-01 1.007939696311950684e+00 2.068592235445976257e-02 1.128562808036804199e+00 -1.102254509925842285e+00 -5.470033288002014160e-01 -6.478491425514221191e-01 -5.594688057899475098e-01 -7.159137725830078125e-01 9.274917840957641602e-01 8.879236876964569092e-02 1.624573707580566406e+00 1.115558266639709473e+00 -1.075910806655883789e+00 -4.951238036155700684e-01 4.085032939910888672e-01 -1.010836601257324219e+00
-9.718536734580993652e-01 -5.668581724166870117e-01 1.406902223825454712e-01 -1.101866126060485840e+00 -1.808675050735473633e+00 1.468532085418701172e+00 -7.382109165191650391e-01 4.200832545757293701e-01 2.976140081882476807e-01 -4.101071655750274658e-01 -3.575397431850433350e-01 2.976188182830810547e+00 1.348672658205032349e-01 9.023710153996944427e-03 7.033052295446395874e-02 -1.166702866554260254e+00 -4.779289662837982178e-01 9.398006200790405273e-01 3.708534955978393555e+00 7.670310735702514648e-01 -1.589767336845397949e-01 -2.495064288377761841e-01 -6.342568993568420410e-01 -4.458127021789550781e-01 -4.270427823066711426e-01 -3.744105100631713867e-01 -1.584389656782150269e-01 1.288326501846313477e+00 9.999927878379821777e-01 4.727594852447509766e-01 -5.813924670219421387e-01 4.352455139160156250e-01 4.772108197212219238e-01 -3.725802302360534668e-01 -5.107599496841430664e-01 4.643099308013916016e-01 -2.663510441780090332e-01 -1.189407348632812500e+00 2.584612131118774414e+00 -3.718084394931793213e-01 -2.602588832378387451e-01 1.532132744789123535e+00 -9.362204074859619141e-01 -7.978638410568237305e-01 3.320810198783874512e-01 -3.131593167781829834e-01 4.731298685073852539e-01 1.034417822957038879e-01 2.349005937576293945e-01 9.569053351879119873e-02 -5.471060276031494141e-01 -1.909420937299728394e-01 -8.219706416130065918e-01 3.485261648893356323e-02 -4.190056622028350830e-01 -1.649974107742309570e+00 2.335306406021118164e-01 1.781524896621704102e+00 9.557886421680450439e-02 -6.627820730209350586e-01 -5.556575059890747070e-01 -2.156283557415008545e-01 3.307944536209106445e-01 -8.931165337562561035e-01
-8.874275088310241699e-01 -1.247067213058471680e+00 2.109646797180175781e-01 3.807101547718048096e-01 -2.347114801406860352e+00 8.370942473411560059e-01 1.023876428604125977e+00 -2.305288761854171753e-01 9.069377183914184570e-01 -9.899909496307373047e-01 -3.074108362197875977e-01 2.086471080780029297e+00 -1.505313348025083542e-02 1.076307296752929688e+00 -7.375057339668273926e-01 -1.152454972267150879e+00 -8.277708292007446289e-01 -1.115423068404197693e-01 2.231736898422241211e+00 8.338115215301513672e-01 -1.525362432003021240e-01 -2.232804894447326660e-01 -6.965954899787902832e-01 -4.749660491943359375e-01 -9.853184819221496582e-01 -1.865178495645523071e-01 -4.212823510169982910e-01 5.888812541961669922e-01 1.847084879875183105e+00 8.543188571929931641e-01 -7.946627736091613770e-01 1.294508695602416992e+00 1.446002006530761719e+00 -4.524164199829101562e-01 -6.394529938697814941e-01 -8.120270818471908569e-02 -9.469360709190368652e-01 -1.369164347648620605e+00 1.436284065246582031e+00 -6.330772042274475098e-01 -2.453202456235885620e-01 1.991204261779785156e+00 -4.212080240249633789e-01 1.747614741325378418e-01 7.439925670623779297e-01 -4.655331373214721680e-01 7.737013101577758789e-01 6.153072714805603027e-01 1.281266689300537109e+00 -1.930480301380157471e-01 8.260236382484436035e-01 -8.872780799865722656e-01 -6.068374514579772949e-01 -5.501723885536193848e-01 -5.831323266029357910e-01 -1.298269748687744141e+00 6.952795386314392090e-01 2.482847273349761963e-01 1.564805269241333008e+00 5.671272873878479004e-01 -8.919947147369384766e-01 -3.887771964073181152e-01 2.653372287750244141e-01 -1.153859019279479980e+00
-1.010570049285888672e+00 -7.666845321655273438e-01 -1.612878888845443726e-01 -5.628049373626708984e-01 -2.084231615066528320e+00 1.444676637649536133e+00 -1.683061122894287109e-01 -1.673565804958343506e-02 3.119647502899169922e-01 -7.206040620803833008e-01 -4.885943830013275146e-01 3.092992544174194336e+00 2.266756055178120732e-04 5.593378543853759766e-01 -3.279022574424743652e-01 -1.190846085548400879e+00 -8.730009198188781738e-01 5.893424749374389648e-01 3.344371795654296875e+00 8.828701972961425781e-01 -1.894811242818832397e-01 -1.758068948984146118e-01 -7.196686863899230957e-01 -5.645478367805480957e-01 -8.803063631057739258e-01 -2.664105594158172607e-01 -3.586499094963073730e-01 7.083619236946105957e-01 1.319253563880920410e+00 9.267966747283935547e-01 -6.407542824745178223e-01 1.084598660469055176e+00 8.980829715728759766e-01 -5.496349930763244629e-01 -6.680158376693725586e-01 2.323092706501483917e-02 -4.288782775402069092e-01 -1.019751071929931641e+00 2.497385263442993164e+00 -5.476063489913940430e-01 -2.376156896352767944e-01 1.544663190841674805e+00 -7.595821022987365723e-01 -2.156346440315246582e-01 3.347606956958770752e-01 -5.950908660888671875e-01 3.168681561946868896e-01 2.617222070693969727e-01 7.655406594276428223e-01 -4.063567146658897400e-02 2.642097175121307373e-01 -8.598716855049133301e-01 -5.855301022529602051e-01 -2.520640492439270020e-01 -5.455517172813415527e-01 -1.363942384719848633e+00 9.425269961357116699e-01 1.040056467056274414e+00 8.893731236457824707e-01 -2.107921987771987915e-01 -4.077725708484649658e-01 3.223229199647903442e-03 1.918408088386058807e-02 -8.530215024948120117e-01
-9.165965318679809570e-01 -1.223398208618164062e+00 3.744874894618988037e-01 7.542368769645690918e-01 -2.491742610931396484e+00 5.965303182601928711e-01 1.072883129119873047e+00 -1.310973912477493286e-01 1.191865682601928711e+00 -8.037021160125732422e-01 -4.459238946437835693e-01 1.636469841003417969e+00 -4.495487511157989502e-01 1.543350696563720703e+00 -6.273582577705383301e-01 -1.299319148063659668e+00 -9.185234308242797852e-01 -3.254528939723968506e-01 1.714875340461730957e+00 1.003413796424865723e+00 -2.172842472791671753e-01 -4.788280129432678223e-01 -6.298269629478454590e-01 -5.437596440315246582e-01 -1.146622896194458008e+00 -3.060785233974456787e-01 -6.016474962234497070e-01 5.995408892631530762e-01 2.299594640731811523e+00 4.056189954280853271e-01 -3.694164752960205078e-01 7.873622179031372070e-01 1.687867999076843262e+00 -3.541106283664703369e-01 -6.196449398994445801e-01 -3.038906157016754150e-01 -1.034074187278747559e+00 -7.461989521980285645e-01 7.917208671569824219e-01 -8.294344544410705566e-01 -1.887320876121520996e-01 2.191530466079711914e+00 -3.446375429630279541e-01 3.825626075267791748e-01 9.162170886993408203e-01 -6.530923247337341309e-01 9.449388384819030762e-01 1.047905802726745605e+00 8.070944547653198242e-01 -1.602411568164825439e-01 8.204672336578369141e-01 -1.169191360473632812e+00 -4.280103445053100586e-01 -7.365772724151611328e-01 -7.060690522193908691e-01 -1.102800965309143066e+00 7.773677110671997070e-01 3.582935929298400879e-01 1.279747843742370605e+00 6.454162001609802246e-01 -6.273180842399597168e-01 -5.312225818634033203e-01 9.402176737785339355e-01 -9.418086409568786621e-01
-9.663806557655334473e-01 -9.511922001838684082e-01 3.446541354060173035e-02 -2.652333080768585205e-01 -2.349873065948486328e+00 1.042002081871032715e+00 4.546965286135673523e-02 3.095934092998504639e-01 4.371350407600402832e-01 -6.568542122840881348e-01 -2.399611771106719971e-01 2.802889585494995117e+00 1.240349560976028442e-02 7.046855688095092773e-01 -3.924836516380310059e-01 -1.467268943786621094e+00 -4.791837632656097412e-01 4.088468551635742188e-01 3.085901737213134766e+00 6.196392178535461426e-01 -9.361549466848373413e-02 -3.792767524719238281e-01 -7.185733914375305176e-01 -7.026309967041015625e-01 -8.831068277359008789e-01 -2.708356678485870361e-01 -4.098259210586547852e-01 8.312003016471862793e-01 1.621504545211791992e+00 8.933123946189880371e-01 -5.969025492668151855e-01 1.042573690414428711e+00 1.314195036888122559e+00 -3.310055434703826904e-01 -9.587936401367187500e-01 2.227562814950942993e-01 -8.628971129655838013e-02 -1.446199893951416016e+00 2.144018411636352539e+00 -3.484098911285400391e-01 -2.090173959732055664e-01 1.626938819885253906e+00 -1.066186666488647461e+00 -1.482789367437362671e-01 4.266990125179290771e-01 -4.946986436843872070e-01 4.832581877708435059e-01 3.005991578102111816e-01 5.032020807266235352e-01 1.009769216179847717e-01 1.540838927030563354e-01 -5.847583413124084473e-01 -7.460582852363586426e-01 -5.172469019889831543e-01 -5.141622424125671387e-01 -1.282438397407531738e+00 6.074017882347106934e-01 1.050126552581787109e+00 1.069091916084289551e+00 1.092980057001113892e-01 -8.496173024177551270e-01 -1.634768396615982056e-01 4.247030913829803467e-01 -1.029375791549682617e+00
-7.442709207534790039e-01 -1.130544662475585938e+00 1.910588741302490234e-01 9.453232884407043457e-01 -2.355136394500732422e+00 4.442580640316009521e-01 1.209471821784973145e+00 -1.460773646831512451e-01 1.056375265121459961e+00 -9.163839221000671387e-01 -3.543739616870880127e-01 1.709270834922790527e+00 -3.800183236598968506e-01 1.301598906517028809e+00 -9.188248515129089355e-01 -1.262337803840637207e+00 -5.889555811882019043e-01 -3.830194473266601562e-01 1.326907157897949219e+00 5.809468030929565430e-01 -2.385711669921875000e-01 -5.356494188308715820e-01 -8.110255002975463867e-01 -6.387799978256225586e-01 -1.371737122535705566e+00 -2.998029291629791260e-01 -5.127652883529663086e-01 -7.632932160049676895e-03 2.267936468124389648e+00 1.074606895446777344e+00 -5.864534974098205566e-01 1.281927824020385742e+00 1.763372898101806641e+00 -2.355290651321411133e-01 -6.518379449844360352e-01 -3.004604578018188477e-01 -6.009726524353027344e-01 -1.268639802932739258e+00 8.067613244056701660e-01 -5.335556864738464355e-01 -1.252960711717605591e-01 1.793237924575805664e+00 -4.136089682579040527e-01 6.558315157890319824e-01 7.572657465934753418e-01 -7.081229686737060547e-01 6.862399578094482422e-01 8.137667775154113770e-01 1.246969461441040039e+00 -2.457340434193611145e-02 1.224016189575195312e+00 -1.058371305465698242e+00 -4.966942965984344482e-01 -8.021228909492492676e-01 -6.932505965232849121e-01 -7.227938175201416016e-01 1.044909715652465820e+00 -6.983762979507446289e-02 1.792405605316162109e+00 1.011888742446899414e+00 -8.263660073280334473e-01 -3.486739099025726318e-01 3.179560899734497070e-01 -1.007275700569152832e+00
-7.923910617828369141e-01 -1.130352497100830078e+00 2.127136290073394775e-01 3.856514990329742432e-01 -2.546011209487915039e+00 7.327946424484252930e-01 7.931446433067321777e-01 -1.443206220865249634e-01 8.702402710914611816e-01 -1.029830455780029297e+00 -6.280319690704345703e-01 2.131497859954833984e+00 -1.677778810262680054e-01 1.052142858505249023e+00 -8.301681280136108398e-01 -1.165747404098510742e+00 -6.965181231498718262e-01 1.901087351143360138e-02 2.076837301254272461e+00 8.517453670501708984e-01 -3.426954150199890137e-01 -5.456690788269042969e-01 -8.951594829559326172e-01 -6.891223788261413574e-01 -1.174279332160949707e+00 -5.435157939791679382e-02 -6.711527705192565918e-01 2.681242227554321289e-01 2.002420425415039062e+00 1.068397283554077148e+00 -3.406483829021453857e-01 1.229651451110839844e+00 1.322416901588439941e+00 -2.930583953857421875e-01 -6.876445412635803223e-01 -2.779594957828521729e-01 -6.758373975753784180e-01 -9.835132956504821777e-01 1.466328144073486328e+00 -4.378025531768798828e-01 -4.327596724033355713e-01 2.108358383178710938e+00 -5.391194820404052734e-01 1.624085903167724609e-01 7.833194136619567871e-01 -8.812867403030395508e-01 7.064999341964721680e-01 3.979585468769073486e-01 9.104775786399841309e-01 -1.233028899878263474e-02 9.959987998008728027e-01 -1.115742444992065430e+00 -4.491002857685089111e-01 -7.365438342094421387e-01 -8.877587914466857910e-01 -9.453475475311279297e-01 1.074292182922363281e+00 6.303987503051757812e-01 1.575274944305419922e+00 7.930728197097778320e-01 -4.933097958564758301e-01 -6.376294791698455811e-02 1.050634160637855530e-01 -7.812079787254333496e-01
-7.587798237800598145e-01 -1.207567453384399414e+00 -2.581750787794589996e-02 4.169728755950927734e-01 -2.475709438323974609e+00 7.925215959548950195e-01 7.271430492401123047e-01 -7.713977247476577759e-02 5.319352149963378906e-01 -5.908249020576477051e-01 -3.668295443058013916e-01 2.591907978057861328e+00 -3.030065298080444336e-01 1.123144626617431641e+00 -8.438407182693481445e-01 -1.275985479354858398e+00 -9.400058388710021973e-01 6.587952375411987305e-02 2.287738084793090820e+00 8.148130178451538086e-01 5.937685444951057434e-02 -1.224853098392486572e-01 -6.093363761901855469e-01 -3.945193290710449219e-01 -1.175368905067443848e+00 -3.048366606235504150e-01 -3.467392921447753906e-01 4.488630592823028564e-01 1.854280591011047363e+00 1.021870851516723633e+00 -6.725980043411254883e-01 1.505024433135986328e+00 1.470145106315612793e+00 -4.778354167938232422e-01 -7.035554647445678711e-01 -2.809116244316101074e-01 -9.655922055244445801e-01 -9.914345145225524902e-01 1.408033967018127441e+00 -9.587900638580322266e-01 -2.879608869552612305e-01 1.800882816314697266e+00 -5.453050136566162109e-01 1.553871035575866699e-01 3.044219613075256348e-01 -4.762408137321472168e-01 5.294947028160095215e-01 4.143144786357879639e-01 1.116765141487121582e+00 -1.783780157566070557e-01 1.116647481918334961e+00 -9.770414233207702637e-01 -4.099659919738769531e-01 -7.834073901176452637e-01 -4.616083204746246338e-01 -1.194010257720947266e+00 9.689336419105529785e-01 1.822579503059387207e-01 1.603516936302185059e+00 6.009579896926879883e-01 -5.674365162849426270e-01 -2.131858617067337036e-01 -3.234496340155601501e-02 -8.442473411560058594e-01
-9.063106775283813477e-01 -7.779861688613891602e-01 2.256087511777877808e-01 -1.411308497190475464e-01 -2.450886011123657227e+00 1.158555626869201660e+00 2.800553143024444580e-01 1.419599205255508423e-01 4.566602110862731934e-01 -7.767422795295715332e-01 -2.871320545673370361e-01 2.745935678482055664e+00 1.844661310315132141e-03 7.723683714866638184e-01 -7.584147453308105469e-01 -1.178467869758605957e+00 -5.703659057617187500e-01 3.697271645069122314e-01 3.018654346466064453e+00 4.578831195831298828e-01 -6.335222721099853516e-02 -3.112522363662719727e-01 -6.696759462356567383e-01 -7.568514943122863770e-01 -7.310686707496643066e-01 -2.396000623703002930e-01 -5.292273759841918945e-01 6.157773733139038086e-01 1.531078338623046875e+00 8.935008049011230469e-01 -8.333269357681274414e-01 1.038361072540283203e+00 1.159802436828613281e+00 -3.561766743659973145e-01 -6.498526334762573242e-01 -2.086611986160278320e-01 -3.717742562294006348e-01 -1.526344060897827148e+00 2.031387567520141602e+00 -3.921628594398498535e-01 -4.966509640216827393e-01 1.894193768501281738e+00 -8.071033358573913574e-01 -1.798451542854309082e-01 8.440093398094177246e-01 -6.582964658737182617e-01 5.540090203285217285e-01 3.892845213413238525e-01 1.001868963241577148e+00 -1.202660128474235535e-01 4.353037178516387939e-01 -8.241285681724548340e-01 -7.327267527580261230e-01 -4.305728673934936523e-01 -6.011328697204589844e-01 -1.051171898841857910e+00 7.779156565666198730e-01 9.690222740173339844e-01 9.866029024124145508e-01 5.849508196115493774e-02 -8.013342618942260742e-01 8.699095994234085083e-02 2.899261415004730225e-01 -9.893561005592346191e-01
-9.045315980911254883e-01 -1.056950092315673828e+00 1.142777055501937866e-01 7.929800776764750481e-04 -2.441014289855957031e+00 8.494561314582824707e-01 2.417049556970596313e-01 -5.022564530372619629e-02 6.430909633636474609e-01 -6.355018615722656250e-01 -4.309867322444915771e-01 2.544355630874633789e+00 -7.808412611484527588e-02 1.078537344932556152e+00 -5.154417157173156738e-01 -1.279310584068298340e+00 -1.061054110527038574e+00 3.490479290485382080e-01 2.860834121704101562e+00 9.843736290931701660e-01 -1.310139298439025879e-01 -2.530865669250488281e-01 -5.969709753990173340e-01 -3.549402952194213867e-01 -8.882875442504882812e-01 -4.193844199180603027e-01 -4.710105955600738525e-01 1.002744674682617188e+00 1.862867951393127441e+00 5.418958663940429688e-01 -7.151478528976440430e-01 6.809365749359130859e-01 1.596671342849731445e+00 -6.041497588157653809e-01 -5.322645306587219238e-01 -1.559064388275146484e-01 -7.942808270454406738e-01 -9.053049087524414062e-01 1.930159926414489746e+00 -9.915003776550292969e-01 -3.597370386123657227e-01 1.927588224411010742e+00 -8.093063235282897949e-01 1.739773154258728027e-01 6.070817112922668457e-01 -4.980607926845550537e-01 6.978041529655456543e-01 5.540131926536560059e-01 6.142161488533020020e-01 -2.047083526849746704e-01 1.886710673570632935e-01 -1.118534803390502930e+00 -3.229640126228332520e-01 -5.638800859451293945e-01 -4.560242593288421631e-01 -1.286637663841247559e+00 8.316242098808288574e-01 8.617882132530212402e-01 1.070332050323486328e+00 6.523454934358596802e-02 -4.704771637916564941e-01 -4.322579205036163330e-01 5.954982042312622070e-01 -7.302139997482299805e-01
-9.076362252235412598e-01 -7.402349114418029785e-01 4.848198592662811279e-02 -7.326962947845458984e-01 -2.119773626327514648e+00 1.445481419563293457e+00 -3.537593781948089600e-01 2.723569571971893311e-01 1.796840727329254150e-01 -6.205095648765563965e-01 -2.037864774465560913e-01 3.075907707214355469e+00 1.935254968702793121e-02 3.831454515457153320e-01 -2.118097394704818726e-01 -1.290492296218872070e+00 -8.814766407012939453e-01 7.699576020240783691e-01 3.505972385406494141e+00 8.140059709548950195e-01 -1.806250661611557007e-01 -7.140486687421798706e-02 -5.825780630111694336e-01 -3.954128921031951904e-01 -5.776888132095336914e-01 -3.259293437004089355e-01 -1.088751628994941711e-01 1.118789792060852051e+00 1.140852212905883789e+00 7.193615436553955078e-01 -6.420030593872070312e-01 7.431257963180541992e-01 1.009589314460754395e+00 -5.023027062416076660e-01 -7.840607762336730957e-01 3.608837127685546875e-01 -3.014384210109710693e-01 -1.304397940635681152e+00 2.642422437667846680e+00 -3.997103273868560791e-01 -2.865365445613861084e-01 1.392610311508178711e+00 -1.024588584899902344e+00 -3.861146271228790283e-01 9.734719991683959961e-02 -4.444026648998260498e-01 4.698818624019622803e-01 -4.610493034124374390e-02 5.521559119224548340e-01 4.677191004157066345e-02 -5.951467156410217285e-02 -4.050574004650115967e-01 -7.806760668754577637e-01 -2.075935453176498413e-01 -4.169687926769256592e-01 -1.436497211456298828e+00 5.562000274658203125e-01 9.577126502990722656e-01 6.775825023651123047e-01 -3.121255040168762207e-01 -6.478137969970703125e-01 -1.535653322935104370e-01 3.691708445549011230e-01 -9.531700611114501953e-01
-8.836134076118469238e-01 -1.219341993331909180e+00 -2.288308925926685333e-02 3.913877159357070923e-02 -2.338509559631347656e+00 1.166797995567321777e+00 4.347959458827972412e-01 7.129188627004623413e-03 6.888849139213562012e-01 -8.301473855972290039e-01 -2.185307443141937256e-01 2.684085369110107422e+00 -2.698114514350891113e-02 6.538629531860351562e-01 -7.533584833145141602e-01 -1.139512896537780762e+00 -9.495216608047485352e-01 3.806873857975006104e-01 2.803792715072631836e+00 8.414219021797180176e-01 -1.819411516189575195e-01 -1.677025109529495239e-01 -6.172112226486206055e-01 -3.263673484325408936e-01 -7.990453243255615234e-01 -3.352239429950714111e-01 -2.080438286066055298e-01 5.494022965431213379e-01 1.590863347053527832e+00 1.091891050338745117e+00 -8.419253230094909668e-01 1.294922828674316406e+00 1.244028449058532715e+00 -4.703758656978607178e-01 -5.448323488235473633e-01 -5.761653557419776917e-02 -6.048598885536193848e-01 -1.491355180740356445e+00 1.936849474906921387e+00 -5.252102017402648926e-01 -2.480234652757644653e-01 1.734419345855712891e+00 -6.906232237815856934e-01 -3.861038759350776672e-02 3.878459036350250244e-01 -4.611661136150360107e-01 5.346059203147888184e-01 3.142237961292266846e-01 9.638878107070922852e-01 -4.894592985510826111e-02 5.998800396919250488e-01 -7.825961709022521973e-01 -6.332385540008544922e-01 -3.588661849498748779e-01 -5.099034905433654785e-01 -1.408226728439331055e+00 7.156639695167541504e-01 5.436113476753234863e-01 1.480036973953247070e+00 1.753997355699539185e-01 -8.679862618446350098e-01 -2.617255747318267822e-01 1.213909834623336792e-01 -1.112890720367431641e+00
-8.337935805320739746e-01 -1.059147715568542480e+00 -9.009654074907302856e-02 2.692336738109588623e-01 -2.401726484298706055e+00 8.608487844467163086e-01 9.291781187057495117e-01 -1.264405250549316406e-01 5.536669492721557617e-01 -9.182669520378112793e-01 -4.663482010364532471e-01 2.471380233764648438e+00 -1.805599778890609741e-01 1.135862827301025391e+00 -7.807637453079223633e-01 -1.282408118247985840e+00 -8.812146186828613281e-01 -4.874017904512584209e-04 2.042098283767700195e+00 6.840338706970214844e-01 -3.838641047477722168e-01 -2.413838952779769897e-01 -6.475571393966674805e-01 -6.243991255760192871e-01 -1.380939722061157227e+00 -1.401137560606002808e-01 -5.900724530220031738e-01 1.496159434318542480e-01 1.868052840232849121e+00 1.204548716545104980e+00 -4.693023860454559326e-01 1.539302110671997070e+00 1.545441150665283203e+00 -2.318016141653060913e-01 -7.007316946983337402e-01 -2.218232899904251099e-01 -7.373060584068298340e-01 -9.935311079025268555e-01 1.468753814697265625e+00 -5.676763057708740234e-01 -1.323798149824142456e-01 1.725684881210327148e+00 -5.459796786308288574e-01 2.448532879352569580e-01 4.110847413539886475e-01 -7.465400099754333496e-01 7.163568139076232910e-01 3.856848180294036865e-01 1.196602463722229004e+00 -1.399641484022140503e-01 1.146899104118347168e+00 -1.090063691139221191e+00 -5.604979991912841797e-01 -6.960382461547851562e-01 -6.836671829223632812e-01 -9.926732182502746582e-01 1.010014772415161133e+00 1.626558303833007812e-01 1.695515155792236328e+00 5.757544636726379395e-01 -5.049365758895874023e-01 -1.511760503053665161e-01 2.697729170322418213e-01 -9.117778539657592773e-01
-7.770764827728271484e-01 -1.248502016067504883e+00 2.456934601068496704e-01 5.743210911750793457e-01 -2.672404527664184570e+00 4.988337457180023193e-01 5.800132155418395996e-01 2.478669770061969757e-02 1.207255721092224121e+00 -9.571277499198913574e-01 -1.291510164737701416e-01 2.029289245605468750e+00 -3.533707261085510254e-01 1.268023729324340820e+00 -4.872265458106994629e-01 -1.297474265098571777e+00 -7.760843038558959961e-01 1.244444400072097778e-02 2.151280641555786133e+00 8.128294944763183594e-01 5.507413670420646667e-02 -3.566384315490722656e-01 -7.210672497749328613e-01 -6.237757802009582520e-01 -9.064102172851562500e-01 -4.130903184413909912e-01 -3.347215056419372559e-01 7.355585694313049316e-01 2.003150463104248047e+00 7.929591536521911621e-01 -7.037366628646850586e-01 7.233506441116333008e-01 1.691204428672790527e+00 -4.453568458557128906e-01 -1.040252566337585449e+00 -2.305215969681739807e-02 -6.078978776931762695e-01 -1.435540199279785156e+00 1.476058006286621094e+00 -5.382758378982543945e-01 -4.202657938003540039e-01 1.902900099754333496e+00 -6.889492869377136230e-01 5.494080781936645508e-01 7.617589831352233887e-01 -6.614719629287719727e-01 7.042050957679748535e-01 6.041873693466186523e-01 7.675747275352478027e-01 1.579630970954895020e-01 6.429885625839233398e-01 -7.231848835945129395e-01 -7.393708825111389160e-01 -5.453226566314697266e-01 -3.345239162445068359e-01 -1.025802493095397949e+00 7.971365451812744141e-01 3.097210228443145752e-01 1.414548516273498535e+00 5.483877658843994141e-01 -1.155639648437500000e+00 -6.506480574607849121e-01 6.554695367813110352e-01 -8.271997570991516113e-01
-7.495332956314086914e-01 -1.131765842437744141e+00 3.172631859779357910e-01 1.200974822044372559e+00 -2.523294210433959961e+00 3.233893215656280518e-01 1.331278324127197266e+00 -2.445140779018402100e-01 1.346834897994995117e+00 -8.290193676948547363e-01 -4.357076585292816162e-01 1.317265152931213379e+00 -3.922297954559326172e-01 1.632325530052185059e+00 -9.597557187080383301e-01 -1.127833962440490723e+00 -8.406795859336853027e-01 -4.137708842754364014e-01 9.555548429489135742e-01 6.532858610153198242e-01 -1.329386681318283081e-01 -5.495002269744873047e-01 -6.870710849761962891e-01 -6.541686058044433594e-01 -1.252246975898742676e+00 -2.669932842254638672e-01 -6.976988911628723145e-01 8.674035221338272095e-02 2.346209287643432617e+00 7.007535696029663086e-01 -3.901164233684539795e-01 9.999725222587585449e-01 1.864493012428283691e+00 -1.939727813005447388e-01 -5.048472285270690918e-01 -4.435935318470001221e-01 -1.016052722930908203e+00 -9.384692907333374023e-01 4.308583736419677734e-01 -7.892963886260986328e-01 -2.819232642650604248e-01 1.964253187179565430e+00 -2.493491321802139282e-01 6.080244779586791992e-01 9.918729066848754883e-01 -7.956786751747131348e-01 6.598103046417236328e-01 9.680908918380737305e-01 1.019209146499633789e+00 -8.492565155029296875e-02 1.207190394401550293e+00 -1.150811195373535156e+00 -3.875204920768737793e-01 -8.631671667098999023e-01 -5.778200626373291016e-01 -6.726989150047302246e-01 1.100223064422607422e+00 -4.230334982275962830e-02 1.576892614364624023e+00 1.092959165573120117e+00 -7.102205753326416016e-01 -4.105144739151000977e-01 6.192470788955688477e-01 -7.273900508880615234e-01
-8.359959125518798828e-01 -1.302963018417358398e+00 2.067333310842514038e-01 1.089738368988037109e+00 -2.447662115097045898e+00 4.776101410388946533e-01 1.425679564476013184e+00 -1.840964108705520630e-01 1.160707950592041016e+00 -8.814802169799804688e-01 -4.696419537067413330e-01 1.454590916633605957e+00 -2.750432789325714111e-01 1.528133392333984375e+00 -1.065026998519897461e+00 -1.105324864387512207e+00 -9.116859436035156250e-01 -3.311358392238616943e-01 1.166540503501892090e+00 6.829994916915893555e-01 -1.682602912187576294e-01 -4.060392379760742188e-01 -7.272878289222717285e-01 -6.788672804832458496e-01 -1.187592983245849609e+00 -1.821391284465789795e-01 -5.569642782211303711e-01 1.183912064880132675e-02 2.107709646224975586e+00 8.952624797821044922e-01 -6.077845096588134766e-01 1.115272164344787598e+00 1.881538152694702148e+00 -1.069087535142898560e-01 -5.380686521530151367e-01 -4.591520130634307861e-01 -1.028606772422790527e+00 -1.038820147514343262e+00 4.521323740482330322e-01 -6.871719360351562500e-01 -2.798901498317718506e-01 1.982072114944458008e+00 -3.381015062332153320e-01 6.021915078163146973e-01 9.473488330841064453e-01 -6.438677310943603516e-01 6.758974194526672363e-01 7.761151194572448730e-01 1.163161277770996094e+00 -1.366932839155197144e-01 1.238182902336120605e+00 -1.276283144950866699e+00 -4.265834093093872070e-01 -6.395909190177917480e-01 -5.377907752990722656e-01 -5.823522806167602539e-01 9.513955116271972656e-01 -7.836779952049255371e-02 1.760505914688110352e+00 1.115387201309204102e+00 -6.838879585266113281e-01 -3.200556635856628418e-01 3.290565311908721924e-01 -8.434901833534240723e-01
-9.050635695457458496e-01 -4.198859035968780518e-01 9.192550182342529297e-02 -1.258089423179626465e+00 -1.731712102890014648e+00 1.605806350708007812e+00 -8.049868941307067871e-01 3.161177039146423340e-01 6.208510324358940125e-02 -3.257031440734863281e-01 -3.923932611942291260e-01 3.063786745071411133e+00 1.704955101013183594e-01 -4.207504540681838989e-02 9.319207072257995605e-02 -1.206707000732421875e+00 -7.416648268699645996e-01 9.897769689559936523e-01 3.762387514114379883e+00 7.698627710342407227e-01 -4.888765513896942139e-02 -1.625643968582153320e-01 -6.361574530601501465e-01 -4.008358120918273926e-01 -3.216923475265502930e-01 -3.184027671813964844e-01 -1.660191118717193604e-01 1.205579161643981934e+00 8.222226500511169434e-01 4.100539684295654297e-01 -5.793431401252746582e-01 5.251041650772094727e-01 3.850750923156738281e-01 -4.947623014450073242e-01 -4.956785142421722412e-01 3.223058581352233887e-01 -1.383392661809921265e-01 -1.146085619926452637e+00 2.815495729446411133e+00 -4.148461222648620605e-01 -2.758875489234924316e-01 1.424860596656799316e+00 -1.145986318588256836e+00 -8.199685215950012207e-01 1.227037236094474792e-01 -3.220499753952026367e-01 2.166033983230590820e-01 -3.343150019645690918e-02 3.711637854576110840e-01 1.012105569243431091e-01 -4.434912204742431641e-01 -2.804219126701354980e-01 -8.453693985939025879e-01 -5.708908662199974060e-02 -3.120031356811523438e-01 -1.493873357772827148e+00 4.397971332073211670e-01 1.616520762443542480e+00 9.602358937263488770e-02 -7.291079759597778320e-01 -3.883394598960876465e-01 1.091466024518013000e-01 2.207230329513549805e-01 -6.386163234710693359e-01
-6.890866160392761230e-01 -1.092827677726745605e+00 -1.003364101052284241e-01 6.752429604530334473e-01 -2.496048450469970703e+00 6.365300416946411133e-01 1.127088308334350586e+00 -2.256098538637161255e-01 8.808432817459106445e-01 -8.702705502510070801e-01 -2.232301831245422363e-01 2.083832502365112305e+00 -3.181992471218109131e-01 1.254581689834594727e+00 -9.979769587516784668e-01 -1.218401312828063965e+00 -7.700429558753967285e-01 -2.752572894096374512e-01 1.770930886268615723e+00 7.299389243125915527e-01 -1.714168041944503784e-01 -3.596067726612091064e-01 -5.938180685043334961e-01 -5.440824031829833984e-01 -1.273379683494567871e+00 -2.655425667762756348e-01 -5.293400883674621582e-01 2.632490098476409912e-01 2.071486234664916992e+00 1.020739793777465820e+00 -7.873904705047607422e-01 1.434994578361511230e+00 1.693358182907104492e+00 -2.997348606586456299e-01 -6.069134473800659180e-01 -2.476966083049774170e-01 -8.125017285346984863e-01 -1.091936588287353516e+00 1.107940912246704102e+00 -8.215797543525695801e-01 -1.805051267147064209e-01 1.787962675094604492e+00 -4.261605441570281982e-01 2.863225340843200684e-01 6.973466277122497559e-01 -5.233519673347473145e-01 5.128012895584106445e-01 7.525725960731506348e-01 1.062265038490295410e+00 4.760577285196632147e-04 1.095604777336120605e+00 -1.006442427635192871e+00 -5.658246278762817383e-01 -9.275434017181396484e-01 -5.560956597328186035e-01 -9.719288945198059082e-01 9.559252262115478516e-01 1.969204843044281006e-01 1.841139316558837891e+00 8.486812114715576172e-01 -7.721073627471923828e-01 -3.225738108158111572e-01 1.714276075363159180e-01 -8.473069667816162109e-01
-9.317206740379333496e-01 -7.499518990516662598e-01 5.928007885813713074e-02 -2.883479893207550049e-01 -2.407666683197021484e+00 1.439279437065124512e+00 -1.121120676398277283e-01 2.146602123975753784e-01 5.677348971366882324e-01 -7.021980881690979004e-01 -2.096812427043914795e-01 2.879333734512329102e+00 -2.099807411432266235e-01 5.512104630470275879e-01 -1.927747428417205811e-01 -1.195148110389709473e+00 -7.237605452537536621e-01 6.702773571014404297e-01 3.012064933776855469e+00 5.667200088500976562e-01 -8.706805855035781860e-02 -3.538053035736083984e-01 -5.914707779884338379e-01 -6.346864104270935059e-01 -5.692133903503417969e-01 -4.283997714519500732e-01 -3.356297910213470459e-01 1.024756789207458496e+00 1.601737499237060547e+00 6.635420918464660645e-01 -6.624032258987426758e-01 7.920758724212646484e-01 9.888761043548583984e-01 -2.949757277965545654e-01 -6.853814125061035156e-01 2.114998400211334229e-01 -3.281269669532775879e-01 -1.581282973289489746e+00 2.193594455718994141e+00 -3.280259072780609131e-01 -2.944203615188598633e-01 1.730776429176330566e+00 -9.681254625320434570e-01 -4.201234281063079834e-01 6.385341882705688477e-01 -4.834028482437133789e-01 3.958997428417205811e-01 3.392760753631591797e-01 7.269767522811889648e-01 5.566307529807090759e-02 1.371815651655197144e-01 -4.377232789993286133e-01 -9.169652462005615234e-01 -2.181139290332794189e-01 -4.298306405544281006e-01 -1.513512015342712402e+00 5.535362958908081055e-01 1.105558753013610840e+00 8.547373414039611816e-01 -1.800521314144134521e-01 -9.603502154350280762e-01 -2.479052841663360596e-01 5.015374422073364258e-01 -1.027963757514953613e+00
-7.535536885261535645e-01 -1.166862607002258301e+00 2.357839345932006836e-01 5.434073805809020996e-01 -2.636045455932617188e+00 6.546449661254882812e-01 7.174115180969238281e-01 3.097820580005645752e-01 1.229891777038574219e+00 -8.616490364074707031e-01 -1.428482830524444580e-01 2.069500446319580078e+00 -5.490645766258239746e-01 1.253380298614501953e+00 -6.739230155944824219e-01 -1.267224550247192383e+00 -8.577271103858947754e-01 1.847430020570755005e-01 2.029236555099487305e+00 7.139573693275451660e-01 6.195924431085586548e-02 -3.654938638210296631e-01 -6.251564025878906250e-01 -6.821798682212829590e-01 -9.075929522514343262e-01 -4.049944579601287842e-01 -4.280782639980316162e-01 6.715512275695800781e-01 2.097486734390258789e+00 8.695289492607116699e-01 -6.269606351852416992e-01 9.237710237503051758e-01 1.721967220306396484e+00 -1.858987212181091309e-01 -9.245813488960266113e-01 -1.621291935443878174e-01 -6.173006296157836914e-01 -1.723321199417114258e+00 1.399315476417541504e+00 -2.618919610977172852e-01 -3.172153830528259277e-01 2.053615331649780273e+00 -7.893144488334655762e-01 1.573055237531661987e-01 6.416127085685729980e-01 -6.918245553970336914e-01 6.674634218215942383e-01 6.827006340026855469e-01 7.113341093063354492e-01 5.626764521002769470e-02 5.692837238311767578e-01 -4.525586962699890137e-01 -8.856996893882751465e-01 -3.924321830272674561e-01 -3.402328193187713623e-01 -9.381565451622009277e-01 5.697862505912780762e-01 3.283521234989166260e-01 1.286630868911743164e+00 4.806909561157226562e-01 -1.179787397384643555e+00 -5.525363087654113770e-01 5.562140345573425293e-01 -1.002207875251770020e+00
-9.631697535514831543e-01 -5.478321313858032227e-01 6.278461962938308716e-02 -7.745921015739440918e-01 -2.027690410614013672e+00 1.208148360252380371e+00 -8.822636008262634277e-01 3.623403608798980713e-01 1.741665452718734741e-01 -3.180429637432098389e-01 -3.703570067882537842e-01 2.711894750595092773e+00 2.147172391414642334e-01 2.873914241790771484e-01 -1.173546537756919861e-01 -1.216360569000244141e+00 -5.330245494842529297e-01 9.595217108726501465e-01 3.800271034240722656e+00 9.352670907974243164e-01 -1.264614425599575043e-02 -1.822603344917297363e-01 -5.488779544830322266e-01 -4.633696973323822021e-01 -2.565430998802185059e-01 -3.980773389339447021e-01 -3.452706336975097656e-01 1.456738829612731934e+00 9.711081385612487793e-01 2.462533265352249146e-01 -7.214834690093994141e-01 3.587466776371002197e-01 5.740208625793457031e-01 -7.222787141799926758e-01 -5.386414527893066406e-01 2.506261467933654785e-01 -7.214675098657608032e-02 -1.085301041603088379e+00 2.742348670959472656e+00 -3.424597978591918945e-01 -4.965775609016418457e-01 1.530725002288818359e+00 -1.142069101333618164e+00 -6.340873837471008301e-01 4.405390024185180664e-01 -4.387211799621582031e-01 2.445569187402725220e-01 3.388895094394683838e-02 1.403849571943283081e-01 2.788981497287750244e-01 -6.234578490257263184e-01 -3.777588307857513428e-01 -6.942229866981506348e-01 -2.858319282531738281e-01 -5.646115541458129883e-01 -1.414420604705810547e+00 4.936087131500244141e-01 1.846581816673278809e+00 1.600277125835418701e-01 -5.731101036071777344e-01 -4.618898630142211914e-01 1.453404575586318970e-01 3.342407643795013428e-01 -5.274366140365600586e-01
-9.671410918235778809e-01 -1.118510007858276367e+00 -1.006787270307540894e-01 1.575626581907272339e-01 -2.293023347854614258e+00 8.887452483177185059e-01 9.119972586631774902e-01 -3.490070998668670654e-02 5.137682557106018066e-01 -9.196107983589172363e-01 -3.730222284793853760e-01 2.529978513717651367e+00 -1.401657909154891968e-01 9.334337711334228516e-01 -6.321840882301330566e-01 -1.526933789253234863e+00 -7.891076803207397461e-01 1.952599287033081055e-01 2.217497348785400391e+00 6.177663207054138184e-01 -3.527923226356506348e-01 -4.246830344200134277e-01 -7.459626793861389160e-01 -5.937074422836303711e-01 -1.342693328857421875e+00 -1.058895736932754517e-01 -5.975669026374816895e-01 1.585874706506729126e-01 1.823551654815673828e+00 1.375233769416809082e+00 -5.384278297424316406e-01 1.560646891593933105e+00 1.441622495651245117e+00 -1.151844412088394165e-01 -8.025640845298767090e-01 -8.338169753551483154e-02 -5.139591097831726074e-01 -1.048390269279479980e+00 1.522159457206726074e+00 -4.880096018314361572e-01 2.072749659419059753e-02 1.539965748786926270e+00 -5.699094533920288086e-01 2.056138068437576294e-01 2.808655202388763428e-01 -6.115369796752929688e-01 5.579125881195068359e-01 3.434294462203979492e-01 1.087101697921752930e+00 7.122478447854518890e-03 1.123980760574340820e+00 -1.037788748741149902e+00 -6.220585107803344727e-01 -6.861998438835144043e-01 -8.243253231048583984e-01 -9.352118372917175293e-01 1.060366034507751465e+00 3.730086982250213623e-01 1.671685695648193359e+00 6.139495968818664551e-01 -5.808100700378417969e-01 -1.174907162785530090e-01 9.907013177871704102e-02 -1.066816568374633789e+00
-9.944474101066589355e-01 -1.172379493713378906e+00 2.756859362125396729e-01 3.189199566841125488e-01 -2.629375696182250977e+00 4.579909145832061768e-01 7.067073583602905273e-01 -2.220368683338165283e-01 8.409710526466369629e-01 -9.105076789855957031e-01 -3.479786813259124756e-01 2.370455026626586914e+00 -7.571372389793395996e-02 1.034366369247436523e+00 -5.831281542778015137e-01 -1.233383536338806152e+00 -8.816828727722167969e-01 1.021973192691802979e-01 2.223932504653930664e+00 7.547141313552856445e-01 5.374253378249704838e-04 -3.315578699111938477e-01 -7.659264802932739258e-01 -7.211518883705139160e-01 -8.566930294036865234e-01 -3.662585616111755371e-01 -4.408890008926391602e-01 7.079990506172180176e-01 1.926394939422607422e+00 1.149861097335815430e+00 -6.810705065727233887e-01 9.696764945983886719e-01 1.692026734352111816e+00 -3.317485451698303223e-01 -1.004233598709106445e+00 8.555556833744049072e-02 -5.492566823959350586e-01 -1.384670734405517578e+00 1.571239471435546875e+00 -7.161660194396972656e-01 -3.011973500251770020e-01 1.762206435203552246e+00 -7.713271975517272949e-01 3.190935850143432617e-01 5.484212040901184082e-01 -3.666815757751464844e-01 7.409960031509399414e-01 4.062870442867279053e-01 8.786908984184265137e-01 9.663072228431701660e-02 6.986102461814880371e-01 -8.510160446166992188e-01 -6.068606972694396973e-01 -5.593163371086120605e-01 -3.469368517398834229e-01 -8.562180399894714355e-01 7.633597254753112793e-01 4.289522469043731689e-01 1.612815737724304199e+00 6.964309811592102051e-01 -9.139944911003112793e-01 -4.675948917865753174e-01 2.353230267763137817e-01 -1.043012380599975586e+00
-9.350034594535827637e-01 -8.310803174972534180e-01 1.705086678266525269e-01 -4.478293359279632568e-01 -2.301184177398681641e+00 1.149279356002807617e+00 -1.965495347976684570e-01 2.419449239969253540e-01 4.919283092021942139e-01 -7.532373070716857910e-01 -1.789182275533676147e-01 2.927902460098266602e+00 -5.675034224987030029e-02 6.639656424522399902e-01 -2.287116199731826782e-01 -1.417773723602294922e+00 -9.327042102813720703e-01 9.558782577514648438e-01 3.399780035018920898e+00 7.234042882919311523e-01 2.171215973794460297e-02 -2.444957941770553589e-01 -4.544878005981445312e-01 -3.590608835220336914e-01 -6.444507241249084473e-01 -3.244946300983428955e-01 -3.614320755004882812e-01 1.436504364013671875e+00 1.242207407951354980e+00 5.921986699104309082e-01 -6.716343760490417480e-01 4.387692511081695557e-01 1.224579691886901855e+00 -2.899063825607299805e-01 -9.003351330757141113e-01 1.898212134838104248e-01 -5.769454240798950195e-01 -1.017730593681335449e+00 2.271958589553833008e+00 -7.912263870239257812e-01 -3.956582844257354736e-01 1.613716840744018555e+00 -9.648055434226989746e-01 -2.253620624542236328e-01 4.820752143859863281e-01 -4.437901675701141357e-01 7.242404222488403320e-01 1.088885813951492310e-01 3.551149070262908936e-01 -2.457538619637489319e-02 -2.556737959384918213e-01 -6.927317380905151367e-01 -4.573931992053985596e-01 -4.856350421905517578e-01 -5.362011492252349854e-02 -1.214751720428466797e+00 5.468052029609680176e-01 1.106269240379333496e+00 5.194046497344970703e-01 -4.147856831550598145e-01 -6.752919554710388184e-01 -6.622063517570495605e-01 7.370244264602661133e-01 -8.129364252090454102e-01
-8.359906673431396484e-01 -1.113748550415039062e+00 2.824343740940093994e-01 1.000447392463684082e+00 -2.530004739761352539e+00 3.577192425727844238e-01 1.300295114517211914e+00 -4.836652055382728577e-02 1.256556630134582520e+00 -1.013122320175170898e+00 -1.395012438297271729e-01 1.614408135414123535e+00 -3.642524182796478271e-01 1.412722468376159668e+00 -7.419604659080505371e-01 -1.264801383018493652e+00 -7.374383807182312012e-01 -2.702238857746124268e-01 1.240763425827026367e+00 5.622429847717285156e-01 1.636507920920848846e-02 -2.601576149463653564e-01 -8.489999175071716309e-01 -8.513919115066528320e-01 -1.049857854843139648e+00 -2.437587678432464600e-01 -4.893944561481475830e-01 1.990175992250442505e-01 2.058912754058837891e+00 1.018079996109008789e+00 -6.026531457901000977e-01 1.115496277809143066e+00 1.856510758399963379e+00 -2.616003453731536865e-01 -1.059007167816162109e+00 -2.483270019292831421e-01 -5.600316524505615234e-01 -1.521552801132202148e+00 7.027123570442199707e-01 -4.474265277385711670e-01 -2.249255627393722534e-01 1.758554100990295410e+00 -4.104218482971191406e-01 4.804715514183044434e-01 7.009533047676086426e-01 -5.994525551795959473e-01 7.361242771148681641e-01 8.238254785537719727e-01 1.097975134849548340e+00 -2.644860558211803436e-02 1.222765684127807617e+00 -6.973398923873901367e-01 -6.988309025764465332e-01 -6.727179288864135742e-01 -4.419433176517486572e-01 -7.047576904296875000e-01 8.454943895339965820e-01 -2.211623489856719971e-01 1.748829483985900879e+00 1.081393003463745117e+00 -1.209154963493347168e+00 -2.524477839469909668e-01 5.009472370147705078e-01 -1.126217365264892578e+00
-7.765902876853942871e-01 -1.247700214385986328e+00 3.638824224472045898e-01 1.024287104606628418e+00 -2.448180913925170898e+00 4.719032347202301025e-01 1.357228636741638184e+00 -2.139407694339752197e-01 1.281009912490844727e+00 -8.206445574760437012e-01 -3.252229988574981689e-01 1.469749331474304199e+00 -4.132131338119506836e-01 1.520291566848754883e+00 -1.053336262702941895e+00 -1.106883049011230469e+00 -8.559719920158386230e-01 -3.625349104404449463e-01 9.652964472770690918e-01 7.175534963607788086e-01 -6.578568369150161743e-02 -4.383609294891357422e-01 -6.491448879241943359e-01 -6.214111447334289551e-01 -1.222893714904785156e+00 -1.838311553001403809e-01 -6.167465448379516602e-01 1.457899510860443115e-01 2.095465898513793945e+00 9.738301634788513184e-01 -4.254461824893951416e-01 1.286767482757568359e+00 1.720102190971374512e+00 -1.477608233690261841e-01 -5.796726942062377930e-01 -4.174857735633850098e-01 -1.060722351074218750e+00 -9.869569540023803711e-01 3.045149743556976318e-01 -8.702583312988281250e-01 -2.185143232345581055e-01 1.979262590408325195e+00 -1.340073198080062866e-01 5.600811839103698730e-01 8.824279308319091797e-01 -5.832172632217407227e-01 7.001883387565612793e-01 8.149858713150024414e-01 1.135643482208251953e+00 -2.428912818431854248e-01 1.426178574562072754e+00 -1.065325975418090820e+00 -3.924295902252197266e-01 -8.650654554367065430e-01 -6.273471117019653320e-01 -7.434544563293457031e-01 9.896911978721618652e-01 -1.250910162925720215e-01 1.712253212928771973e+00 1.138334035873413086e+00 -8.486672639846801758e-01 -4.087698459625244141e-01 3.225129246711730957e-01 -9.759340286254882812e-01
-6.475393176078796387e-01 -1.220121741294860840e+00 5.715251564979553223e-01 1.376545906066894531e+00 -2.590709447860717773e+00 2.521948516368865967e-01 1.341100454330444336e+00 -1.769676059484481812e-01 1.325618386268615723e+00 -8.261761665344238281e-01 -3.983963727951049805e-01 9.974877834320068359e-01 -6.222716569900512695e-01 1.663318037986755371e+00 -9.297083020210266113e-01 -9.140453934669494629e-01 -8.239649534225463867e-01 -5.654092431068420410e-01 7.742398381233215332e-01 6.168147921562194824e-01 -1.741302162408828735e-01 -5.516251325607299805e-01 -7.272388935089111328e-01 -5.918428897857666016e-01 -1.115264296531677246e+00 -2.161328643560409546e-01 -5.165089964866638184e-01 9.758164733648300171e-02 2.308306932449340820e+00 7.013242244720458984e-01 -3.897510170936584473e-01 9.007481336593627930e-01 1.623097896575927734e+00 -7.123560458421707153e-02 -6.104413270950317383e-01 -5.914229154586791992e-01 -1.145553350448608398e+00 -8.120751976966857910e-01 1.092282086610794067e-01 -7.277803421020507812e-01 -3.194928765296936035e-01 2.307651519775390625e+00 -1.481755971908569336e-01 5.777893066406250000e-01 1.040863394737243652e+00 -7.872334122657775879e-01 8.745597600936889648e-01 1.083205580711364746e+00 8.305954933166503906e-01 -1.753334105014801025e-01 1.294008731842041016e+00 -1.202178120613098145e+00 -4.243812859058380127e-01 -6.574282646179199219e-01 -5.903012752532958984e-01 -5.824555158615112305e-01 8.974859118461608887e-01 -1.042233482003211975e-01 1.572684288024902344e+00 1.360810995101928711e+00 -7.647619247436523438e-01 -5.201458930969238281e-01 6.152566671371459961e-01 -7.168081998825073242e-01
-9.196999669075012207e-01 -6.031822562217712402e-01 7.142104953527450562e-02 -7.919483184814453125e-01 -1.895520091056823730e+00 1.076219201087951660e+00 -4.864128530025482178e-01 3.532749116420745850e-01 3.468864262104034424e-01 -5.054472088813781738e-01 -2.480064779520034790e-01 2.946904182434082031e+00 8.224830776453018188e-02 3.046285808086395264e-01 -1.433104276657104492e-01 -1.427266716957092285e+00 -7.027710080146789551e-01 7.168219089508056641e-01 3.465975046157836914e+00 9.427873492240905762e-01 -1.350010931491851807e-01 -1.352275460958480835e-01 -6.026459336280822754e-01 -3.832426667213439941e-01 -5.636023879051208496e-01 -2.996078431606292725e-01 -2.641031742095947266e-01 1.316643834114074707e+00 1.434325695037841797e+00 4.624814391136169434e-01 -4.945216774940490723e-01 3.820822536945343018e-01 8.451538681983947754e-01 -6.513111591339111328e-01 -7.924691438674926758e-01 3.518967032432556152e-01 -4.313656687736511230e-02 -1.355875611305236816e+00 2.633391857147216797e+00 -2.464903891086578369e-01 -3.793128728866577148e-01 1.509500622749328613e+00 -1.079171895980834961e+00 -5.001628994941711426e-01 1.366897225379943848e-01 -4.686960279941558838e-01 4.856502711772918701e-01 3.316155672073364258e-01 2.744029462337493896e-01 1.243640854954719543e-01 -5.958995223045349121e-01 -1.140094026923179626e-01 -7.278510332107543945e-01 -3.096704781055450439e-01 -5.822650790214538574e-01 -1.570154070854187012e+00 5.488858819007873535e-01 1.542081952095031738e+00 4.973104000091552734e-01 -4.777541756629943848e-01 -6.453016400337219238e-01 -2.002615630626678467e-01 4.705907404422760010e-01 -8.670323491096496582e-01
-8.737331032752990723e-01 -6.609718799591064453e-01 2.473598867654800415e-01 -3.452698588371276855e-01 -2.283539772033691406e+00 1.286197304725646973e+00 -1.820454001426696777e-01 3.163392245769500732e-01 6.342104077339172363e-01 -6.519693136215209961e-01 -2.322101145982742310e-01 2.666900157928466797e+00 -1.083855237811803818e-02 8.020647764205932617e-01 -3.495940864086151123e-01 -1.261325120925903320e+00 -6.829028725624084473e-01 5.622506141662597656e-01 3.313842296600341797e+00 8.111382722854614258e-01 3.206669911742210388e-02 -2.033364474773406982e-01 -6.790514588356018066e-01 -6.995688080787658691e-01 -5.523920059204101562e-01 -3.067204654216766357e-01 -4.042848944664001465e-01 1.032647252082824707e+00 1.583936214447021484e+00 3.429760336875915527e-01 -7.275962829589843750e-01 5.115211606025695801e-01 1.119480967521667480e+00 -5.739551186561584473e-01 -7.540947794914245605e-01 1.708986908197402954e-01 -3.238586485385894775e-01 -1.359601020812988281e+00 2.232904434204101562e+00 -3.912440538406372070e-01 -3.942457139492034912e-01 1.781786561012268066e+00 -1.016237020492553711e+00 -4.203534722328186035e-01 7.781810164451599121e-01 -5.894718170166015625e-01 5.655629038810729980e-01 3.145263791084289551e-01 5.328263044357299805e-01 6.069871410727500916e-02 -1.930870562791824341e-01 -5.128770470619201660e-01 -8.176733255386352539e-01 -3.938413560390472412e-01 -4.684062600135803223e-01 -1.533466100692749023e+00 4.704175293445587158e-01 1.288628935813903809e+00 5.810775160789489746e-01 -9.982431679964065552e-02 -9.030996561050415039e-01 -1.899334341287612915e-01 6.082942485809326172e-01 -8.659064173698425293e-01
-7.255871891975402832e-01 -1.190337538719177246e+00 5.300674438476562500e-01 4.941577911376953125e-01 -2.701616525650024414e+00 4.818511903285980225e-01 9.093424677848815918e-01 -1.270524412393569946e-01 9.539186358451843262e-01 -9.051390290260314941e-01 -1.704465001821517944e-01 2.135296583175659180e+00 -2.948328256607055664e-01 1.364270806312561035e+00 -7.553237676620483398e-01 -1.312766909599304199e+00 -1.017552256584167480e+00 2.533984482288360596e-01 1.928807497024536133e+00 8.621108531951904297e-01 -2.801692811772227287e-03 -3.500170111656188965e-01 -7.871037721633911133e-01 -3.588342070579528809e-01 -1.023134946823120117e+00 -2.846401035785675049e-01 -6.337400674819946289e-01 6.667887568473815918e-01 1.901675581932067871e+00 1.015014648437500000e+00 -6.640142798423767090e-01 8.431543111801147461e-01 1.751649975776672363e+00 -2.696182131767272949e-01 -8.707687854766845703e-01 -2.071819603443145752e-01 -8.613309860229492188e-01 -8.065699934959411621e-01 1.189156174659729004e+00 -1.067881822586059570e+00 -1.773148179054260254e-01 1.833530068397521973e+00 -6.769448518753051758e-01 5.087506771087646484e-01 6.290820240974426270e-01 -4.967750310897827148e-01 7.211351990699768066e-01 4.382731616497039795e-01 1.050658106803894043e+00 -9.703104197978973389e-02 8.601834177970886230e-01 -1.137938618659973145e+00 -2.538999617099761963e-01 -8.056279420852661133e-01 -3.985404074192047119e-01 -8.368023633956909180e-01 1.062657356262207031e+00 1.756451874971389771e-01 1.437054157257080078e+00 7.444579005241394043e-01 -1.000077843666076660e+00 -6.858491897583007812e-01 1.639797985553741455e-01 -8.410181403160095215e-01
-7.571500539779663086e-01 -1.056342601776123047e+00 1.801740080118179321e-01 4.351852238178253174e-01 -2.561402320861816406e+00 5.596920847892761230e-01 8.769845962524414062e-01 -5.292091891169548035e-02 1.124742269515991211e+00 -1.028406620025634766e+00 -1.285041868686676025e-01 1.943199276924133301e+00 -1.770177632570266724e-01 1.125399351119995117e+00 -5.073971748352050781e-01 -1.203235864639282227e+00 -6.614720225334167480e-01 -9.234407544136047363e-02 2.126928567886352539e+00 8.402503132820129395e-01 2.515413798391819000e-02 -3.786512911319732666e-01 -8.176513314247131348e-01 -6.904572844505310059e-01 -1.046580076217651367e+00 -5.057857036590576172e-01 -4.932778775691986084e-01 6.857845187187194824e-01 2.341273069381713867e+00 8.439321517944335938e-01 -5.792843103408813477e-01 8.782021999359130859e-01 1.517742156982421875e+00 -3.208656311035156250e-01 -1.080560922622680664e+00 -6.384415179491043091e-02 -4.378249347209930420e-01 -1.455583930015563965e+00 1.342891335487365723e+00 -3.879718780517578125e-01 -1.995118707418441772e-01 1.947836399078369141e+00 -5.707361698150634766e-01 1.300604492425918579e-01 7.237737178802490234e-01 -5.812968015670776367e-01 7.246394157409667969e-01 9.163865447044372559e-01 8.494139313697814941e-01 4.782968014478683472e-02 5.702176094055175781e-01 -5.548116564750671387e-01 -7.745535969734191895e-01 -4.582113921642303467e-01 -6.370839476585388184e-01 -1.265741825103759766e+00 6.028907299041748047e-01 4.791105985641479492e-01 1.471707582473754883e+00 4.106594324111938477e-01 -1.140971779823303223e+00 -4.727177917957305908e-01 6.465944051742553711e-01 -1.126785635948181152e+00
-9.547305107116699219e-01 -1.098128557205200195e+00 3.948020935058593750e-01 7.496224045753479004e-01 -2.545165777206420898e+00 6.647700071334838867e-01 8.526102304458618164e-01 -8.011281490325927734e-02 1.168593645095825195e+00 -9.175207614898681641e-01 -1.504198461771011353e-01 2.048340559005737305e+00 -2.759131789207458496e-01 1.179168581962585449e+00 -7.423579096794128418e-01 -1.202049493789672852e+00 -7.271642088890075684e-01 -1.038424074649810791e-01 1.808251857757568359e+00 5.257883667945861816e-01 9.164965152740478516e-02 -3.417668044567108154e-01 -8.641308546066284180e-01 -9.104983806610107422e-01 -8.749844431877136230e-01 -3.465069234371185303e-01 -3.392664790153503418e-01 3.515832424163818359e-01 1.942452073097229004e+00 1.032591462135314941e+00 -6.417320966720581055e-01 1.135113239288330078e+00 1.756558179855346680e+00 -2.871089279651641846e-01 -9.687545895576477051e-01 -1.197168529033660889e-01 -6.220290660858154297e-01 -1.676659941673278809e+00 1.100587487220764160e+00 -4.504505693912506104e-01 -3.072272241115570068e-01 1.763191580772399902e+00 -6.634701490402221680e-01 4.185853302478790283e-01 7.471732497215270996e-01 -5.942988395690917969e-01 5.448828935623168945e-01 4.540873765945434570e-01 1.115700125694274902e+00 -2.239611186087131500e-02 1.076815247535705566e+00 -7.549181580543518066e-01 -7.215701937675476074e-01 -5.123183131217956543e-01 -4.525882303714752197e-01 -8.111641407012939453e-01 8.859450817108154297e-01 -1.948514021933078766e-02 1.619930982589721680e+00 9.971098899841308594e-01 -1.213578939437866211e+00 -2.300905585289001465e-01 3.326807618141174316e-01 -1.025790452957153320e+00
-8.389804363250732422e-01 -1.178880214691162109e+00 3.276247084140777588e-01 1.117410302162170410e+00 -2.532480239868164062e+00 4.375464022159576416e-01 1.330839514732360840e+00 -1.177042499184608459e-01 1.303712248802185059e+00 -1.026114344596862793e+00 -3.031352460384368896e-01 1.360783219337463379e+00 -4.185760617256164551e-01 1.494942426681518555e+00 -9.249511957168579102e-01 -1.083790898323059082e+00 -6.772603392601013184e-01 -3.472280204296112061e-01 1.284782052040100098e+00 6.514368057250976562e-01 -1.234557628631591797e-01 -5.017642974853515625e-01 -6.354257464408874512e-01 -6.419714093208312988e-01 -9.898358583450317383e-01 -2.511777579784393311e-01 -5.829393863677978516e-01 4.420109093189239502e-01 2.254960060119628906e+00 6.759890317916870117e-01 -6.751001477241516113e-01 9.882842302322387695e-01 1.723710417747497559e+00 -6.406373530626296997e-02 -6.372888684272766113e-01 -2.375360876321792603e-01 -7.830783724784851074e-01 -1.341615200042724609e+00 6.268225908279418945e-01 -6.210095286369323730e-01 -3.083664178848266602e-01 2.159104347229003906e+00 -2.985485494136810303e-01 3.235583007335662842e-01 1.064878225326538086e+00 -6.293667554855346680e-01 7.367544174194335938e-01 1.074592947959899902e+00 1.011125206947326660e+00 1.562974881380796432e-03 9.640613198280334473e-01 -9.517479538917541504e-01 -6.664480566978454590e-01 -7.476577758789062500e-01 -5.370933413505554199e-01 -9.820264577865600586e-01 7.516304850578308105e-01 1.092341989278793335e-01 1.550014138221740723e+00 1.019320487976074219e+00 -1.016821980476379395e+00 -5.483463406562805176e-01 5.910533666610717773e-01 -9.397902488708496094e-01
-1.008234143257141113e+00 -1.010084867477416992e+00 1.592316180467605591e-01 -7.615415751934051514e-02 -2.443677663803100586e+00 1.077054262161254883e+00 3.931298553943634033e-01 1.033958122134208679e-01 7.846837043762207031e-01 -7.788908481597900391e-01 -2.296980321407318115e-01 2.565808773040771484e+00 -1.193836629390716553e-01 8.300360441207885742e-01 -5.976125001907348633e-01 -1.303563714027404785e+00 -9.306697249412536621e-01 2.333918660879135132e-01 2.863625526428222656e+00 1.012037396430969238e+00 -1.396836829371750355e-03 -1.495275944471359253e-01 -6.795728802680969238e-01 -5.888068675994873047e-01 -6.525909900665283203e-01 -3.975379168987274170e-01 -3.040114939212799072e-01 8.478134870529174805e-01 1.845304727554321289e+00 6.890530586242675781e-01 -7.671515345573425293e-01 7.994445562362670898e-01 1.391990303993225098e+00 -5.962180495262145996e-01 -8.143979310989379883e-01 5.131480842828750610e-02 -4.639901220798492432e-01 -1.311028003692626953e+00 1.865563631057739258e+00 -5.487892031669616699e-01 -1.972435563802719116e-01 1.803554654121398926e+00 -7.887206673622131348e-01 -5.873044952750205994e-02 4.426064193248748779e-01 -4.357161521911621094e-01 6.303740739822387695e-01 4.066830277442932129e-01 8.594570755958557129e-01 4.706629738211631775e-02 3.612172007560729980e-01 -7.664092183113098145e-01 -7.152569890022277832e-01 -2.946262657642364502e-01 -5.305910706520080566e-01 -1.468275070190429688e+00 5.851633548736572266e-01 7.629668116569519043e-01 1.228342652320861816e+00 1.572912335395812988e-01 -8.347169756889343262e-01 -2.399147152900695801e-01 3.450564444065093994e-01 -1.111785411834716797e+00
-8.156705498695373535e-01 -1.195361733436584473e+00 2.807799875736236572e-01 7.283838391304016113e-01 -2.571460485458374023e+00 2.502751052379608154e-01 1.061057686805725098e+00 1.602624058723449707e-01 1.454471111297607422e+00 -7.798004746437072754e-01 -1.572764962911605835e-01 1.620954632759094238e+00 -4.305429756641387939e-01 1.562752008438110352e+00 -5.863139629364013672e-01 -1.392253756523132324e+00 -7.248706817626953125e-01 -2.782676815986633301e-01 1.635470032691955566e+00 6.886307597160339355e-01 2.244687452912330627e-02 -3.559464514255523682e-01 -8.027302622795104980e-01 -7.903308272361755371e-01 -9.571552276611328125e-01 -3.405284285545349121e-01 -4.286731779575347900e-01 5.901941061019897461e-01 2.281333446502685547e+00 7.161125540733337402e-01 -5.194131135940551758e-01 7.118043303489685059e-01 1.888066887855529785e+00 -3.636278808116912842e-01 -1.116616249084472656e+00 -1.021490767598152161e-01 -5.298874378204345703e-01 -1.611554861068725586e+00 9.688408374786376953e-01 -3.168730139732360840e-01 -3.550119698047637939e-01 1.921812772750854492e+00 -5.926500558853149414e-01 4.609539210796356201e-01 7.634367942810058594e-01 -7.035187482833862305e-01 7.465934157371520996e-01 9.159868359565734863e-01 6.950801014900207520e-01 1.336210966110229492e-01 6.589117646217346191e-01 -5.584134459495544434e-01 -8.442748188972473145e-01 -5.714012384414672852e-01 -3.606329858303070068e-01 -7.382435798645019531e-01 7.164818048477172852e-01 1.517332941293716431e-01 1.439108014106750488e+00 8.450096845626831055e-01 -1.265989303588867188e+00 -5.340467095375061035e-01 7.329061627388000488e-01 -9.964253306388854980e-01
-9.184315800666809082e-01 -1.242905497550964355e+00 1.809788942337036133e-01 2.737003266811370850e-01 -2.360538244247436523e+00 9.184455871582031250e-01 7.277771830558776855e-01 7.611563056707382202e-02 8.377056717872619629e-01 -7.905499935150146484e-01 -5.050922632217407227e-01 2.389054059982299805e+00 -1.475016176700592041e-01 9.491054415702819824e-01 -6.902271509170532227e-01 -1.435115575790405273e+00 -6.337162256240844727e-01 -2.822569943964481354e-02 2.489139795303344727e+00 8.010199069976806641e-01 -1.596668362617492676e-01 -4.683814644813537598e-01 -8.406394124031066895e-01 -5.008651018142700195e-01 -1.275710940361022949e+00 -2.904484570026397705e-01 -4.782868325710296631e-01 3.855471611022949219e-01 1.855041861534118652e+00 9.087090492248535156e-01 -5.429393053054809570e-01 1.308561921119689941e+00 1.556748867034912109e+00 -4.348110258579254150e-01 -6.451725363731384277e-01 -1.500513404607772827e-01 -6.539954543113708496e-01 -9.674155116081237793e-01 1.575304269790649414e+00 -6.174241304397583008e-01 -1.666308939456939697e-01 1.875932574272155762e+00 -6.836326718330383301e-01 2.489531487226486206e-01 5.697616338729858398e-01 -6.965683698654174805e-01 4.936875700950622559e-01 5.169568657875061035e-01 1.043777704238891602e+00 -1.076578050851821899e-01 7.529450654983520508e-01 -1.116192698478698730e+00 -4.908799827098846436e-01 -6.247447133064270020e-01 -8.317081928253173828e-01 -1.053760170936584473e+00 9.780488610267639160e-01 5.172052383422851562e-01 1.414555907249450684e+00 5.653098821640014648e-01 -6.574825048446655273e-01 -1.878321468830108643e-01 2.200343310832977295e-01 -8.910810947418212891e-01
-7.978709340095520020e-01 -1.237703204154968262e+00 1.878040134906768799e-01 1.114895701408386230e+00 -2.370192289352416992e+00 2.217056006193161011e-01 1.442094445228576660e+00 -3.139669895172119141e-01 1.189627289772033691e+00 -7.942457795143127441e-01 -3.339892923831939697e-01 1.352996468544006348e+00 -4.700038433074951172e-01 1.724415183067321777e+00 -9.061048030853271484e-01 -1.196441054344177246e+00 -9.333326816558837891e-01 -5.125579833984375000e-01 1.016802191734313965e+00 7.926479578018188477e-01 -1.501450091600418091e-01 -3.627749383449554443e-01 -6.775845885276794434e-01 -5.995779037475585938e-01 -1.154943108558654785e+00 -2.967925369739532471e-01 -5.307083129882812500e-01 1.923839300870895386e-01 2.170465469360351562e+00 7.975915074348449707e-01 -5.020139813423156738e-01 1.170643210411071777e+00 1.990918397903442383e+00 -3.232972025871276855e-01 -6.189432144165039062e-01 -3.961198031902313232e-01 -9.421392083168029785e-01 -9.119353294372558594e-01 4.599691331386566162e-01 -8.083388805389404297e-01 -2.243831157684326172e-01 1.940131306648254395e+00 -3.565276265144348145e-01 6.479305624961853027e-01 7.801809310913085938e-01 -5.670914053916931152e-01 7.663739919662475586e-01 9.631298780441284180e-01 1.001260399818420410e+00 -2.223736345767974854e-01 1.239448904991149902e+00 -1.206283807754516602e+00 -4.037532806396484375e-01 -7.780206799507141113e-01 -5.318338871002197266e-01 -6.430261135101318359e-01 9.189539551734924316e-01 -2.446054667234420776e-01 1.809653401374816895e+00 1.133952617645263672e+00 -7.684153318405151367e-01 -4.369613230228424072e-01 5.740515589714050293e-01 -8.826569318771362305e-01
-7.988717555999755859e-01 -4.984041750431060791e-01 -3.577629104256629944e-02 -7.752994298934936523e-01 -2.017593860626220703e+00 1.294315338134765625e+00 -3.252485990524291992e-01 3.146669268608093262e-01 4.596852362155914307e-01 -6.938056945800781250e-01 -2.056631594896316528e-01 2.998220443725585938e+00 -5.761425476521253586e-03 3.307687640190124512e-01 -1.720450818538665771e-01 -1.295641064643859863e+00 -6.935221552848815918e-01 7.456451654434204102e-01 3.463931322097778320e+00 7.838366031646728516e-01 -4.888459295034408569e-02 -1.574424207210540771e-01 -4.079950451850891113e-01 -4.047149717807769775e-01 -4.904131293296813965e-01 -2.698203921318054199e-01 -4.262836575508117676e-01 1.281960844993591309e+00 1.272807836532592773e+00 4.841545224189758301e-01 -5.399211049079895020e-01 5.996606349945068359e-01 8.755719661712646484e-01 -4.713622629642486572e-01 -6.992532014846801758e-01 3.996935188770294189e-01 -1.257177740335464478e-01 -1.378648161888122559e+00 2.576043128967285156e+00 -3.092564940452575684e-01 -3.352359831333160400e-01 1.467689871788024902e+00 -1.109508156776428223e+00 -5.519928932189941406e-01 3.754506111145019531e-01 -4.037269651889801025e-01 4.147415161132812500e-01 2.818610966205596924e-01 5.209969282150268555e-01 8.309040218591690063e-02 -4.503083527088165283e-01 -2.743423581123352051e-01 -8.805649876594543457e-01 -3.290103375911712646e-01 -3.992420136928558350e-01 -1.664610624313354492e+00 3.754969537258148193e-01 1.487760543823242188e+00 4.501108229160308838e-01 -6.255001425743103027e-01 -6.975639462471008301e-01 -4.396078884601593018e-01 4.029701948165893555e-01 -8.752740025520324707e-01
-8.254037499427795410e-01 -8.093404769897460938e-01 3.140052035450935364e-02 -5.545475482940673828e-01 -2.014763116836547852e+00 1.088762044906616211e+00 -6.682512909173965454e-02 4.607936143875122070e-01 5.248010754585266113e-01 -5.952365994453430176e-01 -2.755244374275207520e-01 3.088252305984497070e+00 -8.611790835857391357e-02 5.195262432098388672e-01 -2.379161864519119263e-01 -1.420621752738952637e+00 -8.511651754379272461e-01 7.108718156814575195e-01 3.309571743011474609e+00 7.370638847351074219e-01 -1.566950231790542603e-01 -2.086966782808303833e-01 -5.554936528205871582e-01 -2.916481196880340576e-01 -8.631104230880737305e-01 -2.683435976505279541e-01 -2.827710509300231934e-01 9.864467382431030273e-01 1.341586589813232422e+00 8.042390346527099609e-01 -5.798158645629882812e-01 8.322989940643310547e-01 1.216738820075988770e+00 -3.392385542392730713e-01 -8.325701355934143066e-01 4.109453558921813965e-01 -3.456376492977142334e-01 -1.629670739173889160e+00 2.361348390579223633e+00 -2.000982165336608887e-01 -2.162131965160369873e-01 1.598914384841918945e+00 -1.080074310302734375e+00 -4.510700404644012451e-01 1.605299562215805054e-01 -4.526832401752471924e-01 3.658476173877716064e-01 5.097131729125976562e-01 4.561689794063568115e-01 1.132972016930580139e-01 -2.158607095479965210e-01 -2.181726843118667603e-01 -9.382538795471191406e-01 -3.177938163280487061e-01 -4.192057549953460693e-01 -1.253508806228637695e+00 3.831770718097686768e-01 1.002854228019714355e+00 7.834883928298950195e-01 -4.095489978790283203e-01 -7.097747921943664551e-01 -5.206364989280700684e-01 3.733260035514831543e-01 -1.008708238601684570e+00
-6.674450635910034180e-01 -1.160453438758850098e+00 2.439459562301635742e-01 3.146968483924865723e-01 -2.490555286407470703e+00 6.216530799865722656e-01 7.398205399513244629e-01 -2.197929173707962036e-01 6.612997055053710938e-01 -1.075114250183105469e+00 -5.293165519833564758e-02 2.647326231002807617e+00 -1.400822103023529053e-01 9.170308113098144531e-01 -5.834740996360778809e-01 -1.412745356559753418e+00 -1.003380298614501953e+00 1.254407614469528198e-01 1.985939502716064453e+00 5.100910067558288574e-01 -1.943462193012237549e-01 -1.555741429328918457e-01 -7.757435441017150879e-01 -6.277071833610534668e-01 -1.086219429969787598e+00 -2.725000381469726562e-01 -2.284199893474578857e-01 4.770542383193969727e-01 1.686728358268737793e+00 1.412541151046752930e+00 -6.408779025077819824e-01 1.192131519317626953e+00 1.398252844810485840e+00 -3.525989651679992676e-01 -1.227622628211975098e+00 5.539681389927864075e-02 -5.136643648147583008e-01 -1.363165736198425293e+00 1.579006433486938477e+00 -5.729045271873474121e-01 -1.819763779640197754e-01 1.371378183364868164e+00 -6.614151597023010254e-01 4.636842012405395508e-01 3.340558111667633057e-01 -5.517989993095397949e-01 7.087925672531127930e-01 2.728392183780670166e-01 1.286935925483703613e+00 2.710460722446441650e-01 1.133893609046936035e+00 -7.045981884002685547e-01 -7.036263942718505859e-01 -6.341715455055236816e-01 -5.314825177192687988e-01 -8.133738636970520020e-01 1.085734128952026367e+00 3.963416442275047302e-02 1.821988463401794434e+00 6.889109015464782715e-01 -9.114139676094055176e-01 -4.220384955406188965e-01 -1.014425158500671387e-01 -9.501879811286926270e-01
-7.417873144149780273e-01 -1.395742297172546387e+00 2.005235999822616577e-01 1.198927402496337891e+00 -2.458033323287963867e+00 2.549358606338500977e-01 1.522605895996093750e+00 -2.134214639663696289e-01 1.342759847640991211e+00 -7.716216444969177246e-01 -2.371625006198883057e-01 1.208783984184265137e+00 -4.802906811237335205e-01 1.696432590484619141e+00 -8.852905631065368652e-01 -1.128797531127929688e+00 -7.741160988807678223e-01 -5.661176443099975586e-01 9.342892169952392578e-01 6.758707761764526367e-01 -5.938569828867912292e-02 -3.085338771343231201e-01 -6.469919085502624512e-01 -5.338370800018310547e-01 -1.097293376922607422e+00 -2.753890454769134521e-01 -5.458573698997497559e-01 2.024778276681900024e-01 2.251193761825561523e+00 6.923784613609313965e-01 -5.300220847129821777e-01 1.001305103302001953e+00 1.958517432212829590e+00 -2.995947301387786865e-01 -5.687668323516845703e-01 -4.715688228607177734e-01 -9.676555991172790527e-01 -1.058707594871520996e+00 2.453108280897140503e-01 -7.723343968391418457e-01 -2.947826385498046875e-01 1.877555251121520996e+00 -1.134443432092666626e-01 6.666841506958007812e-01 9.039089679718017578e-01 -6.391896009445190430e-01 7.715901732444763184e-01 9.907656908035278320e-01 1.023708224296569824e+00 -2.483859807252883911e-01 1.290913343429565430e+00 -1.136247158050537109e+00 -3.293465673923492432e-01 -7.754852771759033203e-01 -4.747141301631927490e-01 -7.402648329734802246e-01 9.209891557693481445e-01 -2.945559024810791016e-01 1.709721088409423828e+00 1.144626855850219727e+00 -9.514319896697998047e-01 -4.507918953895568848e-01 5.892604589462280273e-01 -8.821885585784912109e-01
-7.785172462463378906e-01 -1.244156479835510254e+00 3.138801455497741699e-01 9.843416213989257812e-01 -2.494819879531860352e+00 5.330969691276550293e-01 1.029663205146789551e+00 -2.615526318550109863e-01 1.258952498435974121e+00 -7.883145213127136230e-01 -4.180408418178558350e-01 1.739177584648132324e+00 -4.436965286731719971e-01 1.521588683128356934e+00 -9.104916453361511230e-01 -1.024411201477050781e+00 -9.329050183296203613e-01 -2.315525710582733154e-01 1.383981943130493164e+00 7.305008769035339355e-01 -1.702927350997924805e-01 -4.216979444026947021e-01 -7.006906867027282715e-01 -5.128456354141235352e-01 -1.240226507186889648e+00 -3.590709865093231201e-01 -5.259354114532470703e-01 1.511328518390655518e-01 2.117789030075073242e+00 7.331509590148925781e-01 -5.748814344406127930e-01 1.166079401969909668e+00 1.815985560417175293e+00 -3.111864626407623291e-01 -4.596493542194366455e-01 -4.588048160076141357e-01 -1.113765239715576172e+00 -9.732791185379028320e-01 6.696640849113464355e-01 -8.609778881072998047e-01 -2.617495357990264893e-01 2.063532352447509766e+00 -3.304493725299835205e-01 6.114630103111267090e-01 9.281893968582153320e-01 -7.311305403709411621e-01 6.300262212753295898e-01 8.199351429939270020e-01 1.093865871429443359e+00 -1.809527426958084106e-01 1.086040973663330078e+00 -1.251553893089294434e+00 -3.914725780487060547e-01 -7.434015274047851562e-01 -5.269232988357543945e-01 -7.500129938125610352e-01 1.020155072212219238e+00 -3.734334185719490051e-02 1.598722577095031738e+00 9.638783335685729980e-01 -6.852558255195617676e-01 -4.531313180923461914e-01 5.804965496063232422e-01 -7.606006264686584473e-01
-5.649980902671813965e-01 -1.249633312225341797e+00 6.235337853431701660e-01 1.503799915313720703e+00 -2.474227428436279297e+00 7.558715343475341797e-02 1.494308471679687500e+00 -3.162785768508911133e-01 1.456207752227783203e+00 -7.945252060890197754e-01 -4.237030446529388428e-01 7.639146447181701660e-01 -5.104275941848754883e-01 1.685531377792358398e+00 -1.022517323493957520e+00 -1.005042672157287598e+00 -7.559423446655273438e-01 -7.014411687850952148e-01 5.159923434257507324e-01 6.178106665611267090e-01 -2.030843310058116913e-02 -4.917338192462921143e-01 -6.659859418869018555e-01 -6.621601581573486328e-01 -1.099515199661254883e+00 -1.236750632524490356e-01 -6.384152173995971680e-01 1.879526078701019287e-01 2.285844564437866211e+00 4.694491326808929443e-01 -3.622246086597442627e-01 7.666785717010498047e-01 1.742639780044555664e+00 -1.241711974143981934e-01 -5.306364893913269043e-01 -4.650635123252868652e-01 -1.121782422065734863e+00 -8.998903036117553711e-01 -6.777918338775634766e-02 -7.231771349906921387e-01 -3.992463350296020508e-01 2.159915924072265625e+00 -1.591427922248840332e-01 7.783468961715698242e-01 1.171465396881103516e+00 -7.072317004203796387e-01 9.220020771026611328e-01 1.136332154273986816e+00 1.106111168861389160e+00 -1.008623316884040833e-01 1.322485446929931641e+00 -1.109807372093200684e+00 -3.225929141044616699e-01 -8.089392185211181641e-01 -5.575017333030700684e-01 -6.270911097526550293e-01 8.113004565238952637e-01 -2.306414395570755005e-01 1.646960973739624023e+00 1.249108314514160156e+00 -7.755975723266601562e-01 -5.664638876914978027e-01 4.763856828212738037e-01 -6.877005696296691895e-01
-6.507668495178222656e-01 -1.177443385124206543e+00 3.547568917274475098e-01 1.260818123817443848e+00 -2.488767147064208984e+00 3.510698676109313965e-02 1.437168478965759277e+00 -2.552396953105926514e-01 1.396287441253662109e+00 -8.495631814002990723e-01 -2.570030689239501953e-01 9.583847522735595703e-01 -6.709432005882263184e-01 1.806533455848693848e+00 -7.801465988159179688e-01 -1.058758854866027832e+00 -7.999693155288696289e-01 -7.361221313476562500e-01 6.314252614974975586e-01 6.464979648590087891e-01 -1.203675642609596252e-01 -4.810867011547088623e-01 -7.108449935913085938e-01 -6.109176278114318848e-01 -1.117093324661254883e+00 -3.307430148124694824e-01 -5.357171297073364258e-01 2.773588895797729492e-02 2.377027988433837891e+00 5.938191413879394531e-01 -4.045107960700988770e-01 6.951447725296020508e-01 2.007852077484130859e+00 -3.306316137313842773e-01 -6.146245002746582031e-01 -5.544042587280273438e-01 -9.460373520851135254e-01 -8.951889276504516602e-01 2.141545116901397705e-01 -7.273173332214355469e-01 -3.208514451980590820e-01 2.132675886154174805e+00 -1.804706007242202759e-01 8.242600560188293457e-01 9.910681247711181641e-01 -7.781672477722167969e-01 8.526577353477478027e-01 1.104012131690979004e+00 9.340032339096069336e-01 -1.443434059619903564e-01 1.266945362091064453e+00 -1.131540417671203613e+00 -3.379021584987640381e-01 -7.735086679458618164e-01 -5.092558264732360840e-01 -6.334123611450195312e-01 8.955010771751403809e-01 -2.988280057907104492e-01 1.718691110610961914e+00 1.119145750999450684e+00 -6.554423570632934570e-01 -4.099682271480560303e-01 7.810057401657104492e-01 -6.912273764610290527e-01
-5.595978498458862305e-01 -1.277271389961242676e+00 5.232244729995727539e-01 1.205922722816467285e+00 -2.545428752899169922e+00 1.452690958976745605e-01 1.432580113410949707e+00 -2.974216043949127197e-01 1.304236531257629395e+00 -9.141386747360229492e-01 -3.236993551254272461e-01 1.046420335769653320e+00 -4.159635007381439209e-01 1.598967075347900391e+00 -9.361433982849121094e-01 -1.115475296974182129e+00 -7.699100375175476074e-01 -5.400302410125732422e-01 8.720985054969787598e-01 7.310778498649597168e-01 7.166072260588407516e-03 -3.446626365184783936e-01 -6.300324201583862305e-01 -5.565527081489562988e-01 -1.123596191406250000e+00 -2.578493058681488037e-01 -5.572400689125061035e-01 2.563663423061370850e-01 2.343454360961914062e+00 6.152278184890747070e-01 -4.037307500839233398e-01 9.058431982994079590e-01 1.671075463294982910e+00 -2.797588706016540527e-01 -6.749105453491210938e-01 -4.753216803073883057e-01 -9.529137015342712402e-01 -8.790645003318786621e-01 2.452622503042221069e-01 -9.235368371009826660e-01 -4.065035283565521240e-01 2.029985666275024414e+00 -2.301079183816909790e-01 7.759519219398498535e-01 1.011652112007141113e+00 -7.215836048126220703e-01 8.681048750877380371e-01 9.041526913642883301e-01 1.210091233253479004e+00 -1.067749783396720886e-01 1.241690516471862793e+00 -1.117559432983398438e+00 -3.085685074329376221e-01 -9.472277760505676270e-01 -6.702003479003906250e-01 -7.784635424613952637e-01 1.067534327507019043e+00 -1.119603067636489868e-01 1.629513978958129883e+00 1.177596092224121094e+00 -8.924720883369445801e-01 -5.051577687263488770e-01 5.389266610145568848e-01 -6.738358139991760254e-01
-1.042412996292114258e+00 -1.072399020195007324e+00 1.720200479030609131e-01 5.113650560379028320e-01 -2.619697332382202148e+00 6.274725794792175293e-01 6.520802378654479980e-01 2.035277187824249268e-01 1.118389487266540527e+00 -8.010982275009155273e-01 -2.625678777694702148e-01 2.038452625274658203e+00 -1.823970377445220947e-01 1.268242478370666504e+00 -5.341123342514038086e-01 -1.350741982460021973e+00 -6.577171087265014648e-01 8.018956333398818970e-02 2.293950080871582031e+00 7.089695930480957031e-01 -5.176009237766265869e-02 -3.719463944435119629e-01 -8.105356097221374512e-01 -9.037880897521972656e-01 -8.648347258567810059e-01 -3.584350943565368652e-01 -3.380521237850189209e-01 7.324844598770141602e-01 1.950289368629455566e+00 5.844755172729492188e-01 -6.570898294448852539e-01 7.989113926887512207e-01 1.753028035163879395e+00 -3.713188171386718750e-01 -8.991571068763732910e-01 -4.794698953628540039e-02 -3.435623049736022949e-01 -1.710110068321228027e+00 1.522582888603210449e+00 -2.886997163295745850e-01 -3.652121424674987793e-01 1.918449997901916504e+00 -7.827442884445190430e-01 3.053369522094726562e-01 8.774253726005554199e-01 -5.592302680015563965e-01 5.642189383506774902e-01 6.886857151985168457e-01 6.923497915267944336e-01 6.522238999605178833e-02 2.612499892711639404e-01 -6.607133150100708008e-01 -8.000689744949340820e-01 -5.006466507911682129e-01 -3.727344870567321777e-01 -1.069408774375915527e+00 8.291456103324890137e-01 5.481037497520446777e-01 1.162385702133178711e+00 5.758456587791442871e-01 -1.187851667404174805e+00 -2.019568234682083130e-01 6.732248067855834961e-01 -1.055066108703613281e+00
-8.893156051635742188e-01 -1.097571969032287598e+00 1.422148495912551880e-01 3.898188769817352295e-01 -2.450657129287719727e+00 7.773646712303161621e-01 6.170755624771118164e-01 -2.324260026216506958e-02 9.662770032882690430e-01 -6.728161573410034180e-01 -6.402770876884460449e-01 2.152640342712402344e+00 -2.956980466842651367e-01 1.378239750862121582e+00 -6.152566075325012207e-01 -1.323621392250061035e+00 -8.972139358520507812e-01 1.239330098032951355e-01 2.548811197280883789e+00 1.002034902572631836e+00 -1.763209104537963867e-01 -4.289657175540924072e-01 -7.433711886405944824e-01 -4.328022897243499756e-01 -1.128709077835083008e+00 -2.918649017810821533e-01 -5.108785033226013184e-01 6.213932037353515625e-01 2.005599975585937500e+00 4.098143279552459717e-01 -5.813961029052734375e-01 9.306520223617553711e-01 1.696065187454223633e+00 -5.566164255142211914e-01 -4.821503758430480957e-01 -1.203635632991790771e-01 -9.265319108963012695e-01 -8.696922063827514648e-01 1.501998424530029297e+00 -8.432787060737609863e-01 -4.002237319946289062e-01 2.095688819885253906e+00 -7.058090567588806152e-01 2.975908815860748291e-01 8.183302879333496094e-01 -6.743307709693908691e-01 6.149762272834777832e-01 6.451858878135681152e-01 7.393811941146850586e-01 -1.236106529831886292e-01 4.095853269100189209e-01 -1.135018944740295410e+00 -3.704590201377868652e-01 -7.595111727714538574e-01 -5.591678619384765625e-01 -1.260594248771667480e+00 8.982533216476440430e-01 6.604773402214050293e-01 1.164497256278991699e+00 3.772992789745330811e-01 -4.599579572677612305e-01 -3.639636933803558350e-01 5.955428481101989746e-01 -6.742845773696899414e-01
-9.587709903717041016e-01 -1.105003833770751953e+00 4.105839431285858154e-01 1.119668707251548767e-01 -2.328801155090332031e+00 8.532014489173889160e-01 1.890914589166641235e-01 3.856362700462341309e-01 1.064205050468444824e+00 -6.056468486785888672e-01 -2.785959839820861816e-01 2.419790744781494141e+00 -3.354960381984710693e-01 1.028094530105590820e+00 -4.052247703075408936e-01 -1.259651660919189453e+00 -8.167055845260620117e-01 3.935035169124603271e-01 2.781740665435791016e+00 1.019720673561096191e+00 8.760635741055011749e-03 -3.072929680347442627e-01 -8.708526492118835449e-01 -5.712426900863647461e-01 -9.681633710861206055e-01 -4.138848185539245605e-01 -2.886087894439697266e-01 8.035080432891845703e-01 1.902887701988220215e+00 5.747381448745727539e-01 -7.429960966110229492e-01 6.112735867500305176e-01 1.562038898468017578e+00 -3.740147650241851807e-01 -8.368622064590454102e-01 1.305401176214218140e-01 -5.889035463333129883e-01 -1.587607383728027344e+00 1.759240865707397461e+00 -2.898755073547363281e-01 -2.321708500385284424e-01 2.066837072372436523e+00 -9.810124635696411133e-01 -3.361170738935470581e-02 5.473194122314453125e-01 -5.771949291229248047e-01 5.816789865493774414e-01 6.817447543144226074e-01 5.171854496002197266e-01 1.524866074323654175e-01 -2.987554855644702911e-02 -3.364416956901550293e-01 -8.713697791099548340e-01 -2.586069703102111816e-01 -4.411658942699432373e-01 -1.098571062088012695e+00 4.329817295074462891e-01 7.118746042251586914e-01 9.524146914482116699e-01 1.437351107597351074e-01 -1.015920758247375488e+00 -5.733054280281066895e-01 6.235242486000061035e-01 -1.078591465950012207e+00
-7.902231216430664062e-01 -1.087419986724853516e+00 3.447779715061187744e-01 1.192353010177612305e+00 -2.501283407211303711e+00 2.656964361667633057e-01 1.471363067626953125e+00 -1.341542005538940430e-01 1.349932432174682617e+00 -7.652823925018310547e-01 -4.832635223865509033e-01 1.077535390853881836e+00 -4.405837953090667725e-01 1.664723396301269531e+00 -9.096517562866210938e-01 -1.153478741645812988e+00 -7.715423107147216797e-01 -5.260294675827026367e-01 9.348317384719848633e-01 6.432572007179260254e-01 -1.977683901786804199e-01 -4.732038080692291260e-01 -7.240962386131286621e-01 -6.908736824989318848e-01 -1.163263916969299316e+00 -2.434439957141876221e-01 -6.158483624458312988e-01 1.861801743507385254e-01 2.342794418334960938e+00 6.008415818214416504e-01 -3.477253019809722900e-01 8.872687220573425293e-01 1.938734531402587891e+00 -1.872835010290145874e-01 -5.612791776657104492e-01 -4.026936888694763184e-01 -8.803694844245910645e-01 -1.019427299499511719e+00 1.723118573427200317e-01 -7.663431167602539062e-01 -3.211479485034942627e-01 2.084780931472778320e+00 -3.192370533943176270e-01 6.476944088935852051e-01 1.090306997299194336e+00 -7.059529423713684082e-01 9.055722355842590332e-01 9.977833032608032227e-01 1.061899781227111816e+00 -6.598757207393646240e-02 1.095976829528808594e+00 -1.146667599678039551e+00 -3.636642396450042725e-01 -9.055615663528442383e-01 -5.449578762054443359e-01 -7.370107173919677734e-01 9.489834308624267578e-01 -2.819329500198364258e-02 1.560931086540222168e+00 1.101440787315368652e+00 -8.177601695060729980e-01 -4.766337573528289795e-01 6.795487999916076660e-01 -8.129388689994812012e-01
-7.398144006729125977e-01 -1.028196215629577637e+00 2.880375385284423828e-01 6.062540411949157715e-01 -2.555590391159057617e+00 6.855183243751525879e-01 8.229479193687438965e-01 1.698979288339614868e-01 8.276993632316589355e-01 -7.864214777946472168e-01 -1.856022030115127563e-01 2.304223060607910156e+00 -2.076377421617507935e-01 1.008344769477844238e+00 -8.591728806495666504e-01 -1.287075400352478027e+00 -4.838640391826629639e-01 -4.185286536812782288e-02 1.978157877922058105e+00 4.604327678680419922e-01 1.878372766077518463e-02 -3.659768700599670410e-01 -9.519137144088745117e-01 -8.876939415931701660e-01 -1.140650629997253418e+00 -2.843102812767028809e-01 -4.849110543727874756e-01 2.089670598506927490e-01 1.903220653533935547e+00 1.295050501823425293e+00 -6.012583971023559570e-01 1.406527757644653320e+00 1.328194856643676758e+00 -1.263978779315948486e-01 -1.202507376670837402e+00 -1.276973187923431396e-01 -4.903363287448883057e-01 -1.563711762428283691e+00 1.149938344955444336e+00 -4.601874947547912598e-01 -3.143988251686096191e-01 1.751033902168273926e+00 -6.999614238739013672e-01 3.310573101043701172e-01 5.200182795524597168e-01 -5.802826881408691406e-01 5.853452086448669434e-01 4.400496482849121094e-01 1.102768301963806152e+00 2.183735966682434082e-01 1.219751954078674316e+00 -5.708578824996948242e-01 -7.941043376922607422e-01 -7.637292742729187012e-01 -4.760362803936004639e-01 -8.765563964843750000e-01 9.774349331855773926e-01 1.517029404640197754e-01 1.537326812744140625e+00 9.384233355522155762e-01 -1.177890539169311523e+00 -1.976945698261260986e-01 1.254967153072357178e-01 -9.033382534980773926e-01
-8.457805514335632324e-01 -9.172574877738952637e-01 9.060661494731903076e-02 -3.614388406276702881e-01 -2.399317979812622070e+00 1.067530751228332520e+00 1.248575467616319656e-02 1.059685125946998596e-01 5.779085159301757812e-01 -7.743683457374572754e-01 -1.021525040268898010e-01 3.124242544174194336e+00 -9.227902442216873169e-02 6.922639012336730957e-01 -3.781555891036987305e-01 -1.231457948684692383e+00 -9.640939831733703613e-01 5.703167915344238281e-01 3.151518106460571289e+00 6.528034806251525879e-01 -5.915701016783714294e-02 -1.229115501046180725e-01 -4.584095180034637451e-01 -3.928626179695129395e-01 -6.918923854827880859e-01 -3.224119544029235840e-01 -3.312536478042602539e-01 1.248633742332458496e+00 1.267253994941711426e+00 7.843691110610961914e-01 -7.165670990943908691e-01 8.228611350059509277e-01 1.263499021530151367e+00 -4.334079325199127197e-01 -7.837155461311340332e-01 1.280231177806854248e-01 -5.209146738052368164e-01 -1.227434277534484863e+00 2.111234664916992188e+00 -7.742188572883605957e-01 -3.240190148353576660e-01 1.566524386405944824e+00 -8.589009642601013184e-01 -3.083375096321105957e-01 5.409946441650390625e-01 -3.956202864646911621e-01 6.181160211563110352e-01 3.058369457721710205e-01 5.349089503288269043e-01 -2.330821380019187927e-02 3.884486481547355652e-02 -7.345951795578002930e-01 -5.804840922355651855e-01 -5.983644723892211914e-01 -1.162706613540649414e-01 -1.427737355232238770e+00 5.979702472686767578e-01 1.016210675239562988e+00 9.816399216651916504e-01 -1.415449976921081543e-01 -8.040884137153625488e-01 -5.847854614257812500e-01 5.495850443840026855e-01 -8.680082559585571289e-01
-8.314220309257507324e-01 -1.167118191719055176e+00 3.339366018772125244e-01 1.449363529682159424e-01 -2.596557855606079102e+00 6.323514580726623535e-01 4.424049258232116699e-01 -1.741717904806137085e-01 7.622662782669067383e-01 -9.406594038009643555e-01 -2.684548497200012207e-01 2.602601051330566406e+00 -1.943718343973159790e-01 1.165499329566955566e+00 -4.496566951274871826e-01 -1.456777095794677734e+00 -1.114541053771972656e+00 4.580478370189666748e-01 2.652057170867919922e+00 8.660210371017456055e-01 9.236937761306762695e-02 -2.240709066390991211e-01 -5.550369024276733398e-01 -3.884646296501159668e-01 -7.862971425056457520e-01 -2.616201043128967285e-01 -4.708447158336639404e-01 1.035633206367492676e+00 1.800964593887329102e+00 7.489041686058044434e-01 -7.009903788566589355e-01 6.016289591789245605e-01 1.663518548011779785e+00 -4.148298203945159912e-01 -9.637319445610046387e-01 4.577505588531494141e-02 -7.371361255645751953e-01 -1.011650323867797852e+00 1.696661710739135742e+00 -8.840104341506958008e-01 -4.122020304203033447e-01 1.706400036811828613e+00 -7.921985983848571777e-01 1.991770863533020020e-01 5.377305150032043457e-01 -5.679712891578674316e-01 8.185269236564636230e-01 3.529630005359649658e-01 6.427716612815856934e-01 -6.832401454448699951e-02 4.036372900009155273e-01 -8.931651115417480469e-01 -3.537957370281219482e-01 -7.502734661102294922e-01 -1.831627041101455688e-01 -1.057625055313110352e+00 7.808569669723510742e-01 6.057018041610717773e-01 1.246234774589538574e+00 2.625760436058044434e-01 -7.626281380653381348e-01 -6.567714810371398926e-01 5.712304115295410156e-01 -8.196806311607360840e-01
-8.215243220329284668e-01 -9.434175491333007812e-01 1.646609455347061157e-01 1.758573055267333984e-01 -2.467669248580932617e+00 8.536142706871032715e-01 2.895030081272125244e-01 1.942339390516281128e-01 1.162036895751953125e+00 -8.068494200706481934e-01 -1.511222869157791138e-01 2.258730649948120117e+00 -2.995521724224090576e-01 1.190196990966796875e+00 -3.412826657295227051e-01 -1.370673418045043945e+00 -6.640096902847290039e-01 1.897224783897399902e-01 2.634762525558471680e+00 7.579615712165832520e-01 7.938047498464584351e-02 -3.912670016288757324e-01 -6.847689151763916016e-01 -8.963170647621154785e-01 -8.452323079109191895e-01 -4.547598361968994141e-01 -3.589717745780944824e-01 7.738553881645202637e-01 2.032864809036254883e+00 7.553914785385131836e-01 -6.427795886993408203e-01 6.549269556999206543e-01 1.517603754997253418e+00 -4.744721353054046631e-01 -1.057908296585083008e+00 9.930668771266937256e-02 -3.695145845413208008e-01 -1.598769307136535645e+00 1.708280563354492188e+00 -4.533937573432922363e-01 -3.729938268661499023e-01 1.883234262466430664e+00 -9.354630708694458008e-01 7.415320724248886108e-02 7.341075539588928223e-01 -6.152881979942321777e-01 6.189094185829162598e-01 5.437593460083007812e-01 5.633773803710937500e-01 2.605344355106353760e-01 2.110506892204284668e-01 -4.869554340839385986e-01 -8.790244460105895996e-01 -5.170143842697143555e-01 -3.537491559982299805e-01 -1.052271127700805664e+00 5.834531784057617188e-01 8.025422096252441406e-01 1.085948348045349121e+00 3.398320972919464111e-01 -1.171389341354370117e+00 -5.194131135940551758e-01 7.216666340827941895e-01 -9.471445083618164062e-01
-8.233347535133361816e-01 -1.110197663307189941e+00 5.623009800910949707e-02 8.095590770244598389e-02 -2.311490058898925781e+00 9.876987338066101074e-01 5.474629402160644531e-01 -9.925565682351589203e-04 5.429224967956542969e-01 -8.006281852722167969e-01 -5.237126350402832031e-01 2.609225749969482422e+00 -2.850796468555927277e-02 7.949305772781372070e-01 -7.097595334053039551e-01 -1.418492674827575684e+00 -6.275914907455444336e-01 4.255012050271034241e-02 2.600765943527221680e+00 7.181839942932128906e-01 -2.876433134078979492e-01 -4.425699412822723389e-01 -8.314499855041503906e-01 -5.253046751022338867e-01 -1.204553365707397461e+00 -1.971589326858520508e-01 -3.859110176563262939e-01 4.829381704330444336e-01 1.892209291458129883e+00 1.064817309379577637e+00 -5.365677475929260254e-01 1.358257174491882324e+00 1.326539754867553711e+00 -4.220356643199920654e-01 -6.525245904922485352e-01 -1.340208798646926880e-01 -4.145680963993072510e-01 -1.249202370643615723e+00 1.649584293365478516e+00 -4.080228209495544434e-01 -2.216750830411911011e-01 1.719186067581176758e+00 -8.040298223495483398e-01 1.012120544910430908e-01 5.729470849037170410e-01 -6.904633641242980957e-01 6.045308709144592285e-01 4.642753005027770996e-01 1.027132153511047363e+00 1.199528388679027557e-02 7.411162257194519043e-01 -9.974878430366516113e-01 -5.601570010185241699e-01 -6.925452351570129395e-01 -8.797651529312133789e-01 -1.142007112503051758e+00 9.745645523071289062e-01 7.386385798454284668e-01 1.442694425582885742e+00 4.647505581378936768e-01 -5.575940012931823730e-01 -4.622564092278480530e-02 8.902894705533981323e-02 -9.744017124176025391e-01
-8.947082757949829102e-01 -1.183254241943359375e+00 1.894720643758773804e-01 4.723909795284271240e-01 -2.492413282394409180e+00 6.861412525177001953e-01 6.593795418739318848e-01 -1.133244261145591736e-01 8.651847839355468750e-01 -5.875125527381896973e-01 -4.712122678756713867e-01 2.258574485778808594e+00 -2.524393498897552490e-01 1.354431033134460449e+00 -7.420517206192016602e-01 -1.225358128547668457e+00 -9.468320012092590332e-01 -1.302878279238939285e-02 2.299405336380004883e+00 9.746831059455871582e-01 -1.386606842279434204e-01 -2.922749221324920654e-01 -6.055952906608581543e-01 -3.521536290645599365e-01 -1.094587802886962891e+00 -3.622330725193023682e-01 -5.201558470726013184e-01 6.275374889373779297e-01 2.109694719314575195e+00 5.586893558502197266e-01 -6.737040281295776367e-01 9.753513932228088379e-01 1.716866850852966309e+00 -5.268741250038146973e-01 -4.356762766838073730e-01 -2.352513819932937622e-01 -9.866402149200439453e-01 -9.791579246520996094e-01 1.391669988632202148e+00 -9.501631855964660645e-01 -3.411059677600860596e-01 2.068879842758178711e+00 -5.748775601387023926e-01 2.395539432764053345e-01 7.069408893585205078e-01 -5.258801579475402832e-01 6.631159186363220215e-01 7.655181288719177246e-01 7.828788161277770996e-01 -1.259099245071411133e-01 5.572001338005065918e-01 -1.154194355010986328e+00 -3.606966733932495117e-01 -7.311511635780334473e-01 -6.057738661766052246e-01 -1.290735363960266113e+00 8.049149513244628906e-01 5.566834807395935059e-01 1.354217767715454102e+00 4.511080682277679443e-01 -5.315158367156982422e-01 -3.719348609447479248e-01 4.944612681865692139e-01 -7.875291705131530762e-01
-9.332278966903686523e-01 -1.294697403907775879e+00 7.545360922813415527e-02 5.261175632476806641e-01 -2.493930578231811523e+00 9.291754961013793945e-01 6.027079820632934570e-01 -1.077825501561164856e-01 8.953652381896972656e-01 -6.514154672622680664e-01 -3.846680819988250732e-01 2.245092391967773438e+00 -3.141392767429351807e-01 1.420841336250305176e+00 -7.987726926803588867e-01 -1.167731642723083496e+00 -9.468358755111694336e-01 1.136688813567161560e-01 2.286393404006958008e+00 1.006414413452148438e+00 -7.810250669717788696e-02 -3.271378874778747559e-01 -6.089518070220947266e-01 -3.423099815845489502e-01 -1.097288608551025391e+00 -2.940473854541778564e-01 -3.617966175079345703e-01 4.181275069713592529e-01 1.978322625160217285e+00 8.209813833236694336e-01 -7.436496019363403320e-01 1.128592491149902344e+00 1.748162031173706055e+00 -2.885677218437194824e-01 -5.085558295249938965e-01 -5.202047899365425110e-02 -1.057320237159729004e+00 -9.483366012573242188e-01 1.311517357826232910e+00 -9.395845532417297363e-01 -2.110128253698348999e-01 2.030136585235595703e+00 -5.745473504066467285e-01 1.422250270843505859e-01 6.624969840049743652e-01 -4.457315206527709961e-01 4.608058631420135498e-01 5.575681924819946289e-01 6.621775627136230469e-01 -1.200102120637893677e-01 7.587474584579467773e-01 -1.195125341415405273e+00 -4.271236658096313477e-01 -7.139111161231994629e-01 -4.504444599151611328e-01 -1.181436896324157715e+00 7.356082201004028320e-01 3.555037081241607666e-01 1.451690435409545898e+00 6.223458051681518555e-01 -6.882361173629760742e-01 -5.483837723731994629e-01 3.455905318260192871e-01 -8.891214132308959961e-01
-8.820850849151611328e-01 -1.158375620841979980e+00 1.699512749910354614e-01 7.459922432899475098e-01 -2.556553125381469727e+00 7.493679523468017578e-01 9.233520627021789551e-01 -1.421324610710144043e-01 1.099205374717712402e+00 -7.550938725471496582e-01 -4.524662494659423828e-01 1.885189175605773926e+00 -4.186314344406127930e-01 1.530462145805358887e+00 -7.996855974197387695e-01 -1.200538754463195801e+00 -8.898375034332275391e-01 -1.094599589705467224e-01 1.818480730056762695e+00 8.852354884147644043e-01 -2.374230176210403442e-01 -4.491961002349853516e-01 -5.828098654747009277e-01 -4.721063375473022461e-01 -1.099019050598144531e+00 -2.993279695510864258e-01 -5.864356160163879395e-01 5.006270408630371094e-01 2.100761890411376953e+00 5.664580464363098145e-01 -6.011164784431457520e-01 1.057373762130737305e+00 1.729470729827880859e+00 -3.500945568084716797e-01 -4.173678755760192871e-01 -1.804636567831039429e-01 -1.051783800125122070e+00 -8.793342709541320801e-01 9.886268377304077148e-01 -9.280481338500976562e-01 -3.088254332542419434e-01 2.144469976425170898e+00 -3.932678699493408203e-01 3.739587366580963135e-01 9.126447439193725586e-01 -5.123876333236694336e-01 6.995994448661804199e-01 8.371968269348144531e-01 8.969216346740722656e-01 -1.790375560522079468e-01 8.355022668838500977e-01 -1.299127459526062012e+00 -5.219525694847106934e-01 -7.979745864868164062e-01 -5.055432319641113281e-01 -1.002750039100646973e+00 8.803074955940246582e-01 3.082839846611022949e-01 1.392013669013977051e+00 7.675992250442504883e-01 -7.187736630439758301e-01 -5.812239646911621094e-01 6.009703874588012695e-01 -8.809500932693481445e-01
-9.063993692398071289e-01 -1.360861659049987793e+00 -3.412412852048873901e-02 3.962856829166412354e-01 -2.445533752441406250e+00 8.208639621734619141e-01 7.183976173400878906e-01 -7.213848829269409180e-02 6.862336993217468262e-01 -6.474005579948425293e-01 -3.673796951770782471e-01 2.690106868743896484e+00 -3.375542759895324707e-01 1.168895363807678223e+00 -8.573818802833557129e-01 -1.205008387565612793e+00 -8.521264791488647461e-01 2.109973728656768799e-01 2.352814435958862305e+00 7.023318409919738770e-01 -1.139486804604530334e-01 -2.866238355636596680e-01 -5.706640481948852539e-01 -3.070456981658935547e-01 -1.174968242645263672e+00 -2.439597547054290771e-01 -3.161317706108093262e-01 3.779952824115753174e-01 1.702427625656127930e+00 1.015817284584045410e+00 -6.074771285057067871e-01 1.466793775558471680e+00 1.561663031578063965e+00 -2.401082813739776611e-01 -5.209417343139648438e-01 -2.879074811935424805e-01 -8.950276374816894531e-01 -1.209699511528015137e+00 1.389755964279174805e+00 -6.495233178138732910e-01 -1.994995623826980591e-01 1.852091312408447266e+00 -4.830942749977111816e-01 1.077685579657554626e-01 4.446758925914764404e-01 -6.103239059448242188e-01 5.137394666671752930e-01 4.009732007980346680e-01 9.853968620300292969e-01 -3.708403408527374268e-01 1.075373768806457520e+00 -1.090385437011718750e+00 -4.153855443000793457e-01 -6.231723427772521973e-01 -4.652153849601745605e-01 -1.081966757774353027e+00 9.074529409408569336e-01 1.975066959857940674e-01 1.571651935577392578e+00 5.878202319145202637e-01 -6.492040157318115234e-01 -3.820452988147735596e-01 1.792795211076736450e-02 -9.285024404525756836e-01
-6.956692337989807129e-01 -9.710360765457153320e-01 6.443171203136444092e-02 8.193012326955795288e-02 -2.528311491012573242e+00 8.975237011909484863e-01 3.709658086299896240e-01 1.983567029237747192e-01 8.895689845085144043e-01 -8.011346459388732910e-01 -8.806342631578445435e-02 2.439616680145263672e+00 -2.582520842552185059e-01 1.100396275520324707e+00 -3.723231256008148193e-01 -1.340353369712829590e+00 -6.870393157005310059e-01 1.547414213418960571e-01 2.649657964706420898e+00 7.424812316894531250e-01 -3.360348567366600037e-02 -3.703100085258483887e-01 -7.438824176788330078e-01 -6.375965476036071777e-01 -8.918313384056091309e-01 -4.160322248935699463e-01 -4.644774496555328369e-01 7.565350532531738281e-01 2.026079177856445312e+00 8.593258857727050781e-01 -6.140559911727905273e-01 9.295859932899475098e-01 1.580576419830322266e+00 -3.545592725276947021e-01 -1.095516681671142578e+00 1.017532497644424438e-02 -4.780091047286987305e-01 -1.397770285606384277e+00 1.781549096107482910e+00 -5.719318985939025879e-01 -3.325355648994445801e-01 1.854547023773193359e+00 -8.674585819244384766e-01 1.474865078926086426e-01 6.598216891288757324e-01 -6.116376519203186035e-01 5.995826721191406250e-01 5.196636319160461426e-01 7.578616738319396973e-01 9.563248604536056519e-02 3.743813931941986084e-01 -5.683000087738037109e-01 -7.793511152267456055e-01 -6.284647583961486816e-01 -3.911441266536712646e-01 -1.223458170890808105e+00 6.604132652282714844e-01 5.666937828063964844e-01 1.072888851165771484e+00 2.165642380714416504e-01 -1.062771677970886230e+00 -5.292377471923828125e-01 6.305760741233825684e-01 -8.974054455757141113e-01
-7.895587086677551270e-01 -1.213107705116271973e+00 3.854566514492034912e-01 6.609810590744018555e-01 -2.478417873382568359e+00 4.071587920188903809e-01 1.060327768325805664e+00 1.394693106412887573e-01 1.163889884948730469e+00 -8.049315810203552246e-01 -1.215092018246650696e-01 2.029927968978881836e+00 -4.185682535171508789e-01 1.300571322441101074e+00 -8.780717849731445312e-01 -1.259625196456909180e+00 -8.433772325515747070e-01 -2.096697241067886353e-01 1.838870167732238770e+00 8.030342459678649902e-01 4.368712007999420166e-02 -3.557029962539672852e-01 -8.169397711753845215e-01 -6.716656684875488281e-01 -9.850507974624633789e-01 -3.518176972866058350e-01 -3.610886335372924805e-01 3.982546031475067139e-01 2.030940771102905273e+00 1.145699143409729004e+00 -7.910273671150207520e-01 1.112675666809082031e+00 1.779428958892822266e+00 -1.873404234647750854e-01 -1.012934803962707520e+00 -2.460472583770751953e-01 -6.732202768325805664e-01 -1.491362929344177246e+00 1.148984789848327637e+00 -4.118978381156921387e-01 -2.664812207221984863e-01 1.898305177688598633e+00 -7.030841112136840820e-01 3.128359317779541016e-01 5.116186738014221191e-01 -6.718297600746154785e-01 6.220963001251220703e-01 6.615891456604003906e-01 9.821712374687194824e-01 3.095770999789237976e-02 8.893208503723144531e-01 -6.304267048835754395e-01 -8.628251552581787109e-01 -4.189778268337249756e-01 -3.918727934360504150e-01 -6.896374821662902832e-01 7.327479720115661621e-01 -2.677672356367111206e-02 1.607874631881713867e+00 8.747478723526000977e-01 -1.107795119285583496e+00 -4.156673550605773926e-01 2.079982906579971313e-01 -1.047627925872802734e+00
-8.416344523429870605e-01 -8.234261274337768555e-01 1.800251565873622894e-02 2.497005164623260498e-01 -2.496386051177978516e+00 8.835477232933044434e-01 6.465209126472473145e-01 3.164330497384071350e-02 6.931394338607788086e-01 -6.489505171775817871e-01 -5.485590696334838867e-01 2.289082765579223633e+00 -2.688625752925872803e-01 1.243039369583129883e+00 -6.063928008079528809e-01 -1.336398720741271973e+00 -6.990548968315124512e-01 1.102969720959663391e-01 2.637239217758178711e+00 8.552284836769104004e-01 -2.989268600940704346e-01 -5.415586233139038086e-01 -6.329729557037353516e-01 -4.134000539779663086e-01 -1.180514931678771973e+00 -4.842563271522521973e-01 -5.970679521560668945e-01 6.759231686592102051e-01 1.955688714981079102e+00 5.183991193771362305e-01 -4.554042220115661621e-01 1.199508786201477051e+00 1.512858986854553223e+00 -4.258598983287811279e-01 -4.561588168144226074e-01 -1.093335524201393127e-01 -6.948775053024291992e-01 -8.852301239967346191e-01 1.763647437095642090e+00 -7.564523220062255859e-01 -2.049462497234344482e-01 1.914206266403198242e+00 -8.841570615768432617e-01 9.154368937015533447e-02 6.515910625457763672e-01 -5.631487369537353516e-01 4.746066331863403320e-01 6.483018994331359863e-01 9.082196950912475586e-01 -3.222445026040077209e-02 5.841573476791381836e-01 -1.156081318855285645e+00 -5.023443698883056641e-01 -7.612980604171752930e-01 -8.180040717124938965e-01 -1.287040591239929199e+00 9.146779775619506836e-01 7.054820656776428223e-01 1.218777060508728027e+00 3.150884807109832764e-01 -6.021407246589660645e-01 -2.694558203220367432e-01 5.479142665863037109e-01 -8.863509297370910645e-01
-9.068540930747985840e-01 -9.091837406158447266e-01 -2.332983016967773438e-01 -2.953499853610992432e-01 -2.134897708892822266e+00 1.235889315605163574e+00 2.026308029890060425e-01 2.023651748895645142e-01 3.324156105518341064e-01 -6.394684314727783203e-01 -3.465796113014221191e-01 2.833153247833251953e+00 -1.252271421253681183e-02 8.142247796058654785e-01 -4.863268435001373291e-01 -1.412244319915771484e+00 -6.059935688972473145e-01 2.872869074344635010e-01 3.245378971099853516e+00 8.144059181213378906e-01 -1.945580840110778809e-01 -2.656801640987396240e-01 -6.867312192916870117e-01 -4.595750272274017334e-01 -1.162138938903808594e+00 -3.575073182582855225e-01 -3.952535092830657959e-01 5.252680182456970215e-01 1.593802452087402344e+00 9.055637121200561523e-01 -5.610883235931396484e-01 1.335829138755798340e+00 1.302513480186462402e+00 -5.360588431358337402e-01 -7.061805725097656250e-01 -2.037290297448635101e-02 -4.082681834697723389e-01 -8.544343709945678711e-01 2.131366252899169922e+00 -6.177791357040405273e-01 -1.740440130233764648e-01 1.622478842735290527e+00 -1.020439982414245605e+00 -9.826925396919250488e-02 3.561721742153167725e-01 -5.809488296508789062e-01 3.366930484771728516e-01 2.343146055936813354e-01 7.567453980445861816e-01 -1.004735976457595825e-01 4.643313288688659668e-01 -1.086526155471801758e+00 -5.404358506202697754e-01 -6.480730772018432617e-01 -7.686860561370849609e-01 -1.272239804267883301e+00 8.262832760810852051e-01 8.627548217773437500e-01 1.125881791114807129e+00 3.511561080813407898e-02 -3.493221402168273926e-01 -8.424597978591918945e-02 3.315792381763458252e-01 -8.920280933380126953e-01
-7.769206762313842773e-01 -1.058255076408386230e+00 3.301484137773513794e-02 -2.293937355279922485e-01 -2.065012931823730469e+00 1.021830081939697266e+00 2.117647603154182434e-02 -3.056350909173488617e-02 5.161976218223571777e-01 -4.906226992607116699e-01 -4.766172468662261963e-01 2.990802526473999023e+00 -9.442017972469329834e-02 8.903762698173522949e-01 -6.666043400764465332e-01 -1.262539386749267578e+00 -9.874126911163330078e-01 4.674801826477050781e-01 3.156335353851318359e+00 8.865035772323608398e-01 -2.051100730895996094e-01 -2.386823445558547974e-01 -5.493319630622863770e-01 -1.941831707954406738e-01 -9.289896488189697266e-01 -2.540238499641418457e-01 -2.755296528339385986e-01 8.147191405296325684e-01 1.358087897300720215e+00 6.860401034355163574e-01 -7.975637316703796387e-01 1.057687878608703613e+00 1.434900283813476562e+00 -7.888733148574829102e-01 -3.345549106597900391e-01 1.208323612809181213e-02 -7.127991914749145508e-01 -9.166401624679565430e-01 2.250263690948486328e+00 -7.846179008483886719e-01 -4.959975183010101318e-01 1.842477321624755859e+00 -1.042579412460327148e+00 -3.660522401332855225e-02 4.475376605987548828e-01 -5.237029194831848145e-01 5.312516093254089355e-01 3.263275623321533203e-01 4.608744978904724121e-01 -1.648974120616912842e-01 5.025327950716018677e-02 -1.112471580505371094e+00 -2.757663428783416748e-01 -6.416497230529785156e-01 -5.151875019073486328e-01 -1.306614398956298828e+00 7.764604687690734863e-01 1.052932143211364746e+00 1.124355196952819824e+00 6.664792541414499283e-03 -3.720569610595703125e-01 -3.121103644371032715e-01 2.391163706779479980e-01 -6.765863299369812012e-01
-1.074503660202026367e+00 -1.065858244895935059e+00 2.744309306144714355e-01 3.422951102256774902e-01 -2.581804990768432617e+00 9.461492896080017090e-01 6.060280203819274902e-01 1.299411803483963013e-01 1.066704511642456055e+00 -9.418618083000183105e-01 -2.658600211143493652e-01 2.267872095108032227e+00 -3.468262553215026855e-01 1.147176384925842285e+00 -5.979750752449035645e-01 -1.313486576080322266e+00 -7.012137770652770996e-01 2.890110313892364502e-01 2.328141927719116211e+00 5.212774276733398438e-01 -1.097504794597625732e-01 -3.803180158138275146e-01 -7.756198644638061523e-01 -8.805361390113830566e-01 -8.936905860900878906e-01 -3.047863841056823730e-01 -2.486916035413742065e-01 5.468049645423889160e-01 1.827630043029785156e+00 8.754675388336181641e-01 -7.165945768356323242e-01 9.907308816909790039e-01 1.464649915695190430e+00 -8.178187906742095947e-02 -8.799024820327758789e-01 -2.140418253839015961e-02 -4.179862439632415771e-01 -1.625427722930908203e+00 1.448750376701354980e+00 -3.495001494884490967e-01 -2.933048903942108154e-01 1.904293537139892578e+00 -6.616447567939758301e-01 1.092282086610794067e-01 7.604032754898071289e-01 -6.165919899940490723e-01 6.694146990776062012e-01 4.556584358215332031e-01 8.917232751846313477e-01 -2.539868839085102081e-02 6.323274970054626465e-01 -6.771182417869567871e-01 -8.736329078674316406e-01 -3.472579121589660645e-01 -3.534777164459228516e-01 -1.060633182525634766e+00 8.571325540542602539e-01 4.810206592082977295e-01 1.230689167976379395e+00 6.335035562515258789e-01 -1.215308189392089844e+00 -3.093516230583190918e-01 5.568353533744812012e-01 -1.121342301368713379e+00
-8.351101875305175781e-01 -7.783010005950927734e-01 2.497895807027816772e-01 -8.568029403686523438e-01 -1.878362774848937988e+00 1.153336405754089355e+00 -6.557153463363647461e-01 3.377289474010467529e-01 3.959015607833862305e-01 -5.185831785202026367e-01 -2.439296841621398926e-01 2.883664369583129883e+00 1.160860583186149597e-01 2.843486964702606201e-01 -2.507026195526123047e-01 -1.158411145210266113e+00 -9.031041264533996582e-01 8.026411533355712891e-01 3.590344190597534180e+00 1.072024822235107422e+00 -1.279084980487823486e-01 -5.788258463144302368e-02 -5.053560733795166016e-01 -1.361006200313568115e-01 -4.831139147281646729e-01 -2.769401371479034424e-01 -1.896993219852447510e-01 1.429021716117858887e+00 1.378576755523681641e+00 2.240900397300720215e-01 -6.752172708511352539e-01 3.873794078826904297e-01 6.424257755279541016e-01 -6.076341271400451660e-01 -5.239259004592895508e-01 1.376375406980514526e-01 -1.864829510450363159e-01 -1.260147929191589355e+00 2.467131376266479492e+00 -3.987340927124023438e-01 -3.627088665962219238e-01 1.705028891563415527e+00 -9.944307208061218262e-01 -6.544335484504699707e-01 3.204763531684875488e-01 -3.470625579357147217e-01 5.095370411872863770e-01 3.008780777454376221e-01 2.555676102638244629e-01 1.603534221649169922e-01 -7.556115984916687012e-01 -2.586711049079895020e-01 -6.794656515121459961e-01 -2.639693021774291992e-01 -4.025369882583618164e-01 -1.826313138008117676e+00 3.329336941242218018e-01 1.645368695259094238e+00 4.722562432289123535e-01 -6.455706357955932617e-01 -4.909128248691558838e-01 -3.199400007724761963e-01 2.672665417194366455e-01 -6.721175312995910645e-01
-7.601755261421203613e-01 -1.056888461112976074e+00 -2.848638407886028290e-02 8.850397914648056030e-02 -2.525778770446777344e+00 8.187587261199951172e-01 6.416231393814086914e-01 2.065084874629974365e-01 5.233448743820190430e-01 -6.809626817703247070e-01 -3.442131876945495605e-01 2.599037885665893555e+00 -2.373873740434646606e-01 1.016044497489929199e+00 -6.316654086112976074e-01 -1.308866381645202637e+00 -4.682539701461791992e-01 -6.418809294700622559e-02 2.529877424240112305e+00 6.612493991851806641e-01 -1.320081651210784912e-01 -3.570277988910675049e-01 -7.617687582969665527e-01 -6.107748150825500488e-01 -1.269569158554077148e+00 -4.287645816802978516e-01 -4.600191414356231689e-01 2.602138817310333252e-01 1.819761514663696289e+00 1.068653583526611328e+00 -5.658878684043884277e-01 1.466825604438781738e+00 1.597367763519287109e+00 -4.935532510280609131e-01 -7.942606806755065918e-01 -2.635453939437866211e-01 -2.885783016681671143e-01 -1.156755328178405762e+00 1.656599760055541992e+00 -5.115692019462585449e-01 -4.059499502182006836e-02 1.648355126380920410e+00 -8.575645685195922852e-01 1.607421338558197021e-01 4.103779494762420654e-01 -7.452144622802734375e-01 4.129954576492309570e-01 4.509966969490051270e-01 1.061607599258422852e+00 -5.676042661070823669e-02 9.071059226989746094e-01 -9.940876960754394531e-01 -6.200525164604187012e-01 -6.600697040557861328e-01 -7.465315461158752441e-01 -8.887636065483093262e-01 1.035855889320373535e+00 2.656654417514801025e-01 1.485181927680969238e+00 5.668125152587890625e-01 -7.269254922866821289e-01 3.162714838981628418e-02 1.889023780822753906e-01 -9.894064068794250488e-01
-8.331185579299926758e-01 -1.135507702827453613e+00 3.707332909107208252e-02 6.559815406799316406e-01 -2.413383245468139648e+00 7.558901309967041016e-01 9.188321232795715332e-01 -5.383605137467384338e-02 1.083212971687316895e+00 -7.509084343910217285e-01 -5.616217851638793945e-01 2.039537668228149414e+00 -5.206562876701354980e-01 1.428006887435913086e+00 -7.351523637771606445e-01 -1.225578904151916504e+00 -8.106393814086914062e-01 -1.945788264274597168e-01 2.051645040512084961e+00 8.434738516807556152e-01 -2.073662877082824707e-01 -5.435119271278381348e-01 -6.707324385643005371e-01 -4.341999292373657227e-01 -1.286265492439270020e+00 -3.402755260467529297e-01 -4.206773042678833008e-01 3.139649331569671631e-01 1.994469046592712402e+00 7.254350781440734863e-01 -5.534715652465820312e-01 1.240048289299011230e+00 1.809196114540100098e+00 -3.456705212593078613e-01 -4.798595309257507324e-01 -1.885495036840438843e-01 -9.525842666625976562e-01 -9.764865040779113770e-01 1.145709633827209473e+00 -8.442337512969970703e-01 -1.912943869829177856e-01 2.043524742126464844e+00 -5.630075931549072266e-01 3.413844108581542969e-01 8.496150970458984375e-01 -6.029121279716491699e-01 5.850115418434143066e-01 8.014417886734008789e-01 8.758685588836669922e-01 -1.241071000695228577e-01 8.064160346984863281e-01 -1.204871296882629395e+00 -5.055769681930541992e-01 -7.552506923675537109e-01 -5.823428034782409668e-01 -1.027348756790161133e+00 8.473008871078491211e-01 3.038763105869293213e-01 1.514279723167419434e+00 6.018909215927124023e-01 -7.193691134452819824e-01 -4.627039432525634766e-01 6.282339692115783691e-01 -8.339057564735412598e-01
-9.006068706512451172e-01 -1.086610794067382812e+00 1.201481670141220093e-01 1.246431916952133179e-01 -2.367327928543090820e+00 8.443616628646850586e-01 4.049080014228820801e-01 -3.078849799931049347e-02 8.627571463584899902e-01 -6.598761677742004395e-01 -5.262359976768493652e-01 2.564959526062011719e+00 -1.330235898494720459e-01 1.053401470184326172e+00 -6.137016415596008301e-01 -1.463640928268432617e+00 -8.535632491111755371e-01 2.389859855175018311e-01 2.808185338973999023e+00 9.472520947456359863e-01 -1.784489452838897705e-01 -3.652810752391815186e-01 -6.374077200889587402e-01 -3.474748432636260986e-01 -1.022708892822265625e+00 -2.657239735126495361e-01 -5.395449995994567871e-01 8.647729158401489258e-01 1.794742107391357422e+00 6.207402944564819336e-01 -5.880557894706726074e-01 9.455571770668029785e-01 1.534936428070068359e+00 -5.408113598823547363e-01 -5.151011347770690918e-01 2.617959305644035339e-02 -7.786732316017150879e-01 -8.968648314476013184e-01 1.726310253143310547e+00 -8.398033976554870605e-01 -3.524463474750518799e-01 1.740136265754699707e+00 -7.745299339294433594e-01 9.465390443801879883e-02 7.093670368194580078e-01 -6.806416511535644531e-01 6.030434370040893555e-01 5.458835363388061523e-01 7.231295704841613770e-01 -2.025638520717620850e-02 3.139051795005798340e-01 -1.083974599838256836e+00 -4.271188974380493164e-01 -7.550934553146362305e-01 -6.070054173469543457e-01 -1.328080415725708008e+00 8.528211116790771484e-01 9.870233535766601562e-01 1.177555203437805176e+00 3.403335511684417725e-01 -6.077236533164978027e-01 -4.613737165927886963e-01 4.855596721172332764e-01 -7.693404555320739746e-01
-5.479637980461120605e-01 -1.379537463188171387e+00 4.088736474514007568e-01 1.386854648590087891e+00 -2.634956359863281250e+00 1.082694977521896362e-01 1.398242473602294922e+00 -4.566033780574798584e-01 1.173557758331298828e+00 -8.771297931671142578e-01 -2.477059215307235718e-01 1.180273771286010742e+00 -4.826007187366485596e-01 1.584617733955383301e+00 -1.084215283393859863e+00 -9.346040487289428711e-01 -8.351100683212280273e-01 -7.528523802757263184e-01 6.924114227294921875e-01 7.806113958358764648e-01 -9.738421440124511719e-02 -2.848084270954132080e-01 -6.143762469291687012e-01 -6.057803034782409668e-01 -1.047348499298095703e+00 -3.180252909660339355e-01 -3.100644350051879883e-01 1.428524311631917953e-02 2.270636796951293945e+00 8.497227430343627930e-01 -5.458129644393920898e-01 9.518160820007324219e-01 1.766345500946044922e+00 -3.962772190570831299e-01 -5.860584974288940430e-01 -6.255499720573425293e-01 -9.331901669502258301e-01 -1.000776290893554688e+00 2.276040762662887573e-01 -6.948646903038024902e-01 -3.040287792682647705e-01 1.903525829315185547e+00 -6.656289100646972656e-02 7.341318726539611816e-01 9.863809347152709961e-01 -7.200913429260253906e-01 7.648336291313171387e-01 1.085240602493286133e+00 1.135233998298645020e+00 -5.421452224254608154e-02 1.281961798667907715e+00 -9.951570034027099609e-01 -2.393836081027984619e-01 -7.168155312538146973e-01 -5.501856207847595215e-01 -6.779205799102783203e-01 8.830137252807617188e-01 -3.624976277351379395e-01 1.998310089111328125e+00 1.138413906097412109e+00 -8.077436685562133789e-01 -3.100371360778808594e-01 2.579902112483978271e-01 -7.820808887481689453e-01
-9.443473815917968750e-01 -7.075498700141906738e-01 -3.364385291934013367e-02 -9.288457632064819336e-01 -1.896621465682983398e+00 1.307865619659423828e+00 -7.653083801269531250e-01 2.553212046623229980e-01 1.217128038406372070e-01 -4.854714870452880859e-01 -4.291646182537078857e-01 3.088006019592285156e+00 1.773857325315475464e-01 3.485945165157318115e-01 -1.824557781219482422e-01 -1.240013003349304199e+00 -7.173969745635986328e-01 8.849907517433166504e-01 3.710065841674804688e+00 9.001545906066894531e-01 -4.345156997442245483e-02 -1.601911336183547974e-01 -5.967397689819335938e-01 -3.498347401618957520e-01 -5.536920428276062012e-01 -8.047922700643539429e-02 -3.898173570632934570e-01 1.190156817436218262e+00 9.964530467987060547e-01 5.842638015747070312e-01 -6.656070351600646973e-01 5.694265365600585938e-01 8.146029114723205566e-01 -5.562914013862609863e-01 -6.222009658813476562e-01 2.456590235233306885e-01 -1.991791576147079468e-01 -9.923564791679382324e-01 2.691389322280883789e+00 -3.815611302852630615e-01 -3.018297851085662842e-01 1.487279653549194336e+00 -1.089838027954101562e+00 -4.635731279850006104e-01 3.146840631961822510e-01 -5.432447195053100586e-01 3.842764794826507568e-01 7.232844829559326172e-02 2.850809395313262939e-01 5.928185954689979553e-02 -4.228025376796722412e-01 -6.472137570381164551e-01 -5.499277114868164062e-01 -2.656656205654144287e-01 -4.292191267013549805e-01 -1.494757056236267090e+00 5.422313809394836426e-01 1.576841831207275391e+00 4.082707762718200684e-01 -6.052765250205993652e-01 -4.059266448020935059e-01 -7.107180356979370117e-02 2.034750729799270630e-01 -6.255412101745605469e-01
