{"_timestamp":1.771171998634965e+09,"_wandb":{"runtime":12112},"_runtime":12112,"_step":49,"loss_train":0.058191564369201663,"loss_val":0.24511704995081976}