-4.597771167755126953e-01 -2.165765166282653809e-01 -2.449083626270294189e-01 -3.755576312541961670e-01 -2.104103118181228638e-01 1.282681971788406372e-01 1.424015164375305176e-01 -4.467198252677917480e-01 -5.796669721603393555e-01 1.880486309528350830e-02 -4.145711064338684082e-01 -2.188084721565246582e-01 -1.343527138233184814e-01 -6.698164343833923340e-02 -5.968153476715087891e-01 -4.249743819236755371e-01 -6.091561317443847656e-01 -1.985367834568023682e-01 -3.999691903591156006e-01 4.734454303979873657e-02 3.861270546913146973e-01 2.329154610633850098e-01 -5.626409053802490234e-01 6.498574614524841309e-01 2.080677598714828491e-01 6.718383729457855225e-02 2.193827480077743530e-01 -2.286637723445892334e-01 -2.164882570505142212e-01 2.323649823665618896e-02 2.425809651613235474e-01 4.684441387653350830e-01 1.089681088924407959e-01 2.820721864700317383e-01 2.618834972381591797e-01 4.943865537643432617e-01 -2.342121899127960205e-01 -2.562224566936492920e-01 8.256526291370391846e-02 1.437761187553405762e-01 -5.983532220125198364e-02 -6.851997375488281250e-01 4.994604587554931641e-01 -1.260596364736557007e-01 -1.730614155530929565e-01 -8.734484016895294189e-02 3.961019814014434814e-01 5.284270644187927246e-01 -8.416563868522644043e-01 -1.787746548652648926e-01 -9.340658783912658691e-03 -8.875849097967147827e-02 6.970610469579696655e-02 -2.055305242538452148e-01 6.315755099058151245e-02 4.145593047142028809e-01 -2.601051926612854004e-01 -4.729732871055603027e-02 3.866884410381317139e-01 -5.316246747970581055e-01 2.568710744380950928e-01 3.613338470458984375e-01 4.789024963974952698e-02 2.549994289875030518e-01
-3.818863034248352051e-01 -4.240753054618835449e-01 -4.070253372192382812e-01 -7.792565226554870605e-01 -3.276369571685791016e-01 -4.389320313930511475e-02 3.393213748931884766e-01 -1.896540522575378418e-01 -4.897167384624481201e-01 2.881090044975280762e-01 -5.252451300621032715e-01 1.984996199607849121e-01 -2.326583266258239746e-01 -1.067074015736579895e-01 -1.989869475364685059e-01 -2.774908244609832764e-01 -3.931733071804046631e-01 -2.839096784591674805e-01 -4.114922136068344116e-02 3.512705862522125244e-01 3.880376815795898438e-01 1.225653737783432007e-01 -2.918961346149444580e-01 4.803033173084259033e-01 3.877523243427276611e-01 -9.251876175403594971e-02 2.232798039913177490e-01 -4.900498986244201660e-01 3.840937837958335876e-02 6.661922484636306763e-02 1.174398437142372131e-01 4.296526312828063965e-01 1.674919128417968750e-01 1.819067001342773438e-01 4.469318985939025879e-01 5.177316665649414062e-01 2.078995406627655029e-01 -1.267696730792522430e-03 4.565616846084594727e-01 -3.065761625766754150e-01 2.219532430171966553e-01 -8.764796257019042969e-01 2.491130381822586060e-01 7.230371236801147461e-02 -2.378474920988082886e-01 -9.411348402500152588e-02 6.103954315185546875e-01 5.533785223960876465e-01 -4.657903909683227539e-01 -3.854480385780334473e-01 1.173330098390579224e-01 -3.333503305912017822e-01 -2.528513967990875244e-02 -2.907163798809051514e-01 -1.735859364271163940e-02 4.114976525306701660e-01 1.468496173620223999e-01 3.535076975822448730e-01 -1.524034515023231506e-02 -2.917386591434478760e-01 -9.431705623865127563e-02 2.533782720565795898e-01 -1.351990997791290283e-01 3.333148658275604248e-01
-6.595580577850341797e-01 1.303830146789550781e-01 1.937984228134155273e-01 -8.346031308174133301e-01 -5.005076527595520020e-03 1.953944414854049683e-01 -4.770000278949737549e-02 -1.654436290264129639e-01 -5.518922805786132812e-01 5.142283439636230469e-01 -1.797098368406295776e-01 5.944065004587173462e-02 1.195968985557556152e-01 4.082750678062438965e-01 2.071817815303802490e-01 -1.803290247917175293e-01 1.403608173131942749e-01 -1.860613375902175903e-02 -1.934770047664642334e-01 6.012798100709915161e-02 4.669858217239379883e-01 1.871117949485778809e-01 -3.046301603317260742e-01 2.384596467018127441e-01 -1.899211406707763672e-01 -4.211568832397460938e-01 3.444636613130569458e-02 1.309356987476348877e-01 -2.513224184513092041e-01 -1.334555298089981079e-01 -2.383491992950439453e-01 1.815991103649139404e-01 8.498342037200927734e-01 -2.680476009845733643e-02 7.666637748479843140e-02 2.473088502883911133e-01 4.888475239276885986e-01 1.585711836814880371e-01 -2.869393825531005859e-01 1.425082609057426453e-02 -3.557433784008026123e-01 -4.060832262039184570e-01 3.253014683723449707e-01 -3.612121939659118652e-01 -4.904848635196685791e-01 -9.765294194221496582e-02 7.844837307929992676e-01 -2.477888762950897217e-01 -4.945889413356781006e-01 -4.488644748926162720e-02 2.887471318244934082e-01 1.825132220983505249e-01 -5.049478411674499512e-01 -5.059521794319152832e-01 1.524876654148101807e-01 3.188118338584899902e-02 -1.755212694406509399e-01 5.811119079589843750e-01 5.202844738960266113e-03 4.124543964862823486e-01 -2.211775779724121094e-01 1.786628812551498413e-01 1.503504961729049683e-01 -2.256278395652770996e-01
-5.426703095436096191e-01 -1.208159998059272766e-01 8.653474599123001099e-02 -6.320993304252624512e-01 1.872930675745010376e-02 4.313983619213104248e-01 -1.835574656724929810e-01 -1.645209491252899170e-01 -5.786502361297607422e-01 4.865697920322418213e-01 -2.875344455242156982e-01 -1.230087056756019592e-01 -1.134809553623199463e-01 2.520833313465118408e-01 -2.221431434154510498e-01 -2.877125144004821777e-01 -4.309389367699623108e-02 1.637009084224700928e-01 -2.657351493835449219e-01 -4.161207005381584167e-02 4.845064282417297363e-01 5.360056087374687195e-02 -5.547708272933959961e-01 1.671764999628067017e-02 -2.323409765958786011e-01 -8.438677340745925903e-02 -1.877073198556900024e-01 1.546201109886169434e-01 -3.042456507682800293e-01 -6.854033470153808594e-02 -1.554810069501399994e-02 2.806002795696258545e-01 3.868846297264099121e-01 -2.959576249122619629e-02 -2.042440325021743774e-01 1.468529254198074341e-01 3.827841579914093018e-01 -1.910342872142791748e-01 1.202580779790878296e-01 -2.574444934725761414e-02 -4.002613723278045654e-01 -7.955433428287506104e-02 3.263285756111145020e-01 -2.651579678058624268e-01 -7.090973258018493652e-01 6.641487777233123779e-02 3.333628475666046143e-01 -3.356195986270904541e-02 -5.192247629165649414e-01 1.298530697822570801e-01 1.097368150949478149e-01 1.477283835411071777e-01 -3.077386021614074707e-01 -3.675008714199066162e-01 3.042822778224945068e-01 3.439630270004272461e-01 -2.610327005386352539e-01 2.164367288351058960e-01 8.856005221605300903e-02 2.506494224071502686e-01 -3.086492121219635010e-01 3.281339406967163086e-01 4.162314534187316895e-01 -1.104981452226638794e-01
-3.798851668834686279e-01 -4.509582221508026123e-01 -1.753588020801544189e-01 -5.822311043739318848e-01 -4.511290192604064941e-01 2.124724984169006348e-01 2.067392319440841675e-01 -5.227919816970825195e-01 -4.470230042934417725e-01 1.868640482425689697e-01 -4.713101685047149658e-01 1.323440670967102051e-02 -1.122488379478454590e-01 -2.323712408542633057e-01 -7.749113440513610840e-02 -2.729367017745971680e-01 -5.044704675674438477e-01 -4.205523431301116943e-02 -1.951561272144317627e-01 1.723228096961975098e-01 2.318122684955596924e-01 6.183303892612457275e-02 -2.581064403057098389e-01 5.055762529373168945e-01 -1.429017484188079834e-01 -2.776884287595748901e-02 -1.753980480134487152e-02 -4.385960847139358521e-02 -1.504639238119125366e-01 8.382828533649444580e-02 2.475348114967346191e-01 3.911245167255401611e-01 8.074036240577697754e-02 2.963550090789794922e-01 1.985868215560913086e-01 3.529473841190338135e-01 6.404510140419006348e-02 -1.254575103521347046e-01 3.621209859848022461e-01 3.512955829501152039e-02 -8.327775448560714722e-02 -7.509766817092895508e-01 5.705312490463256836e-01 -5.835410952568054199e-02 -2.917931973934173584e-01 1.442460715770721436e-01 2.894645929336547852e-01 5.018165707588195801e-01 -5.951699614524841309e-01 -3.914082795381546021e-02 -2.465290576219558716e-02 8.983288705348968506e-02 4.508700966835021973e-02 -1.157285124063491821e-01 1.296503245830535889e-01 4.017366766929626465e-01 -1.416369825601577759e-01 1.600648909807205200e-01 6.799568980932235718e-02 -2.862839400768280029e-01 1.275291591882705688e-01 4.728375673294067383e-01 4.079416990280151367e-01 2.822012007236480713e-01
-4.913230538368225098e-01 -1.104733124375343323e-01 1.028909161686897278e-01 -6.079027056694030762e-01 1.716356128454208374e-01 -2.993727028369903564e-01 3.507061302661895752e-02 -2.471738457679748535e-01 -2.077353894710540771e-01 2.080437839031219482e-01 -4.341445565223693848e-01 2.871666252613067627e-01 1.973920613527297974e-01 2.532491683959960938e-01 -3.119203448295593262e-01 -2.277555763721466064e-01 4.515892863273620605e-01 5.161364078521728516e-01 -4.216947257518768311e-01 1.973919719457626343e-01 5.237834453582763672e-01 9.511567652225494385e-02 -7.288182973861694336e-01 -4.048103094100952148e-01 2.355203330516815186e-01 -2.950936555862426758e-01 -6.463219970464706421e-02 -2.664510905742645264e-01 -2.616147398948669434e-01 4.921568036079406738e-01 -2.154559344053268433e-01 1.386837959289550781e-01 4.643418788909912109e-01 3.169184327125549316e-01 -2.435105293989181519e-01 3.742856085300445557e-01 7.066206932067871094e-01 7.592773437500000000e-02 -3.587307333946228027e-01 1.351613104343414307e-01 -4.579832777380943298e-03 -5.236304998397827148e-01 7.758556306362152100e-02 -3.440728187561035156e-01 -5.907173156738281250e-01 1.385255306959152222e-01 -1.186603158712387085e-01 2.099045217037200928e-01 -2.673974260687828064e-02 -1.753965318202972412e-01 -1.057538390159606934e-01 -1.399428546428680420e-01 -3.025806546211242676e-01 -6.383963823318481445e-01 2.453087270259857178e-01 5.266090035438537598e-01 2.022334560751914978e-02 4.715434312820434570e-01 1.639767587184906006e-01 3.682231009006500244e-01 -1.323969513177871704e-01 4.657385349273681641e-01 1.338686347007751465e-01 5.524184703826904297e-01
-5.964638590812683105e-01 -9.424633532762527466e-02 4.104327410459518433e-02 -4.976694583892822266e-01 9.541991353034973145e-02 1.760159879922866821e-01 -1.277122050523757935e-01 -9.924570471048355103e-02 -3.737108111381530762e-01 2.346179187297821045e-01 -1.831909567117691040e-01 4.632254689931869507e-02 5.864565446972846985e-02 1.816268563270568848e-01 -2.895613312721252441e-01 -2.490666508674621582e-01 3.146131336688995361e-01 3.289722502231597900e-01 -4.433241784572601318e-01 -1.158277392387390137e-01 7.018629908561706543e-01 2.103801667690277100e-01 -6.892665624618530273e-01 -3.824555873870849609e-01 9.270194172859191895e-02 -1.106199622154235840e-02 -5.492126941680908203e-02 -2.114190906286239624e-02 -2.628737390041351318e-01 1.533880084753036499e-01 -6.910982728004455566e-02 8.263492584228515625e-02 3.642916083335876465e-01 -4.143317043781280518e-02 -6.068345904350280762e-02 3.258628547191619873e-01 3.977722823619842529e-01 -9.490389376878738403e-03 -2.062563896179199219e-01 3.118495941162109375e-01 -3.775701820850372314e-01 -3.374131619930267334e-01 2.473891228437423706e-01 -3.453427553176879883e-01 -6.012791991233825684e-01 -1.191330403089523315e-01 8.136975765228271484e-02 -8.348650485277175903e-02 -2.343923747539520264e-01 -1.020771190524101257e-01 -4.292532801628112793e-02 -1.982430517673492432e-01 -4.339808821678161621e-01 -6.866253614425659180e-01 2.944511175155639648e-01 3.840292692184448242e-01 -2.757019996643066406e-01 3.151982426643371582e-01 1.954676210880279541e-02 3.829242885112762451e-01 -2.859306037425994873e-01 2.616267800331115723e-01 3.031591475009918213e-01 1.919564902782440186e-01
-7.558396458625793457e-01 1.356742382049560547e-01 -1.845000088214874268e-01 -8.987309932708740234e-01 1.062683016061782837e-02 -1.987448781728744507e-01 -1.991493850946426392e-01 -5.887682437896728516e-01 -9.452963620424270630e-02 4.319225847721099854e-01 -4.012361168861389160e-01 2.430187165737152100e-01 2.418925762176513672e-01 8.124535679817199707e-01 1.550704687833786011e-01 9.844750165939331055e-02 6.072078645229339600e-02 -3.589608073234558105e-01 -1.631421744823455811e-01 3.020382821559906006e-01 4.468121528625488281e-01 -1.134418398141860962e-01 -5.984228849411010742e-01 4.290443062782287598e-01 3.130077719688415527e-01 -3.850918412208557129e-01 2.730746865272521973e-01 3.601804375648498535e-02 -1.443862915039062500e-01 -1.055996865034103394e-01 9.997861459851264954e-03 4.003479778766632080e-01 8.180708885192871094e-01 2.390148192644119263e-01 -3.385112881660461426e-01 4.587545394897460938e-01 1.605740487575531006e-01 -1.286437958478927612e-01 -8.481515198945999146e-02 -1.038518697023391724e-01 1.752346605062484741e-01 -4.584870636463165283e-01 4.848746657371520996e-01 5.020894110202789307e-02 -6.893138587474822998e-02 1.351928561925888062e-01 9.604118466377258301e-01 1.375817954540252686e-01 -6.212335824966430664e-01 -4.953004419803619385e-03 -3.516305983066558838e-02 1.748319566249847412e-01 5.074205994606018066e-02 -9.275669604539871216e-02 -1.645399034023284912e-01 1.095732599496841431e-01 -4.890529438853263855e-02 7.137601971626281738e-01 -1.568092703819274902e-01 8.147224783897399902e-03 -3.272086381912231445e-02 2.916780710220336914e-01 7.499909400939941406e-02 -1.530673950910568237e-01
-7.199480533599853516e-01 2.062831521034240723e-01 -1.240160986781120300e-01 -6.037195324897766113e-01 -2.291686087846755981e-02 4.027275443077087402e-01 -1.225478500127792358e-01 -3.897075355052947998e-01 -1.402297466993331909e-01 4.240020215511322021e-01 -5.681642293930053711e-01 1.279328763484954834e-01 1.038518697023391724e-01 4.414079785346984863e-01 -2.614794969558715820e-01 -5.373983643949031830e-03 1.010539010167121887e-01 -1.498467922210693359e-01 -3.848854899406433105e-01 1.697112470865249634e-01 3.544732928276062012e-01 -2.283782325685024261e-02 -6.414631605148315430e-01 -6.279084086418151855e-02 -5.398306623101234436e-02 1.931620389223098755e-01 7.810846716165542603e-02 4.065728485584259033e-01 -3.430630564689636230e-01 -2.691067457199096680e-01 -1.125248074531555176e-01 3.250949084758758545e-01 3.994480371475219727e-01 5.468603968620300293e-02 -3.130008578300476074e-01 3.004434704780578613e-01 1.195511072874069214e-01 -1.175191104412078857e-01 -2.069369256496429443e-01 1.365224123001098633e-01 -3.148718774318695068e-01 -3.267300426959991455e-01 5.362437963485717773e-01 1.571972519159317017e-01 -5.383456945419311523e-01 1.108357161283493042e-01 -4.108763113617897034e-02 9.797481447458267212e-02 -2.053711116313934326e-01 1.573020517826080322e-01 -1.664175540208816528e-01 2.528349161148071289e-01 -2.440810054540634155e-01 -2.289691567420959473e-01 5.241561681032180786e-02 4.609484076499938965e-01 -1.815645694732666016e-01 3.278741836547851562e-01 8.506429195404052734e-02 6.227029114961624146e-02 1.007011346518993378e-02 2.958576083183288574e-01 5.695553421974182129e-01 1.409089192748069763e-02
-7.289304137229919434e-01 -1.316093206405639648e-01 -8.382915705442428589e-02 -4.900882244110107422e-01 -4.004487767815589905e-02 5.279344320297241211e-01 -2.250290364027023315e-01 -3.009358644485473633e-01 -4.560250341892242432e-01 3.544963598251342773e-01 -2.103084623813629150e-01 -5.273062735795974731e-02 -1.687345281243324280e-02 1.970662474632263184e-01 -1.660894155502319336e-01 -2.884478867053985596e-01 -5.314457789063453674e-02 -9.916355460882186890e-02 -3.083637654781341553e-01 1.130130961537361145e-01 4.497720599174499512e-01 8.741158246994018555e-02 -5.764442086219787598e-01 9.560665488243103027e-02 -1.334363669157028198e-01 -7.976382970809936523e-03 -1.648503988981246948e-01 3.836843073368072510e-01 -3.964497745037078857e-01 -1.432677954435348511e-01 3.060966171324253082e-02 2.425134032964706421e-01 4.570162594318389893e-01 -5.216893553733825684e-02 -1.271303296089172363e-01 1.153236329555511475e-01 1.259498298168182373e-01 -1.762550175189971924e-01 -3.223112225532531738e-02 3.143436014652252197e-01 -4.449986815452575684e-01 -3.965098857879638672e-01 6.362006068229675293e-01 -5.875588953495025635e-02 -7.048848867416381836e-01 8.627659082412719727e-02 9.559609740972518921e-02 1.319991052150726318e-01 -3.357593417167663574e-01 1.798554062843322754e-01 3.850139677524566650e-02 1.034127250313758850e-01 -7.013233006000518799e-02 -3.175288438796997070e-01 9.992463141679763794e-02 3.973972797393798828e-01 -2.016657143831253052e-01 2.557087540626525879e-01 1.141520068049430847e-01 4.940540343523025513e-02 -1.612923741340637207e-01 4.295327067375183105e-01 4.890123605728149414e-01 -1.626250743865966797e-01
-6.117942929267883301e-01 -1.665545254945755005e-02 -2.469168007373809814e-01 -4.446921944618225098e-01 -1.398449540138244629e-01 -1.109352856874465942e-01 8.512544631958007812e-02 -4.158010184764862061e-01 -2.954718172550201416e-01 1.242370605468750000e-01 -3.111676275730133057e-01 1.650655865669250488e-01 -2.202627360820770264e-01 1.876390874385833740e-01 -2.219179868698120117e-01 -1.582760363817214966e-01 -1.224000230431556702e-01 1.418398618698120117e-01 -6.302433013916015625e-01 2.083509564399719238e-01 3.720322996377944946e-02 -2.256319820880889893e-01 -3.764179050922393799e-01 1.109566986560821533e-01 -5.661613121628761292e-02 -2.473847270011901855e-01 1.812041401863098145e-01 -1.838095784187316895e-01 -9.636069834232330322e-02 3.762818574905395508e-01 1.702326238155364990e-01 3.020325303077697754e-02 2.595839798450469971e-01 2.693976163864135742e-01 2.155555933713912964e-01 2.637726068496704102e-01 2.769432663917541504e-01 -2.244155108928680420e-01 -3.463384509086608887e-01 1.451705694198608398e-01 1.127209514379501343e-02 -7.612292766571044922e-01 6.315668225288391113e-01 -2.059007287025451660e-01 -1.388238221406936646e-01 -2.440735548734664917e-01 8.429465442895889282e-02 2.728094756603240967e-01 -5.413212180137634277e-01 2.068001776933670044e-02 -2.588239312171936035e-02 8.014906197786331177e-02 -5.767922848463058472e-02 -1.563939154148101807e-01 -7.704227417707443237e-02 2.117038518190383911e-01 2.224228829145431519e-01 3.457014560699462891e-01 4.671236872673034668e-02 1.026133522391319275e-01 -1.802101135253906250e-01 3.808164596557617188e-01 3.276173174381256104e-01 4.326300024986267090e-01
-8.474458456039428711e-01 -4.741686582565307617e-02 -2.376747131347656250e-01 -6.683535575866699219e-01 -4.984297752380371094e-01 -2.029788494110107422e-01 1.560923457145690918e-01 -3.829420208930969238e-01 -6.099035143852233887e-01 2.416650354862213135e-01 -4.333990514278411865e-01 1.777211427688598633e-01 -9.099073708057403564e-02 2.428811788558959961e-01 -3.182073235511779785e-01 -3.001954257488250732e-01 -5.740445256233215332e-01 -1.497052460908889771e-01 -2.703571915626525879e-01 4.663815796375274658e-01 9.144447743892669678e-02 -2.539424002170562744e-01 3.476648777723312378e-02 8.026983737945556641e-01 3.427915573120117188e-01 -1.469440460205078125e-01 6.221564114093780518e-02 -4.061005711555480957e-01 1.031609922647476196e-01 1.625534743070602417e-01 1.090541183948516846e-01 3.284267187118530273e-01 3.674058616161346436e-01 4.057182073593139648e-01 3.918066024780273438e-01 1.423210948705673218e-01 1.457079946994781494e-01 -1.585984677076339722e-01 2.666426301002502441e-01 -3.620271086692810059e-01 1.873707175254821777e-01 -7.026495933532714844e-01 5.762094259262084961e-01 5.982282012701034546e-02 -1.622576564550399780e-01 -8.081696182489395142e-02 4.792186319828033447e-01 4.126205146312713623e-01 -5.613698363304138184e-01 -3.548814356327056885e-02 -6.766793876886367798e-02 -3.145845979452133179e-02 4.039330482482910156e-01 -3.922535479068756104e-02 -3.288635313510894775e-01 2.808824479579925537e-01 3.972164392471313477e-01 3.157291412353515625e-01 1.973976492881774902e-01 -7.874989509582519531e-02 -2.991915941238403320e-01 2.627842426300048828e-01 -8.846078813076019287e-02 1.868291646242141724e-01
-5.154651403427124023e-01 1.483437120914459229e-01 -2.902455031871795654e-01 -3.926498293876647949e-01 5.753022432327270508e-02 1.574480906128883362e-03 2.075511515140533447e-01 -2.799065113067626953e-01 -2.260084897279739380e-01 2.852646112442016602e-01 -5.142220258712768555e-01 1.076911613345146179e-01 -1.100369915366172791e-02 3.613378405570983887e-01 -2.071821689605712891e-01 -2.189022600650787354e-01 1.537124719470739365e-02 -1.330391764640808105e-01 -3.262406289577484131e-01 2.727687358856201172e-01 5.656123161315917969e-03 -1.001288294792175293e-01 -4.012012481689453125e-01 -5.884884297847747803e-02 1.474430114030838013e-01 -8.092167973518371582e-02 1.851373612880706787e-01 -1.472667753696441650e-01 -2.854370474815368652e-01 -1.308874785900115967e-02 1.413608789443969727e-01 5.904903262853622437e-02 4.116910398006439209e-01 5.478220582008361816e-01 1.090870797634124756e-02 5.654912590980529785e-01 1.557200998067855835e-01 -4.296702891588211060e-02 -3.500451743602752686e-01 8.090016990900039673e-02 1.528466120362281799e-03 -7.358118295669555664e-01 6.143203377723693848e-01 -2.611346542835235596e-01 9.087321162223815918e-02 -2.508754432201385498e-01 6.173180043697357178e-02 1.230747178196907043e-01 -6.513939499855041504e-01 -1.195017099380493164e-01 1.579761058092117310e-01 6.503237783908843994e-02 -4.135442972183227539e-01 -2.307467758655548096e-01 -2.975451052188873291e-01 2.126010209321975708e-01 1.479448229074478149e-01 4.704440236091613770e-01 -1.438512504100799561e-01 -2.188573777675628662e-02 2.791245467960834503e-02 3.926863670349121094e-01 7.129633426666259766e-02 4.143071174621582031e-01
-2.086501419544219971e-01 1.993556320667266846e-02 -9.158204495906829834e-02 -6.266940236091613770e-01 -1.029118672013282776e-01 7.551810145378112793e-02 7.551842927932739258e-02 -3.522608876228332520e-01 -3.117076158523559570e-01 1.521479487419128418e-01 -2.197315394878387451e-01 -1.294316649436950684e-01 -1.053117364645004272e-01 2.361783683300018311e-01 -6.007646024227142334e-02 -4.215799570083618164e-01 -2.054113149642944336e-02 1.567263007164001465e-01 -3.440189957618713379e-01 1.936173588037490845e-01 7.008709013462066650e-02 2.597742676734924316e-01 -5.200697183609008789e-01 3.117569684982299805e-01 1.700072363018989563e-02 -2.679286897182464600e-01 1.413956433534622192e-01 -2.617141902446746826e-01 -2.408697158098220825e-01 2.242937833070755005e-01 8.918026089668273926e-02 4.053452014923095703e-01 2.177933752536773682e-01 1.931106299161911011e-01 7.889751344919204712e-02 4.506717026233673096e-01 2.873002290725708008e-01 -2.407756596803665161e-01 -1.803790777921676636e-02 1.988721191883087158e-01 2.006913572549819946e-01 -5.195604562759399414e-01 4.036278724670410156e-01 -3.116058111190795898e-01 -2.847976684570312500e-01 1.497956663370132446e-01 4.223219752311706543e-01 3.430394828319549561e-01 -5.046986341476440430e-01 -8.426808565855026245e-02 -2.206585109233856201e-01 -4.656544700264930725e-02 -3.587045669555664062e-01 -1.802529096603393555e-01 3.310944437980651855e-01 5.458221435546875000e-01 -2.331557124853134155e-01 1.252453029155731201e-01 4.491029679775238037e-01 -2.522295117378234863e-01 -3.305097296833992004e-02 3.615036010742187500e-01 4.957933351397514343e-02 2.616206109523773193e-01
-4.297255575656890869e-01 -2.931722998619079590e-01 -3.077412843704223633e-01 -6.749336719512939453e-01 -1.789477914571762085e-01 1.406745016574859619e-01 2.188921719789505005e-01 -2.839687168598175049e-01 -6.220288872718811035e-01 2.461099624633789062e-01 -3.890470862388610840e-01 3.348337858915328979e-02 -1.516799777746200562e-01 -1.284597665071487427e-01 -2.046275734901428223e-01 -2.444060444831848145e-01 -2.601006925106048584e-01 -5.733557790517807007e-02 -2.562475800514221191e-01 3.491928800940513611e-02 4.796847105026245117e-01 2.465730011463165283e-01 -3.418793678283691406e-01 3.223868012428283691e-01 1.577645167708396912e-02 -1.372792720794677734e-01 1.675757765769958496e-01 -3.221532702445983887e-01 -1.804043725132942200e-02 7.314171642065048218e-02 6.533400714397430420e-02 3.160162866115570068e-01 2.818542122840881348e-01 1.535376012325286865e-01 3.401955962181091309e-01 5.310294032096862793e-01 1.846045851707458496e-01 -1.171949785202741623e-02 1.123265177011489868e-01 -1.431533321738243103e-02 -2.005051523447036743e-01 -7.194772958755493164e-01 1.394503861665725708e-01 -2.911901772022247314e-01 -2.599256932735443115e-01 -2.373279780149459839e-01 4.737497270107269287e-01 2.228717803955078125e-01 -5.719510912895202637e-01 -2.375082373619079590e-01 1.666630953550338745e-01 -2.061320394277572632e-01 -3.476587533950805664e-01 -4.122356176376342773e-01 2.267660796642303467e-01 3.520815372467041016e-01 -1.942632645368576050e-01 2.916089296340942383e-01 8.889250457286834717e-03 5.301774293184280396e-02 -1.306781172752380371e-01 1.942128688097000122e-01 5.003302544355392456e-02 2.129167765378952026e-01
-5.342012643814086914e-01 2.039683461189270020e-01 -3.067867159843444824e-01 -5.643340349197387695e-01 -2.007178515195846558e-01 -1.421332173049449921e-02 2.798938751220703125e-01 -4.228014051914215088e-01 -2.858765423297882080e-01 4.359424710273742676e-01 -4.799721837043762207e-01 2.104849815368652344e-01 -8.456561714410781860e-03 4.655975848436355591e-02 -2.114806473255157471e-01 1.190684735774993896e-01 -2.865413129329681396e-01 1.659598946571350098e-02 -6.042173504829406738e-01 8.909066766500473022e-02 1.616351902484893799e-01 3.510648012161254883e-02 -2.799200415611267090e-01 1.561751365661621094e-01 5.757674202322959900e-02 6.011779606342315674e-02 4.588928520679473877e-01 -3.706840276718139648e-01 -1.113616973161697388e-01 7.866053283214569092e-02 1.853743493556976318e-01 -4.511080682277679443e-03 3.940712213516235352e-01 3.885576874017715454e-02 2.025256305932998657e-01 5.725247859954833984e-01 2.136446833610534668e-01 -7.241447269916534424e-02 -4.255084991455078125e-01 6.619097292423248291e-02 -1.801118403673171997e-01 -6.768873929977416992e-01 5.072809457778930664e-01 -3.301840126514434814e-01 -2.354591526091098785e-02 -3.736113011837005615e-01 4.560230076313018799e-01 7.426170259714126587e-02 -6.792631745338439941e-01 -1.399150490760803223e-01 -2.701781988143920898e-01 1.291626393795013428e-01 -1.692507117986679077e-01 -3.761173188686370850e-01 -7.060670107603073120e-02 -1.036886125802993774e-02 5.881498381495475769e-02 2.399048507213592529e-01 5.263976007699966431e-02 -2.959734946489334106e-02 -3.584014996886253357e-02 2.199555188417434692e-01 2.401742488145828247e-01 3.254269063472747803e-01
-6.840196251869201660e-01 8.029402047395706177e-02 -5.020163655281066895e-01 -6.177591681480407715e-01 1.594930440187454224e-01 4.259768873453140259e-02 2.395808696746826172e-02 -4.701974689960479736e-01 -3.331876993179321289e-01 3.265305459499359131e-01 -4.702155292034149170e-01 1.576271355152130127e-01 -1.882580220699310303e-01 4.874293804168701172e-01 8.310337364673614502e-02 1.503434181213378906e-01 -2.367642223834991455e-01 -2.435574233531951904e-01 -1.238057687878608704e-01 2.409692406654357910e-01 2.218996882438659668e-01 -2.380610704421997070e-01 -3.703352510929107666e-01 2.013963609933853149e-01 5.821059271693229675e-02 -1.781858503818511963e-01 1.736866980791091919e-01 8.929388970136642456e-02 -2.163581401109695435e-01 -2.922002673149108887e-01 1.418996788561344147e-02 1.935848593711853027e-01 6.382653117179870605e-01 4.444540739059448242e-01 -9.521837532520294189e-02 1.600032746791839600e-01 3.695122897624969482e-01 -1.429696530103683472e-01 -7.803341746330261230e-02 -4.580145776271820068e-01 -1.472125202417373657e-01 -6.581511497497558594e-01 5.595111846923828125e-01 1.405377089977264404e-01 -3.005070090293884277e-01 2.157999947667121887e-02 3.768368065357208252e-01 2.285743355751037598e-01 -4.544316232204437256e-01 -7.460794597864151001e-02 8.667750656604766846e-02 3.881242871284484863e-01 -1.915923953056335449e-01 -2.400025129318237305e-01 -2.868900001049041748e-01 9.536053240299224854e-02 8.179733157157897949e-02 8.590147495269775391e-01 -2.842688858509063721e-01 2.413149476051330566e-01 -1.234482601284980774e-01 1.665621548891067505e-01 2.383448779582977295e-01 8.574835956096649170e-04
-6.831188201904296875e-01 -7.635911554098129272e-02 -4.675102531909942627e-01 -5.314933657646179199e-01 -2.504826188087463379e-01 -1.389256566762924194e-01 4.167820513248443604e-02 -5.059691071510314941e-01 -2.194696515798568726e-01 2.953259348869323730e-01 -6.182973980903625488e-01 3.479683995246887207e-01 1.805320084095001221e-01 2.772187590599060059e-01 -2.849046289920806885e-01 -1.702568382024765015e-01 9.829831868410110474e-02 -2.053370177745819092e-01 -3.567047417163848877e-01 -2.593128383159637451e-02 1.769836097955703735e-01 1.517211049795150757e-01 -6.307390928268432617e-01 1.479015499353408813e-01 3.828338384628295898e-01 -1.568090021610260010e-01 5.221714824438095093e-02 -1.914915144443511963e-01 -2.368448525667190552e-01 1.660279035568237305e-01 -7.163566350936889648e-02 1.597207933664321899e-01 5.360697507858276367e-01 3.497955203056335449e-01 -3.442553877830505371e-01 7.959561347961425781e-01 1.095093637704849243e-01 -2.300805598497390747e-01 -1.937152445316314697e-01 9.407110512256622314e-02 4.565860331058502197e-02 -7.508958578109741211e-01 3.842903375625610352e-01 -2.112917304039001465e-01 1.477924287319183350e-01 1.856402754783630371e-01 2.057753652334213257e-01 3.080067336559295654e-01 -6.149836778640747070e-01 -8.727759867906570435e-02 9.072601795196533203e-03 -3.130575120449066162e-01 -7.407458126544952393e-02 -2.943422198295593262e-01 -1.643578410148620605e-01 4.169829487800598145e-01 2.588266730308532715e-01 5.674077272415161133e-01 -1.833908557891845703e-01 -2.190762013196945190e-01 1.472471803426742554e-01 3.262047767639160156e-01 -1.088275462388992310e-01 4.860450625419616699e-01
-9.655196070671081543e-01 1.254258155822753906e-01 -3.339897096157073975e-01 -7.086192369461059570e-01 -4.369659423828125000e-01 -1.634104102849960327e-01 -6.792996823787689209e-02 -4.155637323856353760e-01 -1.211907267570495605e-01 3.437008857727050781e-01 -5.341133475303649902e-01 3.675362467765808105e-01 -1.077768057584762573e-01 8.632525205612182617e-01 -1.219632476568222046e-01 -5.748438835144042969e-02 -1.374306082725524902e-01 -6.985063105821609497e-02 -1.319946348667144775e-01 5.133303403854370117e-01 -2.409753054380416870e-01 -4.545231461524963379e-01 -1.797107756137847900e-01 6.689199805259704590e-01 5.902709960937500000e-01 -1.729027777910232544e-01 1.384846270084381104e-01 -3.335109055042266846e-01 -2.099255472421646118e-01 2.424695938825607300e-01 -9.477353841066360474e-02 4.797276258468627930e-01 3.092689812183380127e-01 3.926350474357604980e-01 -3.835760802030563354e-02 2.377463430166244507e-01 2.904209494590759277e-01 -4.435448050498962402e-01 3.526287078857421875e-01 -5.436343550682067871e-01 6.579201817512512207e-01 -5.070911645889282227e-01 4.577218294143676758e-01 3.406400084495544434e-01 1.971704959869384766e-01 3.290308639407157898e-02 7.116807103157043457e-01 1.925498843193054199e-01 -3.440932929515838623e-01 -7.797816395759582520e-02 -3.561429381370544434e-01 -1.991641223430633545e-01 1.894551366567611694e-01 4.030227959156036377e-01 -4.967215955257415771e-01 3.945593237876892090e-01 5.499899983406066895e-01 4.756337404251098633e-01 4.850738495588302612e-02 -2.760030031204223633e-01 -3.465912938117980957e-01 3.889726996421813965e-01 7.023027166724205017e-03 4.526445642113685608e-02
-8.322445750236511230e-01 4.902504682540893555e-01 1.051380485296249390e-02 -5.157133340835571289e-01 -1.619468182325363159e-01 1.421777606010437012e-01 -9.806306660175323486e-02 -3.037410378456115723e-01 -2.394141070544719696e-02 7.106052041053771973e-01 -3.943868577480316162e-01 3.405756652355194092e-01 3.696479499340057373e-01 5.070878267288208008e-01 -2.969218790531158447e-02 3.120661675930023193e-01 3.731448948383331299e-01 -6.452623009681701660e-02 -5.284505486488342285e-01 -4.036802947521209717e-01 2.745054364204406738e-01 3.026001751422882080e-01 -4.949971139430999756e-01 -2.520658671855926514e-01 1.080332249402999878e-01 1.888428628444671631e-02 2.747603952884674072e-01 9.375166147947311401e-02 -1.619936823844909668e-01 -6.834967434406280518e-02 -3.651388734579086304e-02 1.780607551336288452e-02 3.896422684192657471e-01 -2.511680722236633301e-01 -5.134066343307495117e-01 4.351775348186492920e-01 2.176097929477691650e-01 2.861179411411285400e-01 -3.806148767471313477e-01 2.511860728263854980e-01 -2.529069483280181885e-01 -3.522346317768096924e-01 2.430171221494674683e-01 -2.480714023113250732e-01 -8.612840622663497925e-02 1.548713892698287964e-01 3.040601909160614014e-01 -2.370510697364807129e-01 -3.121314346790313721e-01 8.394663780927658081e-02 -3.868415951728820801e-01 4.034179449081420898e-02 -4.823361635208129883e-01 -4.424909055233001709e-01 1.250213384628295898e-01 -3.929734230041503906e-04 -6.051727011799812317e-02 5.557444691658020020e-01 2.293826937675476074e-01 6.483247131109237671e-02 8.893674239516258240e-03 2.332717180252075195e-02 3.538737595081329346e-01 1.144804358482360840e-01
-4.583329260349273682e-01 -9.046119451522827148e-02 -3.348732888698577881e-01 -5.577616691589355469e-01 -1.698587983846664429e-01 -1.557320505380630493e-01 1.719082742929458618e-01 -3.183386027812957764e-01 -5.387646555900573730e-01 2.144893407821655273e-01 -5.011081099510192871e-01 8.271642029285430908e-03 -1.319305300712585449e-01 1.264610588550567627e-01 -4.230856895446777344e-01 -3.470382690429687500e-01 -3.903199434280395508e-01 -8.678684383630752563e-02 -3.279821574687957764e-01 4.822740852832794189e-01 4.646463990211486816e-01 4.809280484914779663e-02 -3.343500196933746338e-01 7.813538908958435059e-01 4.100628495216369629e-01 -1.117329224944114685e-01 2.332759946584701538e-01 -4.605525732040405273e-01 -1.217302978038787842e-01 -1.755920052528381348e-02 8.625056594610214233e-02 3.365762531757354736e-01 4.823909997940063477e-01 2.511450648307800293e-01 5.168163776397705078e-01 4.486490190029144287e-01 1.619615703821182251e-01 -1.688842475414276123e-01 -2.814824134111404419e-02 -1.633248478174209595e-01 -4.974027723073959351e-02 -6.431154012680053711e-01 3.916162252426147461e-01 -1.514802575111389160e-01 -2.383092045783996582e-01 -3.369805216789245605e-01 5.909975767135620117e-01 2.377309203147888184e-01 -6.553127765655517578e-01 -1.808561235666275024e-01 2.987566590309143066e-02 8.103963732719421387e-02 1.843023300170898438e-01 -3.241836130619049072e-01 -1.479735076427459717e-01 2.469120770692825317e-01 -5.402521044015884399e-02 1.102426201105117798e-01 2.376643419265747070e-01 -5.929268896579742432e-03 -8.276852965354919434e-02 3.028400540351867676e-01 -7.184587419033050537e-02 8.944150805473327637e-02
-4.793679714202880859e-01 -2.114358246326446533e-01 -3.782310783863067627e-01 -7.139634490013122559e-01 -6.829038858413696289e-01 -5.562588572502136230e-02 3.653253316879272461e-01 -3.382291793823242188e-01 -2.204175144433975220e-01 2.021482884883880615e-01 -5.136409401893615723e-01 3.131793439388275146e-01 -2.091945409774780273e-01 6.209842115640640259e-02 -2.353435754776000977e-01 2.935654670000076294e-02 -2.052737474441528320e-01 -9.856672585010528564e-02 -3.325945138931274414e-01 3.906822800636291504e-01 -8.336807787418365479e-02 -1.241195015609264374e-02 -8.642677217721939087e-02 4.891282320022583008e-01 2.517110705375671387e-01 3.335118293762207031e-01 1.842601895332336426e-01 -5.083322525024414062e-01 5.455232784152030945e-02 1.187813282012939453e-01 2.276723086833953857e-01 5.709254741668701172e-01 -5.900528281927108765e-02 3.613651394844055176e-01 3.569822907447814941e-01 5.362885594367980957e-01 8.060805499553680420e-03 -2.629798948764801025e-01 4.661490917205810547e-01 -3.566771447658538818e-01 3.889607191085815430e-01 -8.274974822998046875e-01 3.635826706886291504e-01 2.712322473526000977e-01 -3.527907282114028931e-02 -8.528323471546173096e-02 2.714446485042572021e-01 5.763929486274719238e-01 -3.509077429771423340e-01 -2.917378544807434082e-01 -4.772734642028808594e-01 -2.452874332666397095e-01 6.283739954233169556e-02 3.971770405769348145e-02 -4.374257326126098633e-01 5.581814646720886230e-01 3.471676707267761230e-01 2.951055765151977539e-01 1.658041775226593018e-01 -3.229627609252929688e-01 -1.316591054201126099e-01 3.088914155960083008e-01 -3.069598041474819183e-02 5.656018257141113281e-01
-5.683171153068542480e-01 -1.301517486572265625e-01 -3.292404413223266602e-01 -8.461953997611999512e-01 -4.888218045234680176e-01 -3.187652230262756348e-01 2.541974782943725586e-01 -2.303710281848907471e-01 -1.264269053936004639e-01 4.085061848163604736e-01 -7.761924862861633301e-01 6.164132952690124512e-01 -3.678743168711662292e-02 3.093974888324737549e-01 -4.864855110645294189e-02 -2.599733769893646240e-01 2.898793220520019531e-01 -2.088283002376556396e-02 -3.420260250568389893e-01 1.719771027565002441e-01 5.706578493118286133e-03 -1.277719438076019287e-01 -3.732008635997772217e-01 9.544979035854339600e-02 1.286354362964630127e-01 -1.726930737495422363e-01 -1.164325401186943054e-01 -3.805578947067260742e-01 2.209422439336776733e-01 7.736205309629440308e-02 2.233106084167957306e-02 3.362924456596374512e-01 -4.673813283443450928e-02 6.080194711685180664e-01 -9.518747031688690186e-02 3.753139674663543701e-01 3.077214956283569336e-01 3.091280534863471985e-02 4.291834831237792969e-01 -5.237204432487487793e-01 3.744783997535705566e-01 -6.041162014007568359e-01 2.003067284822463989e-01 1.407134532928466797e-01 1.721695959568023682e-01 1.895339190959930420e-01 1.004661247134208679e-01 4.611797928810119629e-01 -5.840590000152587891e-01 -1.926288902759552002e-01 -1.423103511333465576e-01 -1.022353246808052063e-01 -3.976874947547912598e-01 -1.321877166628837585e-02 -3.599131107330322266e-01 5.386381149291992188e-01 4.597044587135314941e-01 5.957626104354858398e-01 -2.830169498920440674e-01 -2.930380403995513916e-03 -3.936004042625427246e-01 5.171079635620117188e-01 -7.798157632350921631e-02 4.903157353401184082e-01
-3.813152611255645752e-01 -3.154871761798858643e-01 -4.812896847724914551e-01 -6.562433242797851562e-01 -8.305706828832626343e-02 -1.396942734718322754e-01 1.644833385944366455e-01 -3.214578032493591309e-01 -5.683404803276062012e-01 6.452981382608413696e-02 -4.392894208431243896e-01 4.934538155794143677e-02 -2.038033604621887207e-01 4.549040645360946655e-02 -9.399238228797912598e-02 -4.326500594615936279e-01 -2.248169928789138794e-01 -2.094272077083587646e-01 -1.687527000904083252e-01 4.804456830024719238e-01 2.911818027496337891e-01 6.881957501173019409e-02 -3.122791349887847900e-01 3.970257639884948730e-01 2.559642195701599121e-01 -2.750524878501892090e-01 1.669057756662368774e-01 -3.466535508632659912e-01 1.526046544313430786e-04 -1.043428182601928711e-01 9.362434595823287964e-02 3.071948885917663574e-01 3.704222440719604492e-01 2.141177803277969360e-01 4.265456795692443848e-01 4.710955917835235596e-01 2.355572581291198730e-01 -1.895118057727813721e-01 7.387460768222808838e-02 -1.440832316875457764e-01 1.857752352952957153e-01 -8.724414110183715820e-01 3.937376141548156738e-01 -1.460674405097961426e-01 -4.371978342533111572e-01 -1.033113896846771240e-01 3.319869935512542725e-01 4.757932424545288086e-01 -5.462641716003417969e-01 -1.325473040342330933e-01 1.808760613203048706e-01 -1.949840933084487915e-01 8.202870935201644897e-02 -2.774230539798736572e-01 -1.264744251966476440e-01 5.513106584548950195e-01 2.670660018920898438e-01 4.242895841598510742e-01 -1.571270227432250977e-01 1.688098907470703125e-02 -1.797567456960678101e-01 2.562434077262878418e-01 -1.664795130491256714e-01 1.625081598758697510e-01
-3.332668542861938477e-01 -1.886096745729446411e-01 -1.568044424057006836e-01 -5.846921205520629883e-01 -3.008291721343994141e-01 1.140923202037811279e-01 4.371424019336700439e-02 -4.415639042854309082e-01 -6.332474350929260254e-01 1.542150080204010010e-01 -2.579310536384582520e-01 -7.482882589101791382e-02 2.729186713695526123e-01 -1.739480793476104736e-01 -6.341107189655303955e-02 -3.507787883281707764e-01 -1.190124303102493286e-01 4.347508400678634644e-02 -6.161068081855773926e-01 -2.644371986389160156e-01 5.782633423805236816e-01 7.499067187309265137e-01 -4.098471701145172119e-01 4.202032089233398438e-01 2.853281050920486450e-02 -1.211082935333251953e-01 2.796016335487365723e-01 -3.552076816558837891e-01 -1.379085630178451538e-01 3.610175848007202148e-02 5.878899246454238892e-02 3.283434510231018066e-01 5.807535052299499512e-01 -1.925835013389587402e-01 2.672844529151916504e-01 8.146340847015380859e-01 -1.881510466337203979e-01 -5.477539822459220886e-02 -3.050059080123901367e-01 6.230612993240356445e-01 -3.070234656333923340e-01 -6.676228046417236328e-01 2.000555247068405151e-01 -6.986391544342041016e-01 -4.078784584999084473e-02 -1.486503183841705322e-01 6.690881848335266113e-01 8.604911714792251587e-02 -7.634243965148925781e-01 -1.861831545829772949e-01 -9.660944342613220215e-02 -4.490192532539367676e-01 -2.413229197263717651e-01 -4.555183053016662598e-01 2.498591244220733643e-01 3.709660172462463379e-01 -3.274617195129394531e-01 8.746236562728881836e-02 2.478003501892089844e-01 -2.373937070369720459e-01 9.755443781614303589e-02 2.568294405937194824e-01 -1.621542423963546753e-01 1.562246233224868774e-01
-6.177623867988586426e-01 -6.046793609857559204e-02 -4.106195867061614990e-01 -5.037825703620910645e-01 -3.484660387039184570e-01 1.917489618062973022e-01 2.455707341432571411e-01 -5.274615287780761719e-01 -5.370290279388427734e-01 3.398651778697967529e-01 -6.984111666679382324e-01 3.551883101463317871e-01 -1.763462871313095093e-01 4.707507789134979248e-03 -1.501248925924301147e-01 7.372022606432437897e-03 -1.816456019878387451e-01 1.127505972981452942e-01 -8.334003090858459473e-01 9.251646697521209717e-03 3.737136721611022949e-03 1.194647401571273804e-01 -2.302400767803192139e-01 8.970446884632110596e-02 -2.070362716913223267e-01 -4.098305106163024902e-02 1.885031759738922119e-01 -3.655767440795898438e-01 1.816092580556869507e-01 1.802567094564437866e-01 2.383470684289932251e-01 4.091188609600067139e-01 1.014172434806823730e-01 1.669554263353347778e-01 1.783515512943267822e-01 2.650121748447418213e-01 1.773866713047027588e-01 -9.416147321462631226e-02 8.015924692153930664e-02 -2.792821228504180908e-01 5.568090826272964478e-02 -6.223832368850708008e-01 2.514176368713378906e-01 -9.636215865612030029e-02 -7.156939804553985596e-02 -5.009960755705833435e-02 -7.417747378349304199e-02 2.740480899810791016e-01 -2.753030955791473389e-01 -1.622169315814971924e-01 -1.892021596431732178e-01 3.286194056272506714e-02 -2.031588405370712280e-01 -8.375815302133560181e-02 -2.171489000320434570e-01 3.495529890060424805e-01 2.499655634164810181e-01 3.149877190589904785e-01 5.848731845617294312e-02 1.446917653083801270e-01 -3.363053500652313232e-01 2.751668691635131836e-01 2.570959627628326416e-01 5.224594473838806152e-01
-7.533838152885437012e-01 1.169135496020317078e-01 -1.115622371435165405e-02 -7.248676419258117676e-01 -1.646381914615631104e-01 4.104468226432800293e-01 9.833231568336486816e-03 -4.604072272777557373e-01 -4.003267586231231689e-01 5.968718528747558594e-01 -4.793198704719543457e-01 2.809038460254669189e-01 3.247627317905426025e-01 3.046104609966278076e-01 -3.112311661243438721e-02 -9.696446359157562256e-02 2.816901914775371552e-02 -1.601409912109375000e-01 -4.184865057468414307e-01 1.352604478597640991e-03 2.415103614330291748e-01 1.756908148527145386e-01 -3.269773125648498535e-01 6.211331486701965332e-02 -2.627715468406677246e-01 1.256192475557327271e-01 6.545404344797134399e-02 2.124866545200347900e-01 -2.467892616987228394e-01 -2.363357692956924438e-01 -1.844578534364700317e-01 2.858345210552215576e-01 6.473343968391418457e-01 3.156559169292449951e-02 -2.167230397462844849e-01 6.417117714881896973e-01 1.213259398937225342e-01 -3.162191063165664673e-02 -3.000206351280212402e-01 3.336038589477539062e-01 -3.927781283855438232e-01 -4.374727010726928711e-01 2.898081541061401367e-01 -1.575275957584381104e-01 -2.541391253471374512e-01 -1.510727033019065857e-02 1.847285032272338867e-01 -8.558408915996551514e-02 -5.256959795951843262e-01 6.022187322378158569e-02 -3.697232902050018311e-02 1.156040206551551819e-01 -3.166475296020507812e-01 -2.265654504299163818e-01 -6.034045666456222534e-02 3.039064407348632812e-01 -1.242688000202178955e-01 3.985286355018615723e-01 3.788658976554870605e-02 5.974125117063522339e-02 -3.199820965528488159e-02 3.665994405746459961e-01 2.480857670307159424e-01 7.810708135366439819e-03
-6.614482998847961426e-01 6.261245161294937134e-02 -2.189119458198547363e-01 -4.595243334770202637e-01 -3.695528209209442139e-02 1.732143312692642212e-01 -2.309020608663558960e-01 -3.859361112117767334e-01 -1.449695080518722534e-01 2.332228124141693115e-01 -3.720680773258209229e-01 7.282327860593795776e-02 1.506555825471878052e-01 4.690348505973815918e-01 -2.010552883148193359e-01 -1.333557963371276855e-01 2.040058225393295288e-01 -7.696826756000518799e-02 -2.862108051776885986e-01 1.209305226802825928e-02 3.940529823303222656e-01 1.612278819084167480e-01 -7.384874820709228516e-01 -1.111078709363937378e-01 1.030216217041015625e-01 -1.953893899917602539e-02 8.349312096834182739e-02 2.015523016452789307e-01 -4.004237353801727295e-01 1.612729579210281372e-02 -4.218818247318267822e-02 1.111201718449592590e-01 4.644168317317962646e-01 1.497876346111297607e-01 -3.708941936492919922e-01 4.577515423297882080e-01 3.244697302579879761e-02 -1.856235563755035400e-01 -2.297476232051849365e-01 3.144738972187042236e-01 -2.307348847389221191e-01 -5.306924581527709961e-01 5.338534712791442871e-01 -2.033910751342773438e-01 -2.392331063747406006e-01 8.486239612102508545e-02 1.155545637011528015e-01 3.814601153135299683e-02 -4.177032411098480225e-01 6.333024054765701294e-02 -1.355764865875244141e-01 -1.615442633628845215e-01 -3.017702698707580566e-01 -2.213195264339447021e-01 -1.583569496870040894e-02 3.408930301666259766e-01 -1.526552289724349976e-01 4.130587577819824219e-01 -6.315602362155914307e-02 2.669373899698257446e-02 1.061521023511886597e-01 3.073984384536743164e-01 2.883881032466888428e-01 1.217063665390014648e-01
-5.946865677833557129e-01 2.468703985214233398e-01 1.639823615550994873e-01 -7.298853993415832520e-01 5.161139369010925293e-02 1.554770022630691528e-02 -6.838470697402954102e-02 -7.838279753923416138e-02 -1.053384393453598022e-01 5.978252291679382324e-01 -4.342255294322967529e-01 3.062492311000823975e-01 2.709557712078094482e-01 7.635025382041931152e-01 -5.881860852241516113e-02 2.788485027849674225e-03 6.337962150573730469e-01 2.275454998016357422e-01 -2.997729778289794922e-01 1.268489658832550049e-01 6.713024377822875977e-01 -7.458767294883728027e-02 -5.752551555633544922e-01 -4.299687147140502930e-01 1.111125051975250244e-01 -9.065768867731094360e-02 -8.699218183755874634e-02 1.784917414188385010e-01 -2.676121294498443604e-01 -1.641569286584854126e-01 -9.146257489919662476e-02 1.627123951911926270e-01 4.843286275863647461e-01 1.981448084115982056e-01 -4.741384387016296387e-01 2.291283309459686279e-01 4.214899837970733643e-01 2.445901334285736084e-01 -1.538826674222946167e-01 -2.488910779356956482e-02 -3.311759233474731445e-01 -7.820792496204376221e-02 2.015558332204818726e-01 -1.882934272289276123e-01 -2.767986059188842773e-01 4.557907953858375549e-02 2.490584999322891235e-01 -2.441050708293914795e-01 -2.888154685497283936e-01 -1.466636359691619873e-02 2.297799289226531982e-02 3.309240043163299561e-01 -4.209578633308410645e-01 -3.929030597209930420e-01 6.118107587099075317e-02 6.269468367099761963e-02 -4.610975459218025208e-02 7.178252935409545898e-01 -6.084429100155830383e-02 4.471616446971893311e-01 -2.340673953294754028e-01 2.946685552597045898e-01 3.245390653610229492e-01 2.339274436235427856e-01
-5.796465873718261719e-01 1.650467813014984131e-01 -2.576091885566711426e-01 -4.203824400901794434e-01 1.782933622598648071e-01 2.409423291683197021e-01 2.692623436450958252e-02 -2.261932492256164551e-01 -6.548137962818145752e-02 4.195694327354431152e-01 -6.024604439735412598e-01 1.412901878356933594e-01 -3.275088965892791748e-04 4.498373866081237793e-01 -1.461718827486038208e-01 -8.276152610778808594e-02 3.020348846912384033e-01 7.295688986778259277e-02 -4.870477020740509033e-01 8.527243137359619141e-02 1.545145213603973389e-01 -8.783325552940368652e-02 -5.652019381523132324e-01 -5.144197344779968262e-01 -9.523904323577880859e-02 1.228139847517013550e-01 1.670298576354980469e-01 1.071464046835899353e-01 -2.284165173768997192e-01 -8.640863001346588135e-02 9.592223167419433594e-02 1.744900643825531006e-02 2.287770062685012817e-01 2.375634759664535522e-01 -2.574928402900695801e-01 3.939084410667419434e-01 2.560423910617828369e-01 -4.140564054250717163e-02 -3.022256493568420410e-01 1.263795942068099976e-01 -1.316858530044555664e-01 -3.363779783248901367e-01 5.182831287384033203e-01 -2.345072627067565918e-01 -1.798894852399826050e-01 -8.926910161972045898e-02 -1.501053571701049805e-01 -7.907288521528244019e-02 -4.667889773845672607e-01 -3.813051432371139526e-02 1.862636208534240723e-02 9.802338480949401855e-02 -6.581385135650634766e-01 -2.506095468997955322e-01 -1.721752583980560303e-01 3.033103346824645996e-01 3.365690633654594421e-02 4.320412278175354004e-01 -2.828823328018188477e-01 3.458115458488464355e-01 -1.964304596185684204e-01 3.052577376365661621e-01 4.103550612926483154e-01 2.677509188652038574e-01
-7.520167231559753418e-01 2.043827772140502930e-01 -1.915978193283081055e-01 -6.542779803276062012e-01 -1.789538413286209106e-01 1.163655519485473633e-01 8.596619963645935059e-02 -3.234694004058837891e-01 -4.409886598587036133e-01 6.539937257766723633e-01 -5.013685226440429688e-01 3.733083605766296387e-02 1.332856863737106323e-01 3.114301562309265137e-01 1.428716331720352173e-01 -9.097633883357048035e-04 -4.027669131755828857e-02 -5.013787150382995605e-01 -1.607587933540344238e-01 2.700309157371520996e-01 2.157179564237594604e-01 2.014405652880668640e-02 -3.090885877609252930e-01 5.033658742904663086e-01 1.353619396686553955e-01 -2.306087315082550049e-01 1.721510589122772217e-01 -2.362073957920074463e-01 -2.175124138593673706e-01 -4.735282659530639648e-01 2.155309319496154785e-01 1.716719716787338257e-01 5.947582125663757324e-01 3.635318875312805176e-01 -1.212923377752304077e-01 3.775795996189117432e-01 1.303672343492507935e-01 2.614343464374542236e-01 -4.217479377985000610e-02 -2.477166056632995605e-02 -9.290160238742828369e-02 -4.045071005821228027e-01 5.810990929603576660e-01 -1.989624798297882080e-01 -1.289953738451004028e-01 1.526102274656295776e-01 7.045935392379760742e-01 -7.682141661643981934e-02 -7.825289964675903320e-01 9.477170556783676147e-02 2.106448560953140259e-01 4.674973785877227783e-01 -2.772719264030456543e-01 -1.621035933494567871e-01 -2.788975536823272705e-01 9.058213979005813599e-02 -1.273530274629592896e-01 2.324625551700592041e-01 2.097408473491668701e-01 2.141455560922622681e-02 -7.203992456197738647e-02 2.758582234382629395e-01 2.151172012090682983e-01 -2.544274628162384033e-01
-5.379074811935424805e-01 3.034031689167022705e-01 2.940392792224884033e-01 -4.578765928745269775e-01 1.004160791635513306e-01 -2.314114756882190704e-02 -1.352402716875076294e-01 -4.282198250293731689e-01 -3.661307394504547119e-01 -1.403425931930541992e-01 -1.059016212821006775e-01 -1.207099631428718567e-01 -1.977921873331069946e-01 6.962690949440002441e-01 -4.431375861167907715e-01 -2.348637580871582031e-01 5.820473656058311462e-02 6.200811862945556641e-01 -6.833137273788452148e-01 1.620230674743652344e-01 4.398617744445800781e-01 -1.868371218442916870e-01 -6.819526553153991699e-01 -1.518807709217071533e-01 -9.615591168403625488e-02 -1.004754751920700073e-02 6.373724341392517090e-02 -2.474218904972076416e-01 -1.308516114950180054e-01 4.518163204193115234e-01 2.856599092483520508e-01 5.289631485939025879e-01 4.847844690084457397e-02 3.923712372779846191e-01 -2.019896954298019409e-01 -2.221310436725616455e-01 4.178147614002227783e-01 -3.405117988586425781e-01 -1.280783116817474365e-02 -1.529849469661712646e-01 9.017591178417205811e-02 -2.868840992450714111e-01 2.896820306777954102e-01 -2.150452435016632080e-01 -5.418143868446350098e-01 -1.120739728212356567e-01 2.098187804222106934e-03 3.229077756404876709e-01 -1.829598248004913330e-01 1.181692853569984436e-01 -3.676636219024658203e-01 -2.560161054134368896e-02 -3.518286347389221191e-01 -7.866781204938888550e-02 7.667458802461624146e-02 5.181506276130676270e-01 -3.816563189029693604e-01 1.359542906284332275e-01 3.035124242305755615e-01 2.478862404823303223e-01 -3.901919126510620117e-01 3.262577056884765625e-01 3.871243298053741455e-01 3.546137809753417969e-01
-3.425015807151794434e-01 -3.672143816947937012e-01 -3.612135052680969238e-01 -3.879634737968444824e-01 4.058131575584411621e-02 1.063424535095691681e-02 1.333582848310470581e-01 -1.817796528339385986e-01 -4.230813384056091309e-01 1.714680790901184082e-01 -4.210982918739318848e-01 1.580045521259307861e-01 1.343795061111450195e-01 -3.575947135686874390e-02 -4.445338845252990723e-01 -4.556595981121063232e-01 1.321299076080322266e-01 8.807495236396789551e-03 -3.472580909729003906e-01 1.285227984189987183e-01 1.961276978254318237e-01 2.176232933998107910e-01 -5.315673351287841797e-01 -4.342011213302612305e-01 8.141785860061645508e-02 2.583032846450805664e-01 -4.653299599885940552e-02 -8.006475120782852173e-02 -2.948264181613922119e-01 9.588029235601425171e-02 -7.341587543487548828e-02 7.851130515336990356e-02 2.876081764698028564e-01 2.554200887680053711e-01 -5.645272135734558105e-02 5.882158279418945312e-01 2.036188542842864990e-01 -1.261214315891265869e-01 -2.746685445308685303e-01 4.026260972023010254e-01 3.581761568784713745e-02 -5.321859121322631836e-01 3.989892601966857910e-01 -1.713806390762329102e-01 -4.675658345222473145e-01 2.929178476333618164e-01 -4.164209663867950439e-01 2.120427787303924561e-01 -3.219861388206481934e-01 -7.747101783752441406e-02 -3.592389225959777832e-01 -2.011466473340988159e-01 -1.323623359203338623e-01 -4.547639191150665283e-01 1.960023045539855957e-01 7.314044237136840820e-01 8.666574954986572266e-02 2.660222649574279785e-01 3.239889740943908691e-01 -1.813708990812301636e-02 4.025539010763168335e-02 4.856864809989929199e-01 3.342342004179954529e-02 4.857183694839477539e-01
-6.430093646049499512e-01 8.861117064952850342e-03 -2.419534623622894287e-01 -6.777288913726806641e-01 -2.042494118213653564e-01 3.038739860057830811e-01 1.761576235294342041e-01 -5.997982621192932129e-01 -3.821748197078704834e-01 4.485539197921752930e-01 -6.079539656639099121e-01 3.324685394763946533e-01 2.012313157320022583e-01 -9.318284690380096436e-03 -1.130284368991851807e-01 -8.732550591230392456e-02 -8.380366861820220947e-02 -2.214523851871490479e-01 -5.586176514625549316e-01 6.066591292619705200e-02 1.869218945503234863e-01 3.425675630569458008e-01 -4.327709078788757324e-01 2.805881500244140625e-01 -2.245268970727920532e-01 -7.364757359027862549e-02 1.130368933081626892e-01 6.543160229921340942e-02 2.994159236550331116e-02 -9.100501239299774170e-02 2.226945757865905762e-02 5.052528977394104004e-01 3.169588446617126465e-01 5.180126428604125977e-02 -1.098489314317703247e-01 3.945045173168182373e-01 1.120266616344451904e-01 1.133693605661392212e-01 -2.090601623058319092e-02 1.571198999881744385e-01 -1.372930407524108887e-01 -6.597515344619750977e-01 1.913516074419021606e-01 -2.036228775978088379e-03 -4.529586434364318848e-01 3.379607796669006348e-01 -9.557802975177764893e-02 4.582055807113647461e-01 -2.926465868949890137e-01 -2.983908355236053467e-02 -1.253745555877685547e-01 1.400302797555923462e-01 -1.660400927066802979e-01 -2.545864880084991455e-01 5.841674655675888062e-02 5.105046629905700684e-01 -2.449681609869003296e-02 4.093290567398071289e-01 3.618952929973602295e-01 4.844953864812850952e-02 -2.510310895740985870e-02 2.816094756126403809e-01 2.035484164953231812e-01 1.803092658519744873e-01
-9.313542842864990234e-01 1.474812626838684082e-01 5.528759211301803589e-02 -6.203032732009887695e-01 2.844174951314926147e-02 1.898340433835983276e-01 -4.179601371288299561e-02 -1.333913803100585938e-01 -4.933864176273345947e-01 6.538043618202209473e-01 -2.741848528385162354e-01 7.597324997186660767e-02 1.729699224233627319e-02 5.015719532966613770e-01 -3.115549683570861816e-03 -3.381134569644927979e-02 -6.944387406110763550e-02 -8.043168485164642334e-02 -1.660005152225494385e-01 6.382489204406738281e-02 4.938248395919799805e-01 -1.885541081428527832e-01 -3.296983838081359863e-01 1.348671466112136841e-01 -9.363898634910583496e-02 -2.506980299949645996e-01 -4.682025406509637833e-03 1.736515760421752930e-01 -3.858845531940460205e-01 -1.408677846193313599e-01 -1.507070511579513550e-01 7.819531857967376709e-02 8.615490794181823730e-01 1.573392748832702637e-01 -2.230604737997055054e-01 2.906036376953125000e-02 5.365418195724487305e-01 9.808544814586639404e-02 -2.534467577934265137e-01 -1.823017895221710205e-01 -5.571660995483398438e-01 -2.311514168977737427e-01 4.599652886390686035e-01 -2.599061727523803711e-01 -5.058300495147705078e-01 -5.450689420104026794e-02 5.187169909477233887e-01 -1.027202233672142029e-01 -3.874760270118713379e-01 1.601805686950683594e-01 2.935490012168884277e-01 4.333443641662597656e-01 -2.395882159471511841e-01 -3.401113152503967285e-01 -8.165159076452255249e-02 -8.383709192276000977e-02 1.539767906069755554e-02 6.480739712715148926e-01 6.952971220016479492e-02 3.083557784557342529e-01 -1.664938479661941528e-01 3.274124264717102051e-01 3.691810369491577148e-01 -1.245386600494384766e-01
-5.561306476593017578e-01 8.037754148244857788e-02 1.420389711856842041e-01 -5.453041195869445801e-01 2.722859978675842285e-01 1.417396068572998047e-01 -1.811709254980087280e-01 -2.696474194526672363e-01 -3.355279266834259033e-01 3.718889653682708740e-01 -4.809673428535461426e-01 1.009895130991935730e-01 2.069015651941299438e-01 4.290701746940612793e-01 -8.317179977893829346e-03 -2.972807586193084717e-01 3.110138773918151855e-01 2.816153168678283691e-01 -3.472933173179626465e-01 2.322294116020202637e-01 4.516183137893676758e-01 4.286761581897735596e-02 -5.392943024635314941e-01 -2.356218397617340088e-01 8.331197500228881836e-02 -4.006982445716857910e-01 -1.872957497835159302e-01 7.406454533338546753e-02 -4.180366098880767822e-01 -4.218288511037826538e-02 -7.158031314611434937e-02 3.169281780719757080e-01 6.863354444503784180e-01 2.438885718584060669e-01 -2.675318121910095215e-01 1.269930899143218994e-01 5.748101472854614258e-01 1.027833763509988785e-02 -2.154352068901062012e-01 1.546556353569030762e-01 -1.761835366487503052e-01 -3.876411616802215576e-01 3.146030902862548828e-01 -4.090320765972137451e-01 -6.257523894309997559e-01 1.309477686882019043e-01 1.485881954431533813e-01 2.111081779003143311e-02 -2.232472896575927734e-01 1.427960991859436035e-01 9.836876392364501953e-02 1.618660241365432739e-01 -2.267776280641555786e-01 -3.208636939525604248e-01 2.014956176280975342e-01 3.595378994941711426e-01 -2.662904188036918640e-02 5.186117887496948242e-01 1.237954944372177124e-02 2.812661230564117432e-01 -3.033960461616516113e-01 6.170736551284790039e-01 3.258313238620758057e-01 3.939790651202201843e-02
-5.271779298782348633e-01 -2.389397323131561279e-01 -2.014523744583129883e-01 -2.370810210704803467e-01 -1.740091294050216675e-02 1.631338596343994141e-01 6.187619268894195557e-02 -1.830916106700897217e-01 -6.866414546966552734e-01 7.390715926885604858e-02 -2.831048369407653809e-01 9.806918352842330933e-02 -1.306501403450965881e-02 -6.691425293684005737e-02 -4.553223848342895508e-01 -4.720145463943481445e-01 1.242104545235633850e-01 5.943861603736877441e-02 -5.350223779678344727e-01 3.430937230587005615e-02 3.185630440711975098e-01 2.015534788370132446e-01 -3.789936304092407227e-01 -2.762945294380187988e-01 -1.032009422779083252e-01 5.511836707592010498e-02 -2.366608232259750366e-01 -6.684659421443939209e-02 -2.898243442177772522e-02 8.391208946704864502e-02 1.812628209590911865e-01 1.107964441180229187e-01 2.218404114246368408e-01 2.487458139657974243e-01 7.300873845815658569e-02 1.775807738304138184e-01 2.133650183677673340e-01 2.229874208569526672e-02 -8.899947255849838257e-02 3.270791769027709961e-01 -2.467731237411499023e-01 -5.489345788955688477e-01 3.189588189125061035e-01 -1.801509857177734375e-01 -6.228994727134704590e-01 9.635181725025177002e-02 -5.119080543518066406e-01 3.459227979183197021e-01 -1.283936351537704468e-01 1.841192841529846191e-01 -1.091370284557342529e-01 -1.354792267084121704e-01 -2.817209064960479736e-02 -5.142034292221069336e-01 2.433362007141113281e-01 6.276904940605163574e-01 8.726122975349426270e-02 2.840184271335601807e-01 2.524349689483642578e-01 1.844687163829803467e-01 -2.642326354980468750e-01 4.782238602638244629e-01 1.053889244794845581e-01 4.077532887458801270e-01
-4.638201892375946045e-01 -5.516343712806701660e-01 -1.740096062421798706e-01 -1.305096149444580078e-01 -2.172900885343551636e-01 2.241549082100391388e-02 2.176533937454223633e-01 -8.047460764646530151e-02 -6.187549829483032227e-01 -1.883901655673980713e-03 -3.465219438076019287e-01 -1.316255629062652588e-01 -2.303533256053924561e-01 -3.296466469764709473e-01 -6.392408609390258789e-01 -5.062844157218933105e-01 -5.772880837321281433e-02 1.161072179675102234e-01 -3.720472455024719238e-01 -5.142139643430709839e-02 2.875089049339294434e-01 1.463323533535003662e-01 -3.576551377773284912e-01 -1.495462656021118164e-01 -8.186853677034378052e-02 4.461412131786346436e-02 -3.890328705310821533e-01 -3.329068422317504883e-02 -2.323101311922073364e-01 3.218884468078613281e-01 1.083519086241722107e-01 9.621126204729080200e-02 2.901189327239990234e-01 3.585225343704223633e-01 1.950916945934295654e-01 2.085273563861846924e-01 2.446606010198593140e-02 -2.326386049389839172e-02 -7.811388373374938965e-02 2.235992997884750366e-01 -3.199776113033294678e-01 -5.050404667854309082e-01 3.647281527519226074e-01 -2.306912541389465332e-01 -4.823350012302398682e-01 1.822979301214218140e-01 -4.728925526142120361e-01 3.071721196174621582e-01 -3.539734184741973877e-01 3.657665848731994629e-02 1.267996430397033691e-02 -6.993792951107025146e-02 7.977362722158432007e-03 -4.456938505172729492e-01 4.375210404396057129e-01 4.466831088066101074e-01 2.093005031347274780e-01 3.514754772186279297e-01 4.448960125446319580e-01 2.271704077720642090e-01 -3.699668124318122864e-02 4.185665249824523926e-01 1.423311978578567505e-01 7.227461934089660645e-01
-7.540737390518188477e-01 5.659537762403488159e-02 -3.092508316040039062e-01 -6.284638047218322754e-01 -3.137832880020141602e-01 1.284671574831008911e-01 1.678766906261444092e-01 -5.240634679794311523e-01 -4.647439718246459961e-01 3.569102883338928223e-01 -3.873277604579925537e-01 1.575490534305572510e-01 -8.114312589168548584e-02 2.962736189365386963e-01 -1.994476318359375000e-01 -1.457903385162353516e-01 -4.149168133735656738e-01 -2.349008619785308838e-01 -2.895128130912780762e-01 2.078888863325119019e-01 9.023393690586090088e-02 2.666591852903366089e-02 -2.295070886611938477e-01 7.030017375946044922e-01 1.581178903579711914e-01 -1.687660813331604004e-02 1.094368323683738708e-01 -7.355535775423049927e-02 -9.263858199119567871e-02 -2.530436962842941284e-03 1.774273514747619629e-01 3.982152640819549561e-01 2.682706713676452637e-01 4.184184074401855469e-01 6.071564927697181702e-02 2.672878205776214600e-01 2.224114835262298584e-01 -1.223542243242263794e-01 2.129611819982528687e-01 -2.193164676427841187e-01 8.989978581666946411e-02 -6.842850446701049805e-01 5.681654810905456543e-01 1.548529714345932007e-01 -1.656686067581176758e-01 1.048781126737594604e-01 4.356289803981781006e-01 4.562665820121765137e-01 -4.791624546051025391e-01 -9.884341806173324585e-02 -1.492122709751129150e-01 1.717419326305389404e-01 3.428077697753906250e-02 -3.127879798412322998e-01 -1.811676919460296631e-01 3.201385140419006348e-01 -5.428118258714675903e-02 3.941677808761596680e-01 2.436760962009429932e-01 -2.005322873592376709e-01 -7.026388496160507202e-02 2.763974070549011230e-01 1.082161962985992432e-01 1.148057878017425537e-01
-3.552820980548858643e-01 4.185368865728378296e-02 2.693144381046295166e-01 -5.375195741653442383e-01 2.023154944181442261e-01 3.782879710197448730e-01 -5.167604982852935791e-02 -2.607203125953674316e-01 -3.022675812244415283e-01 1.856250464916229248e-01 -4.258759617805480957e-01 -1.807743906974792480e-01 1.515878736972808838e-01 3.379037976264953613e-01 -1.606914401054382324e-01 -1.816470175981521606e-01 2.928272783756256104e-01 1.905964910984039307e-01 -2.622608244419097900e-01 2.336239367723464966e-01 3.508626818656921387e-01 9.657031297683715820e-02 -5.222799777984619141e-01 -1.418067514896392822e-01 -5.649146810173988342e-02 -1.889696419239044189e-01 -2.424108237028121948e-01 1.697055697441101074e-01 -4.194946289062500000e-01 -1.710754185914993286e-01 -6.103529036045074463e-02 4.694731235504150391e-01 5.340036153793334961e-01 4.553209543228149414e-01 -4.299045205116271973e-01 1.325168460607528687e-02 3.161156773567199707e-01 5.217014998197555542e-02 -2.072262763977050781e-02 3.079046308994293213e-01 -2.243542671203613281e-01 -2.921417653560638428e-01 3.324807286262512207e-01 -2.334462106227874756e-01 -6.821033358573913574e-01 3.925946950912475586e-01 1.250628829002380371e-01 2.959980964660644531e-01 -1.668205708265304565e-01 2.850798070430755615e-01 1.306045353412628174e-01 1.645511537790298462e-01 -2.833306193351745605e-01 -1.517729312181472778e-01 4.052378535270690918e-01 3.865665793418884277e-01 -1.696573644876480103e-01 4.996045231819152832e-01 3.062534630298614502e-01 1.480681896209716797e-01 -1.229444369673728943e-01 4.328863620758056641e-01 3.923489153385162354e-01 1.587474942207336426e-01
-6.709728240966796875e-01 -1.066664159297943115e-01 -2.918668389320373535e-01 -3.328290581703186035e-01 2.800877094268798828e-01 -7.947816699743270874e-02 -7.288162410259246826e-02 -3.565075993537902832e-01 -3.624375760555267334e-01 2.219449579715728760e-01 -4.197089076042175293e-01 1.212721243500709534e-01 1.791873574256896973e-01 1.326244473457336426e-01 -2.574343681335449219e-01 -2.430912107229232788e-01 -3.534143790602684021e-02 1.608611643314361572e-01 -4.191168844699859619e-01 -5.149248614907264709e-02 6.274863481521606445e-01 2.336483150720596313e-01 -8.044345378875732422e-01 -2.066220045089721680e-01 4.208029806613922119e-01 -1.580261141061782837e-01 1.690889894962310791e-01 -3.562465012073516846e-01 -3.849820494651794434e-01 2.718762755393981934e-01 3.223197534680366516e-03 1.512291133403778076e-01 5.662148594856262207e-01 2.441920489072799683e-01 -1.264568418264389038e-01 4.038073420524597168e-01 4.095216691493988037e-01 -3.055786713957786560e-02 -3.371232151985168457e-01 2.125294059514999390e-01 -2.023762762546539307e-01 -5.831950902938842773e-01 2.507296204566955566e-01 -5.365993976593017578e-01 -4.052250981330871582e-01 -3.126762807369232178e-02 1.425959914922714233e-01 1.557714939117431641e-01 -3.250728547573089600e-01 -2.211794853210449219e-01 -1.146772205829620361e-01 -2.304582148790359497e-01 -2.704644203186035156e-01 -5.244998335838317871e-01 -3.562967479228973389e-02 4.059978723526000977e-01 -1.962552517652511597e-01 2.718721032142639160e-01 9.121164679527282715e-02 1.446180045604705811e-02 -3.228775039315223694e-02 5.174221396446228027e-01 1.859804540872573853e-01 1.719568818807601929e-01
-6.027542948722839355e-01 4.005002230405807495e-02 -1.968732774257659912e-01 -5.805574059486389160e-01 -1.452913880348205566e-01 -2.620019614696502686e-01 1.092840582132339478e-01 -1.232672482728958130e-02 -2.501430213451385498e-01 5.939213633537292480e-01 -5.028787255287170410e-01 3.123204708099365234e-01 2.131037414073944092e-01 3.297580778598785400e-01 -2.181437611579895020e-01 -9.804321825504302979e-02 5.930745005607604980e-01 1.043152287602424622e-01 -3.050005733966827393e-01 -1.671823859214782715e-01 6.238623261451721191e-01 2.039971798658370972e-01 -6.387600302696228027e-01 -4.745492935180664062e-01 1.818166375160217285e-01 -1.280323266983032227e-01 1.724364459514617920e-01 -2.115362286567687988e-01 -9.767119586467742920e-02 5.583050474524497986e-02 -7.067185640335083008e-02 -2.855235636234283447e-01 3.269112110137939453e-01 1.163191050291061401e-01 -2.446139901876449585e-01 6.398141980171203613e-01 1.902015805244445801e-01 3.871639668941497803e-01 -3.135926425457000732e-01 1.285065710544586182e-01 -2.248745113611221313e-01 -2.729951441287994385e-01 7.235020399093627930e-02 -3.986989557743072510e-01 9.716828167438507080e-02 -2.731527760624885559e-02 3.024985492229461670e-01 -5.002713203430175781e-01 -5.635222196578979492e-01 -1.880494356155395508e-01 1.360739767551422119e-02 -3.736226260662078857e-02 -6.301749348640441895e-01 -6.397598385810852051e-01 1.999143958091735840e-01 -8.467517793178558350e-03 3.201476857066154480e-02 5.816288590431213379e-01 -4.891673475503921509e-02 6.476598978042602539e-01 -2.362517267465591431e-01 8.852149546146392822e-02 -5.424987524747848511e-03 3.636426925659179688e-01
-3.654078841209411621e-01 -2.490602135658264160e-01 -2.481805980205535889e-01 -3.214471936225891113e-01 -1.782719790935516357e-01 -5.789909511804580688e-02 3.337476253509521484e-01 -3.143229186534881592e-01 -3.765485882759094238e-01 -8.320183306932449341e-02 -5.368664860725402832e-01 5.158651247620582581e-02 -1.974838525056838989e-01 2.406820058822631836e-01 -5.234767794609069824e-01 -3.943696022033691406e-01 -4.208779707551002502e-02 3.014493286609649658e-01 -3.542964160442352295e-01 6.046788692474365234e-01 2.419668436050415039e-01 2.977064251899719238e-02 -3.582418859004974365e-01 3.705251216888427734e-01 2.875424325466156006e-01 6.911297142505645752e-02 -1.636201292276382446e-01 -1.314324736595153809e-01 -4.514892399311065674e-01 1.986948102712631226e-01 7.123534381389617920e-02 2.894331216812133789e-01 3.850047588348388672e-01 5.750203728675842285e-01 1.548490524291992188e-01 2.298429459333419800e-01 2.646527588367462158e-01 -2.979266643524169922e-01 -1.550520956516265869e-01 -5.090354755520820618e-02 1.291007846593856812e-01 -6.868048906326293945e-01 4.623112082481384277e-01 -8.427096903324127197e-02 -1.381494700908660889e-01 -1.876847073435783386e-02 6.316718459129333496e-02 3.601986765861511230e-01 -3.378433585166931152e-01 -2.349092960357666016e-01 -7.467551529407501221e-02 -8.778251707553863525e-02 5.888812988996505737e-02 -1.940076351165771484e-01 -1.424254775047302246e-01 4.893003106117248535e-01 1.324952095746994019e-01 2.318029254674911499e-01 1.530575454235076904e-01 -9.643588215112686157e-02 -2.596102096140384674e-02 4.884149432182312012e-01 1.837843507528305054e-01 5.504234433174133301e-01
-3.291094899177551270e-01 -2.390556335449218750e-01 -2.371370196342468262e-01 -5.730735063552856445e-01 -1.459696143865585327e-01 -1.265589743852615356e-01 -8.741082251071929932e-02 -3.700078725814819336e-01 -3.455673754215240479e-01 2.477722764015197754e-01 -4.914059937000274658e-01 1.508260369300842285e-01 2.598193585872650146e-01 1.634442508220672607e-01 -1.605336368083953857e-01 -3.788436055183410645e-01 3.453549742698669434e-01 1.754976511001586914e-01 -2.648345530033111572e-01 -1.746814697980880737e-02 3.397170603275299072e-01 3.529368937015533447e-01 -6.716274619102478027e-01 -1.346794366836547852e-01 2.004897594451904297e-01 -1.671161651611328125e-01 3.139750100672245026e-03 -2.445315420627593994e-01 -4.336812496185302734e-01 1.690210402011871338e-01 -2.219129651784896851e-01 5.209956318140029907e-02 4.713824391365051270e-01 2.658928632736206055e-01 -1.026588231325149536e-01 8.947400450706481934e-01 9.678131341934204102e-02 -8.783917874097824097e-02 -2.210737466812133789e-01 3.611027300357818604e-01 -5.340177565813064575e-02 -6.424669027328491211e-01 2.531095147132873535e-01 -4.606262147426605225e-01 -3.923886269330978394e-02 6.294883787631988525e-02 2.725448012351989746e-01 -1.357115358114242554e-01 -7.424855828285217285e-01 -1.991339027881622314e-01 -4.716257378458976746e-02 -2.869470119476318359e-01 -3.360421061515808105e-01 -4.163718819618225098e-01 1.503655612468719482e-01 4.376786351203918457e-01 -2.803553268313407898e-02 4.183206558227539062e-01 -8.882723748683929443e-02 1.927872896194458008e-01 1.090779826045036316e-01 4.051811099052429199e-01 -1.460964828729629517e-01 3.376446962356567383e-01
-6.019948720932006836e-01 -4.552638530731201172e-02 2.780636250972747803e-01 -4.868440330028533936e-01 -9.544238448143005371e-02 5.248007178306579590e-01 -2.564980387687683105e-01 -1.107707023620605469e-01 -5.386123061180114746e-01 3.973359465599060059e-01 -7.798580080270767212e-02 5.221640691161155701e-02 1.001295447349548340e-01 2.424350380897521973e-01 -1.729805469512939453e-01 -2.592395842075347900e-01 1.326419115066528320e-01 2.344613075256347656e-01 -3.210068047046661377e-01 -2.404225021600723267e-01 7.596943974494934082e-01 2.155831605195999146e-01 -5.368137359619140625e-01 -1.728632301092147827e-01 -1.540539264678955078e-01 1.388635635375976562e-01 -2.401413321495056152e-01 2.796806991100311279e-01 -4.261801838874816895e-01 -9.710314869880676270e-02 -1.183346062898635864e-01 2.516259253025054932e-01 4.718351364135742188e-01 -1.337458491325378418e-01 -1.020452678203582764e-01 1.493231207132339478e-01 3.275844156742095947e-01 -1.893174834549427032e-02 7.077971100807189941e-02 3.034984767436981201e-01 -6.942170262336730957e-01 -1.142201870679855347e-01 2.635033726692199707e-01 -1.530910134315490723e-01 -7.639125585556030273e-01 -3.297118470072746277e-02 2.875586152076721191e-01 -4.580136388540267944e-02 -1.974113285541534424e-01 1.719779372215270996e-01 -4.826223105192184448e-02 8.535370230674743652e-02 -1.378107070922851562e-01 -4.877143204212188721e-01 3.751733601093292236e-01 2.899687886238098145e-01 -3.520668447017669678e-01 3.647734522819519043e-01 1.297959089279174805e-01 1.095289960503578186e-01 -1.652916520833969116e-01 4.343255162239074707e-01 4.210505485534667969e-01 -2.959155663847923279e-02
-6.456360816955566406e-01 -2.027409374713897705e-01 -4.533260762691497803e-01 -4.339513480663299561e-01 -2.196683585643768311e-01 -3.969005495309829712e-02 3.146967887878417969e-01 -2.347121536731719971e-01 -4.119539558887481689e-01 2.851450443267822266e-01 -5.620903372764587402e-01 3.053393959999084473e-01 -4.087144136428833008e-01 7.271186262369155884e-02 -3.306608796119689941e-01 -9.407449513673782349e-02 -2.254774123430252075e-01 -2.234630286693572998e-03 -6.182122230529785156e-01 -2.967546135187149048e-02 -1.556862592697143555e-01 -1.032364070415496826e-01 -1.733701229095458984e-01 -9.354944527149200439e-02 7.355636358261108398e-02 1.583117246627807617e-01 1.869891732931137085e-01 -4.777606725692749023e-01 9.395755827426910400e-02 2.947627305984497070e-01 2.621608674526214600e-01 3.265340924263000488e-01 -6.753689795732498169e-02 3.157925605773925781e-01 2.391458600759506226e-01 2.669003903865814209e-01 3.541236221790313721e-01 -2.094901204109191895e-01 2.133039385080337524e-01 -4.925669729709625244e-01 2.587050497531890869e-01 -7.317057847976684570e-01 3.007875084877014160e-01 4.472890496253967285e-02 -9.964645653963088989e-02 -1.119091212749481201e-01 -5.697994306683540344e-02 4.378225803375244141e-01 -3.422501087188720703e-01 -2.422492504119873047e-01 -2.837502062320709229e-01 -2.316158413887023926e-01 -2.428350001573562622e-01 -1.787135004997253418e-01 -2.810693383216857910e-01 3.813275694847106934e-01 4.791810512542724609e-01 3.929427862167358398e-01 -2.258190885186195374e-02 -1.244187206029891968e-01 -3.455965518951416016e-01 3.909051418304443359e-01 3.480578958988189697e-02 6.544717550277709961e-01
-5.729939341545104980e-01 -1.939413547515869141e-01 -2.830882072448730469e-01 -6.801945567131042480e-01 -3.025413155555725098e-01 4.348944127559661865e-02 3.310235142707824707e-01 -4.584941565990447998e-01 -3.431128859519958496e-01 2.878017425537109375e-01 -5.621126890182495117e-01 2.730935215950012207e-01 -7.681126892566680908e-02 1.187797859311103821e-01 -1.483167111873626709e-01 -8.724386990070343018e-02 -3.901730179786682129e-01 -2.119147777557373047e-01 -3.079158961772918701e-01 2.466949820518493652e-01 1.546029001474380493e-01 4.157502576708793640e-02 -2.466503381729125977e-01 3.909421861171722412e-01 2.184975594282150269e-01 2.800144553184509277e-01 2.829558551311492920e-01 -2.648337781429290771e-01 -3.769621625542640686e-02 -1.044496893882751465e-03 2.250873595476150513e-01 5.718761086463928223e-01 1.293266117572784424e-01 3.789371848106384277e-01 8.659271895885467529e-02 5.072731375694274902e-01 2.872315943241119385e-01 -1.255364269018173218e-01 3.059728145599365234e-01 -2.781355381011962891e-01 2.540885210037231445e-01 -7.177956104278564453e-01 3.976832628250122070e-01 1.664680242538452148e-01 -2.904753983020782471e-01 6.568980216979980469e-02 3.850429356098175049e-01 6.090152263641357422e-01 -3.624550104141235352e-01 -1.853893399238586426e-01 -3.320623636245727539e-01 -1.077317744493484497e-01 3.371682763099670410e-02 -1.806206405162811279e-01 -3.527350425720214844e-01 5.346009135246276855e-01 6.507934629917144775e-02 3.003637194633483887e-01 1.612405478954315186e-02 -2.794737517833709717e-01 8.851824328303337097e-03 4.500062465667724609e-01 2.112222611904144287e-01 2.608496844768524170e-01
-4.839689731597900391e-01 -5.799407511949539185e-02 -1.906571686267852783e-01 -4.618543684482574463e-01 -2.168710976839065552e-01 3.167293369770050049e-01 2.356635332107543945e-01 -2.383615970611572266e-01 -3.667549490928649902e-01 5.335624814033508301e-01 -4.751285612583160400e-01 3.370938450098037720e-02 -2.310661375522613525e-01 5.768306553363800049e-03 -1.625007987022399902e-01 3.006975650787353516e-01 6.427250057458877563e-02 4.209103435277938843e-02 -4.063644111156463623e-01 -2.552218735218048096e-01 1.802973598241806030e-01 2.619900107383728027e-01 -2.310496568679809570e-01 -1.630766987800598145e-01 -3.657476305961608887e-01 3.063945472240447998e-02 7.934112101793289185e-02 1.107970997691154480e-01 -8.169344067573547363e-02 -7.128728926181793213e-02 8.810451626777648926e-02 -8.347086608409881592e-03 2.754851877689361572e-01 -3.343258798122406006e-02 -2.206450253725051880e-01 2.735768854618072510e-01 2.623941004276275635e-01 2.161064893007278442e-01 -1.052267849445343018e-01 5.042690783739089966e-03 -4.411728382110595703e-01 -3.753446638584136963e-01 1.691848933696746826e-01 -1.586362421512603760e-01 -4.461428821086883545e-01 2.826028466224670410e-01 7.891805469989776611e-02 8.195119351148605347e-02 -2.430985420942306519e-01 1.040970757603645325e-01 -1.663455367088317871e-02 3.407040536403656006e-01 -3.225455284118652344e-01 -5.220750570297241211e-01 4.477337598800659180e-01 -3.819760680198669434e-02 1.012110859155654907e-01 6.833710074424743652e-01 2.732902765274047852e-01 4.083364307880401611e-01 -1.001963242888450623e-01 -5.779620260000228882e-02 3.940798938274383545e-01 5.114583373069763184e-01
-1.103760376572608948e-01 -4.069030582904815674e-01 1.716820895671844482e-01 -5.184844136238098145e-01 -4.222393035888671875e-04 1.695327758789062500e-01 6.956927478313446045e-02 -1.823113113641738892e-02 -7.074475884437561035e-01 1.025619283318519592e-01 -1.151366829872131348e-01 -2.440007925033569336e-01 -1.830027401447296143e-01 -1.285167038440704346e-01 -2.345834374427795410e-01 -4.002954065799713135e-01 2.045639157295227051e-01 4.126657247543334961e-01 -3.450762629508972168e-01 6.811387836933135986e-02 7.136710286140441895e-01 5.056767463684082031e-01 -3.528736531734466553e-01 -1.954574882984161377e-01 -2.665038108825683594e-01 -5.215314030647277832e-02 -2.926165163516998291e-01 -4.082334786653518677e-02 -1.167126446962356567e-01 7.047625631093978882e-02 1.869405247271060944e-02 4.073526561260223389e-01 2.805088758468627930e-01 5.916716158390045166e-02 1.619853973388671875e-01 -2.920808643102645874e-02 3.583905696868896484e-01 4.083052277565002441e-02 1.164921075105667114e-01 3.258070722222328186e-02 -4.538145065307617188e-01 -3.098923861980438232e-01 -8.058980107307434082e-03 -4.653283655643463135e-01 -1.144013047218322754e+00 1.274267882108688354e-01 5.858511850237846375e-02 3.482653796672821045e-01 -8.326895534992218018e-02 4.742434620857238770e-02 -7.817174494266510010e-02 -4.023143649101257324e-02 -1.268903911113739014e-01 -5.796512365341186523e-01 5.462322235107421875e-01 5.236810445785522461e-01 -1.335384845733642578e-01 3.332685232162475586e-01 3.108370006084442139e-01 3.436061143875122070e-01 -2.539794743061065674e-01 3.394481539726257324e-01 8.048260211944580078e-02 3.255551159381866455e-01
-7.429912686347961426e-01 2.347664833068847656e-01 -4.781334847211837769e-02 -4.738068878650665283e-01 1.377794295549392700e-01 3.586829602718353271e-01 -6.208501756191253662e-02 -2.070265710353851318e-01 -2.410047799348831177e-01 6.329142451286315918e-01 -4.304818809032440186e-01 5.694078654050827026e-02 1.818542331457138062e-01 4.226946234703063965e-01 -9.595483541488647461e-02 -7.004031538963317871e-02 2.664602100849151611e-01 -1.007125303149223328e-01 -3.362374603748321533e-01 6.170353293418884277e-02 5.475899577140808105e-01 1.217083632946014404e-01 -5.869455933570861816e-01 -1.948755383491516113e-01 -1.025763433426618576e-02 8.395224809646606445e-02 1.787967681884765625e-01 2.729731798171997070e-01 -2.875495851039886475e-01 -3.295839428901672363e-01 7.463822513818740845e-02 -1.173858568072319031e-01 5.364217758178710938e-01 -1.465492099523544312e-01 -2.305857986211776733e-01 4.346347153186798096e-01 1.429883688688278198e-01 1.406775414943695068e-01 -3.963763117790222168e-01 3.788420855998992920e-01 -3.809784650802612305e-01 -2.120103836059570312e-01 4.291257262229919434e-01 -1.945897638797760010e-01 -2.578386366367340088e-01 -9.212297201156616211e-02 3.289352357387542725e-01 -4.917244911193847656e-01 -4.907684624195098877e-01 -8.090488612651824951e-03 1.765677779912948608e-01 1.254790276288986206e-01 -5.814672112464904785e-01 -5.416613817214965820e-01 8.349404484033584595e-02 9.247173368930816650e-02 -3.201115727424621582e-01 2.531787157058715820e-01 -1.252694427967071533e-01 3.708691596984863281e-01 -2.656951248645782471e-01 9.268458187580108643e-02 3.897875845432281494e-01 -1.691795885562896729e-01
-9.429391026496887207e-01 -9.558703750371932983e-02 -3.074478805065155029e-01 -7.080353498458862305e-01 -3.605085611343383789e-01 -1.815098822116851807e-01 1.706055700778961182e-01 -5.074594020843505859e-01 -5.113330483436584473e-01 4.384014308452606201e-01 -5.678942799568176270e-01 6.338202357292175293e-01 4.319509863853454590e-02 4.839927554130554199e-01 -2.496406435966491699e-02 -1.163813024759292603e-01 -1.161722466349601746e-01 -7.394169270992279053e-02 -4.860700070858001709e-01 1.288509368896484375e-01 4.291014745831489563e-02 -2.099028676748275757e-01 -2.432971298694610596e-01 2.979388236999511719e-01 2.005090713500976562e-01 -2.473855763673782349e-01 -7.761155813932418823e-02 -2.380841374397277832e-01 -3.390282765030860901e-02 2.755976915359497070e-01 7.082098722457885742e-02 4.883141219615936279e-01 6.014088988304138184e-01 4.385357499122619629e-01 -1.540985256433486938e-01 2.217906117439270020e-01 4.428232014179229736e-01 -1.087195128202438354e-01 1.120450645685195923e-01 -5.330857038497924805e-01 2.526177167892456055e-01 -6.938366889953613281e-01 2.465283125638961792e-01 4.852849245071411133e-02 1.360498219728469849e-01 1.005550175905227661e-01 3.067066669464111328e-01 2.967026531696319580e-01 -3.278529345989227295e-01 -1.098209843039512634e-01 -1.171859800815582275e-01 -1.468695253133773804e-01 -6.314069032669067383e-04 -3.630973398685455322e-02 -4.454472362995147705e-01 3.940324187278747559e-01 4.808556437492370605e-01 7.001084685325622559e-01 -1.557282507419586182e-01 -9.165734797716140747e-02 -3.690464198589324951e-01 5.312713384628295898e-01 1.272616684436798096e-01 3.470704257488250732e-01
-7.081577181816101074e-01 -8.078765124082565308e-02 -4.168681055307388306e-02 -3.454365730285644531e-01 -3.514153510332107544e-02 6.621356308460235596e-02 -1.068440824747085571e-01 -2.538096308708190918e-01 -3.868372142314910889e-01 1.771044433116912842e-01 -2.947607934474945068e-01 1.344886720180511475e-01 3.072934225201606750e-02 2.400496602058410645e-01 -6.336820721626281738e-01 -3.267222344875335693e-01 2.029879204928874969e-02 5.988359451293945312e-02 -4.381708204746246338e-01 -4.657921195030212402e-02 3.619476556777954102e-01 -1.225307136774063110e-01 -5.624778270721435547e-01 -2.050533592700958252e-01 1.523460745811462402e-01 3.040137887001037598e-02 -3.103386461734771729e-01 -4.438839107751846313e-02 -2.566448748111724854e-01 3.257416486740112305e-01 -2.395966462790966034e-02 3.315813243389129639e-01 4.096796512603759766e-01 2.838826775550842285e-01 -2.219329625368118286e-01 2.360548973083496094e-01 2.597874701023101807e-01 -2.460620701313018799e-01 -1.389648467302322388e-01 6.199469044804573059e-02 -3.561047911643981934e-01 -4.477525055408477783e-01 3.943624496459960938e-01 -2.095631659030914307e-01 -4.574759304523468018e-01 -8.618947118520736694e-03 -3.373670279979705811e-01 3.286394476890563965e-01 -3.261067867279052734e-01 2.019868791103363037e-01 -1.366471350193023682e-01 -4.426738619804382324e-02 5.553020536899566650e-02 -3.287321627140045166e-01 1.213751211762428284e-01 3.866937756538391113e-01 7.697422802448272705e-02 4.271227121353149414e-01 2.012789547443389893e-01 -1.510162651538848877e-02 1.411359570920467377e-02 4.995277523994445801e-01 2.032314687967300415e-01 4.887538850307464600e-01
-1.169520974159240723e+00 1.602966785430908203e-01 -6.208231300115585327e-02 -6.076043248176574707e-01 -2.826108634471893311e-01 4.009160399436950684e-01 -8.529463410377502441e-02 -3.471233546733856201e-01 -3.846761286258697510e-01 9.501089453697204590e-01 -3.494096994400024414e-01 2.861539721488952637e-01 2.128221690654754639e-01 3.799062967300415039e-01 5.143749713897705078e-02 2.272459417581558228e-01 -3.246406326070427895e-03 -4.296816587448120117e-01 -3.404386043548583984e-01 -2.580864727497100830e-01 1.857370287179946899e-01 1.402424462139606476e-02 -2.632274031639099121e-01 1.827439665794372559e-01 -1.008987724781036377e-01 9.558993577957153320e-02 7.412472367286682129e-02 3.800798058509826660e-01 -2.220572978258132935e-01 -2.588407993316650391e-01 -5.727490782737731934e-02 8.612157404422760010e-02 5.210008025169372559e-01 -6.852747499942779541e-02 -2.648488879203796387e-01 3.938272893428802490e-01 9.857432544231414795e-02 2.598844468593597412e-01 -1.595760583877563477e-01 9.967172145843505859e-02 -4.462739229202270508e-01 -3.804546892642974854e-01 5.129966139793395996e-01 6.805020570755004883e-02 -1.952957361936569214e-01 9.578101336956024170e-02 4.585470855236053467e-01 -3.300420045852661133e-01 -5.585081577301025391e-01 7.995320111513137817e-02 7.470311224460601807e-02 4.005062580108642578e-01 -2.724750638008117676e-01 -4.166445732116699219e-01 -1.727466285228729248e-01 -6.219007074832916260e-02 -2.650970593094825745e-02 5.844848752021789551e-01 1.229446157813072205e-01 1.804886758327484131e-01 -5.199692770838737488e-02 1.429383009672164917e-01 4.610364139080047607e-01 -2.038263976573944092e-01
-6.433528065681457520e-01 -1.003992781043052673e-01 -2.242983579635620117e-01 -3.960170745849609375e-01 -1.694948971271514893e-01 8.445239067077636719e-02 4.817545413970947266e-02 -4.491245746612548828e-01 -1.602043509483337402e-01 7.078819721937179565e-02 -6.082630753517150879e-01 1.333536803722381592e-01 9.372140467166900635e-02 4.134416580200195312e-01 -3.994486331939697266e-01 -3.178541064262390137e-01 2.076515369117259979e-02 -1.532178372144699097e-01 -2.264841198921203613e-01 1.837878376245498657e-01 1.047759503126144409e-01 6.710657849907875061e-03 -5.905230641365051270e-01 1.702167093753814697e-03 2.631478905677795410e-01 -5.284595489501953125e-02 -1.621916592121124268e-01 1.661493778228759766e-01 -5.005952715873718262e-01 8.651083707809448242e-02 -3.817222267389297485e-02 3.970735967159271240e-01 4.725323617458343506e-01 6.274595260620117188e-01 -5.323675870895385742e-01 3.993264436721801758e-01 5.133190751075744629e-02 -2.695178985595703125e-01 4.436656832695007324e-03 5.948984995484352112e-02 1.407252065837383270e-02 -6.391131877899169922e-01 5.171948075294494629e-01 -2.488331496715545654e-02 -1.253189444541931152e-01 3.920684456825256348e-01 -1.986603885889053345e-01 5.351770520210266113e-01 -2.928718924522399902e-01 9.418425709009170532e-02 -6.751937419176101685e-02 -2.041336297988891602e-01 2.901838719844818115e-02 3.288153558969497681e-02 -1.240231320261955261e-01 5.429624915122985840e-01 2.627997994422912598e-01 5.374632477760314941e-01 -8.401572704315185547e-03 -3.695468604564666748e-01 2.116154581308364868e-01 5.593870878219604492e-01 1.460035145282745361e-01 5.702187418937683105e-01
-3.789570927619934082e-01 -4.141696691513061523e-01 -2.966196537017822266e-01 -6.305608153343200684e-01 -2.861856818199157715e-01 1.852935701608657837e-01 1.768737435340881348e-01 -3.381378054618835449e-01 -4.582726657390594482e-01 3.462063074111938477e-01 -4.265722036361694336e-01 7.855474203824996948e-02 -2.715013921260833740e-01 -1.330344080924987793e-01 -5.695298314094543457e-03 -1.480391025543212891e-01 -1.155612245202064514e-01 -1.889076530933380127e-01 -1.535716950893402100e-01 2.348974645137786865e-01 -2.733185887336730957e-01 9.700077027082443237e-02 4.227038472890853882e-02 4.099447429180145264e-01 -3.145232200622558594e-01 -3.650449216365814209e-02 -4.372692853212356567e-02 5.633961409330368042e-02 -6.331329047679901123e-02 -6.259421259164810181e-02 3.556431084871292114e-02 2.339948564767837524e-01 -2.042145468294620514e-02 3.447534441947937012e-01 4.897205829620361328e-01 3.722684085369110107e-01 1.126240342855453491e-01 -2.142191678285598755e-02 3.040556907653808594e-01 -1.070755869150161743e-01 5.595219135284423828e-02 -8.700391054153442383e-01 4.509909152984619141e-01 1.701560020446777344e-01 -4.134382903575897217e-01 1.126750856637954712e-01 2.382009029388427734e-01 1.774021983146667480e-01 -6.667937636375427246e-01 -1.532317250967025757e-01 -3.872884809970855713e-02 2.111276984214782715e-01 -1.874846667051315308e-01 -2.363744974136352539e-01 7.104296237230300903e-02 2.968599498271942139e-01 2.097371965646743774e-01 4.213581085205078125e-01 8.816961199045181274e-02 1.633848547935485840e-01 -6.876587122678756714e-02 3.277382850646972656e-01 5.239341035485267639e-02 1.118139624595642090e-01
-7.121272087097167969e-01 2.826114743947982788e-02 9.035722166299819946e-02 -5.748987197875976562e-01 -2.860558778047561646e-02 1.848072111606597900e-01 -1.264256238937377930e-01 -2.732244431972503662e-01 -3.139406740665435791e-01 5.011286735534667969e-01 -4.646858870983123779e-01 2.906040251255035400e-01 2.163958847522735596e-01 3.673054575920104980e-01 -2.542505264282226562e-01 -1.300265341997146606e-01 2.448897957801818848e-01 2.905055284500122070e-01 -4.897191226482391357e-01 -1.675930321216583252e-01 3.633286356925964355e-01 -1.352231018245220184e-02 -5.830852985382080078e-01 -4.438771009445190430e-01 -1.047960221767425537e-01 1.237489134073257446e-01 -3.311631828546524048e-02 5.225002020597457886e-02 -2.601733505725860596e-01 7.473900169134140015e-02 -1.189227402210235596e-01 1.488581001758575439e-01 4.765142202377319336e-01 1.926976442337036133e-02 -3.695985674858093262e-01 5.707448124885559082e-01 2.505695521831512451e-01 -9.481742978096008301e-02 -2.766025662422180176e-01 2.524138689041137695e-01 -4.056277573108673096e-01 -2.344614863395690918e-01 2.414023429155349731e-01 -3.290660083293914795e-01 -2.764644324779510498e-01 -8.842143416404724121e-02 4.267288371920585632e-02 -1.654582917690277100e-01 -5.323417782783508301e-01 9.007004648447036743e-02 -8.517178893089294434e-02 -6.028834730386734009e-02 -3.998997211456298828e-01 -2.994432151317596436e-01 4.032794386148452759e-02 2.596064209938049316e-01 -2.747456356883049011e-02 4.462867975234985352e-01 -1.185633316636085510e-01 3.664933741092681885e-01 -1.458569169044494629e-01 3.492047190666198730e-01 2.884389162063598633e-01 2.338727861642837524e-01
-6.747021675109863281e-01 -2.248138189315795898e-01 -4.216091334819793701e-01 -4.333043694496154785e-01 -3.385918140411376953e-01 1.703818142414093018e-01 2.877461314201354980e-01 -3.385525941848754883e-01 -6.038934588432312012e-01 2.907150685787200928e-01 -6.018733978271484375e-01 1.457153558731079102e-01 -3.621799051761627197e-01 9.786217659711837769e-02 -3.430458903312683105e-01 -2.276103049516677856e-01 -4.761457145214080811e-01 -1.917022168636322021e-01 -2.972242832183837891e-01 1.987829655408859253e-01 7.054527103900909424e-02 -7.769121229648590088e-02 -2.127054035663604736e-01 4.420567750930786133e-01 1.325277239084243774e-01 -3.186733648180961609e-02 -4.352983087301254272e-02 -2.716215252876281738e-01 -4.611941799521446228e-02 6.373057514429092407e-02 2.551656961441040039e-01 3.618571758270263672e-01 2.949986159801483154e-01 5.110216140747070312e-01 1.493326723575592041e-01 2.848155796527862549e-01 2.110181450843811035e-01 -2.475679963827133179e-01 3.131530284881591797e-01 -4.412645995616912842e-01 -3.786589950323104858e-04 -6.434749364852905273e-01 4.369074106216430664e-01 2.522633969783782959e-02 -7.286416739225387573e-02 -8.687778562307357788e-02 2.395357936620712280e-01 4.335930943489074707e-01 -4.572498500347137451e-01 -8.798398822546005249e-02 1.323945522308349609e-01 4.800274036824703217e-03 6.129317730665206909e-02 -1.481974124908447266e-01 -2.982006669044494629e-01 2.628362178802490234e-01 2.552666664123535156e-01 3.681893348693847656e-01 -8.733037859201431274e-02 -1.406314373016357422e-01 -2.745886445045471191e-01 4.030035734176635742e-01 1.366836577653884888e-01 4.200908243656158447e-01
-9.249948263168334961e-01 2.783492803573608398e-01 -4.423833638429641724e-02 -7.058008313179016113e-01 -2.579807490110397339e-02 2.519809007644653320e-01 -2.195335924625396729e-03 -2.281004190444946289e-01 -2.544670403003692627e-01 6.521506905555725098e-01 -4.203005135059356689e-01 2.604209482669830322e-01 -1.208132877945899963e-02 4.874384403228759766e-01 9.822882711887359619e-02 1.606890857219696045e-01 9.334295988082885742e-02 -4.963614046573638916e-02 -4.808402955532073975e-01 -9.571302682161331177e-02 2.321694940328598022e-01 -1.216197311878204346e-01 -3.166946172714233398e-01 -3.372336924076080322e-02 -2.113527655601501465e-01 -2.089525610208511353e-01 1.136699840426445007e-01 1.742889881134033203e-01 -1.644027233123779297e-01 -1.238485425710678101e-01 -9.048974514007568359e-02 1.192416176199913025e-01 6.389755606651306152e-01 9.499491751194000244e-02 -2.559565305709838867e-01 1.067842394113540649e-01 5.092980861663818359e-01 1.287475824356079102e-01 -2.551761865615844727e-01 -1.160681396722793579e-01 -3.876899778842926025e-01 -3.102686107158660889e-01 4.481265544891357422e-01 -1.130851805210113525e-01 -3.263536989688873291e-01 4.765068367123603821e-02 3.190167844295501709e-01 -4.829400032758712769e-02 -3.564264774322509766e-01 4.933694005012512207e-02 1.416915804147720337e-01 4.141478538513183594e-01 -4.681474566459655762e-01 -3.272933065891265869e-01 -1.217285022139549255e-01 -9.154294431209564209e-02 7.775264978408813477e-02 7.254669070243835449e-01 2.643380314111709595e-03 4.321630299091339111e-01 -3.173810839653015137e-01 1.940772682428359985e-01 4.463535249233245850e-01 6.971246004104614258e-02
-2.500697672367095947e-01 -4.114224612712860107e-01 1.797612309455871582e-01 -1.748745143413543701e-01 -2.767567336559295654e-02 -7.829276844859123230e-03 1.240418106317520142e-01 1.377444714307785034e-02 -7.128421068191528320e-01 2.124050259590148926e-02 -1.359409391880035400e-01 -7.305753976106643677e-02 -2.869796007871627808e-03 -6.890233606100082397e-02 -5.564519762992858887e-01 -4.297342300415039062e-01 2.512110173702239990e-01 4.046374857425689697e-01 -1.667245924472808838e-01 -2.008700557053089142e-02 5.724616050720214844e-01 2.665789127349853516e-01 -4.395259022712707520e-01 -4.866081476211547852e-01 2.698627300560474396e-03 1.995692700147628784e-01 -4.477050304412841797e-01 -1.479987055063247681e-01 -3.596957921981811523e-01 1.838932335376739502e-01 -5.393931269645690918e-02 9.325058013200759888e-02 4.025495648384094238e-01 3.671827316284179688e-01 2.761261165142059326e-02 2.396295964717864990e-01 3.981495797634124756e-01 5.684898421168327332e-02 -2.821772545576095581e-02 1.982557624578475952e-01 -3.535028398036956787e-01 -3.193537592887878418e-01 5.487665534019470215e-02 -2.628626823425292969e-01 -9.046241044998168945e-01 2.623224556446075439e-01 -3.684308826923370361e-01 1.799440681934356689e-01 3.271067515015602112e-02 1.014051958918571472e-01 -2.218639403581619263e-01 -7.599174045026302338e-03 1.998488605022430420e-02 -6.309927105903625488e-01 5.992662906646728516e-01 5.685335397720336914e-01 -6.011701002717018127e-02 4.620748758316040039e-01 5.560007095336914062e-01 2.163370847702026367e-01 -3.046927042305469513e-02 5.319254398345947266e-01 -7.831003516912460327e-03 7.165170907974243164e-01
-7.284599542617797852e-01 4.331439137458801270e-01 -7.740124315023422241e-02 -6.642624735832214355e-01 2.694839239120483398e-01 -2.177972160279750824e-02 7.553547620773315430e-04 -2.553762197494506836e-01 -1.433168351650238037e-01 6.076770424842834473e-01 -5.634847879409790039e-01 3.016127943992614746e-01 -4.406639561057090759e-02 6.862995624542236328e-01 1.181044355034828186e-01 2.240713089704513550e-01 2.853718400001525879e-01 3.907316923141479492e-02 -3.713009953498840332e-01 2.881421744823455811e-01 1.376657932996749878e-01 -2.918979823589324951e-01 -3.614375293254852295e-01 -1.544402539730072021e-02 -9.426571428775787354e-02 -4.112586379051208496e-01 8.509162813425064087e-02 1.612012684345245361e-01 -1.331062167882919312e-01 -1.963508576154708862e-01 -6.540763378143310547e-02 -1.740618795156478882e-02 7.382776141166687012e-01 2.995824217796325684e-01 -2.623564600944519043e-01 -1.301033049821853638e-02 6.556774377822875977e-01 1.058515161275863647e-01 -4.249274730682373047e-01 -3.122762739658355713e-01 -1.474340558052062988e-01 -3.712660372257232666e-01 4.579769372940063477e-01 6.633773446083068848e-03 -3.429569303989410400e-01 1.135295182466506958e-01 3.319712877273559570e-01 -8.463526517152786255e-02 -3.001562058925628662e-01 3.025460243225097656e-02 2.724618315696716309e-01 5.648571848869323730e-01 -4.748232960700988770e-01 -3.715895712375640869e-01 -1.584349572658538818e-01 -6.047829985618591309e-02 2.200041860342025757e-01 8.109174370765686035e-01 -1.406695544719696045e-01 5.283288359642028809e-01 -3.933303952217102051e-01 1.340615600347518921e-01 3.109036982059478760e-01 4.961386695504188538e-02
-5.473560094833374023e-01 -5.879037082195281982e-03 3.282824903726577759e-02 -4.707797765731811523e-01 -1.520514339208602905e-01 -9.621940553188323975e-02 4.642169177532196045e-02 -4.013603031635284424e-01 -4.390570223331451416e-01 -2.509880810976028442e-02 -3.860517442226409912e-01 1.011488512158393860e-01 -2.332806289196014404e-01 3.362578451633453369e-01 -3.659417033195495605e-01 -3.746415376663208008e-01 -7.841158658266067505e-02 4.018768072128295898e-01 -4.740448892116546631e-01 1.591691076755523682e-01 2.943535447120666504e-01 -1.001051440834999084e-01 -6.734426021575927734e-01 1.683957129716873169e-01 1.524921059608459473e-01 -3.632869720458984375e-01 -8.369480073451995850e-02 -3.070660233497619629e-01 -2.535956501960754395e-01 5.221209526062011719e-01 1.018480584025382996e-01 3.526441752910614014e-01 3.077568411827087402e-01 4.465654492378234863e-01 2.075582742691040039e-04 5.163916572928428650e-02 5.207254886627197266e-01 -2.664579451084136963e-01 4.926504194736480713e-02 -2.126106321811676025e-01 1.726387143135070801e-01 -5.735414028167724609e-01 3.807989358901977539e-01 -1.347788274288177490e-01 -2.745535671710968018e-01 6.798960268497467041e-02 1.793489158153533936e-01 4.060491919517517090e-01 -2.126797437667846680e-01 -6.195084750652313232e-02 4.683576524257659912e-03 -1.194804310798645020e-01 -2.071316093206405640e-01 -2.463969588279724121e-01 1.872125566005706787e-01 5.219153165817260742e-01 -3.529740869998931885e-02 2.662637829780578613e-01 1.764842271804809570e-01 -7.501678168773651123e-02 -2.602384984493255615e-01 4.340416193008422852e-01 2.594727575778961182e-01 5.495449304580688477e-01
-3.718559741973876953e-01 -5.348063260316848755e-02 -2.805180847644805908e-01 -4.556260108947753906e-01 -1.319293677806854248e-02 -1.538714915513992310e-01 8.784186840057373047e-02 -4.516031444072723389e-01 -3.495264053344726562e-01 8.899126946926116943e-02 -4.532873034477233887e-01 8.163939416408538818e-02 8.109380304813385010e-02 1.281350851058959961e-02 -4.842152595520019531e-01 -2.243575304746627808e-01 -1.155957281589508057e-01 7.323712855577468872e-02 -5.847762823104858398e-01 1.069934666156768799e-01 2.547656297683715820e-01 1.637639105319976807e-01 -4.290010035037994385e-01 8.966594934463500977e-02 2.024709731340408325e-01 6.737101078033447266e-02 2.195226103067398071e-01 -2.801160514354705811e-01 -2.090027332305908203e-01 1.742810308933258057e-01 -8.033541962504386902e-03 1.264379322528839111e-01 3.772697448730468750e-01 6.894105672836303711e-02 2.031832486391067505e-01 6.897681355476379395e-01 8.901396393775939941e-02 -1.944192647933959961e-01 -5.027235746383666992e-01 3.033010065555572510e-01 -9.472301602363586426e-02 -9.183844327926635742e-01 4.266984462738037109e-01 -3.393111526966094971e-01 -1.970637142658233643e-01 -2.114101052284240723e-01 4.449514672160148621e-02 2.507151663303375244e-01 -7.742697000503540039e-01 -1.748010218143463135e-01 -1.455601900815963745e-01 -2.044151276350021362e-01 -9.329429268836975098e-02 -4.509496986865997314e-01 9.558557718992233276e-02 3.369144201278686523e-01 1.850457116961479187e-02 2.835460901260375977e-01 7.352361828088760376e-02 -6.482221186161041260e-02 2.725425362586975098e-01 1.976285725831985474e-01 -4.767466709017753601e-02 4.706287384033203125e-01
-8.244588971138000488e-01 3.354052901268005371e-01 -2.296458929777145386e-02 -6.384990215301513672e-01 -2.796083092689514160e-01 2.977746725082397461e-01 -6.338097155094146729e-02 -2.235644459724426270e-01 -2.349857836961746216e-01 9.107308387756347656e-01 -5.160659551620483398e-01 4.074884057044982910e-01 2.476010471582412720e-01 4.863383173942565918e-01 1.038357242941856384e-01 2.429273128509521484e-01 3.453371226787567139e-01 -1.579018533229827881e-01 -3.831439614295959473e-01 -3.311027288436889648e-01 3.574680089950561523e-01 1.634842008352279663e-01 -4.573033154010772705e-01 -1.311756968498229980e-01 -1.234145313501358032e-01 -1.454897969961166382e-02 1.431481242179870605e-01 2.082940936088562012e-01 -1.593063771724700928e-01 -2.824205756187438965e-01 -9.607428312301635742e-02 6.069064140319824219e-03 4.908235669136047363e-01 -1.639376133680343628e-01 -3.853685259819030762e-01 4.697246849536895752e-01 2.096700072288513184e-01 3.422626554965972900e-01 -1.864040791988372803e-01 1.005502343177795410e-01 -4.014595150947570801e-01 -1.726656258106231689e-01 2.041152268648147583e-01 -8.193621039390563965e-02 -5.314143002033233643e-02 1.031068563461303711e-01 4.894629716873168945e-01 -4.105890393257141113e-01 -4.310839474201202393e-01 1.036529019474983215e-01 6.805136799812316895e-03 3.391749858856201172e-01 -4.947631955146789551e-01 -3.821247220039367676e-01 9.414916485548019409e-02 -6.485034525394439697e-02 -5.262788012623786926e-02 6.478328108787536621e-01 5.039186775684356689e-02 2.883574664592742920e-01 -1.551083028316497803e-01 9.624470770359039307e-02 4.208492040634155273e-01 4.351001232862472534e-03
-8.005678653717041016e-01 1.383077502250671387e-01 -2.097842991352081299e-01 -6.483561992645263672e-01 -7.661962509155273438e-02 2.958946228027343750e-01 1.660642623901367188e-01 -4.801620841026306152e-01 -4.404486715793609619e-01 3.464445471763610840e-01 -4.057764112949371338e-01 2.061061859130859375e-01 3.559858724474906921e-02 2.854237556457519531e-01 -1.169560551643371582e-01 6.899707019329071045e-02 -2.739695310592651367e-01 -3.164735734462738037e-01 -4.265743792057037354e-01 8.525215834379196167e-02 -8.254918456077575684e-02 -8.961361646652221680e-02 -1.550684571266174316e-01 1.230469942092895508e-01 -2.636409103870391846e-01 9.603679180145263672e-03 9.920885413885116577e-02 1.226529404520988464e-01 -3.915173187851905823e-02 -2.038276344537734985e-01 6.089013814926147461e-02 2.398090213537216187e-01 5.095238089561462402e-01 4.408850669860839844e-01 -1.390873938798904419e-01 3.117168247699737549e-01 1.058552414178848267e-01 -1.965716853737831116e-02 -1.913399994373321533e-01 4.270434752106666565e-02 -2.439646124839782715e-01 -6.694558858871459961e-01 5.941148996353149414e-01 7.941162586212158203e-02 -2.115350365638732910e-01 3.603755310177803040e-02 2.465549297630786896e-02 3.236779868602752686e-01 -4.985231757164001465e-01 6.628576666116714478e-02 -9.291566163301467896e-02 2.825884521007537842e-01 -1.942719966173171997e-01 -1.692942082881927490e-01 -2.030974328517913818e-01 1.483328938484191895e-01 1.284355074167251587e-01 6.126844882965087891e-01 9.831245988607406616e-02 4.611200839281082153e-02 -1.310137361288070679e-01 3.301756978034973145e-01 2.452600300312042236e-01 2.019453942775726318e-01
-6.467142701148986816e-01 -7.421664893627166748e-03 -2.788619995117187500e-01 -6.509508490562438965e-01 -6.181004643440246582e-02 -3.076936118304729462e-02 2.163312137126922607e-01 -5.183621644973754883e-01 -4.579413831233978271e-01 4.024397730827331543e-01 -3.936433196067810059e-01 1.914012134075164795e-01 -1.092168986797332764e-01 3.144270479679107666e-01 -1.563515663146972656e-01 -1.711161434650421143e-02 -3.522002696990966797e-01 -2.357933297753334045e-02 -3.833252191543579102e-01 3.767670392990112305e-01 7.297668606042861938e-02 -1.934240609407424927e-01 -3.862975537776947021e-01 8.087202906608581543e-02 -4.108195379376411438e-02 2.118462324142456055e-02 3.316372334957122803e-01 -3.545835316181182861e-01 -1.929360181093215942e-01 1.430411636829376221e-01 1.389174610376358032e-01 2.841938138008117676e-01 3.163372576236724854e-01 4.429296255111694336e-01 1.473177969455718994e-02 3.539265990257263184e-01 1.988928020000457764e-01 -1.721605062484741211e-01 -1.679406166076660156e-01 -3.305490314960479736e-01 7.463472336530685425e-02 -6.078925132751464844e-01 4.849451780319213867e-01 -4.991172254085540771e-02 -1.858687698841094971e-01 -1.803591102361679077e-01 2.697035670280456543e-01 1.650330126285552979e-01 -5.172723531723022461e-01 -2.099530100822448730e-01 -2.711844444274902344e-01 2.918682098388671875e-01 -1.316328197717666626e-01 -1.017339453101158142e-01 -4.692510366439819336e-01 1.488766521215438843e-01 7.663117349147796631e-02 3.151112794876098633e-01 8.039716631174087524e-02 -2.507328987121582031e-03 -1.035986691713333130e-01 4.524151086807250977e-01 1.465952396392822266e-01 2.432721108198165894e-01
-5.378358364105224609e-01 -1.436765640974044800e-01 -3.296181261539459229e-01 -3.525409102439880371e-01 -1.409777402877807617e-01 -1.358720511198043823e-01 1.193938106298446655e-01 -5.814734697341918945e-01 -6.206294894218444824e-01 8.513724803924560547e-02 -4.946919083595275879e-01 4.993130266666412354e-02 -1.077464371919631958e-01 1.023740395903587341e-01 -4.850275516510009766e-01 -3.218555748462677002e-01 -2.341060042381286621e-01 1.456943452358245850e-01 -6.156947612762451172e-01 3.227803409099578857e-01 1.299273967742919922e-01 1.274527162313461304e-01 -3.816838562488555908e-01 7.498657107353210449e-01 2.892121672630310059e-01 -2.229309529066085815e-01 -5.103087425231933594e-02 -3.991034030914306641e-01 -8.680167794227600098e-02 2.107652723789215088e-01 7.400480657815933228e-02 2.521944046020507812e-01 4.869649410247802734e-01 3.740413188934326172e-01 3.744074702262878418e-01 4.018872380256652832e-01 1.121055632829666138e-01 -2.796386778354644775e-01 -2.757597565650939941e-01 9.649038314819335938e-03 1.037426963448524475e-01 -7.036159038543701172e-01 4.427239894866943359e-01 -1.219372898340225220e-01 -7.006283849477767944e-02 -1.356546133756637573e-01 3.471035957336425781e-01 3.048478364944458008e-01 -6.687276363372802734e-01 -1.811176985502243042e-01 9.140498936176300049e-03 7.379551976919174194e-02 2.181952595710754395e-01 -4.614764451980590820e-01 -8.786178380250930786e-02 4.027505517005920410e-01 9.289748966693878174e-02 2.071374356746673584e-01 2.600189149379730225e-01 -4.592863097786903381e-02 -1.549760252237319946e-01 3.630940318107604980e-01 -1.161133944988250732e-01 2.692442834377288818e-01
-6.300513148307800293e-01 2.591071724891662598e-01 -9.829207509756088257e-02 -7.785976529121398926e-01 -1.197684407234191895e-01 -9.959871321916580200e-02 1.743260025978088379e-02 -5.353509783744812012e-01 -2.376497536897659302e-01 4.864822924137115479e-01 -4.785590171813964844e-01 1.540246158838272095e-01 -4.578083381056785583e-02 5.917518138885498047e-01 1.494172513484954834e-01 -3.701045177876949310e-03 -4.191337898373603821e-02 4.162406176328659058e-02 -3.791994750499725342e-01 4.289670586585998535e-01 1.195336729288101196e-01 -2.510667145252227783e-01 -3.592082560062408447e-01 5.362318754196166992e-01 -3.206554427742958069e-02 -3.712573051452636719e-01 2.648842036724090576e-01 -5.713675171136856079e-02 -2.195063978433609009e-01 -1.990530639886856079e-02 -5.871680378913879395e-02 4.930581897497177124e-02 7.329695224761962891e-01 1.814197152853012085e-01 2.119481563568115234e-03 3.838777542114257812e-01 4.328891932964324951e-01 -2.418274879455566406e-01 -3.757864832878112793e-01 -1.508534252643585205e-01 1.026339270174503326e-02 -4.574195742607116699e-01 6.619656085968017578e-01 -1.372919380664825439e-01 -6.506250798702239990e-02 -1.486653983592987061e-01 8.181368708610534668e-01 -7.626845687627792358e-02 -7.163562774658203125e-01 2.373031526803970337e-02 1.378172039985656738e-01 3.494553267955780029e-01 -1.987552046775817871e-01 -1.305064260959625244e-01 -1.939662694931030273e-01 1.038932353258132935e-01 7.887381315231323242e-02 3.825810551643371582e-01 -1.722694337368011475e-01 1.676241457462310791e-01 -1.568013578653335571e-01 2.361254841089248657e-01 2.620505690574645996e-01 -5.763617530465126038e-02
-6.980848312377929688e-01 -5.332858115434646606e-02 -2.423905730247497559e-01 -5.814923644065856934e-01 3.627784848213195801e-01 4.183273389935493469e-02 -1.776699572801589966e-01 -3.252898454666137695e-01 -4.164624512195587158e-01 4.603950381278991699e-01 -4.788745939731597900e-01 5.208701640367507935e-02 1.156718730926513672e-01 4.235412478446960449e-01 1.436095535755157471e-01 -1.979530155658721924e-01 1.365051418542861938e-01 4.941724240779876709e-03 -1.221078708767890930e-01 2.707269489765167236e-01 5.795501470565795898e-01 8.060393854975700378e-03 -6.825113892555236816e-01 -4.777013510465621948e-02 2.143447101116180420e-01 -3.511988520622253418e-01 2.252371907234191895e-01 -1.213228479027748108e-01 -4.691684246063232422e-01 -1.216927766799926758e-01 -1.373720467090606689e-01 6.186743080615997314e-02 7.522960305213928223e-01 1.377796828746795654e-01 -9.193284809589385986e-02 3.954728543758392334e-01 5.411312580108642578e-01 -6.793712079524993896e-02 -3.257181048393249512e-01 1.057099923491477966e-02 -1.513422429561614990e-01 -4.625065922737121582e-01 3.900868296623229980e-01 -4.798595607280731201e-01 -5.278146266937255859e-01 -1.167335659265518188e-01 5.400278568267822266e-01 -2.576775252819061279e-01 -4.938276410102844238e-01 -1.440069973468780518e-01 3.023021221160888672e-01 7.330355048179626465e-02 -4.178504347801208496e-01 -3.504582047462463379e-01 -2.266075015068054199e-01 3.136209249496459961e-01 -1.408671587705612183e-01 3.546105623245239258e-01 -2.717898786067962646e-01 3.255771696567535400e-01 -1.153741851449012756e-01 3.825250267982482910e-01 2.890695035457611084e-01 -3.060050606727600098e-01
-5.031391382217407227e-01 -2.240266501903533936e-01 -2.979276478290557861e-01 -6.321585774421691895e-01 -1.610888689756393433e-01 9.282516688108444214e-02 -2.316604554653167725e-02 -6.336693167686462402e-01 -4.404962360858917236e-01 2.063554674386978149e-01 -3.885111510753631592e-01 1.142448708415031433e-01 7.217286527156829834e-02 9.726101905107498169e-02 6.142296642065048218e-02 -3.002888560295104980e-01 -2.538866698741912842e-01 -1.322004944086074829e-01 -2.692604362964630127e-01 -1.911304891109466553e-03 3.246662318706512451e-01 1.309109032154083252e-01 -4.767941832542419434e-01 3.192658126354217529e-01 1.309100985527038574e-01 -7.515944540500640869e-02 2.196441143751144409e-01 -1.660519838333129883e-01 -1.499541252851486206e-01 -1.979522407054901123e-02 1.002278625965118408e-01 3.650519549846649170e-01 1.546009480953216553e-01 2.532719373703002930e-01 1.335788667201995850e-01 6.763646006584167480e-01 7.122512161731719971e-02 -1.732425093650817871e-01 1.385586261749267578e-01 9.762194752693176270e-02 2.395737916231155396e-02 -7.933738231658935547e-01 4.408141970634460449e-01 -2.101648747920989990e-01 -7.657847553491592407e-02 -1.176475286483764648e-01 5.463716983795166016e-01 1.484701931476593018e-01 -8.574494719505310059e-01 -1.534569114446640015e-01 -1.391613483428955078e-02 -1.848459392786026001e-01 -2.520148158073425293e-01 -1.901983618736267090e-01 -1.023173108696937561e-01 4.912320971488952637e-01 -2.818468511104583740e-01 2.211897224187850952e-01 -3.279189467430114746e-01 -1.735759824514389038e-01 7.998006045818328857e-02 3.532661199569702148e-01 1.896411180496215820e-01 -6.637145578861236572e-02
-1.461710184812545776e-01 -3.756480515003204346e-01 -2.227497398853302002e-01 -3.898639678955078125e-01 -2.355308234691619873e-01 -1.133450865745544434e-01 3.134019970893859863e-01 -2.370891571044921875e-01 -6.045535206794738770e-01 -2.417929172515869141e-01 -4.431883394718170166e-01 -1.479226052761077881e-01 -2.211128771305084229e-01 -1.776232272386550903e-01 -6.232249140739440918e-01 -5.229805111885070801e-01 -3.774814903736114502e-01 1.876164376735687256e-01 -6.514756083488464355e-01 1.304852962493896484e-01 5.597895383834838867e-01 2.818044126033782959e-01 -4.308466911315917969e-01 3.194858431816101074e-01 2.307485491037368774e-01 2.514085769653320312e-01 1.479236334562301636e-01 -4.685989022254943848e-01 -1.574219316244125366e-01 1.258496642112731934e-01 2.647162079811096191e-01 6.469891667366027832e-01 7.478985935449600220e-02 3.814051747322082520e-01 4.095994830131530762e-01 3.614535331726074219e-01 -4.102297872304916382e-02 -2.323856800794601440e-01 1.915114372968673706e-02 6.604903936386108398e-02 -6.970487534999847412e-03 -7.710708379745483398e-01 3.344168066978454590e-01 -2.362303137779235840e-01 -2.798432409763336182e-01 -6.787854433059692383e-02 3.264304995536804199e-02 7.198666930198669434e-01 -5.079731345176696777e-01 -2.350600957870483398e-01 -2.331667244434356689e-01 -2.733159959316253662e-01 -9.425058960914611816e-03 -2.114746570587158203e-01 6.116006523370742798e-02 6.517952084541320801e-01 -1.923931092023849487e-01 -6.273552775382995605e-03 4.852080047130584717e-01 -4.563219845294952393e-01 1.659762114286422729e-01 4.585636854171752930e-01 3.620002418756484985e-02 7.157695293426513672e-01
-7.514926195144653320e-01 1.133992522954940796e-02 8.145034313201904297e-03 -8.086043000221252441e-01 -8.574268221855163574e-02 2.554457075893878937e-02 8.004628121852874756e-03 -3.392731547355651855e-01 -5.173342823982238770e-01 6.545521616935729980e-01 -3.661599457263946533e-01 4.513606429100036621e-02 -2.637183293700218201e-02 3.697296977043151855e-01 3.023027777671813965e-01 -1.010572984814643860e-01 -1.581516116857528687e-01 -2.009232044219970703e-01 -2.174321115016937256e-01 9.323298186063766479e-02 4.967298358678817749e-02 2.503476478159427643e-02 -6.966459006071090698e-02 5.407671928405761719e-01 -1.406044363975524902e-01 -4.247363805770874023e-01 1.945443898439407349e-01 6.909029930830001831e-02 -2.463784366846084595e-01 -8.288793265819549561e-02 -1.637974083423614502e-01 2.046261131763458252e-01 6.401551365852355957e-01 1.598513573408126831e-01 2.080224454402923584e-02 2.274617254734039307e-01 6.243860721588134766e-01 8.101262152194976807e-02 -1.347210109233856201e-01 -2.096383869647979736e-01 -8.866708725690841675e-02 -4.841310679912567139e-01 5.204021930694580078e-01 -2.256022989749908447e-01 -4.700702726840972900e-01 2.818431854248046875e-01 8.273215889930725098e-01 -8.452730625867843628e-02 -6.008129715919494629e-01 3.324633091688156128e-02 1.503679603338241577e-01 4.113036990165710449e-01 -2.674193382263183594e-01 -2.792869210243225098e-01 -9.880773723125457764e-03 2.651960402727127075e-02 2.742290124297142029e-02 4.115293622016906738e-01 2.042044401168823242e-01 1.232453659176826477e-01 1.687603257596492767e-02 2.699159979820251465e-01 2.459849715232849121e-01 -2.198229730129241943e-01
-5.383043885231018066e-01 3.132707625627517700e-02 -8.964037150144577026e-02 -7.505367994308471680e-01 2.442815899848937988e-02 8.637426048517227173e-02 2.237448394298553467e-01 -3.010723590850830078e-01 -3.349762260913848877e-01 4.551511406898498535e-01 -5.254191756248474121e-01 1.011626943945884705e-01 3.366576507687568665e-02 2.831106185913085938e-01 1.172759383916854858e-02 1.425173971801996231e-02 7.515627890825271606e-02 4.360788315534591675e-02 -2.972890734672546387e-01 9.154556691646575928e-02 3.434068560600280762e-01 1.301897168159484863e-01 -3.436108827590942383e-01 -1.173485815525054932e-02 -1.704312264919281006e-01 -1.585494577884674072e-01 2.335037589073181152e-01 -5.856855958700180054e-02 -1.672260314226150513e-01 -2.158913016319274902e-02 -5.215809494256973267e-02 1.342421025037765503e-01 6.138108968734741211e-01 2.464378327131271362e-01 -8.045460283756256104e-02 5.627380609512329102e-01 4.737628996372222900e-01 1.122848391532897949e-01 -3.165596723556518555e-01 -3.452226147055625916e-02 -2.522376775741577148e-01 -5.261826515197753906e-01 2.851054668426513672e-01 -4.047136008739471436e-01 -3.109389245510101318e-01 -1.118920296430587769e-01 4.291323721408843994e-01 3.598731011152267456e-02 -5.044646263122558594e-01 -1.502403914928436279e-01 1.921222358942031860e-01 1.857808083295822144e-01 -5.456669926643371582e-01 -5.070401430130004883e-01 3.965336829423904419e-02 8.493125438690185547e-02 -6.459188461303710938e-02 6.337868571281433105e-01 -1.489168405532836914e-01 4.388491809368133545e-01 -3.433790802955627441e-02 2.253496795892715454e-01 2.121432423591613770e-01 2.793735563755035400e-01
-8.655737042427062988e-01 5.801025032997131348e-01 8.707008510828018188e-02 -8.409350514411926270e-01 -2.644178643822669983e-02 3.281071484088897705e-01 -2.149142175912857056e-01 -3.928915262222290039e-01 -2.536203898489475250e-02 9.272306561470031738e-01 -3.673415184020996094e-01 2.619058489799499512e-01 2.318454682826995850e-01 8.668940663337707520e-01 2.679077088832855225e-01 1.086250245571136475e-01 5.207157731056213379e-01 -1.943253278732299805e-01 -4.585868418216705322e-01 1.617052853107452393e-01 1.379194855690002441e-02 -5.760435760021209717e-02 -3.773196041584014893e-01 1.340772062540054321e-01 -1.532049030065536499e-01 -1.042888462543487549e-01 1.558918058872222900e-01 3.430944681167602539e-01 -3.128632009029388428e-01 -4.347074031829833984e-01 -8.864060789346694946e-02 2.584182024002075195e-01 4.293877780437469482e-01 -1.721925288438796997e-02 -4.488784670829772949e-01 3.705991208553314209e-01 2.775671780109405518e-01 7.646540552377700806e-02 -2.946439981460571289e-01 1.031257659196853638e-01 -1.466456949710845947e-01 -2.434495240449905396e-01 4.520435333251953125e-01 -7.357957959175109863e-02 -2.380244433879852295e-01 8.431917428970336914e-02 4.994110465049743652e-01 -4.123022258281707764e-01 -7.022807598114013672e-01 1.599592268466949463e-01 4.535189270973205566e-02 5.409755706787109375e-01 -5.527918934822082520e-01 -1.574293673038482666e-01 -3.792309165000915527e-01 5.064757168292999268e-02 -7.364176213741302490e-02 4.959384202957153320e-01 -1.249161176383495331e-02 3.381727635860443115e-01 -2.441249042749404907e-01 1.668658703565597534e-01 3.214640915393829346e-01 -4.031527638435363770e-01
-6.350865960121154785e-01 2.935256808996200562e-02 -3.052633106708526611e-01 -5.666378736495971680e-01 -3.707829117774963379e-01 -1.300071030855178833e-01 2.495228648185729980e-01 -4.936764240264892578e-01 -3.495360016822814941e-01 1.150455176830291748e-01 -6.494115591049194336e-01 4.753779768943786621e-01 -1.796637922525405884e-01 2.743883728981018066e-01 -1.311009675264358521e-01 -1.771116703748703003e-01 -1.191267594695091248e-01 1.518773734569549561e-01 -6.610643267631530762e-01 6.814910471439361572e-02 1.208579614758491516e-01 -1.000936105847358704e-01 -5.181947946548461914e-01 1.621477603912353516e-01 1.440938562154769897e-01 -2.635304331779479980e-01 3.631130605936050415e-02 -4.827221930027008057e-01 3.586342558264732361e-02 3.308706879615783691e-01 1.928978115320205688e-01 4.464929401874542236e-01 3.150717914104461670e-01 4.726139307022094727e-01 -7.296746969223022461e-02 1.564032733440399170e-01 4.850290119647979736e-01 -1.926058977842330933e-01 1.266887933015823364e-01 -4.162154793739318848e-01 2.672114372253417969e-01 -6.772142648696899414e-01 3.591916561126708984e-01 -6.315961480140686035e-03 7.287919521331787109e-02 1.385428011417388916e-01 8.277833461761474609e-02 6.324105858802795410e-01 -1.952426284551620483e-01 -7.776465266942977905e-02 -1.575444340705871582e-01 -1.096566468477249146e-01 -1.840950995683670044e-01 -6.052144616842269897e-02 -2.149836421012878418e-01 5.065367817878723145e-01 2.538663148880004883e-01 4.770609736442565918e-01 -2.147459238767623901e-02 -1.977350413799285889e-01 -3.516516685485839844e-01 4.886565208435058594e-01 2.343928664922714233e-01 6.820165514945983887e-01
-3.602466881275177002e-01 -2.434960901737213135e-01 -2.532758116722106934e-01 -5.555802583694458008e-01 -3.005664050579071045e-01 -2.511758543550968170e-02 3.152264654636383057e-01 -3.514861762523651123e-01 -3.903448581695556641e-01 1.898771673440933228e-01 -4.181855618953704834e-01 -4.284227639436721802e-02 -3.843929469585418701e-01 -2.474387735128402710e-02 -2.473351061344146729e-01 -1.709302663803100586e-01 -3.676133751869201660e-01 -5.972725898027420044e-02 -3.442255556583404541e-01 1.609274148941040039e-01 1.594359576702117920e-01 2.747122198343276978e-04 -3.092457950115203857e-01 3.305070698261260986e-01 -1.260268967598676682e-02 -8.731948584318161011e-02 2.773473262786865234e-01 -3.038851022720336914e-01 -1.219217181205749512e-01 2.088131010532379150e-01 1.976769566535949707e-01 1.876269876956939697e-01 2.119725048542022705e-01 2.208087593317031860e-01 2.830471396446228027e-01 5.532119274139404297e-01 1.506354957818984985e-01 -2.352323383092880249e-01 -1.875327527523040771e-02 -1.223172992467880249e-01 -4.309884458780288696e-02 -7.432816028594970703e-01 4.449776411056518555e-01 -2.299167513847351074e-01 -1.278955787420272827e-01 -2.808668613433837891e-01 4.891073405742645264e-01 3.715193271636962891e-01 -7.295837402343750000e-01 -1.319804787635803223e-01 1.324664950370788574e-01 -6.463304907083511353e-02 -8.899365365505218506e-02 -2.056599259376525879e-01 -9.218603372573852539e-05 1.593384295701980591e-01 1.388828605413436890e-01 2.642629444599151611e-01 -1.215871647000312805e-01 -1.294727027416229248e-01 4.021447151899337769e-02 2.499936670064926147e-01 1.256680190563201904e-01 5.038995146751403809e-01
-8.429112434387207031e-01 1.095762774348258972e-01 -3.314428031444549561e-03 -7.767056226730346680e-01 -1.690407693386077881e-01 -9.123137220740318298e-03 -1.865444034337997437e-01 -6.396609544754028320e-01 -6.073538064956665039e-01 1.661946475505828857e-01 -4.586485326290130615e-01 2.921236157417297363e-01 -2.164933457970619202e-02 7.789427638053894043e-01 -1.825127601623535156e-01 -2.910699546337127686e-01 -2.418625205755233765e-01 2.892101556062698364e-02 -1.125668659806251526e-01 4.950369596481323242e-01 1.013091355562210083e-01 -4.891036450862884521e-01 -2.681972980499267578e-01 7.104206681251525879e-01 -3.304672613739967346e-02 -3.151406049728393555e-01 -4.025003015995025635e-01 2.564276456832885742e-01 -1.935105770826339722e-01 -1.471537351608276367e-01 -1.267440468072891235e-01 5.818017721176147461e-01 6.305078864097595215e-01 6.458969712257385254e-01 -2.284619659185409546e-01 -5.995137244462966919e-02 3.620642125606536865e-01 -4.666201472282409668e-01 1.657491475343704224e-01 -5.810457468032836914e-01 1.258585900068283081e-01 -6.276099681854248047e-01 4.858742356300354004e-01 4.604164361953735352e-01 -2.517040073871612549e-01 1.386824399232864380e-01 3.347714543342590332e-01 3.042599558830261230e-01 -4.464300870895385742e-01 2.945376932621002197e-01 -1.293840706348419189e-01 3.002577126026153564e-01 1.695303767919540405e-01 1.351564228534698486e-01 -1.168187335133552551e-01 4.763770103454589844e-01 7.288032770156860352e-02 6.837379336357116699e-01 -1.236555054783821106e-01 -1.278280466794967651e-02 -3.189673423767089844e-01 5.785483121871948242e-01 2.237476706504821777e-01 -1.788583844900131226e-01
-5.442792773246765137e-01 -3.222255408763885498e-02 -6.142624467611312866e-02 -3.308074176311492920e-01 1.742932051420211792e-01 -9.928009659051895142e-02 -3.067086935043334961e-01 -4.482181668281555176e-01 -3.662846684455871582e-01 4.261746257543563843e-02 -2.627628147602081299e-01 3.796543926000595093e-02 2.753584086894989014e-01 3.408552110195159912e-01 -3.563110828399658203e-01 -4.411780238151550293e-01 1.722384095191955566e-01 2.512551248073577881e-01 -4.553656280040740967e-01 -6.546419113874435425e-03 3.005768358707427979e-01 2.025948315858840942e-01 -6.873192787170410156e-01 -2.332932651042938232e-01 3.993467688560485840e-01 -2.454861998558044434e-01 -1.227159276604652405e-01 -1.845085620880126953e-01 -5.387068390846252441e-01 3.618372082710266113e-01 -1.660751253366470337e-01 2.849109172821044922e-01 6.315280795097351074e-01 3.166418671607971191e-01 -2.074405103921890259e-01 4.428127706050872803e-01 2.398163378238677979e-01 -2.814906239509582520e-01 -3.559376001358032227e-01 3.995529115200042725e-01 -5.520033836364746094e-02 -6.506428718566894531e-01 3.740084171295166016e-01 -4.762649834156036377e-01 -3.682473897933959961e-01 9.795469045639038086e-02 -3.756823018193244934e-02 1.247671321034431458e-01 -3.719161748886108398e-01 4.291884601116180420e-02 -2.770438194274902344e-01 -3.181411623954772949e-01 -1.112228259444236755e-02 -3.434556424617767334e-01 1.862644851207733154e-01 5.443947911262512207e-01 -1.590814441442489624e-02 3.686148524284362793e-01 2.199596464633941650e-01 -1.088798791170120239e-01 3.611372783780097961e-02 5.833435058593750000e-01 -5.339284613728523254e-02 3.092158138751983643e-01
-5.567364096641540527e-01 8.747231215238571167e-02 1.133197024464607239e-01 -5.802165865898132324e-01 1.673655956983566284e-01 1.708164066076278687e-01 -2.109275013208389282e-01 -2.838065624237060547e-01 -2.884510457515716553e-01 4.708944261074066162e-01 -3.256773054599761963e-01 1.323312222957611084e-01 1.887344270944595337e-01 3.182270526885986328e-01 -1.750318706035614014e-02 -1.808771640062332153e-01 2.326621562242507935e-01 2.475071847438812256e-01 -6.199541091918945312e-01 7.152631878852844238e-04 3.197916746139526367e-01 9.623095393180847168e-02 -4.620758891105651855e-01 -2.314137220382690430e-01 2.146300859749317169e-03 -3.190603852272033691e-01 -1.205879822373390198e-01 -1.769712567329406738e-02 -9.475775063037872314e-02 9.911027550697326660e-02 2.463055588304996490e-02 2.150568962097167969e-01 5.426192879676818848e-01 -1.810704320669174194e-01 -2.570697665214538574e-01 1.799801439046859741e-01 4.785992801189422607e-01 -7.683716714382171631e-02 -3.309307098388671875e-01 3.175093233585357666e-01 -1.334774494171142578e-01 -3.055340349674224854e-01 3.872898221015930176e-01 -5.120489597320556641e-01 -4.924022853374481201e-01 2.550760284066200256e-02 2.220548838376998901e-01 9.669526666402816772e-02 -4.630630612373352051e-01 1.771917939186096191e-01 -6.039457023143768311e-02 -2.683788537979125977e-02 -1.823226213455200195e-01 -3.431442081928253174e-01 2.370899915695190430e-01 3.303260207176208496e-01 4.250165447592735291e-02 3.753619790077209473e-01 1.179661601781845093e-03 8.729534596204757690e-02 -3.519745469093322754e-01 4.150712490081787109e-01 3.534204065799713135e-01 3.525349125266075134e-02
-6.724675297737121582e-01 -2.626282572746276855e-01 -3.683271408081054688e-01 -6.781594753265380859e-01 -5.185891985893249512e-01 -1.353993862867355347e-01 8.622059971094131470e-02 -3.152615427970886230e-01 -2.836458981037139893e-01 5.821562409400939941e-01 -4.453209340572357178e-01 4.934080839157104492e-01 7.614688575267791748e-02 1.956648528575897217e-01 -5.636292695999145508e-02 -1.430397927761077881e-01 1.058445125818252563e-01 -2.692697048187255859e-01 -4.199594557285308838e-01 -3.639468550682067871e-01 -4.975694417953491211e-02 1.009643152356147766e-01 -3.009704649448394775e-01 1.159715652465820312e-01 1.175723522901535034e-01 5.622597038745880127e-02 1.618162989616394043e-01 -1.350512802600860596e-01 -2.952052280306816101e-02 2.222176641225814819e-01 9.063414484262466431e-02 2.951765954494476318e-01 6.338020786643028259e-03 1.857369095087051392e-01 -1.209621578454971313e-01 8.418368101119995117e-01 4.830306768417358398e-02 4.607315175235271454e-03 2.667860984802246094e-01 -1.244562864303588867e-01 1.818851828575134277e-01 -7.157467603683471680e-01 2.221753448247909546e-01 -8.428514003753662109e-02 2.458015531301498413e-01 6.269261240959167480e-02 3.976359665393829346e-01 1.169491037726402283e-01 -8.854621052742004395e-01 -1.658856570720672607e-01 -1.477673053741455078e-01 -3.857329487800598145e-01 -2.524899840354919434e-01 -1.536127030849456787e-01 -3.266289830207824707e-01 3.363691568374633789e-01 3.921590149402618408e-01 6.121656894683837891e-01 -2.743358612060546875e-01 -3.276970237493515015e-02 7.304788380861282349e-02 3.171076178550720215e-01 -3.339562937617301941e-02 3.185880780220031738e-01
-7.377454042434692383e-01 1.876538246870040894e-02 -1.255280673503875732e-01 -6.989847421646118164e-01 -9.646636247634887695e-02 -1.662103086709976196e-01 -1.123296022415161133e-01 -4.184864163398742676e-01 -2.750977277755737305e-01 4.800939261913299561e-01 -5.162256956100463867e-01 1.802746057510375977e-01 -5.075028166174888611e-02 6.834891438484191895e-01 9.971980750560760498e-02 -1.740142107009887695e-01 2.728773467242717743e-02 5.252813547849655151e-02 -2.186229228973388672e-01 3.116574585437774658e-01 2.901105880737304688e-01 -2.630868256092071533e-01 -6.672486066818237305e-01 2.593798041343688965e-01 2.009014040231704712e-01 -4.485734701156616211e-01 1.165399476885795593e-01 -1.908738911151885986e-01 -3.410683274269104004e-01 1.263929903507232666e-01 1.853736117482185364e-03 1.778985261917114258e-01 5.561270713806152344e-01 3.887230753898620605e-01 -2.862825393676757812e-01 2.444235682487487793e-01 4.549676477909088135e-01 -2.238216102123260498e-01 1.489957422018051147e-02 -3.224556744098663330e-01 1.820196807384490967e-01 -3.518426418304443359e-01 5.573362708091735840e-01 -1.770482361316680908e-01 -7.111987471580505371e-02 9.037961065769195557e-02 7.327569127082824707e-01 3.740068525075912476e-02 -6.261168122291564941e-01 -4.758553951978683472e-02 1.703280359506607056e-01 1.478546112775802612e-01 -1.983411163091659546e-01 8.199334144592285156e-03 -3.237260282039642334e-01 2.529475688934326172e-01 1.313297897577285767e-01 4.026721119880676270e-01 -1.726380884647369385e-01 1.515237987041473389e-02 -2.261500507593154907e-01 4.976879954338073730e-01 2.359768599271774292e-01 1.988254860043525696e-02
-5.656325817108154297e-01 -1.814552694559097290e-01 -3.267205953598022461e-01 -6.470151543617248535e-01 -4.079663753509521484e-01 -2.805308699607849121e-01 1.876182854175567627e-01 -2.943021655082702637e-01 -4.359615147113800049e-01 3.085570931434631348e-01 -1.547195911407470703e-01 1.276630908250808716e-01 -7.601150870323181152e-02 2.912452071905136108e-02 -2.103221714496612549e-01 -7.754706591367721558e-02 -1.846311539411544800e-01 -1.477521359920501709e-01 -4.818203151226043701e-01 1.604584455490112305e-01 3.600150346755981445e-03 8.703070878982543945e-02 9.658843278884887695e-03 5.428292751312255859e-01 2.393764257431030273e-01 9.765289723873138428e-02 3.334439098834991455e-01 -5.574996471405029297e-01 1.666008383035659790e-01 2.682254910469055176e-01 2.559921145439147949e-01 3.810123205184936523e-01 1.358753144741058350e-01 1.258211880922317505e-01 5.579049587249755859e-01 6.206875443458557129e-01 -2.941728383302688599e-02 -1.079850494861602783e-01 1.104288101196289062e-01 -3.988764062523841858e-02 2.562959492206573486e-01 -8.371053934097290039e-01 3.120638728141784668e-01 -1.308948099613189697e-01 -1.291310042142868042e-01 -3.152781128883361816e-01 4.993979632854461670e-01 3.317579925060272217e-01 -6.679769754409790039e-01 -2.036326229572296143e-01 -3.513208031654357910e-01 -3.088659048080444336e-01 8.987148851156234741e-02 -2.459026873111724854e-01 -2.509110569953918457e-01 4.240599274635314941e-01 3.146138191223144531e-01 3.298159837722778320e-01 3.212913274765014648e-01 -4.426686465740203857e-02 -1.305808573961257935e-01 1.950629204511642456e-01 -3.038226068019866943e-01 2.633881270885467529e-01
-4.433095455169677734e-01 -3.119232952594757080e-01 -3.353902101516723633e-01 -4.226712584495544434e-01 -1.998005360364913940e-01 5.028780922293663025e-02 3.222032189369201660e-01 -1.605513691902160645e-01 -5.237916707992553711e-01 9.491351246833801270e-02 -4.058532714843750000e-01 7.261496782302856445e-02 -2.712810039520263672e-01 -2.462788522243499756e-01 -4.868174791336059570e-01 -3.703140318393707275e-01 -8.964522182941436768e-02 2.979377657175064087e-02 -5.998077988624572754e-01 3.466773033142089844e-02 1.714179366827011108e-01 2.780574858188629150e-01 -2.813397347927093506e-01 2.411741390824317932e-02 -6.778722256422042847e-02 1.119488775730133057e-01 6.313934922218322754e-02 -1.965954005718231201e-01 -1.495014876127243042e-03 2.269292026758193970e-01 6.651196628808975220e-02 1.385707110166549683e-01 4.026150330901145935e-03 1.989099532365798950e-01 3.955585360527038574e-01 4.253447353839874268e-01 1.877250969409942627e-01 -6.166760809719562531e-03 -1.607575714588165283e-01 1.279547065496444702e-01 -1.647236794233322144e-01 -8.363355398178100586e-01 3.165904879570007324e-01 -1.931748092174530029e-01 -4.182823896408081055e-01 -1.654869318008422852e-01 -2.776689231395721436e-01 4.609450101852416992e-01 -4.391735196113586426e-01 -2.549341320991516113e-01 -7.399581372737884521e-03 -2.172652930021286011e-01 -2.578145861625671387e-01 -5.385842919349670410e-01 3.709270060062408447e-02 4.671419858932495117e-01 1.409670561552047729e-01 2.247890830039978027e-01 1.505687832832336426e-01 8.935696631669998169e-02 -4.435928072780370712e-03 2.466011494398117065e-01 6.207135692238807678e-02 6.181121468544006348e-01
-3.183704912662506104e-01 -4.345420002937316895e-01 3.624624758958816528e-02 -8.492345809936523438e-01 -4.468940496444702148e-01 6.983020901679992676e-02 1.229566484689712524e-01 -4.099582135677337646e-01 -5.015183687210083008e-01 2.850067913532257080e-01 -4.983055591583251953e-01 6.703456491231918335e-02 4.488726332783699036e-02 -4.874320328235626221e-02 1.374000608921051025e-01 -3.938297629356384277e-01 -1.161420196294784546e-01 1.352772414684295654e-01 -2.889711856842041016e-01 4.834018647670745850e-02 2.973145246505737305e-01 2.123827636241912842e-01 -3.286082744598388672e-01 2.194022387266159058e-01 -2.144590020179748535e-01 -3.194089531898498535e-01 -4.377218335866928101e-02 -1.931537687778472900e-01 -1.780550330877304077e-01 2.015122771263122559e-01 -1.306853294372558594e-01 3.806816041469573975e-01 4.867204427719116211e-01 1.316648423671722412e-01 1.423811614513397217e-01 6.367170214653015137e-01 1.991111636161804199e-01 -1.285166293382644653e-01 4.024037718772888184e-02 1.159565001726150513e-01 -5.253305286169052124e-02 -5.871088504791259766e-01 3.435117006301879883e-01 -4.881316721439361572e-01 -1.463149785995483398e-01 1.050177961587905884e-03 5.806966423988342285e-01 1.779218316078186035e-01 -7.816252708435058594e-01 -1.077734604477882385e-01 1.579501777887344360e-01 -1.308522373437881470e-01 -2.390334457159042358e-01 -8.369340747594833374e-02 2.370608747005462646e-01 4.025951623916625977e-01 8.333288133144378662e-04 3.223735988140106201e-01 -1.426313668489456177e-01 -6.961724907159805298e-02 1.800625585019588470e-02 4.841902256011962891e-01 1.867101043462753296e-01 3.572157919406890869e-01
-8.153816461563110352e-01 -3.681853413581848145e-04 -2.589398026466369629e-01 -4.724264740943908691e-01 -7.522822916507720947e-02 1.171256899833679199e-01 -4.622162878513336182e-02 -2.720646262168884277e-01 -2.579061090946197510e-01 6.192732453346252441e-01 -4.442595541477203369e-01 2.423974871635437012e-01 1.529620885848999023e-01 3.411277830600738525e-01 -2.251152694225311279e-01 -6.838214397430419922e-02 1.587196439504623413e-01 -1.058427318930625916e-01 -3.580153286457061768e-01 -1.041346341371536255e-01 4.542276859283447266e-01 8.445654064416885376e-02 -7.430179715156555176e-01 -2.709309458732604980e-01 1.009566187858581543e-01 -3.822325915098190308e-02 1.727840155363082886e-01 8.618599921464920044e-02 -3.642029166221618652e-01 8.662515878677368164e-02 -2.720014192163944244e-02 -4.520885646343231201e-03 5.161582827568054199e-01 5.188708007335662842e-02 -3.176683783531188965e-01 5.672647953033447266e-01 1.164105534553527832e-01 8.076770603656768799e-02 -2.622132301330566406e-01 1.893226355314254761e-01 -3.126562833786010742e-01 -4.075031578540802002e-01 3.823666572570800781e-01 -1.999323666095733643e-01 -1.557100564241409302e-01 8.460212498903274536e-03 1.186276674270629883e-01 -1.817978471517562866e-01 -4.008268415927886963e-01 -6.713937968015670776e-02 2.133007347583770752e-02 7.076840102672576904e-02 -2.980769872665405273e-01 -4.361071884632110596e-01 -3.716442734003067017e-02 1.085972934961318970e-01 1.415295898914337158e-02 5.599189996719360352e-01 5.106233060359954834e-02 2.939045131206512451e-01 -5.070999264717102051e-02 3.052746057510375977e-01 2.573007643222808838e-01 2.528561651706695557e-01
-6.219320297241210938e-01 -4.292807728052139282e-02 -4.491222649812698364e-02 -6.985329985618591309e-01 -2.485543340444564819e-01 2.481521964073181152e-01 -7.835373282432556152e-02 -2.732197642326354980e-01 -3.229656517505645752e-01 4.151910543441772461e-01 -4.969591796398162842e-01 2.312707304954528809e-01 2.274797111749649048e-01 4.191548824310302734e-01 -2.696509361267089844e-01 -2.752241194248199463e-01 4.263456761837005615e-01 -3.235787153244018555e-04 -2.863923609256744385e-01 8.374024927616119385e-02 4.421620368957519531e-01 9.045018255710601807e-02 -6.414579749107360840e-01 -1.486155241727828979e-01 -9.505695104598999023e-02 1.240320205688476562e-01 -2.061563581228256226e-01 2.721819877624511719e-01 -3.045613169670104980e-01 -2.235364764928817749e-01 -2.155915349721908569e-01 2.739881575107574463e-01 3.535231351852416992e-01 3.147382736206054688e-01 -3.516488075256347656e-01 4.888600707054138184e-01 6.757530570030212402e-02 6.936172954738140106e-03 3.647352755069732666e-02 2.236335128545761108e-01 -2.681244313716888428e-01 -2.419477254152297974e-01 3.243377208709716797e-01 9.315934777259826660e-02 -3.516934812068939209e-01 2.831560969352722168e-01 -5.540182068943977356e-02 -2.172917872667312622e-02 -3.608850836753845215e-01 1.256417930126190186e-01 -9.746916592121124268e-02 1.945186704397201538e-01 -2.797063589096069336e-01 -2.863850891590118408e-01 1.767022013664245605e-01 5.406067371368408203e-01 -1.290602982044219971e-01 5.089841485023498535e-01 1.551470756530761719e-01 2.866184413433074951e-01 -1.337658762931823730e-01 4.201244711875915527e-01 2.256320118904113770e-01 2.056512087583541870e-01
-3.784750103950500488e-01 -7.010374218225479126e-02 -1.246076077222824097e-02 -8.110587596893310547e-01 -4.847286641597747803e-02 -2.517391741275787354e-01 8.416184782981872559e-02 -4.352264106273651123e-01 -2.548677027225494385e-01 1.220403984189033508e-01 -2.568259835243225098e-01 1.248954162001609802e-01 2.138649970293045044e-01 3.452300131320953369e-01 8.826844394207000732e-02 -2.783341407775878906e-01 1.520369499921798706e-01 3.026518821716308594e-01 -5.356588363647460938e-01 1.851204633712768555e-01 3.970699906349182129e-01 1.240234673023223877e-01 -5.119224190711975098e-01 -2.246291935443878174e-02 1.896071732044219971e-01 -4.045302271842956543e-01 2.806192040443420410e-01 -3.574459552764892578e-01 -1.516866832971572876e-01 3.735044002532958984e-01 -1.922644488513469696e-02 1.567913591861724854e-01 6.223254799842834473e-01 4.906547069549560547e-02 4.135835915803909302e-02 6.304751038551330566e-01 4.001385569572448730e-01 -1.214351803064346313e-01 -4.355687499046325684e-01 3.833241760730743408e-01 1.869175732135772705e-01 -5.478019714355468750e-01 4.048986434936523438e-01 -6.539223194122314453e-01 -3.387544304132461548e-02 -1.693294197320938110e-01 6.532315611839294434e-01 9.018493443727493286e-02 -6.530070304870605469e-01 -2.031593024730682373e-01 -8.204706013202667236e-02 -3.441568017005920410e-01 -2.865365743637084961e-01 -2.906666100025177002e-01 2.042276859283447266e-01 4.216410517692565918e-01 -1.241973042488098145e-02 3.079882860183715820e-01 -9.352987259626388550e-02 -1.919721812009811401e-02 -1.326946318149566650e-01 3.265776634216308594e-01 1.304429769515991211e-01 3.403109908103942871e-01
-5.207831263542175293e-01 -3.637764602899551392e-02 -2.302614599466323853e-02 -4.774226546287536621e-01 8.792482316493988037e-02 3.427292406558990479e-01 -5.778239667415618896e-02 -3.205362856388092041e-01 -3.884679973125457764e-01 2.643585205078125000e-01 -3.073521256446838379e-01 5.762346833944320679e-02 1.740185618400573730e-01 6.598637253046035767e-02 -2.188029289245605469e-01 -3.709599375724792480e-01 -1.378396758809685707e-03 1.823442578315734863e-01 -5.076662898063659668e-01 -1.145397275686264038e-01 3.149407804012298584e-01 2.639479041099548340e-01 -5.329074263572692871e-01 -2.715076506137847900e-01 -1.179650705307722092e-02 -3.635686635971069336e-02 -3.012789878994226456e-03 -6.948150694370269775e-03 -3.671505451202392578e-01 1.447085589170455933e-01 -1.302625983953475952e-01 2.768109738826751709e-01 5.107626914978027344e-01 -1.252087503671646118e-01 -6.835533678531646729e-02 4.714560508728027344e-01 3.311340808868408203e-01 -1.527473777532577515e-01 -3.106966018676757812e-01 4.269411563873291016e-01 -2.766271829605102539e-01 -4.669630229473114014e-01 3.142702579498291016e-01 -4.492351114749908447e-01 -5.047705173492431641e-01 -3.912919387221336365e-02 -3.411516919732093811e-02 7.649200409650802612e-02 -3.634164035320281982e-01 9.704381227493286133e-05 -1.819208860397338867e-01 -2.265505194664001465e-01 -3.087665438652038574e-01 -4.013803601264953613e-01 3.247079849243164062e-01 4.747796654701232910e-01 -1.398360431194305420e-01 2.658714652061462402e-01 1.203004047274589539e-01 1.598063856363296509e-02 -8.545073866844177246e-02 4.069851636886596680e-01 2.678630352020263672e-01 1.829797923564910889e-01
-6.634417176246643066e-01 1.528228521347045898e-01 -1.846275627613067627e-01 -9.901625514030456543e-01 -1.525502800941467285e-01 5.797105282545089722e-02 -1.437407881021499634e-01 -4.700174331665039062e-01 -2.210841923952102661e-01 6.046058535575866699e-01 -4.928524196147918701e-01 3.966579437255859375e-01 3.331769406795501709e-01 5.806314945220947266e-01 2.350186556577682495e-01 -4.877066612243652344e-02 1.954184174537658691e-01 -2.268436253070831299e-01 -3.714245855808258057e-01 -4.102982580661773682e-02 3.764449954032897949e-01 1.034226268529891968e-01 -5.406799912452697754e-01 5.676635354757308960e-02 -2.347135916352272034e-02 -3.708662465214729309e-02 3.405514657497406006e-01 -3.175254911184310913e-02 -1.089636981487274170e-01 -1.877174377441406250e-01 -1.905562877655029297e-01 3.195270597934722900e-01 5.099945068359375000e-01 7.865865528583526611e-02 -2.073196619749069214e-01 8.085536956787109375e-01 1.112456470727920532e-01 -3.586479648947715759e-02 -1.702558100223541260e-01 5.073804035782814026e-02 -7.768077403306961060e-02 -5.055513978004455566e-01 3.504235744476318359e-01 -2.139016091823577881e-01 8.022622764110565186e-02 -1.200593262910842896e-01 6.793884634971618652e-01 -2.213472127914428711e-01 -9.240003824234008789e-01 -1.880266368389129639e-01 -1.630434393882751465e-02 -3.026905655860900879e-02 -5.927450060844421387e-01 -1.103490516543388367e-01 -3.693274855613708496e-01 2.206147164106369019e-01 -2.095029205083847046e-01 5.103738903999328613e-01 -3.967850208282470703e-01 1.951827108860015869e-01 1.940360479056835175e-02 2.089551538228988647e-01 1.210767030715942383e-01 -1.335679143667221069e-01
-4.399079978466033936e-01 -9.125090390443801880e-02 -4.349824786186218262e-01 -6.179704070091247559e-01 -1.476569175720214844e-01 -1.362495683133602142e-02 2.567533850669860840e-01 -3.187007009983062744e-01 -4.353124797344207764e-01 2.823004722595214844e-01 -3.566578030586242676e-01 2.042591273784637451e-01 -1.496258676052093506e-01 -4.331806302070617676e-02 -1.463443338871002197e-01 -9.567670524120330811e-02 -2.721182703971862793e-01 -1.154550313949584961e-01 -5.568473339080810547e-01 -1.943369954824447632e-02 4.322559237480163574e-01 2.350054383277893066e-01 -5.101833343505859375e-01 -1.868862658739089966e-02 5.182337388396263123e-02 9.246587753295898438e-02 5.886697769165039062e-01 -5.332593917846679688e-01 3.682758286595344543e-02 1.530561149120330811e-01 3.060270249843597412e-01 2.409051656723022461e-01 1.040958017110824585e-01 9.619250893592834473e-03 2.640823721885681152e-01 5.774675011634826660e-01 1.973312795162200928e-01 -2.548278123140335083e-02 -4.239024221897125244e-02 -4.558753594756126404e-02 -9.465077519416809082e-02 -7.641347646713256836e-01 2.851039171218872070e-01 -2.709183096885681152e-01 -2.350822985172271729e-01 -3.212069571018218994e-01 3.030260503292083740e-01 3.452410399913787842e-01 -4.410654008388519287e-01 -2.956421971321105957e-01 -2.303013950586318970e-01 -2.217683196067810059e-01 -3.184105753898620605e-01 -3.981895744800567627e-01 -1.973749995231628418e-01 2.603635787963867188e-01 -9.346990287303924561e-02 1.660423278808593750e-01 1.553149521350860596e-02 -6.374528259038925171e-02 -5.670770257711410522e-02 2.741267085075378418e-01 8.017179369926452637e-02 3.747091889381408691e-01
-3.590391278266906738e-01 -3.012594878673553467e-01 -4.789064526557922363e-01 -6.586241126060485840e-01 -4.461370706558227539e-01 1.837239973247051239e-02 3.615092635154724121e-01 -9.043365716934204102e-02 -3.447455465793609619e-01 1.813994944095611572e-01 -5.697471499443054199e-01 1.026413440704345703e-01 -3.608970642089843750e-01 -5.885320156812667847e-02 -2.677722275257110596e-01 -1.322137713432312012e-01 -2.570368051528930664e-01 -1.298147141933441162e-01 -1.218082383275032043e-01 4.134983420372009277e-01 1.316314041614532471e-01 1.030979007482528687e-01 -1.634425073862075806e-01 4.776764214038848877e-01 3.123235404491424561e-01 1.620691567659378052e-01 3.056690692901611328e-01 -6.002165079116821289e-01 6.347367912530899048e-02 -5.677135288715362549e-02 2.152046710252761841e-01 4.289960563182830811e-01 -1.325312554836273193e-01 2.015725225210189819e-01 6.385543346405029297e-01 5.259541273117065430e-01 -9.885795414447784424e-03 -7.150425761938095093e-02 5.233463644981384277e-01 -3.255086243152618408e-01 3.219285011291503906e-01 -7.707507610321044922e-01 1.929631084203720093e-01 1.890078485012054443e-01 -1.674981415271759033e-01 -2.175653725862503052e-01 3.919532299041748047e-01 4.412084817886352539e-01 -4.108557999134063721e-01 -4.815756678581237793e-01 -5.881496146321296692e-02 -2.436413317918777466e-01 -1.180994808673858643e-01 -1.751392483711242676e-01 -2.637819647789001465e-01 4.187017083168029785e-01 2.652170956134796143e-01 2.832695245742797852e-01 1.473854482173919678e-01 -7.704377174377441406e-02 -2.652352750301361084e-01 1.407053619623184204e-01 -2.067033946514129639e-01 4.193897545337677002e-01
-3.883523046970367432e-01 -6.295765936374664307e-02 -2.415598928928375244e-01 -5.797862410545349121e-01 -6.312660872936248779e-02 1.933861672878265381e-01 3.028368949890136719e-01 -2.118897140026092529e-01 -2.891671359539031982e-01 1.551342308521270752e-01 -5.347754359245300293e-01 -7.910449057817459106e-02 -2.910353243350982666e-01 -4.566819965839385986e-02 -1.807252168655395508e-01 5.896560102701187134e-02 -2.169439941644668579e-01 -1.277481615543365479e-01 -1.796149909496307373e-01 3.560984134674072266e-01 8.659069240093231201e-02 9.605059027671813965e-02 -2.261687219142913818e-01 2.912303805351257324e-01 3.015375137329101562e-02 -4.365299642086029053e-02 3.129491209983825684e-01 -3.920075297355651855e-01 -1.353074163198471069e-01 -4.639036953449249268e-03 8.071865886449813843e-04 2.560667693614959717e-01 1.942482739686965942e-01 3.604573011398315430e-01 5.500505566596984863e-01 2.513200938701629639e-01 3.623038232326507568e-01 1.050461232662200928e-01 1.464227586984634399e-01 -1.943659633398056030e-01 -4.497242718935012817e-02 -6.766693592071533203e-01 4.858201742172241211e-01 1.349278539419174194e-02 -5.445609688758850098e-01 -1.461827009916305542e-01 3.776555657386779785e-01 3.542800843715667725e-01 -2.831835448741912842e-01 -2.892941832542419434e-01 -7.224233448505401611e-02 2.328741103410720825e-01 -3.491960167884826660e-01 -3.175550401210784912e-01 1.413115561008453369e-01 2.057313770055770874e-01 -6.001765280961990356e-02 2.310444116592407227e-01 3.287850618362426758e-01 1.357024312019348145e-01 1.499631069600582123e-02 2.478959411382675171e-01 1.825225949287414551e-01 2.571327984333038330e-01
-5.294146537780761719e-01 -2.794945836067199707e-01 -3.357375860214233398e-01 -7.288683652877807617e-01 -2.874853610992431641e-01 -1.360795646905899048e-01 2.014927268028259277e-01 -3.525161743164062500e-01 -4.081152975559234619e-01 1.981204152107238770e-01 -4.074753820896148682e-01 2.290841639041900635e-01 -1.544283926486968994e-01 4.738856106996536255e-02 -1.186138540506362915e-01 -2.706617414951324463e-01 -3.797263503074645996e-01 -1.884808838367462158e-01 -3.766309618949890137e-01 1.659370660781860352e-01 3.521802425384521484e-01 -2.422027476131916046e-02 -3.548238575458526611e-01 2.487343102693557739e-01 1.028328537940979004e-01 1.610065251588821411e-02 3.176730573177337646e-01 -3.287860751152038574e-01 7.534053921699523926e-02 1.380389332771301270e-01 2.849337756633758545e-01 3.152138590812683105e-01 1.280707120895385742e-01 2.606987357139587402e-01 2.128339856863021851e-01 4.157695472240447998e-01 1.845774352550506592e-01 -1.228649690747261047e-01 2.038868814706802368e-01 -1.124282032251358032e-01 1.092155650258064270e-01 -7.769966125488281250e-01 4.895759224891662598e-01 -1.370188593864440918e-02 -2.135135680437088013e-01 -4.454873129725456238e-02 3.929407596588134766e-01 5.431638956069946289e-01 -5.648207664489746094e-01 -1.616211682558059692e-01 -1.340261697769165039e-01 -1.833829283714294434e-01 -2.210679650306701660e-02 -1.992484629154205322e-01 -2.042890191078186035e-01 3.460173606872558594e-01 5.442560091614723206e-02 2.550284862518310547e-01 -9.381311386823654175e-02 -2.119290679693222046e-01 -1.051820740103721619e-01 4.235446453094482422e-01 1.062951385974884033e-01 3.354397416114807129e-01
-7.911257743835449219e-01 2.692017555236816406e-01 -2.820156216621398926e-01 -6.243535876274108887e-01 -5.372586101293563843e-02 1.074016392230987549e-01 -3.351941704750061035e-02 -3.189153075218200684e-01 -2.157826572656631470e-01 5.117175579071044922e-01 -6.154077053070068359e-01 3.580928146839141846e-01 1.173994690179824829e-01 4.740601181983947754e-01 -7.817390561103820801e-02 3.900603391230106354e-03 -1.740897633135318756e-02 -2.253111600875854492e-01 -4.403717219829559326e-01 -8.272299543023109436e-03 2.439079731702804565e-01 -1.664956510066986084e-01 -4.704382121562957764e-01 -6.236162781715393066e-02 5.349287018179893494e-02 -4.826920107007026672e-02 2.552243173122406006e-01 5.765280872583389282e-02 -1.841528564691543579e-01 -1.749392002820968628e-01 1.890236325562000275e-02 1.645843386650085449e-01 4.866831004619598389e-01 2.981497645378112793e-01 -1.450978666543960571e-01 4.517458379268646240e-01 2.126661539077758789e-01 -2.388020977377891541e-02 -1.943269968032836914e-01 -9.691555798053741455e-02 -2.601800262928009033e-01 -5.591170787811279297e-01 5.868731737136840820e-01 -5.786038935184478760e-02 -2.409625239670276642e-02 -1.697532534599304199e-01 2.354431152343750000e-01 1.390501856803894043e-04 -5.356827974319458008e-01 6.898470222949981689e-03 -6.177052855491638184e-03 1.991693675518035889e-01 -3.585295081138610840e-01 -1.864267289638519287e-01 -3.034065663814544678e-01 7.974847406148910522e-02 7.413285970687866211e-02 5.617921948432922363e-01 -2.517976462841033936e-01 9.502729028463363647e-02 -6.915624439716339111e-02 3.991107940673828125e-01 3.325385153293609619e-01 1.416740268468856812e-01
-6.907296180725097656e-01 -2.050972580909729004e-01 4.765612632036209106e-02 -7.817154526710510254e-01 -2.924872338771820068e-01 -3.228755295276641846e-02 8.895049989223480225e-02 -3.386358022689819336e-01 -4.786035716533660889e-01 4.963307380676269531e-01 -3.509916961193084717e-01 5.581375956535339355e-02 -7.066614925861358643e-02 3.844889700412750244e-01 5.088438466191291809e-02 -1.156097650527954102e-01 -2.466219663619995117e-01 -2.518738508224487305e-01 -1.437124013900756836e-01 1.700887978076934814e-01 3.129847347736358643e-02 -2.213497310876846313e-01 -1.175145432353019714e-01 4.477394819259643555e-01 -1.478191018104553223e-01 -1.839564740657806396e-01 2.195521630346775055e-02 1.820435822010040283e-01 -2.681856453418731689e-01 -4.628981649875640869e-02 5.537332966923713684e-03 4.087810218334197998e-01 3.787766098976135254e-01 4.311570525169372559e-01 -1.217386126518249512e-01 1.514872312545776367e-01 3.099766671657562256e-01 -7.940093986690044403e-03 1.915334016084671021e-01 -3.716419637203216553e-01 -4.675675183534622192e-03 -5.134849548339843750e-01 6.206076145172119141e-01 -6.695002317428588867e-03 -4.007581770420074463e-01 3.487486839294433594e-01 5.700329542160034180e-01 2.017591595649719238e-01 -6.920826435089111328e-01 9.800661355257034302e-02 5.557334423065185547e-02 3.922594785690307617e-01 7.797926664352416992e-03 7.368236780166625977e-03 -1.718365550041198730e-01 1.428699642419815063e-01 2.271909266710281372e-01 5.251140594482421875e-01 1.745491623878479004e-01 -3.731434792280197144e-02 1.320501863956451416e-01 4.037632346153259277e-01 3.111020922660827637e-01 6.746816635131835938e-02
-8.622850775718688965e-01 1.359488666057586670e-01 -8.150037378072738647e-02 -5.211977362632751465e-01 -1.973454803228378296e-01 1.065997630357742310e-01 3.695508092641830444e-02 -5.039768218994140625e-01 -5.871096849441528320e-01 2.294305115938186646e-01 -5.113753080368041992e-01 1.103550046682357788e-01 -4.611128196120262146e-02 3.970734477043151855e-01 -2.091929912567138672e-01 -1.875839382410049438e-01 -3.024637103080749512e-01 -3.716693818569183350e-02 -3.634575307369232178e-01 3.853684961795806885e-01 1.064773872494697571e-01 -1.934074312448501587e-01 -2.162386178970336914e-01 7.849199175834655762e-01 6.165586039423942566e-02 -4.467781782150268555e-01 -1.788110733032226562e-01 -5.939801782369613647e-02 -1.739875525236129761e-01 1.196618005633354187e-02 -4.049926251173019409e-02 3.089537620544433594e-01 7.657107710838317871e-01 4.755955934524536133e-01 1.421653330326080322e-01 -3.381850570440292358e-02 3.931499421596527100e-01 -1.327133476734161377e-01 -1.215875744819641113e-01 -2.389458566904067993e-01 -9.251321107149124146e-02 -5.841016769409179688e-01 6.761577725410461426e-01 -9.296685457229614258e-04 -2.173668146133422852e-01 -5.123950541019439697e-03 4.000969827175140381e-01 2.726812958717346191e-01 -4.109579920768737793e-01 1.304066479206085205e-01 1.561559289693832397e-01 4.164095222949981689e-01 1.081893295049667358e-01 -1.778610497713088989e-01 -6.524099409580230713e-02 1.917335987091064453e-01 8.571135997772216797e-02 4.460892081260681152e-01 2.472312748432159424e-01 3.769861906766891479e-02 -2.060560435056686401e-01 4.402639865875244141e-01 2.777748107910156250e-01 3.704467415809631348e-02
-6.832759380340576172e-01 -1.646270155906677246e-01 -2.086067795753479004e-01 -5.606208443641662598e-01 -4.199663400650024414e-01 3.050722181797027588e-01 2.476202696561813354e-01 -2.610472738742828369e-01 -7.477794885635375977e-01 2.917654216289520264e-01 -3.076095581054687500e-01 1.696281731128692627e-01 1.036155968904495239e-01 -1.361733525991439819e-01 -1.110914796590805054e-01 -3.190374374389648438e-01 -7.599600404500961304e-02 -1.227950826287269592e-01 -4.904392659664154053e-01 -2.127691805362701416e-01 1.724023073911666870e-01 3.189040124416351318e-01 -6.411352008581161499e-02 1.211103945970535278e-01 -2.839517295360565186e-01 -7.976993918418884277e-03 -8.768575638532638550e-02 -8.539377897977828979e-02 -4.743541404604911804e-02 -3.339436650276184082e-02 1.511388458311557770e-02 1.567898392677307129e-01 5.481423735618591309e-01 2.116203457117080688e-01 2.287530004978179932e-01 5.784854292869567871e-01 4.649138450622558594e-02 9.355166554450988770e-02 -1.622081398963928223e-01 3.739133775234222412e-01 -3.898292779922485352e-01 -7.021461725234985352e-01 3.212831020355224609e-01 -3.429136276245117188e-01 -5.253604054450988770e-02 -7.559008896350860596e-02 3.378225862979888916e-02 6.090911477804183960e-02 -5.394967794418334961e-01 -3.040884435176849365e-02 1.019402742385864258e-01 -1.341572999954223633e-01 -3.713487982749938965e-01 -4.266401529312133789e-01 1.504505574703216553e-01 3.235394060611724854e-01 1.399036869406700134e-02 4.767441749572753906e-01 1.654311716556549072e-01 1.403275430202484131e-01 -2.037878781557083130e-01 2.873417139053344727e-01 2.066374942660331726e-02 4.038417041301727295e-01
-7.479413151741027832e-01 -7.865983992815017700e-02 1.288184523582458496e-01 -5.767109990119934082e-01 -7.790224254131317139e-02 6.352072954177856445e-01 -2.888920903205871582e-02 -2.321653068065643311e-01 -4.592233002185821533e-01 4.406468570232391357e-01 -3.112555444240570068e-01 -5.522087961435317993e-02 -1.887242123484611511e-02 1.640849113464355469e-01 -2.485204935073852539e-01 5.428814888000488281e-02 -1.789970137178897858e-02 8.336720615625381470e-02 -4.080298840999603271e-01 -1.342826187610626221e-01 4.509432315826416016e-01 6.419995427131652832e-02 -3.608233630657196045e-01 -8.213792741298675537e-02 -4.862214624881744385e-01 1.850407868623733521e-01 -1.869664192199707031e-01 4.141618609428405762e-01 -1.065787971019744873e-01 -1.592683643102645874e-01 8.627374470233917236e-02 2.760306298732757568e-01 3.289377689361572266e-01 1.894877851009368896e-02 -3.200023174285888672e-01 2.934392541646957397e-02 1.376408785581588745e-01 1.173102296888828278e-03 4.727420210838317871e-02 1.279828399419784546e-01 -6.222376823425292969e-01 -1.795047372579574585e-01 3.526632189750671387e-01 -4.277047514915466309e-02 -6.717119812965393066e-01 5.688958242535591125e-02 7.139240205287933350e-02 1.828525960445404053e-01 -2.874720096588134766e-01 1.671259999275207520e-01 7.999190688133239746e-02 2.246297746896743774e-01 -2.785238027572631836e-01 -3.909373581409454346e-01 1.827693879604339600e-01 1.168747097253799438e-01 -1.745001226663589478e-01 5.141351819038391113e-01 2.197922393679618835e-02 3.983742892742156982e-01 -2.565693855285644531e-01 2.447663992643356323e-01 5.525573492050170898e-01 7.633027434349060059e-02
-6.025794148445129395e-01 -1.409065574407577515e-01 -8.904239535331726074e-02 -3.907464146614074707e-01 1.987643688917160034e-01 4.945451393723487854e-03 -1.242603510618209839e-01 -3.940798640251159668e-01 -5.545551180839538574e-01 2.154861390590667725e-01 -2.820717990398406982e-01 1.212588027119636536e-01 1.846036314964294434e-01 1.520194411277770996e-01 -3.960326015949249268e-01 -4.090977013111114502e-01 8.474230021238327026e-02 1.435540020465850830e-01 -4.472728073596954346e-01 1.556211411952972412e-01 2.337570637464523315e-01 1.181199252605438232e-01 -5.320746302604675293e-01 -1.380982398986816406e-01 8.553521335124969482e-02 -1.447449922561645508e-01 -1.686190068721771240e-01 -2.207559347152709961e-02 -3.415268957614898682e-01 1.759023964405059814e-01 -7.454618811607360840e-02 1.197795718908309937e-01 6.498374342918395996e-01 2.026210874319076538e-01 -7.541298866271972656e-02 4.707247912883758545e-01 2.938115000724792480e-01 -2.318121194839477539e-01 -3.944994807243347168e-01 3.434448242187500000e-01 -1.514995098114013672e-01 -6.110291481018066406e-01 3.405101895332336426e-01 -2.421296238899230957e-01 -5.760763287544250488e-01 2.756047621369361877e-02 -1.788358390331268311e-01 9.607081860303878784e-02 -3.591667115688323975e-01 4.003406316041946411e-02 -1.117251068353652954e-01 -1.194791868329048157e-01 7.260469347238540649e-02 -5.570489168167114258e-01 1.245447024703025818e-01 5.104683041572570801e-01 1.243821680545806885e-01 3.756307363510131836e-01 1.517533659934997559e-01 2.021926045417785645e-01 -1.746747046709060669e-01 5.341517925262451172e-01 -5.366446077823638916e-02 2.018256187438964844e-01
-7.278310060501098633e-01 -6.621276587247848511e-02 -3.141520917415618896e-01 -4.690401554107666016e-01 -9.434770792722702026e-02 1.037809401750564575e-01 1.977441608905792236e-01 -2.656973898410797119e-01 -5.222046971321105957e-01 3.891602754592895508e-01 -5.310428142547607422e-01 1.596512794494628906e-01 -1.674082279205322266e-01 2.836328148841857910e-01 -1.174700707197189331e-01 -1.993366479873657227e-01 -3.643442690372467041e-01 -2.398996055126190186e-01 -2.208350300788879395e-01 1.134802401065826416e-01 4.012575745582580566e-02 -1.584640145301818848e-01 -2.550960779190063477e-01 2.455103099346160889e-01 6.332856416702270508e-02 -1.129816100001335144e-01 1.644636988639831543e-01 -8.748392015695571899e-02 -2.256153672933578491e-01 -7.854561507701873779e-02 2.041402608156204224e-01 2.089384347200393677e-01 3.037509918212890625e-01 4.621827602386474609e-01 2.294219285249710083e-02 2.975453436374664307e-01 3.925580084323883057e-01 -9.338456392288208008e-02 3.472790122032165527e-02 -3.171970248222351074e-01 4.985001310706138611e-02 -7.024396657943725586e-01 6.178588867187500000e-01 -1.203155666589736938e-01 -9.847370535135269165e-02 -4.129971191287040710e-02 3.506609201431274414e-01 2.221605777740478516e-01 -6.045528054237365723e-01 -6.081475317478179932e-02 1.175092011690139771e-01 1.385234147310256958e-01 -2.241652458906173706e-01 -1.576457917690277100e-01 -3.242950737476348877e-01 1.600178778171539307e-01 1.844199150800704956e-01 4.535996913909912109e-01 -8.852957189083099365e-02 -1.570195853710174561e-01 -3.600650280714035034e-02 4.795198440551757812e-01 2.933242022991180420e-01 1.654099822044372559e-01
-3.195127844810485840e-01 -5.294658541679382324e-01 -4.020206034183502197e-01 -5.142365097999572754e-01 -3.490588068962097168e-01 1.560249626636505127e-01 3.639906644821166992e-01 -1.736877560615539551e-01 -5.861108303070068359e-01 4.391805827617645264e-02 -4.374174773693084717e-01 1.482528448104858398e-02 -2.171814143657684326e-01 -4.015330672264099121e-01 -4.394049048423767090e-01 -3.793395757675170898e-01 -2.338333576917648315e-01 5.511996895074844360e-02 -3.204193711280822754e-01 5.961970612406730652e-02 3.741949796676635742e-01 2.687061727046966553e-01 -3.415882289409637451e-01 1.919701993465423584e-01 -1.321487128734588623e-01 4.230599850416183472e-02 -5.663882568478584290e-02 -2.163528800010681152e-01 -1.170658022165298462e-01 1.588933020830154419e-01 3.354073688387870789e-02 2.990477681159973145e-01 1.289099454879760742e-01 3.044638633728027344e-01 3.523295521736145020e-01 4.484347701072692871e-01 8.711028099060058594e-02 -6.773748248815536499e-02 5.459329485893249512e-02 1.111888289451599121e-01 -2.968807220458984375e-01 -7.424771785736083984e-01 2.355256825685501099e-01 -2.926588356494903564e-01 -3.822126686573028564e-01 -6.480669975280761719e-02 -6.897956132888793945e-02 4.954445362091064453e-01 -4.632084369659423828e-01 -1.728078126907348633e-01 1.013855636119842529e-02 -1.297932416200637817e-01 -1.845038384199142456e-01 -3.576426506042480469e-01 2.442750334739685059e-01 4.997025728225708008e-01 -1.457146927714347839e-02 2.915316224098205566e-01 2.347552478313446045e-01 2.688225358724594116e-02 9.493805468082427979e-03 3.827085494995117188e-01 1.664378196001052856e-01 5.563739538192749023e-01
