-3.118133544921875000e-01 -4.450603127479553223e-01 -3.851659297943115234e-01 -2.062755525112152100e-01 -1.096527427434921265e-01 1.317871510982513428e-01 3.621966242790222168e-01 -1.975682377815246582e-01 -5.989285111427307129e-01 -5.123614519834518433e-02 -5.348073840141296387e-01 -2.002670764923095703e-01 -2.929923534393310547e-01 -3.728845119476318359e-01 -7.370146512985229492e-01 -5.037602186203002930e-01 -5.349234342575073242e-01 -1.210409998893737793e-01 -4.534186422824859619e-01 8.408591151237487793e-02 4.653838276863098145e-01 3.165260255336761475e-01 -4.949665069580078125e-01 4.890643954277038574e-01 2.054815888404846191e-01 1.744485646486282349e-01 2.080269344151020050e-02 -2.458156645298004150e-01 -2.279441803693771362e-01 -3.458020091056823730e-02 2.452927678823471069e-01 4.682759940624237061e-01 1.876399964094161987e-01 3.014624118804931641e-01 3.675232529640197754e-01 3.827752768993377686e-01 -3.918568789958953857e-02 -1.461970210075378418e-01 -1.083844900131225586e-02 8.259653300046920776e-02 -2.417352199554443359e-01 -7.044619321823120117e-01 3.433936238288879395e-01 -1.586667895317077637e-01 -4.137560427188873291e-01 -2.483392879366874695e-02 -6.706766784191131592e-02 7.249937653541564941e-01 -5.652055740356445312e-01 -1.971972286701202393e-01 5.039153993129730225e-02 -5.045906454324722290e-02 6.376084685325622559e-02 -4.177573621273040771e-01 9.220393747091293335e-02 4.834728240966796875e-01 -1.429357081651687622e-01 3.710570186376571655e-02 4.627194702625274658e-01 -3.999340236186981201e-01 2.102162092924118042e-01 4.403417110443115234e-01 1.158264875411987305e-01 4.999971985816955566e-01
-3.731242418289184570e-01 -3.865216672420501709e-01 -3.612125515937805176e-01 -7.617663145065307617e-01 -1.141302362084388733e-01 -5.366626381874084473e-02 1.795454919338226318e-01 -2.280044853687286377e-01 -5.853468775749206543e-01 2.171733081340789795e-01 -4.753341972827911377e-01 1.490738391876220703e-01 -1.459054946899414062e-01 -6.336601078510284424e-02 -1.342824101448059082e-01 -2.559041678905487061e-01 -2.906859219074249268e-01 -2.102082371711730957e-01 -1.673856377601623535e-01 3.358255922794342041e-01 3.059623837471008301e-01 1.320276856422424316e-01 -2.014209628105163574e-01 5.011443495750427246e-01 4.147142469882965088e-01 -1.593931317329406738e-01 1.544859409332275391e-01 -6.408124566078186035e-01 1.243108510971069336e-01 -1.943927258253097534e-02 7.605220377445220947e-02 5.927953720092773438e-01 2.978050112724304199e-01 1.884078532457351685e-01 5.881018638610839844e-01 4.743273556232452393e-01 2.897859513759613037e-01 -5.497560650110244751e-02 3.946325778961181641e-01 -2.496046572923660278e-01 2.796379327774047852e-01 -8.048934936523437500e-01 1.549646556377410889e-01 -1.103532314300537109e-02 -3.667034506797790527e-01 -8.083313703536987305e-02 5.996571779251098633e-01 4.015562534332275391e-01 -4.542538821697235107e-01 -3.070519268512725830e-01 -3.550000488758087158e-03 -2.694370448589324951e-01 -4.662457853555679321e-02 -2.896023094654083252e-01 4.196941107511520386e-02 5.387648940086364746e-01 5.377983674407005310e-02 2.884632349014282227e-01 1.760599911212921143e-01 -1.757983118295669556e-01 -2.904079258441925049e-01 2.944150567054748535e-01 -1.901675164699554443e-01 1.205856651067733765e-01
-9.238793253898620605e-01 1.574351191520690918e-01 -3.373877406120300293e-01 -5.519271492958068848e-01 5.821983516216278076e-02 3.121437728404998779e-01 3.677731752395629883e-02 -2.890044152736663818e-01 -6.072245836257934570e-01 6.751236319541931152e-01 -3.212915658950805664e-01 2.103072702884674072e-01 -5.263471975922584534e-02 2.361204624176025391e-01 -4.138579964637756348e-02 2.433267384767532349e-01 1.726305484771728516e-02 -3.644171059131622314e-01 -3.082968592643737793e-01 6.450758315622806549e-03 1.040637046098709106e-01 -3.223326802253723145e-02 -1.497454643249511719e-01 4.609104245901107788e-02 -2.103750705718994141e-01 -1.178474202752113342e-01 5.194120109081268311e-02 6.988374143838882446e-02 -5.231214687228202820e-02 -4.246259927749633789e-01 -9.191410988569259644e-02 -1.189184412360191345e-01 5.876474976539611816e-01 -1.264375820755958557e-02 -3.772191703319549561e-02 1.516963690519332886e-01 3.477277457714080811e-01 2.047993540763854980e-01 -3.754214048385620117e-01 -3.832036629319190979e-02 -4.838895797729492188e-01 -4.702389240264892578e-01 3.911828994750976562e-01 -3.675170242786407471e-02 -4.974729716777801514e-01 1.036342829465866089e-01 2.081794887781143188e-01 -2.357806861400604248e-01 -4.783043861389160156e-01 1.565098166465759277e-01 1.145686805248260498e-01 5.829938650131225586e-01 -2.354375869035720825e-01 -5.126591324806213379e-01 2.144421637058258057e-02 -1.419684886932373047e-01 1.488935053348541260e-01 6.906256675720214844e-01 2.137472033500671387e-01 4.751820266246795654e-01 -2.941958606243133545e-01 -2.030036598443984985e-02 2.307048290967941284e-01 -1.705238670110702515e-01
-6.975629329681396484e-01 1.194872036576271057e-01 1.517451703548431396e-01 -6.275020241737365723e-01 -4.516706615686416626e-02 4.249538481235504150e-01 -2.185254544019699097e-01 -2.588139772415161133e-01 -3.150232732295989990e-01 5.891161561012268066e-01 -3.690688312053680420e-01 -1.062675043940544128e-01 -9.094123542308807373e-02 5.131509900093078613e-01 8.661049604415893555e-02 9.305992722511291504e-02 2.298347502946853638e-01 2.520473599433898926e-01 -1.808695197105407715e-01 2.252482622861862183e-02 3.439446091651916504e-01 -9.089705348014831543e-02 -5.071688294410705566e-01 1.033320724964141846e-01 -1.425455808639526367e-01 -4.291173219680786133e-01 -2.983755767345428467e-01 1.839849650859832764e-01 -4.551278948783874512e-01 -1.130013763904571533e-01 -2.345251105725765228e-02 3.347961902618408203e-01 5.769906640052795410e-01 1.468354463577270508e-01 -5.199270248413085938e-01 -9.572175890207290649e-02 5.218945741653442383e-01 -5.210690200328826904e-02 1.072817742824554443e-01 -2.070367783308029175e-01 -3.547487258911132812e-01 -4.305790364742279053e-02 3.776953220367431641e-01 -2.840634882450103760e-01 -5.958330631256103516e-01 3.048841655254364014e-01 4.937579929828643799e-01 -2.118498086929321289e-03 -2.765548229217529297e-01 2.704351842403411865e-01 2.802581191062927246e-01 5.038619637489318848e-01 -3.070636391639709473e-01 -2.507028877735137939e-01 2.274473011493682861e-01 1.448539197444915771e-01 -6.360033154487609863e-02 6.368883848190307617e-01 1.076254919171333313e-01 3.199695646762847900e-01 -3.453488349914550781e-01 2.967604994773864746e-01 5.432509779930114746e-01 -3.840586915612220764e-02
-7.573840022087097168e-01 6.013389676809310913e-02 -4.432528614997863770e-01 -7.220421433448791504e-01 -1.907984167337417603e-01 7.630548626184463501e-02 5.065113678574562073e-02 -5.725721120834350586e-01 -2.983561158180236816e-01 3.213216662406921387e-01 -3.307465016841888428e-01 9.432881325483322144e-02 1.369412243366241455e-02 2.597321569919586182e-01 -1.409257650375366211e-01 -3.758928738534450531e-03 -5.172367691993713379e-01 -4.257529377937316895e-01 -1.449693441390991211e-01 1.356602162122726440e-01 3.105842471122741699e-01 5.595988035202026367e-02 -4.372740983963012695e-01 5.995488762855529785e-01 3.491850495338439941e-01 -1.232598721981048584e-02 3.727204203605651855e-01 -2.107185423374176025e-01 -1.517627984285354614e-01 -1.091073304414749146e-01 1.019455194473266602e-01 4.164530038833618164e-01 3.465044796466827393e-01 2.497309297323226929e-01 6.159404292702674866e-02 4.099777638912200928e-01 7.673898339271545410e-02 -1.674078404903411865e-01 2.330067008733749390e-01 -1.739877015352249146e-01 -1.695633493363857269e-02 -7.100056409835815430e-01 5.669925808906555176e-01 1.308742761611938477e-01 -2.442743629217147827e-01 8.262065052986145020e-02 6.154792904853820801e-01 4.534712433815002441e-01 -5.232176780700683594e-01 -1.743596941232681274e-01 -2.752517461776733398e-01 1.199255883693695068e-01 5.355577915906906128e-02 -3.010812699794769287e-01 -1.283601671457290649e-01 2.181188911199569702e-01 -1.821907609701156616e-01 4.013981223106384277e-01 2.370088696479797363e-01 -3.464261889457702637e-01 5.917835608124732971e-02 1.957894414663314819e-01 -1.849994808435440063e-02 2.693951129913330078e-03
-6.806154251098632812e-01 2.183982133865356445e-01 4.680306464433670044e-02 -6.422109007835388184e-01 -8.409872651100158691e-02 4.113574028015136719e-01 5.173467099666595459e-02 -4.576648473739624023e-01 -2.898596227169036865e-01 4.109705090522766113e-01 -5.393003821372985840e-01 -1.253027468919754028e-02 6.825561821460723877e-02 3.271185457706451416e-01 -7.348361611366271973e-02 1.366858184337615967e-01 -4.356870427727699280e-02 -1.597798764705657959e-01 -3.155555427074432373e-01 8.074086904525756836e-02 3.504712581634521484e-01 -4.196964204311370850e-03 -5.049483180046081543e-01 3.068815469741821289e-01 -1.319153904914855957e-01 -2.858962118625640869e-02 -3.098044358193874359e-02 2.047105133533477783e-01 -1.604814082384109497e-01 -3.639706373214721680e-01 1.081068813800811768e-01 3.125273883342742920e-01 6.070027351379394531e-01 2.035180479288101196e-01 -3.179681301116943359e-01 1.429744660854339600e-01 2.288793325424194336e-01 8.488113991916179657e-03 -1.253250241279602051e-02 9.135369211435317993e-03 -3.323807418346405029e-01 -3.210431039333343506e-01 5.061746239662170410e-01 6.961078196763992310e-02 -3.935102522373199463e-01 2.340873330831527710e-01 4.529649615287780762e-01 2.257298827171325684e-01 -3.819612860679626465e-01 2.008506655693054199e-01 1.539468616247177124e-01 3.718257248401641846e-01 -3.127699494361877441e-01 -3.284215629100799561e-01 1.857530772686004639e-01 1.453113257884979248e-01 -2.714219093322753906e-01 4.680309295654296875e-01 5.314549058675765991e-02 7.638709992170333862e-02 -1.345832198858261108e-01 1.526846140623092651e-01 5.197381377220153809e-01 1.233031973242759705e-02
-6.568008065223693848e-01 6.902777403593063354e-02 2.451661527156829834e-01 -6.018691658973693848e-01 -5.885083600878715515e-02 3.630939424037933350e-01 -1.372743099927902222e-01 -1.007521823048591614e-01 -3.453932106494903564e-01 4.872812330722808838e-01 -2.789449989795684814e-01 7.152285426855087280e-02 1.365654543042182922e-02 5.334426760673522949e-01 -4.199333488941192627e-02 -1.301711201667785645e-01 2.497945576906204224e-01 1.551744043827056885e-01 -1.759698987007141113e-01 -3.928155452013015747e-02 4.362784028053283691e-01 -5.600155889987945557e-02 -4.138749241828918457e-01 -1.268390715122222900e-01 -2.405311167240142822e-01 -1.004999876022338867e-02 -1.862488389015197754e-01 3.608431816101074219e-01 -5.413020253181457520e-01 -1.485353112220764160e-01 -2.959032654762268066e-01 1.638894677162170410e-01 7.348764538764953613e-01 1.349804252386093140e-01 -1.833345443010330200e-01 2.761793434619903564e-01 4.855370223522186279e-01 -1.048029363155364990e-01 -1.742729842662811279e-01 2.901275828480720520e-02 -5.739004015922546387e-01 -1.115438193082809448e-01 3.816526532173156738e-01 -1.641324162483215332e-01 -5.382012128829956055e-01 -1.261558756232261658e-02 3.506926000118255615e-01 -2.471451461315155029e-01 -3.216176927089691162e-01 1.567530333995819092e-01 1.466978490352630615e-01 3.796012401580810547e-01 -3.467297554016113281e-01 -3.456414639949798584e-01 1.588606834411621094e-01 6.793288141489028931e-02 -1.076675355434417725e-01 6.229646801948547363e-01 3.111723810434341431e-03 2.989974021911621094e-01 -8.977787196636199951e-02 3.982567787170410156e-01 4.023450911045074463e-01 9.969826042652130127e-02
-5.918303132057189941e-01 5.883675068616867065e-02 -2.040436267852783203e-01 -4.289007186889648438e-01 -2.568620145320892334e-01 1.601668000221252441e-01 9.109455347061157227e-02 -5.441846847534179688e-01 -4.286370873451232910e-01 9.080339968204498291e-02 -3.073645830154418945e-01 2.975812554359436035e-02 3.653319552540779114e-02 1.855079531669616699e-01 -2.295678257942199707e-01 -3.704976439476013184e-01 -4.347702860832214355e-01 -2.038385160267353058e-02 -4.848328530788421631e-01 3.243840485811233521e-02 2.854433953762054443e-01 1.482837647199630737e-01 -4.244558215141296387e-01 3.806045651435852051e-01 1.707761287689208984e-01 -5.537275969982147217e-02 1.695886403322219849e-01 -1.337354779243469238e-01 -2.447926849126815796e-01 1.602815687656402588e-01 3.704217970371246338e-01 4.680875837802886963e-01 2.153529822826385498e-01 2.591183781623840332e-01 -7.106254994869232178e-02 2.422660291194915771e-01 7.066109776496887207e-02 -2.527584433555603027e-01 3.474685549736022949e-02 1.831060051918029785e-01 4.276847839355468750e-02 -7.729048728942871094e-01 5.816217064857482910e-01 -2.382919788360595703e-01 -4.215826839208602905e-02 5.619574710726737976e-02 2.169109135866165161e-01 5.724720358848571777e-01 -3.857201635837554932e-01 3.203294426202774048e-02 -2.550641894340515137e-01 -2.366564124822616577e-01 -5.783760547637939453e-02 -1.276089996099472046e-01 3.696573525667190552e-02 5.074057579040527344e-01 -2.061903923749923706e-01 1.262220293283462524e-01 2.697960734367370605e-01 -7.144426703453063965e-01 4.800920933485031128e-02 4.849497675895690918e-01 2.202985733747482300e-01 3.251065611839294434e-01
-9.625151157379150391e-01 9.171920269727706909e-02 -1.201178357005119324e-01 -4.139898419380187988e-01 3.918274492025375366e-02 5.053445100784301758e-01 -1.553825885057449341e-01 -6.519954800605773926e-01 -2.986544966697692871e-01 3.175863623619079590e-01 -5.483745932579040527e-01 -2.983627468347549438e-02 1.285881400108337402e-01 3.216880559921264648e-01 -2.724829316139221191e-01 1.165023893117904663e-01 -5.601313114166259766e-01 -2.192691564559936523e-01 -1.782253384590148926e-01 1.365337520837783813e-03 2.887585759162902832e-01 -2.083982974290847778e-01 -5.063059926033020020e-01 3.281928002834320068e-01 7.260499894618988037e-02 9.319444000720977783e-02 -1.243153139948844910e-01 3.813050985336303711e-01 -4.447339773178100586e-01 -2.285956591367721558e-01 3.123077191412448883e-02 3.744312226772308350e-01 7.339485287666320801e-01 3.409388065338134766e-01 -4.479953050613403320e-01 1.410034596920013428e-01 1.280663758516311646e-01 -3.558790683746337891e-01 -1.463802903890609741e-02 -2.836458384990692139e-02 -4.412715435028076172e-01 -4.644899070262908936e-01 7.240155339241027832e-01 1.291029453277587891e-01 -3.804652392864227295e-01 1.016770750284194946e-01 2.571377754211425781e-01 4.115957021713256836e-01 -4.050450623035430908e-01 2.107048034667968750e-01 -2.069088816642761230e-02 2.592643797397613525e-01 1.094489246606826782e-01 -1.492663621902465820e-01 -2.706929296255111694e-02 1.711199134588241577e-01 -1.816447526216506958e-01 5.182203054428100586e-01 -1.151461228728294373e-01 -3.115156590938568115e-01 1.291491538286209106e-01 4.418473243713378906e-01 6.238836646080017090e-01 -6.215295568108558655e-02
-7.951605916023254395e-01 2.362158149480819702e-02 -2.509860396385192871e-01 -4.426302611827850342e-01 -9.656117856502532959e-02 3.075965344905853271e-01 -3.061798214912414551e-02 -4.675893187522888184e-01 -3.431670963764190674e-01 4.307478964328765869e-01 -5.246296525001525879e-01 1.250036656856536865e-01 6.539568305015563965e-02 2.339669466018676758e-01 -2.994920015335083008e-01 1.674850434064865112e-01 -9.360197931528091431e-02 -2.677794098854064941e-01 -3.691772222518920898e-01 -1.441367268562316895e-01 3.297175467014312744e-02 4.448240995407104492e-02 -3.742704689502716064e-01 -2.454359829425811768e-02 -1.086772382259368896e-01 2.123964577913284302e-01 -2.694984339177608490e-02 3.157406151294708252e-01 -2.329324334859848022e-01 -1.477343589067459106e-01 -5.935918539762496948e-02 2.991503179073333740e-01 4.653706550598144531e-01 1.320069432258605957e-01 -3.328946828842163086e-01 3.195637166500091553e-01 9.640355408191680908e-02 -1.234648376703262329e-01 -1.737053692340850830e-01 -4.771200940012931824e-02 -2.832976877689361572e-01 -5.174768567085266113e-01 4.402153491973876953e-01 9.231228381395339966e-02 -4.615845978260040283e-01 3.001195192337036133e-01 -1.001896560192108154e-01 1.612230837345123291e-01 -2.892369329929351807e-01 1.976135075092315674e-01 -2.478648275136947632e-01 1.849479377269744873e-01 -1.034014672040939331e-01 -3.017934858798980713e-01 7.222149521112442017e-02 3.126533031463623047e-01 9.960325062274932861e-02 6.003871560096740723e-01 1.575921475887298584e-01 3.771526366472244263e-02 1.159301102161407471e-01 1.750714331865310669e-01 4.045515656471252441e-01 1.925848573446273804e-01
-6.964687108993530273e-01 -1.914659738540649414e-01 1.069831922650337219e-01 -5.613941550254821777e-01 1.327138692140579224e-01 -1.245344132184982300e-01 -5.515539646148681641e-02 -4.459525346755981445e-01 -5.072622299194335938e-01 2.424202859401702881e-01 -4.381508827209472656e-01 1.334511935710906982e-01 1.866582185029983521e-01 4.306537508964538574e-01 -1.774276494979858398e-01 -3.306096494197845459e-01 2.438203245401382446e-01 3.363362252712249756e-01 -3.174148201942443848e-01 4.795743823051452637e-01 3.844209909439086914e-01 -5.694524943828582764e-02 -5.128204822540283203e-01 3.072265535593032837e-02 6.441792845726013184e-02 -3.854578137397766113e-01 -2.176690399646759033e-01 -5.216442793607711792e-02 -3.189181089401245117e-01 3.198742866516113281e-01 -1.573026776313781738e-01 1.866172254085540771e-01 8.771770596504211426e-01 4.534274339675903320e-01 -9.048695862293243408e-02 3.549729585647583008e-01 5.037666559219360352e-01 -1.922371536493301392e-01 -4.183050990104675293e-01 1.026791930198669434e-01 -9.253771975636482239e-03 -4.737487137317657471e-01 3.549752235412597656e-01 -3.197142183780670166e-01 -4.459751546382904053e-01 1.160461455583572388e-03 1.928803175687789917e-01 -7.492399960756301880e-02 -2.084935158491134644e-01 -1.917048543691635132e-02 1.449808776378631592e-01 4.414074867963790894e-02 -6.472186744213104248e-02 -4.301821589469909668e-01 3.645084053277969360e-02 4.703138470649719238e-01 5.924698337912559509e-02 4.197806715965270996e-01 -4.791837185621261597e-03 3.707549273967742920e-01 -2.808258235454559326e-01 6.244856119155883789e-01 1.274372786283493042e-01 2.164624780416488647e-01
-7.160447239875793457e-01 3.287740051746368408e-03 -2.369060814380645752e-01 -5.242298245429992676e-01 -4.310316443443298340e-01 -1.478788852691650391e-01 2.478888481855392456e-01 -4.471105635166168213e-01 -6.625037789344787598e-01 7.875674217939376831e-02 -5.657700896263122559e-01 1.450988650321960449e-01 -1.138160228729248047e-01 1.173929348587989807e-01 -4.741129875183105469e-01 -2.840403020381927490e-01 -4.649071991443634033e-01 6.320878118276596069e-02 -4.016468822956085205e-01 4.766581356525421143e-01 9.277900308370590210e-02 -7.082834839820861816e-02 -6.355293095111846924e-03 8.694055080413818359e-01 2.947875559329986572e-01 -2.168430685997009277e-01 -1.441806256771087646e-01 -4.818730056285858154e-01 1.055894643068313599e-01 2.461992353200912476e-01 3.269893303513526917e-02 3.450141549110412598e-01 5.593110918998718262e-01 4.572415351867675781e-01 4.966304898262023926e-01 9.453190118074417114e-02 1.558377742767333984e-01 -1.410767287015914917e-01 3.723664581775665283e-02 -3.520279228687286377e-01 5.577488988637924194e-02 -7.755106687545776367e-01 4.204187393188476562e-01 2.154491841793060303e-03 -1.121470108628273010e-01 -1.866326928138732910e-01 3.391127288341522217e-01 4.940079450607299805e-01 -4.263113737106323242e-01 -9.853673726320266724e-02 -2.912758290767669678e-02 -4.281926900148391724e-02 2.755413949489593506e-01 -2.242590785026550293e-01 -9.969849884510040283e-02 3.422440886497497559e-01 3.213382065296173096e-01 3.500753045082092285e-01 2.165694534778594971e-01 -4.016840457916259766e-02 -2.996538281440734863e-01 2.844725251197814941e-01 -1.488425731658935547e-01 3.570330440998077393e-01
-4.970329403877258301e-01 -3.138341903686523438e-01 -2.934564650058746338e-01 -6.285802125930786133e-01 -3.874422311782836914e-01 -1.169588416814804077e-01 2.138601392507553101e-01 -4.341136813163757324e-01 -4.223364889621734619e-01 3.097546696662902832e-01 -4.063921570777893066e-01 7.941470295190811157e-02 -1.985425949096679688e-01 -4.412937164306640625e-02 -1.341027617454528809e-01 -1.532310396432876587e-01 -3.436159491539001465e-01 -1.585797071456909180e-01 -2.828115522861480713e-01 1.987234801054000854e-01 4.390743374824523926e-02 -1.006710827350616455e-01 -1.598889529705047607e-01 5.195108652114868164e-01 -6.463557481765747070e-02 -1.312970668077468872e-01 1.721707731485366821e-01 -1.739198863506317139e-01 -3.305060043931007385e-02 2.024253457784652710e-01 1.582032740116119385e-01 1.402137428522109985e-01 2.765671014785766602e-01 2.738512754440307617e-01 3.680425286293029785e-01 6.308123469352722168e-01 1.601110398769378662e-02 -1.797131150960922241e-01 6.333798170089721680e-03 -4.356702789664268494e-02 5.291486158967018127e-03 -8.319616317749023438e-01 5.227628350257873535e-01 -1.026919782161712646e-01 -3.662645816802978516e-02 -2.524679303169250488e-01 5.035231113433837891e-01 2.790302932262420654e-01 -8.685588836669921875e-01 -1.180490031838417053e-01 1.672523170709609985e-01 -8.455573581159114838e-03 2.409461140632629395e-02 -1.874638199806213379e-01 -7.539286464452743530e-02 2.213137596845626831e-01 2.408445328474044800e-01 3.803088068962097168e-01 -1.566130518913269043e-01 -1.844540983438491821e-02 5.295938253402709961e-02 2.832269072532653809e-01 4.604671522974967957e-02 3.341673612594604492e-01
-4.594829082489013672e-01 -3.796022534370422363e-01 -2.056228518486022949e-01 -2.751148641109466553e-01 -6.160332635045051575e-02 7.025782018899917603e-02 3.407568335533142090e-01 -2.468142211437225342e-01 -6.773873567581176758e-01 1.696338802576065063e-01 -4.726834595203399658e-01 -3.189395368099212646e-01 -3.914736509323120117e-01 -2.089707553386688232e-01 -6.241759657859802246e-01 -3.643516004085540771e-01 -5.488771796226501465e-01 -8.748416602611541748e-02 -2.848455607891082764e-01 1.339247971773147583e-01 1.966390013694763184e-01 3.175877779722213745e-02 -2.606144249439239502e-01 5.200220942497253418e-01 1.163080036640167236e-01 -1.859644204378128052e-01 -1.596247963607311249e-02 -2.870891690254211426e-01 -3.195591270923614502e-01 1.542407423257827759e-01 7.777919620275497437e-02 2.970550358295440674e-01 3.446008861064910889e-01 3.689373135566711426e-01 2.745236754417419434e-01 3.264847993850708008e-01 1.625230014324188232e-01 -6.521670520305633545e-02 -1.164899691939353943e-01 -1.002813279628753662e-01 -2.191625982522964478e-01 -6.180740594863891602e-01 3.451359868049621582e-01 -3.492076992988586426e-01 -3.874245285987854004e-01 -8.573068678379058838e-02 2.550134658813476562e-01 4.401550292968750000e-01 -7.741888761520385742e-01 -4.676180705428123474e-02 4.087775349617004395e-01 1.839334815740585327e-01 9.107911586761474609e-02 -3.264179527759552002e-01 1.974420845508575439e-01 1.623782962560653687e-01 1.190458536148071289e-01 2.333420366048812866e-01 3.554442226886749268e-01 -9.616316854953765869e-02 1.853105872869491577e-01 3.047676682472229004e-01 1.016523689031600952e-01 4.148276150226593018e-01
-3.003692924976348877e-01 -3.372548222541809082e-01 -5.076636075973510742e-01 -7.161837220191955566e-01 -2.990925312042236328e-01 -2.310259267687797546e-03 2.956064939498901367e-01 -1.924642622470855713e-01 -3.237329423427581787e-01 7.285507768392562866e-02 -4.466301500797271729e-01 1.290223896503448486e-01 -3.954499661922454834e-01 -5.746062844991683960e-02 -1.988519728183746338e-01 -8.973370492458343506e-02 2.739216946065425873e-02 -5.394626408815383911e-02 -4.739774763584136963e-01 3.008663058280944824e-01 -4.132835566997528076e-02 1.200381070375442505e-01 -5.339132994413375854e-02 1.480706185102462769e-01 -1.220573186874389648e-01 1.734899431467056274e-01 2.095677405595779419e-01 -3.898704051971435547e-01 1.595752537250518799e-01 1.007611379027366638e-01 6.374575197696685791e-02 2.449197769165039062e-01 2.077765762805938721e-03 2.667975425720214844e-01 5.400336980819702148e-01 4.333558976650238037e-01 2.154710292816162109e-01 -1.970870494842529297e-01 1.194934248924255371e-01 -9.434854984283447266e-02 1.147907152771949768e-01 -8.234003782272338867e-01 4.031324386596679688e-01 4.930877685546875000e-02 -3.204182684421539307e-01 -1.117455512285232544e-01 6.627191603183746338e-02 4.361991882324218750e-01 -3.965226411819458008e-01 -2.464238107204437256e-01 -2.800901532173156738e-01 -1.721741408109664917e-01 -2.918173670768737793e-01 -2.484368383884429932e-01 -2.763675898313522339e-02 4.561448097229003906e-01 2.112530022859573364e-01 2.914694249629974365e-01 9.819600731134414673e-02 1.203433498740196228e-01 -2.093494385480880737e-01 2.174158245325088501e-01 -5.795097723603248596e-02 5.388210415840148926e-01
-5.557875037193298340e-01 -9.654066711664199829e-02 -3.931749463081359863e-01 -2.125559151172637939e-01 2.501234412193298340e-01 9.815413504838943481e-04 1.417552083730697632e-01 -4.485316872596740723e-01 -5.864899158477783203e-01 1.258790194988250732e-01 -5.450432896614074707e-01 1.281324923038482666e-01 9.082472324371337891e-02 -2.049463987350463867e-01 -5.022327899932861328e-01 -1.629894226789474487e-01 -3.191260397434234619e-01 7.490012794733047485e-02 -5.912984013557434082e-01 1.755954474210739136e-01 4.553269743919372559e-01 2.668077945709228516e-01 -4.806268215179443359e-01 1.218772307038307190e-01 2.804885208606719971e-01 4.171908646821975708e-02 1.499571055173873901e-01 -3.754338026046752930e-01 -2.159032672643661499e-01 1.228820681571960449e-01 -7.947683334350585938e-04 1.507532894611358643e-01 6.390665173530578613e-01 8.921442925930023193e-02 3.825728893280029297e-01 2.884258329868316650e-01 2.536909878253936768e-01 3.389340639114379883e-02 -5.224212408065795898e-01 1.253273636102676392e-01 -2.921224832534790039e-01 -7.578073740005493164e-01 3.101064562797546387e-01 -2.102235853672027588e-01 -5.503606796264648438e-01 -1.320872604846954346e-01 -4.465281963348388672e-04 2.046099901199340820e-01 -3.070295453071594238e-01 -2.671535909175872803e-01 -2.271261960268020630e-01 5.298785865306854248e-02 4.391608387231826782e-02 -6.647393703460693359e-01 7.326450198888778687e-02 2.509958744049072266e-01 -9.774293750524520874e-02 2.088647633790969849e-01 2.920354008674621582e-01 1.595864892005920410e-01 3.959485888481140137e-02 3.564544916152954102e-01 9.154660999774932861e-02 1.796095669269561768e-01
-7.313111424446105957e-01 -2.726375311613082886e-02 -3.664147853851318359e-01 -6.351405978202819824e-01 -2.961435019969940186e-01 -9.134101867675781250e-02 -1.456058770418167114e-02 -5.308651924133300781e-01 -3.146413266658782959e-01 4.459111392498016357e-01 -3.920578658580780029e-01 3.835800290107727051e-01 1.358274817466735840e-01 2.870511412620544434e-01 -8.561474084854125977e-02 -7.566681504249572754e-02 -1.559485495090484619e-01 -4.427050352096557617e-01 -3.717955052852630615e-01 -1.748428493738174438e-01 -4.174813628196716309e-02 8.824896067380905151e-02 -2.649179995059967041e-01 3.464411497116088867e-01 1.325869560241699219e-01 1.183190196752548218e-01 2.722283303737640381e-01 -2.240975201129913330e-02 -7.496191561222076416e-02 2.765526250004768372e-02 4.669726639986038208e-02 3.049141764640808105e-01 2.178824841976165771e-01 2.128170579671859741e-01 -2.523435652256011963e-02 7.058249115943908691e-01 -9.235292673110961914e-03 -1.426996439695358276e-01 1.494393497705459595e-02 -7.910794019699096680e-02 9.998328983783721924e-02 -8.863711357116699219e-01 4.379934072494506836e-01 4.163573682308197021e-02 7.037226855754852295e-02 5.465218797326087952e-02 4.657017886638641357e-01 1.370574235916137695e-01 -8.863373398780822754e-01 -1.083926782011985779e-01 -2.538439631462097168e-01 -2.092307209968566895e-01 -1.348583549261093140e-01 -1.783093810081481934e-01 -3.656698465347290039e-01 2.530955672264099121e-01 1.486602574586868286e-01 4.947240352630615234e-01 -1.832911074161529541e-01 -2.198379635810852051e-01 2.228647768497467041e-01 2.399982362985610962e-01 -6.956793367862701416e-02 5.978399142622947693e-02
-6.167986392974853516e-01 -6.807554513216018677e-02 -3.262504935264587402e-01 -5.614634752273559570e-01 -3.773057460784912109e-01 3.733368963003158569e-02 7.154454290866851807e-02 -4.253043830394744873e-01 -2.626454532146453857e-01 2.753438949584960938e-01 -4.483168423175811768e-01 2.448810040950775146e-01 1.394361853599548340e-01 7.210756093263626099e-02 -2.076354920864105225e-01 -1.746383756399154663e-01 -9.664895385503768921e-02 -1.042232289910316467e-01 -4.426134526729583740e-01 -2.311218082904815674e-01 2.005238234996795654e-01 2.126984894275665283e-01 -5.603328347206115723e-01 7.333669066429138184e-02 1.748008131980895996e-01 6.286382675170898438e-03 2.010063827037811279e-01 -2.406019270420074463e-01 -2.167653292417526245e-01 2.158425152301788330e-01 4.029133915901184082e-02 4.267001152038574219e-02 3.383119106292724609e-01 5.099396407604217529e-02 -1.065675318241119385e-01 7.575042843818664551e-01 1.263799071311950684e-01 -1.567050069570541382e-01 -1.570217311382293701e-01 2.822903096675872803e-01 -3.671831637620925903e-02 -6.951323747634887695e-01 5.573565363883972168e-01 -2.942247688770294189e-01 9.947266429662704468e-02 3.077501431107521057e-02 3.511954247951507568e-01 2.383138835430145264e-01 -7.277415990829467773e-01 -1.295256912708282471e-01 -1.761745959520339966e-01 -3.179827332496643066e-01 -2.278129607439041138e-01 -3.828065395355224609e-01 5.423370748758316040e-02 3.057142496109008789e-01 2.604292705655097961e-02 3.328502178192138672e-01 -7.172131538391113281e-02 -2.561318874359130859e-01 1.571547836065292358e-01 2.959467172622680664e-01 1.153796464204788208e-01 4.272855818271636963e-01
-7.084298133850097656e-01 6.114544719457626343e-02 -3.490445315837860107e-01 -6.371534466743469238e-01 -4.839038252830505371e-01 -2.468783408403396606e-01 8.664481341838836670e-02 -2.318099141120910645e-01 -8.572021126747131348e-02 3.700630068778991699e-01 -3.679654896259307861e-01 2.099376916885375977e-01 -9.333956241607666016e-02 5.676635503768920898e-01 -1.960690319538116455e-01 -1.328585445880889893e-01 -6.002024188637733459e-02 -1.116698682308197021e-01 -1.103298142552375793e-01 4.914356768131256104e-01 -2.972618937492370605e-01 -2.248215377330780029e-01 -5.605341494083404541e-02 7.020103931427001953e-01 6.509590148925781250e-01 8.116632699966430664e-03 1.449681073427200317e-01 -3.573352098464965820e-01 -1.996820271015167236e-01 2.568074166774749756e-01 2.639964967966079712e-02 3.372890651226043701e-01 2.115114033222198486e-01 3.300436735153198242e-01 2.696680426597595215e-01 4.802425801753997803e-01 1.165490150451660156e-01 -2.899359762668609619e-01 3.180226683616638184e-01 -3.175255060195922852e-01 5.793066024780273438e-01 -6.204257011413574219e-01 5.041593909263610840e-01 2.135724425315856934e-01 1.312153935432434082e-01 -7.992341369390487671e-02 7.176100015640258789e-01 2.173043489456176758e-01 -5.384910106658935547e-01 -2.323974072933197021e-01 -3.603169918060302734e-01 -2.913908064365386963e-01 1.626101136207580566e-01 7.890328019857406616e-02 -3.830095529556274414e-01 4.163090586662292480e-01 5.817062258720397949e-01 4.355311393737792969e-01 1.513803601264953613e-01 -2.382627129554748535e-01 -1.770724952220916748e-01 2.536452412605285645e-01 -2.414048612117767334e-01 1.746344268321990967e-01
-5.865082740783691406e-01 -1.669757068157196045e-02 7.561112195253372192e-02 -3.674020171165466309e-01 -4.576534032821655273e-03 -7.669219374656677246e-02 -9.875552356243133545e-02 -3.086555302143096924e-01 -4.080857038497924805e-01 2.766337990760803223e-01 -2.512668371200561523e-01 1.520276367664337158e-01 3.229865431785583496e-01 2.375440597534179688e-01 -3.054936826229095459e-01 -1.808080226182937622e-01 2.623507082462310791e-01 1.665422022342681885e-01 -4.552726447582244873e-01 -2.384688556194305420e-01 2.815140783786773682e-01 2.972527742385864258e-01 -4.605137407779693604e-01 -4.382757544517517090e-01 2.057336866855621338e-01 6.478048861026763916e-03 1.985190808773040771e-02 -2.527408897876739502e-01 -3.658670186996459961e-01 2.777973413467407227e-01 -2.359455525875091553e-01 7.595779746770858765e-02 5.398491621017456055e-01 1.593807339668273926e-01 -1.715555340051651001e-01 6.360571980476379395e-01 2.760940194129943848e-01 5.745569989085197449e-02 -3.883200287818908691e-01 4.620724022388458252e-01 -1.739671528339385986e-01 -5.163050293922424316e-01 1.595694720745086670e-01 -4.463166892528533936e-01 -3.220441937446594238e-01 9.992642700672149658e-02 -2.865623682737350464e-03 -1.185528039932250977e-01 -3.909457623958587646e-01 -5.524624139070510864e-03 -2.875654399394989014e-01 -1.766145825386047363e-01 -1.451139152050018311e-01 -4.603675007820129395e-01 2.857823967933654785e-01 2.931807339191436768e-01 7.716614753007888794e-03 4.522998332977294922e-01 3.811650872230529785e-01 1.258786320686340332e-01 1.099857017397880554e-01 3.309060335159301758e-01 -4.797302559018135071e-02 4.713014066219329834e-01
-6.741248369216918945e-01 1.372537016868591309e-01 -1.384608745574951172e-01 -6.374310851097106934e-01 -1.856525838375091553e-01 -5.319245904684066772e-02 1.373550444841384888e-01 -4.371787011623382568e-01 -5.925822854042053223e-01 2.531795799732208252e-01 -4.695983529090881348e-01 1.543737947940826416e-03 -1.391185224056243896e-01 4.286844134330749512e-01 -2.474786341190338135e-01 -3.241724669933319092e-01 -4.717348814010620117e-01 -1.166914626955986023e-01 -1.897102296352386475e-01 3.901398777961730957e-01 1.987994313240051270e-01 -1.815399080514907837e-01 -3.055363893508911133e-01 8.187859654426574707e-01 3.372063934803009033e-01 -3.438748121261596680e-01 1.274894773960113525e-01 -3.334729075431823730e-01 -1.177885681390762329e-01 -4.739113152027130127e-03 1.513556540012359619e-01 4.370282590389251709e-01 4.175873696804046631e-01 4.304412603378295898e-01 1.875991523265838623e-01 1.934488266706466675e-01 3.918189108371734619e-01 -1.913518458604812622e-01 2.098165601491928101e-01 -4.512719511985778809e-01 2.126010805368423462e-01 -6.024076938629150391e-01 5.338891744613647461e-01 -1.851864159107208252e-02 -1.670644432306289673e-01 -4.083720594644546509e-02 7.020322680473327637e-01 3.558068275451660156e-01 -5.699313282966613770e-01 -3.114213049411773682e-02 1.437444835901260376e-01 1.722792088985443115e-01 3.808661550283432007e-02 -2.001036703586578369e-01 -6.605632603168487549e-02 2.818129062652587891e-01 1.471303403377532959e-03 3.028660118579864502e-01 1.771639287471771240e-01 -2.069560289382934570e-01 -1.541966497898101807e-01 2.749824523925781250e-01 2.786025032401084900e-02 7.017227262258529663e-02
-8.216164112091064453e-01 -7.667098194360733032e-02 -2.935928404331207275e-01 -7.327297925949096680e-01 -2.874179184436798096e-01 -2.713861763477325439e-01 7.838238030672073364e-02 -4.851348102092742920e-01 -3.522298336029052734e-01 2.650186717510223389e-01 -5.550801753997802734e-01 5.311558246612548828e-01 -3.052560612559318542e-02 4.105405211448669434e-01 5.090886354446411133e-02 -1.069893836975097656e-01 -2.124347984790802002e-01 -3.679315000772476196e-02 -4.064922630786895752e-01 2.828082144260406494e-01 -5.622969567775726318e-02 -2.097876965999603271e-01 7.689751684665679932e-03 4.753011465072631836e-01 2.276110351085662842e-01 -1.454452872276306152e-01 5.849646776914596558e-02 -1.620164215564727783e-01 1.775006502866744995e-01 2.097932547330856323e-01 6.152606010437011719e-02 4.570542871952056885e-01 4.305840730667114258e-01 3.499035239219665527e-01 1.564876586198806763e-01 1.472485065460205078e-01 5.369517803192138672e-01 -2.024841010570526123e-01 1.703315824270248413e-01 -4.691780507564544678e-01 4.977843165397644043e-01 -7.204525470733642578e-01 3.888538479804992676e-01 2.323393225669860840e-01 -2.050002366304397583e-01 2.073466032743453979e-01 3.637200593948364258e-01 4.264360666275024414e-01 -2.091863900423049927e-01 -4.762040078639984131e-02 -3.108014464378356934e-01 -1.476793736219406128e-01 1.676846891641616821e-01 -1.042359843850135803e-01 -3.542630374431610107e-01 5.072491765022277832e-01 4.558539986610412598e-01 6.253159642219543457e-01 -1.352059543132781982e-01 1.501678675413131714e-02 -3.910025954246520996e-01 3.502407670021057129e-01 1.256579607725143433e-01 1.623681783676147461e-01
-4.120142757892608643e-01 -3.416943550109863281e-01 -3.495279550552368164e-01 -3.651572167873382568e-01 -2.286359369754791260e-01 4.792561754584312439e-02 4.901006817817687988e-01 -3.702498376369476318e-01 -5.789958834648132324e-01 -2.757436782121658325e-02 -6.766566038131713867e-01 -5.478193610906600952e-02 -2.923487126827239990e-01 -6.094470247626304626e-02 -6.284633278846740723e-01 -3.269722163677215576e-01 -2.859305143356323242e-01 -1.641623675823211670e-03 -1.166083291172981262e-01 2.550635337829589844e-01 9.576172381639480591e-02 2.271903604269027710e-01 -2.965426743030548096e-01 4.618721008300781250e-01 1.849314719438552856e-01 8.246068656444549561e-02 -2.101448327302932739e-01 -2.270858883857727051e-01 -2.113305479288101196e-01 6.767809391021728516e-04 3.719341009855270386e-02 3.824352920055389404e-01 2.428593635559082031e-01 6.745751500129699707e-01 4.601524770259857178e-02 4.610906839370727539e-01 2.291978597640991211e-01 -3.136827051639556885e-01 1.093516796827316284e-01 -3.849436044692993164e-01 7.366020977497100830e-02 -7.403545379638671875e-01 1.724046021699905396e-01 -4.323682188987731934e-02 -2.535634040832519531e-01 1.705503761768341064e-01 4.416441172361373901e-02 5.990072488784790039e-01 -4.427221119403839111e-01 -2.421469688415527344e-01 6.763619184494018555e-02 -1.200779229402542114e-01 -6.401575356721878052e-02 -4.341109991073608398e-01 4.229811578989028931e-02 5.589337944984436035e-01 1.554358601570129395e-01 3.823402523994445801e-01 3.864193707704544067e-02 -2.396271228790283203e-01 4.689422249794006348e-02 2.839729189872741699e-01 -1.430378854274749756e-01 6.453441977500915527e-01
-8.256679177284240723e-01 1.153956353664398193e-02 -2.717348337173461914e-01 -7.112302780151367188e-01 -1.024801284074783325e-01 -2.864755988121032715e-01 -6.899255514144897461e-02 -3.932232260704040527e-01 -5.764198899269104004e-01 4.420499503612518311e-01 -5.037332773208618164e-01 1.770660579204559326e-01 -7.618239521980285645e-02 6.913105249404907227e-01 5.924783274531364441e-02 -2.226279377937316895e-01 -2.540644705295562744e-01 -9.639373421669006348e-02 -1.634646058082580566e-01 5.472458600997924805e-01 1.691614687442779541e-01 -4.011647999286651611e-01 -1.404544711112976074e-01 7.740846276283264160e-01 2.630219161510467529e-01 -5.289916992187500000e-01 1.065192818641662598e-01 -3.465988636016845703e-01 -5.734093859791755676e-02 -2.286311239004135132e-02 -7.356692850589752197e-02 3.069861233234405518e-01 7.550949454307556152e-01 5.139670372009277344e-01 1.822638958692550659e-01 1.543094068765640259e-01 4.359948933124542236e-01 -1.829335093498229980e-01 1.840480417013168335e-02 -5.515901446342468262e-01 1.953455805778503418e-01 -4.222510755062103271e-01 4.725841879844665527e-01 -1.196187734603881836e-01 -3.044270910322666168e-02 -1.624862700700759888e-01 7.705786228179931641e-01 -8.324518799781799316e-02 -6.493791937828063965e-01 4.253251105546951294e-02 1.803913265466690063e-01 3.070826232433319092e-01 7.555423676967620850e-02 1.008502617478370667e-01 -5.079351067543029785e-01 1.645818948745727539e-01 2.237231284379959106e-01 4.593493938446044922e-01 3.789644688367843628e-03 2.749880552291870117e-01 -3.981312215328216553e-01 3.839263319969177246e-01 5.133821442723274231e-02 -2.581358850002288818e-01
-6.870453357696533203e-01 -2.963326126337051392e-02 -2.123639285564422607e-01 -8.781296014785766602e-01 -3.216862678527832031e-02 2.965575642883777618e-02 -8.287446200847625732e-02 -5.502673983573913574e-01 -4.962860047817230225e-01 7.063179612159729004e-01 -6.433935165405273438e-01 4.272855520248413086e-01 4.519996345043182373e-01 3.957821130752563477e-01 4.313541650772094727e-01 -8.509358763694763184e-02 7.417505234479904175e-02 -2.232579290866851807e-01 -2.001293897628784180e-01 -3.894221782684326172e-02 3.251254856586456299e-01 2.005242407321929932e-01 -1.982226967811584473e-01 3.033199906349182129e-01 9.575781226158142090e-02 -3.338000774383544922e-01 6.523565202951431274e-02 1.302089691162109375e-01 -1.935160905122756958e-01 -3.665331602096557617e-01 -1.047023311257362366e-01 4.015443325042724609e-01 7.601215243339538574e-01 1.135998666286468506e-01 -2.158886641263961792e-01 6.093597412109375000e-01 4.387031495571136475e-01 1.161434203386306763e-01 -4.798988252878189087e-02 -1.409140080213546753e-01 -6.898736208677291870e-02 -6.194086074829101562e-01 1.644090563058853149e-01 -3.385064303874969482e-01 -1.473132967948913574e-01 2.071403115987777710e-01 8.047553300857543945e-01 -2.296445965766906738e-01 -7.476673126220703125e-01 -5.365016311407089233e-02 9.993235766887664795e-02 7.296297699213027954e-02 -2.548382878303527832e-01 -3.155225813388824463e-01 -1.174841895699501038e-01 2.468148022890090942e-01 1.690378412604331970e-02 6.996383070945739746e-01 -4.470803141593933105e-01 1.535023748874664307e-01 -5.033276230096817017e-02 3.585495352745056152e-01 1.652385890483856201e-01 -3.510010540485382080e-01
-6.499789953231811523e-01 -3.258410096168518066e-02 -2.341113686561584473e-01 -4.459691345691680908e-01 -2.644466161727905273e-01 6.368096172809600830e-02 2.580156922340393066e-01 -3.640167713165283203e-01 -6.930299401283264160e-01 2.892349958419799805e-01 -6.722525358200073242e-01 5.257760733366012573e-02 -2.748739123344421387e-01 2.382092773914337158e-01 -2.873904109001159668e-01 -1.938196569681167603e-01 -3.647127151489257812e-01 2.245638668537139893e-01 -4.515224993228912354e-01 2.417871952056884766e-01 6.035776436328887939e-02 -4.255276918411254883e-02 -1.382298916578292847e-01 5.541677474975585938e-01 5.822914466261863708e-02 -2.576678693294525146e-01 9.590323083102703094e-03 -3.884941637516021729e-01 -7.560646533966064453e-02 2.339349687099456787e-01 5.572810769081115723e-02 4.279851913452148438e-01 3.903618752956390381e-01 4.145869612693786621e-01 1.612419486045837402e-01 3.505381941795349121e-02 4.775568544864654541e-01 -2.247601598501205444e-01 1.085774451494216919e-01 -5.489077568054199219e-01 1.245789080858230591e-01 -4.105839133262634277e-01 3.034847378730773926e-01 -1.769591569900512695e-01 -1.452735364437103271e-01 3.131028637290000916e-02 4.278762042522430420e-01 2.572064697742462158e-01 -2.755666971206665039e-01 -7.162135094404220581e-02 -3.263165801763534546e-02 1.266834437847137451e-01 -6.064791232347488403e-02 -2.362798154354095459e-02 2.121563255786895752e-02 3.349845409393310547e-01 2.112965434789657593e-01 2.667451500892639160e-01 2.931220531463623047e-01 -1.211322844028472900e-03 -2.779633998870849609e-01 3.699182271957397461e-01 1.953741610050201416e-01 3.387000560760498047e-01
-1.095631480216979980e+00 2.131669223308563232e-01 -3.836194425821304321e-02 -3.253632187843322754e-01 -1.362206488847732544e-01 4.165669679641723633e-01 -1.350183039903640747e-01 -3.329689800739288330e-01 -4.805451929569244385e-01 5.062413215637207031e-01 -2.303235828876495361e-01 2.151985466480255127e-01 3.233021497726440430e-01 3.750422298908233643e-01 -2.822372913360595703e-01 -3.504776954650878906e-02 -2.513971924781799316e-01 -2.715180516242980957e-01 -2.809196412563323975e-01 -2.920173704624176025e-01 3.701911568641662598e-01 -4.441714286804199219e-02 -4.550482630729675293e-01 -9.848043322563171387e-02 6.352570839226245880e-03 2.283387035131454468e-01 6.928064674139022827e-02 1.982012391090393066e-01 -5.185805559158325195e-01 -8.045513927936553955e-02 -9.841321408748626709e-02 5.047503113746643066e-02 8.156687021255493164e-01 7.416231930255889893e-02 -1.638877689838409424e-01 5.307472348213195801e-01 1.306068152189254761e-02 -7.060231268405914307e-02 -3.605064153671264648e-01 3.200593888759613037e-01 -6.374460458755493164e-01 -4.755187928676605225e-01 5.546604394912719727e-01 -1.590292155742645264e-01 -1.051025837659835815e-01 -2.739331126213073730e-01 1.982293576002120972e-01 -2.494993507862091064e-01 -5.054374933242797852e-01 8.479062467813491821e-02 -4.396814107894897461e-02 1.086941957473754883e-01 -1.381783634424209595e-01 -3.091360628604888916e-01 -1.295672655105590820e-01 -5.637381970882415771e-02 -1.183666884899139404e-01 5.470193028450012207e-01 8.913265913724899292e-02 -5.613551288843154907e-02 1.142996028065681458e-01 4.050397872924804688e-01 2.956027984619140625e-01 7.736416161060333252e-02
-6.904714703559875488e-01 -1.132289245724678040e-01 -2.575359493494033813e-02 -5.228249430656433105e-01 1.608970761299133301e-02 -1.363796927034854889e-02 -3.086483478546142578e-02 -3.336924910545349121e-01 -4.768130481243133545e-01 3.363507986068725586e-01 -4.442580044269561768e-01 2.851436138153076172e-01 2.255851477384567261e-01 2.526837587356567383e-01 -4.628216028213500977e-01 -3.010781109333038330e-01 1.421295255422592163e-01 1.606113016605377197e-01 -3.145396709442138672e-01 7.148984074592590332e-02 3.049949109554290771e-01 -1.691992767155170441e-02 -5.125415325164794922e-01 -3.419155180454254150e-01 -1.601615920662879944e-02 4.431366920471191406e-03 -2.162417769432067871e-01 -3.647439181804656982e-02 -2.706459164619445801e-01 2.420781850814819336e-01 -2.791737318038940430e-01 8.109827339649200439e-02 4.819127917289733887e-01 3.565855622291564941e-01 -1.149618327617645264e-01 4.440439939498901367e-01 2.923446893692016602e-01 -3.993323817849159241e-02 -2.376232296228408813e-01 9.469706565141677856e-03 -3.087043166160583496e-01 -5.726051330566406250e-01 2.823968529701232910e-01 -1.809365451335906982e-01 -4.271427094936370850e-01 -7.191891968250274658e-02 -2.172381132841110229e-01 1.559849828481674194e-02 -4.528321027755737305e-01 -8.497989177703857422e-02 -8.008366823196411133e-02 2.405901253223419189e-02 -1.722988337278366089e-01 -4.987425506114959717e-01 5.453657358884811401e-02 3.034991025924682617e-01 1.389773339033126831e-01 5.821722745895385742e-01 -6.063150614500045776e-02 3.450925946235656738e-01 -1.769872941076755524e-02 4.885058999061584473e-01 -3.398353978991508484e-02 3.986677825450897217e-01
-5.183336734771728516e-01 3.775352537631988525e-01 1.568132638931274414e-01 -8.412358164787292480e-01 1.932071149349212646e-02 -4.736740887165069580e-02 -1.323076635599136353e-01 -8.090478926897048950e-02 -1.210294961929321289e-01 5.552968382835388184e-01 -4.098871946334838867e-01 4.198241531848907471e-01 3.589298129081726074e-01 8.239392042160034180e-01 4.811909794807434082e-02 5.662429332733154297e-02 7.956128120422363281e-01 2.798002958297729492e-01 -3.859257698059082031e-01 3.354145959019660950e-02 6.233084201812744141e-01 4.030670970678329468e-02 -4.872768819332122803e-01 -4.446977972984313965e-01 1.324636936187744141e-01 -8.760748803615570068e-02 -1.147596351802349091e-02 4.923532158136367798e-02 -1.436271220445632935e-01 -2.560086846351623535e-01 -2.745052576065063477e-01 1.702986061573028564e-01 4.242213964462280273e-01 1.763402968645095825e-01 -3.415737748146057129e-01 3.655876815319061279e-01 4.706773459911346436e-01 2.907831072807312012e-01 -1.911048293113708496e-01 3.267848864197731018e-02 -2.607840299606323242e-01 -1.721698045730590820e-01 5.089517682790756226e-02 -1.973120570182800293e-01 -1.977964490652084351e-01 -3.516334667801856995e-02 2.975830137729644775e-01 -3.473653793334960938e-01 -3.440210819244384766e-01 -7.591644674539566040e-02 -6.938979029655456543e-02 2.507824897766113281e-01 -5.787109732627868652e-01 -3.832758665084838867e-01 7.971531897783279419e-02 1.528699547052383423e-01 -1.295123249292373657e-01 7.447714209556579590e-01 -6.686592847108840942e-02 4.951905310153961182e-01 -2.545868754386901855e-01 1.407037824392318726e-01 2.072658538818359375e-01 1.985800862312316895e-01
-6.737540960311889648e-01 -1.847018301486968994e-01 -3.543414920568466187e-02 -6.229391098022460938e-01 -2.715749442577362061e-01 5.336322784423828125e-01 8.558422327041625977e-02 -1.980835199356079102e-01 -3.921008408069610596e-01 5.151495933532714844e-01 -3.887641131877899170e-01 2.586608380079269409e-02 -1.284928470849990845e-01 1.302968263626098633e-01 -2.056891620159149170e-01 -1.671499013900756836e-01 -8.262775093317031860e-02 -9.066335856914520264e-03 -2.498339116573333740e-01 -1.115684211254119873e-02 2.718192338943481445e-01 6.085056811571121216e-04 -4.369434714317321777e-01 -4.882588237524032593e-02 -4.093503952026367188e-01 1.118577420711517334e-01 -1.202355846762657166e-01 3.714136481285095215e-01 -3.369747400283813477e-01 -1.065976172685623169e-02 -4.588598012924194336e-02 2.000668048858642578e-01 2.801938951015472412e-01 2.222308069467544556e-01 -8.111342787742614746e-02 2.929129004478454590e-01 7.512786984443664551e-02 2.374323084950447083e-04 1.129845529794692993e-01 -6.864648312330245972e-03 -5.299600958824157715e-01 -3.146677315235137939e-01 5.421820282936096191e-01 2.177017182111740112e-02 -4.392596781253814697e-01 -7.328125834465026855e-02 6.984132528305053711e-02 1.041318699717521667e-01 -4.074369072914123535e-01 -4.381216317415237427e-02 1.332064419984817505e-01 2.960396707057952881e-01 -3.455350399017333984e-01 -3.537361323833465576e-01 2.285567671060562134e-02 1.640679240226745605e-01 -3.668514266610145569e-02 4.985548257827758789e-01 -5.552438646554946899e-02 2.972679138183593750e-01 -1.053572148084640503e-01 4.332321286201477051e-01 4.366583526134490967e-01 2.396203577518463135e-01
-6.754593253135681152e-01 5.129598975181579590e-01 -3.043805658817291260e-01 -7.190889120101928711e-01 2.484219819307327271e-01 -1.916690170764923096e-01 -2.496302127838134766e-02 -6.115599870681762695e-01 -1.419226080179214478e-01 5.637629628181457520e-01 -6.027471423149108887e-01 2.590128481388092041e-01 4.107350409030914307e-01 6.448834538459777832e-01 2.598027586936950684e-01 4.985609278082847595e-02 3.374176919460296631e-01 -1.956225931644439697e-01 -4.142358601093292236e-01 3.949857950210571289e-01 1.354723423719406128e-01 5.579198896884918213e-02 -3.958805799484252930e-01 3.239768147468566895e-01 2.813080549240112305e-01 -5.398661494255065918e-01 3.714888691902160645e-01 -1.771716475486755371e-01 -1.473515927791595459e-01 -3.553433418273925781e-01 3.548370301723480225e-02 2.878978848457336426e-02 8.556492924690246582e-01 3.297240138053894043e-01 -2.430758625268936157e-01 6.163737177848815918e-01 2.610089480876922607e-01 9.079169481992721558e-02 -6.662693023681640625e-01 2.320929318666458130e-01 1.678562909364700317e-01 -5.239139795303344727e-01 4.271783232688903809e-01 -3.592504858970642090e-01 1.111829280853271484e-01 3.209069743752479553e-02 7.577493190765380859e-01 -1.860796362161636353e-01 -7.450392842292785645e-01 1.451935619115829468e-02 1.317074000835418701e-01 3.103880286216735840e-01 -3.107472658157348633e-01 -3.298172354698181152e-01 -2.187585830688476562e-01 1.439670920372009277e-01 5.651843175292015076e-02 5.373489856719970703e-01 -1.699975430965423584e-01 1.563571393489837646e-01 -2.133980393409729004e-01 2.387416213750839233e-01 -9.780772030353546143e-02 -2.554610371589660645e-01
-6.547603011131286621e-01 3.327750861644744873e-01 -5.757077783346176147e-02 -4.657129049301147461e-01 1.402917355298995972e-01 -1.239377558231353760e-01 4.758960008621215820e-02 -3.191035091876983643e-01 -4.292971491813659668e-01 -3.062958270311355591e-02 -1.275388598442077637e-01 8.618613332509994507e-02 -4.280422255396842957e-02 3.711796104907989502e-01 -4.354911446571350098e-01 -6.502084434032440186e-02 1.261114478111267090e-01 3.247466087341308594e-01 -9.832186698913574219e-01 -7.433936744928359985e-02 2.149453014135360718e-01 1.032454334199428558e-02 -1.968424022197723389e-01 -3.360959887504577637e-01 -8.252066373825073242e-02 1.073008775711059570e-02 2.649228870868682861e-01 -4.670256972312927246e-01 3.054012060165405273e-01 3.289710283279418945e-01 2.053395062685012817e-01 3.176761567592620850e-01 1.314573436975479126e-01 1.808114945888519287e-01 1.166387200355529785e-01 1.544224023818969727e-01 2.290090322494506836e-01 -1.156853735446929932e-01 -4.920342564582824707e-01 7.182084023952484131e-02 -1.771713234484195709e-02 -5.177427530288696289e-01 1.063715666532516479e-01 -5.081392526626586914e-01 -2.333785593509674072e-01 -4.625229239463806152e-01 -2.014070302248001099e-01 1.092120483517646790e-01 -4.314779937267303467e-01 -8.030235767364501953e-05 -4.034506678581237793e-01 -2.149471640586853027e-01 -4.403761625289916992e-01 -2.294538021087646484e-01 -5.834742635488510132e-02 2.822702527046203613e-01 -4.920110106468200684e-02 2.897483110427856445e-01 1.340949833393096924e-01 4.053286015987396240e-01 -4.296205937862396240e-01 2.978669106960296631e-02 6.950777769088745117e-02 4.249100983142852783e-01
-4.418067038059234619e-01 -1.889433711767196655e-02 -6.374167650938034058e-02 -4.908183515071868896e-01 -2.521046996116638184e-01 -3.321783989667892456e-02 -4.736876487731933594e-02 -3.310669660568237305e-01 -1.821260750293731689e-01 3.065952658653259277e-01 -5.134090781211853027e-01 1.609934866428375244e-01 3.310963213443756104e-01 2.873881459236145020e-01 -2.195221781730651855e-01 -3.333800137042999268e-01 2.970254123210906982e-01 -4.254943132400512695e-02 -4.153138697147369385e-01 -1.030107364058494568e-01 1.732691973447799683e-01 3.017490208148956299e-01 -6.008697152137756348e-01 -1.662963330745697021e-01 2.909448742866516113e-01 -6.243674457073211670e-02 -3.897716104984283447e-02 -1.249032095074653625e-01 -3.877299427986145020e-01 1.539439558982849121e-01 -4.906808584928512573e-02 3.191561400890350342e-01 4.741814434528350830e-01 2.672464847564697266e-01 -4.271804690361022949e-01 6.878505349159240723e-01 4.440806806087493896e-02 -7.676885277032852173e-02 -1.195105165243148804e-01 3.863923549652099609e-01 7.718700170516967773e-02 -5.062116980552673340e-01 3.836124539375305176e-01 -3.956297934055328369e-01 -2.997954376041889191e-02 3.704441785812377930e-01 1.230154186487197876e-01 1.863776743412017822e-01 -5.398913025856018066e-01 1.006479784846305847e-01 -2.233109325170516968e-01 -3.569849729537963867e-01 -1.808440685272216797e-01 -1.158542335033416748e-01 1.431207358837127686e-01 5.688264369964599609e-01 1.200858801603317261e-01 3.671731352806091309e-01 1.926469504833221436e-01 -2.887182831764221191e-01 1.698548644781112671e-01 4.680705070495605469e-01 2.063606306910514832e-02 4.822497069835662842e-01
-5.713873505592346191e-01 -2.859732508659362793e-01 -2.236238121986389160e-01 -7.832480669021606445e-01 -3.744242191314697266e-01 9.771966934204101562e-02 1.369057893753051758e-01 -3.261790275573730469e-01 -3.359343111515045166e-01 4.414246678352355957e-01 -6.762828826904296875e-01 3.186898231506347656e-01 8.408026397228240967e-02 1.233256384730339050e-01 -2.402195334434509277e-02 5.593989044427871704e-05 1.352911740541458130e-01 -1.161737814545631409e-01 -4.745539724826812744e-01 -2.602367103099822998e-01 1.211578994989395142e-01 1.827875822782516479e-01 -2.816809117794036865e-01 -7.385641336441040039e-02 -2.286063730716705322e-01 -1.774349063634872437e-01 4.792592674493789673e-02 1.160723716020584106e-02 9.986302256584167480e-02 1.043909639120101929e-01 -8.832291513681411743e-02 5.075610876083374023e-01 1.804232001304626465e-01 2.029106169939041138e-01 -1.456881612539291382e-01 5.190590620040893555e-01 1.342896521091461182e-01 1.796098351478576660e-01 2.520967721939086914e-01 -1.693123430013656616e-01 -7.511378824710845947e-02 -5.056537389755249023e-01 1.070789843797683716e-01 -2.325164377689361572e-01 -1.644273847341537476e-01 2.542223632335662842e-01 7.796245068311691284e-02 2.376863360404968262e-01 -5.481122136116027832e-01 -1.006557494401931763e-01 7.930561900138854980e-03 -1.082342769950628281e-02 -3.308927416801452637e-01 -2.405140548944473267e-02 6.873082369565963745e-02 3.140777051448822021e-01 3.099850714206695557e-01 7.523612976074218750e-01 -2.741704322397708893e-02 3.497984409332275391e-01 3.778401762247085571e-02 2.251559346914291382e-01 2.662574648857116699e-01 4.943218231201171875e-01
-6.470590233802795410e-01 -2.143999040126800537e-01 -6.222189217805862427e-02 -3.800342977046966553e-01 -6.179204955697059631e-02 1.482272744178771973e-01 -1.152617782354354858e-01 -3.132958114147186279e-01 -6.791279911994934082e-01 6.213041394948959351e-02 -3.325540721416473389e-01 1.655808389186859131e-01 2.226083576679229736e-01 1.639573574066162109e-01 -4.859651327133178711e-01 -5.192506313323974609e-01 -1.474648900330066681e-02 7.462177425622940063e-02 -2.631089091300964355e-01 1.076494008302688599e-01 4.097557067871093750e-01 4.356419667601585388e-03 -4.952234327793121338e-01 -1.572234928607940674e-01 -5.325124040246009827e-02 5.452740192413330078e-02 -3.008341491222381592e-01 8.610143512487411499e-02 -3.853850066661834717e-01 7.354009151458740234e-02 -1.063480973243713379e-01 2.515470981597900391e-01 5.412797331809997559e-01 4.090944528579711914e-01 -3.646586090326309204e-02 3.931998014450073242e-01 1.085423827171325684e-01 -2.235370725393295288e-01 -1.091229766607284546e-01 2.330337017774581909e-01 -3.450859189033508301e-01 -6.329861879348754883e-01 3.743199110031127930e-01 -1.422354876995086670e-01 -4.876225888729095459e-01 -5.325480923056602478e-02 -3.036918044090270996e-01 1.725644171237945557e-01 -3.300240635871887207e-01 1.397036015987396240e-01 -7.921868562698364258e-02 -1.286010891199111938e-01 5.975277721881866455e-02 -2.802320718765258789e-01 8.801411837339401245e-02 5.555282235145568848e-01 4.045695438981056213e-02 4.495782852172851562e-01 5.116023868322372437e-02 1.026414409279823303e-01 -1.129728741943836212e-02 6.795897483825683594e-01 5.295986309647560120e-02 2.937780022621154785e-01
-6.632924675941467285e-01 4.870191812515258789e-01 7.205214351415634155e-02 -7.491057515144348145e-01 1.217664927244186401e-01 2.133750356733798981e-02 -2.597764134407043457e-01 -2.757834792137145996e-01 -1.423368155956268311e-01 5.448469519615173340e-01 -4.021047949790954590e-01 2.340280115604400635e-01 2.311123758554458618e-01 9.062485098838806152e-01 2.921421825885772705e-02 1.093137357383966446e-02 6.218891143798828125e-01 2.291277050971984863e-04 -5.191337466239929199e-01 1.646942496299743652e-01 4.362551569938659668e-01 -7.840192317962646484e-02 -6.100756525993347168e-01 -1.829595565795898438e-01 -1.855230703949928284e-02 -2.717466950416564941e-01 2.604482471942901611e-01 1.520266830921173096e-01 -2.201341092586517334e-02 -2.038026601076126099e-01 7.423730567097663879e-03 8.774647116661071777e-02 4.676435291767120361e-01 1.062135398387908936e-02 -3.496845960617065430e-01 4.449559748172760010e-01 1.780906617641448975e-01 9.150986373424530029e-02 -4.044879674911499023e-01 1.796260476112365723e-01 -7.781305164098739624e-02 -2.967991232872009277e-01 3.924154043197631836e-01 -1.754592359066009521e-01 -7.686565071344375610e-02 -2.096213847398757935e-01 4.387425482273101807e-01 -3.480060100555419922e-01 -5.623503327369689941e-01 1.270411014556884766e-01 1.845477372407913208e-01 1.266594678163528442e-01 -5.445016026496887207e-01 -2.435053586959838867e-01 -1.123675927519798279e-01 1.234800294041633606e-01 -6.790742278099060059e-02 5.770062208175659180e-01 -2.744839191436767578e-01 5.495702028274536133e-01 -2.935774624347686768e-01 8.875164389610290527e-02 2.084871977567672729e-01 -7.425653934478759766e-02
-3.293916285037994385e-01 -3.257656395435333252e-01 1.780837476253509521e-01 -4.488472640514373779e-01 1.271216720342636108e-01 2.390107512474060059e-01 -1.307412534952163696e-01 -2.832462489604949951e-01 -6.522959470748901367e-01 1.187894865870475769e-01 -2.734475433826446533e-01 -1.221606880426406860e-02 2.042872309684753418e-01 1.174652054905891418e-01 -1.502481251955032349e-01 -5.850215554237365723e-01 3.065888285636901855e-01 3.458545207977294922e-01 -2.818244397640228271e-01 2.079693078994750977e-01 3.832518458366394043e-01 2.783251106739044189e-01 -4.816316366195678711e-01 -2.895278632640838623e-01 -7.239010930061340332e-02 -1.098147183656692505e-01 -3.568541705608367920e-01 1.110602170228958130e-02 -4.476653635501861572e-01 3.754042834043502808e-02 -9.603653848171234131e-02 3.472087979316711426e-01 4.903566241264343262e-01 3.391963839530944824e-01 -3.151724487543106079e-02 3.794445395469665527e-01 3.643670380115509033e-01 -1.120405793190002441e-01 -2.608202397823333740e-02 4.328835308551788330e-01 -1.310184448957443237e-01 -4.317908883094787598e-01 2.357454448938369751e-01 -3.098933100700378418e-01 -7.780106663703918457e-01 2.117676585912704468e-01 -1.120424866676330566e-01 7.546814531087875366e-02 -1.672467887401580811e-01 7.696274667978286743e-02 -2.825863659381866455e-02 -8.124604821205139160e-02 -7.958929240703582764e-02 -4.376406073570251465e-01 3.413816392421722412e-01 7.402804493904113770e-01 -1.023962348699569702e-01 2.959308624267578125e-01 2.017309069633483887e-01 1.927190124988555908e-01 -2.149441987276077271e-01 7.174941897392272949e-01 4.998224601149559021e-02 2.061882913112640381e-01
-4.437185525894165039e-01 -5.996536016464233398e-01 -1.187541410326957703e-01 -2.988191843032836914e-01 -9.143755584955215454e-02 4.190957546234130859e-02 6.206817924976348877e-02 -1.665533781051635742e-01 -4.506593644618988037e-01 -2.938228100538253784e-02 -3.682849407196044922e-01 -1.057297512888908386e-01 -1.660923808813095093e-01 -8.865230530500411987e-02 -4.994418621063232422e-01 -5.013411045074462891e-01 1.741715371608734131e-01 2.436624169349670410e-01 -2.831762135028839111e-01 3.809412196278572083e-02 2.678557038307189941e-01 8.539823442697525024e-02 -4.761955142021179199e-01 -3.440582156181335449e-01 -1.045308113098144531e-01 -6.085589528083801270e-03 -3.957118093967437744e-01 9.120035916566848755e-02 -2.827063798904418945e-01 3.496868610382080078e-01 -2.539525739848613739e-02 1.787302196025848389e-01 1.859179735183715820e-01 4.687944054603576660e-01 -6.861996650695800781e-02 2.703957855701446533e-01 1.322388201951980591e-01 -1.575034111738204956e-01 1.351320743560791016e-02 2.328086942434310913e-01 -1.505905538797378540e-01 -4.060844480991363525e-01 3.560307025909423828e-01 -2.039165794849395752e-01 -5.521399974822998047e-01 3.142888545989990234e-01 -4.719539582729339600e-01 2.610284090042114258e-01 -2.979802787303924561e-01 3.232428431510925293e-02 -5.330796539783477783e-02 -1.357585936784744263e-01 -1.053577661514282227e-01 -3.171952068805694580e-01 3.883197307586669922e-01 6.059136986732482910e-01 1.663798391819000244e-01 4.047873020172119141e-01 2.395122945308685303e-01 3.374198377132415771e-01 -7.279609143733978271e-02 4.916321635246276855e-01 2.068888247013092041e-01 6.251100897789001465e-01
-4.616374373435974121e-01 6.621120125055313110e-02 -4.622113704681396484e-01 -7.465534806251525879e-01 -8.433473855257034302e-02 -1.507571339607238770e-01 2.291207462549209595e-01 -4.073957204818725586e-01 -4.451834857463836670e-01 1.606800258159637451e-01 -4.273275434970855713e-01 4.124366641044616699e-01 -1.413973271846771240e-01 1.842219531536102295e-01 -2.813045680522918701e-02 1.118533909320831299e-01 2.608105354011058807e-02 -4.327274113893508911e-02 -6.393693089485168457e-01 1.335391253232955933e-01 -1.861497014760971069e-01 8.309863507747650146e-03 -2.210170030593872070e-03 -9.680996835231781006e-02 -1.311286389827728271e-01 2.073427289724349976e-02 3.281681835651397705e-01 -4.818146228790283203e-01 3.629195094108581543e-01 5.367225781083106995e-02 9.503639489412307739e-02 2.530979216098785400e-01 6.654459238052368164e-02 3.133368492126464844e-01 3.797642588615417480e-01 4.137350618839263916e-01 3.118909597396850586e-01 -4.677630029618740082e-03 -1.384366005659103394e-01 -2.851699888706207275e-01 1.992521286010742188e-01 -1.053105473518371582e+00 3.083936572074890137e-01 2.317366003990173340e-02 -1.375569254159927368e-01 -2.787330746650695801e-01 -7.007157802581787109e-02 3.551046550273895264e-01 -4.051688909530639648e-01 -2.214650213718414307e-01 -3.991835713386535645e-01 -1.198961138725280762e-01 -4.551311135292053223e-01 -2.944101691246032715e-01 -2.545336484909057617e-01 3.896595239639282227e-01 2.996572554111480713e-01 6.138944029808044434e-01 -1.048484072089195251e-01 2.104385197162628174e-01 -2.477107197046279907e-01 1.500111073255538940e-01 -1.060864031314849854e-01 4.464179575443267822e-01
-8.805738687515258789e-01 2.978572249412536621e-01 -9.302166849374771118e-02 -4.230509400367736816e-01 -2.614765167236328125e-01 7.827806472778320312e-02 -7.148739695549011230e-02 -4.048740267753601074e-01 -1.295172721147537231e-01 5.912784337997436523e-01 -3.883132934570312500e-01 2.110242247581481934e-01 2.610817551612854004e-01 3.428886234760284424e-01 -2.368076145648956299e-01 8.607013523578643799e-02 -1.842855848371982574e-02 -9.571659564971923828e-02 -4.643000662326812744e-01 -3.656537234783172607e-01 4.306604862213134766e-01 1.645608991384506226e-01 -7.571421265602111816e-01 -2.238801121711730957e-02 2.277067750692367554e-01 -2.757161855697631836e-02 3.064728081226348877e-01 -1.035538911819458008e-01 -3.995148837566375732e-01 1.704116165637969971e-01 1.375040858983993530e-01 5.000613629817962646e-03 5.555570125579833984e-01 -1.199899166822433472e-01 -4.679788351058959961e-01 5.747408270835876465e-01 7.383978366851806641e-02 -8.581832051277160645e-03 -2.817486524581909180e-01 2.674040794372558594e-01 -3.188210725784301758e-01 -3.989054262638092041e-01 3.908217549324035645e-01 -3.759839236736297607e-01 5.068715661764144897e-02 5.457991734147071838e-02 4.986782073974609375e-01 -1.243484467267990112e-01 -5.754017829895019531e-01 3.739837557077407837e-02 -1.754572838544845581e-01 -9.022340178489685059e-02 -2.547148466110229492e-01 -3.575170040130615234e-01 4.195060580968856812e-02 -4.274450242519378662e-02 -9.830700606107711792e-02 3.476895093917846680e-01 1.578302085399627686e-01 -1.154495701193809509e-01 5.290810391306877136e-02 2.218093723058700562e-01 2.763032019138336182e-01 2.350821197032928467e-01
-6.700118184089660645e-01 -1.276729255914688110e-02 -3.434245586395263672e-01 -3.712975084781646729e-01 -9.891851246356964111e-02 1.348717361688613892e-01 4.065054655075073242e-02 -2.669403254985809326e-01 -1.441952139139175415e-01 2.884352505207061768e-01 -6.553860902786254883e-01 1.287815570831298828e-01 -2.319624125957489014e-01 2.848955392837524414e-01 -2.648572623729705811e-01 -1.359789669513702393e-01 -1.475559026002883911e-01 -7.255156338214874268e-02 -3.205254971981048584e-01 7.043977081775665283e-02 1.319927722215652466e-01 -9.527140110731124878e-02 -5.653676986694335938e-01 6.532925367355346680e-02 7.294921576976776123e-02 -1.505930423736572266e-01 7.873875647783279419e-02 6.280039995908737183e-02 -3.430722951889038086e-01 1.496546566486358643e-01 4.373241215944290161e-02 2.022147476673126221e-01 3.604043722152709961e-01 3.027963638305664062e-01 -7.078544795513153076e-02 2.077592164278030396e-01 3.321991264820098877e-01 -2.378225326538085938e-01 -2.904536575078964233e-02 -2.351298779249191284e-01 -9.684360027313232422e-02 -5.165977478027343750e-01 5.609506368637084961e-01 -8.941698074340820312e-02 -2.421692907810211182e-01 2.401243522763252258e-02 8.796636760234832764e-02 3.154589831829071045e-01 -3.303968608379364014e-01 -3.512008860707283020e-02 3.615616261959075928e-02 1.074758768081665039e-01 -1.942139267921447754e-01 -1.202713325619697571e-01 -9.204944223165512085e-02 2.138188183307647705e-01 1.974070966243743896e-01 4.440209865570068359e-01 -8.133539557456970215e-02 -7.429604232311248779e-02 9.920997545123100281e-03 4.433739781379699707e-01 4.149335622787475586e-01 3.802719414234161377e-01
-2.798007726669311523e-01 -1.315704286098480225e-01 1.343230307102203369e-01 -3.598710000514984131e-01 -4.571539163589477539e-02 8.536242693662643433e-02 -1.180092841386795044e-01 -7.064524292945861816e-02 -3.474298715591430664e-01 -3.425978124141693115e-03 -3.718785345554351807e-01 3.462972491979598999e-02 1.786774992942810059e-01 1.743802726268768311e-01 -4.855496287345886230e-01 -5.816875100135803223e-01 2.056154459714889526e-01 3.725851774215698242e-01 -2.330605089664459229e-01 6.307025440037250519e-03 3.874160647392272949e-01 1.549433618783950806e-01 -4.838887155055999756e-01 -3.449584543704986572e-01 5.863436684012413025e-02 6.698808073997497559e-02 -3.991362154483795166e-01 1.873838156461715698e-02 -5.249038934707641602e-01 1.633416414260864258e-01 -3.066190183162689209e-01 3.702135384082794189e-01 4.660728275775909424e-01 3.329818248748779297e-01 2.586686238646507263e-02 3.202685117721557617e-01 3.677808642387390137e-01 -2.171655446290969849e-01 -5.595738813281059265e-02 1.992183178663253784e-01 -3.146611154079437256e-01 -3.409665226936340332e-01 2.843505144119262695e-01 -2.939833998680114746e-01 -5.912762284278869629e-01 7.115027308464050293e-02 -3.254242539405822754e-01 1.811595559120178223e-01 -2.533299326896667480e-01 6.118301302194595337e-02 -2.918195724487304688e-01 -1.004174500703811646e-01 -1.147812306880950928e-01 -2.217943668365478516e-01 4.802073240280151367e-01 6.598850488662719727e-01 -5.797983705997467041e-02 3.622609972953796387e-01 2.056679725646972656e-01 -2.014429122209548950e-02 1.593154221773147583e-01 6.038310527801513672e-01 1.160280257463455200e-01 4.952890872955322266e-01
-5.136400461196899414e-01 -9.043367952108383179e-02 -2.644847631454467773e-01 -7.139606475830078125e-01 -3.453795313835144043e-01 -2.580236457288265228e-02 4.230977892875671387e-01 -5.108872652053833008e-01 -3.791593909263610840e-01 5.102480649948120117e-01 -6.415629386901855469e-01 3.117773234844207764e-01 -2.215410396456718445e-02 -8.777099102735519409e-02 -1.244053691625595093e-01 1.184188276529312134e-01 -4.036501944065093994e-01 -2.218531668186187744e-01 -5.470911860466003418e-01 2.363213300704956055e-01 2.008722722530364990e-02 -3.022172488272190094e-02 -1.301898360252380371e-01 4.199269115924835205e-01 1.199873089790344238e-01 1.177500635385513306e-01 3.072921931743621826e-01 -4.627830386161804199e-01 1.936475187540054321e-01 2.322378754615783691e-02 2.710587978363037109e-01 3.383804559707641602e-01 2.439077198505401611e-01 3.534770011901855469e-01 1.914390921592712402e-01 5.892977714538574219e-01 1.409036517143249512e-01 4.141580313444137573e-02 9.405364096164703369e-02 -1.326312869787216187e-01 8.556008338928222656e-02 -6.941676139831542969e-01 4.853059649467468262e-01 3.096182644367218018e-02 -8.103430271148681641e-02 -3.246277198195457458e-02 4.667911827564239502e-01 4.897145032882690430e-01 -6.392438411712646484e-01 -1.699818968772888184e-01 -1.066052988171577454e-01 1.080059930682182312e-01 4.953987896442413330e-02 -2.159307301044464111e-01 -2.909166514873504639e-01 3.181208670139312744e-01 2.301716953516006470e-01 2.381059974431991577e-01 7.944265007972717285e-02 -1.977672278881072998e-01 -8.386848121881484985e-02 3.099786043167114258e-01 1.478948295116424561e-01 3.950616717338562012e-01
-5.991474986076354980e-01 -4.496913030743598938e-02 -1.867967844009399414e-01 -7.668670415878295898e-01 -2.304430156946182251e-01 -7.811045646667480469e-02 -3.306320309638977051e-02 -3.467577099800109863e-01 -3.993896245956420898e-01 4.926300048828125000e-01 -4.353264272212982178e-01 3.961190581321716309e-01 1.648711413145065308e-01 3.193038702011108398e-01 4.597672075033187866e-02 -2.337410449981689453e-01 -5.473396740853786469e-03 8.621197193861007690e-02 -1.915154159069061279e-01 3.569062426686286926e-02 3.281417489051818848e-01 -1.239000260829925537e-01 -5.812910795211791992e-01 4.279588907957077026e-02 -8.391813188791275024e-02 -1.204387992620468140e-01 1.439368575811386108e-01 -5.575574934482574463e-02 -2.977320849895477295e-01 2.671013772487640381e-02 -5.928517132997512817e-02 -6.282962858676910400e-03 3.946015238761901855e-01 1.925381571054458618e-01 -1.993889361619949341e-02 6.404628157615661621e-01 2.005892395973205566e-01 -9.824071079492568970e-02 -1.208088696002960205e-01 -4.557549580931663513e-02 -7.493110001087188721e-02 -6.134821176528930664e-01 4.245510101318359375e-01 -1.647610366344451904e-01 6.706321984529495239e-02 -2.399646490812301636e-01 5.574619174003601074e-01 -2.037032544612884521e-01 -9.198080897331237793e-01 -2.116836309432983398e-01 2.779233455657958984e-02 -3.537799790501594543e-02 -4.400680661201477051e-01 -2.135528624057769775e-01 -2.203894853591918945e-01 2.405770272016525269e-01 2.691228315234184265e-02 5.062667727470397949e-01 -4.201098084449768066e-01 2.305162549018859863e-01 -1.098781302571296692e-01 4.351222515106201172e-01 1.731551587581634521e-01 -1.861217990517616272e-02
-3.424068093299865723e-01 -1.243870630860328674e-01 2.404916584491729736e-01 -7.778914570808410645e-01 -2.324330359697341919e-01 1.468408554792404175e-01 1.070758700370788574e-02 1.105122938752174377e-01 -4.768595993518829346e-01 3.846189081668853760e-01 -1.456183344125747681e-01 3.208240568637847900e-01 4.583973437547683716e-03 3.135918080806732178e-01 3.453591465950012207e-02 -1.255933940410614014e-01 6.788884997367858887e-01 5.323655605316162109e-01 -3.643819689750671387e-01 -2.911868989467620850e-01 5.718947649002075195e-01 2.510442435741424561e-01 -3.933109343051910400e-01 -5.032346248626708984e-01 -3.507073819637298584e-01 3.977309167385101318e-02 -1.819375008344650269e-01 -7.469903677701950073e-02 4.644956439733505249e-02 5.649510771036148071e-02 -1.614114642143249512e-01 1.610475480556488037e-01 2.652620375156402588e-01 -4.052807390689849854e-02 -8.482329547405242920e-02 4.017607867717742920e-01 4.509310424327850342e-01 2.002606689929962158e-01 -7.846881449222564697e-02 1.237617284059524536e-01 -4.929751157760620117e-01 -1.130037009716033936e-01 -4.157479852437973022e-02 -3.775244057178497314e-01 -3.521498143672943115e-01 -7.864832878112792969e-02 2.629518210887908936e-01 -1.965934336185455322e-01 -2.831480503082275391e-01 4.152439534664154053e-03 -3.023125231266021729e-02 -4.708610475063323975e-02 -7.754266262054443359e-01 -5.603740811347961426e-01 2.927203178405761719e-01 2.066401988267898560e-01 -1.958140730857849121e-01 6.475449800491333008e-01 -5.066949874162673950e-03 6.244416236877441406e-01 -3.061167597770690918e-01 1.027116328477859497e-01 1.640790849924087524e-01 3.725804686546325684e-01
-6.084081530570983887e-01 -1.394245624542236328e-01 -3.701583147048950195e-01 -7.338057160377502441e-01 -3.327258825302124023e-01 -1.553204804658889771e-01 1.179876998066902161e-01 -4.014765024185180664e-01 -2.304089218378067017e-01 6.796869635581970215e-02 -5.528802871704101562e-01 3.955671191215515137e-01 -1.279440969228744507e-01 3.565018177032470703e-01 -1.002884805202484131e-01 -1.290057599544525146e-01 1.874601282179355621e-02 -3.762841224670410156e-04 -4.918529689311981201e-01 4.348514378070831299e-01 -3.837749361991882324e-03 -1.446070373058319092e-01 -1.996562778949737549e-01 2.863408625125885010e-01 2.417847514152526855e-01 3.940472006797790527e-02 1.465276181697845459e-01 -4.193243980407714844e-01 1.108778715133666992e-01 2.184285074472427368e-01 9.495386481285095215e-02 4.629440009593963623e-01 2.780210375785827637e-01 3.053292036056518555e-01 2.982944250106811523e-01 3.759362697601318359e-01 3.689319789409637451e-01 -3.454301059246063232e-01 1.773761659860610962e-01 -2.635976672172546387e-01 4.642812907695770264e-01 -7.606273889541625977e-01 4.727506041526794434e-01 1.561560928821563721e-01 -1.439106613397598267e-01 -7.998973131179809570e-02 2.383531630039215088e-01 4.784638881683349609e-01 -2.330687940120697021e-01 -1.304757148027420044e-01 -3.714695572853088379e-01 -3.448528647422790527e-01 -1.975066214799880981e-02 -2.218578010797500610e-02 -3.304379582405090332e-01 6.658554077148437500e-01 3.524471223354339600e-01 3.714085817337036133e-01 -1.243022531270980835e-01 -6.597580760717391968e-02 -3.339040875434875488e-01 4.324154257774353027e-01 6.046080216765403748e-02 3.770518600940704346e-01
-6.182568073272705078e-01 -2.248868048191070557e-01 -2.934883534908294678e-01 -6.030852198600769043e-01 -5.910914540290832520e-01 1.029514521360397339e-01 4.132667183876037598e-01 -5.905091166496276855e-01 -7.084595561027526855e-01 1.009196415543556213e-01 -5.335125327110290527e-01 1.660501062870025635e-01 -1.143291741609573364e-01 -5.008738860487937927e-02 -3.942489326000213623e-01 -1.253718435764312744e-01 -3.840045332908630371e-01 -6.118122488260269165e-03 -6.313681602478027344e-01 1.790033280849456787e-01 -1.007516235113143921e-01 1.144744679331779480e-01 -7.571451365947723389e-03 6.296934485435485840e-01 -6.404116749763488770e-02 1.586603820323944092e-01 -2.928886376321315765e-02 -3.970718979835510254e-01 1.868977099657058716e-01 1.250690817832946777e-01 1.038221195340156555e-01 4.084299504756927490e-01 2.214049696922302246e-01 4.974192976951599121e-01 3.307654857635498047e-01 5.437692999839782715e-01 -9.620636701583862305e-04 -2.627766728401184082e-01 4.502572119235992432e-02 -1.358218789100646973e-01 8.616226166486740112e-02 -7.619361877441406250e-01 4.894346594810485840e-01 2.028852701187133789e-02 7.033407688140869141e-02 -1.704024076461791992e-01 1.999292820692062378e-01 5.286834836006164551e-01 -6.231089830398559570e-01 -1.829572618007659912e-01 -2.073084712028503418e-01 -5.614312738180160522e-02 8.942824602127075195e-02 -2.275515496730804443e-01 -2.070897221565246582e-01 5.212368965148925781e-01 2.157113403081893921e-01 2.674514055252075195e-01 1.440334320068359375e-01 -1.542516797780990601e-01 -1.186466962099075317e-01 3.299821019172668457e-01 -1.290307566523551941e-02 5.591248869895935059e-01
-7.761854529380798340e-01 5.049568414688110352e-01 -5.841463059186935425e-02 -3.993816077709197998e-01 1.767951101064682007e-01 3.442731797695159912e-01 -1.533525139093399048e-01 -4.314447641372680664e-01 -1.698196493089199066e-02 3.715150654315948486e-01 -5.501310825347900391e-01 7.531841844320297241e-02 1.462570130825042725e-01 5.475638508796691895e-01 -1.466700434684753418e-01 1.539644002914428711e-01 3.410549834370613098e-02 -5.800787359476089478e-02 -4.955783784389495850e-01 2.059451118111610413e-02 3.140544593334197998e-01 -5.044816434383392334e-02 -6.713500618934631348e-01 -1.637736111879348755e-01 9.329874813556671143e-02 -3.992751240730285645e-03 1.911358833312988281e-01 1.058587953448295593e-01 -2.588497102260589600e-01 -1.284423172473907471e-01 1.669594943523406982e-01 2.736425101757049561e-01 5.236474871635437012e-01 -1.034070551395416260e-02 -3.492968082427978516e-01 2.144601047039031982e-01 2.421120107173919678e-01 -9.743530303239822388e-02 -3.407588601112365723e-01 7.461662590503692627e-02 -2.056419402360916138e-01 -3.689661622047424316e-01 5.649739503860473633e-01 -2.257904708385467529e-01 -3.012542724609375000e-01 -1.138797849416732788e-01 1.058569550514221191e-01 9.483452886343002319e-02 -3.377844691276550293e-01 1.054643467068672180e-01 -9.251735359430313110e-02 1.432626992464065552e-01 -4.480571746826171875e-01 -1.844990551471710205e-01 -5.973155051469802856e-02 2.334161251783370972e-01 -2.101358473300933838e-01 3.660599589347839355e-01 -1.002304404973983765e-01 -2.221440523862838745e-02 -2.357184328138828278e-02 2.108292430639266968e-01 6.077005863189697266e-01 5.836683139204978943e-02
-4.151897728443145752e-01 -2.176829874515533447e-01 1.346706748008728027e-01 -4.424156546592712402e-01 -2.201667279005050659e-01 2.962798774242401123e-01 5.952332913875579834e-02 -7.929039746522903442e-02 -8.073093891143798828e-01 2.031866014003753662e-01 -1.048989892005920410e-01 -4.175543040037155151e-02 -1.961054354906082153e-01 6.678699702024459839e-02 -4.159807264804840088e-01 -1.813730746507644653e-01 4.663056507706642151e-02 3.860471844673156738e-01 -4.449364244937896729e-01 -3.761509358882904053e-01 4.948667883872985840e-01 2.546925842761993408e-01 -2.433795332908630371e-01 -2.309533953666687012e-01 -4.234749078750610352e-01 1.923216432332992554e-01 -3.156490623950958252e-01 -1.264801025390625000e-01 1.152987331151962280e-01 1.317708641290664673e-01 5.596745759248733521e-02 4.367176592350006104e-01 1.983153969049453735e-01 5.452837049961090088e-02 4.570296406745910645e-02 2.236711680889129639e-01 2.803288400173187256e-01 -6.442815810441970825e-02 1.353370100259780884e-01 -1.008330136537551880e-01 -6.099105477333068848e-01 -2.134061455726623535e-01 -1.143319308757781982e-01 -4.487709701061248779e-01 -6.398426890373229980e-01 -1.798513531684875488e-01 -1.402569413185119629e-01 2.208302319049835205e-01 -3.039917349815368652e-01 1.745678186416625977e-01 -8.878783881664276123e-02 2.232851088047027588e-02 -3.128406405448913574e-01 -4.476117789745330811e-01 4.149472713470458984e-01 3.621831536293029785e-01 -1.998052150011062622e-01 5.257141590118408203e-01 2.829474806785583496e-01 3.776081502437591553e-01 -1.842664331197738647e-01 1.129556000232696533e-01 1.630566418170928955e-01 5.346018671989440918e-01
-6.807753443717956543e-01 2.408200502395629883e-01 -7.768406718969345093e-02 -5.558753609657287598e-01 -4.065529704093933105e-01 1.291776448488235474e-01 -1.825909465551376343e-01 -3.197552561759948730e-01 -3.972541540861129761e-02 4.904007315635681152e-01 -3.065606057643890381e-01 1.277865767478942871e-01 2.596551775932312012e-01 5.159528255462646484e-01 -1.496957242488861084e-01 -1.280875205993652344e-01 2.069866359233856201e-01 -8.443937450647354126e-02 -3.426550328731536865e-01 -1.914625167846679688e-01 4.293277263641357422e-01 1.607569754123687744e-01 -5.410549640655517578e-01 1.361794769763946533e-01 2.431148588657379150e-01 1.147838681936264038e-02 1.481341756880283356e-02 4.056461453437805176e-01 -5.214603543281555176e-01 -1.516868174076080322e-02 -7.030982524156570435e-04 1.655123978853225708e-01 4.417767226696014404e-01 -6.085203588008880615e-02 -4.385427832603454590e-01 3.990424573421478271e-01 -8.233219385147094727e-02 -1.365738920867443085e-03 -1.128078997135162354e-01 3.149423897266387939e-01 -3.056120276451110840e-01 -3.982670605182647705e-01 5.100185275077819824e-01 -1.932742297649383545e-01 4.311060160398483276e-02 1.515709161758422852e-01 4.525729119777679443e-01 -8.832896500825881958e-02 -6.059010028839111328e-01 1.299195885658264160e-01 -1.792260259389877319e-01 -1.154762059450149536e-01 -1.757633239030838013e-01 -2.137474715709686279e-01 1.946518123149871826e-01 1.790864467620849609e-01 -1.066289991140365601e-01 4.717535972595214844e-01 2.126716822385787964e-02 -1.719025075435638428e-01 1.765410006046295166e-01 1.481371372938156128e-01 3.581990301609039307e-01 1.210393011569976807e-01
-4.345813095569610596e-01 -2.295468747615814209e-01 -3.081002533435821533e-01 -7.338901758193969727e-01 -5.665130019187927246e-01 -1.331826597452163696e-01 1.330249905586242676e-01 -3.853167891502380371e-01 -3.034671843051910400e-01 2.110187709331512451e-01 -3.915351033210754395e-01 3.544324934482574463e-01 -1.954741179943084717e-01 3.315409123897552490e-01 -1.451694667339324951e-01 -3.165113031864166260e-01 1.571051403880119324e-02 -1.786855757236480713e-01 -4.506438672542572021e-01 3.687195107340812683e-02 -9.765438735485076904e-02 -3.821612149477005005e-02 -3.489973545074462891e-01 2.287673503160476685e-01 5.801544524729251862e-03 1.737301796674728394e-01 2.888607084751129150e-01 -2.009533941745758057e-01 1.751720346510410309e-02 8.855892717838287354e-02 2.665779292583465576e-01 4.365189373493194580e-01 -3.262615203857421875e-01 2.968578934669494629e-01 6.178557127714157104e-02 7.550227046012878418e-01 -8.610316365957260132e-02 -2.842952311038970947e-01 4.050360918045043945e-01 -1.597844809293746948e-01 4.705255031585693359e-01 -8.096165657043457031e-01 3.954786658287048340e-01 2.839993834495544434e-01 2.484894841909408569e-01 -3.966757282614707947e-02 2.416897565126419067e-01 3.369383811950683594e-01 -8.195972442626953125e-01 -2.086041867733001709e-01 -2.095331549644470215e-01 -4.164712131023406982e-01 -2.092187404632568359e-01 1.203675493597984314e-01 -4.306190311908721924e-01 6.068975329399108887e-01 2.831021845340728760e-01 3.048629462718963623e-01 -2.739531397819519043e-01 -2.522012591361999512e-01 -1.052086707204580307e-03 3.086463809013366699e-01 -9.186996519565582275e-02 4.310224354267120361e-01
-4.493051171302795410e-01 -1.393211483955383301e-01 -8.517099171876907349e-02 -4.433318376541137695e-01 1.297697424888610840e-01 -1.181270778179168701e-01 1.794093847274780273e-02 -1.223817840218544006e-01 -4.657643437385559082e-01 2.797385454177856445e-01 -4.855625927448272705e-01 2.797593772411346436e-01 3.137846589088439941e-01 1.334286332130432129e-01 -4.637225866317749023e-01 -3.181323409080505371e-01 3.347857892513275146e-01 1.393094360828399658e-01 -3.472487628459930420e-01 2.427988685667514801e-02 5.860621333122253418e-01 2.430586814880371094e-01 -5.759394764900207520e-01 -6.292276978492736816e-01 2.607476115226745605e-01 1.807818561792373657e-01 -2.339093945920467377e-02 -2.818723022937774658e-01 -2.621694803237915039e-01 5.033965781331062317e-02 -2.367073297500610352e-01 1.517856717109680176e-01 3.650045692920684814e-01 2.299572080373764038e-01 -5.899830162525177002e-02 5.484645366668701172e-01 4.147765934467315674e-01 1.524627953767776489e-01 -2.395384609699249268e-01 1.874150335788726807e-01 -2.272587567567825317e-01 -5.038466453552246094e-01 5.162346363067626953e-02 -2.974815666675567627e-01 -5.993523001670837402e-01 8.611805737018585205e-02 -3.237734735012054443e-01 -6.333076953887939453e-02 -1.849466562271118164e-01 -9.554111957550048828e-02 -3.087746500968933105e-01 -7.666659355163574219e-02 -2.204544097185134888e-01 -5.925672054290771484e-01 2.479555308818817139e-01 4.757539629936218262e-01 -8.388896286487579346e-02 3.633185625076293945e-01 2.866154611110687256e-01 2.750336825847625732e-01 4.357802122831344604e-02 4.257593154907226562e-01 -4.211802035570144653e-03 4.610520899295806885e-01
-5.255368351936340332e-01 1.062641367316246033e-01 6.302086263895034790e-02 -6.709282994270324707e-01 -1.563780754804611206e-02 3.204192817211151123e-01 -2.181643098592758179e-01 -3.387592136859893799e-01 -3.758833706378936768e-01 3.475334942340850830e-01 -3.047240972518920898e-01 1.985916793346405029e-01 2.316768914461135864e-01 5.399475693702697754e-01 -6.789994239807128906e-02 -3.916812539100646973e-01 4.346201419830322266e-01 1.370302140712738037e-01 -3.577175438404083252e-01 1.940890550613403320e-01 1.725535392761230469e-01 9.112633019685745239e-02 -3.538679480552673340e-01 -1.537273824214935303e-01 -2.334211766719818115e-01 -6.142837554216384888e-02 -2.392987906932830811e-01 3.086928129196166992e-01 -3.679178953170776367e-01 -2.365811020135879517e-01 -2.845039665699005127e-01 3.037642836570739746e-01 4.278317391872406006e-01 2.235107570886611938e-01 -1.283660084009170532e-01 4.035345613956451416e-01 2.324100732803344727e-01 -1.476023197174072266e-01 -1.997814178466796875e-01 3.413689434528350830e-01 -2.504328489303588867e-01 -4.741630256175994873e-01 3.366089463233947754e-01 -1.512857973575592041e-01 -4.219160079956054688e-01 1.819153502583503723e-02 -7.340870797634124756e-02 -1.603409051895141602e-01 -4.907831549644470215e-01 1.752233207225799561e-01 -1.118716001510620117e-01 2.273570746183395386e-01 -2.850420475006103516e-01 -1.948772668838500977e-01 1.071322336792945862e-01 3.973340392112731934e-01 -7.964335381984710693e-02 5.519255399703979492e-01 5.587399750947952271e-02 2.732344567775726318e-01 -1.968234926462173462e-01 4.954673647880554199e-01 1.168761551380157471e-01 1.436686143279075623e-02
-8.794660568237304688e-01 2.933647036552429199e-01 -2.045335471630096436e-01 -7.693655490875244141e-01 3.367803245782852173e-02 -1.579721122980117798e-01 -1.134057343006134033e-02 -4.688216745853424072e-01 -3.768356144428253174e-01 4.538775086402893066e-01 -4.035213887691497803e-01 4.078369140625000000e-01 6.781372427940368652e-02 6.434514522552490234e-01 1.012034416198730469e-01 -1.339245494455099106e-02 -2.786903269588947296e-02 -2.831877768039703369e-01 -4.709821641445159912e-01 3.810355961322784424e-01 1.135201081633567810e-01 -3.990436792373657227e-01 -3.163356781005859375e-01 2.331081181764602661e-01 -5.426575616002082825e-02 -2.490366697311401367e-01 2.657949626445770264e-01 -1.213595271110534668e-03 4.111388698220252991e-02 -2.442856580018997192e-01 1.652511358261108398e-01 1.957594752311706543e-01 4.588827192783355713e-01 3.543295264244079590e-01 -1.300650089979171753e-01 9.185286611318588257e-02 4.023291170597076416e-01 2.261710166931152344e-02 -2.277961373329162598e-01 -2.303257137537002563e-01 9.747424721717834473e-02 -6.808948516845703125e-01 6.868563890457153320e-01 1.724170893430709839e-01 -2.683332860469818115e-01 5.736146494746208191e-02 2.650720477104187012e-01 2.123765349388122559e-01 -5.003007054328918457e-01 1.799790263175964355e-01 -7.207701355218887329e-02 4.221232831478118896e-01 -1.226314157247543335e-01 -1.064545959234237671e-01 -4.620921313762664795e-01 2.056283056735992432e-01 1.975261420011520386e-01 5.853315591812133789e-01 -1.564115285873413086e-02 1.671280264854431152e-01 -2.707567512989044189e-01 4.084801673889160156e-01 2.554892599582672119e-01 -1.245554834604263306e-01
-3.603136837482452393e-01 -3.142080605030059814e-01 -3.124650120735168457e-01 -6.164296269416809082e-01 -1.624674201011657715e-01 1.264484524726867676e-01 1.556135714054107666e-01 -3.594182729721069336e-01 -4.180187284946441650e-01 3.195841014385223389e-01 -4.586859643459320068e-01 1.348583996295928955e-01 -2.725300192832946777e-01 5.172284692525863647e-02 -1.220860332250595093e-02 -2.357518970966339111e-01 -9.912459552288055420e-02 -9.940001368522644043e-02 -1.663762032985687256e-01 2.524181604385375977e-01 -1.574201732873916626e-01 2.816191688179969788e-02 -1.829078793525695801e-01 2.747552692890167236e-01 -1.549653708934783936e-01 -7.017827779054641724e-02 4.098994284868240356e-02 3.836527466773986816e-04 -1.793439537286758423e-01 -1.458757370710372925e-02 5.494444072246551514e-02 3.296331763267517090e-01 1.390528678894042969e-02 3.958718180656433105e-01 3.235680460929870605e-01 3.919936418533325195e-01 2.434700131416320801e-01 -7.629686594009399414e-02 2.896020412445068359e-01 -1.997215747833251953e-01 1.825784295797348022e-01 -8.000601530075073242e-01 3.845446705818176270e-01 1.674153208732604980e-01 -3.709791004657745361e-01 7.788445055484771729e-02 2.379292994737625122e-01 2.372951805591583252e-01 -5.516857504844665527e-01 -1.546315252780914307e-01 -6.571883708238601685e-02 1.319414824247360229e-01 -2.270465046167373657e-01 -1.949790418148040771e-01 1.622214913368225098e-04 4.276747107505798340e-01 1.652721762657165527e-01 4.615845680236816406e-01 -7.234755903482437134e-04 1.166963651776313782e-01 -1.022730693221092224e-01 4.213877916336059570e-01 1.039811819791793823e-01 1.222834587097167969e-01
-5.387290120124816895e-01 -1.945459842681884766e-01 1.363818943500518799e-01 -6.416381001472473145e-01 -1.131166741251945496e-01 2.811567783355712891e-01 -5.432923138141632080e-02 -1.133093014359474182e-01 -4.704111814498901367e-01 3.102077245712280273e-01 -3.003456592559814453e-01 1.327039003372192383e-01 6.676888465881347656e-02 2.141650617122650146e-01 -3.346418440341949463e-01 -2.844406068325042725e-01 2.198270857334136963e-01 3.330651521682739258e-01 -3.549377024173736572e-01 -8.616157621145248413e-02 5.345844626426696777e-01 4.644729942083358765e-02 -5.627678632736206055e-01 -3.659506440162658691e-01 -2.513353824615478516e-01 1.665710955858230591e-01 -2.794924378395080566e-01 9.244253486394882202e-02 -2.686133980751037598e-01 7.869252562522888184e-02 -1.568005383014678955e-01 2.507204711437225342e-01 4.158026278018951416e-01 8.675202727317810059e-02 -2.021680027246475220e-01 3.995153903961181641e-01 3.737761080265045166e-01 -1.781163066625595093e-01 -8.022821694612503052e-02 9.710301458835601807e-02 -4.520170688629150391e-01 -2.014684379100799561e-01 2.110971957445144653e-01 -2.639911770820617676e-01 -6.113181114196777344e-01 -1.076722741127014160e-01 -3.406764194369316101e-02 6.993130594491958618e-02 -3.523388206958770752e-01 7.468030601739883423e-02 -9.742446243762969971e-02 -3.531347960233688354e-02 -3.107859492301940918e-01 -4.486422538757324219e-01 2.051453888416290283e-01 4.674658775329589844e-01 -9.910762310028076172e-02 4.485072493553161621e-01 -8.626082539558410645e-02 3.292700350284576416e-01 -2.198029458522796631e-01 4.979926347732543945e-01 3.349025249481201172e-01 2.989706695079803467e-01
-3.226530253887176514e-01 -6.091150641441345215e-01 -3.296879529953002930e-01 -7.126808166503906250e-01 -3.989529013633728027e-01 -7.966218516230583191e-03 2.981276512145996094e-01 -2.027514576911926270e-01 -5.864577293395996094e-01 1.945023536682128906e-01 -4.021059274673461914e-01 1.565910875797271729e-01 -3.405793905258178711e-01 -2.316718846559524536e-01 -1.389723420143127441e-01 -1.890422701835632324e-01 -5.500990524888038635e-02 -6.151133775711059570e-02 -4.078026115894317627e-01 6.029038131237030029e-02 -1.295593380928039551e-02 9.016802906990051270e-02 -9.998001903295516968e-02 1.379109174013137817e-01 -2.054571211338043213e-01 9.350724518299102783e-03 1.245512738823890686e-01 -4.672236144542694092e-01 2.404161840677261353e-01 2.308420836925506592e-01 1.944253742694854736e-01 3.435865640640258789e-01 -7.083955407142639160e-02 1.436802893877029419e-01 5.164783596992492676e-01 6.752773523330688477e-01 1.501183211803436279e-01 -1.017344295978546143e-01 3.162108659744262695e-01 -1.229001730680465698e-01 2.081046253442764282e-01 -8.699327707290649414e-01 2.089854627847671509e-01 -9.472692012786865234e-02 -2.243109196424484253e-01 -2.003065794706344604e-01 2.197514623403549194e-01 3.793834149837493896e-01 -6.471871137619018555e-01 -2.185594141483306885e-01 3.252989053726196289e-02 -3.601926565170288086e-01 -2.667315006256103516e-01 -2.178201973438262939e-01 2.806829661130905151e-02 5.234607458114624023e-01 3.344154655933380127e-01 3.936032652854919434e-01 -9.099493175745010376e-02 1.603511273860931396e-01 -1.953221112489700317e-01 2.926026582717895508e-01 -6.201288476586341858e-02 5.254495143890380859e-01
-8.188024759292602539e-01 3.005800843238830566e-01 -8.618231862783432007e-02 -7.568585276603698730e-01 -3.014654666185379028e-02 1.995492577552795410e-01 -2.442644536495208740e-02 -2.490492463111877441e-01 -2.478808313608169556e-01 5.997705459594726562e-01 -4.271116554737091064e-01 3.000154495239257812e-01 -1.898569241166114807e-02 4.677801728248596191e-01 1.008703485131263733e-01 1.312620639801025391e-01 2.014991044998168945e-01 6.346076726913452148e-03 -4.627516567707061768e-01 -5.355491489171981812e-02 3.704145550727844238e-01 -5.028830841183662415e-03 -4.678171873092651367e-01 5.931197106838226318e-02 -1.223862767219543457e-01 -3.141935169696807861e-01 1.274951845407485962e-01 1.270497441291809082e-01 -1.660473048686981201e-01 -1.039126068353652954e-01 -1.214203536510467529e-01 1.411731392145156860e-01 6.439943909645080566e-01 3.063075989484786987e-02 -2.039183229207992554e-01 1.578493118286132812e-01 5.550513267517089844e-01 1.375568360090255737e-01 -2.460192739963531494e-01 -1.159660071134567261e-01 -3.710554540157318115e-01 -3.783812224864959717e-01 3.311889171600341797e-01 -1.106062978506088257e-01 -3.742651045322418213e-01 3.879642859101295471e-02 4.038295149803161621e-01 -2.042195200920104980e-02 -2.781621813774108887e-01 1.708708703517913818e-03 1.774851828813552856e-01 3.291077613830566406e-01 -5.062463879585266113e-01 -4.394833147525787354e-01 -1.511966437101364136e-02 1.508345454931259155e-02 -1.266473904252052307e-02 7.118122577667236328e-01 -1.683593541383743286e-02 4.525363147258758545e-01 -3.218626976013183594e-01 1.319718360900878906e-01 4.040926396846771240e-01 4.302139207720756531e-02
-7.280790209770202637e-01 1.232104375958442688e-01 1.716588735580444336e-01 -6.551782488822937012e-01 -3.777723386883735657e-02 3.201182484626770020e-01 -2.257824391126632690e-01 -2.249417901039123535e-01 -5.302140116691589355e-01 7.018449306488037109e-01 -2.883945405483245850e-01 -2.218519896268844604e-02 4.958706721663475037e-02 5.757016539573669434e-01 5.877533927559852600e-02 6.299243308603763580e-03 2.266245633363723755e-01 1.959071755409240723e-01 -2.982134819030761719e-01 -1.101911813020706177e-01 4.236822128295898438e-01 -4.008951783180236816e-02 -4.081529676914215088e-01 5.479488149285316467e-02 -1.511610299348831177e-01 -3.610460162162780762e-01 -2.550277411937713623e-01 -3.499680012464523315e-02 -1.252193152904510498e-01 -1.804016083478927612e-01 5.239725112915039062e-02 3.214748799800872803e-01 5.296998023986816406e-01 7.313188910484313965e-02 -5.671862959861755371e-01 1.271166503429412842e-01 5.010715723037719727e-01 -3.699250891804695129e-02 1.020854860544204712e-01 -1.547535806894302368e-01 -3.695337772369384766e-01 5.226558446884155273e-02 1.745293587446212769e-01 -4.901115000247955322e-01 -4.421295523643493652e-01 5.759430304169654846e-02 4.765538275241851807e-01 -5.123233050107955933e-02 -4.906007051467895508e-01 3.670447766780853271e-01 2.115005403757095337e-01 3.295249342918395996e-01 -2.749774456024169922e-01 -2.171005606651306152e-01 8.897662907838821411e-02 2.258475124835968018e-01 -6.459423899650573730e-02 5.500503182411193848e-01 6.183900684118270874e-02 3.091677129268646240e-01 -4.487835764884948730e-01 3.253108859062194824e-01 3.780110478401184082e-01 -1.303873658180236816e-01
-7.564327716827392578e-01 2.694765925407409668e-01 -2.874072194099426270e-01 -5.563254952430725098e-01 3.162175416946411133e-01 -3.626633435487747192e-02 7.211700826883316040e-02 -1.966309249401092529e-01 -3.023623526096343994e-01 6.471927165985107422e-01 -5.584039688110351562e-01 2.912807762622833252e-01 -7.674393057823181152e-02 4.746395945549011230e-01 -6.612829864025115967e-02 2.352595478296279907e-01 1.049416810274124146e-01 -2.287626266479492188e-04 -4.089211523532867432e-01 4.898913949728012085e-02 2.084186077117919922e-01 -2.455771863460540771e-01 -3.047862946987152100e-01 -2.396027147769927979e-01 -2.930102124810218811e-02 -2.405479997396469116e-01 1.679147928953170776e-01 5.354576557874679565e-02 -7.712619006633758545e-02 -1.432967185974121094e-01 -2.276735566556453705e-02 -1.137634143233299255e-01 6.855314373970031738e-01 2.614591121673583984e-01 -2.204299122095108032e-01 1.658434718847274780e-01 5.915006399154663086e-01 1.128229573369026184e-01 -4.640594124794006348e-01 -3.253403007984161377e-01 -2.957512140274047852e-01 -3.602677881717681885e-01 3.489958643913269043e-01 -1.123301982879638672e-01 -3.115128874778747559e-01 -7.442536950111389160e-02 2.490274906158447266e-01 -1.194798722863197327e-01 -3.461511135101318359e-01 7.911950349807739258e-03 1.712165027856826782e-01 4.382052123546600342e-01 -3.681314587593078613e-01 -5.540695190429687500e-01 -1.076409146189689636e-01 -1.237310767173767090e-01 2.970830798149108887e-01 8.580476641654968262e-01 -2.504741549491882324e-01 5.956692099571228027e-01 -3.914040625095367432e-01 1.420613080263137817e-01 2.506822347640991211e-01 1.350960731506347656e-01
-6.409735679626464844e-01 -4.021816700696945190e-02 -7.532913237810134888e-02 -5.698381662368774414e-01 -1.462891846895217896e-01 -1.432230137288570404e-02 7.390785217285156250e-02 -2.413545548915863037e-01 -3.810941278934478760e-01 3.481167554855346680e-01 -4.645387232303619385e-01 2.055712640285491943e-01 -2.397426068782806396e-01 3.481651842594146729e-01 -7.255119085311889648e-02 -1.279957592487335205e-01 -8.344528824090957642e-02 1.295886337757110596e-01 -4.060569703578948975e-01 4.952806234359741211e-02 8.573685586452484131e-02 -3.030434846878051758e-01 -3.838230073451995850e-01 -8.819855749607086182e-02 -2.802373766899108887e-01 -3.159241080284118652e-01 -3.000894747674465179e-02 1.451339572668075562e-02 -1.834675520658493042e-01 2.875751256942749023e-01 -1.380689255893230438e-02 1.263186335563659668e-01 5.980674624443054199e-01 3.417845964431762695e-01 -3.614939749240875244e-02 1.225017458200454712e-01 4.082580804824829102e-01 -1.164406314492225647e-01 -1.341829001903533936e-01 -3.425244987010955811e-01 -1.471889317035675049e-01 -4.280938804149627686e-01 5.025889873504638672e-01 -9.778404235839843750e-02 -2.066476047039031982e-01 -8.589698374271392822e-02 1.511995345354080200e-01 1.642315983772277832e-01 -3.871542811393737793e-01 4.522215574979782104e-02 1.653385907411575317e-01 1.982664316892623901e-01 -2.660561203956604004e-01 -1.197764649987220764e-01 -7.402866333723068237e-02 1.105394884943962097e-01 3.575344383716583252e-01 6.983317732810974121e-01 -1.855155825614929199e-01 3.465976119041442871e-01 -2.605149745941162109e-01 4.244490861892700195e-01 3.303031027317047119e-01 4.539280831813812256e-01
-9.059992432594299316e-01 1.513262689113616943e-01 -1.158565282821655273e-05 -7.868184447288513184e-01 -4.107026010751724243e-02 1.296644955873489380e-01 1.176073029637336731e-01 -4.176913499832153320e-01 -4.337886869907379150e-01 6.253696084022521973e-01 -3.797760903835296631e-01 2.382090985774993896e-01 1.107047945261001587e-01 3.926739096641540527e-01 5.569730326533317566e-02 1.295373737812042236e-01 -2.150165736675262451e-01 -3.274583816528320312e-01 -3.579501211643218994e-01 9.179379045963287354e-02 2.188338339328765869e-02 -1.378405541181564331e-01 -2.482261508703231812e-02 4.119203686714172363e-01 -1.921402215957641602e-01 -7.260620594024658203e-02 1.144008561968803406e-01 2.747944593429565430e-01 -3.391480073332786560e-02 -2.216249853372573853e-01 9.281666949391365051e-03 2.748343050479888916e-01 6.369211673736572266e-01 3.241211175918579102e-01 -1.283370107412338257e-01 2.718923687934875488e-01 4.344322383403778076e-01 1.087597459554672241e-01 -2.108346223831176758e-01 -1.482723206281661987e-01 -1.814428418874740601e-01 -5.625082254409790039e-01 5.944151282310485840e-01 1.318060010671615601e-01 -4.128484725952148438e-01 1.079657673835754395e-01 4.305489957332611084e-01 2.299163043498992920e-01 -4.637341499328613281e-01 1.021879985928535461e-01 -2.586349844932556152e-03 4.748082160949707031e-01 -1.082412898540496826e-01 -4.259074330329895020e-01 -1.971471309661865234e-01 7.672092318534851074e-02 9.169127047061920166e-02 6.790449619293212891e-01 8.760695159435272217e-02 1.345232129096984863e-01 -3.444419056177139282e-02 3.208976984024047852e-01 3.156556189060211182e-01 -7.003232836723327637e-02
-5.278491377830505371e-01 5.124967545270919800e-02 2.567244768142700195e-01 -6.745986342430114746e-01 5.097337067127227783e-02 2.189623266458511353e-01 -1.960355788469314575e-01 -2.541267573833465576e-01 -3.782484829425811768e-01 4.156574010848999023e-01 -2.832630872726440430e-01 1.149207875132560730e-01 3.497614860534667969e-01 4.933276176452636719e-01 -2.184912562370300293e-02 -4.124291241168975830e-01 4.900956451892852783e-01 2.283030152320861816e-01 -3.778258264064788818e-01 5.584768205881118774e-02 4.085336923599243164e-01 1.883367151021957397e-01 -4.956485331058502197e-01 -3.175705969333648682e-01 -7.427436113357543945e-02 -9.447439014911651611e-02 -4.730663448572158813e-02 1.297631561756134033e-01 -3.805473744869232178e-01 -9.780170023441314697e-02 -2.402851283550262451e-01 1.712717711925506592e-01 5.089601278305053711e-01 1.144967973232269287e-01 -2.137574106454849243e-01 6.102721691131591797e-01 2.515496313571929932e-01 1.114560384303331375e-02 -2.739962041378021240e-01 5.507199764251708984e-01 -1.812068521976470947e-01 -2.504512667655944824e-01 2.408388406038284302e-01 -3.509562313556671143e-01 -3.252400159835815430e-01 -3.308198973536491394e-02 2.558655142784118652e-01 -3.758774995803833008e-01 -5.236877799034118652e-01 7.091198116540908813e-02 -7.032811641693115234e-03 -5.042573809623718262e-02 -4.274366497993469238e-01 -3.162252604961395264e-01 2.175226807594299316e-01 4.098842740058898926e-01 -2.059372812509536743e-01 3.379361033439636230e-01 3.165289759635925293e-03 3.316595256328582764e-01 -2.431613951921463013e-01 4.610218405723571777e-01 1.325062811374664307e-01 -2.059090510010719299e-02
-6.104477047920227051e-01 2.214975059032440186e-01 -3.483577966690063477e-01 -5.560653209686279297e-01 -1.383621096611022949e-01 -1.017968505620956421e-01 1.152143627405166626e-01 -4.373050332069396973e-01 -3.616404831409454346e-01 2.203030586242675781e-01 -4.822468459606170654e-01 2.196410000324249268e-01 -4.608805105090141296e-02 2.363959252834320068e-01 -1.693407297134399414e-01 1.074751168489456177e-01 -2.018162161111831665e-01 -1.493656635284423828e-01 -4.915485084056854248e-01 1.243614330887794495e-01 4.907892644405364990e-02 -1.373955756425857544e-01 -2.559562921524047852e-01 1.211812570691108704e-01 3.068089112639427185e-02 -6.359311193227767944e-02 3.195705115795135498e-01 -2.608830332756042480e-01 3.159596771001815796e-02 -8.993215858936309814e-02 1.661836951971054077e-01 2.187988907098770142e-02 2.909350693225860596e-01 2.872779369354248047e-01 1.115779057145118713e-01 3.440704643726348877e-01 2.028008401393890381e-01 -6.844595819711685181e-02 -2.806424200534820557e-01 -7.601006329059600830e-02 -6.553387641906738281e-02 -8.150190114974975586e-01 6.403745412826538086e-01 -8.591985702514648438e-02 -1.008224561810493469e-01 -1.699497103691101074e-01 2.278342247009277344e-01 2.305427193641662598e-01 -6.136221885681152344e-01 5.329359322786331177e-02 -2.358946651220321655e-01 1.724577695131301880e-01 -1.421021074056625366e-01 -2.191343307495117188e-01 -1.139727458357810974e-01 1.290799826383590698e-01 1.585577875375747681e-01 4.155190587043762207e-01 -1.029286533594131470e-03 3.363624215126037598e-03 -4.803879559040069580e-02 2.232271581888198853e-01 2.323685586452484131e-01 2.637673318386077881e-01
-1.029519557952880859e+00 3.623313307762145996e-01 -9.247799962759017944e-02 -6.154673099517822266e-01 -3.407386690378189087e-02 -2.838451564311981201e-01 3.649558126926422119e-02 -4.836072027683258057e-01 -4.172121584415435791e-01 4.328555166721343994e-01 -5.026994347572326660e-01 5.317763090133666992e-01 7.838845252990722656e-02 6.634029150009155273e-01 4.540507867932319641e-02 -4.882009327411651611e-02 -7.798333466053009033e-02 -5.486994236707687378e-02 -5.899524688720703125e-01 2.496205568313598633e-01 2.990514039993286133e-03 -4.525455534458160400e-01 -1.388289332389831543e-01 3.487542867660522461e-01 2.851968631148338318e-02 -5.052480101585388184e-01 5.250269081443548203e-03 -1.190949976444244385e-02 3.409290686249732971e-02 1.208219230175018311e-01 4.650630056858062744e-02 1.300409138202667236e-01 8.725867867469787598e-01 4.269195795059204102e-01 -7.711060345172882080e-02 -6.677276641130447388e-02 6.317164897918701172e-01 -3.502579405903816223e-02 -4.114116430282592773e-01 -4.103627800941467285e-01 7.390597462654113770e-02 -6.235077381134033203e-01 6.020138859748840332e-01 3.664834797382354736e-02 -3.089009784162044525e-02 -1.780372485518455505e-02 3.412101864814758301e-01 1.508509516716003418e-01 -3.543309271335601807e-01 1.702090501785278320e-01 6.388226151466369629e-02 3.134737312793731689e-01 -1.184436678886413574e-02 -2.030194997787475586e-01 -3.606666326522827148e-01 6.319624185562133789e-02 4.467750787734985352e-01 7.453879714012145996e-01 -1.848416030406951904e-01 1.831215620040893555e-01 -4.053230881690979004e-01 4.412896633148193359e-01 2.198776006698608398e-01 9.905800223350524902e-02
-8.054865002632141113e-01 3.208156228065490723e-01 -7.062713801860809326e-02 -5.666140913963317871e-01 -3.355546593666076660e-01 -2.488472908735275269e-01 7.860295474529266357e-03 -5.938075780868530273e-01 -2.405934184789657593e-01 2.955666482448577881e-01 -2.921216487884521484e-01 2.978626191616058350e-01 5.920377373695373535e-02 5.703684687614440918e-01 -1.988649368286132812e-01 -2.390708327293395996e-01 -4.290981888771057129e-01 -1.434977501630783081e-01 -3.370250165462493896e-01 2.846121042966842651e-02 -1.373395472764968872e-01 -1.466130167245864868e-01 -3.659943044185638428e-01 5.767534971237182617e-01 4.925764799118041992e-01 -9.364002943038940430e-02 2.291106134653091431e-01 -2.397807538509368896e-01 -1.280425637960433960e-01 3.032498955726623535e-01 3.062101602554321289e-01 4.989425241947174072e-01 1.492276191711425781e-01 2.375947982072830200e-01 -1.153981387615203857e-01 3.661422729492187500e-01 2.889568805694580078e-01 -3.299098312854766846e-01 2.021719664335250854e-01 -3.389468789100646973e-01 5.898561477661132812e-01 -7.538347244262695312e-01 5.203622579574584961e-01 1.178136169910430908e-01 1.020608283579349518e-02 1.907238215208053589e-01 5.594311952590942383e-01 4.907749891281127930e-01 -5.746871232986450195e-01 -4.325703531503677368e-02 -4.014251232147216797e-01 -1.928355246782302856e-01 1.679096072912216187e-01 -1.671988666057586670e-01 -2.792870104312896729e-01 3.999745249748229980e-01 2.135818749666213989e-01 3.913345336914062500e-01 1.213083192706108093e-01 -6.218826770782470703e-01 -1.474297419190406799e-02 2.769824266433715820e-01 -6.215867772698402405e-02 2.310588508844375610e-01
-5.051085948944091797e-01 -7.924471050500869751e-02 -2.556231021881103516e-01 -6.942824125289916992e-01 -8.456972986459732056e-02 -2.725580036640167236e-01 2.397844195365905762e-02 -5.043441057205200195e-01 -3.151169419288635254e-01 3.037172853946685791e-01 -4.883937537670135498e-01 2.461281418800354004e-01 3.231762722134590149e-02 3.316982388496398926e-01 3.086371347308158875e-02 -2.243375182151794434e-01 1.901327669620513916e-01 9.156198054552078247e-02 -4.094990789890289307e-01 3.621167242527008057e-01 1.680926084518432617e-01 2.203602902591228485e-02 -5.175540447235107422e-01 3.161654472351074219e-01 9.981831908226013184e-02 -4.597858190536499023e-01 9.338530898094177246e-02 -2.500966489315032959e-01 -1.371736228466033936e-01 2.159743756055831909e-01 -1.547754555940628052e-01 7.886761426925659180e-02 6.709370613098144531e-01 3.247926235198974609e-01 7.300847768783569336e-02 5.191538929939270020e-01 3.454603850841522217e-01 -1.753309816122055054e-01 -3.336618542671203613e-01 1.897103711962699890e-02 1.254125237464904785e-01 -5.808780193328857422e-01 4.028638601303100586e-01 -2.327038645744323730e-01 -1.204812228679656982e-01 1.844227313995361328e-03 4.963212907314300537e-01 7.250056415796279907e-02 -5.894336104393005371e-01 -1.144439950585365295e-01 1.025772988796234131e-01 9.931207634508609772e-03 -1.542622745037078857e-01 -2.721550166606903076e-01 -1.093379184603691101e-01 4.186367988586425781e-01 1.960812807083129883e-01 4.103446602821350098e-01 -1.138041764497756958e-01 2.173882424831390381e-01 -1.984131932258605957e-01 3.617709875106811523e-01 -3.830216079950332642e-02 1.568503975868225098e-01
-7.012534141540527344e-01 1.295944452285766602e-01 -6.532562524080276489e-02 -6.140536069869995117e-01 -1.127510368824005127e-01 1.969642937183380127e-01 -9.829060733318328857e-02 -2.229611575603485107e-01 -2.525707185268402100e-01 4.238230586051940918e-01 -3.589622676372528076e-01 1.977712810039520264e-01 -4.996136948466300964e-02 4.117917418479919434e-01 -1.554215699434280396e-02 -1.785963475704193115e-01 1.831901669502258301e-01 1.097746565937995911e-01 -6.141579151153564453e-01 -1.129379197955131531e-01 3.005960583686828613e-01 -4.224261641502380371e-02 -5.761637091636657715e-01 -1.992480754852294922e-01 -1.575300097465515137e-01 -1.698848605155944824e-01 1.502963602542877197e-01 -1.035587713122367859e-01 -1.196924000978469849e-01 1.303199380636215210e-01 9.768737852573394775e-02 1.723395586013793945e-01 2.368655204772949219e-01 1.146675646305084229e-02 -1.538282036781311035e-01 2.697322666645050049e-01 3.538245260715484619e-01 -4.833355918526649475e-02 -1.180581077933311462e-01 1.198526471853256226e-01 -1.770311743021011353e-01 -3.801440298557281494e-01 4.289699792861938477e-01 -3.795640170574188232e-01 -1.769978255033493042e-01 -1.227091401815414429e-01 1.715108305215835571e-01 -1.759571582078933716e-02 -5.765403509140014648e-01 2.437221258878707886e-02 7.192775607109069824e-02 -1.365124247968196869e-03 -5.807716846466064453e-01 -1.238582581281661987e-01 -1.215346381068229675e-01 2.004230320453643799e-01 -7.172988355159759521e-02 3.183341622352600098e-01 -6.999760866165161133e-02 2.496757805347442627e-01 -3.047423958778381348e-01 3.171814084053039551e-01 4.424959123134613037e-01 1.864043623208999634e-01
-1.698589622974395752e-01 -3.147330284118652344e-01 -3.387227654457092285e-01 -9.056107401847839355e-01 -1.764110475778579712e-01 4.083095118403434753e-03 2.222032248973846436e-01 -1.642304956912994385e-01 -2.847746312618255615e-01 7.908844202756881714e-02 -2.533086538314819336e-01 -5.865380167961120605e-03 -3.065414428710937500e-01 -8.366811275482177734e-02 -1.063974201679229736e-01 1.249677035957574844e-02 -9.359264746308326721e-03 -3.754456341266632080e-02 -2.365421950817108154e-01 3.399780690670013428e-01 2.895629405975341797e-01 1.598892509937286377e-01 -2.134310007095336914e-01 1.537927985191345215e-01 -6.997905671596527100e-02 1.422231644392013550e-02 4.020371735095977783e-01 -4.791801571846008301e-01 9.438866376876831055e-02 1.182354390621185303e-01 -2.711577899754047394e-02 3.071785867214202881e-01 6.134158372879028320e-02 1.254701018333435059e-01 6.131021976470947266e-01 5.101050734519958496e-01 1.635226160287857056e-01 3.276281990110874176e-03 1.464997082948684692e-01 6.008460000157356262e-02 -1.651890017092227936e-02 -8.192887306213378906e-01 2.456210106611251831e-01 -6.204703450202941895e-02 -5.020930171012878418e-01 -2.892424464225769043e-01 4.393140077590942383e-01 3.779634237289428711e-01 -4.215401411056518555e-01 -2.908896505832672119e-01 -1.982551515102386475e-01 -1.568068414926528931e-01 -3.724508285522460938e-01 -2.735525071620941162e-01 2.530007958412170410e-01 3.579889535903930664e-01 -8.429512381553649902e-02 3.394361734390258789e-01 2.257850468158721924e-01 2.453418076038360596e-01 -1.225669756531715393e-01 1.209726780652999878e-01 -3.587524220347404480e-02 3.229043483734130859e-01
-5.352370142936706543e-01 -2.342247962951660156e-01 -6.279700994491577148e-01 -5.229239463806152344e-01 -6.155155599117279053e-02 4.993105307221412659e-03 2.619468271732330322e-01 -1.483381986618041992e-01 -5.205383896827697754e-01 3.033880889415740967e-01 -5.644250512123107910e-01 2.497860193252563477e-01 -2.934053838253021240e-01 -1.351137459278106689e-01 -1.939949393272399902e-01 8.003482222557067871e-02 -1.770717650651931763e-01 -2.521536052227020264e-01 -5.131323337554931641e-01 -6.113180518150329590e-02 3.565193712711334229e-02 1.349228024482727051e-01 7.042952626943588257e-02 -6.482836604118347168e-02 2.930098399519920349e-02 6.525406241416931152e-02 2.359306961297988892e-01 -3.900800347328186035e-01 2.565756738185882568e-01 4.268158227205276489e-02 1.020464152097702026e-01 1.344614475965499878e-01 2.207776457071304321e-01 2.673599123954772949e-01 4.050188064575195312e-01 4.001687169075012207e-01 3.733204603195190430e-01 5.974166467785835266e-02 -2.444956451654434204e-02 -3.008226156234741211e-01 -2.033678591251373291e-01 -8.982837200164794922e-01 3.189625144004821777e-01 -1.247714161872863770e-01 -3.038197755813598633e-01 -2.481637001037597656e-01 -2.646769955754280090e-02 3.690968155860900879e-01 -2.904927730560302734e-01 -1.816052794456481934e-01 -1.132956966757774353e-01 -1.518374234437942505e-01 -2.558124661445617676e-01 -5.023472309112548828e-01 -1.400170922279357910e-01 1.770534813404083252e-01 3.326731026172637939e-01 5.179964900016784668e-01 -1.652276515960693359e-01 1.616989374160766602e-01 -1.219400689005851746e-01 1.971088498830795288e-01 1.566094160079956055e-02 4.897288084030151367e-01
-7.951603531837463379e-01 1.006065234541893005e-01 -2.359890192747116089e-02 -5.726473927497863770e-01 -9.651733934879302979e-02 3.413641452789306641e-01 7.906056940555572510e-02 -4.890257120132446289e-01 -5.035982131958007812e-01 3.897293806076049805e-01 -3.154698312282562256e-01 8.957689255475997925e-02 1.662191003561019897e-03 2.012150585651397705e-01 -1.799415349960327148e-01 -1.961095035076141357e-01 -3.163560926914215088e-01 -2.925232052803039551e-02 -4.706748425960540771e-01 1.085192710161209106e-01 -2.883121371269226074e-03 -1.009050309658050537e-01 -1.991139650344848633e-01 2.969024777412414551e-01 -2.614211142063140869e-01 -1.778627634048461914e-01 4.051020368933677673e-05 1.065505966544151306e-01 -1.961096376180648804e-01 9.637193381786346436e-02 1.561483182013034821e-02 1.557940840721130371e-01 5.308627486228942871e-01 1.827871352434158325e-01 8.233802020549774170e-02 2.552554607391357422e-01 2.376178801059722900e-01 -1.177351623773574829e-01 -3.084290623664855957e-01 2.296791523694992065e-01 -2.288707494735717773e-01 -5.935815572738647461e-01 5.847472548484802246e-01 -1.605505645275115967e-01 -2.042124718427658081e-01 -1.208925247192382812e-01 2.227095216512680054e-01 6.007700413465499878e-02 -6.169966459274291992e-01 5.615759640932083130e-02 1.001753807067871094e-01 2.380668818950653076e-01 -2.149430364370346069e-01 -2.775036096572875977e-01 1.196459159255027771e-01 1.347389519214630127e-01 -5.144260451197624207e-02 3.325958251953125000e-01 1.668855249881744385e-01 2.619310468435287476e-02 -2.155802994966506958e-01 3.417958021163940430e-01 3.187072873115539551e-01 9.646336734294891357e-02
-7.144442796707153320e-01 1.626285016536712646e-01 -1.471654772758483887e-01 -7.012022733688354492e-01 -8.050940930843353271e-02 2.172231227159500122e-01 1.864386200904846191e-01 -3.523689508438110352e-01 -2.203297615051269531e-01 7.438717484474182129e-01 -5.484354496002197266e-01 2.854224741458892822e-01 1.340851336717605591e-01 1.777343451976776123e-01 5.331487953662872314e-02 1.469255983829498291e-01 -1.322795897722244263e-01 -7.026872783899307251e-02 -4.448746144771575928e-01 -1.487279087305068970e-01 1.641214191913604736e-01 6.944784522056579590e-02 -3.092568516731262207e-01 -7.025852799415588379e-02 -1.538787484169006348e-01 -5.497454106807708740e-02 3.600977957248687744e-01 -2.056650817394256592e-03 -1.623583137989044189e-01 -2.424686402082443237e-02 -2.614338509738445282e-02 -4.531618207693099976e-02 4.778586626052856445e-01 -1.300019025802612305e-02 -1.449669748544692993e-01 5.384940505027770996e-01 3.069473505020141602e-01 1.865748614072799683e-01 -3.813731670379638672e-01 1.473902314901351929e-01 -2.953646183013916016e-01 -4.673640727996826172e-01 4.056752920150756836e-01 -3.159139156341552734e-01 -4.930435866117477417e-02 -1.128498315811157227e-01 5.351228713989257812e-01 -1.134425029158592224e-01 -6.962322592735290527e-01 -1.404751539230346680e-01 5.822181701660156250e-04 1.998107135295867920e-01 -5.015502572059631348e-01 -3.917959928512573242e-01 5.533419549465179443e-03 -1.111783683300018311e-01 2.539962157607078552e-02 4.910221695899963379e-01 -1.061468049883842468e-01 1.351205408573150635e-01 -8.621808886528015137e-02 2.362957447767257690e-01 3.837774693965911865e-01 1.104208976030349731e-01
-5.958140492439270020e-01 -1.298664808273315430e-01 -6.924995034933090210e-02 -9.067221283912658691e-01 -3.695214390754699707e-01 5.363832414150238037e-02 2.575753629207611084e-02 -4.422013759613037109e-01 -3.615721762180328369e-01 4.979614019393920898e-01 -6.564097404479980469e-01 3.108275830745697021e-01 2.200662046670913696e-01 1.528930068016052246e-01 8.501560986042022705e-02 -1.334047224372625351e-02 2.258552424609661102e-02 -1.161557063460350037e-01 -5.057690739631652832e-01 -1.791434735059738159e-01 3.843963146209716797e-01 1.458180695772171021e-01 -3.847018480300903320e-01 2.203678786754608154e-01 -1.564271748065948486e-01 -2.198675423860549927e-01 1.354313492774963379e-01 -1.049365326762199402e-01 1.999851763248443604e-01 -4.765646159648895264e-02 2.717394381761550903e-04 2.774038910865783691e-01 4.578156471252441406e-01 5.718803405761718750e-02 -2.202466875314712524e-01 6.613028049468994141e-01 1.083347350358963013e-01 4.542722925543785095e-02 2.096639573574066162e-02 1.387448161840438843e-01 -1.057936176657676697e-01 -4.060200750827789307e-01 2.952025532722473145e-01 -2.550075054168701172e-01 2.848755195736885071e-02 1.423565745353698730e-01 6.329768300056457520e-01 1.367931067943572998e-01 -8.208581805229187012e-01 2.239888161420822144e-02 1.224801987409591675e-01 -1.009016185998916626e-01 -3.040491938591003418e-01 -1.051696613430976868e-01 9.925479441881179810e-02 2.830750942230224609e-01 -4.172232002019882202e-03 4.158756136894226074e-01 -2.234983444213867188e-01 9.663990885019302368e-02 -1.065887510776519775e-01 2.412425428628921509e-01 2.834525108337402344e-01 1.704238057136535645e-01
-5.300717353820800781e-01 7.595069706439971924e-03 -1.850567758083343506e-01 -6.884253025054931641e-01 -6.425486505031585693e-02 -1.795379370450973511e-01 2.164193987846374512e-01 -7.379019856452941895e-01 -7.501389384269714355e-01 2.301879227161407471e-02 -3.906174004077911377e-01 2.284804284572601318e-01 2.254957109689712524e-01 1.744765639305114746e-01 -1.982690691947937012e-01 -2.731695175170898438e-01 -1.617718040943145752e-01 6.878148764371871948e-02 -5.920189619064331055e-01 4.573444128036499023e-01 2.686882615089416504e-01 3.340375721454620361e-01 -4.518424272537231445e-01 6.873902678489685059e-01 2.879844605922698975e-01 -3.245677947998046875e-01 1.502437442541122437e-01 -5.744842886924743652e-01 7.449300587177276611e-02 1.931058615446090698e-01 -8.369520306587219238e-02 4.792639315128326416e-01 7.311275005340576172e-01 2.331934124231338501e-01 3.874903917312622070e-01 5.141228437423706055e-01 2.256550192832946777e-01 -8.721785247325897217e-02 -4.257794618606567383e-01 3.714985772967338562e-02 2.578364610671997070e-01 -9.296225309371948242e-01 3.475168347358703613e-01 -8.285295963287353516e-02 -2.366606444120407104e-01 -4.901110008358955383e-02 5.597810149192810059e-01 4.743251800537109375e-01 -3.806348741054534912e-01 -3.194993138313293457e-01 -1.731085181236267090e-01 -7.999992370605468750e-02 8.905644714832305908e-02 -5.541022419929504395e-01 -2.011469751596450806e-02 5.794239640235900879e-01 -6.594642996788024902e-03 3.838611245155334473e-01 3.353028297424316406e-01 -1.173228174448013306e-01 -6.965699791908264160e-02 3.550230860710144043e-01 -3.432947099208831787e-01 2.089254111051559448e-01
-7.311373353004455566e-01 5.307967215776443481e-02 -1.436876803636550903e-01 -6.110816597938537598e-01 -2.499272972345352173e-01 1.785859838128089905e-02 1.801614463329315186e-01 -4.261679053306579590e-01 -5.650205612182617188e-01 1.936667412519454956e-01 -5.560984611511230469e-01 1.039332896471023560e-02 -2.791592776775360107e-01 3.196046054363250732e-01 -2.120296061038970947e-01 -2.364051640033721924e-01 -4.411823749542236328e-01 1.755741983652114868e-02 -1.687998473644256592e-01 3.972407877445220947e-01 1.522582471370697021e-01 -2.257704734802246094e-01 -2.069570124149322510e-01 6.322450637817382812e-01 9.832289814949035645e-02 -4.434408545494079590e-01 -1.082671247422695160e-02 -1.860863566398620605e-01 -1.133094578981399536e-01 1.009638383984565735e-01 4.791957139968872070e-02 3.553456962108612061e-01 4.073331654071807861e-01 4.338946938514709473e-01 1.551623642444610596e-01 -4.584266990423202515e-02 4.703521430492401123e-01 -1.262764781713485718e-01 1.958689838647842407e-01 -5.668578743934631348e-01 2.311231195926666260e-02 -6.388783454895019531e-01 5.056577324867248535e-01 5.497634410858154297e-04 -3.675408959388732910e-01 5.224000290036201477e-02 4.346984922885894775e-01 4.467504024505615234e-01 -3.132627010345458984e-01 4.209294915199279785e-02 1.761441081762313843e-01 2.880596518516540527e-01 4.998414218425750732e-02 -1.507002115249633789e-01 7.512087374925613403e-02 1.901036798954010010e-01 1.975664198398590088e-01 4.922177791595458984e-01 8.107203245162963867e-02 1.984929293394088745e-02 -1.935023814439773560e-01 2.969001531600952148e-01 1.825291663408279419e-01 2.538083791732788086e-01
-3.464547395706176758e-01 -2.626569867134094238e-01 2.509632706642150879e-01 -3.148385584354400635e-01 9.258560836315155029e-02 1.485020294785499573e-02 -8.568850159645080566e-02 -9.910942614078521729e-02 -4.713237583637237549e-01 -1.145146712660789490e-01 -3.320584595203399658e-01 -2.278181612491607666e-01 -1.189606189727783203e-01 8.612263947725296021e-02 -5.654116868972778320e-01 -7.269000411033630371e-01 7.349661737680435181e-02 6.000912785530090332e-01 -3.462164103984832764e-01 2.598187923431396484e-01 5.833089947700500488e-01 -3.905244171619415283e-02 -6.397555470466613770e-01 -2.489610016345977783e-02 8.562068641185760498e-02 -3.372158408164978027e-01 -6.252396702766418457e-01 5.684269219636917114e-02 -4.864361286163330078e-01 3.269668817520141602e-01 -6.099419295787811279e-02 5.093460679054260254e-01 5.276586413383483887e-01 4.353774785995483398e-01 -7.114042341709136963e-02 -2.290618121623992920e-01 4.516560733318328857e-01 -2.794083654880523682e-01 -2.382916957139968872e-02 2.197137475013732910e-02 -3.030702769756317139e-01 -2.128414660692214966e-01 2.865813374519348145e-01 -2.868187427520751953e-01 -9.086859822273254395e-01 2.725349962711334229e-01 -1.961544305086135864e-01 4.945495724678039551e-01 -1.146656647324562073e-02 2.697064578533172607e-01 -4.431314021348953247e-02 9.455575048923492432e-02 1.217045485973358154e-01 -3.062222003936767578e-01 6.434026360511779785e-01 6.563196778297424316e-01 -5.531138926744461060e-02 2.527020871639251709e-01 3.832535743713378906e-01 1.964595168828964233e-02 -2.750620245933532715e-01 8.006029129028320312e-01 3.035609424114227295e-01 4.281961619853973389e-01
-8.262144923210144043e-01 3.263725638389587402e-01 1.248893216252326965e-01 -6.445466279983520508e-01 -4.805101454257965088e-02 4.192368984222412109e-01 -5.701139569282531738e-02 -2.588400840759277344e-01 -3.434357345104217529e-01 6.947053074836730957e-01 -2.027848362922668457e-01 1.778542250394821167e-02 2.127334177494049072e-01 4.487726688385009766e-01 5.604278296232223511e-02 -4.021349549293518066e-02 1.364123970270156860e-01 -1.956116855144500732e-01 -2.978034019470214844e-01 4.938435554504394531e-02 5.698705315589904785e-01 2.447148710489273071e-01 -4.797218441963195801e-01 1.596150100231170654e-01 -6.380343437194824219e-02 -3.202686831355094910e-02 1.966272592544555664e-01 2.352077364921569824e-01 -4.050274789333343506e-01 -3.235806822776794434e-01 -5.583091080188751221e-02 7.747003436088562012e-02 7.386978268623352051e-01 -2.014523893594741821e-01 -2.037998884916305542e-01 3.288730382919311523e-01 2.291044890880584717e-01 1.681722700595855713e-01 -3.691075444221496582e-01 3.430022299289703369e-01 -5.585246086120605469e-01 -2.491007745265960693e-01 4.219699501991271973e-01 -2.820591926574707031e-01 -4.634377360343933105e-01 -5.618796870112419128e-02 6.565351486206054688e-01 -2.986723780632019043e-01 -4.227136969566345215e-01 1.015164479613304138e-01 1.082409918308258057e-01 2.574484050273895264e-01 -3.885462284088134766e-01 -4.998947381973266602e-01 4.913840442895889282e-02 -5.797892808914184570e-04 -3.428308665752410889e-01 2.922672629356384277e-01 1.816843748092651367e-01 1.431353390216827393e-01 -1.376889199018478394e-01 1.813468486070632935e-01 3.176034390926361084e-01 -2.970261275768280029e-01
-7.931312918663024902e-01 1.540652215480804443e-01 3.188296407461166382e-02 -6.871070861816406250e-01 -1.601858437061309814e-02 4.070066511631011963e-01 -6.271894276142120361e-02 -3.684993684291839600e-01 -4.878702461719512939e-01 6.516466736793518066e-01 -3.907617628574371338e-01 3.671121597290039062e-01 1.931298226118087769e-01 3.209401965141296387e-01 -3.772921860218048096e-02 -1.045911908149719238e-01 1.376246064901351929e-01 9.950504451990127563e-02 -4.842750728130340576e-01 -2.405261993408203125e-02 3.628057241439819336e-01 7.904939353466033936e-02 -4.351168274879455566e-01 -1.112490892410278320e-01 -2.806284725666046143e-01 6.640723347663879395e-02 -3.362316638231277466e-02 1.343721747398376465e-01 -1.352666467428207397e-01 -1.441705226898193359e-01 -1.441303491592407227e-01 1.098324060440063477e-01 5.071894526481628418e-01 -1.242037266492843628e-01 -6.164751946926116943e-02 4.690387845039367676e-01 4.380065500736236572e-01 1.376763451844453812e-02 -2.785185575485229492e-01 1.467223167419433594e-01 -4.448412060737609863e-01 -3.707905113697052002e-01 2.244283705949783325e-01 -1.228855848312377930e-01 -4.466793537139892578e-01 -2.707434892654418945e-01 1.188286840915679932e-01 -1.781941652297973633e-01 -4.219964444637298584e-01 -3.254688531160354614e-02 3.356793522834777832e-02 1.891171485185623169e-01 -4.328115582466125488e-01 -5.599443316459655762e-01 -3.526177257299423218e-02 2.914323806762695312e-01 -1.635788381099700928e-01 4.126629829406738281e-01 -1.708113253116607666e-01 3.458346128463745117e-01 -3.044214546680450439e-01 3.428105115890502930e-01 3.335498571395874023e-01 -7.651700079441070557e-02
-8.293362259864807129e-01 -1.120387241244316101e-01 -2.489862143993377686e-01 -6.962004303932189941e-01 -3.543359041213989258e-01 -3.418420255184173584e-02 1.822480857372283936e-01 -3.817603886127471924e-01 -3.378313481807708740e-01 3.381895422935485840e-01 -5.678956508636474609e-01 1.733022630214691162e-01 -1.940711140632629395e-01 3.409562408924102783e-01 -7.062405347824096680e-05 3.859022259712219238e-02 -8.793269842863082886e-02 -1.571558415889739990e-03 -1.227389797568321228e-01 5.342781543731689453e-01 -3.368071913719177246e-01 -3.534238636493682861e-01 1.707926094532012939e-01 5.964710712432861328e-01 -1.001010239124298096e-01 -2.652442455291748047e-01 -2.022317051887512207e-01 -8.541250973939895630e-02 3.945798799395561218e-02 5.894079059362411499e-02 -1.404761224985122681e-01 1.953018158674240112e-01 3.929852247238159180e-01 6.628708839416503906e-01 2.100488096475601196e-01 4.161288589239120483e-02 3.183266222476959229e-01 -8.595310896635055542e-02 1.762009114027023315e-01 -4.390743970870971680e-01 1.720917373895645142e-01 -5.928248167037963867e-01 5.226854681968688965e-01 1.955492049455642700e-01 -1.799859702587127686e-01 7.410037517547607422e-02 2.833683788776397705e-01 2.599233388900756836e-01 -4.412727952003479004e-01 -1.597382128238677979e-02 -1.587621867656707764e-02 3.101769387722015381e-01 -6.370229274034500122e-02 8.985873311758041382e-02 -2.141912579536437988e-01 3.156958818435668945e-01 5.283225178718566895e-01 6.670069098472595215e-01 5.752127617597579956e-02 3.254509270191192627e-01 -3.795789778232574463e-01 3.360540270805358887e-01 1.294592469930648804e-01 1.281009018421173096e-01
-7.724667191505432129e-01 1.715321093797683716e-02 -3.114885985851287842e-01 -5.364776849746704102e-01 -1.140639632940292358e-01 -6.040004640817642212e-02 6.182871758937835693e-02 -4.477016329765319824e-01 -3.855821192264556885e-01 4.285684525966644287e-01 -4.636826217174530029e-01 2.718356251716613770e-01 -8.857566118240356445e-02 2.150409817695617676e-01 -1.958343386650085449e-01 -6.287615746259689331e-02 -3.955615460872650146e-01 -8.434474468231201172e-02 -5.066583156585693359e-01 8.727168291807174683e-02 2.227102667093276978e-01 -1.766461431980133057e-01 -4.827750027179718018e-01 1.395592242479324341e-01 1.164531856775283813e-01 -7.619744539260864258e-02 2.658210098743438721e-01 -2.763326764106750488e-01 -1.760475188493728638e-01 2.532905638217926025e-01 1.340723484754562378e-01 1.570583432912826538e-01 4.764025211334228516e-01 1.400429606437683105e-01 8.665274083614349365e-02 2.530491352081298828e-01 3.409571051597595215e-01 -1.999652981758117676e-01 -1.516158133745193481e-01 -2.377301305532455444e-01 -8.144677430391311646e-02 -6.382726430892944336e-01 6.103329062461853027e-01 -1.088727265596389771e-01 -2.171785980463027954e-01 -1.412041038274765015e-01 3.674760460853576660e-01 2.569086551666259766e-01 -5.251736044883728027e-01 -1.124990880489349365e-01 -1.432941257953643799e-01 1.045099124312400818e-01 -5.240369588136672974e-03 -2.639039158821105957e-01 -2.332551479339599609e-01 1.173928231000900269e-01 1.664562225341796875e-01 3.405401110649108887e-01 -1.058092340826988220e-02 -1.079886257648468018e-01 -9.922125935554504395e-02 4.397742748260498047e-01 2.293158769607543945e-01 2.579208612442016602e-01
-7.812619209289550781e-01 -2.793034017086029053e-01 -2.808740735054016113e-01 -5.491573810577392578e-01 -6.518764495849609375e-01 -1.452265679836273193e-01 3.098110556602478027e-01 -2.927780151367187500e-01 -3.744952678680419922e-01 3.679884374141693115e-01 -3.785813450813293457e-01 1.317875981330871582e-01 -1.732247471809387207e-01 -3.553527593612670898e-02 -3.527886569499969482e-01 -1.500795185565948486e-01 -3.603088259696960449e-01 -6.425619870424270630e-02 -3.458205461502075195e-01 1.088463589549064636e-01 -2.207799702882766724e-01 -1.340208202600479126e-01 1.059017702937126160e-01 6.560658216476440430e-01 1.645039618015289307e-01 8.827336132526397705e-02 -2.088462561368942261e-02 -2.970342338085174561e-01 1.164614856243133545e-01 3.555330038070678711e-01 2.487318217754364014e-01 2.695719003677368164e-01 4.407674074172973633e-02 3.796197175979614258e-01 3.729318380355834961e-01 5.081133842468261719e-01 4.797516763210296631e-02 -2.143468707799911499e-01 3.030736446380615234e-01 -1.771670132875442505e-01 2.545942962169647217e-01 -6.583138704299926758e-01 4.571079611778259277e-01 -3.622649610042572021e-02 3.241551341488957405e-03 -1.007159501314163208e-01 3.316487073898315430e-01 4.303283095359802246e-01 -7.063934803009033203e-01 -1.390520483255386353e-01 -1.328305304050445557e-01 -1.400555968284606934e-01 1.960423290729522705e-01 -2.086843848228454590e-01 -1.970438659191131592e-01 4.164388179779052734e-01 5.167271494865417480e-01 3.840169906616210938e-01 1.814530789852142334e-01 -1.137937977910041809e-01 -2.148963809013366699e-01 2.669432163238525391e-01 -5.750206857919692993e-02 4.821798205375671387e-01
-3.923491239547729492e-01 1.396023482084274292e-02 -1.650805175304412842e-01 -6.983866095542907715e-01 -9.094072878360748291e-02 9.408691525459289551e-02 2.903078198432922363e-01 -4.499986171722412109e-01 -3.042702972888946533e-01 2.175230085849761963e-01 -5.399999618530273438e-01 2.255669236183166504e-01 7.427606731653213501e-03 1.610619425773620605e-01 -1.367139518260955811e-01 -2.007128596305847168e-01 1.475409567356109619e-01 9.670775383710861206e-02 -5.641289353370666504e-01 4.850395619869232178e-01 -1.416419148445129395e-01 3.213588148355484009e-02 -2.322990000247955322e-01 5.831295251846313477e-02 -2.396058738231658936e-01 -9.654879570007324219e-02 6.267198827117681503e-03 -1.377755105495452881e-01 2.796184271574020386e-03 3.960510343313217163e-02 -4.589563608169555664e-02 3.219487965106964111e-01 2.663324177265167236e-01 4.338808059692382812e-01 1.557902991771697998e-01 3.567404448986053467e-01 2.943464517593383789e-01 -5.480953678488731384e-02 -2.816860079765319824e-01 1.023686379194259644e-01 1.141033396124839783e-01 -6.728453636169433594e-01 4.475951194763183594e-01 -1.001796722412109375e-01 -3.353498280048370361e-01 4.052502289414405823e-02 -1.923429369926452637e-01 3.417747914791107178e-01 -3.762021362781524658e-01 -6.644240766763687134e-02 -1.627006530761718750e-01 2.418556660413742065e-01 -3.090894818305969238e-01 -2.003479003906250000e-01 -4.334761947393417358e-02 5.540910959243774414e-01 1.518573164939880371e-01 3.461840152740478516e-01 2.190419435501098633e-01 1.444729566574096680e-01 -1.995884329080581665e-01 4.147711992263793945e-01 1.457034647464752197e-01 4.114354252815246582e-01
-5.127525925636291504e-01 -1.951550841331481934e-01 -3.596341013908386230e-01 -8.530242443084716797e-01 -2.502577304840087891e-01 -1.957389898598194122e-02 2.972930073738098145e-01 -3.535478711128234863e-01 -4.918788373470306396e-01 2.765238583087921143e-01 -4.624976515769958496e-01 3.516732752323150635e-01 1.165399327874183655e-02 -2.500849962234497070e-02 -1.388864666223526001e-01 -5.030735582113265991e-02 -1.730532646179199219e-01 -1.379909813404083252e-01 -1.306022107601165771e-01 2.379327118396759033e-01 2.177196294069290161e-01 1.510627567768096924e-01 -2.520515322685241699e-01 4.278702139854431152e-01 1.342191696166992188e-01 -1.596353501081466675e-01 1.176679041236639023e-03 -3.225966393947601318e-01 -2.229801192879676819e-02 4.580691456794738770e-02 -2.340762615203857422e-01 3.736019432544708252e-01 5.410223603248596191e-01 3.525628447532653809e-01 3.340341448783874512e-01 4.460169970989227295e-01 3.582945168018341064e-01 5.195784568786621094e-02 7.311971485614776611e-02 -2.832360565662384033e-01 -4.189317673444747925e-02 -8.538289070129394531e-01 2.406850606203079224e-01 1.223953515291213989e-01 -3.142141401767730713e-01 -3.976341336965560913e-03 4.348058998584747314e-01 4.356018304824829102e-01 -3.223083019256591797e-01 -3.018776178359985352e-01 -1.938193738460540771e-01 3.952120617032051086e-02 -1.466588079929351807e-01 -4.841325879096984863e-01 1.462036967277526855e-01 3.680984377861022949e-01 8.426710963249206543e-02 6.894366741180419922e-01 1.717409789562225342e-01 3.618264943361282349e-02 -9.075652062892913818e-02 3.237990736961364746e-01 -1.063813120126724243e-01 2.553580701351165771e-01
-9.403772354125976562e-01 5.019947886466979980e-01 2.019124478101730347e-02 -6.350976228713989258e-01 1.651197671890258789e-01 3.525072932243347168e-01 -1.664531081914901733e-01 -3.794395923614501953e-01 -1.780365258455276489e-01 5.776044130325317383e-01 -5.832785964012145996e-01 2.741254866123199463e-01 1.586008220911026001e-01 7.237274050712585449e-01 3.469250723719596863e-02 2.334572672843933105e-01 1.850285679101943970e-01 -3.476221114397048950e-03 -4.815712869167327881e-01 5.217177048325538635e-02 1.890489757061004639e-01 -3.116151988506317139e-01 -4.446504116058349609e-01 -1.281023621559143066e-01 -1.213276088237762451e-01 -1.202632710337638855e-01 1.477486826479434967e-02 2.668516337871551514e-01 -1.816870719194412231e-01 -3.380594253540039062e-01 -2.996502630412578583e-02 1.848044097423553467e-01 6.412435770034790039e-01 2.483609467744827271e-01 -5.093750357627868652e-01 6.079457327723503113e-02 4.416896998882293701e-01 4.001234658062458038e-03 -2.344553023576736450e-01 -1.137082576751708984e-01 -3.274627625942230225e-01 -2.986346781253814697e-01 5.385335683822631836e-01 6.221988052129745483e-02 -2.699817121028900146e-01 -3.019589930772781372e-03 1.409136801958084106e-01 -6.721310317516326904e-03 -2.893349528312683105e-01 2.067883610725402832e-01 1.242360323667526245e-01 3.848206996917724609e-01 -4.750638604164123535e-01 -1.856712698936462402e-01 -2.364448010921478271e-01 7.496473938226699829e-02 3.265289589762687683e-02 7.175200581550598145e-01 -2.360331416130065918e-01 3.455506265163421631e-01 -3.315349817276000977e-01 2.725576162338256836e-01 5.545580387115478516e-01 -6.086301431059837341e-02
-7.002304196357727051e-01 2.298577129840850830e-01 -1.980599761009216309e-01 -5.840447545051574707e-01 -9.297657757997512817e-02 -8.988357335329055786e-02 -1.010559648275375366e-01 -1.804320216178894043e-01 -1.356777735054492950e-02 7.178484201431274414e-01 -5.013191699981689453e-01 4.195416867733001709e-01 3.356696665287017822e-01 4.488614201545715332e-01 -1.684471070766448975e-01 -2.720132470130920410e-02 4.018865823745727539e-01 -1.339444518089294434e-02 -5.243690609931945801e-01 -3.408607542514801025e-01 4.195113778114318848e-01 1.978990286588668823e-01 -7.016860842704772949e-01 -4.147319197654724121e-01 2.589760720729827881e-01 9.501452744007110596e-02 3.789489567279815674e-01 -2.494505792856216431e-02 -2.675150930881500244e-01 1.082492172718048096e-01 -1.026366800069808960e-01 -8.871688693761825562e-02 3.426643013954162598e-01 -8.313103765249252319e-02 -4.489430785179138184e-01 7.427605390548706055e-01 1.488818675279617310e-01 1.576296091079711914e-01 -3.719679713249206543e-01 3.052810728549957275e-01 -2.071928083896636963e-01 -3.106033504009246826e-01 2.562280297279357910e-01 -3.435029685497283936e-01 9.516972303390502930e-02 1.924708113074302673e-02 3.537520468235015869e-01 -3.363219797611236572e-01 -6.360608935356140137e-01 -1.078324764966964722e-01 -2.263786643743515015e-01 -2.420093864202499390e-01 -5.541958212852478027e-01 -4.034145474433898926e-01 -6.899752467870712280e-02 1.020948886871337891e-01 -7.162913680076599121e-03 4.126446247100830078e-01 -9.835361689329147339e-02 1.962167918682098389e-01 3.222093731164932251e-02 1.581778973340988159e-01 1.611083745956420898e-01 1.781477630138397217e-01
-5.630938410758972168e-01 -7.949223369359970093e-02 -3.234925866127014160e-01 -6.296141743659973145e-01 -1.513977348804473877e-02 2.234994918107986450e-01 -7.139839231967926025e-02 -3.208834826946258545e-01 -2.477250546216964722e-01 2.707538008689880371e-01 -5.361456871032714844e-01 5.725798755884170532e-02 -1.659855544567108154e-01 3.613706529140472412e-01 -1.815380454063415527e-01 -9.591577947139739990e-02 3.744205459952354431e-02 -8.655916899442672729e-02 -3.529783487319946289e-01 1.881996989250183105e-01 1.408627182245254517e-01 -1.272669285535812378e-01 -3.914507627487182617e-01 -4.364469647407531738e-02 -1.364786475896835327e-01 5.864475667476654053e-02 7.318339496850967407e-02 1.787511706352233887e-01 -1.356699615716934204e-01 -1.103052943944931030e-01 -5.097070336341857910e-02 2.099799215793609619e-01 2.471052110195159912e-01 2.973919510841369629e-01 4.017107188701629639e-02 4.313701987266540527e-01 1.306932866573333740e-01 -2.669656276702880859e-01 -7.148557156324386597e-02 -6.420604884624481201e-02 -1.825473010540008545e-01 -5.648211240768432617e-01 6.167214512825012207e-01 -1.383149623870849609e-02 -3.115287125110626221e-01 -2.119744867086410522e-01 6.814832985401153564e-02 1.465157568454742432e-01 -5.929148197174072266e-01 -2.512581646442413330e-02 4.120695590972900391e-02 1.025224626064300537e-01 -3.286175727844238281e-01 -1.619160175323486328e-01 -1.360629200935363770e-01 3.446535468101501465e-01 6.474062800407409668e-02 4.823947548866271973e-01 -3.490446805953979492e-01 2.265281677246093750e-01 -5.032012239098548889e-02 3.088564872741699219e-01 3.193394839763641357e-01 1.828461289405822754e-01
-8.797992467880249023e-01 2.090046107769012451e-01 -2.046007663011550903e-02 -7.158030867576599121e-01 -5.491998046636581421e-02 2.206990569829940796e-01 -9.193418920040130615e-02 -2.625931799411773682e-01 -2.357887178659439087e-01 6.006457805633544922e-01 -5.219818949699401855e-01 9.829180687665939331e-02 -3.206644207239151001e-03 6.091691255569458008e-01 -4.147853702306747437e-02 1.570607423782348633e-01 2.182457596063613892e-01 -1.048745885491371155e-01 -3.128380775451660156e-01 2.789010852575302124e-02 2.790500819683074951e-01 -1.943528950214385986e-01 -4.112489223480224609e-01 1.177756339311599731e-01 -2.075711190700531006e-01 -3.114106655120849609e-01 -3.139876574277877808e-02 3.226507306098937988e-01 -1.317679733037948608e-01 -1.991209238767623901e-01 -1.331323236227035522e-01 1.316005587577819824e-01 6.388141512870788574e-01 2.284892648458480835e-01 -3.374878764152526855e-01 1.788172721862792969e-01 2.465868592262268066e-01 2.684288844466209412e-02 -1.337128281593322754e-01 -2.207471281290054321e-01 -4.071447253227233887e-01 -1.321945786476135254e-01 4.524547457695007324e-01 -9.908501803874969482e-02 -2.920199632644653320e-01 2.333344891667366028e-02 4.858796298503875732e-01 -1.098271682858467102e-01 -5.724956393241882324e-01 1.267320215702056885e-01 3.766401410102844238e-01 4.690653085708618164e-01 -3.232264518737792969e-01 -2.186082601547241211e-01 -6.728707998991012573e-02 -7.027792930603027344e-02 1.831032037734985352e-01 7.803192734718322754e-01 -2.366137802600860596e-01 5.814533829689025879e-01 -2.623576521873474121e-01 1.314002126455307007e-01 3.453665971755981445e-01 3.518607467412948608e-03
-5.129598975181579590e-01 -4.109745621681213379e-01 -4.418337047100067139e-01 -6.113994717597961426e-01 -1.619613319635391235e-01 2.361193746328353882e-01 2.155952453613281250e-01 -5.498138666152954102e-01 -4.177533686161041260e-01 4.893295764923095703e-01 -6.062324047088623047e-01 1.392148733139038086e-01 -1.113751828670501709e-01 -2.175878286361694336e-01 -1.313514411449432373e-01 -1.195322647690773010e-01 -4.937043190002441406e-01 -3.706509768962860107e-01 -2.788395583629608154e-01 2.100369483232498169e-01 1.690459400415420532e-01 7.512853294610977173e-02 -3.290897905826568604e-01 2.953810095787048340e-01 -1.391351502388715744e-02 2.260779589414596558e-01 2.364611327648162842e-01 -3.079062700271606445e-02 -9.765245020389556885e-02 -1.927878409624099731e-01 1.957935243844985962e-01 2.624413371086120605e-01 2.161590568721294403e-02 1.660978049039840698e-01 1.164985522627830505e-01 5.342086553573608398e-01 9.735243022441864014e-02 -4.740398004651069641e-02 2.130799740552902222e-01 2.097887918353080750e-02 -7.882596552371978760e-02 -7.205147743225097656e-01 5.441530942916870117e-01 1.689213961362838745e-01 -4.658107459545135498e-01 1.499686986207962036e-01 2.147842198610305786e-01 4.038879275321960449e-01 -6.434031724929809570e-01 -1.111262738704681396e-01 -1.437237560749053955e-01 1.937517374753952026e-01 7.632292807102203369e-02 -3.017309010028839111e-01 -8.163376897573471069e-02 3.969885110855102539e-01 -5.680295452475547791e-02 9.570720791816711426e-02 7.811084389686584473e-03 -2.162492871284484863e-01 9.852379560470581055e-02 4.334450364112854004e-01 3.490779101848602295e-01 3.269482776522636414e-02
-3.941070139408111572e-01 -3.184618353843688965e-01 -4.113640189170837402e-01 -6.634817123413085938e-01 -3.932759761810302734e-01 -1.049176156520843506e-01 2.108071446418762207e-01 -1.078624799847602844e-01 -2.207395583391189575e-01 1.615932583808898926e-01 -5.300987362861633301e-01 2.773413062095642090e-01 -3.044529259204864502e-01 1.010102555155754089e-01 -1.925916075706481934e-01 -1.624064892530441284e-01 5.173403397202491760e-02 -2.203275263309478760e-02 -5.542415976524353027e-01 -1.019192487001419067e-01 1.499132812023162842e-02 3.666452318429946899e-02 -3.387474119663238525e-01 -2.662926912307739258e-01 1.931222900748252869e-02 1.430951505899429321e-01 2.707862555980682373e-01 -4.061381816864013672e-01 5.420117452740669250e-02 2.798658311367034912e-01 8.764689415693283081e-02 2.894827425479888916e-01 -9.449037909507751465e-02 2.497433871030807495e-01 1.594140231609344482e-01 5.662443041801452637e-01 1.662593483924865723e-01 -1.557008028030395508e-01 2.625353336334228516e-01 -1.944368183612823486e-01 2.117646038532257080e-01 -6.756157875061035156e-01 3.479145765304565430e-01 -3.415770828723907471e-02 -3.329327329993247986e-03 -7.792647182941436768e-02 -8.241441100835800171e-03 4.377598166465759277e-01 -4.849672913551330566e-01 -2.816123962402343750e-01 -2.684933543205261230e-01 -4.449484646320343018e-01 -3.937380909919738770e-01 -1.434703171253204346e-02 -1.827217936515808105e-01 4.627940654754638672e-01 3.913716673851013184e-01 4.072338342666625977e-01 -1.206852868199348450e-01 -4.096669703722000122e-02 -9.385826438665390015e-02 3.262714147567749023e-01 5.144326016306877136e-02 7.809466123580932617e-01
-3.116251528263092041e-01 -4.982518255710601807e-01 -6.121889352798461914e-01 -6.588603258132934570e-01 -5.343195199966430664e-01 -5.372891575098037720e-02 3.432329893112182617e-01 -2.224003076553344727e-01 -3.917727768421173096e-01 2.975969612598419189e-01 -5.677912235260009766e-01 1.355246156454086304e-01 -3.180816471576690674e-01 -2.584257125854492188e-01 -3.148469328880310059e-01 1.183105632662773132e-04 -4.012102782726287842e-01 -9.487422555685043335e-02 -1.681340932846069336e-01 4.830541908740997314e-01 1.132345050573348999e-01 3.653280809521675110e-02 9.291065484285354614e-02 5.932188630104064941e-01 2.184964120388031006e-01 3.239947557449340820e-01 1.778262406587600708e-01 -5.286666750907897949e-01 1.355735808610916138e-01 7.421255111694335938e-03 1.922506541013717651e-01 4.230211079120635986e-01 -8.947038650512695312e-02 2.544906139373779297e-01 6.994348168373107910e-01 4.822487533092498779e-01 -5.502722412347793579e-02 -1.627988666296005249e-01 5.611940026283264160e-01 -3.595949113368988037e-01 1.057857573032379150e-01 -8.117771148681640625e-01 2.566198706626892090e-01 1.857716888189315796e-01 -2.820512950420379639e-01 -2.176965028047561646e-01 2.868766188621520996e-01 4.490792155265808105e-01 -4.533532857894897461e-01 -3.352880775928497314e-01 -3.460311889648437500e-01 -7.763227820396423340e-02 2.304956167936325073e-01 -1.235209181904792786e-01 -2.075908780097961426e-01 4.074119329452514648e-01 2.963972985744476318e-01 2.610432505607604980e-01 2.293050587177276611e-01 9.656481444835662842e-03 -1.756974011659622192e-01 2.258781641721725464e-01 -1.127861440181732178e-01 3.734484612941741943e-01
-5.767619013786315918e-01 -1.788282096385955811e-01 -3.382595181465148926e-01 -6.203147768974304199e-01 -4.783511161804199219e-01 -7.460971921682357788e-02 2.874758541584014893e-01 -4.001090526580810547e-01 -3.122463524341583252e-01 2.414095997810363770e-01 -4.229656755924224854e-01 2.921245992183685303e-01 -7.210898399353027344e-02 1.780034899711608887e-01 -1.148450374603271484e-01 -6.277629733085632324e-02 -2.710117585957050323e-02 -8.342140913009643555e-02 -5.470416545867919922e-01 -1.797930449247360229e-01 -1.593349277973175049e-01 8.885802328586578369e-02 -2.689764201641082764e-01 -1.430974900722503662e-02 -1.365032643079757690e-01 -2.085492014884948730e-02 1.524285078048706055e-01 -1.250170767307281494e-01 -1.696472987532615662e-02 3.012538552284240723e-01 1.340721845626831055e-01 2.710680961608886719e-01 1.253684014081954956e-01 3.132364153861999512e-01 -1.286173611879348755e-01 5.449228286743164062e-01 7.758137583732604980e-02 -1.021225601434707642e-01 -2.581469714641571045e-02 -1.126530468463897705e-01 1.214767470955848694e-01 -7.551411390304565430e-01 4.094862937927246094e-01 -2.164875864982604980e-01 1.079876720905303955e-01 1.352299153804779053e-01 5.715086683630943298e-02 4.288443922996520996e-01 -5.976800322532653809e-01 -1.335676312446594238e-01 -1.977082490921020508e-01 -2.200386375188827515e-01 -2.541767954826354980e-01 -1.021173894405364990e-01 -2.131620049476623535e-01 3.492929339408874512e-01 4.661593437194824219e-01 6.341835856437683105e-01 -5.473863333463668823e-02 -1.314098834991455078e-01 7.500116527080535889e-02 2.683758139610290527e-01 9.733703732490539551e-02 7.337916493415832520e-01
-5.318144559860229492e-01 -4.305838793516159058e-02 -2.499500811100006104e-01 -5.201982259750366211e-01 -9.678302705287933350e-02 -8.705860003829002380e-03 2.867974042892456055e-01 -1.761277616024017334e-01 -3.764553964138031006e-01 9.018709510564804077e-02 -4.381451904773712158e-01 1.560377776622772217e-01 -3.813310861587524414e-01 2.160997688770294189e-01 -1.557967662811279297e-01 -3.822536766529083252e-02 -4.828521981835365295e-02 1.008472368121147156e-01 -5.272567868232727051e-01 7.855300605297088623e-02 1.208340674638748169e-01 6.931336596608161926e-03 -3.390142619609832764e-01 -6.037305295467376709e-02 7.334131002426147461e-02 -1.351828128099441528e-01 3.346333503723144531e-01 -5.380622148513793945e-01 -2.875230461359024048e-02 3.461035490036010742e-01 1.502235680818557739e-01 2.633216977119445801e-01 2.406305074691772461e-01 3.294500112533569336e-01 2.729849219322204590e-01 2.627796232700347900e-01 5.127450227737426758e-01 -6.828108429908752441e-02 -7.024617493152618408e-02 -2.328832596540451050e-01 1.596195548772811890e-01 -7.084072828292846680e-01 3.157045245170593262e-01 -2.323232591152191162e-01 -1.578012108802795410e-01 -2.139122784137725830e-01 3.218882083892822266e-01 3.221595585346221924e-01 -2.308171540498733521e-01 -2.515144944190979004e-01 1.180580258369445801e-02 -2.205138653516769409e-01 -4.924097061157226562e-01 -2.240266501903533936e-01 -1.095066890120506287e-01 2.522287964820861816e-01 1.628017425537109375e-01 3.955417871475219727e-01 2.694609761238098145e-02 6.832825392484664917e-02 -2.747198343276977539e-01 2.707768082618713379e-01 1.870336234569549561e-01 6.001517772674560547e-01
-6.114703416824340820e-01 -3.871638327836990356e-02 -3.282066285610198975e-01 -5.255210399627685547e-01 -4.164485260844230652e-02 2.047905623912811279e-01 -1.127989590167999268e-02 -4.252628386020660400e-01 -3.826722800731658936e-01 2.725830972194671631e-01 -3.612957298755645752e-01 1.542796492576599121e-01 1.241690069437026978e-01 3.886494785547256470e-02 -1.298618912696838379e-01 -2.554870247840881348e-01 -1.907263100147247314e-01 -1.496425718069076538e-01 -5.688243508338928223e-01 -2.829783409833908081e-02 4.184187054634094238e-01 1.987850517034530640e-01 -5.155480504035949707e-01 -8.575017750263214111e-02 7.590714097023010254e-02 1.414780765771865845e-01 4.133296310901641846e-01 -1.711265742778778076e-01 -1.333238035440444946e-01 1.494098454713821411e-02 9.687073528766632080e-02 9.750068187713623047e-02 2.850915193557739258e-01 -1.547646969556808472e-01 1.760162413120269775e-01 6.750093102455139160e-01 8.332121372222900391e-02 -1.225502863526344299e-01 -3.369445204734802246e-01 4.572548568248748779e-01 -2.282500267028808594e-01 -7.407965660095214844e-01 5.223807096481323242e-01 -3.614262044429779053e-01 -1.840166002511978149e-01 -3.553298711776733398e-01 1.655385643243789673e-01 1.802327483892440796e-02 -6.409290432929992676e-01 -1.344737261533737183e-01 -1.419416069984436035e-01 -3.257183134555816650e-01 -3.507739901542663574e-01 -3.260826766490936279e-01 -9.187572449445724487e-02 3.840464353561401367e-01 -2.589058279991149902e-01 1.906059682369232178e-03 -1.510064601898193359e-01 -1.316026747226715088e-01 3.674129024147987366e-02 2.846726179122924805e-01 3.083902001380920410e-01 5.926951393485069275e-02
-8.231772780418395996e-01 -1.149820461869239807e-01 3.744281083345413208e-02 -6.919928789138793945e-01 -2.210967689752578735e-01 2.114633619785308838e-01 1.402800530195236206e-02 -4.596922397613525391e-01 -4.713493883609771729e-01 5.198034048080444336e-01 -5.479364991188049316e-01 1.610927283763885498e-03 2.453543245792388916e-02 2.807400822639465332e-01 -9.328992664813995361e-02 -3.623202443122863770e-02 -4.111520648002624512e-01 -2.883377671241760254e-01 -9.936200827360153198e-02 1.747777462005615234e-01 1.468602716922760010e-01 -2.317612171173095703e-01 -2.399869561195373535e-01 5.296427607536315918e-01 -2.378868460655212402e-01 -1.175536215305328369e-02 -5.505761597305536270e-03 3.406429886817932129e-01 -2.951520383358001709e-01 -2.497539669275283813e-01 -3.450487554073333740e-02 3.732016682624816895e-01 4.271422326564788818e-01 4.411437511444091797e-01 -1.614467948675155640e-01 1.428255736827850342e-01 1.780841052532196045e-01 -8.835277706384658813e-02 2.083479911088943481e-01 -3.267948329448699951e-01 -2.723543345928192139e-01 -4.610448479652404785e-01 6.454050540924072266e-01 1.820666044950485229e-01 -5.010765194892883301e-01 2.224640101194381714e-01 4.402589499950408936e-01 2.267729640007019043e-01 -5.964249968528747559e-01 1.553617119789123535e-01 7.540802657604217529e-02 5.034141540527343750e-01 2.834839001297950745e-02 -4.085225984454154968e-02 -1.605681777000427246e-01 1.074168160557746887e-01 3.066729381680488586e-02 4.308409094810485840e-01 7.017547637224197388e-02 -5.351029336452484131e-03 1.779830008745193481e-01 4.598256349563598633e-01 4.407183825969696045e-01 -1.147684454917907715e-01
-7.449033856391906738e-01 1.775728166103363037e-02 -4.442572593688964844e-01 -3.218699693679809570e-01 5.905741453170776367e-02 -1.003160178661346436e-01 -6.825077533721923828e-02 -4.952171444892883301e-01 -3.306663036346435547e-01 2.262829244136810303e-01 -4.771759212017059326e-01 3.000391125679016113e-01 1.480820626020431519e-01 2.000144422054290771e-01 -2.940421700477600098e-01 -1.508422195911407471e-01 -7.423701882362365723e-02 -6.921060383319854736e-02 -5.368378162384033203e-01 -8.467863500118255615e-02 2.593641281127929688e-01 1.752543002367019653e-01 -6.924901008605957031e-01 -1.062935590744018555e-01 2.754719257354736328e-01 -1.603976637125015259e-01 2.257017344236373901e-01 -2.285479903221130371e-01 -2.021444141864776611e-01 3.115826845169067383e-01 5.410231649875640869e-02 3.885623067617416382e-02 4.934819936752319336e-01 1.128428131341934204e-01 -1.214978694915771484e-01 4.913189113140106201e-01 1.976094543933868408e-01 -1.372418105602264404e-01 -4.035004377365112305e-01 1.409047096967697144e-01 -6.352055072784423828e-02 -8.186875581741333008e-01 4.351812601089477539e-01 -3.139136135578155518e-01 -1.532344073057174683e-01 -7.515887171030044556e-02 2.910225465893745422e-02 2.906060814857482910e-01 -4.320041239261627197e-01 -1.369974315166473389e-01 -1.571581363677978516e-01 -3.123418390750885010e-01 -9.786789119243621826e-02 -4.215514659881591797e-01 -1.849337220191955566e-01 3.189867734909057617e-01 1.943196654319763184e-01 4.581583738327026367e-01 -1.166851595044136047e-01 -7.778830081224441528e-02 8.575262874364852905e-02 3.975807428359985352e-01 3.692527115345001221e-02 3.157996237277984619e-01
-6.067290306091308594e-01 -1.081829145550727844e-01 -3.602371215820312500e-01 -6.628060936927795410e-01 3.979556262493133545e-03 3.964347541332244873e-01 -3.560186922550201416e-02 -2.775879502296447754e-01 -2.723841965198516846e-01 5.325624346733093262e-01 -4.543572366237640381e-01 1.680552214384078979e-02 -2.587195932865142822e-01 3.543204665184020996e-01 -5.651357769966125488e-02 2.101311385631561279e-01 1.328001320362091064e-01 -3.336362838745117188e-01 -2.014057934284210205e-01 2.255211174488067627e-01 1.218080818653106689e-01 -4.202620685100555420e-02 -3.297367095947265625e-01 5.945047736167907715e-02 -2.616539299488067627e-01 9.780782461166381836e-02 6.516826897859573364e-02 3.763059377670288086e-01 -8.631792664527893066e-02 -3.780184984207153320e-01 3.508256748318672180e-03 2.345090806484222412e-01 2.603140473365783691e-01 1.670517176389694214e-01 -1.470273435115814209e-01 2.561960816383361816e-01 1.045456379652023315e-01 6.009102798998355865e-03 3.296738862991333008e-02 -5.757911130785942078e-02 -2.188235670328140259e-01 -3.869919180870056152e-01 4.577490687370300293e-01 2.864710688591003418e-01 -5.793977379798889160e-01 1.776006221771240234e-01 1.279120445251464844e-01 7.402613013982772827e-02 -3.282225728034973145e-01 1.353867053985595703e-01 2.820186316967010498e-02 4.318569004535675049e-01 -2.773763537406921387e-01 -2.332326769828796387e-01 2.454087883234024048e-02 2.810084819793701172e-01 -1.177891343832015991e-02 6.015953421592712402e-01 8.030219376087188721e-02 4.272380769252777100e-01 -1.813149154186248779e-01 9.919543564319610596e-02 4.629481136798858643e-01 -6.424398720264434814e-02
-5.646799206733703613e-01 -1.326094567775726318e-01 1.833999752998352051e-01 -4.724006056785583496e-01 -7.067571580410003662e-02 4.319434165954589844e-01 -3.552223742008209229e-02 -1.111976578831672668e-01 -3.961457312107086182e-01 2.834132015705108643e-01 -1.653417646884918213e-01 -6.627764552831649780e-02 -3.177039325237274170e-04 8.754091709852218628e-02 -1.369130462408065796e-01 -1.858077645301818848e-01 1.267005652189254761e-01 2.796885967254638672e-01 -5.534455180168151855e-01 -1.920844912528991699e-01 5.728882551193237305e-01 2.283862233161926270e-01 -4.290027320384979248e-01 -2.540663480758666992e-01 -2.191651761531829834e-01 1.587863266468048096e-02 -2.615586481988430023e-02 2.007414996623992920e-01 -2.122634798288345337e-01 1.028932034969329834e-01 1.236235797405242920e-01 2.452447414398193359e-01 3.219361901283264160e-01 -1.268030405044555664e-01 -1.365002840757369995e-01 1.690116822719573975e-01 2.374125719070434570e-01 6.876675039529800415e-02 -9.828229993581771851e-02 4.944365322589874268e-01 -3.862052559852600098e-01 -2.432909011840820312e-01 3.233188986778259277e-01 -3.188806474208831787e-01 -5.614671707153320312e-01 4.468578472733497620e-02 8.464904129505157471e-02 1.102826669812202454e-01 -1.534904688596725464e-01 8.880207687616348267e-02 1.869831979274749756e-02 -1.253172457218170166e-01 -3.391739726066589355e-01 -3.860849738121032715e-01 3.902752399444580078e-01 3.532816767692565918e-01 -2.283313423395156860e-01 3.136919736862182617e-01 2.366341352462768555e-01 2.075836360454559326e-01 -2.525848150253295898e-01 2.861758470535278320e-01 5.419296622276306152e-01 2.566583156585693359e-01
-5.443916916847229004e-01 -9.056650102138519287e-02 4.646560549736022949e-02 -3.898475766181945801e-01 3.007308244705200195e-01 -3.129477053880691528e-02 -1.782654374837875366e-01 -3.764540553092956543e-01 -5.519312620162963867e-01 9.791408479213714600e-02 -1.950189322233200073e-01 3.442987054586410522e-02 2.528421282768249512e-01 2.239288389682769775e-01 -4.147256612777709961e-01 -4.170515835285186768e-01 1.289812922477722168e-01 1.991405487060546875e-01 -4.487179815769195557e-01 1.510181874036788940e-01 3.040592074394226074e-01 1.558910161256790161e-01 -5.621984004974365234e-01 -2.318561375141143799e-01 1.279259771108627319e-01 -1.698706448078155518e-01 -9.963639825582504272e-02 -8.812545239925384521e-02 -3.287867605686187744e-01 2.052416950464248657e-01 -6.825184822082519531e-02 1.256045699119567871e-01 6.450747847557067871e-01 1.738133132457733154e-01 -9.320564568042755127e-02 4.713409245014190674e-01 2.881739735603332520e-01 -2.091376632452011108e-01 -4.624181389808654785e-01 4.577211141586303711e-01 -9.923185408115386963e-02 -6.150960922241210938e-01 3.460991978645324707e-01 -3.592728376388549805e-01 -6.094247698783874512e-01 -2.024041488766670227e-02 -9.066776931285858154e-02 7.484266906976699829e-02 -3.978565335273742676e-01 5.813133716583251953e-02 -1.631150841712951660e-01 -2.287530153989791870e-01 2.961156144738197327e-02 -5.347552299499511719e-01 2.069199383258819580e-01 4.948999285697937012e-01 3.887778148055076599e-02 3.377099037170410156e-01 1.814283430576324463e-01 1.979232728481292725e-01 -1.287017762660980225e-01 5.127816796302795410e-01 -7.284842431545257568e-02 1.696502119302749634e-01
-3.932524025440216064e-01 -2.937207221984863281e-01 -2.898140251636505127e-01 -4.542748332023620605e-01 -2.132778167724609375e-01 6.530448049306869507e-02 3.116795420646667480e-01 -2.435104250907897949e-01 -5.872312784194946289e-01 7.038414478302001953e-02 -4.113839864730834961e-01 1.172634810209274292e-01 -1.775913685560226440e-01 -2.843125462532043457e-01 -4.051187336444854736e-01 -2.692116796970367432e-01 -2.616852223873138428e-01 1.495816707611083984e-01 -6.044672131538391113e-01 -1.483364999294281006e-01 7.145024091005325317e-02 2.138525843620300293e-01 -2.759729921817779541e-01 -6.152245402336120605e-02 -9.621109813451766968e-02 -1.387029141187667847e-02 -1.986513100564479828e-02 -4.069508612155914307e-01 4.415569081902503967e-02 3.352925181388854980e-01 8.455131947994232178e-02 2.994092106819152832e-01 1.333550661802291870e-01 1.877254396677017212e-01 2.897271513938903809e-01 3.313076496124267578e-01 3.079162240028381348e-01 -9.634584933519363403e-02 -6.761541962623596191e-02 3.946347162127494812e-03 -4.507796466350555420e-02 -7.535746097564697266e-01 2.911745905876159668e-01 -3.140701353549957275e-01 -3.242990374565124512e-01 4.056045785546302795e-02 -2.476159781217575073e-01 5.210862755775451660e-01 -3.944827616214752197e-01 -2.048904597759246826e-01 -1.807540655136108398e-01 -1.754725724458694458e-01 -2.662529349327087402e-01 -4.218814969062805176e-01 2.539797127246856689e-01 4.936577081680297852e-01 1.299314349889755249e-01 3.163306713104248047e-01 3.601022362709045410e-01 -1.084878444671630859e-01 -8.469250053167343140e-02 2.744646072387695312e-01 1.040677875280380249e-01 7.545742988586425781e-01
-4.823873043060302734e-01 -2.232627272605895996e-01 -4.114639759063720703e-01 -5.068185925483703613e-01 -2.043285071849822998e-01 -3.946238011121749878e-02 2.447041124105453491e-01 -2.507205009460449219e-01 -3.918372094631195068e-01 3.549667447805404663e-02 -5.855266451835632324e-01 2.241371870040893555e-01 -3.031865060329437256e-01 -1.470654457807540894e-02 -3.138733506202697754e-01 -2.422025054693222046e-01 2.122862450778484344e-02 9.033062309026718140e-02 -5.602735877037048340e-01 5.432353913784027100e-02 1.289546936750411987e-01 1.286141574382781982e-01 -3.008195459842681885e-01 -2.042144536972045898e-03 -1.009130757302045822e-02 -1.869501173496246338e-02 -3.060503862798213959e-02 -2.290537953376770020e-01 6.801174581050872803e-02 2.018332034349441528e-01 3.289877623319625854e-02 2.260243594646453857e-01 1.467770934104919434e-01 2.918995022773742676e-01 2.209473699331283569e-01 3.031063377857208252e-01 4.680888354778289795e-01 -2.118616700172424316e-01 -8.139011263847351074e-02 -2.363076061010360718e-01 -3.921122848987579346e-02 -7.136410474777221680e-01 3.638390898704528809e-01 -1.516638398170471191e-01 -3.578920066356658936e-01 -2.293932065367698669e-02 -1.834628731012344360e-01 4.885849356651306152e-01 -2.840401828289031982e-01 -1.390769481658935547e-01 -1.530871391296386719e-01 -1.456632763147354126e-01 -2.451374083757400513e-01 -4.267228245735168457e-01 -1.551725715398788452e-02 4.823391437530517578e-01 2.510013580322265625e-01 3.845329880714416504e-01 -1.122035235166549683e-01 1.036346927285194397e-01 -1.225349828600883484e-01 3.171646595001220703e-01 1.853434145450592041e-01 6.141110658645629883e-01
