{"loss_val":0.24755168266785452,"_wandb":{"runtime":12411},"_runtime":12411,"_timestamp":1.7711380645112417e+09,"_step":49,"loss_train":0.05927280511856079}