-7.380450963973999023e-01 -3.072169125080108643e-01 -2.140716463327407837e-01 1.211343109607696533e-01 -1.872088909149169922e-01 2.466159313917160034e-01 5.592725425958633423e-02 -2.238683700561523438e-01 -3.626454472541809082e-01 4.266752302646636963e-01 -6.660712361335754395e-01 5.960705131292343140e-02 -4.769834876060485840e-01 1.185582205653190613e-01 -6.381216049194335938e-01 -2.601799964904785156e-01 -2.578204497694969177e-02 4.541578590869903564e-01 -4.499776363372802734e-01 2.706726789474487305e-01 -4.354356229305267334e-01 -4.183256924152374268e-01 3.216326236724853516e-03 1.854760646820068359e-01 2.402888685464859009e-01 -1.416018456220626831e-01 -2.385323792695999146e-01 -1.209432631731033325e-02 -7.941162586212158203e-02 1.273687779903411865e-01 9.352323412895202637e-02 -1.772170960903167725e-01 3.377585113048553467e-01 2.368985414505004883e-01 1.440624594688415527e-01 3.545132875442504883e-01 1.067474633455276489e-01 -3.486407101154327393e-01 -5.079236030578613281e-01 -1.900967359542846680e-01 -1.373656541109085083e-01 -3.695576190948486328e-01 6.020880937576293945e-01 1.989625692367553711e-01 4.799017608165740967e-01 2.991369664669036865e-01 2.387792617082595825e-01 -1.817597746849060059e-01 -7.452495694160461426e-01 3.895044326782226562e-01 -1.588129401206970215e-01 6.915312260389328003e-04 3.387607634067535400e-02 1.476856172084808350e-01 4.530908167362213135e-01 1.097703948616981506e-01 7.925108671188354492e-01 5.982434153556823730e-01 1.324312537908554077e-01 1.210015565156936646e-01 -6.596277654170989990e-02 1.529640555381774902e-01 2.870525121688842773e-01 4.007845818996429443e-01
-5.874730944633483887e-01 -1.778883934020996094e-01 -5.581107139587402344e-01 2.413448840379714966e-01 -5.071848630905151367e-01 1.736143678426742554e-01 3.742677569389343262e-01 -2.060551047325134277e-01 -7.108293473720550537e-02 3.089845478534698486e-01 -8.727761507034301758e-01 5.798159912228584290e-02 -5.199654102325439453e-01 -1.318456530570983887e-01 -8.880020976066589355e-01 1.269069910049438477e-01 -1.337713450193405151e-01 6.546891331672668457e-01 -5.669202208518981934e-01 1.339074969291687012e-01 -2.001480162143707275e-01 3.908231854438781738e-02 6.824556738138198853e-02 3.297745585441589355e-01 7.133324742317199707e-01 5.073668956756591797e-01 -1.983289122581481934e-01 -4.494730830192565918e-01 -2.065454423427581787e-01 1.480342894792556763e-01 8.980484306812286377e-02 -6.253108382225036621e-03 -5.007402226328849792e-02 9.242382645606994629e-02 3.402251601219177246e-01 3.577618896961212158e-01 4.362092614173889160e-01 -5.110911726951599121e-01 -1.784794926643371582e-01 -4.719253480434417725e-01 3.382652103900909424e-01 -6.967552304267883301e-01 4.502251744270324707e-01 2.831082791090011597e-02 5.828551054000854492e-01 -1.432228088378906250e-01 2.594731748104095459e-01 2.120876014232635498e-01 -4.210174679756164551e-01 -2.703264951705932617e-01 -4.986015558242797852e-01 -3.564762473106384277e-01 1.437177062034606934e-01 -4.504933953285217285e-01 1.533193886280059814e-01 4.184425473213195801e-01 3.578807115554809570e-01 3.333396315574645996e-01 -2.205860167741775513e-01 -2.553035616874694824e-01 7.271169126033782959e-02 -1.578604280948638916e-01 3.148621320724487305e-01 7.252889871597290039e-01
-3.869749605655670166e-01 -1.820950806140899658e-01 2.576750516891479492e-02 1.867557317018508911e-01 1.623068749904632568e-01 1.455358862876892090e-01 -2.227637469768524170e-01 -1.810593307018280029e-01 -7.987669110298156738e-01 6.909880638122558594e-01 -1.187814027070999146e-01 5.946625396609306335e-02 -7.429496943950653076e-02 5.231409072875976562e-01 -3.246447145938873291e-01 -3.446626961231231689e-01 2.231676131486892700e-01 2.813920676708221436e-01 -1.695510447025299072e-01 -3.589302673935890198e-02 -2.076065242290496826e-01 -4.111556336283683777e-03 -1.161103546619415283e-01 -1.744148433208465576e-01 1.946017444133758545e-01 -3.431997299194335938e-01 -2.796135544776916504e-01 -3.953433409333229065e-02 1.995927467942237854e-02 7.341770827770233154e-02 2.683758139610290527e-01 1.472940295934677124e-01 3.814540803432464600e-01 3.429359197616577148e-01 -2.781415879726409912e-01 1.685087978839874268e-01 -1.992587745189666748e-01 2.500235438346862793e-01 -3.503599464893341064e-01 1.936843842267990112e-01 -6.861910820007324219e-01 6.869817525148391724e-02 8.163042366504669189e-03 -1.022163331508636475e-01 -1.120979785919189453e-01 7.660787105560302734e-01 2.663251161575317383e-01 -4.113893210887908936e-01 -6.693187355995178223e-01 8.392426371574401855e-01 -9.956409782171249390e-02 3.444567918777465820e-01 -4.720328748226165771e-02 2.691700458526611328e-01 4.373684823513031006e-01 -8.799538016319274902e-02 5.026857852935791016e-01 3.060524165630340576e-01 1.119854331016540527e+00 -3.054156154394149780e-02 -1.115432977676391602e-01 2.513426840305328369e-01 2.890523895621299744e-02 8.166587352752685547e-02
-1.547602415084838867e-01 -1.641324013471603394e-01 1.175683736801147461e-01 2.411964982748031616e-01 2.135273814201354980e-01 1.141987591981887817e-01 -1.576271951198577881e-01 -1.708565652370452881e-01 -1.034551024436950684e+00 6.267369985580444336e-01 5.723846703767776489e-02 -5.613633245229721069e-02 8.587658405303955078e-03 5.112779736518859863e-01 -3.842256665229797363e-01 -3.782401680946350098e-01 3.175169229507446289e-01 3.216949105262756348e-01 -1.638695299625396729e-01 -9.930732101202011108e-02 -1.557375192642211914e-01 2.020229846239089966e-01 -2.615275233983993530e-02 -2.144563794136047363e-01 1.415690630674362183e-01 -2.983111739158630371e-01 -3.637992143630981445e-01 -2.377936840057373047e-01 1.581612825393676758e-01 9.423734992742538452e-02 3.037211298942565918e-01 3.319925665855407715e-01 2.424485087394714355e-01 5.349624156951904297e-01 -1.948025822639465332e-01 1.064960956573486328e-01 -2.156464457511901855e-01 4.915120601654052734e-01 -1.516647934913635254e-01 2.006833851337432861e-01 -7.292798161506652832e-01 6.635673344135284424e-02 -2.298357337713241577e-01 -1.313462257385253906e-01 -3.919906914234161377e-01 8.061921000480651855e-01 2.179626822471618652e-01 -2.236501872539520264e-01 -6.235496997833251953e-01 8.602505922317504883e-01 -1.712805479764938354e-01 3.963309824466705322e-01 -7.031872123479843140e-02 2.143024057149887085e-01 5.071319341659545898e-01 1.174294948577880859e-02 3.895573914051055908e-01 1.861338466405868530e-01 1.364584326744079590e+00 2.053131908178329468e-02 -1.273056119680404663e-01 2.081903517246246338e-01 -1.568989157676696777e-01 1.063212379813194275e-01
-6.807656288146972656e-01 -2.794996798038482666e-01 -3.158661127090454102e-01 1.504115164279937744e-01 -2.415530383586883545e-01 2.374621778726577759e-01 1.519769579172134399e-01 -2.340104281902313232e-01 -3.175891041755676270e-01 4.012232124805450439e-01 -7.096811532974243164e-01 6.998263299465179443e-02 -4.956294298171997070e-01 6.671161204576492310e-02 -7.178007960319519043e-01 -1.962109953165054321e-01 -8.062602579593658447e-02 5.586067438125610352e-01 -5.309513211250305176e-01 2.011786103248596191e-01 -4.104266166687011719e-01 -2.942083179950714111e-01 4.466427117586135864e-02 1.932076513767242432e-01 3.529747724533081055e-01 1.020596921443939209e-02 -2.155830711126327515e-01 -1.193369701504707336e-01 -1.023684069514274597e-01 1.807725578546524048e-01 8.948640525341033936e-02 -1.042319238185882568e-01 2.519557476043701172e-01 1.965296566486358643e-01 1.710481643676757812e-01 3.389726281166076660e-01 2.311385571956634521e-01 -4.038253724575042725e-01 -4.523304104804992676e-01 -2.305223047733306885e-01 -2.077279053628444672e-02 -4.426810741424560547e-01 5.346112847328186035e-01 1.021796390414237976e-01 4.848864078521728516e-01 2.093303203582763672e-01 2.281303703784942627e-01 -5.066951736807823181e-02 -6.958130598068237305e-01 2.509765028953552246e-01 -2.259437739849090576e-01 -1.143459603190422058e-01 3.406155854463577271e-03 -2.170821651816368103e-02 3.969066441059112549e-01 2.176944911479949951e-01 6.870215535163879395e-01 5.147317647933959961e-01 9.274007380008697510e-02 -1.329596340656280518e-02 -6.713467836380004883e-02 5.609332025051116943e-02 3.040156364440917969e-01 5.211715102195739746e-01
-4.850196540355682373e-01 -1.042946279048919678e-01 -1.097288429737091064e-01 2.473111003637313843e-01 3.037584573030471802e-02 1.949812322854995728e-01 -1.587620675563812256e-01 -1.596208512783050537e-01 -8.023149967193603516e-01 7.270354032516479492e-01 -2.195140421390533447e-01 1.241687685251235962e-01 -1.943614184856414795e-01 5.156072974205017090e-01 -4.193411767482757568e-01 -3.251506388187408447e-01 2.010248750448226929e-01 3.266011178493499756e-01 -2.544613182544708252e-01 -4.296773299574851990e-02 -3.059737980365753174e-01 -6.746193394064903259e-03 -1.277817636728286743e-01 -5.089019984006881714e-02 2.760830223560333252e-01 -2.248881161212921143e-01 -3.220726549625396729e-01 -1.018079072237014771e-01 9.954074397683143616e-03 8.910799026489257812e-02 2.886364459991455078e-01 1.286296248435974121e-01 3.671706020832061768e-01 2.560743391513824463e-01 -2.250653803348541260e-01 1.755014657974243164e-01 -1.104874312877655029e-01 1.105684414505958557e-01 -3.773351311683654785e-01 9.782294929027557373e-02 -5.476939678192138672e-01 1.473392359912395477e-02 5.679443478584289551e-02 -6.818071007728576660e-02 7.721295952796936035e-02 6.814082264900207520e-01 3.353091776371002197e-01 -3.534155786037445068e-01 -6.523334383964538574e-01 7.430528998374938965e-01 -1.433712095022201538e-01 2.144431769847869873e-01 -4.657515138387680054e-02 2.078925818204879761e-01 3.724427223205566406e-01 -1.719960570335388184e-02 5.267637968063354492e-01 3.090933561325073242e-01 9.868729710578918457e-01 -1.032592058181762695e-01 -1.444750279188156128e-01 1.655863225460052490e-01 6.499391049146652222e-02 9.772733598947525024e-02
-2.612019777297973633e-01 -1.197616904973983765e-01 1.382811218500137329e-01 1.770169585943222046e-01 2.109908759593963623e-01 1.128647923469543457e-01 -2.403933405876159668e-01 -1.961503922939300537e-01 -8.731207251548767090e-01 7.536985874176025391e-01 -2.897582575678825378e-02 5.878547579050064087e-02 1.772885769605636597e-02 6.004866957664489746e-01 -2.183372378349304199e-01 -2.911919355392456055e-01 3.648650050163269043e-01 3.210802674293518066e-01 -1.163165643811225891e-01 -4.903583228588104248e-02 -1.190303489565849304e-01 1.132178977131843567e-01 -1.418722867965698242e-01 -1.695082485675811768e-01 2.131095677614212036e-01 -3.726680576801300049e-01 -2.800748348236083984e-01 -1.328730732202529907e-01 9.306613355875015259e-02 3.958082199096679688e-02 3.070490956306457520e-01 2.599076032638549805e-01 3.682897984981536865e-01 4.058002829551696777e-01 -2.868149578571319580e-01 1.794929951429367065e-01 -2.465144693851470947e-01 4.624776244163513184e-01 -2.673381567001342773e-01 2.228987216949462891e-01 -8.548269271850585938e-01 1.357451230287551880e-01 -1.481022387742996216e-01 -1.099958121776580811e-01 -2.752035260200500488e-01 8.165050148963928223e-01 3.389480113983154297e-01 -4.025332927703857422e-01 -6.086146831512451172e-01 8.994905352592468262e-01 -7.645109295845031738e-02 4.850814044475555420e-01 -1.169533059000968933e-01 2.464091032743453979e-01 4.376113712787628174e-01 -1.180689930915832520e-01 3.995142281055450439e-01 2.407759130001068115e-01 1.346542477607727051e+00 1.591872423887252808e-02 -8.698330819606781006e-02 2.001304328441619873e-01 -6.994678825139999390e-02 3.722768276929855347e-02
-7.307354807853698730e-01 -2.520664632320404053e-01 -3.431823253631591797e-01 1.047805100679397583e-01 -3.192579746246337891e-01 2.491848915815353394e-01 1.814692318439483643e-01 -2.597788870334625244e-01 -2.463983148336410522e-01 4.473174214363098145e-01 -7.988524436950683594e-01 9.056512266397476196e-02 -4.728634357452392578e-01 1.323886215686798096e-02 -7.879209518432617188e-01 -1.499263346195220947e-01 -8.844780921936035156e-02 4.983246624469757080e-01 -5.433394908905029297e-01 2.237354516983032227e-01 -4.561824500560760498e-01 -3.126517832279205322e-01 1.200431063771247864e-01 3.563485741615295410e-01 4.116417467594146729e-01 9.498395025730133057e-03 -2.335463613271713257e-01 -1.292546391487121582e-01 -2.689589746296405792e-02 1.352341473102569580e-01 -1.186503469944000244e-02 -1.829060614109039307e-01 1.460467278957366943e-01 1.689401566982269287e-01 3.204439580440521240e-01 4.270726442337036133e-01 2.691915333271026611e-01 -4.497464895248413086e-01 -3.667765557765960693e-01 -3.508970439434051514e-01 8.172289282083511353e-02 -5.460721254348754883e-01 5.359637737274169922e-01 2.226946949958801270e-01 6.051423549652099609e-01 6.046081334352493286e-02 2.632684111595153809e-01 -1.114628836512565613e-01 -8.377450704574584961e-01 2.836485207080841064e-02 -1.470657289028167725e-01 -1.836314201354980469e-01 -4.230264574289321899e-03 -1.131874248385429382e-01 3.437698781490325928e-01 1.969254910945892334e-01 7.468288540840148926e-01 5.416735410690307617e-01 -1.321857869625091553e-01 4.117769002914428711e-02 -1.123993620276451111e-01 -5.139898508787155151e-02 2.235202938318252563e-01 4.871579110622406006e-01
-5.667662620544433594e-01 -1.402485668659210205e-01 -5.757106468081474304e-02 1.650378704071044922e-01 3.336390852928161621e-02 2.125284671783447266e-01 -2.015657722949981689e-01 -1.873471885919570923e-01 -5.275587439537048340e-01 7.728090286254882812e-01 -3.609520196914672852e-01 1.580315083265304565e-01 -1.938786506652832031e-01 5.521179437637329102e-01 -2.966622114181518555e-01 -2.886341512203216553e-01 2.353230565786361694e-01 3.695249259471893311e-01 -2.310301065444946289e-01 7.293992489576339722e-02 -3.238789141178131104e-01 -1.284570842981338501e-01 -1.700921058654785156e-01 -1.911808550357818604e-02 2.849821150302886963e-01 -3.410984277725219727e-01 -2.074289917945861816e-01 5.887326598167419434e-02 -9.067704528570175171e-02 8.797971904277801514e-02 1.992403864860534668e-01 -4.771843552589416504e-03 4.478692412376403809e-01 2.522766590118408203e-01 -3.460457324981689453e-01 2.453221976757049561e-01 -1.421276628971099854e-01 6.541679054498672485e-02 -4.654643535614013672e-01 7.588492333889007568e-02 -5.864077806472778320e-01 3.457787632942199707e-02 1.412094384431838989e-01 -4.966323077678680420e-02 2.300072759389877319e-01 7.193715572357177734e-01 3.635661005973815918e-01 -5.243687629699707031e-01 -6.745839715003967285e-01 7.771660685539245605e-01 -7.240961492061614990e-02 2.467407286167144775e-01 -1.360478401184082031e-01 3.407418727874755859e-01 3.535808920860290527e-01 -1.046016216278076172e-01 6.054917573928833008e-01 4.266512393951416016e-01 8.833327293395996094e-01 -1.803307980298995972e-02 -1.098984703421592712e-01 1.983673572540283203e-01 1.530908793210983276e-01 1.280642896890640259e-01
-5.100501179695129395e-01 -2.260754108428955078e-01 2.236794084310531616e-01 1.079561412334442139e-01 1.657453775405883789e-01 1.915688812732696533e-01 -3.391039669513702393e-01 -1.940918117761611938e-01 -5.796543359756469727e-01 7.256957292556762695e-01 -1.741850972175598145e-01 1.012767255306243896e-01 -9.536225348711013794e-02 6.460222601890563965e-01 -1.417067945003509521e-01 -4.280648529529571533e-01 3.398744463920593262e-01 3.009908199310302734e-01 -1.046767756342887878e-01 1.851555407047271729e-01 -1.555064022541046143e-01 -2.102595716714859009e-01 -2.102917432785034180e-01 -3.856448829174041748e-02 1.236099898815155029e-01 -4.883998930454254150e-01 -2.418559938669204712e-01 2.313144057989120483e-01 -1.049286350607872009e-01 5.307333171367645264e-02 2.375430017709732056e-01 2.776283770799636841e-02 5.594909191131591797e-01 2.942617535591125488e-01 -2.710118293762207031e-01 2.309623658657073975e-01 -2.456549555063247681e-01 2.203704565763473511e-01 -4.620849788188934326e-01 1.931796222925186157e-01 -8.073276877403259277e-01 7.584556937217712402e-02 2.354201823472976685e-01 3.961174935102462769e-02 -1.670956797897815704e-02 7.349345684051513672e-01 3.711044788360595703e-01 -5.711537599563598633e-01 -7.035133242607116699e-01 9.321908950805664062e-01 6.774210929870605469e-02 4.449778199195861816e-01 -6.557604670524597168e-02 4.243003129959106445e-01 3.955192267894744873e-01 -2.392968982458114624e-01 5.697882771492004395e-01 4.564901590347290039e-01 9.407775402069091797e-01 1.300664097070693970e-01 -1.863891445100307465e-02 3.251366913318634033e-01 8.944781869649887085e-02 -1.718895696103572845e-02
-7.202748060226440430e-01 -1.954579502344131470e-01 -2.714940309524536133e-01 1.850782930850982666e-01 -1.515909433364868164e-01 1.939430534839630127e-01 8.694319427013397217e-02 -2.681216597557067871e-01 -5.042836070060729980e-01 4.801652133464813232e-01 -5.852847099304199219e-01 1.086216196417808533e-01 -3.756107687950134277e-01 1.437693238258361816e-01 -7.218079566955566406e-01 -2.449257969856262207e-01 -5.572204664349555969e-02 4.205798208713531494e-01 -5.348384380340576172e-01 1.094495579600334167e-01 -4.294137656688690186e-01 -2.886704802513122559e-01 5.249962210655212402e-03 8.625438809394836426e-02 3.203694820404052734e-01 -7.488940656185150146e-02 -2.230622172355651855e-01 -1.367768496274948120e-01 7.658950984477996826e-03 1.757721602916717529e-01 1.141241937875747681e-01 -8.871351182460784912e-02 3.276939392089843750e-01 1.819079518318176270e-01 1.045047491788864136e-01 3.406420350074768066e-01 8.055962622165679932e-02 -2.430557757616043091e-01 -5.129361152648925781e-01 -1.278255432844161987e-01 -1.372013241052627563e-01 -3.475420176982879639e-01 4.352285861968994141e-01 1.441257596015930176e-01 3.995042145252227783e-01 3.071478903293609619e-01 2.135169655084609985e-01 -1.084107980132102966e-01 -7.822666764259338379e-01 3.907027244567871094e-01 -1.882348358631134033e-01 -6.059274077415466309e-02 2.135241590440273285e-02 3.946169465780258179e-02 4.171046912670135498e-01 1.696742177009582520e-01 7.683872580528259277e-01 5.032147765159606934e-01 2.588616609573364258e-01 3.241498768329620361e-02 -1.260230094194412231e-01 4.808306694030761719e-02 1.790509372949600220e-01 4.059946537017822266e-01
-7.133340239524841309e-01 -1.326191723346710205e-01 -4.394508004188537598e-01 2.085768133401870728e-01 -4.406181573867797852e-01 1.704661846160888672e-01 2.863674759864807129e-01 -2.905367016792297363e-01 -1.067006587982177734e-01 2.660776376724243164e-01 -8.641430735588073730e-01 6.092109531164169312e-02 -4.658095836639404297e-01 -1.140238046646118164e-01 -8.624654412269592285e-01 5.074398964643478394e-02 -1.718520522117614746e-01 6.802530884742736816e-01 -6.210480928421020508e-01 1.591482162475585938e-01 -2.566427588462829590e-01 -8.382394909858703613e-02 8.457262068986892700e-02 3.482221364974975586e-01 6.560693979263305664e-01 3.649667799472808838e-01 -1.647535115480422974e-01 -3.935536742210388184e-01 -1.806236207485198975e-01 1.946838796138763428e-01 2.893084660172462463e-02 -7.363992929458618164e-02 4.333387687802314758e-02 1.025155186653137207e-01 3.794337511062622070e-01 3.882054686546325684e-01 3.993253111839294434e-01 -5.177947878837585449e-01 -2.990046441555023193e-01 -4.016181230545043945e-01 2.652851939201354980e-01 -7.226310372352600098e-01 5.327435135841369629e-01 7.466395199298858643e-02 5.934280157089233398e-01 -1.696464717388153076e-01 2.788054943084716797e-01 1.478167027235031128e-01 -5.010094642639160156e-01 -1.971905380487442017e-01 -4.383072257041931152e-01 -3.439743518829345703e-01 1.215163543820381165e-01 -3.835119009017944336e-01 2.313094437122344971e-01 3.954759836196899414e-01 4.465804100036621094e-01 3.939278125762939453e-01 -2.599736452102661133e-01 -1.749115586280822754e-01 7.650810480117797852e-02 -1.049252673983573914e-01 2.766981720924377441e-01 6.689855456352233887e-01
-7.879462838172912598e-01 -1.961158812046051025e-01 -3.372088670730590820e-01 1.788101047277450562e-01 -3.239839673042297363e-01 2.207238972187042236e-01 2.136154174804687500e-01 -2.936965823173522949e-01 -3.026130795478820801e-01 3.735275268554687500e-01 -7.646465301513671875e-01 5.517765507102012634e-02 -4.557686448097229004e-01 -1.871822774410247803e-02 -8.495525717735290527e-01 -1.472653746604919434e-01 -1.699898838996887207e-01 5.228417515754699707e-01 -5.998044610023498535e-01 1.885747909545898438e-01 -3.772455155849456787e-01 -2.706203460693359375e-01 4.178989678621292114e-02 2.750495672225952148e-01 4.177467823028564453e-01 1.048902943730354309e-01 -1.982142180204391479e-01 -2.105671465396881104e-01 -1.048924252390861511e-01 2.008473575115203857e-01 5.239675194025039673e-02 -1.681135296821594238e-01 2.060370743274688721e-01 1.525194346904754639e-01 2.614276111125946045e-01 3.910766839981079102e-01 2.495380043983459473e-01 -4.093877673149108887e-01 -4.319751858711242676e-01 -2.745825350284576416e-01 1.232555061578750610e-01 -5.788806676864624023e-01 5.577778816223144531e-01 1.764694750308990479e-01 5.528245568275451660e-01 4.451549798250198364e-02 2.231490463018417358e-01 2.344876527786254883e-02 -7.114888429641723633e-01 7.123991847038269043e-02 -2.344153970479965210e-01 -2.074011862277984619e-01 8.192544430494308472e-02 -1.623267978429794312e-01 3.727070689201354980e-01 2.723276317119598389e-01 6.512118577957153320e-01 4.968053102493286133e-01 -1.014023274183273315e-01 -1.002659648656845093e-02 -4.438915848731994629e-02 -1.446444541215896606e-02 2.488090395927429199e-01 5.573852062225341797e-01
-6.642507910728454590e-01 -3.113767504692077637e-01 -2.083813399076461792e-01 7.943186908960342407e-02 -2.264188081026077271e-01 1.992645859718322754e-01 1.061432659626007080e-01 -2.055345177650451660e-01 -3.164262175559997559e-01 4.591250717639923096e-01 -6.468542218208312988e-01 7.154367864131927490e-02 -4.270788729190826416e-01 1.429367959499359131e-01 -7.130959033966064453e-01 -2.618774175643920898e-01 1.840142346918582916e-02 4.654645025730133057e-01 -5.046635270118713379e-01 2.323691993951797485e-01 -3.595943748950958252e-01 -3.782907724380493164e-01 2.929023653268814087e-02 1.650064587593078613e-01 2.298997938632965088e-01 -7.151773571968078613e-02 -2.067057788372039795e-01 -1.335135102272033691e-02 -5.481278151273727417e-02 1.416896581649780273e-01 4.153081774711608887e-02 -1.502524614334106445e-01 2.963669896125793457e-01 2.356138229370117188e-01 1.534955203533172607e-01 3.927905559539794922e-01 1.167796403169631958e-01 -2.960750162601470947e-01 -4.820136427879333496e-01 -1.746998131275177002e-01 -1.357578188180923462e-01 -3.912835419178009033e-01 5.239034295082092285e-01 1.811477839946746826e-01 4.756782054901123047e-01 2.917997539043426514e-01 2.204528152942657471e-01 -1.179216280579566956e-01 -8.327857851982116699e-01 3.571553230285644531e-01 -1.825162470340728760e-01 -2.595111168920993805e-02 8.354924619197845459e-03 1.530816704034805298e-01 4.616704881191253662e-01 9.990850090980529785e-02 7.534459233283996582e-01 5.779433846473693848e-01 1.310036778450012207e-01 1.057859957218170166e-01 -3.779675439000129700e-02 7.611854374408721924e-02 2.550622820854187012e-01 4.744524061679840088e-01
-6.398431062698364258e-01 -6.470634788274765015e-02 -5.917679667472839355e-01 2.525509595870971680e-01 -3.535374402999877930e-01 1.339329779148101807e-01 2.876062989234924316e-01 -2.641592323780059814e-01 -2.348335236310958862e-01 4.601768553256988525e-01 -8.247583508491516113e-01 1.011284813284873962e-01 -4.650616645812988281e-01 -1.854908466339111328e-02 -9.111906290054321289e-01 1.199791431427001953e-01 -1.879929453134536743e-01 5.954927206039428711e-01 -5.994468927383422852e-01 1.308697927743196487e-02 -2.808097004890441895e-01 1.514050550758838654e-02 1.346372067928314209e-03 2.479241192340850830e-01 7.432216405868530273e-01 3.850363492965698242e-01 -1.511371582746505737e-01 -4.642208814620971680e-01 -7.186752557754516602e-02 1.835977137088775635e-01 1.481750458478927612e-01 1.934742927551269531e-02 3.207607194781303406e-02 4.837456345558166504e-02 1.703985929489135742e-01 3.241100311279296875e-01 3.303744196891784668e-01 -4.199575781822204590e-01 -2.962996661663055420e-01 -4.032036066055297852e-01 1.902271956205368042e-01 -5.288032889366149902e-01 3.389550447463989258e-01 -2.906188368797302246e-02 5.429104566574096680e-01 1.229021698236465454e-02 3.010750710964202881e-01 1.098041683435440063e-01 -5.471465587615966797e-01 -7.543151080608367920e-02 -4.564087986946105957e-01 -2.969442903995513916e-01 5.301889032125473022e-02 -4.099540114402770996e-01 2.317063510417938232e-01 3.566865921020507812e-01 3.891370296478271484e-01 2.875909209251403809e-01 3.590974211692810059e-02 -2.585785388946533203e-01 -1.505931839346885681e-02 -2.513175010681152344e-01 2.693364620208740234e-01 5.997934937477111816e-01
-6.523944139480590820e-01 -1.602435111999511719e-01 -3.196908235549926758e-01 1.273387521505355835e-01 -2.241052091121673584e-01 1.564034521579742432e-01 1.211796626448631287e-01 -2.612317204475402832e-01 -3.885117173194885254e-01 5.165712833404541016e-01 -6.602172255516052246e-01 1.668029427528381348e-01 -4.110387861728668213e-01 2.005872428417205811e-01 -7.031372785568237305e-01 -1.147240474820137024e-01 1.009712833911180496e-02 5.076263546943664551e-01 -5.541276335716247559e-01 8.768402040004730225e-02 -3.737014532089233398e-01 -2.283469289541244507e-01 5.837373435497283936e-03 1.313182413578033447e-01 4.335832893848419189e-01 6.062448024749755859e-03 -1.994405239820480347e-01 -1.927605867385864258e-01 -8.418941870331764221e-03 1.692787408828735352e-01 1.195219010114669800e-01 -7.772117853164672852e-03 2.730491757392883301e-01 1.306747794151306152e-01 6.269784271717071533e-02 3.475435376167297363e-01 2.121142148971557617e-01 -3.117116391658782959e-01 -4.776488840579986572e-01 -2.048752754926681519e-01 -6.925056129693984985e-02 -3.576706051826477051e-01 3.660068511962890625e-01 4.713641107082366943e-02 4.757849276065826416e-01 2.709596753120422363e-01 2.896088063716888428e-01 -9.690810739994049072e-02 -7.176071405410766602e-01 3.227543830871582031e-01 -2.376773953437805176e-01 -1.069350615143775940e-01 -3.159667551517486572e-02 -3.746458888053894043e-02 3.729840517044067383e-01 1.958755552768707275e-01 6.724674701690673828e-01 4.881053566932678223e-01 2.464938312768936157e-01 -7.747428119182586670e-02 -9.415810555219650269e-02 -3.477686643600463867e-02 2.611850202083587646e-01 4.764507412910461426e-01
-7.610390782356262207e-01 -2.204639464616775513e-01 -3.514497280120849609e-01 1.711572110652923584e-01 -2.444277405738830566e-01 2.333799451589584351e-01 1.656593829393386841e-01 -2.925105094909667969e-01 -2.637764811515808105e-01 4.466141462326049805e-01 -7.797392606735229492e-01 8.901670575141906738e-02 -4.636121392250061035e-01 2.376808971166610718e-02 -7.648213505744934082e-01 -1.208575442433357239e-01 -1.286633163690567017e-01 4.993658363819122314e-01 -5.547289848327636719e-01 2.163083255290985107e-01 -4.163899123668670654e-01 -3.025627434253692627e-01 4.652138799428939819e-02 2.367458343505859375e-01 4.553200304508209229e-01 4.506792873144149780e-02 -1.775415986776351929e-01 -1.725349128246307373e-01 -6.838529556989669800e-02 1.354521661996841431e-01 8.892492949962615967e-02 -1.580283343791961670e-01 2.228976786136627197e-01 1.745593100786209106e-01 2.069631516933441162e-01 3.925359845161437988e-01 2.140714526176452637e-01 -3.778421580791473389e-01 -4.355507791042327881e-01 -3.060955107212066650e-01 9.843632578849792480e-03 -5.121691226959228516e-01 5.481452941894531250e-01 1.681119501590728760e-01 5.440107583999633789e-01 1.293167769908905029e-01 2.254902273416519165e-01 -5.602879822254180908e-02 -7.366952896118164062e-01 1.789955943822860718e-01 -2.464666068553924561e-01 -1.253325045108795166e-01 4.460616782307624817e-02 -8.338794112205505371e-02 3.470878005027770996e-01 2.087040543556213379e-01 7.105740904808044434e-01 5.338281393051147461e-01 -1.303182728588581085e-02 1.722770184278488159e-02 -6.635691225528717041e-02 -5.790799856185913086e-03 2.637714445590972900e-01 4.991161227226257324e-01
-6.972625851631164551e-01 -1.805632412433624268e-01 -2.658356428146362305e-01 1.640690863132476807e-01 -1.612753272056579590e-01 2.283612936735153198e-01 4.081623256206512451e-02 -2.527999877929687500e-01 -3.791831135749816895e-01 5.369349718093872070e-01 -6.108887791633605957e-01 1.318036317825317383e-01 -3.909018635749816895e-01 2.356601357460021973e-01 -6.303531527519226074e-01 -2.064966261386871338e-01 2.676628995686769485e-03 4.610345661640167236e-01 -5.027825236320495605e-01 1.048474982380867004e-01 -4.345320165157318115e-01 -2.734966576099395752e-01 -2.181212604045867920e-02 1.053645908832550049e-01 3.753824234008789062e-01 -9.998889267444610596e-02 -1.947328299283981323e-01 -5.955093353986740112e-02 -8.484417200088500977e-02 1.551974713802337646e-01 1.156481355428695679e-01 -9.385734796524047852e-02 3.635978102684020996e-01 1.783884465694427490e-01 -2.749495208263397217e-03 3.160799741744995117e-01 1.101490259170532227e-01 -2.640520036220550537e-01 -5.095902681350708008e-01 -1.098676025867462158e-01 -1.812484413385391235e-01 -2.742103636264801025e-01 4.366266131401062012e-01 7.489609718322753906e-02 4.480800628662109375e-01 3.855818212032318115e-01 2.882912456989288330e-01 -1.939974427223205566e-01 -7.495778203010559082e-01 4.672036170959472656e-01 -1.832459568977355957e-01 -3.476572036743164062e-02 -3.173311799764633179e-02 7.929885387420654297e-02 4.062546193599700928e-01 1.227019727230072021e-01 7.232905626296997070e-01 5.107868313789367676e-01 3.148180842399597168e-01 -2.574154734611511230e-02 -1.276815980672836304e-01 4.491427540779113770e-02 2.560271918773651123e-01 3.919558227062225342e-01
-7.380783557891845703e-01 -1.987400949001312256e-01 -3.847998976707458496e-01 9.939648211002349854e-02 -4.085309207439422607e-01 2.417842596769332886e-01 2.972508668899536133e-01 -3.261738419532775879e-01 -1.357070505619049072e-01 2.882983982563018799e-01 -8.575675487518310547e-01 7.285541296005249023e-02 -4.896629452705383301e-01 -9.047426283359527588e-02 -8.033336997032165527e-01 2.842553518712520599e-02 -1.737603098154067993e-01 6.564680337905883789e-01 -5.480015873908996582e-01 2.284461259841918945e-01 -3.264426290988922119e-01 -2.047536671161651611e-01 2.022398710250854492e-01 4.103474617004394531e-01 5.018578171730041504e-01 2.200484871864318848e-01 -2.286081165075302124e-01 -3.324998021125793457e-01 -8.782697468996047974e-02 1.467335075139999390e-01 3.930630162358283997e-02 -2.593609690666198730e-02 -6.147460080683231354e-03 1.400711238384246826e-01 3.670458793640136719e-01 4.198843240737915039e-01 4.315619468688964844e-01 -5.861798524856567383e-01 -2.290208339691162109e-01 -4.680760800838470459e-01 2.998913526535034180e-01 -7.023047208786010742e-01 4.677519202232360840e-01 1.033460199832916260e-01 6.396703720092773438e-01 -1.745219230651855469e-01 2.718065381050109863e-01 8.009648323059082031e-02 -5.721772909164428711e-01 -1.929091066122055054e-01 -3.084434270858764648e-01 -3.255137503147125244e-01 1.163246929645538330e-01 -2.723709940910339355e-01 2.012736499309539795e-01 3.556045889854431152e-01 5.918734073638916016e-01 5.038715004920959473e-01 -3.796238899230957031e-01 -6.058707460761070251e-02 -6.955945491790771484e-02 -6.492273509502410889e-02 2.844233810901641846e-01 5.837498307228088379e-01
-4.747740030288696289e-01 -2.180333286523818970e-01 1.897301524877548218e-01 1.336712390184402466e-01 1.976306736469268799e-01 1.657993495464324951e-01 -3.220002353191375732e-01 -1.598796844482421875e-01 -7.017511129379272461e-01 6.860675811767578125e-01 -1.208408474922180176e-01 7.009878754615783691e-02 -8.445297926664352417e-02 5.720634460449218750e-01 -1.734594106674194336e-01 -4.242530167102813721e-01 3.044512569904327393e-01 2.804692983627319336e-01 -9.836942702531814575e-02 1.409612745046615601e-01 -1.653459966182708740e-01 -1.331374794244766235e-01 -1.950491219758987427e-01 -9.695590287446975708e-02 1.111799925565719604e-01 -4.351764023303985596e-01 -2.376576066017150879e-01 1.386390328407287598e-01 -3.400485217571258545e-02 3.506030887365341187e-02 2.457587569952011108e-01 4.310405254364013672e-02 4.649586379528045654e-01 3.331452906131744385e-01 -2.538380026817321777e-01 2.258657366037368774e-01 -2.909016907215118408e-01 2.836205959320068359e-01 -4.221903383731842041e-01 2.470772713422775269e-01 -8.247699737548828125e-01 8.416324108839035034e-02 1.857046633958816528e-01 5.341403931379318237e-02 -1.140000298619270325e-01 7.751559019088745117e-01 3.328194022178649902e-01 -5.180400609970092773e-01 -6.404482722282409668e-01 8.876059055328369141e-01 2.072266489267349243e-02 4.698582887649536133e-01 -4.220730066299438477e-02 3.730156421661376953e-01 4.257419407367706299e-01 -2.066533416509628296e-01 5.328310132026672363e-01 4.128702282905578613e-01 1.064032316207885742e+00 1.317906677722930908e-01 1.189783401787281036e-02 3.413936495780944824e-01 1.777771860361099243e-02 1.087445765733718872e-03
-7.213212251663208008e-01 -1.856567561626434326e-01 -4.344532489776611328e-01 1.594869941473007202e-01 -3.611871302127838135e-01 1.756632030010223389e-01 2.640211284160614014e-01 -2.912524640560150146e-01 -2.663869857788085938e-01 2.966436743736267090e-01 -8.166314363479614258e-01 7.960605621337890625e-02 -4.855813384056091309e-01 -1.022993624210357666e-01 -8.491984009742736816e-01 -1.677484950050711632e-03 -1.964406818151473999e-01 6.088953614234924316e-01 -5.877019166946411133e-01 1.684746742248535156e-01 -3.366641402244567871e-01 -2.004701197147369385e-01 9.304348379373550415e-02 2.956200838088989258e-01 5.372237563133239746e-01 2.224078178405761719e-01 -2.198218256235122681e-01 -3.477537631988525391e-01 -7.773192971944808960e-02 1.869860589504241943e-01 6.909558176994323730e-02 -6.059148907661437988e-02 1.077739596366882324e-01 1.126959323883056641e-01 3.287823796272277832e-01 3.663055896759033203e-01 3.396880030632019043e-01 -5.208296179771423340e-01 -3.646531701087951660e-01 -3.558992743492126465e-01 1.925883889198303223e-01 -6.158683896064758301e-01 5.224581360816955566e-01 8.726957440376281738e-02 5.691562294960021973e-01 -8.042011409997940063e-02 2.491456866264343262e-01 5.020405352115631104e-02 -5.751720666885375977e-01 -6.877539306879043579e-02 -3.240180015563964844e-01 -2.841223478317260742e-01 1.010274291038513184e-01 -3.072869181632995605e-01 3.003593385219573975e-01 3.563104867935180664e-01 5.613231062889099121e-01 4.346608519554138184e-01 -1.643452942371368408e-01 -9.064448624849319458e-02 -4.213508591055870056e-02 -5.507319420576095581e-02 2.922388911247253418e-01 5.899603962898254395e-01
-6.483275890350341797e-01 2.154210954904556274e-02 -5.556036829948425293e-01 1.993500739336013794e-01 -5.361038446426391602e-01 2.083794474601745605e-01 3.051065206527709961e-01 -3.554784059524536133e-01 4.118011891841888428e-02 3.825582563877105713e-01 -9.670004248619079590e-01 1.330162286758422852e-01 -4.527733325958251953e-01 2.516741305589675903e-02 -8.319954276084899902e-01 1.712920665740966797e-01 -1.098490878939628601e-01 7.309368848800659180e-01 -6.096120476722717285e-01 1.004378721117973328e-01 -2.709521949291229248e-01 8.197187632322311401e-02 8.120120316743850708e-02 4.732105731964111328e-01 7.955886125564575195e-01 3.938511013984680176e-01 -1.668030768632888794e-01 -4.879761934280395508e-01 -1.719672977924346924e-01 1.574874371290206909e-01 4.561039619147777557e-03 7.554930448532104492e-02 -1.457477211952209473e-01 7.969708740711212158e-02 2.260966897010803223e-01 3.170539736747741699e-01 4.663864970207214355e-01 -5.729119777679443359e-01 -6.014899909496307373e-02 -5.956739783287048340e-01 4.471563398838043213e-01 -6.705984473228454590e-01 2.690783739089965820e-01 1.113358139991760254e-02 7.117025256156921387e-01 -1.675817072391510010e-01 3.686989843845367432e-01 1.178290992975234985e-01 -4.929712414741516113e-01 -3.263340592384338379e-01 -4.702683687210083008e-01 -3.692426979541778564e-01 6.386949121952056885e-02 -3.915796875953674316e-01 5.461581796407699585e-02 4.318774342536926270e-01 3.742534220218658447e-01 3.469752669334411621e-01 -2.735482752323150635e-01 -3.018011450767517090e-01 -6.944071501493453979e-02 -2.528700232505798340e-01 2.492366135120391846e-01 6.323825120925903320e-01
-7.067278623580932617e-01 -3.564477860927581787e-01 -2.855179309844970703e-01 1.055143922567367554e-01 -3.980071246623992920e-01 2.396968901157379150e-01 2.510836720466613770e-01 -2.123550474643707275e-01 -2.310179024934768677e-01 2.550197541713714600e-01 -7.742620706558227539e-01 1.116597652435302734e-02 -5.336338877677917480e-01 -9.449924528598785400e-02 -8.229234814643859863e-01 -1.613116115331649780e-01 -9.259025007486343384e-02 5.766849517822265625e-01 -5.594525933265686035e-01 2.772238254547119141e-01 -3.777691423892974854e-01 -3.217303454875946045e-01 1.734047532081604004e-01 3.460890054702758789e-01 3.230679631233215332e-01 1.152417138218879700e-01 -2.798643112182617188e-01 -1.759948730468750000e-01 -7.527717947959899902e-02 1.862465888261795044e-01 -1.390412636101245880e-02 -1.537775099277496338e-01 9.392733871936798096e-02 2.088212370872497559e-01 4.507661163806915283e-01 4.177849888801574707e-01 3.465264141559600830e-01 -5.240323543548583984e-01 -3.162574172019958496e-01 -3.761066496372222900e-01 1.944939941167831421e-01 -6.680272221565246582e-01 6.448197364807128906e-01 2.470651715993881226e-01 5.777158141136169434e-01 -4.613715782761573792e-02 2.022151947021484375e-01 6.214298307895660400e-02 -6.869838833808898926e-01 -7.659791409969329834e-02 -2.475190460681915283e-01 -2.589598298072814941e-01 1.009887605905532837e-01 -1.248997747898101807e-01 3.581101894378662109e-01 2.677671909332275391e-01 7.161723375320434570e-01 5.629355311393737793e-01 -2.861113250255584717e-01 6.025089323520660400e-02 -1.214411109685897827e-02 5.012479424476623535e-02 2.706009149551391602e-01 6.154152750968933105e-01
-7.512719035148620605e-01 -2.314557731151580811e-01 -3.485924005508422852e-01 1.988365203142166138e-01 -3.495192229747772217e-01 2.337410002946853638e-01 2.646417915821075439e-01 -2.702754139900207520e-01 -2.728068232536315918e-01 2.776721119880676270e-01 -7.520490884780883789e-01 2.485734969377517700e-02 -5.006028413772583008e-01 -1.318945437669754028e-01 -8.464376330375671387e-01 -1.104027479887008667e-01 -1.980261951684951782e-01 6.276264190673828125e-01 -6.042095422744750977e-01 1.956403106451034546e-01 -3.680071532726287842e-01 -2.179513275623321533e-01 1.334013640880584717e-01 3.758217990398406982e-01 4.443177282810211182e-01 1.658958196640014648e-01 -2.375288158655166626e-01 -2.952712774276733398e-01 -8.834061771631240845e-02 2.460730373859405518e-01 4.039569571614265442e-02 -1.439303159713745117e-01 9.489184617996215820e-02 1.485766917467117310e-01 4.120487868785858154e-01 3.825573921203613281e-01 3.668206334114074707e-01 -4.815007448196411133e-01 -3.317730724811553955e-01 -3.263621926307678223e-01 1.876208782196044922e-01 -6.863310933113098145e-01 5.725464224815368652e-01 1.907991468906402588e-01 5.305547118186950684e-01 -7.356528192758560181e-02 2.562910020351409912e-01 1.410302817821502686e-01 -6.176450252532958984e-01 -1.005465164780616760e-01 -2.804400920867919922e-01 -2.989568710327148438e-01 1.235176920890808105e-01 -2.581080794334411621e-01 3.331418335437774658e-01 3.108389675617218018e-01 6.129716038703918457e-01 4.615611433982849121e-01 -2.176066190004348755e-01 -2.297292649745941162e-02 -2.076704055070877075e-02 -1.232904195785522461e-02 2.428950518369674683e-01 5.765958428382873535e-01
-6.171374917030334473e-01 -1.851705014705657959e-01 -4.168912172317504883e-01 1.531173437833786011e-01 -2.817135453224182129e-01 2.041728794574737549e-01 2.248287200927734375e-01 -2.270818650722503662e-01 -2.118933796882629395e-01 4.717197418212890625e-01 -7.482967376708984375e-01 1.078911051154136658e-01 -4.275814592838287354e-01 1.085912361741065979e-01 -8.148190975189208984e-01 -1.059852689504623413e-01 -1.132609602063894272e-02 5.282213687896728516e-01 -5.792103409767150879e-01 1.166206300258636475e-01 -3.575348556041717529e-01 -1.257947385311126709e-01 2.429394423961639404e-02 1.695132851600646973e-01 4.789154529571533203e-01 1.458991467952728271e-01 -1.641506850719451904e-01 -1.736753880977630615e-01 -9.127268940210342407e-02 1.494748592376708984e-01 5.228292942047119141e-02 -1.701274514198303223e-02 1.585381776094436646e-01 1.622965633869171143e-01 1.013632416725158691e-01 3.641616106033325195e-01 1.987614333629608154e-01 -3.467874825000762939e-01 -3.851066827774047852e-01 -2.651313543319702148e-01 3.823892772197723389e-02 -4.537128806114196777e-01 3.733544349670410156e-01 5.634422600269317627e-02 5.211748480796813965e-01 2.244981527328491211e-01 2.252868115901947021e-01 -9.062066674232482910e-04 -7.450904250144958496e-01 1.500902622938156128e-01 -2.948270142078399658e-01 -2.003820091485977173e-01 -5.962412804365158081e-02 -7.118710130453109741e-02 3.050621747970581055e-01 2.475404441356658936e-01 6.341150403022766113e-01 4.717417955398559570e-01 1.091957837343215942e-01 -7.095178961753845215e-02 -6.500801444053649902e-02 -1.073591113090515137e-01 2.309048175811767578e-01 5.737331509590148926e-01
-5.769393444061279297e-01 -6.422604620456695557e-02 -5.396813154220581055e-01 1.437967866659164429e-01 -4.111402332782745361e-01 1.104658693075180054e-01 3.364022374153137207e-01 -2.991020381450653076e-01 -1.378291994333267212e-01 3.519051074981689453e-01 -8.436979651451110840e-01 1.268816590309143066e-01 -4.472049176692962646e-01 -8.433707058429718018e-03 -8.982499241828918457e-01 1.371931433677673340e-01 -1.058474928140640259e-01 6.653463244438171387e-01 -6.553530693054199219e-01 5.752529203891754150e-02 -2.599694430828094482e-01 3.554046899080276489e-02 1.143484339118003845e-01 3.314510881900787354e-01 6.709044575691223145e-01 3.226415812969207764e-01 -1.785865426063537598e-01 -4.475629329681396484e-01 -4.556783288717269897e-02 1.918137520551681519e-01 3.264516219496726990e-02 1.130234152078628540e-01 -4.265737906098365784e-02 8.233135938644409180e-02 2.155749797821044922e-01 3.031523823738098145e-01 4.153780639171600342e-01 -4.923518300056457520e-01 -2.376082837581634521e-01 -4.456649720668792725e-01 3.171178996562957764e-01 -6.463889479637145996e-01 2.463522702455520630e-01 -3.455433249473571777e-02 5.740078091621398926e-01 -5.826836079359054565e-02 2.948901057243347168e-01 1.905374526977539062e-01 -5.627480149269104004e-01 -1.795019805431365967e-01 -4.093047976493835449e-01 -3.636098802089691162e-01 3.878710418939590454e-02 -3.667166829109191895e-01 2.054113447666168213e-01 4.086636900901794434e-01 4.479515850543975830e-01 3.866307139396667480e-01 -1.036560907959938049e-01 -2.491082847118377686e-01 -5.720593035221099854e-02 -2.487330734729766846e-01 2.411101162433624268e-01 6.714633107185363770e-01
-5.152017474174499512e-01 -1.818176954984664917e-01 1.677786558866500854e-02 1.830629557371139526e-01 1.034666597843170166e-01 1.904755979776382446e-01 -2.520377933979034424e-01 -1.691592335700988770e-01 -6.257282495498657227e-01 7.428013086318969727e-01 -2.414256632328033447e-01 1.279991865158081055e-01 -1.397872567176818848e-01 5.519610047340393066e-01 -2.436112463474273682e-01 -3.776752948760986328e-01 2.511490285396575928e-01 3.171927034854888916e-01 -1.685664951801300049e-01 6.213628873229026794e-02 -2.974975109100341797e-01 -1.174949109554290771e-01 -1.899679601192474365e-01 -9.036809951066970825e-02 2.000015825033187866e-01 -3.730195462703704834e-01 -2.334709465503692627e-01 8.148281276226043701e-02 -4.784859716892242432e-02 8.484321832656860352e-02 2.270004749298095703e-01 3.076218068599700928e-03 4.495876729488372803e-01 2.651115655899047852e-01 -2.842092514038085938e-01 2.330962121486663818e-01 -2.010823637247085571e-01 1.659931391477584839e-01 -4.484126269817352295e-01 1.633864492177963257e-01 -6.719520688056945801e-01 6.262632459402084351e-02 1.782105118036270142e-01 -1.736694574356079102e-02 6.979949772357940674e-02 7.644652724266052246e-01 3.292093276977539062e-01 -4.854990541934967041e-01 -6.926137804985046387e-01 8.340507745742797852e-01 -5.969370529055595398e-02 3.221990168094635010e-01 -1.144408956170082092e-01 3.599492907524108887e-01 3.805287778377532959e-01 -1.260945051908493042e-01 5.796120166778564453e-01 3.755943179130554199e-01 9.601303339004516602e-01 2.455748617649078369e-03 -5.552234500646591187e-02 2.548187077045440674e-01 9.930878132581710815e-02 5.925939232110977173e-02
-5.212695002555847168e-01 -1.742872595787048340e-01 1.973821967840194702e-02 1.966864764690399170e-01 1.094220578670501709e-01 2.051408588886260986e-01 -2.329031825065612793e-01 -1.938845515251159668e-01 -6.667885184288024902e-01 6.575819253921508789e-01 -1.933218836784362793e-01 7.146243751049041748e-02 -1.574133038520812988e-01 5.046041011810302734e-01 -3.353233933448791504e-01 -3.861563801765441895e-01 2.067794203758239746e-01 2.916018068790435791e-01 -2.337704002857208252e-01 2.492086961865425110e-02 -3.140738010406494141e-01 -1.200071871280670166e-01 -1.258738636970520020e-01 -8.536843210458755493e-02 1.568635404109954834e-01 -3.696168363094329834e-01 -2.745007574558258057e-01 6.237083673477172852e-02 -3.042699210345745087e-02 9.537765383720397949e-02 2.209499180316925049e-01 1.461473107337951660e-02 4.195047318935394287e-01 2.969043254852294922e-01 -2.221577465534210205e-01 1.868349313735961914e-01 -1.662463545799255371e-01 1.308739930391311646e-01 -4.291562438011169434e-01 1.690289974212646484e-01 -5.937073230743408203e-01 -1.077347062528133392e-02 1.809154897928237915e-01 -2.009183168411254883e-03 4.036144912242889404e-02 7.259138226509094238e-01 2.736387848854064941e-01 -3.830416500568389893e-01 -7.296146750450134277e-01 8.079748153686523438e-01 -8.557783067226409912e-02 2.724966406822204590e-01 -4.753080010414123535e-02 3.388510942459106445e-01 4.414966404438018799e-01 -9.169384837150573730e-02 6.072253584861755371e-01 4.168243408203125000e-01 8.970729112625122070e-01 1.181634515523910522e-02 -1.024810969829559326e-01 2.424196600914001465e-01 7.638421654701232910e-02 7.986642420291900635e-02
-3.271868526935577393e-01 -2.021781355142593384e-01 2.366591840982437134e-01 6.874434649944305420e-02 1.682829558849334717e-01 1.019563525915145874e-01 -2.841665744781494141e-01 -1.916482746601104736e-01 -7.904855608940124512e-01 7.387571334838867188e-01 -6.658080220222473145e-02 5.361797288060188293e-02 1.714888401329517365e-02 6.728082299232482910e-01 -1.744357347488403320e-01 -3.101978003978729248e-01 4.035108387470245361e-01 3.174992799758911133e-01 -4.902202636003494263e-02 9.958105534315109253e-02 -7.501808553934097290e-02 -3.043792955577373505e-02 -1.621701568365097046e-01 -1.331719458103179932e-01 1.014652550220489502e-01 -4.178277254104614258e-01 -2.950729727745056152e-01 5.372960865497589111e-02 4.314395785331726074e-02 2.335541322827339172e-02 2.488960027694702148e-01 1.654822230339050293e-01 4.310238957405090332e-01 4.204919040203094482e-01 -3.416164517402648926e-01 1.953818053007125854e-01 -2.876914441585540771e-01 3.953438103199005127e-01 -3.062488734722137451e-01 1.877574473619461060e-01 -8.656131625175476074e-01 1.653323918581008911e-01 -2.275904640555381775e-02 6.115049123764038086e-03 -2.412752658128738403e-01 8.086816668510437012e-01 3.512697219848632812e-01 -5.230964422225952148e-01 -6.305487751960754395e-01 9.139286279678344727e-01 1.193157583475112915e-02 5.348077416419982910e-01 -9.321629256010055542e-02 3.169921040534973145e-01 4.152951538562774658e-01 -1.727730184793472290e-01 4.661093652248382568e-01 3.319643735885620117e-01 1.198254585266113281e+00 1.212509721517562866e-01 -8.093607425689697266e-02 2.919250428676605225e-01 -1.021757163107395172e-02 2.806990779936313629e-02
-4.771742820739746094e-01 -1.069115400314331055e-01 -4.597175493836402893e-02 2.276637405157089233e-01 1.074666976928710938e-01 2.069265991449356079e-01 -1.739875376224517822e-01 -2.077876627445220947e-01 -7.246855497360229492e-01 6.783910989761352539e-01 -1.933955550193786621e-01 9.044568985700607300e-02 -1.537941396236419678e-01 4.880036115646362305e-01 -4.057791233062744141e-01 -3.527930378913879395e-01 2.050368934869766235e-01 3.008053004741668701e-01 -3.147944211959838867e-01 -1.223084982484579086e-02 -3.383431732654571533e-01 -7.261314988136291504e-02 -1.129194274544715881e-01 -1.035759821534156799e-01 2.310921102762222290e-01 -3.074550032615661621e-01 -2.835226356983184814e-01 -5.811753869056701660e-02 1.228164136409759521e-02 1.026411280035972595e-01 2.820386588573455811e-01 1.085519418120384216e-01 4.084483981132507324e-01 2.936147749423980713e-01 -2.312538921833038330e-01 1.714976429939270020e-01 -1.482981294393539429e-01 1.462677568197250366e-01 -4.131993055343627930e-01 1.751960813999176025e-01 -5.449148416519165039e-01 2.545442432165145874e-03 1.106431782245635986e-01 -5.592721700668334961e-02 5.383988097310066223e-02 7.229322195053100586e-01 2.560337185859680176e-01 -3.073939681053161621e-01 -6.904386878013610840e-01 8.258364200592041016e-01 -1.203924864530563354e-01 2.290680408477783203e-01 -3.260898590087890625e-02 2.738329172134399414e-01 4.397610127925872803e-01 -1.227656006813049316e-02 5.824350118637084961e-01 3.749859929084777832e-01 9.639676809310913086e-01 -2.688957005739212036e-02 -1.695045232772827148e-01 1.754211485385894775e-01 4.438878223299980164e-02 1.199216991662979126e-01
-6.415789723396301270e-01 -2.908635139465332031e-01 -2.315746992826461792e-01 1.212743669748306274e-01 -1.736288666725158691e-01 2.279787808656692505e-01 1.411464214324951172e-01 -1.977471709251403809e-01 -4.611161351203918457e-01 4.450909793376922607e-01 -5.396254658699035645e-01 1.153805330395698547e-01 -4.694022536277770996e-01 1.310015022754669189e-01 -6.455760002136230469e-01 -2.554337382316589355e-01 -9.921464370563626289e-04 4.311809241771697998e-01 -4.536531567573547363e-01 1.834366172552108765e-01 -4.115158021450042725e-01 -3.335072398185729980e-01 6.091413646936416626e-02 1.404090523719787598e-01 2.297027111053466797e-01 -9.983881562948226929e-02 -2.589813768863677979e-01 -5.103616043925285339e-02 -2.756997011601924896e-02 1.115981936454772949e-01 1.471783518791198730e-01 -1.127459108829498291e-01 3.093699216842651367e-01 2.187089025974273682e-01 1.205842941999435425e-01 3.519432544708251953e-01 1.584804654121398926e-01 -2.704056799411773682e-01 -4.991614222526550293e-01 -9.460343420505523682e-02 -1.711039692163467407e-01 -3.708034753799438477e-01 4.616289734840393066e-01 1.634958386421203613e-01 3.964250981807708740e-01 3.108402490615844727e-01 2.334846556186676025e-01 -9.631455689668655396e-02 -7.723256945610046387e-01 4.082989692687988281e-01 -1.107093840837478638e-01 -2.096988074481487274e-02 1.702401787042617798e-03 5.420815944671630859e-02 4.134757816791534424e-01 1.060300692915916443e-01 7.735275030136108398e-01 5.591908097267150879e-01 2.369741052389144897e-01 4.854646325111389160e-02 -1.269760429859161377e-01 1.033329367637634277e-01 2.594904601573944092e-01 4.112048745155334473e-01
-3.044114112854003906e-01 -4.757803678512573242e-02 -1.524706184864044189e-01 2.984051704406738281e-01 4.824355244636535645e-02 1.959669440984725952e-01 1.100873947143554688e-02 -2.448591887950897217e-01 -8.977228403091430664e-01 5.540052652359008789e-01 -1.507779955863952637e-01 -4.401512444019317627e-03 -1.314075589179992676e-01 3.429018259048461914e-01 -6.790234446525573730e-01 -3.320891857147216797e-01 1.615807563066482544e-01 3.879270553588867188e-01 -5.251381993293762207e-01 -1.579049229621887207e-01 -3.515105247497558594e-01 1.326050758361816406e-01 5.801098793745040894e-02 -1.454960405826568604e-01 2.294050008058547974e-01 -5.080763250589370728e-02 -3.638222813606262207e-01 -3.779568076133728027e-01 2.342795431613922119e-01 1.791955977678298950e-01 2.531521916389465332e-01 2.774391472339630127e-01 1.714839786291122437e-01 3.307239711284637451e-01 -4.257635027170181274e-02 1.336029171943664551e-01 -2.668957039713859558e-02 1.312884539365768433e-01 -2.369410693645477295e-01 3.975294157862663269e-02 -3.156293630599975586e-01 -8.858065307140350342e-02 -1.097317785024642944e-01 -8.957207202911376953e-02 -4.933788999915122986e-02 5.740229487419128418e-01 1.338576823472976685e-01 5.416618287563323975e-02 -7.250421643257141113e-01 6.231086850166320801e-01 -3.580288887023925781e-01 1.659985817968845367e-02 -2.904494851827621460e-02 1.111712455749511719e-01 4.779010117053985596e-01 2.725624442100524902e-01 5.359684228897094727e-01 2.362536936998367310e-01 8.715251088142395020e-01 -1.091467663645744324e-01 -2.690505087375640869e-01 8.636012673377990723e-03 -1.153774186968803406e-01 2.719759941101074219e-01
-4.549989998340606689e-01 -1.671461760997772217e-01 -3.773910179734230042e-02 1.982217580080032349e-01 6.329287588596343994e-02 1.771494746208190918e-01 -1.622800529003143311e-01 -1.449371874332427979e-01 -6.590608358383178711e-01 6.651402711868286133e-01 -2.257274389266967773e-01 1.122991293668746948e-01 -2.160068750381469727e-01 5.028333663940429688e-01 -3.505955934524536133e-01 -3.523617982864379883e-01 2.670638263225555420e-01 3.629896342754364014e-01 -2.787008881568908691e-01 2.157228253781795502e-02 -3.422631323337554932e-01 -1.001684963703155518e-01 -9.084218740463256836e-02 -8.894247561693191528e-02 2.033893764019012451e-01 -3.150542080402374268e-01 -2.726165056228637695e-01 -2.341054379940032959e-03 -1.373390294611454010e-02 1.026065647602081299e-01 2.277535349130630493e-01 5.617387592792510986e-02 4.228777885437011719e-01 3.005615770816802979e-01 -2.250879704952239990e-01 2.013372629880905151e-01 -1.316515505313873291e-01 1.000144183635711670e-01 -4.490041732788085938e-01 1.451568156480789185e-01 -5.662641525268554688e-01 1.050557754933834076e-02 1.208677291870117188e-01 -4.661235213279724121e-02 1.136192679405212402e-01 7.355596423149108887e-01 2.988315820693969727e-01 -3.721206784248352051e-01 -6.828771829605102539e-01 8.108250498771667480e-01 -1.002655923366546631e-01 2.255511432886123657e-01 -9.148124605417251587e-02 3.263280987739562988e-01 4.276166856288909912e-01 -4.773741960525512695e-02 6.310602426528930664e-01 4.216330051422119141e-01 9.381898641586303711e-01 -9.739242494106292725e-03 -1.358824074268341064e-01 1.754074394702911377e-01 6.636131554841995239e-02 1.716151237487792969e-01
-4.600778520107269287e-01 -2.312307208776473999e-01 -2.415883094072341919e-01 5.053308606147766113e-02 -1.049288436770439148e-01 1.651027202606201172e-01 1.130029559135437012e-02 -1.512735038995742798e-01 -4.613637924194335938e-01 6.463025808334350586e-01 -4.979800879955291748e-01 1.947262883186340332e-01 -3.718204498291015625e-01 3.866980969905853271e-01 -4.344908893108367920e-01 -2.020626664161682129e-01 1.367288231849670410e-01 4.736411869525909424e-01 -3.142051398754119873e-01 9.725981205701828003e-02 -4.067539870738983154e-01 -1.784488558769226074e-01 2.522952854633331299e-03 9.979473054409027100e-02 2.551016211509704590e-01 -2.757769823074340820e-01 -2.126421183347702026e-01 2.550810575485229492e-03 8.940085768699645996e-03 8.953693509101867676e-02 9.970040619373321533e-02 5.745323002338409424e-02 3.138810098171234131e-01 2.397879064083099365e-01 -2.037628889083862305e-01 2.734861671924591064e-01 1.905281096696853638e-02 -1.860044598579406738e-01 -4.445938766002655029e-01 -8.299225568771362305e-02 -3.930455744266510010e-01 -9.569033980369567871e-02 1.093836128711700439e-01 -5.917844176292419434e-02 3.295783698558807373e-01 5.555266141891479492e-01 3.984623849391937256e-01 -3.304035067558288574e-01 -7.918699383735656738e-01 5.894431471824645996e-01 -2.390724420547485352e-02 1.062081307172775269e-01 -1.706683635711669922e-01 2.774645090103149414e-01 3.135742247104644775e-01 1.709185540676116943e-03 7.451402544975280762e-01 4.865110516548156738e-01 6.227937936782836914e-01 -8.717393130064010620e-02 -1.937803775072097778e-01 8.276796340942382812e-02 2.178306877613067627e-01 3.099114596843719482e-01
-4.077715277671813965e-01 -1.645535379648208618e-01 6.280393898487091064e-02 1.913098841905593872e-01 1.594275534152984619e-01 1.598600000143051147e-01 -2.091094851493835449e-01 -2.065876722335815430e-01 -7.753067612648010254e-01 6.959660053253173828e-01 -1.335313469171524048e-01 4.698076844215393066e-02 -8.690109103918075562e-02 5.521131157875061035e-01 -3.160689175128936768e-01 -3.432744145393371582e-01 2.233843654394149780e-01 3.044840097427368164e-01 -1.861162483692169189e-01 -2.158446609973907471e-02 -2.112498283386230469e-01 1.991579309105873108e-02 -1.127883791923522949e-01 -1.366126835346221924e-01 1.979565173387527466e-01 -3.552094995975494385e-01 -2.423306554555892944e-01 -4.481086134910583496e-02 5.882255733013153076e-03 1.106153726577758789e-01 2.538707554340362549e-01 1.441522389650344849e-01 3.892309069633483887e-01 3.607869148254394531e-01 -2.994364500045776367e-01 1.863994598388671875e-01 -1.816137135028839111e-01 2.681720554828643799e-01 -3.468705713748931885e-01 1.642088443040847778e-01 -6.607981324195861816e-01 4.794903099536895752e-02 -2.482103183865547180e-02 -1.058928370475769043e-01 -9.146380424499511719e-02 7.364876270294189453e-01 2.940941751003265381e-01 -4.076377153396606445e-01 -6.647975444793701172e-01 8.212869167327880859e-01 -7.219590246677398682e-02 3.231434524059295654e-01 -8.436731994152069092e-02 2.698381543159484863e-01 4.106293618679046631e-01 -8.371350169181823730e-02 4.947670996189117432e-01 3.219764828681945801e-01 1.103203773498535156e+00 -5.372993648052215576e-03 -9.500093013048171997e-02 2.266729474067687988e-01 9.336917661130428314e-03 1.066386029124259949e-01
-4.543834924697875977e-01 -2.017615288496017456e-01 1.814978569746017456e-02 2.051871418952941895e-01 8.467797935009002686e-02 1.672336459159851074e-01 -1.595560610294342041e-01 -1.705911457538604736e-01 -7.804476618766784668e-01 6.121538877487182617e-01 -1.417289078235626221e-01 7.031479477882385254e-02 -1.578860282897949219e-01 4.765923619270324707e-01 -4.398852884769439697e-01 -3.792921602725982666e-01 2.157406061887741089e-01 2.793010473251342773e-01 -2.601071298122406006e-01 7.647071033716201782e-04 -2.660478651523590088e-01 -1.041863113641738892e-01 -8.643767982721328735e-02 -1.057330146431922913e-01 1.335540413856506348e-01 -3.076116740703582764e-01 -3.313493132591247559e-01 -3.851915150880813599e-02 4.870499670505523682e-02 1.382725089788436890e-01 2.354149222373962402e-01 7.712534070014953613e-02 4.017691314220428467e-01 3.228975236415863037e-01 -1.729288697242736816e-01 1.763951480388641357e-01 -1.238716542720794678e-01 1.579317003488540649e-01 -3.958364427089691162e-01 1.557431519031524658e-01 -5.558831691741943359e-01 -3.530251607298851013e-02 1.181342303752899170e-01 8.607938885688781738e-03 -1.678314246237277985e-02 6.976769566535949707e-01 2.484294325113296509e-01 -2.631357908248901367e-01 -7.313015460968017578e-01 7.923532128334045410e-01 -1.059054285287857056e-01 2.231183499097824097e-01 2.134472131729125977e-03 3.049079179763793945e-01 4.613947570323944092e-01 -4.948382079601287842e-02 6.156049966812133789e-01 3.889349102973937988e-01 9.154898524284362793e-01 4.189461469650268555e-03 -1.129891648888587952e-01 2.228620946407318115e-01 5.471489578485488892e-02 1.347532123327255249e-01
-2.274755835533142090e-01 -1.276614665985107422e-01 -2.976194024085998535e-03 2.734049558639526367e-01 1.039637327194213867e-01 1.475390642881393433e-01 -9.083585441112518311e-02 -1.628114283084869385e-01 -1.042903900146484375e+00 5.695186257362365723e-01 1.396272331476211548e-02 -1.857507228851318359e-02 -1.063164398074150085e-01 4.650487303733825684e-01 -4.819026887416839600e-01 -4.036106765270233154e-01 2.670109272003173828e-01 3.124530613422393799e-01 -2.551709711551666260e-01 -1.004147082567214966e-01 -2.511301040649414062e-01 1.307202577590942383e-01 -2.341265976428985596e-02 -1.576366722583770752e-01 1.341048479080200195e-01 -2.437716126441955566e-01 -4.090583920478820801e-01 -2.598379254341125488e-01 1.836609542369842529e-01 1.283743977546691895e-01 3.196785748004913330e-01 2.791621685028076172e-01 2.593463957309722900e-01 4.361018538475036621e-01 -1.267699003219604492e-01 1.060599088668823242e-01 -1.783939003944396973e-01 3.275550901889801025e-01 -2.279523313045501709e-01 1.877172142267227173e-01 -5.825855135917663574e-01 2.659917064011096954e-02 -1.164242774248123169e-01 -7.812488079071044922e-02 -2.250116318464279175e-01 7.117736339569091797e-01 2.143722325563430786e-01 -1.296878308057785034e-01 -6.727677583694458008e-01 8.139306902885437012e-01 -1.766360700130462646e-01 2.695773541927337646e-01 -3.542145341634750366e-02 1.938291639089584351e-01 4.935795962810516357e-01 8.504933863878250122e-02 4.863285124301910400e-01 2.183630615472793579e-01 1.201631784439086914e+00 -2.725289762020111084e-02 -1.913415938615798950e-01 1.626166999340057373e-01 -1.107026264071464539e-01 1.424118131399154663e-01
-5.187774896621704102e-01 -2.444104701280593872e-01 -4.951220378279685974e-02 1.326441913843154907e-01 -9.809270501136779785e-03 2.716694176197052002e-01 -1.196960806846618652e-01 -1.301491260528564453e-01 -5.021339654922485352e-01 5.998916625976562500e-01 -3.922545015811920166e-01 1.050862148404121399e-01 -2.541175782680511475e-01 3.739266097545623779e-01 -3.641689419746398926e-01 -4.328362345695495605e-01 2.328945100307464600e-01 3.239004909992218018e-01 -2.755275964736938477e-01 1.974249929189682007e-01 -3.653151094913482666e-01 -2.731958329677581787e-01 -8.602534234523773193e-02 -4.308559000492095947e-03 1.283521503210067749e-01 -3.443486988544464111e-01 -2.806328535079956055e-01 1.189334690570831299e-01 -5.451878905296325684e-02 6.944496184587478638e-03 1.498679816722869873e-01 -6.802871823310852051e-02 4.711408317089080811e-01 3.082970082759857178e-01 -1.299732327461242676e-01 2.593030035495758057e-01 -1.593242287635803223e-01 2.679669298231601715e-03 -4.870539307594299316e-01 8.259388804435729980e-02 -5.624691843986511230e-01 -2.130930498242378235e-02 3.375324010848999023e-01 8.856227993965148926e-02 2.324518859386444092e-01 6.847573518753051758e-01 2.327461987733840942e-01 -3.988908827304840088e-01 -7.530441284179687500e-01 8.157208561897277832e-01 -9.100984036922454834e-02 2.630654871463775635e-01 -7.979706674814224243e-02 4.354372620582580566e-01 4.862497150897979736e-01 -3.394429385662078857e-02 7.489967346191406250e-01 5.114826560020446777e-01 7.181401252746582031e-01 9.468951821327209473e-02 -1.391333043575286865e-01 2.858552634716033936e-01 1.654953658580780029e-01 1.753245443105697632e-01
-7.201800346374511719e-01 -6.007916852831840515e-02 -5.089712738990783691e-01 1.999309957027435303e-01 -4.091246426105499268e-01 1.697584986686706543e-01 2.738476991653442383e-01 -3.028456866741180420e-01 -1.412232965230941772e-01 3.844490349292755127e-01 -8.718438148498535156e-01 1.381643712520599365e-01 -4.617853164672851562e-01 1.078172773122787476e-02 -8.730825185775756836e-01 1.003412082791328430e-01 -1.390689760446548462e-01 5.889546871185302734e-01 -6.201788783073425293e-01 8.390490710735321045e-02 -3.104887306690216064e-01 -5.658459663391113281e-02 7.331963628530502319e-02 3.240950107574462891e-01 6.721186041831970215e-01 2.923666238784790039e-01 -1.746277213096618652e-01 -3.710833787918090820e-01 -1.341379433870315552e-01 1.498960405588150024e-01 3.640666604042053223e-02 4.765316843986511230e-04 6.619334965944290161e-02 9.565094113349914551e-02 1.974399983882904053e-01 3.419645726680755615e-01 3.534063994884490967e-01 -4.818709790706634521e-01 -3.061507344245910645e-01 -4.255298078060150146e-01 2.539657950401306152e-01 -6.493552923202514648e-01 3.690981268882751465e-01 4.009338468313217163e-02 6.459635496139526367e-01 -5.536159873008728027e-02 2.902898788452148438e-01 7.999368011951446533e-02 -5.769246816635131836e-01 -1.096771806478500366e-01 -3.654587268829345703e-01 -3.175310194492340088e-01 7.047417759895324707e-02 -3.067793250083923340e-01 1.865613162517547607e-01 3.351368010044097900e-01 5.001876950263977051e-01 4.430269002914428711e-01 -1.476012766361236572e-01 -2.038939446210861206e-01 -2.789714187383651733e-02 -1.883835047483444214e-01 2.594188451766967773e-01 6.233084201812744141e-01
-3.774262368679046631e-01 -1.914462000131607056e-01 7.950870692729949951e-02 1.918034404516220093e-01 1.211834698915481567e-01 1.407765746116638184e-01 -1.865143775939941406e-01 -1.671056449413299561e-01 -8.213049769401550293e-01 6.439288854598999023e-01 -1.046418696641921997e-01 7.831582427024841309e-02 -8.286117762327194214e-02 5.124920606613159180e-01 -3.560144007205963135e-01 -4.195980429649353027e-01 2.803240120410919189e-01 3.390827775001525879e-01 -2.050114274024963379e-01 5.194695293903350830e-02 -2.517209351062774658e-01 -7.338850200176239014e-02 -1.097601503133773804e-01 -1.150020286440849304e-01 1.360745877027511597e-01 -3.645274937152862549e-01 -3.246883153915405273e-01 -6.737506389617919922e-02 8.906373381614685059e-02 1.513884812593460083e-01 2.546191513538360596e-01 1.218187808990478516e-01 3.921426534652709961e-01 3.615775108337402344e-01 -1.919590234756469727e-01 1.914269775152206421e-01 -2.031667828559875488e-01 2.551711499691009521e-01 -3.741192221641540527e-01 2.121860235929489136e-01 -6.695150732994079590e-01 1.477431319653987885e-02 6.573171913623809814e-02 -3.315538167953491211e-02 -7.673914730548858643e-02 7.294225692749023438e-01 2.750882804393768311e-01 -3.080061376094818115e-01 -7.125406265258789062e-01 8.456704616546630859e-01 -6.390807032585144043e-02 2.820751070976257324e-01 -6.266418844461441040e-02 3.415061831474304199e-01 4.352303445339202881e-01 -5.566370487213134766e-02 5.791218876838684082e-01 3.194178938865661621e-01 1.048159718513488770e+00 2.532207965850830078e-02 -9.675435721874237061e-02 2.533764839172363281e-01 -6.854004226624965668e-03 1.024310439825057983e-01
-5.657237172126770020e-01 -1.313169002532958984e-01 -3.385300636291503906e-01 1.835093200206756592e-01 -1.182931438088417053e-01 1.871361136436462402e-01 8.661213517189025879e-02 -2.279807627201080322e-01 -5.026660561561584473e-01 5.407091379165649414e-01 -5.286061763763427734e-01 1.291612237691879272e-01 -3.989007174968719482e-01 2.408399283885955811e-01 -6.656183004379272461e-01 -1.498104035854339600e-01 6.887374445796012878e-03 4.678402841091156006e-01 -4.935063123703002930e-01 5.432914011180400848e-03 -3.901002407073974609e-01 -1.541495621204376221e-01 -1.025624573230743408e-02 4.521468281745910645e-02 4.083845615386962891e-01 -3.102710470557212830e-02 -2.093378752470016479e-01 -1.907124370336532593e-01 -1.242144964635372162e-02 1.342623084783554077e-01 1.965734213590621948e-01 4.983666539192199707e-02 2.779711186885833740e-01 1.783912926912307739e-01 -6.005298346281051636e-02 2.810531854629516602e-01 1.279010772705078125e-01 -2.356134206056594849e-01 -4.592135548591613770e-01 -1.144729703664779663e-01 -1.945295929908752441e-01 -2.261571288108825684e-01 2.341889292001724243e-01 -2.772402763366699219e-02 3.638295233249664307e-01 4.079000651836395264e-01 2.727517485618591309e-01 -1.294665783643722534e-01 -6.922690868377685547e-01 4.746993780136108398e-01 -2.431101500988006592e-01 -4.509603232145309448e-02 -5.460052937269210815e-02 1.689957082271575928e-02 4.051915407180786133e-01 1.791514456272125244e-01 6.380985379219055176e-01 4.395729303359985352e-01 4.859466254711151123e-01 -1.131428554654121399e-01 -1.619339287281036377e-01 -1.440440118312835693e-02 2.208509445190429688e-01 4.063637256622314453e-01
-5.143961310386657715e-01 -3.110644221305847168e-01 2.775683999061584473e-01 -6.253302097320556641e-03 1.075084954500198364e-01 1.536390334367752075e-01 -3.133117556571960449e-01 -1.513064205646514893e-01 -5.334293842315673828e-01 6.552412509918212891e-01 -2.284341752529144287e-01 1.396118551492691040e-01 -1.098433211445808411e-01 5.986338257789611816e-01 -1.122250631451606750e-01 -3.973641395568847656e-01 3.987264633178710938e-01 3.048480153083801270e-01 -5.049818009138107300e-02 2.906017005443572998e-01 -1.817684471607208252e-01 -3.669496476650238037e-01 -2.042333483695983887e-01 -8.057285100221633911e-02 1.938095688819885254e-02 -5.028384327888488770e-01 -2.636830508708953857e-01 2.688601613044738770e-01 -5.184146761894226074e-02 2.479497715830802917e-02 1.971835792064666748e-01 -5.363793671131134033e-02 5.550984740257263184e-01 3.421353101730346680e-01 -2.593601047992706299e-01 2.743115425109863281e-01 -2.944181859493255615e-01 1.924558728933334351e-01 -5.074420571327209473e-01 1.998471170663833618e-01 -8.034538626670837402e-01 1.274526417255401611e-01 3.467116355895996094e-01 1.186030209064483643e-01 7.467310875654220581e-02 7.560418844223022461e-01 3.311111330986022949e-01 -6.558651328086853027e-01 -6.824097633361816406e-01 9.476297497749328613e-01 9.815083444118499756e-02 4.798378348350524902e-01 -1.050390377640724182e-01 4.934164285659790039e-01 4.485006630420684814e-01 -2.239549607038497925e-01 6.483445763587951660e-01 5.377065539360046387e-01 8.816190361976623535e-01 2.353380173444747925e-01 -8.716270327568054199e-03 3.835855424404144287e-01 1.418327391147613525e-01 4.450275003910064697e-02
-6.585030555725097656e-01 -1.210063099861145020e-01 -5.297695994377136230e-01 1.663918495178222656e-01 -4.356352984905242920e-01 1.438582688570022583e-01 2.883555293083190918e-01 -2.929142117500305176e-01 -1.424492150545120239e-01 4.241269826889038086e-01 -8.916680812835693359e-01 1.412230134010314941e-01 -4.557404518127441406e-01 1.217070966958999634e-02 -8.695490956306457520e-01 1.190137639641761780e-01 -9.808241575956344604e-02 5.888353586196899414e-01 -6.026118993759155273e-01 1.116295754909515381e-01 -2.875000536441802979e-01 -5.144540220499038696e-02 5.578460544347763062e-02 2.929354310035705566e-01 6.626392006874084473e-01 3.208477199077606201e-01 -2.019560188055038452e-01 -3.836964368820190430e-01 -8.759631216526031494e-02 1.458201259374618530e-01 5.104769021272659302e-02 1.958833634853363037e-02 4.544178023934364319e-02 8.189404010772705078e-02 2.108880579471588135e-01 3.286460340023040771e-01 3.466722369194030762e-01 -4.769987761974334717e-01 -2.745878994464874268e-01 -4.518328905105590820e-01 2.751426100730895996e-01 -5.875569581985473633e-01 3.778843283653259277e-01 1.721367985010147095e-02 6.315496563911437988e-01 -3.249306976795196533e-02 2.865756750106811523e-01 5.526272952556610107e-02 -5.838761925697326660e-01 -1.146593242883682251e-01 -3.861862421035766602e-01 -2.898543477058410645e-01 7.500665634870529175e-02 -3.244535923004150391e-01 1.906532347202301025e-01 3.517063856124877930e-01 4.835507571697235107e-01 4.004192948341369629e-01 -1.354465931653976440e-01 -2.000447213649749756e-01 -5.015078186988830566e-02 -1.992582678794860840e-01 2.835285663604736328e-01 6.222230195999145508e-01
-6.539888978004455566e-01 -2.449076622724533081e-01 -6.902731955051422119e-02 1.348457187414169312e-01 -3.206010907888412476e-02 2.087009400129318237e-01 -2.963353693485260010e-02 -1.862845420837402344e-01 -6.011968255043029785e-01 4.857281148433685303e-01 -4.221811294555664062e-01 1.034309118986129761e-01 -3.665940463542938232e-01 2.620127201080322266e-01 -5.187502503395080566e-01 -3.882799446582794189e-01 3.859480097889900208e-02 3.848651945590972900e-01 -4.166387319564819336e-01 1.488964408636093140e-01 -4.478949010372161865e-01 -3.403058648109436035e-01 4.596000164747238159e-02 7.453175634145736694e-02 1.431079804897308350e-01 -2.814703881740570068e-01 -2.479846328496932983e-01 7.133007049560546875e-03 3.590888902544975281e-02 1.470058709383010864e-01 1.383764892816543579e-01 -6.817515194416046143e-02 4.463195502758026123e-01 2.579932212829589844e-01 7.752123475074768066e-02 2.874558568000793457e-01 -4.017524421215057373e-03 -1.319293677806854248e-01 -5.534321665763854980e-01 -6.997290998697280884e-03 -3.750147521495819092e-01 -2.142851650714874268e-01 4.099555611610412598e-01 1.082815304398536682e-01 2.942825257778167725e-01 4.457389712333679199e-01 2.698377668857574463e-01 -2.545985877513885498e-01 -7.855039834976196289e-01 6.185081005096435547e-01 -4.164113849401473999e-02 7.726817578077316284e-02 -4.622007906436920166e-02 2.392366379499435425e-01 4.633753001689910889e-01 2.817232906818389893e-02 7.942383289337158203e-01 5.482914447784423828e-01 4.819773137569427490e-01 1.115797013044357300e-01 -1.238594502210617065e-01 1.509404480457305908e-01 1.234758868813514709e-01 2.831955254077911377e-01
-7.054302841424942017e-02 -1.802172660827636719e-01 2.670389413833618164e-01 1.875296086072921753e-01 2.485115230083465576e-01 1.047260314226150513e-01 -1.910373866558074951e-01 -1.736606657505035400e-01 -1.114347815513610840e+00 7.356483936309814453e-01 1.625587046146392822e-01 -5.212780088186264038e-02 1.147546619176864624e-01 6.012683510780334473e-01 -2.717743217945098877e-01 -3.206939697265625000e-01 4.682557880878448486e-01 3.498981595039367676e-01 -8.184478431940078735e-02 -8.182770758867263794e-02 3.542494028806686401e-02 3.220998942852020264e-01 -9.670879691839218140e-02 -1.746829450130462646e-01 1.210126727819442749e-01 -2.668163478374481201e-01 -3.734602928161621094e-01 -2.740127444267272949e-01 1.552421897649765015e-01 4.915437847375869751e-02 2.905890345573425293e-01 4.355176985263824463e-01 1.990024447441101074e-01 6.059303879737854004e-01 -1.632409393787384033e-01 1.377164572477340698e-01 -1.762103289365768433e-01 7.188776135444641113e-01 -5.942620337009429932e-03 2.038775533437728882e-01 -8.832234144210815430e-01 9.991369396448135376e-02 -3.873732089996337891e-01 -6.099347770214080811e-02 -6.433280110359191895e-01 8.353251814842224121e-01 3.087596893310546875e-01 -2.483660727739334106e-01 -5.034299492835998535e-01 8.132432103157043457e-01 -1.167003810405731201e-01 5.635367035865783691e-01 -1.035730168223381042e-01 1.355999261140823364e-01 4.765561521053314209e-01 -1.388949900865554810e-02 1.950238794088363647e-01 1.104037836194038391e-01 1.517461419105529785e+00 9.893843531608581543e-02 -7.573132216930389404e-02 2.184190154075622559e-01 -2.047587931156158447e-01 2.500528655946254730e-02
-6.471834182739257812e-01 6.627663969993591309e-04 -6.083275675773620605e-01 2.169520705938339233e-01 -4.521292746067047119e-01 1.675138175487518311e-01 3.014213740825653076e-01 -2.953889667987823486e-01 -5.950690805912017822e-02 4.027038514614105225e-01 -8.870057463645935059e-01 1.371805816888809204e-01 -4.373557865619659424e-01 6.803795695304870605e-04 -8.789345026016235352e-01 2.046078890562057495e-01 -1.326522827148437500e-01 6.426202058792114258e-01 -6.311112046241760254e-01 -6.339891813695430756e-03 -2.215809524059295654e-01 9.961342811584472656e-02 2.397317439317703247e-02 3.065084517002105713e-01 7.830709218978881836e-01 4.425263106822967529e-01 -1.559971123933792114e-01 -4.574501514434814453e-01 -1.809804886579513550e-01 1.585650146007537842e-01 5.949449539184570312e-02 8.273356407880783081e-02 -3.702041506767272949e-02 1.869895309209823608e-02 1.343233138322830200e-01 3.102142214775085449e-01 4.185255765914916992e-01 -5.126234889030456543e-01 -2.242465913295745850e-01 -4.456712603569030762e-01 3.236188888549804688e-01 -6.194168925285339355e-01 2.716808915138244629e-01 -6.392025947570800781e-02 6.389858126640319824e-01 -7.577170431613922119e-02 2.892713844776153564e-01 1.243990063667297363e-01 -4.506320655345916748e-01 -2.199520915746688843e-01 -5.040884017944335938e-01 -3.783449828624725342e-01 5.601229518651962280e-02 -4.259151816368103027e-01 1.470912694931030273e-01 4.098861813545227051e-01 3.189635276794433594e-01 3.339591622352600098e-01 -1.127867698669433594e-01 -3.305781185626983643e-01 -4.220439121127128601e-03 -2.426244318485260010e-01 3.165558278560638428e-01 6.503896117210388184e-01
-5.889545083045959473e-01 -2.177674323320388794e-02 -5.937479138374328613e-01 2.146120220422744751e-01 -5.412625074386596680e-01 1.544675081968307495e-01 3.264032602310180664e-01 -2.698825597763061523e-01 -2.963951230049133301e-02 3.377618789672851562e-01 -9.248726963996887207e-01 1.218800470232963562e-01 -4.706863164901733398e-01 6.005324423313140869e-03 -8.621198534965515137e-01 1.834900379180908203e-01 -9.725049138069152832e-02 7.059528827667236328e-01 -5.870802998542785645e-01 2.891243621706962585e-02 -2.218390405178070068e-01 1.073167547583580017e-01 1.054986938834190369e-01 3.581727147102355957e-01 8.050049543380737305e-01 4.645654261112213135e-01 -1.947404146194458008e-01 -4.894925355911254883e-01 -1.678055673837661743e-01 1.505413055419921875e-01 2.633700333535671234e-02 1.055026054382324219e-01 -1.020609587430953979e-01 6.197729706764221191e-02 2.200504243373870850e-01 3.082845211029052734e-01 4.317337870597839355e-01 -5.497921705245971680e-01 -1.214940026402473450e-01 -5.471473932266235352e-01 3.747532665729522705e-01 -6.372318863868713379e-01 2.779789566993713379e-01 -5.404360592365264893e-02 6.907482743263244629e-01 -1.636825352907180786e-01 3.262494206428527832e-01 1.032110005617141724e-01 -4.555481970310211182e-01 -2.715296149253845215e-01 -5.067437887191772461e-01 -3.968144655227661133e-01 4.590034484863281250e-02 -4.260014295578002930e-01 9.529385715723037720e-02 4.244096279144287109e-01 3.332056999206542969e-01 3.205302655696868896e-01 -2.030477821826934814e-01 -3.224114775657653809e-01 -1.389485225081443787e-02 -2.640911340713500977e-01 2.819329500198364258e-01 6.890186071395874023e-01
-3.639421761035919189e-01 -1.608986705541610718e-01 -6.439195573329925537e-02 2.429704517126083374e-01 5.399984121322631836e-02 1.426765173673629761e-01 -1.154983788728713989e-01 -1.513965129852294922e-01 -8.436843752861022949e-01 6.594070196151733398e-01 -1.418504416942596436e-01 9.438128024339675903e-02 -1.406118273735046387e-01 4.919913411140441895e-01 -4.253036677837371826e-01 -3.462043106555938721e-01 2.454829663038253784e-01 3.694885671138763428e-01 -2.529970407485961914e-01 -2.865041047334671021e-02 -2.463577985763549805e-01 2.481522224843502045e-02 -8.639150857925415039e-02 -1.519679427146911621e-01 2.051531821489334106e-01 -2.021570801734924316e-01 -3.246648013591766357e-01 -1.553019583225250244e-01 8.505050837993621826e-02 1.457984000444412231e-01 2.742015123367309570e-01 1.567825227975845337e-01 3.383844196796417236e-01 3.320453166961669922e-01 -2.367557585239410400e-01 1.640499532222747803e-01 -1.602407395839691162e-01 1.975127160549163818e-01 -3.642193377017974854e-01 1.334617733955383301e-01 -5.990286469459533691e-01 3.968891501426696777e-02 -2.893117442727088928e-02 -9.330523014068603516e-02 -2.826442383229732513e-02 6.908956170082092285e-01 2.461804896593093872e-01 -2.873718142509460449e-01 -6.513342857360839844e-01 7.882617712020874023e-01 -2.020653039216995239e-01 2.260463684797286987e-01 -7.128620147705078125e-02 2.547192573547363281e-01 3.831367790699005127e-01 2.921732515096664429e-02 5.355669856071472168e-01 2.711306810379028320e-01 1.082469820976257324e+00 -6.718866527080535889e-02 -1.392808705568313599e-01 1.977349817752838135e-01 2.854004129767417908e-02 1.679613143205642700e-01
-2.179221063852310181e-02 -1.048866361379623413e-01 1.101984083652496338e-02 3.794590830802917480e-01 2.244631052017211914e-01 1.259857267141342163e-01 -5.904883146286010742e-02 -2.068592309951782227e-01 -1.212111592292785645e+00 5.823991298675537109e-01 1.336147487163543701e-01 -1.369760334491729736e-01 2.536527812480926514e-03 4.619846940040588379e-01 -5.393496155738830566e-01 -3.875423669815063477e-01 3.172732293605804443e-01 3.913350403308868408e-01 -2.725782096385955811e-01 -1.710809618234634399e-01 -1.299346089363098145e-01 4.102343618869781494e-01 -3.489731997251510620e-02 -2.314004898071289062e-01 2.263219803571701050e-01 -1.490954160690307617e-01 -4.245080947875976562e-01 -5.266235470771789551e-01 2.793086469173431396e-01 1.863620281219482422e-01 3.554380238056182861e-01 4.525147378444671631e-01 6.111858412623405457e-02 5.770647525787353516e-01 -8.897867053747177124e-02 1.685090363025665283e-03 -1.298464238643646240e-01 5.822664499282836914e-01 2.947641164064407349e-02 1.277864277362823486e-01 -5.477388501167297363e-01 2.044900692999362946e-02 -4.210837483406066895e-01 -1.489334404468536377e-01 -5.345339775085449219e-01 7.632434368133544922e-01 1.984683722257614136e-01 5.183002352714538574e-02 -5.543273687362670898e-01 7.493011355400085449e-01 -2.922351360321044922e-01 2.632623314857482910e-01 -6.024778634309768677e-02 6.950841844081878662e-02 5.212792754173278809e-01 2.376964241266250610e-01 2.512218952178955078e-01 1.617687195539474487e-02 1.372196555137634277e+00 -4.120846837759017944e-02 -2.329210788011550903e-01 6.318227946758270264e-02 -2.853173613548278809e-01 1.365291029214859009e-01
-5.174475312232971191e-01 -2.262822091579437256e-01 6.356705725193023682e-02 1.726492345333099365e-01 5.993945896625518799e-02 2.344873547554016113e-01 -1.863982081413269043e-01 -1.419075429439544678e-01 -6.116538047790527344e-01 6.339199542999267578e-01 -2.304987311363220215e-01 5.815574526786804199e-02 -2.060399055480957031e-01 4.410651326179504395e-01 -3.101547658443450928e-01 -4.483197033405303955e-01 2.328039556741714478e-01 2.858704626560211182e-01 -2.389229834079742432e-01 1.051373705267906189e-01 -3.365478217601776123e-01 -1.803626269102096558e-01 -1.044966727495193481e-01 -3.399141132831573486e-02 1.249311119318008423e-01 -3.925830721855163574e-01 -2.851836681365966797e-01 1.136170625686645508e-01 -5.565065145492553711e-02 6.611539423465728760e-02 2.211205810308456421e-01 -5.297096073627471924e-02 4.754477441310882568e-01 2.826811969280242920e-01 -1.274067759513854980e-01 2.371254861354827881e-01 -1.578274369239807129e-01 1.146785244345664978e-01 -4.645646512508392334e-01 1.907466351985931396e-01 -5.936539173126220703e-01 -3.623145818710327148e-02 3.081873655319213867e-01 4.142765700817108154e-02 8.444634079933166504e-02 7.037604451179504395e-01 3.030933737754821777e-01 -3.740229308605194092e-01 -7.653490900993347168e-01 8.148769736289978027e-01 -1.759883761405944824e-02 2.651717662811279297e-01 -4.590792208909988403e-02 3.499182462692260742e-01 4.721654951572418213e-01 -1.092902123928070068e-01 6.798003315925598145e-01 4.540609717369079590e-01 8.044464588165283203e-01 6.044952571392059326e-02 -9.508448839187622070e-02 2.721413075923919678e-01 9.505788981914520264e-02 1.077828109264373779e-01
-6.683692932128906250e-01 -8.012115955352783203e-02 -5.600495934486389160e-01 2.219216972589492798e-01 -4.256920814514160156e-01 2.169522643089294434e-01 3.050537705421447754e-01 -2.699781656265258789e-01 -9.513421356678009033e-02 4.059451520442962646e-01 -8.882129788398742676e-01 1.114333570003509521e-01 -4.915090799331665039e-01 -6.662046164274215698e-02 -8.424132466316223145e-01 1.059790030121803284e-01 -1.865745484828948975e-01 6.250377297401428223e-01 -5.947217941284179688e-01 7.336024940013885498e-02 -2.943796515464782715e-01 2.790319360792636871e-02 5.849076062440872192e-02 3.733930289745330811e-01 7.465680241584777832e-01 3.466055393218994141e-01 -1.368496417999267578e-01 -3.920935392379760742e-01 -1.795717328786849976e-01 1.366719454526901245e-01 4.235389083623886108e-02 -1.534226536750793457e-02 5.334339104592800140e-03 4.633671045303344727e-02 2.324313223361968994e-01 3.730906248092651367e-01 3.992396295070648193e-01 -5.238549113273620605e-01 -2.573937177658081055e-01 -4.265113472938537598e-01 2.461477816104888916e-01 -6.396843194961547852e-01 3.562563657760620117e-01 -2.693563699722290039e-03 6.162266731262207031e-01 -1.087416186928749084e-01 3.449846208095550537e-01 8.608034253120422363e-02 -5.465751886367797852e-01 -2.074037194252014160e-01 -3.671991825103759766e-01 -3.481652140617370605e-01 5.022678524255752563e-02 -4.048824310302734375e-01 1.440628170967102051e-01 3.508392870426177979e-01 4.416439533233642578e-01 3.617774844169616699e-01 -1.582460850477218628e-01 -2.927705645561218262e-01 -1.493926718831062317e-02 -1.911607235670089722e-01 2.771697938442230225e-01 6.192651987075805664e-01
-4.151090085506439209e-01 -1.596954762935638428e-01 6.994162499904632568e-02 1.667186915874481201e-01 9.563152492046356201e-02 1.581691950559616089e-01 -1.823963224887847900e-01 -2.004141509532928467e-01 -7.909991145133972168e-01 6.394572257995605469e-01 -1.274419724941253662e-01 6.240592151880264282e-02 -9.583482891321182251e-02 5.460004210472106934e-01 -3.856776058673858643e-01 -4.408697485923767090e-01 3.080834746360778809e-01 2.806965708732604980e-01 -2.168077528476715088e-01 7.383153587579727173e-02 -2.692478597164154053e-01 -8.565802872180938721e-02 -7.331355661153793335e-02 -5.735576897859573364e-02 1.143118888139724731e-01 -3.809848129749298096e-01 -3.541427850723266602e-01 9.520396590232849121e-03 6.014029681682586670e-02 7.070271670818328857e-02 2.128200083971023560e-01 4.265994578599929810e-02 4.002070426940917969e-01 3.757812976837158203e-01 -1.790811419486999512e-01 1.851107180118560791e-01 -1.532226800918579102e-01 2.147578746080398560e-01 -3.725221157073974609e-01 1.619529873132705688e-01 -5.718608498573303223e-01 -1.028386875987052917e-02 7.748965919017791748e-02 6.088757514953613281e-02 -3.699995577335357666e-02 7.358534336090087891e-01 2.628864347934722900e-01 -3.493914604187011719e-01 -7.630038857460021973e-01 8.290134668350219727e-01 -7.169356197118759155e-02 2.891207635402679443e-01 -3.402401506900787354e-02 2.975745797157287598e-01 4.857017695903778076e-01 -3.399288654327392578e-02 6.222187876701354980e-01 3.804836273193359375e-01 9.407230019569396973e-01 5.879382789134979248e-02 -1.779725253582000732e-01 2.432752251625061035e-01 -2.356290444731712341e-02 6.231865286827087402e-02
-5.069437623023986816e-01 -2.697225213050842285e-01 1.466468721628189087e-01 4.888468235731124878e-02 1.262095272541046143e-01 1.515364497900009155e-01 -2.882502377033233643e-01 -1.516844034194946289e-01 -4.938675761222839355e-01 7.153375148773193359e-01 -2.746917605400085449e-01 1.342220902442932129e-01 -1.291536390781402588e-01 5.776117444038391113e-01 -1.405497193336486816e-01 -3.862456083297729492e-01 3.483685553073883057e-01 2.841427326202392578e-01 -9.664735943078994751e-02 2.257604449987411499e-01 -2.484408617019653320e-01 -3.013473451137542725e-01 -1.904634237289428711e-01 -1.019561216235160828e-01 1.338825076818466187e-01 -5.126861929893493652e-01 -1.994970738887786865e-01 2.344020754098892212e-01 -5.909682810306549072e-02 3.136284649372100830e-02 2.371090948581695557e-01 -3.411126136779785156e-02 5.311411023139953613e-01 3.084166944026947021e-01 -3.047231137752532959e-01 2.540939450263977051e-01 -3.210806250572204590e-01 1.832785010337829590e-01 -5.228957533836364746e-01 1.964952051639556885e-01 -7.564590573310852051e-01 1.369983702898025513e-01 3.011162877082824707e-01 6.557494401931762695e-03 1.504615843296051025e-01 7.977612614631652832e-01 3.193132281303405762e-01 -6.847214102745056152e-01 -7.015621066093444824e-01 9.559773802757263184e-01 6.136544048786163330e-02 4.371154010295867920e-01 -1.291196644306182861e-01 4.702193140983581543e-01 4.352606832981109619e-01 -2.286226600408554077e-01 6.554503440856933594e-01 4.948373436927795410e-01 9.620737433433532715e-01 1.721157580614089966e-01 -5.384083092212677002e-02 3.079077303409576416e-01 1.284150630235671997e-01 6.528906524181365967e-02
-7.597690820693969727e-01 -2.755488455295562744e-01 -1.983468085527420044e-01 1.779920011758804321e-01 -8.724649995565414429e-02 3.020727634429931641e-01 -1.617675274610519409e-02 -2.196479439735412598e-01 -4.329751729965209961e-01 5.666788816452026367e-01 -5.696845054626464844e-01 1.246168166399002075e-01 -4.025443792343139648e-01 1.719018220901489258e-01 -5.327473878860473633e-01 -3.222316205501556396e-01 -1.076884288340806961e-02 3.882638812065124512e-01 -4.195569157600402832e-01 1.935536265373229980e-01 -4.648760259151458740e-01 -3.813776373863220215e-01 -4.103988036513328552e-02 1.193871349096298218e-01 2.469815760850906372e-01 -1.922936737537384033e-01 -2.341629266738891602e-01 4.151517152786254883e-02 -1.090877875685691833e-01 9.133130311965942383e-02 1.411933153867721558e-01 -1.957538723945617676e-01 4.227164089679718018e-01 1.878185272216796875e-01 7.802894711494445801e-02 3.618130087852478027e-01 5.921022593975067139e-02 -2.381523400545120239e-01 -5.457111597061157227e-01 -4.924173280596733093e-02 -2.964431345462799072e-01 -2.632836997509002686e-01 5.518674254417419434e-01 1.766035854816436768e-01 4.136641621589660645e-01 4.177450239658355713e-01 2.398545891046524048e-01 -2.944004237651824951e-01 -7.565853595733642578e-01 4.996851086616516113e-01 -9.338452666997909546e-02 8.103665709495544434e-02 5.811471492052078247e-03 1.539615690708160400e-01 4.303737580776214600e-01 4.317363351583480835e-02 7.778764963150024414e-01 5.482953190803527832e-01 3.170304894447326660e-01 8.128285408020019531e-02 -1.164927333593368530e-01 1.867834329605102539e-01 2.519170045852661133e-01 2.775695323944091797e-01
-5.890294313430786133e-01 -6.029176339507102966e-02 -4.821223616600036621e-01 2.306197434663772583e-01 -2.191736102104187012e-01 1.950442492961883545e-01 1.571493148803710938e-01 -2.563185989856719971e-01 -4.356399178504943848e-01 5.852260589599609375e-01 -6.777100563049316406e-01 1.508751511573791504e-01 -4.429638087749481201e-01 2.083381116390228271e-01 -7.366849780082702637e-01 -3.503365814685821533e-02 -3.046368807554244995e-02 5.364838838577270508e-01 -5.556166768074035645e-01 -2.537248656153678894e-03 -3.842431604862213135e-01 -1.724402420222759247e-02 1.555301249027252197e-02 1.553089916706085205e-01 5.623756647109985352e-01 1.442553400993347168e-01 -2.103293985128402710e-01 -3.338131606578826904e-01 -2.258134074509143829e-02 1.293298900127410889e-01 1.772896051406860352e-01 1.104178428649902344e-01 1.610452681779861450e-01 1.339980065822601318e-01 -2.371387928724288940e-02 2.842918634414672852e-01 2.334973216056823730e-01 -3.151704072952270508e-01 -3.579977750778198242e-01 -2.908395230770111084e-01 -1.914522610604763031e-02 -3.298577368259429932e-01 1.739435642957687378e-01 -5.423863232135772705e-02 4.627409577369689941e-01 2.593500316143035889e-01 3.132800161838531494e-01 -5.654092878103256226e-02 -6.193521618843078613e-01 2.477939575910568237e-01 -3.433296084403991699e-01 -1.331454217433929443e-01 -3.215567767620086670e-02 -1.375085413455963135e-01 2.607327401638031006e-01 2.618516087532043457e-01 5.257944464683532715e-01 3.656725883483886719e-01 3.422027528285980225e-01 -1.954627931118011475e-01 -1.436777710914611816e-01 -1.219229400157928467e-01 2.155974060297012329e-01 4.491115510463714600e-01
-2.208117544651031494e-01 -1.217528283596038818e-01 1.538019627332687378e-01 2.406619638204574585e-01 2.341239154338836670e-01 1.069888174533843994e-01 -2.312855720520019531e-01 -2.046357691287994385e-01 -9.472471475601196289e-01 7.190647125244140625e-01 4.057519137859344482e-02 2.368085086345672607e-03 3.754726797342300415e-02 5.930542349815368652e-01 -2.862887084484100342e-01 -3.327203989028930664e-01 3.570244312286376953e-01 2.766058743000030518e-01 -1.313558816909790039e-01 -1.080268025398254395e-01 -1.543450057506561279e-01 1.749125868082046509e-01 -1.053107604384422302e-01 -2.048649787902832031e-01 2.183576971292495728e-01 -3.693245053291320801e-01 -3.020144701004028320e-01 -1.825393736362457275e-01 9.127648174762725830e-02 7.145915925502777100e-02 3.112239539623260498e-01 2.798988819122314453e-01 3.129877448081970215e-01 4.827125668525695801e-01 -2.669252455234527588e-01 1.570566296577453613e-01 -2.360729128122329712e-01 5.284038782119750977e-01 -1.934246420860290527e-01 2.508414387702941895e-01 -7.691327929496765137e-01 9.588761627674102783e-02 -1.934627294540405273e-01 -1.188421249389648438e-01 -3.392743766307830811e-01 8.478622436523437500e-01 3.021105229854583740e-01 -3.295162320137023926e-01 -6.246442794799804688e-01 9.073445200920104980e-01 -8.643154799938201904e-02 4.539832174777984619e-01 -6.377650052309036255e-02 2.197819203138351440e-01 4.722649157047271729e-01 -7.771785557270050049e-02 3.915527760982513428e-01 2.162341028451919556e-01 1.377033233642578125e+00 -1.603983342647552490e-03 -8.706558495759963989e-02 1.940289139747619629e-01 -1.453863978385925293e-01 5.736134201288223267e-02
-6.823298931121826172e-01 -4.827572777867317200e-02 -5.385962128639221191e-01 2.118499726057052612e-01 -3.813676536083221436e-01 1.633366048336029053e-01 3.025671243667602539e-01 -3.130440115928649902e-01 -1.443179398775100708e-01 3.886364400386810303e-01 -8.468945622444152832e-01 1.023598834872245789e-01 -4.587360024452209473e-01 -4.877440631389617920e-02 -8.845540881156921387e-01 1.329544484615325928e-01 -2.098802924156188965e-01 6.181397438049316406e-01 -6.347867250442504883e-01 2.847631648182868958e-02 -2.441879808902740479e-01 2.564751543104648590e-02 5.867926031351089478e-02 3.250696361064910889e-01 7.314296364784240723e-01 3.801153302192687988e-01 -1.342680752277374268e-01 -4.489585161209106445e-01 -1.313547790050506592e-01 1.748458147048950195e-01 1.046885102987289429e-01 5.074131488800048828e-02 -6.839247420430183411e-03 2.712689340114593506e-02 2.323929667472839355e-01 3.524070382118225098e-01 4.219049215316772461e-01 -4.900138676166534424e-01 -2.649185061454772949e-01 -4.259847998619079590e-01 2.855224013328552246e-01 -6.545283794403076172e-01 3.486660718917846680e-01 -2.904635667800903320e-02 5.819311738014221191e-01 -1.178734898567199707e-01 2.972036600112915039e-01 1.497792899608612061e-01 -5.138460993766784668e-01 -1.943388730287551880e-01 -4.284859895706176758e-01 -3.463518321514129639e-01 8.168799430131912231e-02 -4.550483226776123047e-01 1.870415210723876953e-01 3.834272027015686035e-01 3.668679893016815186e-01 3.369064331054687500e-01 -1.255850642919540405e-01 -2.829592227935791016e-01 1.287104748189449310e-02 -2.140584886074066162e-01 2.783361077308654785e-01 6.273096799850463867e-01
-4.927828311920166016e-01 -1.414345055818557739e-01 -9.103623032569885254e-02 2.034631520509719849e-01 4.891002178192138672e-02 1.939278244972229004e-01 -1.710045337677001953e-01 -1.919391602277755737e-01 -6.496249437332153320e-01 7.271608114242553711e-01 -2.643076777458190918e-01 1.311760842800140381e-01 -1.817340850830078125e-01 5.145126581192016602e-01 -3.678300380706787109e-01 -3.010604381561279297e-01 2.059336900711059570e-01 3.567508757114410400e-01 -2.487322092056274414e-01 4.986675921827554703e-03 -3.038043081760406494e-01 -8.156180381774902344e-02 -1.543032228946685791e-01 -7.268544286489486694e-02 2.593544721603393555e-01 -2.769165635108947754e-01 -2.560642957687377930e-01 -2.337163686752319336e-02 -3.997259587049484253e-02 1.122218146920204163e-01 2.436724305152893066e-01 6.378148496150970459e-02 4.004160165786743164e-01 2.612496316432952881e-01 -2.862673699855804443e-01 2.207247316837310791e-01 -1.284702122211456299e-01 9.061156213283538818e-02 -4.262919127941131592e-01 1.142859905958175659e-01 -5.733000636100769043e-01 1.923483796417713165e-02 9.620146453380584717e-02 -7.038128376007080078e-02 1.246477738022804260e-01 6.908619999885559082e-01 3.036611080169677734e-01 -4.039008021354675293e-01 -6.880157589912414551e-01 7.728549242019653320e-01 -1.192524060606956482e-01 2.316976189613342285e-01 -9.725169092416763306e-02 2.810873985290527344e-01 3.744805157184600830e-01 -4.003581404685974121e-02 5.583243966102600098e-01 3.613728284835815430e-01 9.334396123886108398e-01 -5.230747908353805542e-02 -1.235521733760833740e-01 1.825659275054931641e-01 1.296629756689071655e-01 1.331964135169982910e-01
-8.927013725042343140e-02 -2.203909754753112793e-01 1.950953155755996704e-01 2.033580541610717773e-01 2.149925529956817627e-01 8.068792521953582764e-02 -1.195634603500366211e-01 -1.657198369503021240e-01 -1.131627917289733887e+00 6.018189191818237305e-01 1.246209517121315002e-01 -5.489646643400192261e-02 3.582801669836044312e-02 4.993807077407836914e-01 -3.787703216075897217e-01 -3.976774811744689941e-01 3.663407564163208008e-01 3.511879146099090576e-01 -1.430381834506988525e-01 -8.192519843578338623e-02 -1.034691110253334045e-01 2.275414615869522095e-01 4.602320492267608643e-03 -1.952732503414154053e-01 4.916642233729362488e-02 -2.865571081638336182e-01 -3.883132934570312500e-01 -2.898535132408142090e-01 2.336141765117645264e-01 1.301738321781158447e-01 2.620124816894531250e-01 3.646486997604370117e-01 1.881778538227081299e-01 5.965664982795715332e-01 -1.009433940052986145e-01 1.257331073284149170e-01 -1.643157452344894409e-01 5.814353823661804199e-01 -9.376482665538787842e-02 1.980641633272171021e-01 -7.396199107170104980e-01 4.404007643461227417e-02 -3.090741932392120361e-01 -8.194614946842193604e-02 -5.108032822608947754e-01 7.870796918869018555e-01 2.318541109561920166e-01 -1.687369346618652344e-01 -6.101097464561462402e-01 8.092105388641357422e-01 -1.419031322002410889e-01 4.232235550880432129e-01 -9.791808575391769409e-02 1.908819526433944702e-01 5.221846699714660645e-01 4.724085330963134766e-02 3.476663231849670410e-01 1.509205400943756104e-01 1.388934612274169922e+00 7.967299222946166992e-02 -1.009939461946487427e-01 2.156239449977874756e-01 -2.026622593402862549e-01 1.066494360566139221e-01
-4.942255318164825439e-01 -1.796444505453109741e-01 -7.649166136980056763e-02 1.891619712114334106e-01 -1.501821726560592651e-02 2.005297541618347168e-01 -5.807164311408996582e-02 -1.695523709058761597e-01 -7.326931953430175781e-01 5.671385526657104492e-01 -2.904917597770690918e-01 6.624190509319305420e-02 -2.691402435302734375e-01 3.806772828102111816e-01 -4.902378618717193604e-01 -3.624582290649414062e-01 1.431910544633865356e-01 3.871094882488250732e-01 -3.162807822227478027e-01 6.489157676696777344e-02 -3.663650751113891602e-01 -1.586930900812149048e-01 -3.654633834958076477e-02 3.064461052417755127e-03 1.680834740400314331e-01 -2.612229287624359131e-01 -3.301056027412414551e-01 -8.245275169610977173e-02 4.541412740945816040e-02 1.392473131418228149e-01 2.189552485942840576e-01 2.937211096286773682e-02 3.921475708484649658e-01 3.021141588687896729e-01 -1.039475277066230774e-01 2.173315584659576416e-01 -5.469585582613945007e-02 6.040201522409915924e-03 -4.319892823696136475e-01 4.323348030447959900e-02 -4.555930495262145996e-01 -8.539385348558425903e-02 1.859033256769180298e-01 1.794523745775222778e-02 1.428445577621459961e-01 5.820546150207519531e-01 2.788102030754089355e-01 -2.492758482694625854e-01 -7.241663932800292969e-01 7.104328274726867676e-01 -1.118043586611747742e-01 1.272987872362136841e-01 -6.655111908912658691e-02 2.451683133840560913e-01 4.633263051509857178e-01 5.207474529743194580e-02 6.629660129547119141e-01 4.047741889953613281e-01 7.437917590141296387e-01 2.080819755792617798e-02 -1.735258996486663818e-01 1.776122152805328369e-01 1.067881956696510315e-01 2.118976414203643799e-01
-6.365121603012084961e-01 -7.614170014858245850e-02 -4.187950491905212402e-01 2.775433659553527832e-01 -1.339478492736816406e-01 2.032625079154968262e-01 6.601803004741668701e-02 -2.503850162029266357e-01 -5.250260233879089355e-01 6.292275190353393555e-01 -5.935850143432617188e-01 1.305293142795562744e-01 -3.904213905334472656e-01 2.150637805461883545e-01 -6.954061985015869141e-01 -1.130520626902580261e-01 -5.879256501793861389e-02 4.520058631896972656e-01 -5.195935368537902832e-01 -1.979963108897209167e-02 -4.105515778064727783e-01 -8.794924616813659668e-02 -6.531916558742523193e-02 5.970446392893791199e-02 5.167559385299682617e-01 4.350437223911285400e-02 -2.103480547666549683e-01 -2.720178365707397461e-01 -4.276069998741149902e-02 1.189851611852645874e-01 2.222882807254791260e-01 3.787963092327117920e-02 2.724259793758392334e-01 1.316178292036056519e-01 -4.538362473249435425e-02 2.834782898426055908e-01 1.240229755640029907e-01 -2.227829843759536743e-01 -4.232608675956726074e-01 -1.740754991769790649e-01 -1.550920605659484863e-01 -2.713007628917694092e-01 2.426560372114181519e-01 -2.796323597431182861e-02 3.755813837051391602e-01 3.749570846557617188e-01 2.834284901618957520e-01 -1.065448299050331116e-01 -6.570687294006347656e-01 3.966906070709228516e-01 -2.886379361152648926e-01 -5.145275592803955078e-02 1.186016574501991272e-02 -5.007340759038925171e-02 3.379019200801849365e-01 1.903805285692214966e-01 5.823007225990295410e-01 3.902313113212585449e-01 4.421082437038421631e-01 -1.566248983144760132e-01 -1.422921568155288696e-01 -5.222284793853759766e-02 1.933871060609817505e-01 3.816708624362945557e-01
-7.458487749099731445e-01 -2.926255166530609131e-01 -2.626793384552001953e-01 1.386013776063919067e-01 -2.403701096773147583e-01 1.969752013683319092e-01 1.292066723108291626e-01 -2.539803981781005859e-01 -3.862938880920410156e-01 4.217193126678466797e-01 -6.745113134384155273e-01 1.208743527531623840e-01 -4.513095915317535400e-01 9.583646804094314575e-02 -7.167117595672607422e-01 -2.330383807420730591e-01 -6.224301457405090332e-02 4.815810620784759521e-01 -5.066997408866882324e-01 2.107938081026077271e-01 -4.266771972179412842e-01 -3.770821988582611084e-01 4.206117242574691772e-02 1.765204966068267822e-01 2.962779700756072998e-01 -6.707908958196640015e-02 -2.270234078168869019e-01 -7.986495643854141235e-02 -2.754072658717632294e-02 1.846809387207031250e-01 5.721049383282661438e-02 -1.572877764701843262e-01 2.968620061874389648e-01 1.901609897613525391e-01 2.073889374732971191e-01 3.765717148780822754e-01 1.491586565971374512e-01 -3.331628143787384033e-01 -4.950294196605682373e-01 -2.142779231071472168e-01 -7.392851263284683228e-02 -4.463626742362976074e-01 5.506817102432250977e-01 2.034711092710494995e-01 4.939667880535125732e-01 2.072588801383972168e-01 2.306044995784759521e-01 -1.037508770823478699e-01 -7.973766922950744629e-01 2.895644903182983398e-01 -1.435386240482330322e-01 -8.392598479986190796e-02 1.356434635818004608e-02 4.172185063362121582e-02 3.874084949493408203e-01 1.519442349672317505e-01 8.021376729011535645e-01 5.722107291221618652e-01 6.241808831691741943e-02 7.360999286174774170e-02 -7.479930669069290161e-02 5.419635772705078125e-02 2.446578741073608398e-01 4.722818732261657715e-01
-4.144740104675292969e-01 -2.051022648811340332e-01 2.089124768972396851e-01 7.056073844432830811e-02 1.922804713249206543e-01 1.365198343992233276e-01 -3.001807034015655518e-01 -1.768853664398193359e-01 -6.659902930259704590e-01 7.331552505493164062e-01 -1.334313750267028809e-01 8.066615462303161621e-02 -3.736381232738494873e-02 6.300134062767028809e-01 -1.662355959415435791e-01 -3.591595590114593506e-01 3.574002385139465332e-01 2.917245924472808838e-01 -9.578929096460342407e-02 1.437283903360366821e-01 -1.572534441947937012e-01 -1.191968023777008057e-01 -1.476208120584487915e-01 -1.064773127436637878e-01 1.345069855451583862e-01 -4.650967121124267578e-01 -2.344717681407928467e-01 1.216837316751480103e-01 -2.288874238729476929e-03 1.958984509110450745e-02 2.585464715957641602e-01 9.727688878774642944e-02 4.543416500091552734e-01 3.832297027111053467e-01 -3.253816962242126465e-01 2.120974063873291016e-01 -2.830950021743774414e-01 3.082509934902191162e-01 -3.979265391826629639e-01 2.149092406034469604e-01 -8.180339336395263672e-01 1.146844699978828430e-01 9.939017891883850098e-02 -2.182570099830627441e-02 -8.693613111972808838e-02 7.986403703689575195e-01 3.253896832466125488e-01 -5.661692619323730469e-01 -6.556166410446166992e-01 9.209229350090026855e-01 2.212224900722503662e-02 4.817582964897155762e-01 -9.175872057676315308e-02 3.714245557785034180e-01 4.114317595958709717e-01 -2.068075388669967651e-01 5.288320183753967285e-01 3.955413699150085449e-01 1.131216883659362793e+00 1.040465384721755981e-01 -5.881704390048980713e-02 3.092456161975860596e-01 1.992037147283554077e-02 3.276276588439941406e-02
-7.463423013687133789e-01 -1.611443161964416504e-01 -3.353946805000305176e-01 1.863647252321243286e-01 -1.901879012584686279e-01 2.393425554037094116e-01 6.826546043157577515e-02 -2.616818547248840332e-01 -3.750530481338500977e-01 5.994162559509277344e-01 -6.968930959701538086e-01 1.577978581190109253e-01 -4.331923425197601318e-01 1.941673159599304199e-01 -6.696746945381164551e-01 -1.296258568763732910e-01 -5.360906943678855896e-02 4.723055660724639893e-01 -5.154141187667846680e-01 1.111077293753623962e-01 -4.360417425632476807e-01 -2.730669975280761719e-01 -4.920278117060661316e-02 1.480920314788818359e-01 4.463388621807098389e-01 -5.868874490261077881e-03 -1.732617020606994629e-01 -1.557557880878448486e-01 -6.592682749032974243e-02 1.379773318767547607e-01 1.601389646530151367e-01 -7.737337052822113037e-02 2.950028777122497559e-01 1.397910118103027344e-01 2.433954924345016479e-02 3.642789721488952637e-01 1.488281190395355225e-01 -2.950552999973297119e-01 -4.762431681156158447e-01 -2.096131443977355957e-01 -1.321385800838470459e-01 -3.170020282268524170e-01 4.352235198020935059e-01 7.090398669242858887e-02 5.322903394699096680e-01 3.059046268463134766e-01 2.910359501838684082e-01 -1.857966184616088867e-01 -6.997285485267639160e-01 3.606613278388977051e-01 -2.139830589294433594e-01 -4.176525771617889404e-02 -2.708688378334045410e-02 1.342650502920150757e-02 3.510704338550567627e-01 1.406548768281936646e-01 6.500353217124938965e-01 4.881781339645385742e-01 2.676343917846679688e-01 -5.254814401268959045e-02 -7.733196020126342773e-02 -8.267059922218322754e-03 2.739729583263397217e-01 4.172524809837341309e-01
-7.627108097076416016e-01 -1.736468672752380371e-01 -3.138130009174346924e-01 1.576824188232421875e-01 -2.222791016101837158e-01 1.869841068983078003e-01 1.347549408674240112e-01 -2.898297309875488281e-01 -3.800560832023620605e-01 4.300130605697631836e-01 -7.098943591117858887e-01 1.070311293005943298e-01 -4.118705093860626221e-01 7.002999633550643921e-02 -7.548449635505676270e-01 -1.525290459394454956e-01 -1.103757470846176147e-01 4.968174993991851807e-01 -5.962559580802917480e-01 1.481716632843017578e-01 -4.359368979930877686e-01 -2.797478735446929932e-01 2.711129933595657349e-02 1.665159016847610474e-01 4.030716121196746826e-01 1.831807196140289307e-03 -2.053021937608718872e-01 -1.948297917842864990e-01 -1.791576482355594635e-02 2.056065648794174194e-01 9.281130135059356689e-02 -9.076817333698272705e-02 2.828125953674316406e-01 1.399418860673904419e-01 1.676972359418869019e-01 3.340808749198913574e-01 1.929474472999572754e-01 -3.507836163043975830e-01 -4.955479502677917480e-01 -2.120876163244247437e-01 1.243316754698753357e-02 -4.594920873641967773e-01 5.174579024314880371e-01 1.198924854397773743e-01 4.786518514156341553e-01 1.926164627075195312e-01 2.268851697444915771e-01 -3.145505860447883606e-02 -7.067515254020690918e-01 2.286900728940963745e-01 -2.296132594347000122e-01 -1.560227423906326294e-01 3.226650878787040710e-02 -7.775898277759552002e-02 3.807334899902343750e-01 2.348656505346298218e-01 7.097543478012084961e-01 5.017096400260925293e-01 8.453232049942016602e-02 -4.913344979286193848e-03 -9.238055348396301270e-02 -6.910562515258789062e-04 2.381936162710189819e-01 4.865806400775909424e-01
-7.444806694984436035e-01 -1.648312509059906006e-01 -3.946648240089416504e-01 1.750275939702987671e-01 -3.906684517860412598e-01 1.787719428539276123e-01 2.343433201313018799e-01 -2.830062806606292725e-01 -1.688152551651000977e-01 3.661293983459472656e-01 -8.263456821441650391e-01 9.236913919448852539e-02 -4.526653289794921875e-01 -3.523401916027069092e-03 -8.338663578033447266e-01 -4.557413235306739807e-02 -9.491302818059921265e-02 5.963810682296752930e-01 -6.119734048843383789e-01 1.656215190887451172e-01 -3.225618898868560791e-01 -1.837525516748428345e-01 4.397126287221908569e-02 2.857000529766082764e-01 5.365214347839355469e-01 1.870729625225067139e-01 -1.841329187154769897e-01 -2.616781890392303467e-01 -1.028387024998664856e-01 2.004760950803756714e-01 3.134543448686599731e-02 -1.276981532573699951e-01 1.248950809240341187e-01 1.134742647409439087e-01 2.498181760311126709e-01 3.714672923088073730e-01 2.823755741119384766e-01 -4.270114302635192871e-01 -3.778417110443115234e-01 -3.449328839778900146e-01 1.663814038038253784e-01 -5.943033695220947266e-01 5.202226042747497559e-01 1.351936459541320801e-01 6.099731326103210449e-01 2.806516736745834351e-02 2.504414319992065430e-01 3.892795741558074951e-02 -6.451572775840759277e-01 -3.334153443574905396e-03 -3.436337113380432129e-01 -2.484507560729980469e-01 5.385544151067733765e-02 -2.032486200332641602e-01 3.267754912376403809e-01 2.978879511356353760e-01 6.080772280693054199e-01 4.869556427001953125e-01 -1.058096215128898621e-01 -6.940058618783950806e-02 -7.462598383426666260e-03 -7.715493440628051758e-02 2.763262391090393066e-01 6.126684546470642090e-01
-7.022762298583984375e-01 -2.716285288333892822e-01 -2.376073896884918213e-01 9.860710799694061279e-02 -1.235259771347045898e-01 2.520959377288818359e-01 7.603809237480163574e-02 -2.374438047409057617e-01 -3.823773264884948730e-01 4.973919689655303955e-01 -6.300241351127624512e-01 1.011539995670318604e-01 -4.629819989204406738e-01 1.425457596778869629e-01 -5.981636643409729004e-01 -2.308059632778167725e-01 -3.671450912952423096e-02 4.126882255077362061e-01 -4.478955864906311035e-01 2.232016474008560181e-01 -4.352592527866363525e-01 -3.759367465972900391e-01 4.323124885559082031e-04 1.468035876750946045e-01 2.611964344978332520e-01 -1.186202466487884521e-01 -1.804790496826171875e-01 -3.008626028895378113e-02 -5.058155953884124756e-02 8.502098917961120605e-02 1.335655301809310913e-01 -1.365852057933807373e-01 3.272033631801605225e-01 2.003439962863922119e-01 7.785135507583618164e-02 4.149431586265563965e-01 1.411337852478027344e-01 -3.140723705291748047e-01 -5.137345194816589355e-01 -1.687638759613037109e-01 -1.755002737045288086e-01 -3.238971829414367676e-01 5.016499161720275879e-01 1.735082268714904785e-01 4.417464435100555420e-01 3.181776404380798340e-01 2.348103672266006470e-01 -1.928341984748840332e-01 -7.429996132850646973e-01 4.088456630706787109e-01 -1.441641151905059814e-01 1.494541205465793610e-02 -1.738568395376205444e-02 9.922640025615692139e-02 4.113646447658538818e-01 1.231554746627807617e-01 7.629816532135009766e-01 5.779364705085754395e-01 2.054721117019653320e-01 8.764587342739105225e-02 -8.050541579723358154e-02 1.319530159235000610e-01 2.821897566318511963e-01 3.808864355087280273e-01
-5.330874919891357422e-01 -1.738933622837066650e-01 -1.449904590845108032e-01 2.158319801092147827e-01 -1.553356647491455078e-02 1.887432187795639038e-01 -1.450437307357788086e-02 -1.823830008506774902e-01 -7.574863433837890625e-01 5.258852243423461914e-01 -2.719103097915649414e-01 1.059627607464790344e-01 -3.150644302368164062e-01 3.120159804821014404e-01 -5.495989322662353516e-01 -3.276613354682922363e-01 7.879798859357833862e-02 3.304100930690765381e-01 -3.760488629341125488e-01 1.455060206353664398e-02 -3.785131871700286865e-01 -1.772759556770324707e-01 2.617858350276947021e-03 -2.895884960889816284e-02 1.949119716882705688e-01 -1.787692010402679443e-01 -3.122911453247070312e-01 -1.163270026445388794e-01 6.024281680583953857e-02 1.065155714750289917e-01 2.487981319427490234e-01 3.477583825588226318e-02 3.838405609130859375e-01 2.676878273487091064e-01 -2.785508334636688232e-02 2.288232743740081787e-01 -1.613582670688629150e-02 -2.826071530580520630e-02 -4.801099002361297607e-01 6.465157121419906616e-02 -4.149852693080902100e-01 -1.475777477025985718e-01 2.329122275114059448e-01 4.631861299276351929e-02 1.423317492008209229e-01 5.142925977706909180e-01 2.390146553516387939e-01 -1.615858376026153564e-01 -7.333427071571350098e-01 6.873544454574584961e-01 -1.523942798376083374e-01 1.167069301009178162e-01 7.041646167635917664e-03 1.579668968915939331e-01 4.389315545558929443e-01 7.423874735832214355e-02 6.900030374526977539e-01 4.254148006439208984e-01 7.048431038856506348e-01 -2.979947626590728760e-02 -1.673243641853332520e-01 1.473048329353332520e-01 1.154861152172088623e-01 2.354087382555007935e-01
-7.008668780326843262e-01 -1.233889088034629822e-01 -4.140748977661132812e-01 2.501155138015747070e-01 -2.327591478824615479e-01 2.110559791326522827e-01 1.373437941074371338e-01 -2.556282579898834229e-01 -2.903209924697875977e-01 5.458319187164306641e-01 -7.190587520599365234e-01 8.633939176797866821e-02 -4.617440104484558105e-01 1.011419668793678284e-01 -7.519955039024353027e-01 -9.376871585845947266e-02 -9.650049358606338501e-02 5.122745633125305176e-01 -5.690052509307861328e-01 1.063428595662117004e-01 -3.658774495124816895e-01 -1.389051377773284912e-01 -2.078521251678466797e-02 2.183234095573425293e-01 5.602276325225830078e-01 1.397127211093902588e-01 -1.610616296529769897e-01 -2.257286310195922852e-01 -1.454205662012100220e-01 1.269811689853668213e-01 1.524140536785125732e-01 -1.135435402393341064e-01 2.360275238752365112e-01 1.281301230192184448e-01 1.250176131725311279e-01 3.531221151351928711e-01 2.389745116233825684e-01 -3.174243271350860596e-01 -4.172940552234649658e-01 -2.450328469276428223e-01 -7.592771202325820923e-03 -4.539023637771606445e-01 4.432662129402160645e-01 6.870138645172119141e-02 4.893043935298919678e-01 2.062827944755554199e-01 2.892033755779266357e-01 -3.987120091915130615e-02 -6.550117731094360352e-01 2.049676328897476196e-01 -3.135045170783996582e-01 -1.087922379374504089e-01 6.743603944778442383e-02 -1.688487529754638672e-01 3.407661318778991699e-01 2.077564597129821777e-01 5.413060784339904785e-01 4.342510700225830078e-01 1.591980606317520142e-01 -9.493742883205413818e-02 -4.093817993998527527e-02 -8.028493821620941162e-02 2.427798509597778320e-01 4.753144085407257080e-01
-6.864341497421264648e-01 -2.493448555469512939e-03 -6.122359037399291992e-01 2.328200787305831909e-01 -3.940264880657196045e-01 1.616426855325698853e-01 2.942315340042114258e-01 -2.331762909889221191e-01 -1.842486113309860229e-01 5.128495693206787109e-01 -8.736058473587036133e-01 1.424379348754882812e-01 -4.840255975723266602e-01 1.040727645158767700e-02 -8.995600342750549316e-01 1.842659860849380493e-01 -1.573009043931961060e-01 5.954255461692810059e-01 -5.922764539718627930e-01 -3.523050248622894287e-02 -2.909622490406036377e-01 5.673511326313018799e-02 1.515490561723709106e-02 3.414407372474670410e-01 7.783753871917724609e-01 3.832174241542816162e-01 -1.614131778478622437e-01 -4.660626649856567383e-01 -1.006075665354728699e-01 1.485572457313537598e-01 1.224310249090194702e-01 5.517172068357467651e-02 -1.094647590070962906e-02 -3.769814968109130859e-03 1.309992671012878418e-01 3.415060043334960938e-01 3.831323981285095215e-01 -4.791269898414611816e-01 -2.626686692237854004e-01 -4.581570029258728027e-01 2.405486702919006348e-01 -5.554227828979492188e-01 2.562453746795654297e-01 -3.484165668487548828e-02 6.496810913085937500e-01 7.603317499160766602e-03 3.913231194019317627e-01 6.831450760364532471e-02 -5.189464092254638672e-01 -1.839623898267745972e-01 -4.157028794288635254e-01 -3.636913001537322998e-01 2.634350396692752838e-02 -4.086648225784301758e-01 1.793484389781951904e-01 3.060690760612487793e-01 3.833243250846862793e-01 3.171023428440093994e-01 -3.189210593700408936e-02 -3.010975122451782227e-01 -2.457213401794433594e-02 -2.999621629714965820e-01 2.618957161903381348e-01 5.765985250473022461e-01
-6.297766566276550293e-01 -2.036799788475036621e-01 -1.903980374336242676e-01 1.737707853317260742e-01 -6.534679234027862549e-02 2.594036757946014404e-01 -3.227828443050384521e-02 -1.903395354747772217e-01 -5.781669020652770996e-01 5.821957588195800781e-01 -4.268604815006256104e-01 7.255929708480834961e-02 -3.848909139633178711e-01 2.840815782546997070e-01 -5.481385588645935059e-01 -2.910773158073425293e-01 1.661713048815727234e-02 3.612057566642761230e-01 -3.805165588855743408e-01 6.137590110301971436e-02 -4.082546532154083252e-01 -2.544632256031036377e-01 -1.954966038465499878e-02 1.025451868772506714e-01 2.316727936267852783e-01 -2.250781655311584473e-01 -2.804276049137115479e-01 -3.114904090762138367e-02 -3.103793226182460785e-02 9.999046474695205688e-02 2.087842524051666260e-01 -3.491960465908050537e-02 3.586373329162597656e-01 2.154833078384399414e-01 -5.027567595243453979e-02 2.712919116020202637e-01 4.809603095054626465e-02 -1.817006021738052368e-01 -4.554725289344787598e-01 -5.592275783419609070e-02 -3.348262310028076172e-01 -1.810288727283477783e-01 3.317742943763732910e-01 7.063681632280349731e-02 3.011518418788909912e-01 4.763829112052917480e-01 2.926403284072875977e-01 -2.322310507297515869e-01 -7.533623576164245605e-01 5.851553678512573242e-01 -1.346360892057418823e-01 8.441150933504104614e-02 8.297262713313102722e-03 1.846653670072555542e-01 4.504899680614471436e-01 2.126465737819671631e-02 7.082384824752807617e-01 4.780916571617126465e-01 5.174999237060546875e-01 -1.592101156711578369e-02 -1.640004664659500122e-01 1.601152122020721436e-01 2.278240919113159180e-01 2.318206727504730225e-01
-5.249964594841003418e-01 -2.283197641372680664e-01 -1.364034414291381836e-01 1.895234286785125732e-01 -5.154274031519889832e-02 2.204673141241073608e-01 -4.896366596221923828e-02 -1.588925123214721680e-01 -6.376523971557617188e-01 5.890297889709472656e-01 -3.555046021938323975e-01 7.845319807529449463e-02 -3.553850948810577393e-01 3.388715386390686035e-01 -4.709694683551788330e-01 -3.200052678585052490e-01 9.951625019311904907e-02 4.198719263076782227e-01 -3.378199338912963867e-01 7.022111862897872925e-02 -3.802077174186706543e-01 -2.112847119569778442e-01 -5.697088688611984253e-02 1.957857608795166016e-02 1.920012384653091431e-01 -2.352469265460968018e-01 -2.978283464908599854e-01 -5.612420663237571716e-02 -3.292956203222274780e-02 1.505176573991775513e-01 2.315731644630432129e-01 6.058782339096069336e-03 4.093023240566253662e-01 2.497963011264801025e-01 -9.938617795705795288e-02 2.518667578697204590e-01 -1.217578351497650146e-02 -9.050426632165908813e-02 -4.655516743659973145e-01 2.732629701495170593e-02 -4.243229925632476807e-01 -1.006876230239868164e-01 2.628230452537536621e-01 -1.718017458915710449e-02 2.325518578290939331e-01 5.413908958435058594e-01 2.966235280036926270e-01 -2.667071521282196045e-01 -7.088784575462341309e-01 6.825825572013854980e-01 -1.035716459155082703e-01 1.225257143378257751e-01 -4.376560449600219727e-02 2.461076527833938599e-01 4.448598325252532959e-01 3.244751691818237305e-02 6.588722467422485352e-01 4.377342462539672852e-01 6.700248122215270996e-01 5.341544747352600098e-03 -1.428671181201934814e-01 1.780121624469757080e-01 2.079552859067916870e-01 2.573070228099822998e-01
-5.564495325088500977e-01 -1.594802439212799072e-01 1.888476312160491943e-03 1.331952512264251709e-01 4.374866187572479248e-02 2.044018954038619995e-01 -1.873581409454345703e-01 -1.667556762695312500e-01 -5.982034802436828613e-01 6.919566392898559570e-01 -3.058912754058837891e-01 1.205703988671302795e-01 -1.981022357940673828e-01 4.946233034133911133e-01 -2.962670922279357910e-01 -3.812274038791656494e-01 2.395340204238891602e-01 3.323721587657928467e-01 -2.243411242961883545e-01 1.177700534462928772e-01 -3.381336927413940430e-01 -1.506572216749191284e-01 -1.332943886518478394e-01 4.168770462274551392e-02 1.760049760341644287e-01 -4.266734123229980469e-01 -2.552826404571533203e-01 7.813587784767150879e-02 -1.430252008140087128e-02 8.622076362371444702e-02 1.775606423616409302e-01 -2.233989536762237549e-02 4.166951179504394531e-01 2.611059844493865967e-01 -2.431097626686096191e-01 2.477789372205734253e-01 -1.477832794189453125e-01 7.753490656614303589e-02 -4.594494700431823730e-01 1.103068739175796509e-01 -5.663852691650390625e-01 -2.962824329733848572e-02 1.864048093557357788e-01 4.859378933906555176e-02 1.564378291368484497e-01 6.983759999275207520e-01 3.480382561683654785e-01 -4.377232491970062256e-01 -7.185761332511901855e-01 7.337011098861694336e-01 -8.270516991615295410e-03 2.537269890308380127e-01 -1.089108511805534363e-01 3.462660908699035645e-01 4.035787880420684814e-01 -1.063580811023712158e-01 6.737645864486694336e-01 4.509529471397399902e-01 8.430299758911132812e-01 4.366411268711090088e-02 -1.076835244894027710e-01 2.531987130641937256e-01 9.946462512016296387e-02 9.131111204624176025e-02
-6.715156435966491699e-01 -1.414337754249572754e-01 -5.153301358222961426e-01 1.843740791082382202e-01 -3.734034597873687744e-01 1.666535288095474243e-01 2.560069262981414795e-01 -2.529307603836059570e-01 -2.108995020389556885e-01 4.102798998355865479e-01 -8.254340291023254395e-01 1.324472725391387939e-01 -4.815233349800109863e-01 2.008881419897079468e-02 -8.577651977539062500e-01 2.561073936522006989e-02 -1.132098287343978882e-01 5.645579099655151367e-01 -5.838621854782104492e-01 1.064032390713691711e-01 -3.480738997459411621e-01 -1.085608601570129395e-01 3.288596868515014648e-02 2.642494738101959229e-01 5.949200391769409180e-01 2.380256354808807373e-01 -2.016884982585906982e-01 -3.071381449699401855e-01 -1.016109660267829895e-01 1.721006333827972412e-01 6.287312507629394531e-02 -1.006141304969787598e-02 1.011370271444320679e-01 1.036105155944824219e-01 1.905691027641296387e-01 3.359048366546630859e-01 3.016410470008850098e-01 -4.566483497619628906e-01 -3.382447659969329834e-01 -3.610130548477172852e-01 1.855089813470840454e-01 -5.674905776977539062e-01 4.141139388084411621e-01 5.162470042705535889e-02 5.846561193466186523e-01 5.292914807796478271e-02 2.588001787662506104e-01 5.278694629669189453e-02 -6.254930496215820312e-01 -2.674920856952667236e-02 -3.183791935443878174e-01 -2.696911990642547607e-01 3.832228109240531921e-02 -2.454884648323059082e-01 2.399588823318481445e-01 3.127359151840209961e-01 5.492696762084960938e-01 4.457901120185852051e-01 -3.740733861923217773e-02 -1.396275162696838379e-01 -4.341153055429458618e-02 -1.528101265430450439e-01 2.821995019912719727e-01 6.041836738586425781e-01
-7.497658729553222656e-01 -2.301137447357177734e-01 -3.633606433868408203e-01 1.761436164379119873e-01 -2.850847244262695312e-01 1.776162534952163696e-01 2.218077182769775391e-01 -2.541476190090179443e-01 -3.367246389389038086e-01 3.758452832698822021e-01 -7.272490859031677246e-01 9.045871347188949585e-02 -4.516915082931518555e-01 -2.094793319702148438e-02 -8.502458930015563965e-01 -1.066370978951454163e-01 -1.565781086683273315e-01 4.850344359874725342e-01 -5.634424686431884766e-01 1.652698218822479248e-01 -3.389245271682739258e-01 -2.740985751152038574e-01 4.767730087041854858e-02 1.873706579208374023e-01 4.406611025333404541e-01 1.612699627876281738e-01 -1.994826644659042358e-01 -2.344208508729934692e-01 -4.420919716358184814e-02 1.749090552330017090e-01 1.078238785266876221e-01 -1.339517831802368164e-01 2.011193186044692993e-01 1.510854810476303101e-01 2.509158849716186523e-01 3.808035850524902344e-01 2.328755855560302734e-01 -3.592757284641265869e-01 -4.417517483234405518e-01 -2.660928964614868164e-01 4.193702340126037598e-02 -5.384409427642822266e-01 5.627829432487487793e-01 1.714227497577667236e-01 4.946811795234680176e-01 9.038082510232925415e-02 1.875501126050949097e-01 3.717913478612899780e-02 -6.860831379890441895e-01 1.274532824754714966e-01 -3.029032945632934570e-01 -1.728186905384063721e-01 8.787465095520019531e-02 -1.727836430072784424e-01 3.613957166671752930e-01 2.465790510177612305e-01 6.458599567413330078e-01 4.781817197799682617e-01 4.730643704533576965e-03 -1.706953346729278564e-02 -1.143571920692920685e-02 -1.134401559829711914e-02 2.770124077796936035e-01 5.546458959579467773e-01
-5.568705797195434570e-01 -2.697648704051971436e-01 -5.622771009802818298e-02 1.238953918218612671e-01 2.643147855997085571e-02 3.135986030101776123e-01 -1.325238496065139771e-01 -1.888140141963958740e-01 -4.456437826156616211e-01 5.732462406158447266e-01 -4.636458158493041992e-01 7.370451092720031738e-02 -2.964901626110076904e-01 3.195025324821472168e-01 -3.789704740047454834e-01 -3.681249320507049561e-01 1.238588765263557434e-01 4.489503800868988037e-01 -3.213569521903991699e-01 2.023084759712219238e-01 -4.377295672893524170e-01 -3.076844811439514160e-01 -2.277658134698867798e-02 2.713710069656372070e-02 1.310653835535049438e-01 -3.035838901996612549e-01 -2.646263241767883301e-01 7.463456690311431885e-02 -3.164303302764892578e-02 4.648195579648017883e-02 1.564143598079681396e-01 -4.378433525562286377e-02 3.768100738525390625e-01 3.234927654266357422e-01 -4.550375789403915405e-02 2.247341871261596680e-01 -4.538468271493911743e-02 -9.756775945425033569e-02 -4.306532740592956543e-01 -3.225856646895408630e-02 -5.004271864891052246e-01 -1.047723740339279175e-01 3.802618980407714844e-01 2.109199017286300659e-02 2.670312821865081787e-01 6.059734225273132324e-01 2.056871056556701660e-01 -3.415372073650360107e-01 -7.279731035232543945e-01 7.110466361045837402e-01 -1.437163352966308594e-01 2.097702026367187500e-01 -1.377175450325012207e-01 4.010517001152038574e-01 4.835489690303802490e-01 1.187402009963989258e-02 6.673015356063842773e-01 5.166186094284057617e-01 5.823361873626708984e-01 7.445517182350158691e-02 -1.249200850725173950e-01 2.229365110397338867e-01 1.977311670780181885e-01 2.162201106548309326e-01
-4.657124578952789307e-01 -1.639058142900466919e-01 9.196244180202484131e-03 2.015430331230163574e-01 1.152024418115615845e-01 1.514162421226501465e-01 -1.866603195667266846e-01 -1.877810060977935791e-01 -7.631101608276367188e-01 6.212776899337768555e-01 -1.697857975959777832e-01 4.923844337463378906e-02 -1.434468924999237061e-01 4.945536255836486816e-01 -4.145351052284240723e-01 -3.894875049591064453e-01 2.354720085859298706e-01 2.735333144664764404e-01 -2.568137943744659424e-01 3.124849125742912292e-02 -3.272419571876525879e-01 -1.090825498104095459e-01 -8.157690614461898804e-02 -1.101939007639884949e-01 1.688036620616912842e-01 -3.528101742267608643e-01 -3.097107708454132080e-01 -1.776712387800216675e-02 5.830274522304534912e-02 1.115341186523437500e-01 2.297158986330032349e-01 4.562252759933471680e-02 4.210086166858673096e-01 3.479851782321929932e-01 -1.911161243915557861e-01 1.847173273563385010e-01 -1.843302249908447266e-01 1.611149162054061890e-01 -4.237435460090637207e-01 1.483014523983001709e-01 -5.593414902687072754e-01 -2.378288656473159790e-03 1.432589739561080933e-01 2.599465847015380859e-02 4.997621290385723114e-04 7.282225489616394043e-01 2.551833987236022949e-01 -3.372457325458526611e-01 -7.466723918914794922e-01 8.250781297683715820e-01 -1.105900630354881287e-01 2.389819324016571045e-01 -2.497775852680206299e-02 3.031406402587890625e-01 4.660386741161346436e-01 -3.636148571968078613e-02 6.627909541130065918e-01 3.911643624305725098e-01 9.293497204780578613e-01 5.560660362243652344e-02 -1.518445611000061035e-01 2.109868228435516357e-01 4.750180058181285858e-03 1.051437482237815857e-01
-2.349485158920288086e-01 -1.000241339206695557e-01 9.454205632209777832e-03 2.841175198554992676e-01 1.696952879428863525e-01 1.266674846410751343e-01 -1.427199095487594604e-01 -2.022983729839324951e-01 -9.500443935394287109e-01 6.734992265701293945e-01 -1.415021345019340515e-02 -9.744696319103240967e-03 -1.300216466188430786e-02 5.377887487411499023e-01 -4.376398026943206787e-01 -3.423161506652832031e-01 2.861472368240356445e-01 3.099389970302581787e-01 -2.290825545787811279e-01 -1.145734190940856934e-01 -2.280380129814147949e-01 1.749412715435028076e-01 -6.710510700941085815e-02 -2.049937248229980469e-01 2.432711571455001831e-01 -2.681547701358795166e-01 -3.150818943977355957e-01 -2.369725704193115234e-01 1.252821534872055054e-01 1.206879019737243652e-01 2.825787067413330078e-01 2.405095696449279785e-01 2.925864756107330322e-01 4.689754247665405273e-01 -2.560898363590240479e-01 1.381152570247650146e-01 -2.122221440076828003e-01 4.098463654518127441e-01 -2.097260951995849609e-01 1.816040873527526855e-01 -6.421173214912414551e-01 7.637622207403182983e-02 -1.901727914810180664e-01 -9.304617345333099365e-02 -2.480624467134475708e-01 8.028759956359863281e-01 2.371900975704193115e-01 -2.284504026174545288e-01 -6.549259424209594727e-01 8.472331166267395020e-01 -1.828835457563400269e-01 3.081646263599395752e-01 -5.843714624643325806e-02 1.986590772867202759e-01 4.587835371494293213e-01 3.796167671680450439e-02 4.673410952091217041e-01 2.034817188978195190e-01 1.271317720413208008e+00 -3.303442895412445068e-02 -1.853645145893096924e-01 1.357651650905609131e-01 -1.503318399190902710e-01 1.419209241867065430e-01
-6.920942068099975586e-01 -3.445996940135955811e-01 -2.709949016571044922e-01 1.300234347581863403e-01 -4.045571088790893555e-01 3.382378816604614258e-01 1.950511038303375244e-01 -2.327213585376739502e-01 -1.207634806632995605e-01 3.399773240089416504e-01 -8.808949589729309082e-01 2.291784435510635376e-02 -4.640014171600341797e-01 -9.679680317640304565e-02 -7.379891872406005859e-01 -2.564604282379150391e-01 -9.039159631356596947e-04 6.495756506919860840e-01 -5.604292750358581543e-01 3.997148871421813965e-01 -4.337917268276214600e-01 -3.270636498928070068e-01 1.447221934795379639e-01 3.699622154235839844e-01 3.320214748382568359e-01 7.119805365800857544e-02 -2.738151848316192627e-01 -1.105511486530303955e-01 -1.005913242697715759e-01 1.222086399793624878e-01 -1.127130985260009766e-01 -2.795635163784027100e-01 1.027128696441650391e-01 2.630497217178344727e-01 4.402161240577697754e-01 4.396092891693115234e-01 2.343107759952545166e-01 -4.515515267848968506e-01 -3.052296638488769531e-01 -3.561327457427978516e-01 6.732762604951858521e-02 -6.001370549201965332e-01 6.518942713737487793e-01 2.841482758522033691e-01 6.403189897537231445e-01 2.124109119176864624e-02 1.789517253637313843e-01 -9.236948937177658081e-02 -7.581955194473266602e-01 -2.242507040500640869e-02 -2.491832822561264038e-01 -1.686579883098602295e-01 -8.821092545986175537e-03 5.832187831401824951e-03 3.821315169334411621e-01 2.613238990306854248e-01 7.355160713195800781e-01 5.695099830627441406e-01 -2.733701765537261963e-01 1.573293954133987427e-01 -5.167291313409805298e-02 7.677115499973297119e-02 2.185692638158798218e-01 5.638036727905273438e-01
-6.794517636299133301e-01 -1.303048431873321533e-01 -3.574363589286804199e-01 2.550266385078430176e-01 -1.439422816038131714e-01 2.293202131986618042e-01 7.692387700080871582e-02 -2.878244519233703613e-01 -4.296646714210510254e-01 5.744189620018005371e-01 -6.253749728202819824e-01 1.078597381711006165e-01 -3.881796598434448242e-01 1.531496047973632812e-01 -7.057670950889587402e-01 -1.588370203971862793e-01 -5.700384825468063354e-02 4.954190552234649658e-01 -5.912368297576904297e-01 5.187610536813735962e-02 -4.219116270542144775e-01 -1.792718917131423950e-01 -1.633881777524948120e-02 9.092313051223754883e-02 4.766970276832580566e-01 1.368010789155960083e-02 -2.024836689233779907e-01 -2.266885489225387573e-01 -4.917278140783309937e-02 1.719879209995269775e-01 1.837370991706848145e-01 -3.838838636875152588e-02 2.837218642234802246e-01 1.442910730838775635e-01 5.030243471264839172e-02 2.963536381721496582e-01 1.508999466896057129e-01 -2.454032450914382935e-01 -4.488606452941894531e-01 -1.559199839830398560e-01 -1.059055402874946594e-01 -3.264950513839721680e-01 3.699895739555358887e-01 2.500037848949432373e-02 4.292911291122436523e-01 3.237035274505615234e-01 2.345455884933471680e-01 -9.205274283885955811e-02 -6.873319745063781738e-01 3.720251321792602539e-01 -2.857361137866973877e-01 -6.825460493564605713e-02 3.074504807591438293e-02 -4.913635551929473877e-02 3.981527984142303467e-01 1.982222199440002441e-01 6.269627213478088379e-01 4.365453124046325684e-01 3.264070153236389160e-01 -6.678000092506408691e-02 -1.470299959182739258e-01 -3.099970519542694092e-02 2.075138688087463379e-01 4.205667376518249512e-01
-7.199466228485107422e-01 -2.751232385635375977e-01 -3.270740509033203125e-01 1.574750691652297974e-01 -4.220669567584991455e-01 1.859191507101058960e-01 3.025355637073516846e-01 -2.420492172241210938e-01 -2.259414047002792358e-01 1.830276548862457275e-01 -7.828969359397888184e-01 3.592319786548614502e-02 -4.664879441261291504e-01 -1.624698191881179810e-01 -8.756883144378662109e-01 -1.203520968556404114e-01 -1.173053681850433350e-01 6.036024689674377441e-01 -6.012446880340576172e-01 2.390404045581817627e-01 -2.977603375911712646e-01 -1.973760277032852173e-01 1.348612010478973389e-01 3.207363486289978027e-01 4.195190966129302979e-01 2.445265054702758789e-01 -2.437001913785934448e-01 -2.810404300689697266e-01 -9.309012442827224731e-02 2.173239588737487793e-01 -3.963933140039443970e-02 -1.290843188762664795e-01 8.126685023307800293e-02 1.540495008230209351e-01 4.899092018604278564e-01 4.202749729156494141e-01 3.285605609416961670e-01 -4.906990230083465576e-01 -3.464480340480804443e-01 -3.235024213790893555e-01 2.301666438579559326e-01 -7.359743118286132812e-01 6.164249777793884277e-01 2.259849309921264648e-01 5.190214514732360840e-01 -1.281318664550781250e-01 2.147665768861770630e-01 1.643387377262115479e-01 -6.307663321495056152e-01 -1.777427643537521362e-01 -3.222713470458984375e-01 -3.344475626945495605e-01 1.301500499248504639e-01 -2.516849637031555176e-01 2.942911088466644287e-01 3.512612283229827881e-01 6.520562171936035156e-01 4.803574085235595703e-01 -3.133360147476196289e-01 -3.414638340473175049e-03 5.466397851705551147e-02 1.298433542251586914e-02 2.194171547889709473e-01 6.415940523147583008e-01
-6.212203502655029297e-01 -1.761661171913146973e-01 -3.709751963615417480e-01 1.406219154596328735e-01 -1.815233826637268066e-01 1.940912753343582153e-01 9.464740753173828125e-02 -2.206892073154449463e-01 -3.630706071853637695e-01 5.697464942932128906e-01 -6.865737438201904297e-01 9.597680717706680298e-02 -4.896550774574279785e-01 1.810566782951354980e-01 -6.274570822715759277e-01 -1.509397178888320923e-01 -4.533074051141738892e-02 5.345886945724487305e-01 -4.937022924423217773e-01 1.158142834901809692e-01 -4.536673724651336670e-01 -2.057995796203613281e-01 -2.272576838731765747e-02 1.965192854404449463e-01 3.886487782001495361e-01 -9.004338830709457397e-02 -1.641933321952819824e-01 -1.316746324300765991e-01 -5.541957914829254150e-02 1.315904110670089722e-01 1.245252192020416260e-01 -3.872630000114440918e-02 2.468073666095733643e-01 1.496344357728958130e-01 -1.237807422876358032e-02 3.391464948654174805e-01 1.461078077554702759e-01 -3.520681858062744141e-01 -4.605929553508758545e-01 -2.167264968156814575e-01 -1.107387617230415344e-01 -3.035345375537872314e-01 3.385561108589172363e-01 1.642579585313796997e-02 4.654194116592407227e-01 3.504260182380676270e-01 3.673787713050842285e-01 -1.297994554042816162e-01 -7.429842352867126465e-01 3.459432125091552734e-01 -1.670937985181808472e-01 -3.869666159152984619e-02 -5.675139278173446655e-02 5.722805857658386230e-02 3.736752569675445557e-01 1.440671384334564209e-01 6.849346160888671875e-01 4.803862571716308594e-01 2.773514091968536377e-01 -7.677195221185684204e-02 -1.130622252821922302e-01 -1.721407473087310791e-02 2.507571578025817871e-01 4.243842065334320068e-01
-6.771394014358520508e-01 -1.977149844169616699e-01 -3.030628561973571777e-01 1.484388113021850586e-01 -2.093875408172607422e-01 2.489919215440750122e-01 1.026044189929962158e-01 -1.991109848022460938e-01 -3.529431819915771484e-01 4.984784126281738281e-01 -6.888354420661926270e-01 1.028020009398460388e-01 -4.633607268333435059e-01 1.400144398212432861e-01 -6.498373150825500488e-01 -2.470357716083526611e-01 -1.855096407234668732e-02 4.865497648715972900e-01 -5.045658946037292480e-01 1.869318336248397827e-01 -4.326891601085662842e-01 -2.530041635036468506e-01 5.566701292991638184e-04 2.012779414653778076e-01 3.852638900279998779e-01 -5.258215963840484619e-02 -1.937336772680282593e-01 -8.425486087799072266e-02 -8.669504523277282715e-02 1.066150739789009094e-01 1.013448238372802734e-01 -1.013160794973373413e-01 2.844386100769042969e-01 1.661333143711090088e-01 1.075792014598846436e-01 3.652099967002868652e-01 1.511252075433731079e-01 -3.166551887989044189e-01 -4.594541788101196289e-01 -1.806578636169433594e-01 -1.103231832385063171e-01 -3.577987551689147949e-01 4.727069139480590820e-01 1.168460324406623840e-01 4.939360022544860840e-01 2.998851835727691650e-01 2.767932415008544922e-01 -1.635772138833999634e-01 -7.045786380767822266e-01 3.201315999031066895e-01 -1.589080989360809326e-01 -6.161198019981384277e-02 -4.207613319158554077e-02 1.513438671827316284e-02 4.023800194263458252e-01 1.632299423217773438e-01 6.901965141296386719e-01 5.289534330368041992e-01 2.200435847043991089e-01 1.641287654638290405e-02 -8.361337333917617798e-02 3.990852832794189453e-02 2.294494360685348511e-01 4.431704580783843994e-01
-4.281386733055114746e-01 -1.703588068485260010e-01 9.192417562007904053e-02 1.652435958385467529e-01 1.577509343624114990e-01 1.162715405225753784e-01 -2.543205916881561279e-01 -1.878149211406707764e-01 -7.595704793930053711e-01 7.149223089218139648e-01 -1.460550427436828613e-01 1.001678854227066040e-01 -8.192075043916702271e-02 5.895276665687561035e-01 -2.759528458118438721e-01 -3.501423895359039307e-01 2.929275035858154297e-01 2.997067272663116455e-01 -1.487983763217926025e-01 5.371466279029846191e-02 -2.142975330352783203e-01 -7.291635125875473022e-02 -1.419372856616973877e-01 -1.282088160514831543e-01 2.102011591196060181e-01 -3.933695554733276367e-01 -2.695385515689849854e-01 -1.782626658678054810e-02 2.612962573766708374e-02 9.162077307701110840e-02 2.841494083404541016e-01 1.124168410897254944e-01 4.235953092575073242e-01 3.402079045772552490e-01 -2.961327731609344482e-01 2.053604274988174438e-01 -2.188657522201538086e-01 2.500858008861541748e-01 -4.098055362701416016e-01 1.935058236122131348e-01 -6.956170797348022461e-01 5.530017614364624023e-02 6.010575592517852783e-02 -8.214366436004638672e-02 -2.936717309057712555e-02 7.459847927093505859e-01 3.250882029533386230e-01 -4.761576354503631592e-01 -6.764972209930419922e-01 8.699206113815307617e-01 -4.364753141999244690e-02 3.482006788253784180e-01 -6.017106771469116211e-02 3.139076232910156250e-01 3.940983712673187256e-01 -1.319079250097274780e-01 5.374230146408081055e-01 3.372579813003540039e-01 1.089738488197326660e+00 4.548318684101104736e-03 -6.511930376291275024e-02 2.613914608955383301e-01 2.290030196309089661e-02 5.986762791872024536e-02
-4.729793965816497803e-01 -1.761943995952606201e-01 4.492223262786865234e-02 1.077494472265243530e-01 1.263301670551300049e-01 1.703316569328308105e-01 -2.531762123107910156e-01 -1.919165849685668945e-01 -5.367882847785949707e-01 7.378065586090087891e-01 -2.655122578144073486e-01 1.414985209703445435e-01 -1.017968282103538513e-01 5.883418321609497070e-01 -2.073000669479370117e-01 -3.427585661411285400e-01 3.252703249454498291e-01 3.142575323581695557e-01 -1.567140519618988037e-01 1.312355250120162964e-01 -2.956531643867492676e-01 -1.578337103128433228e-01 -1.677164137363433838e-01 -1.038599982857704163e-01 2.043626606464385986e-01 -4.485651850700378418e-01 -2.123894393444061279e-01 1.204779893159866333e-01 -4.282338172197341919e-02 3.551145642995834351e-02 2.201725542545318604e-01 3.255530446767807007e-02 4.453977048397064209e-01 3.276606798171997070e-01 -3.571551442146301270e-01 2.354332506656646729e-01 -2.436965107917785645e-01 1.729770302772521973e-01 -4.570074379444122314e-01 1.706292331218719482e-01 -6.818106770515441895e-01 7.215335220098495483e-02 1.510051190853118896e-01 -3.644718229770660400e-02 1.088813245296478271e-01 8.003173470497131348e-01 2.916451692581176758e-01 -5.458604097366333008e-01 -6.988838315010070801e-01 8.892130851745605469e-01 -3.620290011167526245e-02 3.626814484596252441e-01 -1.444023549556732178e-01 4.168938398361206055e-01 3.770927190780639648e-01 -1.379400044679641724e-01 6.248583197593688965e-01 4.300742149353027344e-01 9.918466210365295410e-01 3.824280202388763428e-02 -1.011608242988586426e-01 2.703839838504791260e-01 9.700964391231536865e-02 7.870066910982131958e-02
-6.494969725608825684e-01 -1.484512835741043091e-01 -3.481529951095581055e-01 2.324413210153579712e-01 -1.473005712032318115e-01 2.223171293735504150e-01 8.645001053810119629e-02 -2.142152488231658936e-01 -5.238853693008422852e-01 5.490986704826354980e-01 -5.654605031013488770e-01 9.241893887519836426e-02 -4.188799858093261719e-01 1.699326634407043457e-01 -6.850598454475402832e-01 -1.875369399785995483e-01 -5.130822211503982544e-02 4.232448637485504150e-01 -5.011093616485595703e-01 2.636257931590080261e-02 -4.173458516597747803e-01 -1.493837982416152954e-01 -2.415843307971954346e-03 7.097440212965011597e-02 4.042436480522155762e-01 9.836986660957336426e-03 -2.257297486066818237e-01 -1.908354759216308594e-01 -3.380198776721954346e-02 1.087790802121162415e-01 1.810516119003295898e-01 -2.405032515525817871e-02 2.770895957946777344e-01 1.591843366622924805e-01 2.141963690519332886e-02 3.264857530593872070e-01 1.130988448858261108e-01 -2.439406514167785645e-01 -4.523728191852569580e-01 -1.423900127410888672e-01 -1.702693700790405273e-01 -3.018540441989898682e-01 3.294796347618103027e-01 4.893837869167327881e-02 3.701348900794982910e-01 3.359088599681854248e-01 2.587112188339233398e-01 -1.122563481330871582e-01 -7.130847573280334473e-01 3.820772171020507812e-01 -2.510892748832702637e-01 -5.822518467903137207e-02 6.405372172594070435e-03 -1.382154971361160278e-02 3.622955381870269775e-01 1.588963568210601807e-01 6.631885170936584473e-01 4.361461997032165527e-01 3.618266880512237549e-01 -7.625943422317504883e-02 -1.218283623456954956e-01 2.413111925125122070e-02 1.993746757507324219e-01 3.858657479286193848e-01
-4.649158418178558350e-01 -9.569808840751647949e-02 -1.330727040767669678e-01 2.628104686737060547e-01 5.704297125339508057e-02 1.853243857622146606e-01 -1.342472732067108154e-01 -2.111792266368865967e-01 -7.157426476478576660e-01 6.840775012969970703e-01 -2.454467117786407471e-01 1.105656996369361877e-01 -1.881315410137176514e-01 4.966331124305725098e-01 -4.664591252803802490e-01 -2.898028194904327393e-01 1.685129255056381226e-01 3.514592945575714111e-01 -3.115842342376708984e-01 -6.449241936206817627e-02 -3.181062638759613037e-01 -3.871642053127288818e-02 -1.192669272422790527e-01 -9.751544147729873657e-02 3.193023800849914551e-01 -2.389111816883087158e-01 -2.770253121852874756e-01 -1.080411821603775024e-01 -2.442798204720020294e-02 1.322721391916275024e-01 2.513089478015899658e-01 1.179276332259178162e-01 4.130666553974151611e-01 2.706594765186309814e-01 -2.581959366798400879e-01 1.831800192594528198e-01 -9.511977434158325195e-02 8.502058684825897217e-02 -4.005348086357116699e-01 8.433549106121063232e-02 -5.121714472770690918e-01 -8.355337195098400116e-03 2.843950688838958740e-02 -9.581032395362854004e-02 1.014258861541748047e-01 6.717158555984497070e-01 2.945839464664459229e-01 -3.148133754730224609e-01 -6.942947506904602051e-01 7.824587821960449219e-01 -1.444671154022216797e-01 1.497859507799148560e-01 -5.740541964769363403e-02 2.352575808763504028e-01 4.029033482074737549e-01 2.080863714218139648e-02 5.741038322448730469e-01 3.630258440971374512e-01 9.075313210487365723e-01 -8.101026713848114014e-02 -1.822634041309356689e-01 1.046218425035476685e-01 7.393757998943328857e-02 1.748837232589721680e-01
-6.830844879150390625e-01 -1.828281879425048828e-01 -3.377082347869873047e-01 1.753068119287490845e-01 -2.318472862243652344e-01 2.161030173301696777e-01 1.183170303702354431e-01 -2.313210964202880859e-01 -3.697978258132934570e-01 5.319287776947021484e-01 -6.661112904548645020e-01 1.279307454824447632e-01 -4.417957067489624023e-01 1.694471836090087891e-01 -6.929263472557067871e-01 -1.682077646255493164e-01 -2.882718481123447418e-02 4.911869466304779053e-01 -5.173767209053039551e-01 1.216495931148529053e-01 -3.799788057804107666e-01 -2.278850823640823364e-01 5.893163383007049561e-03 1.766382753849029541e-01 4.379288256168365479e-01 1.090941578149795532e-02 -1.986230164766311646e-01 -1.316613852977752686e-01 -8.705287426710128784e-02 1.413426250219345093e-01 1.160155683755874634e-01 -1.045369803905487061e-01 3.036914467811584473e-01 1.517274379730224609e-01 6.017322465777397156e-02 3.435452282428741455e-01 1.881563663482666016e-01 -3.111126124858856201e-01 -4.747102856636047363e-01 -1.974693834781646729e-01 -1.085249558091163635e-01 -3.389508128166198730e-01 4.126507639884948730e-01 9.072218835353851318e-02 4.831735789775848389e-01 2.777600288391113281e-01 3.031669259071350098e-01 -1.495267748832702637e-01 -7.130795717239379883e-01 3.380742669105529785e-01 -2.375714480876922607e-01 -8.067546784877777100e-02 1.512363553047180176e-03 -3.672799095511436462e-02 3.749689161777496338e-01 1.589747071266174316e-01 6.737809777259826660e-01 4.765614271163940430e-01 2.374070733785629272e-01 -5.030821263790130615e-02 -1.119477823376655579e-01 1.070895791053771973e-02 2.707240581512451172e-01 4.341832399368286133e-01
-6.478902101516723633e-01 2.377066761255264282e-02 -5.782752633094787598e-01 2.162795811891555786e-01 -3.267670273780822754e-01 1.900323480367660522e-01 2.347978353500366211e-01 -2.830883264541625977e-01 -2.220634669065475464e-01 5.517561435699462891e-01 -8.203901052474975586e-01 1.512281894683837891e-01 -4.357180297374725342e-01 1.199285015463829041e-01 -8.136187195777893066e-01 1.148773431777954102e-01 -1.018853560090065002e-01 5.974271297454833984e-01 -5.885524153709411621e-01 -3.802620619535446167e-02 -3.209950029850006104e-01 5.624897778034210205e-02 -3.409286215901374817e-02 2.550269663333892822e-01 7.160376906394958496e-01 2.702549695968627930e-01 -1.564181149005889893e-01 -3.954305052757263184e-01 -1.130632832646369934e-01 1.414883881807327271e-01 1.455993950366973877e-01 8.590519428253173828e-02 5.429830029606819153e-02 2.696071565151214600e-02 -2.231039851903915405e-02 3.054711520671844482e-01 3.306214511394500732e-01 -4.281932115554809570e-01 -3.095790147781372070e-01 -3.763670623302459717e-01 1.625006943941116333e-01 -4.420090913772583008e-01 1.945766657590866089e-01 -8.608138561248779297e-02 5.914345979690551758e-01 1.424451172351837158e-01 3.402218222618103027e-01 6.860643625259399414e-03 -5.400075912475585938e-01 6.901606917381286621e-03 -4.023014903068542480e-01 -2.723765373229980469e-01 -4.814451187849044800e-02 -3.103749752044677734e-01 2.293224632740020752e-01 3.371363282203674316e-01 4.091660380363464355e-01 3.282219767570495605e-01 1.471561938524246216e-01 -3.128179907798767090e-01 -9.807958453893661499e-02 -2.201640903949737549e-01 2.877783775329589844e-01 5.386468172073364258e-01
-5.528939962387084961e-01 -9.849742054939270020e-03 -5.618364214897155762e-01 2.090777009725570679e-01 -5.571007728576660156e-01 1.349047571420669556e-01 4.173656105995178223e-01 -2.386887371540069580e-01 5.790021270513534546e-02 2.561077475547790527e-01 -8.905459642410278320e-01 7.297573983669281006e-02 -4.476196169853210449e-01 -7.886587083339691162e-02 -8.989888429641723633e-01 1.368207335472106934e-01 -1.469844877719879150e-01 7.462922334671020508e-01 -5.557694435119628906e-01 1.144049763679504395e-01 -9.787730127573013306e-02 1.450271010398864746e-01 9.890706092119216919e-02 4.004159271717071533e-01 8.499527573585510254e-01 5.934494137763977051e-01 -1.272294521331787109e-01 -5.558226108551025391e-01 -2.034139633178710938e-01 1.438270509243011475e-01 9.371569752693176270e-02 9.142471104860305786e-02 -1.742819845676422119e-01 6.565815210342407227e-02 3.329004049301147461e-01 3.411834239959716797e-01 5.076692700386047363e-01 -5.396947860717773438e-01 -2.055735141038894653e-02 -5.788705945014953613e-01 4.698042869567871094e-01 -6.971652507781982422e-01 2.838373780250549316e-01 -4.458367824554443359e-03 5.861740112304687500e-01 -2.070063054561614990e-01 2.827899754047393799e-01 2.579238414764404297e-01 -3.386243879795074463e-01 -3.859137296676635742e-01 -6.237225532531738281e-01 -4.458582401275634766e-01 1.373170614242553711e-01 -5.356876254081726074e-01 6.024041026830673218e-02 5.121709108352661133e-01 2.977396547794342041e-01 2.965542674064636230e-01 -2.434787303209304810e-01 -2.942787408828735352e-01 -1.022957265377044678e-03 -2.719212472438812256e-01 2.376394122838973999e-01 7.372730374336242676e-01
-5.832914710044860840e-01 -1.642571985721588135e-01 -4.656984210014343262e-01 1.228386908769607544e-01 -2.502766847610473633e-01 1.194217503070831299e-01 2.167811095714569092e-01 -2.796476781368255615e-01 -4.064462780952453613e-01 4.933112561702728271e-01 -7.137975692749023438e-01 1.482959389686584473e-01 -5.008112192153930664e-01 1.041795834898948669e-01 -7.809578180313110352e-01 -1.076128520071506500e-02 -9.819419682025909424e-02 5.963647961616516113e-01 -5.485308170318603516e-01 1.123594865202903748e-01 -3.647002875804901123e-01 -1.591220647096633911e-01 3.412305563688278198e-02 2.756538987159729004e-01 4.913750290870666504e-01 6.726687401533126831e-02 -2.072155624628067017e-01 -3.194358944892883301e-01 3.791595995426177979e-02 2.008290886878967285e-01 1.479122191667556763e-01 7.114897668361663818e-02 1.296911686658859253e-01 1.212245225906372070e-01 1.152699440717697144e-01 2.958626151084899902e-01 3.068996965885162354e-01 -4.152926504611968994e-01 -3.849511444568634033e-01 -3.192084729671478271e-01 6.244445592164993286e-02 -4.288123548030853271e-01 2.732405662536621094e-01 2.076774835586547852e-04 4.560927748680114746e-01 1.681616604328155518e-01 3.741551935672760010e-01 3.753530234098434448e-02 -6.778807044029235840e-01 1.541702598333358765e-01 -2.382110208272933960e-01 -1.533218026161193848e-01 2.183933183550834656e-02 -1.741511225700378418e-01 3.175261914730072021e-01 2.586448192596435547e-01 5.885445475578308105e-01 4.149261116981506348e-01 1.721346229314804077e-01 -1.317352652549743652e-01 -1.294936686754226685e-01 -1.286976933479309082e-01 2.693683803081512451e-01 4.803188145160675049e-01
-6.453094482421875000e-01 -5.201232805848121643e-02 -6.167982816696166992e-01 2.517699599266052246e-01 -3.281338810920715332e-01 1.188824176788330078e-01 2.840249538421630859e-01 -2.702847123146057129e-01 -2.880377173423767090e-01 4.823105633258819580e-01 -7.977904081344604492e-01 1.261518597602844238e-01 -4.836891293525695801e-01 -1.626178622245788574e-03 -8.866526484489440918e-01 1.437204331159591675e-01 -2.091612368822097778e-01 5.851635336875915527e-01 -5.984194278717041016e-01 -2.930961176753044128e-02 -3.151131868362426758e-01 2.544136159121990204e-02 1.810704916715621948e-02 2.420025765895843506e-01 7.285485267639160156e-01 3.345417976379394531e-01 -1.458945274353027344e-01 -4.915633201599121094e-01 -1.574986614286899567e-02 1.998333483934402466e-01 1.645934879779815674e-01 9.170805662870407104e-02 1.695827022194862366e-02 3.197789192199707031e-02 1.309873610734939575e-01 3.191753625869750977e-01 2.977831363677978516e-01 -4.306198060512542725e-01 -3.025904595851898193e-01 -4.179765284061431885e-01 1.679168790578842163e-01 -5.154446363449096680e-01 2.627574801445007324e-01 -6.286339461803436279e-02 5.491223931312561035e-01 -1.775640994310379028e-03 3.183470964431762695e-01 1.053863614797592163e-01 -5.589274168014526367e-01 -6.719749420881271362e-02 -4.239246249198913574e-01 -2.987236678600311279e-01 4.049490764737129211e-02 -3.667977452278137207e-01 1.704407334327697754e-01 3.310503065586090088e-01 4.345650970935821533e-01 2.960112094879150391e-01 8.164800703525543213e-02 -2.723578512668609619e-01 -4.308861121535301208e-02 -2.620208263397216797e-01 2.530224621295928955e-01 5.751745700836181641e-01
-6.178285479545593262e-01 -1.197403520345687866e-01 -2.546409964561462402e-01 2.165329903364181519e-01 -4.879744723439216614e-02 2.244176417589187622e-01 -2.295956015586853027e-03 -2.101162672042846680e-01 -5.881301164627075195e-01 5.966502428054809570e-01 -4.594740271568298340e-01 1.262891739606857300e-01 -3.673236370086669922e-01 2.893673181533813477e-01 -5.934152603149414062e-01 -2.231356948614120483e-01 -1.035257359035313129e-03 4.033910334110260010e-01 -4.458745121955871582e-01 -1.107832882553339005e-02 -4.008813202381134033e-01 -1.552765816450119019e-01 -1.218058168888092041e-02 5.436508730053901672e-02 3.745613098144531250e-01 -1.140943467617034912e-01 -2.304540425539016724e-01 -1.359990239143371582e-01 -2.044285275042057037e-02 1.133591458201408386e-01 2.201072573661804199e-01 3.443142771720886230e-02 3.602422177791595459e-01 1.802478730678558350e-01 -5.942421406507492065e-02 2.567476630210876465e-01 7.475534081459045410e-02 -1.633497327566146851e-01 -4.795032739639282227e-01 -6.047855690121650696e-02 -3.233081698417663574e-01 -1.839542388916015625e-01 2.409701496362686157e-01 -2.928051352500915527e-02 3.092009127140045166e-01 4.485752582550048828e-01 3.134052753448486328e-01 -2.218296080827713013e-01 -7.120736837387084961e-01 5.549069643020629883e-01 -1.796352565288543701e-01 1.519965566694736481e-02 -3.953316807746887207e-02 7.199847698211669922e-02 3.998284637928009033e-01 8.023642003536224365e-02 6.384671330451965332e-01 4.313862323760986328e-01 5.748975276947021484e-01 -9.271665662527084351e-02 -1.596534550189971924e-01 3.689531981945037842e-02 1.755291521549224854e-01 2.849692106246948242e-01
-4.626659452915191650e-01 -1.894621551036834717e-01 -1.548354923725128174e-01 2.266298383474349976e-01 -5.081509053707122803e-02 2.251598685979843140e-01 -2.254137396812438965e-02 -1.406811326742172241e-01 -7.704296112060546875e-01 5.715742111206054688e-01 -2.915164232254028320e-01 7.403124123811721802e-02 -2.835313081741333008e-01 3.364855647087097168e-01 -5.843432545661926270e-01 -3.322406113147735596e-01 1.254327297210693359e-01 3.568723201751708984e-01 -3.324491977691650391e-01 1.811949536204338074e-02 -3.341715633869171143e-01 -1.056198030710220337e-01 -4.856921732425689697e-03 -8.639790117740631104e-03 1.891649514436721802e-01 -1.372689008712768555e-01 -3.519961535930633545e-01 -1.524149179458618164e-01 9.560331702232360840e-02 8.656923472881317139e-02 2.385812103748321533e-01 8.948667347431182861e-02 2.830749154090881348e-01 3.240594267845153809e-01 -5.715660005807876587e-02 1.840845644474029541e-01 -7.972739636898040771e-02 1.173405069857835770e-02 -3.645778596401214600e-01 -5.340885370969772339e-03 -4.657084345817565918e-01 -8.085014671087265015e-02 1.362427473068237305e-01 8.173882961273193359e-04 1.443485319614410400e-01 5.576858520507812500e-01 2.399535328149795532e-01 -1.934520006179809570e-01 -7.397454977035522461e-01 6.769089698791503906e-01 -2.194724977016448975e-01 1.510846912860870361e-01 -3.071498125791549683e-02 2.409192770719528198e-01 4.424764811992645264e-01 6.859581172466278076e-02 6.284851431846618652e-01 3.616807460784912109e-01 8.097391128540039062e-01 -6.245179101824760437e-02 -1.649916619062423706e-01 1.470434367656707764e-01 8.997331559658050537e-02 2.261716127395629883e-01
-6.290430426597595215e-01 -2.029401212930679321e-01 -3.098092377185821533e-01 1.375856399536132812e-01 -2.344049215316772461e-01 2.163465768098831177e-01 1.278761923313140869e-01 -2.017639577388763428e-01 -4.390865564346313477e-01 4.933196902275085449e-01 -6.097536683082580566e-01 1.148605421185493469e-01 -4.421398043632507324e-01 1.682199239730834961e-01 -6.616880893707275391e-01 -2.161223441362380981e-01 1.573999784886837006e-02 4.709395468235015869e-01 -5.052441358566284180e-01 1.170933842658996582e-01 -4.169259965419769287e-01 -2.295899540185928345e-01 3.376632928848266602e-02 1.426415145397186279e-01 3.274175822734832764e-01 -5.298278108239173889e-02 -2.519887983798980713e-01 -1.209894418716430664e-01 -4.526016116142272949e-02 1.185975223779678345e-01 1.164502054452896118e-01 -4.675696790218353271e-02 2.757732868194580078e-01 1.753404885530471802e-01 5.539363250136375427e-02 3.461154997348785400e-01 1.572167575359344482e-01 -3.165798485279083252e-01 -4.621671438217163086e-01 -1.522851884365081787e-01 -1.009487584233283997e-01 -3.354351222515106201e-01 3.840080499649047852e-01 9.015820920467376709e-02 4.526549875736236572e-01 3.069053292274475098e-01 2.525385916233062744e-01 -1.239832639694213867e-01 -7.248184680938720703e-01 3.524781465530395508e-01 -1.854670345783233643e-01 -6.487625837326049805e-02 -1.813898235559463501e-02 2.441830188035964966e-02 3.865267932415008545e-01 1.788368225097656250e-01 7.294175028800964355e-01 4.995890259742736816e-01 2.723308801651000977e-01 -4.599311575293540955e-02 -1.466701775789260864e-01 7.183837890625000000e-02 2.506316602230072021e-01 4.471174180507659912e-01
-6.321105360984802246e-01 -3.176909089088439941e-01 -1.646216511726379395e-01 1.447762995958328247e-01 -8.624234795570373535e-02 2.458245605230331421e-01 3.104761242866516113e-03 -1.211521252989768982e-01 -5.075362324714660645e-01 5.001767277717590332e-01 -5.007894039154052734e-01 9.591700136661529541e-02 -4.854846000671386719e-01 2.156608402729034424e-01 -4.914706647396087646e-01 -3.731363415718078613e-01 4.195309057831764221e-02 3.750235438346862793e-01 -3.332926630973815918e-01 2.085552811622619629e-01 -4.230203926563262939e-01 -3.498285114765167236e-01 -4.645956307649612427e-02 1.244649663567543030e-01 1.641377061605453491e-01 -2.494753003120422363e-01 -2.574467957019805908e-01 6.941087543964385986e-02 -1.244238540530204773e-01 7.261493057012557983e-02 1.540770083665847778e-01 -9.185135364532470703e-02 4.534944891929626465e-01 2.160194516181945801e-01 6.690688431262969971e-02 3.540349006652832031e-01 3.821763396263122559e-02 -2.431033253669738770e-01 -5.463961362838745117e-01 -2.993817999958992004e-02 -3.318855166435241699e-01 -2.588401436805725098e-01 4.802948236465454102e-01 1.226591244339942932e-01 3.418279886245727539e-01 4.378808140754699707e-01 3.082234561443328857e-01 -2.579351365566253662e-01 -7.531145811080932617e-01 5.478368401527404785e-01 1.649671047925949097e-02 9.032628685235977173e-02 -9.294725954532623291e-03 2.381908446550369263e-01 4.194481074810028076e-01 -5.214661359786987305e-04 7.784169912338256836e-01 5.810387134552001953e-01 3.679190874099731445e-01 9.278193116188049316e-02 -5.889695882797241211e-02 1.957914829254150391e-01 2.317944765090942383e-01 2.977091073989868164e-01
-1.964606940746307373e-01 -1.520883291959762573e-01 1.645726114511489868e-01 2.079477459192276001e-01 2.018560767173767090e-01 1.384355723857879639e-01 -2.109763324260711670e-01 -1.565954387187957764e-01 -9.643884897232055664e-01 6.941760778427124023e-01 2.302814275026321411e-02 -2.249392122030258179e-02 -2.748347818851470947e-03 5.727477669715881348e-01 -2.664970755577087402e-01 -3.241567313671112061e-01 3.410940468311309814e-01 3.486100137233734131e-01 -1.151644363999366760e-01 -1.010247096419334412e-01 -1.443222761154174805e-01 1.941431313753128052e-01 -5.775385349988937378e-02 -1.647672951221466064e-01 1.612031012773513794e-01 -3.285752236843109131e-01 -3.307977914810180664e-01 -1.802417486906051636e-01 1.101729199290275574e-01 6.126454472541809082e-02 2.885389328002929688e-01 3.112575411796569824e-01 2.788514196872711182e-01 4.939075112342834473e-01 -2.441007196903228760e-01 1.348346471786499023e-01 -1.895598620176315308e-01 4.723007678985595703e-01 -1.520112156867980957e-01 1.619875282049179077e-01 -8.019965887069702148e-01 1.170781478285789490e-01 -2.237701565027236938e-01 -1.249484717845916748e-01 -3.629567623138427734e-01 8.184859752655029297e-01 3.047395050525665283e-01 -3.289422392845153809e-01 -5.661823153495788574e-01 8.543006777763366699e-01 -1.165417283773422241e-01 4.504298269748687744e-01 -1.238686814904212952e-01 2.222730070352554321e-01 4.678657352924346924e-01 -4.815527796745300293e-02 3.661505877971649170e-01 2.101517170667648315e-01 1.376996755599975586e+00 -1.295677572488784790e-02 -9.793083369731903076e-02 2.150455415248870850e-01 -1.152390465140342712e-01 8.760324865579605103e-02
-3.341423571109771729e-01 -9.507559239864349365e-02 -4.507216811180114746e-02 2.572306394577026367e-01 1.072703003883361816e-01 1.382531076669692993e-01 -1.506803631782531738e-01 -1.806163191795349121e-01 -8.837062120437622070e-01 6.684846878051757812e-01 -7.476155459880828857e-02 8.171862363815307617e-02 -9.892529994249343872e-02 5.164087414741516113e-01 -4.030269086360931396e-01 -3.151133358478546143e-01 2.742751538753509521e-01 3.208781480789184570e-01 -2.501697242259979248e-01 -1.020502746105194092e-01 -2.607792913913726807e-01 6.988642364740371704e-02 -9.071862697601318359e-02 -1.856966316699981689e-01 2.379678338766098022e-01 -2.320705950260162354e-01 -3.261637091636657715e-01 -1.797433048486709595e-01 8.176683634519577026e-02 9.010875970125198364e-02 3.032918870449066162e-01 1.953894495964050293e-01 3.419067859649658203e-01 3.543792665004730225e-01 -2.292865216732025146e-01 1.582513153553009033e-01 -1.737685501575469971e-01 2.686488330364227295e-01 -3.393575251102447510e-01 2.012405991554260254e-01 -6.314560174942016602e-01 5.356638878583908081e-02 -6.443470716476440430e-02 -1.032472699880599976e-01 -9.648023545742034912e-02 7.399892807006835938e-01 2.545127570629119873e-01 -2.867388129234313965e-01 -6.493290662765502930e-01 8.360458612442016602e-01 -1.862356215715408325e-01 2.771357595920562744e-01 -6.350578367710113525e-02 2.081659585237503052e-01 4.288643896579742432e-01 2.091702073812484741e-02 4.972375929355621338e-01 2.670239210128784180e-01 1.164332270622253418e+00 -7.221402227878570557e-02 -1.618807166814804077e-01 1.533118784427642822e-01 -2.641610056161880493e-02 1.267348378896713257e-01
-7.114374637603759766e-01 -1.191182360053062439e-01 -4.091991782188415527e-01 1.939168125391006470e-01 -2.475222647190093994e-01 2.077633142471313477e-01 1.478682160377502441e-01 -2.746553719043731689e-01 -2.971695661544799805e-01 5.314849019050598145e-01 -7.448984980583190918e-01 1.630786061286926270e-01 -4.548321366310119629e-01 1.530898213386535645e-01 -7.606965899467468262e-01 -4.814587160944938660e-02 -8.036305010318756104e-02 5.315124988555908203e-01 -5.826250314712524414e-01 5.037064477801322937e-02 -3.672701418399810791e-01 -1.563389301300048828e-01 -1.960665732622146606e-02 1.618245691061019897e-01 5.566493868827819824e-01 1.586160063743591309e-01 -1.500548720359802246e-01 -2.301762104034423828e-01 -1.078332737088203430e-01 1.677287071943283081e-01 1.350106745958328247e-01 -2.154184877872467041e-02 2.238075733184814453e-01 8.556270599365234375e-02 7.922367006540298462e-02 3.436515331268310547e-01 2.729477286338806152e-01 -3.604694306850433350e-01 -4.495853185653686523e-01 -2.495841979980468750e-01 1.298528071492910385e-02 -4.179799258708953857e-01 3.920886516571044922e-01 -5.716770887374877930e-03 5.494979023933410645e-01 1.837661564350128174e-01 2.896214425563812256e-01 -8.737997710704803467e-02 -6.608030796051025391e-01 1.881489604711532593e-01 -2.802473306655883789e-01 -1.744988262653350830e-01 -4.684627056121826172e-02 -1.753718852996826172e-01 3.076320588588714600e-01 2.231815755367279053e-01 5.226026773452758789e-01 4.438595175743103027e-01 1.583549529314041138e-01 -1.413112431764602661e-01 -3.898598998785018921e-02 -1.367309391498565674e-01 2.844960689544677734e-01 5.140687823295593262e-01
-7.516021728515625000e-01 -1.231800466775894165e-01 -4.574164748191833496e-01 1.808432936668395996e-01 -3.370209932327270508e-01 1.802568584680557251e-01 1.986052691936492920e-01 -3.043581247329711914e-01 -3.284224271774291992e-01 4.471098482608795166e-01 -8.065718412399291992e-01 1.411998718976974487e-01 -4.919735193252563477e-01 6.855276972055435181e-02 -8.096424937248229980e-01 -1.085703959688544273e-03 -1.631112396717071533e-01 5.871554613113403320e-01 -5.588876605033874512e-01 1.245494633913040161e-01 -3.706144690513610840e-01 -1.943255960941314697e-01 -9.136892855167388916e-03 2.849425077438354492e-01 5.335044860839843750e-01 1.543760597705841064e-01 -2.017332464456558228e-01 -3.060096800327301025e-01 -8.994232863187789917e-02 1.957236379384994507e-01 1.098477989435195923e-01 -3.157910704612731934e-02 1.659156829118728638e-01 1.036477386951446533e-01 1.334664076566696167e-01 3.351585865020751953e-01 2.978035211563110352e-01 -4.576920270919799805e-01 -4.063729941844940186e-01 -3.381372988224029541e-01 1.178828328847885132e-01 -5.162784457206726074e-01 4.294815063476562500e-01 5.815030634403228760e-02 5.767021775245666504e-01 6.531322747468948364e-02 3.285556137561798096e-01 6.389170885086059570e-03 -6.159430146217346191e-01 7.866629958152770996e-02 -2.794759273529052734e-01 -2.000182867050170898e-01 4.839231818914413452e-02 -2.003625929355621338e-01 2.774898707866668701e-01 2.798575162887573242e-01 5.455277562141418457e-01 4.329457879066467285e-01 -1.218523830175399780e-04 -1.375967860221862793e-01 -4.556339979171752930e-02 -8.222255110740661621e-02 3.211991488933563232e-01 5.194720625877380371e-01
