-2.564551234245300293e-01 -5.618408918380737305e-01 1.746394932270050049e-01 -5.400764942169189453e-01 1.637410819530487061e-01 2.467358410358428955e-01 1.148420944809913635e-01 -2.130624502897262573e-01 -7.876265794038772583e-02 4.649761319160461426e-01 -6.451613903045654297e-01 3.609862923622131348e-02 2.524358034133911133e-01 7.222499698400497437e-02 -2.380665093660354614e-01 -1.715686619281768799e-01 3.308533430099487305e-01 3.809851780533790588e-02 1.863981187343597412e-01 1.623896956443786621e-01 7.155355811119079590e-01 2.144685238599777222e-01 -9.416058659553527832e-02 9.085231274366378784e-02 5.290292501449584961e-01 -2.734333276748657227e-03 -1.845823228359222412e-01 -5.236339569091796875e-01 2.987922132015228271e-01 5.237192660570144653e-02 4.485928118228912354e-01 4.762343764305114746e-01 4.236195236444473267e-02 4.025901556015014648e-01 6.746666133403778076e-02 5.957183241844177246e-01 3.062858283519744873e-01 5.276823043823242188e-01 3.832515180110931396e-01 7.771182060241699219e-02 -2.825069725513458252e-01 -3.859084472060203552e-02 5.358792543411254883e-01 -1.354337185621261597e-01 -1.022152900695800781e-01 4.419847130775451660e-01 6.812759637832641602e-01 3.090425133705139160e-01 -8.558050990104675293e-01 -9.718571603298187256e-02 -4.770800173282623291e-01 -1.943191438913345337e-01 -2.828216552734375000e-01 -1.433038711547851562e-02 4.788330793380737305e-01 2.383981943130493164e-01 -9.165422618389129639e-02 -1.484274119138717651e-02 5.608935281634330750e-02 -1.748206019401550293e-01 2.332287132740020752e-01 1.949389576911926270e-01 1.668976396322250366e-01 -1.230850964784622192e-01
-1.694096624851226807e-01 -2.534117102622985840e-01 -5.595013499259948730e-03 -6.013498306274414062e-01 -8.409804105758666992e-02 1.558498442173004150e-01 1.727441251277923584e-01 -3.971405029296875000e-01 -2.481392025947570801e-02 2.572454214096069336e-01 -5.784127712249755859e-01 -4.047501087188720703e-02 2.248348593711853027e-01 2.177639603614807129e-01 -3.350605964660644531e-01 -2.169818580150604248e-01 4.107605665922164917e-02 6.138619408011436462e-02 4.904389381408691406e-03 1.734384596347808838e-01 5.681581497192382812e-01 2.245174795389175415e-01 -1.118638068437576294e-01 2.657646238803863525e-01 5.797427892684936523e-01 1.912138760089874268e-01 8.910693973302841187e-02 -6.952582001686096191e-01 3.877366483211517334e-01 1.027227938175201416e-02 6.299280524253845215e-01 6.205126047134399414e-01 -1.414863765239715576e-01 3.445948362350463867e-01 8.874309808015823364e-02 6.354246735572814941e-01 1.108043417334556580e-01 2.389016300439834595e-01 5.623947381973266602e-01 4.751339554786682129e-03 -1.649066805839538574e-03 -1.067287251353263855e-01 5.833996534347534180e-01 -1.270890980958938599e-01 -7.388941198587417603e-02 4.171025454998016357e-01 6.222686171531677246e-01 5.908876061439514160e-01 -9.088246822357177734e-01 -8.717314898967742920e-02 -5.890657901763916016e-01 -2.935489416122436523e-01 -1.514822095632553101e-01 3.204675018787384033e-02 2.382919639348983765e-01 4.503726959228515625e-01 -1.056611835956573486e-01 -1.510794758796691895e-01 6.727591156959533691e-02 -4.106285274028778076e-01 9.307103604078292847e-02 -3.215500712394714355e-02 -2.214678376913070679e-02 1.101437807083129883e-01
-2.962564826011657715e-01 -6.342876553535461426e-01 6.863368749618530273e-01 -4.735663235187530518e-01 2.604180872440338135e-01 1.560502350330352783e-01 1.096762716770172119e-01 2.361641973257064819e-01 -4.401331841945648193e-01 6.273319721221923828e-01 -4.986393153667449951e-01 1.156901121139526367e-01 3.732079565525054932e-01 -9.893121570348739624e-02 -2.561033964157104492e-01 -1.082956567406654358e-01 5.712136626243591309e-01 1.068529635667800903e-01 2.427820414304733276e-01 -2.590020895004272461e-01 1.110230207443237305e+00 1.431361138820648193e-01 -4.861844331026077271e-02 -2.451749145984649658e-01 5.006583929061889648e-01 -2.117324173450469971e-01 -4.699522554874420166e-01 -4.042506217956542969e-01 1.587562263011932373e-01 1.476278901100158691e-01 2.117353975772857666e-01 3.394508957862854004e-01 2.197605520486831665e-01 3.183913230895996094e-01 6.756220012903213501e-02 3.238069117069244385e-01 5.118767619132995605e-01 8.353439569473266602e-01 2.628808915615081787e-01 4.746298119425773621e-02 -7.636549472808837891e-01 3.145857155323028564e-01 1.772890388965606689e-01 -1.467296332120895386e-01 -3.259189426898956299e-01 3.343555629253387451e-01 8.434306979179382324e-01 -3.229338526725769043e-01 -7.317101955413818359e-01 -5.418450385332107544e-02 -2.588197886943817139e-01 -9.885485470294952393e-02 -5.509060621261596680e-01 -3.127876520156860352e-01 8.124083280563354492e-01 -1.631386578083038330e-01 -8.178513497114181519e-03 -4.962261766195297241e-02 5.034608840942382812e-01 5.834767967462539673e-02 6.286321580410003662e-02 4.738456904888153076e-01 3.597513139247894287e-01 -2.782345712184906006e-01
-3.377256691455841064e-01 -5.894300937652587891e-01 7.528376579284667969e-01 -4.643492698669433594e-01 2.554159164428710938e-01 1.227844208478927612e-01 8.050809055566787720e-02 2.792597413063049316e-01 -4.477413296699523926e-01 6.429659724235534668e-01 -4.758442640304565430e-01 1.401022076606750488e-01 4.129329621791839600e-01 -5.087303370237350464e-02 -2.520474195480346680e-01 -1.001399457454681396e-01 5.979336500167846680e-01 1.028632521629333496e-01 2.754030823707580566e-01 -2.807741761207580566e-01 1.152902364730834961e+00 1.085817739367485046e-01 -7.230186462402343750e-02 -2.838166058063507080e-01 5.194231867790222168e-01 -2.520389258861541748e-01 -4.879748821258544922e-01 -3.348496258258819580e-01 1.249246522784233093e-01 1.599798649549484253e-01 1.765290200710296631e-01 3.051471710205078125e-01 2.522169053554534912e-01 2.863100767135620117e-01 3.619229048490524292e-02 2.706280350685119629e-01 5.058295130729675293e-01 8.575073480606079102e-01 2.436670362949371338e-01 4.646176844835281372e-02 -7.965124249458312988e-01 3.639923334121704102e-01 1.587479412555694580e-01 -1.234187483787536621e-01 -3.619492948055267334e-01 3.205842673778533936e-01 8.609162569046020508e-01 -4.080588817596435547e-01 -6.956762075424194336e-01 -3.575510531663894653e-02 -2.123242020606994629e-01 -7.825724035501480103e-02 -5.512617230415344238e-01 -3.444706201553344727e-01 7.986114025115966797e-01 -2.324886620044708252e-01 3.296487778425216675e-02 -2.607356756925582886e-02 5.340839624404907227e-01 9.560207277536392212e-02 3.430583328008651733e-02 4.935176074504852295e-01 3.805692791938781738e-01 -3.063446581363677979e-01
-2.582059502601623535e-01 -4.221391081809997559e-01 -2.791685611009597778e-02 -6.045318245887756348e-01 6.297429651021957397e-02 2.466233968734741211e-01 1.532398164272308350e-01 -3.553441762924194336e-01 -8.649557083845138550e-02 3.915848731994628906e-01 -5.745359063148498535e-01 2.443499863147735596e-03 2.232366502285003662e-01 1.235837712883949280e-01 -2.768268585205078125e-01 -1.611261069774627686e-01 9.954227507114410400e-02 -4.190039262175559998e-02 1.318933665752410889e-01 1.692873686552047729e-01 5.986105799674987793e-01 2.003097236156463623e-01 -4.472424089908599854e-02 2.129350304603576660e-01 6.072048544883728027e-01 1.211235597729682922e-01 -8.457940071821212769e-03 -6.653697490692138672e-01 4.189190566539764404e-01 -7.033586502075195312e-03 5.946717262268066406e-01 6.203212738037109375e-01 -7.041078805923461914e-02 3.363800644874572754e-01 7.070928066968917847e-02 7.015880346298217773e-01 1.775383055210113525e-01 3.301176130771636963e-01 4.543104767799377441e-01 5.954359471797943115e-02 -1.441732943058013916e-01 -7.076036930084228516e-02 5.605529546737670898e-01 -1.776190251111984253e-01 -3.113318793475627899e-02 3.885036706924438477e-01 6.646184921264648438e-01 4.333990812301635742e-01 -9.033202528953552246e-01 -8.578800410032272339e-02 -5.212281346321105957e-01 -2.633221149444580078e-01 -1.694505065679550171e-01 -1.191777735948562622e-02 3.250347375869750977e-01 3.894024193286895752e-01 -1.053359806537628174e-01 -7.747723907232284546e-02 3.868788108229637146e-02 -3.428539335727691650e-01 1.493244469165802002e-01 6.941288709640502930e-03 4.767919331789016724e-02 -6.988604366779327393e-02
-2.745763957500457764e-01 -5.653303861618041992e-01 5.213543772697448730e-01 -5.191465020179748535e-01 2.531284093856811523e-01 1.481882184743881226e-01 6.630411744117736816e-02 4.340939223766326904e-02 -3.928812146186828613e-01 5.635920763015747070e-01 -5.409768819808959961e-01 8.530233800411224365e-02 3.834668695926666260e-01 -4.724723100662231445e-02 -2.639275193214416504e-01 -7.445616275072097778e-02 4.793250560760498047e-01 1.004833728075027466e-01 2.238973379135131836e-01 -1.867294311523437500e-01 1.047908425331115723e+00 1.888625025749206543e-01 -8.617141842842102051e-02 -1.471015214920043945e-01 5.828300714492797852e-01 -2.200815975666046143e-01 -3.624188601970672607e-01 -5.472743511199951172e-01 2.378188073635101318e-01 1.395670473575592041e-01 2.900658547878265381e-01 4.309741258621215820e-01 1.257915049791336060e-01 3.576709628105163574e-01 2.323564141988754272e-02 3.715249300003051758e-01 4.187313020229339600e-01 7.702549099922180176e-01 3.140322864055633545e-01 1.005863398313522339e-01 -6.473188400268554688e-01 2.436648905277252197e-01 2.201677858829498291e-01 -2.182234376668930054e-01 -2.473968416452407837e-01 3.577398955821990967e-01 8.737543821334838867e-01 -1.867237240076065063e-01 -7.739696502685546875e-01 -3.640695661306381226e-02 -3.234949409961700439e-01 -1.230252757668495178e-01 -4.976901710033416748e-01 -2.555395364761352539e-01 7.935397624969482422e-01 -3.050260990858078003e-02 -1.245162785053253174e-01 -1.149811223149299622e-01 4.625765681266784668e-01 -6.783307343721389771e-02 9.121448546648025513e-02 3.860178291797637939e-01 3.191143274307250977e-01 -2.803384959697723389e-01
-3.031356334686279297e-01 -5.913551449775695801e-01 8.359704017639160156e-01 -4.681536555290222168e-01 2.650778293609619141e-01 7.365144789218902588e-02 8.358633518218994141e-02 3.183202743530273438e-01 -4.011883735656738281e-01 6.533396840095520020e-01 -4.344111680984497070e-01 1.340893954038619995e-01 4.473329186439514160e-01 2.003960311412811279e-03 -2.573571801185607910e-01 -1.106725037097930908e-01 6.844590902328491211e-01 1.418310254812240601e-01 2.601884603500366211e-01 -2.131693065166473389e-01 1.164761900901794434e+00 1.013024449348449707e-01 -4.421332851052284241e-02 -2.955083250999450684e-01 4.648765623569488525e-01 -2.847788035869598389e-01 -4.974668025970458984e-01 -2.483090460300445557e-01 1.209354773163795471e-01 2.063052207231521606e-01 1.205679178237915039e-01 2.488783150911331177e-01 2.552535831928253174e-01 2.947257757186889648e-01 5.538838729262351990e-02 2.092152088880538940e-01 5.526373982429504395e-01 8.916150331497192383e-01 2.345967292785644531e-01 4.355934262275695801e-02 -7.844304442405700684e-01 3.516823351383209229e-01 1.449002325534820557e-01 -7.766108214855194092e-02 -4.756846129894256592e-01 3.426679074764251709e-01 8.008142709732055664e-01 -3.696928620338439941e-01 -6.641482114791870117e-01 -3.574768453836441040e-02 -2.160766124725341797e-01 -3.445184603333473206e-02 -5.186333060264587402e-01 -3.337044119834899902e-01 7.785759568214416504e-01 -2.770086824893951416e-01 1.203249841928482056e-01 6.901472806930541992e-03 5.730843544006347656e-01 1.581704020500183105e-01 3.558016195893287659e-02 5.206147432327270508e-01 3.631149530410766602e-01 -2.660846114158630371e-01
-2.309845089912414551e-01 -3.583157956600189209e-01 6.576642394065856934e-02 -6.446523070335388184e-01 3.742884844541549683e-02 1.961942017078399658e-01 1.358906030654907227e-01 -3.578445315361022949e-01 -8.126342296600341797e-02 3.139120042324066162e-01 -5.869933366775512695e-01 -8.502602577209472656e-04 2.732313573360443115e-01 1.701113581657409668e-01 -2.986022830009460449e-01 -1.852375566959381104e-01 1.200632750988006592e-01 4.742186889052391052e-02 1.247402206063270569e-01 1.792945414781570435e-01 6.519420146942138672e-01 2.132739275693893433e-01 -1.197499185800552368e-01 1.953229010105133057e-01 5.854809880256652832e-01 7.541123777627944946e-02 -1.232304796576499939e-02 -6.966135501861572266e-01 3.885499536991119385e-01 5.468733608722686768e-02 5.672397017478942871e-01 6.527830362319946289e-01 -7.274926453828811646e-02 3.907219171524047852e-01 5.415552109479904175e-02 6.110486388206481934e-01 1.714088618755340576e-01 3.530542552471160889e-01 4.993191361427307129e-01 7.163584977388381958e-02 -1.331773996353149414e-01 -4.556225612759590149e-02 5.577136874198913574e-01 -2.047185152769088745e-01 -7.688137888908386230e-02 4.253771603107452393e-01 6.936098933219909668e-01 4.586069583892822266e-01 -8.894152641296386719e-01 -9.573248773813247681e-02 -5.278273820877075195e-01 -2.521921992301940918e-01 -2.423089593648910522e-01 1.300005614757537842e-02 3.720456957817077637e-01 3.886992037296295166e-01 -1.737976968288421631e-01 -1.072916612029075623e-01 1.209128797054290771e-01 -3.327754735946655273e-01 1.530628204345703125e-01 4.398448765277862549e-02 4.438934102654457092e-02 -2.007160708308219910e-02
-2.206164300441741943e-01 -6.433557868003845215e-01 5.700296163558959961e-01 -4.937314987182617188e-01 2.799531817436218262e-01 1.690650284290313721e-01 1.048346310853958130e-01 8.589836955070495605e-02 -3.675791621208190918e-01 5.784991979598999023e-01 -5.560546517372131348e-01 6.571300327777862549e-02 3.433420658111572266e-01 -8.247061818838119507e-02 -2.468178421258926392e-01 -7.340758293867111206e-02 5.531401634216308594e-01 1.472338289022445679e-01 1.999850273132324219e-01 -1.582437902688980103e-01 1.010429739952087402e+00 2.108191251754760742e-01 -5.639682710170745850e-02 -1.584693491458892822e-01 4.713047444820404053e-01 -2.285739183425903320e-01 -3.974250853061676025e-01 -4.982441365718841553e-01 2.142990529537200928e-01 1.670616269111633301e-01 2.525551021099090576e-01 3.892855048179626465e-01 1.487856954336166382e-01 3.852151036262512207e-01 6.377135217189788818e-02 3.491968512535095215e-01 4.848981201648712158e-01 8.009158372879028320e-01 2.963877022266387939e-01 8.421456813812255859e-02 -6.577882766723632812e-01 2.311010658740997314e-01 2.192334830760955811e-01 -1.877987235784530640e-01 -2.909307181835174561e-01 4.001840651035308838e-01 8.291238546371459961e-01 -1.561069488525390625e-01 -7.646296620368957520e-01 -6.830362975597381592e-02 -3.084669411182403564e-01 -8.152770996093750000e-02 -5.398840308189392090e-01 -2.309360802173614502e-01 8.194497823715209961e-01 -6.401833146810531616e-02 -9.086273610591888428e-02 -9.385222941637039185e-02 4.615457057952880859e-01 -2.891622483730316162e-03 1.309829205274581909e-01 4.125523865222930908e-01 3.192201554775238037e-01 -2.258969098329544067e-01
-2.550049722194671631e-01 -6.533454656600952148e-01 5.728890299797058105e-01 -5.189592838287353516e-01 2.926376461982727051e-01 1.672552227973937988e-01 4.401496797800064087e-02 1.294685751199722290e-01 -3.510448038578033447e-01 6.020665764808654785e-01 -5.542476177215576172e-01 1.180044710636138916e-01 3.197292685508728027e-01 -1.360613852739334106e-02 -2.459173649549484253e-01 -7.237053662538528442e-02 5.942651629447937012e-01 1.319871246814727783e-01 2.294861674308776855e-01 -1.371390521526336670e-01 1.016578078269958496e+00 1.708675771951675415e-01 -7.620228826999664307e-02 -1.812139451503753662e-01 4.404954314231872559e-01 -2.573504447937011719e-01 -4.113591611385345459e-01 -4.201493263244628906e-01 1.570842862129211426e-01 1.564537584781646729e-01 2.132650464773178101e-01 3.956510424613952637e-01 2.113078385591506958e-01 3.824585676193237305e-01 2.258085086941719055e-02 3.337231576442718506e-01 4.891735017299652100e-01 8.005761504173278809e-01 2.625115811824798584e-01 9.253322333097457886e-02 -7.103039622306823730e-01 2.557526528835296631e-01 2.208356857299804688e-01 -1.180458962917327881e-01 -2.555269598960876465e-01 4.194990694522857666e-01 8.028153181076049805e-01 -2.382411211729049683e-01 -7.283416390419006348e-01 -4.984320700168609619e-02 -2.840614020824432373e-01 -6.324529647827148438e-02 -5.312071442604064941e-01 -1.585805118083953857e-01 8.174455761909484863e-01 -9.710561484098434448e-02 -7.816074043512344360e-02 -3.906046599149703979e-02 4.420989751815795898e-01 6.948968023061752319e-02 1.511842161417007446e-01 4.170578420162200928e-01 3.275462985038757324e-01 -2.593805789947509766e-01
-1.260437220335006714e-01 -5.368834733963012695e-01 2.484352588653564453e-01 -5.084698796272277832e-01 1.224281862378120422e-01 1.997342407703399658e-01 2.312879264354705811e-01 -1.552874743938446045e-01 -1.246770545840263367e-01 3.906887173652648926e-01 -5.273160934448242188e-01 -1.849377900362014771e-02 1.967360377311706543e-01 4.611583799123764038e-02 -3.642718195915222168e-01 -2.274875491857528687e-01 3.239390254020690918e-01 2.984455600380897522e-02 7.107163220643997192e-02 1.327476054430007935e-01 6.762439012527465820e-01 2.034034579992294312e-01 6.094530224800109863e-03 1.304212808609008789e-01 4.872205555438995361e-01 6.226060539484024048e-02 -1.804008781909942627e-01 -5.839255452156066895e-01 3.909676671028137207e-01 9.144423902034759521e-02 5.475373864173889160e-01 4.911743998527526855e-01 -5.657462775707244873e-02 3.365261554718017578e-01 1.907693147659301758e-01 6.008942723274230957e-01 3.538658916950225830e-01 4.490580558776855469e-01 3.721593916416168213e-01 1.452676206827163696e-02 -2.195707112550735474e-01 -8.011224865913391113e-02 5.323681831359863281e-01 -9.245912730693817139e-02 -1.554401069879531860e-01 3.264283239841461182e-01 6.205754280090332031e-01 4.460750222206115723e-01 -9.364472031593322754e-01 -8.144335448741912842e-02 -5.539838671684265137e-01 -2.570615112781524658e-01 -2.295248061418533325e-01 -5.878319591283798218e-02 4.821993112564086914e-01 2.711457312107086182e-01 5.573533475399017334e-02 -1.119952723383903503e-01 1.150720566511154175e-01 -3.125649094581604004e-01 1.987959146499633789e-01 2.312949299812316895e-01 1.119217127561569214e-01 -1.084924116730690002e-02
-1.379856169223785400e-01 -2.783949971199035645e-01 -1.324712485074996948e-01 -5.222253799438476562e-01 -9.998328983783721924e-02 1.453670263290405273e-01 1.799738556146621704e-01 -4.716541171073913574e-01 -3.061017394065856934e-02 2.239052355289459229e-01 -5.298252105712890625e-01 -1.014827638864517212e-01 1.208932623267173767e-01 2.125493586063385010e-01 -3.019810914993286133e-01 -2.339441478252410889e-01 2.620615065097808838e-02 -3.116966784000396729e-02 -5.431221425533294678e-02 2.189614176750183105e-01 5.218526721000671387e-01 3.033101558685302734e-01 -6.806708127260208130e-02 3.687926530838012695e-01 4.858362078666687012e-01 1.582148075103759766e-01 1.562743484973907471e-01 -6.184103488922119141e-01 4.676051139831542969e-01 1.435857266187667847e-03 6.794938445091247559e-01 6.465131044387817383e-01 -9.630833566188812256e-02 2.743131518363952637e-01 1.199405640363693237e-01 7.483358979225158691e-01 1.259247064590454102e-01 1.615003943443298340e-01 4.695341587066650391e-01 1.065049320459365845e-02 6.802906841039657593e-02 -2.551086843013763428e-01 5.562828183174133301e-01 -1.417485028505325317e-01 -6.085740402340888977e-02 3.953880965709686279e-01 5.457187294960021973e-01 6.595048308372497559e-01 -8.773941397666931152e-01 -1.199775114655494690e-01 -5.761801600456237793e-01 -2.641026079654693604e-01 1.790871843695640564e-02 6.327197700738906860e-02 1.074212938547134399e-01 5.114720463752746582e-01 -3.913267701864242554e-02 -1.104187741875648499e-01 -1.237690448760986328e-03 -3.911518454551696777e-01 8.008316904306411743e-02 -9.531723707914352417e-02 -3.841695562005043030e-02 1.727604418992996216e-01
-1.422951966524124146e-01 -4.075728356838226318e-01 2.641771733760833740e-02 -5.377066135406494141e-01 1.835927367210388184e-03 1.988952755928039551e-01 2.010238468647003174e-01 -3.467324376106262207e-01 -3.986126929521560669e-02 3.142618834972381592e-01 -5.579398870468139648e-01 -6.408891081809997559e-02 1.560603976249694824e-01 1.441215872764587402e-01 -3.238304853439331055e-01 -2.266938984394073486e-01 1.665954589843750000e-01 1.713294535875320435e-03 1.770066469907760620e-02 2.185755968093872070e-01 5.576977133750915527e-01 2.520364522933959961e-01 -4.524894803762435913e-02 2.733355760574340820e-01 4.800869524478912354e-01 1.172798797488212585e-01 -8.140604943037033081e-03 -6.056497693061828613e-01 4.201950728893280029e-01 3.365489840507507324e-02 5.986832976341247559e-01 5.729868412017822266e-01 -7.999818027019500732e-02 3.146384954452514648e-01 1.517150998115539551e-01 6.763331890106201172e-01 2.374931871891021729e-01 2.851997911930084229e-01 4.407240152359008789e-01 3.901928663253784180e-03 -4.379872232675552368e-02 -1.686185598373413086e-01 5.787473320960998535e-01 -1.084198057651519775e-01 -1.089233160018920898e-01 3.981860280036926270e-01 5.801309943199157715e-01 5.826626420021057129e-01 -9.163019657135009766e-01 -1.065896153450012207e-01 -5.762023329734802246e-01 -2.352000176906585693e-01 -1.003926098346710205e-01 2.722211927175521851e-02 2.984948158264160156e-01 4.144324064254760742e-01 -7.937777787446975708e-03 -1.018297448754310608e-01 3.055450692772865295e-02 -3.551908731460571289e-01 1.460095942020416260e-01 4.106593132019042969e-02 2.615600079298019409e-02 7.808727025985717773e-02
-1.975470632314682007e-01 -5.479744672775268555e-01 2.524288892745971680e-01 -5.351558327674865723e-01 1.332520544528961182e-01 1.993145644664764404e-01 1.812341213226318359e-01 -1.532556563615798950e-01 -3.428342565894126892e-02 4.451708197593688965e-01 -5.873145461082458496e-01 6.647646427154541016e-03 2.018111944198608398e-01 1.000976637005805969e-01 -2.801048159599304199e-01 -2.112664282321929932e-01 3.965483903884887695e-01 1.737837865948677063e-02 1.156661957502365112e-01 1.965597122907638550e-01 6.959153413772583008e-01 1.882018744945526123e-01 -6.029053032398223877e-02 1.243056654930114746e-01 4.867397844791412354e-01 -6.830208003520965576e-03 -1.854486465454101562e-01 -4.888805747032165527e-01 3.140374720096588135e-01 7.295019924640655518e-02 4.696566164493560791e-01 4.260931015014648438e-01 -1.721049100160598755e-02 3.749255537986755371e-01 1.022878438234329224e-01 5.977132916450500488e-01 3.734869956970214844e-01 4.912666678428649902e-01 3.654954135417938232e-01 1.930351555347442627e-02 -1.816844940185546875e-01 -9.061285108327865601e-02 5.575039386749267578e-01 -6.255482137203216553e-02 -1.330751329660415649e-01 3.851224482059478760e-01 6.425089240074157715e-01 4.134542346000671387e-01 -8.947181105613708496e-01 -1.001269668340682983e-01 -5.082846283912658691e-01 -2.070775628089904785e-01 -2.216314822435379028e-01 -7.292516529560089111e-03 4.463906288146972656e-01 2.239049673080444336e-01 5.707291513681411743e-02 -3.245994448661804199e-03 4.991490766406059265e-02 -2.222099304199218750e-01 2.340658754110336304e-01 2.669448256492614746e-01 1.591657996177673340e-01 -4.186919704079627991e-02
-2.154488414525985718e-01 -3.296814262866973877e-01 1.063472032546997070e-01 -6.124567389488220215e-01 2.456845343112945557e-02 2.006613314151763916e-01 1.528654694557189941e-01 -3.268848061561584473e-01 -9.543506056070327759e-02 3.551857471466064453e-01 -5.731340646743774414e-01 -3.607559204101562500e-02 2.727227807044982910e-01 1.531042158603668213e-01 -2.935917973518371582e-01 -1.877824515104293823e-01 1.253241896629333496e-01 5.029281601309776306e-02 9.684971719980239868e-02 1.232287660241127014e-01 6.427546739578247070e-01 2.364106923341751099e-01 -7.196250557899475098e-02 1.714313924312591553e-01 5.964389443397521973e-01 8.299215883016586304e-02 -1.664950326085090637e-02 -6.820514202117919922e-01 3.595134317874908447e-01 2.850287035107612610e-02 5.658547282218933105e-01 6.203866004943847656e-01 -8.316537737846374512e-02 3.627718091011047363e-01 5.686772242188453674e-02 6.171593666076660156e-01 1.905309259891510010e-01 3.479745388031005859e-01 5.252590775489807129e-01 4.815996438264846802e-02 -1.284169554710388184e-01 -2.303842827677726746e-02 5.034898519515991211e-01 -2.182720154523849487e-01 -1.180865764617919922e-01 4.232763350009918213e-01 6.931694149971008301e-01 4.080188274383544922e-01 -8.868249058723449707e-01 -9.494552016258239746e-02 -5.241683721542358398e-01 -2.408501952886581421e-01 -2.168879061937332153e-01 -3.464640676975250244e-02 3.734450340270996094e-01 3.436799347400665283e-01 -1.119674146175384521e-01 -1.152335479855537415e-01 1.498773247003555298e-01 -3.342885673046112061e-01 8.541510999202728271e-02 5.200590193271636963e-02 2.961318567395210266e-02 4.075653851032257080e-03
-2.736861109733581543e-01 -4.194648265838623047e-01 7.082879543304443359e-02 -5.987679362297058105e-01 8.413837105035781860e-02 2.494120597839355469e-01 1.367872804403305054e-01 -3.088579773902893066e-01 -9.802252799272537231e-02 4.175741970539093018e-01 -6.436311006546020508e-01 2.017796039581298828e-03 2.489719986915588379e-01 1.347092390060424805e-01 -2.265787273645401001e-01 -1.642510145902633667e-01 1.790741533041000366e-01 2.186769619584083557e-02 1.648829877376556396e-01 1.474207788705825806e-01 6.516887545585632324e-01 2.237828522920608521e-01 -7.931223511695861816e-02 1.443832814693450928e-01 5.832372307777404785e-01 3.207077831029891968e-02 -7.243829965591430664e-02 -6.140336394309997559e-01 3.259797096252441406e-01 -6.068155169486999512e-03 5.294974446296691895e-01 5.819491147994995117e-01 -3.903690725564956665e-03 3.707508444786071777e-01 2.199085429310798645e-02 6.354725956916809082e-01 2.391574084758758545e-01 3.952945172786712646e-01 4.702199697494506836e-01 4.435341060161590576e-02 -1.654564142227172852e-01 -1.316077634692192078e-02 5.133896470069885254e-01 -1.943588405847549438e-01 -7.031749933958053589e-02 4.566855430603027344e-01 6.880283355712890625e-01 3.248574733734130859e-01 -8.339352607727050781e-01 -1.064654290676116943e-01 -4.608365297317504883e-01 -2.062741965055465698e-01 -2.531703412532806396e-01 -3.786682337522506714e-02 3.970954418182373047e-01 3.175494968891143799e-01 -1.120328158140182495e-01 -3.389205783605575562e-02 8.083955943584442139e-02 -2.603594064712524414e-01 1.171128675341606140e-01 8.022084832191467285e-02 9.206547588109970093e-02 -5.812909081578254700e-02
-2.155065387487411499e-01 -3.315489888191223145e-01 1.151094138622283936e-01 -6.140141487121582031e-01 7.718283683061599731e-02 1.997220218181610107e-01 1.297109723091125488e-01 -3.604262471199035645e-01 -8.709160983562469482e-02 3.660810291767120361e-01 -5.870187282562255859e-01 -2.802765369415283203e-02 2.734665870666503906e-01 1.755417287349700928e-01 -2.893435359001159668e-01 -1.644117087125778198e-01 1.603742986917495728e-01 7.467021048069000244e-02 1.064620614051818848e-01 1.763582229614257812e-01 6.451282501220703125e-01 2.082047015428543091e-01 -1.050849631428718567e-01 1.610664129257202148e-01 6.051154732704162598e-01 5.486657470464706421e-02 -1.942330971360206604e-02 -7.054831385612487793e-01 3.608781695365905762e-01 4.578306525945663452e-02 5.776866674423217773e-01 6.346151828765869141e-01 -7.499350607395172119e-02 3.743431568145751953e-01 3.706452250480651855e-02 6.172136664390563965e-01 1.927814185619354248e-01 3.587988018989562988e-01 4.842519164085388184e-01 7.424260675907135010e-02 -1.495570242404937744e-01 -2.424116805195808411e-02 5.164050459861755371e-01 -2.364209443330764771e-01 -1.065232753753662109e-01 4.181191027164459229e-01 6.966310739517211914e-01 3.875728249549865723e-01 -8.880259394645690918e-01 -7.747552543878555298e-02 -5.096348524093627930e-01 -2.067894488573074341e-01 -2.412216216325759888e-01 -2.082763612270355225e-02 3.845502734184265137e-01 3.375653028488159180e-01 -1.480945348739624023e-01 -1.281987428665161133e-01 1.645461618900299072e-01 -3.137781620025634766e-01 1.161488443613052368e-01 5.632765591144561768e-02 4.450174793601036072e-02 -2.269598841667175293e-02
-2.526584863662719727e-01 -5.184121131896972656e-01 1.520255357027053833e-01 -5.993444323539733887e-01 1.835980713367462158e-01 2.454689741134643555e-01 1.078886911273002625e-01 -2.426281273365020752e-01 -1.911080479621887207e-01 4.556288719177246094e-01 -6.373986601829528809e-01 3.392231464385986328e-02 2.723004221916198730e-01 5.912642925977706909e-02 -2.447018176317214966e-01 -1.195855736732482910e-01 2.468144595623016357e-01 3.890873119235038757e-02 1.583801507949829102e-01 1.031247302889823914e-01 7.205209136009216309e-01 2.077297866344451904e-01 -3.119280934333801270e-02 7.262928783893585205e-02 5.472103357315063477e-01 -2.047108858823776245e-02 -1.275652050971984863e-01 -6.450386047363281250e-01 3.696115612983703613e-01 3.962313383817672729e-02 4.973477423191070557e-01 5.936308503150939941e-01 5.705560371279716492e-02 3.985898494720458984e-01 6.317853927612304688e-02 6.016294956207275391e-01 2.685856521129608154e-01 5.027172565460205078e-01 3.770685195922851562e-01 1.215580552816390991e-01 -3.523344993591308594e-01 4.390474781394004822e-02 4.785767793655395508e-01 -2.290223091840744019e-01 -7.906223088502883911e-02 4.218029081821441650e-01 7.324818372726440430e-01 2.151442915201187134e-01 -8.370158672332763672e-01 -6.159564107656478882e-02 -4.361254274845123291e-01 -1.887445300817489624e-01 -3.173448145389556885e-01 -3.835201263427734375e-02 5.200035572052001953e-01 2.548807561397552490e-01 -1.491411924362182617e-01 -1.015931442379951477e-01 1.578876078128814697e-01 -2.159756273031234741e-01 1.661235392093658447e-01 1.512154042720794678e-01 1.427952945232391357e-01 -1.314022392034530640e-01
-1.058158576488494873e-01 -3.001077175140380859e-01 -6.031834706664085388e-02 -5.540391802787780762e-01 -1.472452431917190552e-01 1.654518842697143555e-01 1.667038798332214355e-01 -4.445546865463256836e-01 -1.497061550617218018e-01 1.555810570716857910e-01 -5.574378967285156250e-01 -1.191049218177795410e-01 1.024737209081649780e-01 1.941600739955902100e-01 -2.784152626991271973e-01 -2.713404297828674316e-01 1.397289335727691650e-03 8.775438368320465088e-02 -4.792204499244689941e-02 1.668435931205749512e-01 5.389391779899597168e-01 3.149875700473785400e-01 -8.497122675180435181e-02 3.219256103038787842e-01 4.325146973133087158e-01 1.741169989109039307e-01 1.070285737514495850e-01 -6.416360139846801758e-01 4.387723207473754883e-01 1.491478085517883301e-02 6.798728704452514648e-01 6.913520097732543945e-01 -1.431644558906555176e-01 2.969506382942199707e-01 1.583447754383087158e-01 5.967991352081298828e-01 5.791718512773513794e-02 1.771888732910156250e-01 5.936959981918334961e-01 -3.481998294591903687e-02 3.275864571332931519e-02 -1.730667948722839355e-01 5.334986448287963867e-01 -1.609577089548110962e-01 -1.398917883634567261e-01 4.563781619071960449e-01 5.693575739860534668e-01 6.192564368247985840e-01 -8.199076056480407715e-01 -6.538170576095581055e-02 -5.343143939971923828e-01 -2.865805327892303467e-01 -1.341132670640945435e-01 4.494713991880416870e-02 2.081234306097030640e-01 4.978160262107849121e-01 -1.380561292171478271e-01 -1.521417498588562012e-01 9.802106022834777832e-02 -3.355738818645477295e-01 5.782084539532661438e-02 -1.158191636204719543e-01 -5.336888134479522705e-02 1.889740079641342163e-01
-3.109636604785919189e-01 -6.334162950515747070e-01 4.760006070137023926e-01 -5.201663970947265625e-01 2.753553688526153564e-01 2.258590161800384521e-01 5.663430318236351013e-02 8.816060423851013184e-02 -3.915109038352966309e-01 6.428962945938110352e-01 -5.918065905570983887e-01 1.374183595180511475e-01 2.813432812690734863e-01 -6.840317696332931519e-02 -1.760143041610717773e-01 -7.317952811717987061e-02 5.012081861495971680e-01 7.805462181568145752e-02 2.418979555368423462e-01 -1.951242089271545410e-01 9.973686933517456055e-01 1.622276604175567627e-01 -9.503968805074691772e-02 -1.572124361991882324e-01 5.007894635200500488e-01 -2.498464286327362061e-01 -3.859313130378723145e-01 -4.783094525337219238e-01 1.488804221153259277e-01 6.802356243133544922e-02 2.654807865619659424e-01 4.335107207298278809e-01 2.023270577192306519e-01 3.753439188003540039e-01 -5.680643022060394287e-03 4.103866219520568848e-01 4.483133256435394287e-01 7.806843519210815430e-01 2.943169772624969482e-01 7.911087572574615479e-02 -6.969009637832641602e-01 2.747313976287841797e-01 2.015448212623596191e-01 -1.539940685033798218e-01 -1.319656223058700562e-01 3.902773857116699219e-01 8.642293810844421387e-01 -3.101193308830261230e-01 -7.434941530227661133e-01 -5.820361524820327759e-02 -2.267959117889404297e-01 -5.974374711513519287e-02 -5.437982082366943359e-01 -1.867861896753311157e-01 7.881549596786499023e-01 -6.680723279714584351e-02 -1.417483836412429810e-01 -1.476620882749557495e-02 3.973015546798706055e-01 5.066104978322982788e-02 8.705411851406097412e-02 3.953433930873870850e-01 3.399766683578491211e-01 -3.136697709560394287e-01
-2.073392719030380249e-01 -3.141394555568695068e-01 -5.440333485603332520e-02 -6.092920899391174316e-01 -4.255808144807815552e-02 2.042295336723327637e-01 1.440343856811523438e-01 -4.319244027137756348e-01 -8.622156828641891479e-02 2.913839221000671387e-01 -5.882480144500732422e-01 -5.041585862636566162e-02 1.907462477684020996e-01 1.963557600975036621e-01 -2.750565409660339355e-01 -1.944329887628555298e-01 1.941258460283279419e-02 1.613543555140495300e-02 3.921733051538467407e-02 1.902652680873870850e-01 5.325579047203063965e-01 2.471578419208526611e-01 -4.654464870691299438e-02 2.815068662166595459e-01 5.204808712005615234e-01 1.263466477394104004e-01 8.227666467428207397e-02 -6.733313798904418945e-01 4.241973757743835449e-01 -5.533993244171142578e-04 6.471743583679199219e-01 6.758429408073425293e-01 -8.332344889640808105e-02 3.284830451011657715e-01 7.724666595458984375e-02 6.771822571754455566e-01 1.310847699642181396e-01 2.212561666965484619e-01 5.256082415580749512e-01 2.438982576131820679e-02 -3.086031973361968994e-02 -1.118628978729248047e-01 5.672788023948669434e-01 -1.773239225149154663e-01 -5.277714505791664124e-02 4.236866533756256104e-01 6.136184334754943848e-01 5.227820277214050293e-01 -8.554064035415649414e-01 -9.342879056930541992e-02 -5.321947932243347168e-01 -2.579279541969299316e-01 -1.107885092496871948e-01 4.439935833215713501e-02 2.411225289106369019e-01 4.567540287971496582e-01 -1.055424809455871582e-01 -1.206650063395500183e-01 3.814339265227317810e-02 -3.700516521930694580e-01 9.312849491834640503e-02 -4.486565291881561279e-02 -1.821720227599143982e-02 7.170493155717849731e-02
-1.651533097028732300e-01 -2.224460393190383911e-01 -1.158573850989341736e-01 -5.744367837905883789e-01 -1.297836899757385254e-01 1.898902952671051025e-01 1.325391083955764771e-01 -4.921450614929199219e-01 -7.048625499010086060e-02 2.225151956081390381e-01 -5.918259024620056152e-01 -8.718742430210113525e-02 1.488955616950988770e-01 2.425093948841094971e-01 -2.634612917900085449e-01 -2.246908694505691528e-01 -2.071199566125869751e-02 5.157745257019996643e-02 -3.070151805877685547e-02 1.826700419187545776e-01 4.881449341773986816e-01 3.070795536041259766e-01 -9.297595918178558350e-02 3.199611008167266846e-01 4.849376976490020752e-01 1.639095544815063477e-01 1.564646065235137939e-01 -6.595249772071838379e-01 4.018018245697021484e-01 -1.956714689731597900e-02 6.797405481338500977e-01 7.018215060234069824e-01 -1.192383617162704468e-01 3.051693439483642578e-01 6.788308918476104736e-02 6.582731604576110840e-01 5.377034097909927368e-02 1.593099534511566162e-01 5.895031094551086426e-01 5.626693367958068848e-03 5.190499871969223022e-02 -1.510283350944519043e-01 5.370959043502807617e-01 -1.711259931325912476e-01 -6.290148198604583740e-02 4.760250449180603027e-01 5.613023638725280762e-01 5.746161341667175293e-01 -8.108174800872802734e-01 -8.807370811700820923e-02 -5.363299250602722168e-01 -2.696582376956939697e-01 -9.463143348693847656e-02 7.956204563379287720e-02 1.656321138143539429e-01 5.146678686141967773e-01 -1.390479058027267456e-01 -1.345165371894836426e-01 5.004468187689781189e-02 -3.599416911602020264e-01 4.501762241125106812e-02 -1.379482150077819824e-01 -6.946654617786407471e-02 1.626568138599395752e-01
-3.292533755302429199e-01 -2.853200733661651611e-01 -2.204889357089996338e-01 -7.266857028007507324e-01 -2.908067405223846436e-02 1.850009262561798096e-01 9.541691094636917114e-02 -5.356559753417968750e-01 -6.127272546291351318e-02 2.814549207687377930e-01 -6.024766564369201660e-01 6.991902738809585571e-02 2.608415186405181885e-01 1.803806424140930176e-01 -1.982410699129104614e-01 -9.488452970981597900e-02 -1.228184998035430908e-01 -5.434902384877204895e-02 1.110348403453826904e-01 2.217232882976531982e-01 5.676429867744445801e-01 1.960228383541107178e-01 -4.748152196407318115e-02 3.103999495506286621e-01 6.536105871200561523e-01 1.163797602057456970e-01 2.034463882446289062e-01 -7.330027818679809570e-01 4.908299744129180908e-01 -5.152426660060882568e-02 6.699269413948059082e-01 7.568852901458740234e-01 -7.474242150783538818e-02 2.987052202224731445e-01 3.034733235836029053e-03 7.729626297950744629e-01 4.904248565435409546e-02 1.694064736366271973e-01 4.895136356353759766e-01 1.032434478402137756e-01 -6.562867760658264160e-02 -1.255234479904174805e-01 5.773282051086425781e-01 -2.021819800138473511e-01 6.185775622725486755e-02 3.618504703044891357e-01 6.484614610671997070e-01 4.821835160255432129e-01 -7.784330844879150391e-01 -1.157679855823516846e-01 -5.046879649162292480e-01 -3.234280347824096680e-01 -4.618292674422264099e-02 2.909855544567108154e-02 1.388267278671264648e-01 5.353351831436157227e-01 -1.599327921867370605e-01 -6.907231360673904419e-02 -5.174524709582328796e-02 -4.108767211437225342e-01 1.110202372074127197e-01 -1.016991287469863892e-01 -1.513130497187376022e-02 -1.981417834758758545e-02
-1.880887448787689209e-01 -3.599558770656585693e-01 -7.328912615776062012e-02 -5.457393527030944824e-01 -4.456946626305580139e-02 1.598887145519256592e-01 1.868328452110290527e-01 -4.026702642440795898e-01 -7.980296760797500610e-02 2.505231201648712158e-01 -5.340141654014587402e-01 -6.416505575180053711e-02 1.194840297102928162e-01 1.718397438526153564e-01 -2.930533885955810547e-01 -2.230292260646820068e-01 2.996151149272918701e-02 -3.394848480820655823e-02 1.450956612825393677e-02 1.984872370958328247e-01 5.658203363418579102e-01 2.521299123764038086e-01 -5.994328111410140991e-02 3.206517398357391357e-01 5.352600812911987305e-01 1.795536875724792480e-01 1.024033874273300171e-01 -6.194443702697753906e-01 4.591425657272338867e-01 9.035989642143249512e-03 7.014921307563781738e-01 6.417654752731323242e-01 -1.270677447319030762e-01 2.796050310134887695e-01 1.310681551694869995e-01 7.159883975982666016e-01 1.190171465277671814e-01 2.179731279611587524e-01 4.696772098541259766e-01 -2.026885747909545898e-03 1.010484248399734497e-02 -2.110191285610198975e-01 5.968960523605346680e-01 -1.328523904085159302e-01 -6.240511313080787659e-02 3.454123139381408691e-01 5.948227643966674805e-01 6.203913092613220215e-01 -8.796605467796325684e-01 -1.126523837447166443e-01 -5.444531440734863281e-01 -3.045832216739654541e-01 -6.009152159094810486e-02 3.318294882774353027e-03 1.424567103385925293e-01 4.511523544788360596e-01 -4.544883221387863159e-02 -8.032398670911788940e-02 8.605208247900009155e-03 -3.721115291118621826e-01 1.648481488227844238e-01 -3.479810059070587158e-02 -4.174214787781238556e-03 8.924154192209243774e-02
-1.515464037656784058e-01 -5.245350599288940430e-01 5.214517563581466675e-02 -5.262340307235717773e-01 6.113220006227493286e-02 3.036360442638397217e-01 2.289962023496627808e-01 -2.723593115806579590e-01 -1.082139387726783752e-01 4.123109877109527588e-01 -6.579356789588928223e-01 -5.737873911857604980e-02 1.493997871875762939e-01 5.518900603055953979e-02 -2.581394314765930176e-01 -2.055679261684417725e-01 2.500482797622680664e-01 3.470046445727348328e-02 5.712510645389556885e-02 2.047016024589538574e-01 5.604116916656494141e-01 3.184705078601837158e-01 3.503888845443725586e-03 2.201487720012664795e-01 4.298730790615081787e-01 5.489758402109146118e-02 -1.116771921515464783e-01 -5.579813122749328613e-01 3.765619993209838867e-01 1.013240218162536621e-02 5.450950860977172852e-01 5.570298433303833008e-01 -9.112272411584854126e-03 3.424108624458312988e-01 1.430139541625976562e-01 6.292020082473754883e-01 2.884529531002044678e-01 3.970655798912048340e-01 4.528662562370300293e-01 -2.012550830841064453e-03 -1.186587363481521606e-01 -1.129898205399513245e-01 5.144805908203125000e-01 -1.475524753332138062e-01 -1.269370466470718384e-01 4.787813425064086914e-01 5.726013779640197754e-01 5.048842430114746094e-01 -8.134679794311523438e-01 -1.099106669425964355e-01 -4.555076062679290771e-01 -2.209145277738571167e-01 -2.215508669614791870e-01 -1.301402598619461060e-02 4.367886185646057129e-01 3.871141970157623291e-01 -1.903449371457099915e-02 -3.072541952133178711e-02 4.588394239544868469e-02 -2.676121592521667480e-01 1.649428308010101318e-01 6.058752536773681641e-02 3.995379060506820679e-02 6.871613860130310059e-02
-2.037449777126312256e-01 -2.982012629508972168e-01 -1.152986735105514526e-01 -5.597710013389587402e-01 -7.963731884956359863e-02 2.507939636707305908e-01 1.819175779819488525e-01 -4.407997131347656250e-01 -7.794213294982910156e-02 3.173191249370574951e-01 -6.376716494560241699e-01 -8.645379543304443359e-02 1.390812695026397705e-01 1.756935715675354004e-01 -2.188747674226760864e-01 -1.960270106792449951e-01 4.107481241226196289e-02 8.636612445116043091e-03 -1.525345444679260254e-02 1.659177243709564209e-01 5.293592214584350586e-01 3.539240658283233643e-01 -5.116079002618789673e-02 3.201527595520019531e-01 4.857319295406341553e-01 1.288231909275054932e-01 1.163427010178565979e-01 -6.015375256538391113e-01 4.175179600715637207e-01 -3.954951465129852295e-02 6.596993207931518555e-01 6.701571345329284668e-01 -7.220795750617980957e-02 2.715263962745666504e-01 5.992158874869346619e-02 6.902531385421752930e-01 1.099688485264778137e-01 2.272753119468688965e-01 5.377873778343200684e-01 1.719594001770019531e-03 1.730559766292572021e-02 -1.413053572177886963e-01 4.996776580810546875e-01 -2.110206931829452515e-01 -5.353556200861930847e-02 4.872298240661621094e-01 5.925672054290771484e-01 5.554862022399902344e-01 -7.849091291427612305e-01 -1.167715489864349365e-01 -4.751433134078979492e-01 -2.671875357627868652e-01 -1.284294277429580688e-01 2.280221879482269287e-02 2.138449400663375854e-01 4.651668369770050049e-01 -9.126304835081100464e-02 -5.314973741769790649e-02 3.885012492537498474e-02 -3.284291625022888184e-01 7.175924628973007202e-02 -1.253040581941604614e-01 -3.603472188115119934e-02 1.428630501031875610e-01
-3.125493824481964111e-01 -6.184406280517578125e-01 5.030810236930847168e-01 -5.201225280761718750e-01 2.605539560317993164e-01 2.099117338657379150e-01 7.057991623878479004e-02 7.055535912513732910e-02 -3.782059550285339355e-01 6.271518468856811523e-01 -5.983598828315734863e-01 1.098212972283363342e-01 3.240064978599548340e-01 -7.019126415252685547e-02 -1.980202943086624146e-01 -5.204864963889122009e-02 5.058566927909851074e-01 9.218056499958038330e-02 2.344567626714706421e-01 -1.905535310506820679e-01 1.008999228477478027e+00 1.903307288885116577e-01 -9.206463396549224854e-02 -1.618517935276031494e-01 5.089927911758422852e-01 -2.269856929779052734e-01 -3.754474818706512451e-01 -4.952621459960937500e-01 1.699259281158447266e-01 9.595054388046264648e-02 2.523657679557800293e-01 4.107946753501892090e-01 1.876230537891387939e-01 3.698326349258422852e-01 -5.289606750011444092e-03 3.974735736846923828e-01 4.433014094829559326e-01 7.903373241424560547e-01 2.947283387184143066e-01 9.334129095077514648e-02 -6.765505075454711914e-01 2.649305462837219238e-01 2.113740146160125732e-01 -1.865902096033096313e-01 -1.873179525136947632e-01 4.111834764480590820e-01 8.689575195312500000e-01 -2.683588266372680664e-01 -7.438827157020568848e-01 -6.984931975603103638e-02 -2.566764354705810547e-01 -6.951024383306503296e-02 -5.466833114624023438e-01 -2.181344926357269287e-01 7.899538278579711914e-01 -7.578017562627792358e-02 -1.406584829092025757e-01 -4.936572164297103882e-02 4.249603748321533203e-01 2.313854545354843140e-02 1.046652570366859436e-01 3.790736794471740723e-01 3.382802009582519531e-01 -2.815968394279479980e-01
-2.213299274444580078e-01 -6.539756059646606445e-01 5.818376541137695312e-01 -5.112116336822509766e-01 2.782391607761383057e-01 1.740125417709350586e-01 7.371699064970016479e-02 8.274146914482116699e-02 -3.534398972988128662e-01 5.940824151039123535e-01 -5.360553860664367676e-01 7.644690573215484619e-02 3.370316028594970703e-01 -5.339297652244567871e-02 -2.614262700080871582e-01 -5.011823400855064392e-02 5.747645497322082520e-01 1.534781903028488159e-01 1.788016855716705322e-01 -1.629586666822433472e-01 9.934200048446655273e-01 2.128040790557861328e-01 -3.884226083755493164e-02 -1.566822528839111328e-01 4.447447955608367920e-01 -2.334469258785247803e-01 -3.939264416694641113e-01 -4.819658398628234863e-01 2.132388651371002197e-01 1.858118474483489990e-01 2.199091166257858276e-01 3.963515162467956543e-01 1.518663167953491211e-01 3.878485560417175293e-01 5.691359937191009521e-02 3.472720086574554443e-01 4.864851534366607666e-01 7.971278429031372070e-01 2.866932749748229980e-01 9.783385694026947021e-02 -6.835983991622924805e-01 2.237892746925354004e-01 1.959388256072998047e-01 -1.614039689302444458e-01 -2.879173457622528076e-01 4.102762043476104736e-01 8.231538534164428711e-01 -1.708212494850158691e-01 -7.634523510932922363e-01 -5.627854540944099426e-02 -3.268812298774719238e-01 -8.110661059617996216e-02 -5.238731503486633301e-01 -1.879680752754211426e-01 8.306113481521606445e-01 -8.061154931783676147e-02 -8.864261209964752197e-02 -9.910268336534500122e-02 4.613780677318572998e-01 3.539696335792541504e-03 1.322515159845352173e-01 3.966314494609832764e-01 3.116887807846069336e-01 -2.254204601049423218e-01
-3.633663058280944824e-01 -5.489447712898254395e-01 8.174796700477600098e-01 -4.526437819004058838e-01 2.318073809146881104e-01 1.069887205958366394e-01 9.510595351457595825e-02 3.786917328834533691e-01 -4.873510599136352539e-01 6.890278458595275879e-01 -4.310004115104675293e-01 1.880100965499877930e-01 4.244005084037780762e-01 -3.675518184900283813e-02 -2.154841274023056030e-01 -1.035309508442878723e-01 6.306849718093872070e-01 1.049780696630477905e-01 3.268660604953765869e-01 -3.433837294578552246e-01 1.200234889984130859e+00 6.538037955760955811e-02 -6.608973443508148193e-02 -3.398072421550750732e-01 5.177218914031982422e-01 -2.773217856884002686e-01 -5.466054677963256836e-01 -2.196126580238342285e-01 4.909260943531990051e-02 1.297344416379928589e-01 9.649594128131866455e-02 2.542524337768554688e-01 2.948852777481079102e-01 2.478716522455215454e-01 1.924823224544525146e-02 2.303767353296279907e-01 5.636698007583618164e-01 8.686118125915527344e-01 2.400393784046173096e-01 -1.075759530067443848e-02 -8.508557677268981934e-01 4.182762205600738525e-01 4.796922206878662109e-02 -8.995626866817474365e-02 -4.278219044208526611e-01 2.840621173381805420e-01 8.380160331726074219e-01 -5.538918972015380859e-01 -6.363970041275024414e-01 -3.984449803829193115e-02 -1.146411523222923279e-01 -3.720153868198394775e-02 -5.911137461662292480e-01 -4.183279871940612793e-01 7.685935497283935547e-01 -3.032544851303100586e-01 9.952785074710845947e-02 6.078583747148513794e-02 5.769372582435607910e-01 1.818663775920867920e-01 -5.968750268220901489e-02 5.112684965133666992e-01 4.206771254539489746e-01 -3.272055089473724365e-01
-1.786238849163055420e-01 -6.643016338348388672e-01 5.963391661643981934e-01 -4.859390556812286377e-01 2.940469682216644287e-01 1.255370080471038818e-01 1.008884385228157043e-01 7.658386230468750000e-02 -3.229376673698425293e-01 5.338771939277648926e-01 -5.078191161155700684e-01 5.335783213376998901e-02 3.534939587116241455e-01 -5.442692339420318604e-02 -2.852250337600708008e-01 -9.976848959922790527e-02 5.892446637153625488e-01 1.504869908094406128e-01 1.813003271818161011e-01 -1.083430573344230652e-01 1.016264557838439941e+00 1.850654482841491699e-01 -4.449298232793807983e-02 -1.420821547508239746e-01 4.601563513278961182e-01 -2.057854831218719482e-01 -4.022315144538879395e-01 -4.701219499111175537e-01 2.561444044113159180e-01 2.073055803775787354e-01 2.599363029003143311e-01 3.626962304115295410e-01 1.136797368526458740e-01 3.900819420814514160e-01 1.019146516919136047e-01 3.403360247611999512e-01 4.902389943599700928e-01 7.731870412826538086e-01 2.763010263442993164e-01 8.240535855293273926e-02 -6.312150359153747559e-01 1.835741996765136719e-01 2.693794965744018555e-01 -1.458147615194320679e-01 -3.321045041084289551e-01 3.805347979068756104e-01 7.972723245620727539e-01 -6.504403799772262573e-02 -8.030545115470886230e-01 -4.467801377177238464e-02 -3.924099206924438477e-01 -1.054239645600318909e-01 -4.857969582080841064e-01 -2.050423026084899902e-01 8.013811111450195312e-01 -6.019192188978195190e-02 -4.287125170230865479e-02 -1.142445877194404602e-01 4.390881955623626709e-01 -3.306797891855239868e-02 1.692224144935607910e-01 4.455406963825225830e-01 3.118243217468261719e-01 -2.177777588367462158e-01
-3.083896636962890625e-01 -4.845357537269592285e-01 -3.190905600786209106e-02 -6.049481034278869629e-01 1.010165885090827942e-01 2.895602285861968994e-01 1.008896231651306152e-01 -3.440145254135131836e-01 -1.332553923130035400e-01 4.374354183673858643e-01 -6.091613173484802246e-01 1.783970743417739868e-02 2.326267659664154053e-01 8.370130509138107300e-02 -2.297483235597610474e-01 -1.304364502429962158e-01 1.136171519756317139e-01 -4.806199669837951660e-02 1.795294582843780518e-01 1.321584731340408325e-01 6.344145536422729492e-01 2.301875650882720947e-01 -4.068019986152648926e-02 1.887267231941223145e-01 5.983971953392028809e-01 6.632748991250991821e-02 -4.752061888575553894e-02 -6.364251971244812012e-01 3.889077305793762207e-01 -1.398179680109024048e-02 5.390705466270446777e-01 6.204385757446289062e-01 -8.372910320758819580e-03 3.411186933517456055e-01 4.327986389398574829e-02 6.888872385025024414e-01 1.781726777553558350e-01 3.921768367290496826e-01 4.293510317802429199e-01 9.706325083971023560e-02 -2.327622175216674805e-01 -3.880256786942481995e-02 5.166196823120117188e-01 -2.117337733507156372e-01 -1.385369710624217987e-02 4.144301712512969971e-01 6.987487673759460449e-01 3.211686015129089355e-01 -8.545007109642028809e-01 -8.319023251533508301e-02 -4.699167907238006592e-01 -2.445894330739974976e-01 -2.047056108713150024e-01 -1.891373842954635620e-02 3.927788138389587402e-01 3.552840948104858398e-01 -1.653191149234771729e-01 -4.655162245035171509e-02 4.679885879158973694e-02 -2.763887345790863037e-01 1.726592481136322021e-01 1.223345100879669189e-02 8.678454905748367310e-02 -1.427200287580490112e-01
1.764337718486785889e-02 -6.243648529052734375e-01 6.864319443702697754e-01 -4.550146460533142090e-01 2.267662286758422852e-01 1.035263463854789734e-01 1.432647407054901123e-01 7.157397270202636719e-02 -3.379445374011993408e-01 3.417038619518280029e-01 -4.014045298099517822e-01 -4.510164260864257812e-02 2.943704426288604736e-01 2.077717334032058716e-02 -3.967343568801879883e-01 -3.069244623184204102e-01 6.161906123161315918e-01 2.455937117338180542e-01 7.875877618789672852e-02 -1.104125659912824631e-02 8.512952923774719238e-01 1.507530659437179565e-01 -9.345516562461853027e-03 -1.382287442684173584e-01 3.299940526485443115e-01 -1.451167762279510498e-01 -4.325427711009979248e-01 -5.871719121932983398e-01 2.912686169147491455e-01 2.940595746040344238e-01 3.501026034355163574e-01 3.947643041610717773e-01 2.184043452143669128e-02 4.554460644721984863e-01 2.529295980930328369e-01 2.750796079635620117e-01 5.302221179008483887e-01 6.648479104042053223e-01 3.508648574352264404e-01 4.632167890667915344e-02 -4.709037840366363525e-01 1.314947903156280518e-01 3.954950273036956787e-01 -1.038158088922500610e-01 -3.907687962055206299e-01 3.742892146110534668e-01 6.486392021179199219e-01 1.524520963430404663e-01 -8.784416913986206055e-01 5.047515034675598145e-02 -5.608170032501220703e-01 -1.799636781215667725e-01 -4.824213683605194092e-01 -6.710857152938842773e-02 8.373299241065979004e-01 1.101742759346961975e-01 7.243856787681579590e-03 -2.986305952072143555e-01 4.583238065242767334e-01 -1.528184562921524048e-01 1.309046447277069092e-01 5.004714727401733398e-01 2.207160294055938721e-01 -7.090732455253601074e-02
-2.968645393848419189e-01 -5.532897114753723145e-01 3.380587995052337646e-01 -5.599172711372375488e-01 2.454691827297210693e-01 2.025745213031768799e-01 3.568696975708007812e-02 -8.578093349933624268e-02 -3.304287195205688477e-01 5.845057368278503418e-01 -6.152237057685852051e-01 1.037395671010017395e-01 3.671965301036834717e-01 -3.930983692407608032e-02 -2.329703420400619507e-01 -6.663931906223297119e-02 3.823386430740356445e-01 7.041406631469726562e-02 2.424181997776031494e-01 -1.259752959012985229e-01 9.450616240501403809e-01 2.254004925489425659e-01 -1.095393896102905273e-01 -8.053150027990341187e-02 6.159803271293640137e-01 -1.765462160110473633e-01 -2.771658897399902344e-01 -6.081964373588562012e-01 2.478882372379302979e-01 8.572573959827423096e-02 3.259560465812683105e-01 5.071190595626831055e-01 1.058994680643081665e-01 3.839171528816223145e-01 -1.667384058237075806e-02 4.921382963657379150e-01 3.382709920406341553e-01 7.207162976264953613e-01 3.612029552459716797e-01 1.419392824172973633e-01 -5.795080065727233887e-01 1.973555684089660645e-01 2.428995966911315918e-01 -2.488266080617904663e-01 -1.391165554523468018e-01 4.117288589477539062e-01 8.502250909805297852e-01 -1.331654638051986694e-01 -7.906904220581054688e-01 -6.692939996719360352e-02 -3.392139375209808350e-01 -1.359720975160598755e-01 -4.576949477195739746e-01 -1.781429946422576904e-01 7.274894118309020996e-01 7.793533802032470703e-02 -2.121836543083190918e-01 -9.452923387289047241e-02 3.694756329059600830e-01 -7.691525667905807495e-02 1.226783171296119690e-01 2.736327052116394043e-01 2.632131278514862061e-01 -2.931291460990905762e-01
-2.279632389545440674e-01 -5.670580863952636719e-01 2.963364720344543457e-01 -5.784108638763427734e-01 2.324954569339752197e-01 1.841830313205718994e-01 1.374494582414627075e-01 -1.011703535914421082e-01 -2.477304339408874512e-01 5.327780842781066895e-01 -6.537891030311584473e-01 6.825969368219375610e-02 3.468356132507324219e-01 -5.900042131543159485e-02 -2.523304224014282227e-01 -6.298839300870895386e-02 3.803937435150146484e-01 7.271596789360046387e-02 2.298435419797897339e-01 -3.693787753582000732e-02 9.202004075050354004e-01 2.493362575769424438e-01 -8.363561332225799561e-02 -3.815446794033050537e-02 5.817382335662841797e-01 -1.229834258556365967e-01 -2.342550456523895264e-01 -5.834600329399108887e-01 3.130590915679931641e-01 7.453024387359619141e-02 3.432996869087219238e-01 4.919434189796447754e-01 6.371811032295227051e-02 3.965174555778503418e-01 2.935892343521118164e-02 5.186365842819213867e-01 3.420670926570892334e-01 6.968773603439331055e-01 3.658689260482788086e-01 1.151417940855026245e-01 -4.975883960723876953e-01 1.391148567199707031e-01 2.782868742942810059e-01 -2.543897628784179688e-01 -1.969480365514755249e-01 4.470942616462707520e-01 8.049767613410949707e-01 2.851829677820205688e-02 -8.176109790802001953e-01 -1.052107810974121094e-01 -3.520041108131408691e-01 -1.271286904811859131e-01 -4.628721177577972412e-01 -1.869657337665557861e-01 6.881767511367797852e-01 9.657853841781616211e-02 -1.596075445413589478e-01 -5.555213242769241333e-02 3.433390557765960693e-01 -7.903543114662170410e-02 1.582435667514801025e-01 2.212163507938385010e-01 2.428790330886840820e-01 -1.805783659219741821e-01
-2.893404066562652588e-01 -6.202340722084045410e-01 6.689540147781372070e-01 -4.785438179969787598e-01 2.627953886985778809e-01 1.385164558887481689e-01 9.882128238677978516e-02 1.944360584020614624e-01 -4.405800998210906982e-01 6.355748176574707031e-01 -4.998906850814819336e-01 1.162661239504814148e-01 4.018659591674804688e-01 -8.754070103168487549e-02 -2.835181951522827148e-01 -8.428941667079925537e-02 5.523301959037780762e-01 1.149619668722152710e-01 2.243089675903320312e-01 -2.630494236946105957e-01 1.106521010398864746e+00 1.620742380619049072e-01 -4.851091653108596802e-02 -2.256664037704467773e-01 5.288359522819519043e-01 -2.140318155288696289e-01 -4.465832412242889404e-01 -4.416991472244262695e-01 1.785804629325866699e-01 1.707553565502166748e-01 2.096695899963378906e-01 3.543337583541870117e-01 2.049806118011474609e-01 3.321386575698852539e-01 6.237716972827911377e-02 3.338896334171295166e-01 4.991856515407562256e-01 8.353589177131652832e-01 2.736782133579254150e-01 5.752869695425033569e-02 -7.583466768264770508e-01 2.935367822647094727e-01 1.576841473579406738e-01 -1.593235582113265991e-01 -3.278444707393646240e-01 3.337917625904083252e-01 8.564065098762512207e-01 -3.001618683338165283e-01 -7.488747835159301758e-01 -5.919893085956573486e-02 -2.759932577610015869e-01 -1.067456379532814026e-01 -5.347329974174499512e-01 -3.144283890724182129e-01 8.124499917030334473e-01 -1.474528014659881592e-01 -2.696888521313667297e-02 -8.228523284196853638e-02 5.170087814331054688e-01 1.702203601598739624e-02 6.547726690769195557e-02 4.564799964427947998e-01 3.386658430099487305e-01 -2.699433863162994385e-01
-2.215726524591445923e-01 -6.758245229721069336e-01 5.241044163703918457e-01 -5.059495568275451660e-01 2.401790320873260498e-01 1.684214174747467041e-01 1.608341783285140991e-01 9.942397475242614746e-02 -2.958361804485321045e-01 5.879649519920349121e-01 -5.508251786231994629e-01 6.912071257829666138e-02 2.795633375644683838e-01 -1.018075868487358093e-01 -2.546665072441101074e-01 -1.045023798942565918e-01 5.265992879867553711e-01 8.754445612430572510e-02 1.641097962856292725e-01 -1.267028450965881348e-01 9.599294066429138184e-01 1.817840337753295898e-01 -4.054315388202667236e-03 -1.118506118655204773e-01 4.584823548793792725e-01 -1.379020661115646362e-01 -3.682260215282440186e-01 -4.733808636665344238e-01 2.653595209121704102e-01 1.284218281507492065e-01 3.025231659412384033e-01 3.590577244758605957e-01 1.024462133646011353e-01 3.542073965072631836e-01 1.042829602956771851e-01 4.411961436271667480e-01 4.916105568408966064e-01 7.442575693130493164e-01 2.778129875659942627e-01 4.493984952569007874e-02 -5.816566348075866699e-01 1.696644425392150879e-01 2.906190454959869385e-01 -1.405422836542129517e-01 -2.333583384752273560e-01 3.570973277091979980e-01 8.059686422348022461e-01 -5.064550787210464478e-02 -8.336136937141418457e-01 -7.943136990070343018e-02 -3.828710913658142090e-01 -1.243622004985809326e-01 -4.522618651390075684e-01 -1.969433426856994629e-01 7.446622252464294434e-01 -4.496069997549057007e-02 4.215911030769348145e-04 -5.878984183073043823e-02 3.445366919040679932e-01 -4.361797124147415161e-02 1.542813628911972046e-01 4.100642502307891846e-01 3.151937127113342285e-01 -1.943017095327377319e-01
-3.090445995330810547e-01 -6.182950139045715332e-01 5.513590574264526367e-01 -4.708387851715087891e-01 2.511134743690490723e-01 1.746486723423004150e-01 8.302661776542663574e-02 1.207399666309356689e-01 -4.560920298099517822e-01 5.881479382514953613e-01 -5.053433179855346680e-01 1.178019791841506958e-01 3.536529242992401123e-01 -1.006507799029350281e-01 -2.513318657875061035e-01 -1.091601401567459106e-01 4.923822283744812012e-01 6.562349200248718262e-02 2.396774888038635254e-01 -2.374994158744812012e-01 1.080524206161499023e+00 1.498420387506484985e-01 -8.700864762067794800e-02 -2.006783187389373779e-01 5.790125727653503418e-01 -1.817477643489837646e-01 -4.194836914539337158e-01 -5.234997868537902832e-01 2.123610377311706543e-01 1.122893840074539185e-01 3.062134385108947754e-01 4.008018970489501953e-01 1.655764728784561157e-01 3.299030065536499023e-01 5.840146541595458984e-02 3.740492463111877441e-01 4.176408946514129639e-01 7.982540130615234375e-01 2.825448811054229736e-01 8.715239912271499634e-02 -7.220925688743591309e-01 2.628166079521179199e-01 2.307582795619964600e-01 -1.785142570734024048e-01 -2.156039327383041382e-01 3.143962323665618896e-01 8.717231154441833496e-01 -2.688418030738830566e-01 -7.702338695526123047e-01 -2.204073220491409302e-02 -3.026942014694213867e-01 -1.404447555541992188e-01 -5.114625692367553711e-01 -2.819949686527252197e-01 7.861630320549011230e-01 -7.095199078321456909e-02 -1.050002872943878174e-01 -1.032460853457450867e-01 4.504251778125762939e-01 -3.747871518135070801e-02 7.099499553442001343e-02 4.271533191204071045e-01 3.380933701992034912e-01 -3.217036724090576172e-01
-2.482209056615829468e-01 -7.020060420036315918e-01 4.748079180717468262e-01 -4.698622226715087891e-01 2.793164253234863281e-01 2.341969609260559082e-01 9.757712483406066895e-02 3.706598281860351562e-02 -2.253458797931671143e-01 5.613664388656616211e-01 -6.076633930206298828e-01 7.362080365419387817e-02 2.466902434825897217e-01 -3.711064904928207397e-02 -1.845060139894485474e-01 -1.518532037734985352e-01 5.734792351722717285e-01 1.155732721090316772e-01 2.069934010505676270e-01 -1.427723374217748642e-02 8.853259086608886719e-01 1.937799453735351562e-01 -9.311510622501373291e-02 -1.085419729351997375e-01 4.039950072765350342e-01 -1.693848967552185059e-01 -3.787657320499420166e-01 -4.299569129943847656e-01 1.699318587779998779e-01 1.291975378990173340e-01 2.966886758804321289e-01 3.525353074073791504e-01 1.490309536457061768e-01 4.208241105079650879e-01 6.445297598838806152e-02 4.310020804405212402e-01 4.852613508701324463e-01 7.424918413162231445e-01 2.875809371471405029e-01 7.529540359973907471e-02 -5.237354636192321777e-01 1.173207536339759827e-01 3.787936568260192871e-01 -1.014168709516525269e-01 -1.771342158317565918e-01 4.395306706428527832e-01 7.378574013710021973e-01 -1.774108409881591797e-02 -7.736760973930358887e-01 -9.965531527996063232e-02 -3.653879463672637939e-01 -1.078359410166740417e-01 -4.857421219348907471e-01 -8.840038627386093140e-02 6.960447430610656738e-01 1.299813389778137207e-03 -7.264062762260437012e-02 -1.011366397142410278e-02 2.453918308019638062e-01 2.121027559041976929e-02 2.284719645977020264e-01 4.228161275386810303e-01 3.072055280208587646e-01 -2.086887210607528687e-01
-1.438834369182586670e-01 -3.305407166481018066e-01 4.202760010957717896e-02 -5.548283457756042480e-01 -2.460283041000366211e-02 2.057940065860748291e-01 1.966155171394348145e-01 -3.546619415283203125e-01 -6.079969555139541626e-02 2.944543659687042236e-01 -5.907156467437744141e-01 -7.277849316596984863e-02 1.630558818578720093e-01 1.773808300495147705e-01 -3.174553513526916504e-01 -2.192661464214324951e-01 1.391502767801284790e-01 3.638958558440208435e-02 -6.533741950988769531e-03 1.837561875581741333e-01 5.428481101989746094e-01 2.771509587764739990e-01 -7.731904834508895874e-02 2.497987449169158936e-01 4.907075464725494385e-01 1.310140490531921387e-01 3.067843988537788391e-02 -6.430487036705017090e-01 3.875170946121215820e-01 1.959132403135299683e-02 6.393854618072509766e-01 6.225263476371765137e-01 -1.084749400615692139e-01 3.311882019042968750e-01 1.057880371809005737e-01 6.291455030441284180e-01 1.662468016147613525e-01 2.902076840400695801e-01 5.064379572868347168e-01 1.338259875774383545e-02 -2.326536923646926880e-02 -1.112953796982765198e-01 5.653051137924194336e-01 -1.382860392332077026e-01 -1.001800149679183960e-01 4.420358538627624512e-01 5.971237421035766602e-01 5.611537098884582520e-01 -8.820175528526306152e-01 -9.620942175388336182e-02 -5.360701084136962891e-01 -2.451334297657012939e-01 -1.754765212535858154e-01 2.497663348913192749e-02 2.979180216789245605e-01 4.162293374538421631e-01 -5.764942988753318787e-02 -1.186440065503120422e-01 1.017457693815231323e-01 -3.550788760185241699e-01 1.306516826152801514e-01 1.348114013671875000e-02 -8.047807030379772186e-03 1.158246695995330811e-01
-3.082863092422485352e-01 -6.843414902687072754e-01 5.273895263671875000e-01 -4.672275483608245850e-01 2.359724938869476318e-01 2.065275311470031738e-01 1.257094889879226685e-01 1.678900271654129028e-01 -3.600788414478302002e-01 6.028892993927001953e-01 -5.663775801658630371e-01 1.092979460954666138e-01 2.712186574935913086e-01 -1.338972896337509155e-01 -2.077724188566207886e-01 -1.249422803521156311e-01 5.167180299758911133e-01 4.787382856011390686e-02 2.545101642608642578e-01 -1.899811774492263794e-01 1.040611267089843750e+00 1.375759094953536987e-01 -7.373054325580596924e-02 -1.886584162712097168e-01 4.798067212104797363e-01 -1.422348469495773315e-01 -4.373029470443725586e-01 -4.215943515300750732e-01 1.611403822898864746e-01 5.601894855499267578e-02 2.887235581874847412e-01 3.282332122325897217e-01 1.856620758771896362e-01 3.396323919296264648e-01 6.299136579036712646e-02 4.064112007617950439e-01 4.622702300548553467e-01 7.776499390602111816e-01 2.689001858234405518e-01 3.556824848055839539e-02 -6.753607392311096191e-01 2.498731911182403564e-01 2.898333370685577393e-01 -1.086126714944839478e-01 -1.746375262737274170e-01 3.571347594261169434e-01 8.164650201797485352e-01 -2.441743165254592896e-01 -7.662052512168884277e-01 -6.947582215070724487e-02 -3.204192817211151123e-01 -8.974158018827438354e-02 -4.960619509220123291e-01 -2.357902526855468750e-01 7.745521664619445801e-01 -1.033862754702568054e-01 -6.179890409111976624e-02 -4.766531288623809814e-03 3.454234600067138672e-01 4.280333966016769409e-02 1.206301823258399963e-01 4.503835737705230713e-01 3.698613643646240234e-01 -2.784936726093292236e-01
-2.163224518299102783e-01 -5.073418617248535156e-01 2.938267886638641357e-01 -5.636768937110900879e-01 1.712653338909149170e-01 1.881236433982849121e-01 1.431432664394378662e-01 -1.674797683954238892e-01 -1.857726275920867920e-01 4.614861309528350830e-01 -5.902115106582641602e-01 2.754114568233489990e-02 3.195819258689880371e-01 2.722401171922683716e-02 -2.912408709526062012e-01 -1.321605443954467773e-01 3.366661667823791504e-01 7.466495037078857422e-02 1.534785330295562744e-01 2.791341766715049744e-02 8.168258666992187500e-01 2.263132184743881226e-01 -6.200721859931945801e-02 2.492905035614967346e-02 5.712042450904846191e-01 -4.124815762042999268e-02 -1.887768208980560303e-01 -6.186134219169616699e-01 3.446943759918212891e-01 9.554435312747955322e-02 4.479689598083496094e-01 5.119292736053466797e-01 2.222876995801925659e-03 3.760465979576110840e-01 7.663574814796447754e-02 5.445439815521240234e-01 3.257980048656463623e-01 5.718364715576171875e-01 3.987533450126647949e-01 8.637467771768569946e-02 -3.628179728984832764e-01 6.316921859979629517e-02 4.090552926063537598e-01 -2.006714195013046265e-01 -1.768876463174819946e-01 4.086091816425323486e-01 7.518407702445983887e-01 1.999470144510269165e-01 -8.613377809524536133e-01 -8.908317983150482178e-02 -4.776129424571990967e-01 -1.898057907819747925e-01 -3.483969271183013916e-01 -1.254509389400482178e-01 5.864661335945129395e-01 1.769615113735198975e-01 -9.108649194240570068e-02 -1.131424382328987122e-01 2.531557381153106689e-01 -2.102691233158111572e-01 1.459436416625976562e-01 2.271525859832763672e-01 1.733159422874450684e-01 -1.163879483938217163e-01
-3.426577746868133545e-01 -5.761951208114624023e-01 8.141604661941528320e-01 -4.816783964633941650e-01 2.472359538078308105e-01 9.080403298139572144e-02 6.398205459117889404e-02 3.233789801597595215e-01 -4.220995306968688965e-01 6.914439201354980469e-01 -4.412294328212738037e-01 1.634607613086700439e-01 4.445118606090545654e-01 -4.409998655319213867e-05 -2.561618685722351074e-01 -7.701661437749862671e-02 6.567704081535339355e-01 1.335421651601791382e-01 2.728030681610107422e-01 -2.674709260463714600e-01 1.159301519393920898e+00 1.050383895635604858e-01 -4.836982116103172302e-02 -3.011277318000793457e-01 4.791378080844879150e-01 -2.800881862640380859e-01 -4.930985569953918457e-01 -2.549337744712829590e-01 8.437083661556243896e-02 1.921055465936660767e-01 9.277711808681488037e-02 2.609844207763671875e-01 2.718538641929626465e-01 2.876760363578796387e-01 1.856205612421035767e-02 2.387702465057373047e-01 5.479300022125244141e-01 8.836700320243835449e-01 2.358866631984710693e-01 4.187619313597679138e-02 -8.180136680603027344e-01 3.700515329837799072e-01 9.123835712671279907e-02 -7.931600511074066162e-02 -4.276671111583709717e-01 3.330931365489959717e-01 8.141729831695556641e-01 -4.544502496719360352e-01 -6.514162421226501465e-01 -5.779771506786346436e-02 -1.861050128936767578e-01 -4.012558609247207642e-02 -5.387678742408752441e-01 -3.388354182243347168e-01 7.763018012046813965e-01 -2.799827158451080322e-01 9.175109863281250000e-02 1.613313704729080200e-02 5.762200355529785156e-01 1.627121269702911377e-01 1.855942606925964355e-02 4.938292205333709717e-01 3.667220771312713623e-01 -2.814270853996276855e-01
-7.287161052227020264e-02 -3.456287086009979248e-01 4.800475388765335083e-02 -5.304017066955566406e-01 -4.047976061701774597e-02 1.867640018463134766e-01 2.072827219963073730e-01 -3.685383200645446777e-01 -5.276552587747573853e-02 2.612705826759338379e-01 -5.747173428535461426e-01 -1.197966337203979492e-01 1.404447853565216064e-01 1.799308061599731445e-01 -3.487199544906616211e-01 -2.469752430915832520e-01 1.661783307790756226e-01 7.226875424385070801e-02 -4.304507374763488770e-02 2.166891098022460938e-01 5.319127440452575684e-01 2.963789403438568115e-01 -7.179801911115646362e-02 2.803542613983154297e-01 4.340140819549560547e-01 1.149548813700675964e-01 1.078167185187339783e-02 -6.362513303756713867e-01 4.002302885055541992e-01 4.559059813618659973e-02 6.127640604972839355e-01 6.004209518432617188e-01 -1.107954382896423340e-01 3.385961055755615234e-01 1.497852206230163574e-01 6.082449555397033691e-01 2.056228518486022949e-01 2.684631049633026123e-01 5.038807988166809082e-01 -1.313617080450057983e-02 7.456950843334197998e-03 -1.510478556156158447e-01 5.514898896217346191e-01 -1.268687695264816284e-01 -1.481364518404006958e-01 4.583615064620971680e-01 5.614663362503051758e-01 6.148604154586791992e-01 -9.052253365516662598e-01 -9.301687031984329224e-02 -5.712538957595825195e-01 -2.096993774175643921e-01 -1.429254859685897827e-01 4.601120203733444214e-02 3.322674632072448730e-01 4.408232867717742920e-01 -4.854340106248855591e-02 -1.466235816478729248e-01 1.088676005601882935e-01 -3.569173812866210938e-01 1.042697802186012268e-01 7.924869656562805176e-03 -1.492496114224195480e-02 1.674206554889678955e-01
-2.384179383516311646e-01 -6.286536455154418945e-01 2.195556163787841797e-01 -5.301525592803955078e-01 1.817528307437896729e-01 2.419573962688446045e-01 1.372195482254028320e-01 -1.366315782070159912e-01 -1.842484176158905029e-01 4.732153713703155518e-01 -6.020735502243041992e-01 4.461747407913208008e-02 2.597853839397430420e-01 -2.112683653831481934e-02 -2.523621320724487305e-01 -1.702745854854583740e-01 3.341757655143737793e-01 1.890471205115318298e-02 1.962130963802337646e-01 7.367347925901412964e-02 7.948479056358337402e-01 2.121568918228149414e-01 -2.926589548587799072e-02 4.443128034472465515e-02 5.261545181274414062e-01 -1.280171424150466919e-02 -2.372567653656005859e-01 -5.467479825019836426e-01 3.306560516357421875e-01 4.987042397260665894e-02 4.375891387462615967e-01 4.774064421653747559e-01 7.130332291126251221e-02 3.819595575332641602e-01 1.214571297168731689e-01 5.866408348083496094e-01 3.259655535221099854e-01 5.741627812385559082e-01 3.517794907093048096e-01 8.445329219102859497e-02 -3.962177634239196777e-01 -4.226341843605041504e-05 4.683967828750610352e-01 -1.568745821714401245e-01 -1.140374466776847839e-01 3.897013962268829346e-01 7.045223116874694824e-01 2.199663966894149780e-01 -8.528891801834106445e-01 -7.560212910175323486e-02 -4.715066254138946533e-01 -2.122373729944229126e-01 -2.988420724868774414e-01 -6.859504431486129761e-02 5.635632872581481934e-01 1.916674673557281494e-01 -7.911369204521179199e-02 -4.064242541790008545e-02 1.154451668262481689e-01 -1.679474711418151855e-01 2.061769962310791016e-01 2.393707334995269775e-01 1.925268769264221191e-01 -1.557203978300094604e-01
-3.662001788616180420e-01 -5.568369030952453613e-01 8.429052233695983887e-01 -4.438942074775695801e-01 2.472811937332153320e-01 8.626343309879302979e-02 7.369480282068252563e-02 3.985278010368347168e-01 -4.694919586181640625e-01 6.871079802513122559e-01 -4.143269360065460205e-01 1.942606419324874878e-01 4.355759024620056152e-01 -9.977154433727264404e-03 -2.086770385503768921e-01 -9.721428900957107544e-02 6.502202153205871582e-01 1.178952157497406006e-01 3.403952121734619141e-01 -3.175150752067565918e-01 1.207129716873168945e+00 5.716224759817123413e-02 -5.974340438842773438e-02 -3.593363761901855469e-01 4.992220103740692139e-01 -2.854062318801879883e-01 -5.439451336860656738e-01 -1.752502918243408203e-01 2.773237973451614380e-02 1.492410898208618164e-01 6.708237528800964355e-02 2.249775826930999756e-01 3.176407217979431152e-01 2.475224882364273071e-01 2.704666554927825928e-02 1.978959143161773682e-01 5.826954245567321777e-01 8.748387694358825684e-01 2.254092395305633545e-01 -5.102846771478652954e-03 -8.688559532165527344e-01 4.151265323162078857e-01 5.930457264184951782e-02 -6.857402622699737549e-02 -4.794171452522277832e-01 2.868344485759735107e-01 8.151239156723022461e-01 -5.542821288108825684e-01 -6.092386841773986816e-01 -4.516994580626487732e-02 -1.139517202973365784e-01 -1.873880997300148010e-02 -5.692677497863769531e-01 -4.064157903194427490e-01 7.408078312873840332e-01 -3.365949690341949463e-01 1.283975392580032349e-01 7.431958615779876709e-02 5.746536254882812500e-01 2.099457979202270508e-01 -3.435722738504409790e-02 5.261869430541992188e-01 4.216475486755371094e-01 -3.253814578056335449e-01
-1.811234503984451294e-01 -2.733834385871887207e-01 -4.507873952388763428e-02 -5.990837812423706055e-01 -7.140748202800750732e-02 2.244493663311004639e-01 1.429464370012283325e-01 -4.349224567413330078e-01 -1.001977398991584778e-01 2.821861505508422852e-01 -6.120752692222595215e-01 -8.065763115882873535e-02 1.890149116516113281e-01 1.811915934085845947e-01 -2.609751820564270020e-01 -2.007313370704650879e-01 2.186883985996246338e-02 5.495959892868995667e-02 4.612259566783905029e-03 1.514136195182800293e-01 5.428469777107238770e-01 3.061027526855468750e-01 -5.879019945859909058e-02 2.830112278461456299e-01 5.095403194427490234e-01 1.151340231299400330e-01 9.167982637882232666e-02 -6.761510372161865234e-01 3.895128071308135986e-01 -1.970931142568588257e-02 6.322026848793029785e-01 6.872580051422119141e-01 -9.207467734813690186e-02 3.177927732467651367e-01 7.027541100978851318e-02 6.512715220451354980e-01 1.141468062996864319e-01 2.296962291002273560e-01 5.714871287345886230e-01 2.619250118732452393e-02 -2.459158003330230713e-02 -9.534342586994171143e-02 5.036733746528625488e-01 -2.060837298631668091e-01 -8.135960251092910767e-02 4.622430801391601562e-01 6.134917736053466797e-01 5.036404728889465332e-01 -8.184929490089416504e-01 -9.852494299411773682e-02 -5.056334733963012695e-01 -2.518868446350097656e-01 -1.409906893968582153e-01 2.670916914939880371e-02 2.725690603256225586e-01 4.619705975055694580e-01 -1.367084980010986328e-01 -1.278717517852783203e-01 8.462522923946380615e-02 -3.472065329551696777e-01 4.876419901847839355e-02 -7.283966243267059326e-02 -3.093578666448593140e-02 1.061663925647735596e-01
-1.531562805175781250e-01 -2.499166429042816162e-01 -9.057447314262390137e-04 -5.795727372169494629e-01 -8.462453633546829224e-02 1.843957304954528809e-01 1.578655540943145752e-01 -4.139732122421264648e-01 -7.846666127443313599e-02 2.484947741031646729e-01 -5.908415913581848145e-01 -7.899168133735656738e-02 1.779639124870300293e-01 2.334490418434143066e-01 -3.122358322143554688e-01 -2.197957932949066162e-01 4.234795272350311279e-02 6.991580128669738770e-02 -1.457758247852325439e-02 1.702461242675781250e-01 5.144187211990356445e-01 2.728816568851470947e-01 -9.276965260505676270e-02 2.618917524814605713e-01 5.011622309684753418e-01 1.547604799270629883e-01 9.620465338230133057e-02 -6.848335862159729004e-01 3.799468576908111572e-01 1.185016706585884094e-02 6.675708293914794922e-01 6.696836948394775391e-01 -1.296638846397399902e-01 3.414198160171508789e-01 7.898071408271789551e-02 6.093956828117370605e-01 9.021946042776107788e-02 2.319488078355789185e-01 5.830210447311401367e-01 5.842305719852447510e-03 9.744659066200256348e-03 -9.424375742673873901e-02 5.604859590530395508e-01 -1.504457145929336548e-01 -8.806272596120834351e-02 4.611594080924987793e-01 5.900483727455139160e-01 5.551748871803283691e-01 -8.536113500595092773e-01 -8.253573626279830933e-02 -5.388584136962890625e-01 -2.580870985984802246e-01 -1.643790453672409058e-01 5.312471091747283936e-02 2.437017112970352173e-01 4.497849941253662109e-01 -1.117726862430572510e-01 -1.551798880100250244e-01 1.120204627513885498e-01 -3.706413507461547852e-01 8.250168710947036743e-02 -5.132281035184860229e-02 -5.176739394664764404e-02 1.478389501571655273e-01
-3.125380873680114746e-01 -6.083309650421142578e-01 4.995977282524108887e-01 -5.096475481986999512e-01 2.394684255123138428e-01 1.852652132511138916e-01 9.518414735794067383e-02 1.070999205112457275e-01 -3.726689815521240234e-01 6.024729013442993164e-01 -5.941732525825500488e-01 9.286665916442871094e-02 3.145698308944702148e-01 -7.109492272138595581e-02 -1.845699399709701538e-01 -7.991952449083328247e-02 5.032367706298828125e-01 7.213817536830902100e-02 2.792090773582458496e-01 -1.727999001741409302e-01 1.033180475234985352e+00 1.594361662864685059e-01 -8.929181098937988281e-02 -1.855819523334503174e-01 5.303472280502319336e-01 -2.141418755054473877e-01 -3.842288553714752197e-01 -4.808630943298339844e-01 1.671641767024993896e-01 6.150044128298759460e-02 2.782074213027954102e-01 3.740325570106506348e-01 1.752362400293350220e-01 3.658432960510253906e-01 -1.680980622768402100e-02 3.884627521038055420e-01 4.395647346973419189e-01 7.973005175590515137e-01 3.033688962459564209e-01 6.803935021162033081e-02 -6.481909751892089844e-01 2.725336551666259766e-01 2.371382117271423340e-01 -1.971207708120346069e-01 -1.893696337938308716e-01 4.029217660427093506e-01 8.471561074256896973e-01 -2.684131860733032227e-01 -7.397468090057373047e-01 -4.770109802484512329e-02 -2.557891309261322021e-01 -7.486159354448318481e-02 -5.415712594985961914e-01 -2.293277382850646973e-01 7.726280093193054199e-01 -7.938050478696823120e-02 -1.064859628677368164e-01 -1.402396708726882935e-02 4.139929413795471191e-01 4.631056636571884155e-02 9.725875407457351685e-02 3.844202458858489990e-01 3.627016544342041016e-01 -2.742791771888732910e-01
-2.696923613548278809e-01 -5.871012806892395020e-01 7.506582736968994141e-01 -4.560686647891998291e-01 2.761665284633636475e-01 8.592252433300018311e-02 5.340562015771865845e-02 2.328050881624221802e-01 -4.605615139007568359e-01 5.630963444709777832e-01 -4.043355584144592285e-01 1.223241090774536133e-01 4.162318110466003418e-01 -4.125609993934631348e-04 -2.803280353546142578e-01 -1.803783327341079712e-01 6.131274700164794922e-01 1.550358980894088745e-01 2.473210990428924561e-01 -2.318845391273498535e-01 1.136055946350097656e+00 9.565590322017669678e-02 -6.578478962182998657e-02 -2.601179182529449463e-01 5.317237973213195801e-01 -2.584131658077239990e-01 -4.970218241214752197e-01 -3.805951178073883057e-01 1.825672686100006104e-01 2.145711332559585571e-01 2.158707976341247559e-01 3.377354741096496582e-01 1.806784868240356445e-01 3.260360956192016602e-01 1.070987731218338013e-01 2.232671082019805908e-01 5.112928152084350586e-01 8.270709514617919922e-01 2.700326740741729736e-01 5.210043489933013916e-02 -7.537992000579833984e-01 3.015985488891601562e-01 1.975993514060974121e-01 -1.262418180704116821e-01 -3.959161043167114258e-01 2.866560816764831543e-01 8.451215028762817383e-01 -3.034595847129821777e-01 -7.482022643089294434e-01 9.836785495281219482e-03 -2.925984263420104980e-01 -1.345394551753997803e-01 -5.408437252044677734e-01 -3.012538552284240723e-01 7.935044765472412109e-01 -1.521325409412384033e-01 1.490108668804168701e-02 -1.015746966004371643e-01 5.197715163230895996e-01 3.349230438470840454e-02 1.371767651289701462e-02 5.120600461959838867e-01 3.526063561439514160e-01 -3.330691754817962646e-01
-1.250163316726684570e-01 -6.719033718109130859e-01 6.434514522552490234e-01 -5.074076056480407715e-01 2.972982227802276611e-01 1.004782393574714661e-01 9.167916327714920044e-02 1.244026273488998413e-01 -2.759391367435455322e-01 5.192671418190002441e-01 -5.082929730415344238e-01 3.557413816452026367e-02 3.373472988605499268e-01 1.247009634971618652e-02 -2.816349267959594727e-01 -1.141655445098876953e-01 6.763912439346313477e-01 1.932376921176910400e-01 1.802838146686553955e-01 -1.928451657295227051e-02 9.852079153060913086e-01 1.711465120315551758e-01 -2.370654046535491943e-02 -1.604303717613220215e-01 3.715434372425079346e-01 -2.693038880825042725e-01 -4.166138172149658203e-01 -4.168736636638641357e-01 2.362860143184661865e-01 2.383409291505813599e-01 2.342226952314376831e-01 3.457237184047698975e-01 1.422580033540725708e-01 4.048314094543457031e-01 9.454198181629180908e-02 2.812891006469726562e-01 5.428910255432128906e-01 7.940839529037475586e-01 2.641920149326324463e-01 8.151911199092864990e-02 -6.049163341522216797e-01 1.962215304374694824e-01 2.907310724258422852e-01 -1.176766753196716309e-01 -3.828428983688354492e-01 4.195503890514373779e-01 7.157835364341735840e-01 -2.664587274193763733e-02 -7.634468674659729004e-01 -1.998175680637359619e-02 -3.735804259777069092e-01 -7.341940701007843018e-02 -4.840068519115447998e-01 -1.227341443300247192e-01 8.244605064392089844e-01 -4.332112520933151245e-02 3.502380847930908203e-02 -7.494205981492996216e-02 4.437150061130523682e-01 4.085207730531692505e-02 1.925891339778900146e-01 4.635330736637115479e-01 3.175607323646545410e-01 -1.641508340835571289e-01
-2.701836228370666504e-01 -2.762541770935058594e-01 -1.077801734209060669e-01 -6.713740825653076172e-01 -4.250224307179450989e-02 2.136838734149932861e-01 1.066570281982421875e-01 -4.561168551445007324e-01 -7.351376861333847046e-02 3.370965123176574707e-01 -5.973788499832153320e-01 -3.582984209060668945e-05 2.749314010143280029e-01 1.612897515296936035e-01 -2.356136590242385864e-01 -1.424731016159057617e-01 -3.818283975124359131e-02 -8.997280150651931763e-03 1.200617551803588867e-01 1.535823196172714233e-01 5.873617529869079590e-01 2.257583588361740112e-01 -6.181849539279937744e-02 2.498864233493804932e-01 6.487321257591247559e-01 1.337162256240844727e-01 9.149584174156188965e-02 -7.151035070419311523e-01 4.020799398422241211e-01 -5.938933789730072021e-02 6.127376556396484375e-01 6.902093887329101562e-01 -8.824843168258666992e-02 3.150917887687683105e-01 -2.642452716827392578e-03 7.232982516288757324e-01 6.820072978734970093e-02 2.310382425785064697e-01 5.493859648704528809e-01 8.018998801708221436e-02 -8.588346093893051147e-02 -6.265186518430709839e-02 5.116395354270935059e-01 -2.388669699430465698e-01 -1.086783222854137421e-02 4.083551168441772461e-01 6.606981158256530762e-01 4.255862236022949219e-01 -8.497042655944824219e-01 -8.328744769096374512e-02 -5.175935626029968262e-01 -2.857585549354553223e-01 -1.041162163019180298e-01 2.895109355449676514e-03 2.498692423105239868e-01 4.581509828567504883e-01 -1.631862223148345947e-01 -8.459826558828353882e-02 3.021268174052238464e-02 -3.652895092964172363e-01 6.233040243387222290e-02 -8.127785474061965942e-02 -3.427377901971340179e-03 -2.219835668802261353e-02
-3.089599013328552246e-01 -5.835502147674560547e-01 4.808717966079711914e-01 -5.295222997665405273e-01 2.788820266723632812e-01 1.477504670619964600e-01 8.270137012004852295e-03 3.434927761554718018e-02 -3.701171875000000000e-01 5.976442694664001465e-01 -5.469558835029602051e-01 1.346079707145690918e-01 3.483838438987731934e-01 2.469974011182785034e-02 -2.419256418943405151e-01 -4.872531071305274963e-02 5.262030959129333496e-01 8.333790302276611328e-02 2.389060109853744507e-01 -1.618124544620513916e-01 1.030305027961730957e+00 1.550871580839157104e-01 -1.233211755752563477e-01 -1.593888401985168457e-01 5.742178559303283691e-01 -2.528925538063049316e-01 -3.517998754978179932e-01 -5.150225758552551270e-01 1.881077587604522705e-01 1.280607879161834717e-01 2.810227870941162109e-01 4.282732605934143066e-01 1.654335111379623413e-01 3.821942210197448730e-01 -5.810380727052688599e-02 3.835434317588806152e-01 4.110813140869140625e-01 7.731169462203979492e-01 2.776289582252502441e-01 1.195839792490005493e-01 -6.668552756309509277e-01 2.507306337356567383e-01 2.273891568183898926e-01 -1.506353467702865601e-01 -1.474891155958175659e-01 3.994165062904357910e-01 8.593170046806335449e-01 -2.620804309844970703e-01 -7.468369007110595703e-01 -1.478105038404464722e-02 -3.063804507255554199e-01 -1.060829386115074158e-01 -5.036545991897583008e-01 -1.792755126953125000e-01 7.823843359947204590e-01 -4.006081074476242065e-02 -1.431884467601776123e-01 -7.281009107828140259e-02 4.438099265098571777e-01 -2.604226768016815186e-02 1.224743872880935669e-01 3.845320641994476318e-01 3.191280961036682129e-01 -3.075139522552490234e-01
-3.128730058670043945e-01 -6.245537996292114258e-01 6.271530389785766602e-01 -4.841140508651733398e-01 2.698860764503479004e-01 1.416091918945312500e-01 7.027101516723632812e-02 1.855147331953048706e-01 -4.017611145973205566e-01 6.419740319252014160e-01 -5.295867919921875000e-01 1.284973621368408203e-01 3.515048623085021973e-01 -3.990634530782699585e-02 -2.235006242990493774e-01 -8.078157156705856323e-02 5.859094858169555664e-01 9.343744814395904541e-02 2.600508630275726318e-01 -2.058339565992355347e-01 1.096360921859741211e+00 1.278668642044067383e-01 -9.441987425088882446e-02 -2.253713011741638184e-01 5.148262977600097656e-01 -2.502345144748687744e-01 -4.394606649875640869e-01 -3.960376381874084473e-01 1.366009414196014404e-01 1.243825554847717285e-01 2.228696495294570923e-01 3.403423428535461426e-01 2.254826575517654419e-01 3.406009674072265625e-01 8.249491453170776367e-03 3.296650350093841553e-01 4.784215986728668213e-01 8.323670625686645508e-01 2.582533657550811768e-01 5.960989370942115784e-02 -7.360683083534240723e-01 3.008496165275573730e-01 2.016555368900299072e-01 -1.259740144014358521e-01 -2.668861448764801025e-01 3.691216111183166504e-01 8.574737906455993652e-01 -3.353682756423950195e-01 -7.301518917083740234e-01 -3.835236281156539917e-02 -2.360944747924804688e-01 -5.688036978244781494e-02 -5.302820205688476562e-01 -2.604058384895324707e-01 7.866179943084716797e-01 -1.695741713047027588e-01 -3.401684761047363281e-02 -1.568633317947387695e-02 4.738864600658416748e-01 8.063582330942153931e-02 8.683774620294570923e-02 4.559563100337982178e-01 3.610876202583312988e-01 -2.954076528549194336e-01
-3.690562844276428223e-01 -4.466684460639953613e-01 -4.683200269937515259e-02 -6.458555459976196289e-01 1.308297216892242432e-01 2.731599509716033936e-01 3.637038171291351318e-02 -3.667981028556823730e-01 -1.244306638836860657e-01 4.827304780483245850e-01 -6.462316513061523438e-01 8.602915704250335693e-02 3.276340067386627197e-01 5.904179066419601440e-02 -1.812625378370285034e-01 -8.606166392564773560e-02 7.675784081220626831e-02 -5.118212848901748657e-02 2.282208055257797241e-01 9.557897597551345825e-02 6.928327083587646484e-01 2.018060088157653809e-01 -6.403920054435729980e-02 1.397319436073303223e-01 7.047936320304870605e-01 1.114825159311294556e-02 -3.261541202664375305e-02 -6.673509478569030762e-01 3.650389909744262695e-01 -5.286259949207305908e-02 4.925498366355895996e-01 6.188529729843139648e-01 2.551667764782905579e-02 3.565608263015747070e-01 -3.969114273786544800e-02 7.155859470367431641e-01 1.520580947399139404e-01 4.297769069671630859e-01 4.348969459533691406e-01 1.362437009811401367e-01 -3.070330023765563965e-01 1.787327602505683899e-02 4.552103281021118164e-01 -2.409249991178512573e-01 2.978298999369144440e-02 4.083964824676513672e-01 7.236443758010864258e-01 1.872886270284652710e-01 -8.204687237739562988e-01 -7.560733705759048462e-02 -4.655984640121459961e-01 -2.383941709995269775e-01 -2.010243684053421021e-01 -3.483334928750991821e-02 4.007029533386230469e-01 3.602429032325744629e-01 -1.938025653362274170e-01 -1.413300633430480957e-02 6.536439061164855957e-02 -2.550827860832214355e-01 1.241509467363357544e-01 4.839608073234558105e-02 1.152695342898368835e-01 -2.203818559646606445e-01
-2.543244063854217529e-01 -3.780215084552764893e-01 1.735452711582183838e-01 -5.910389423370361328e-01 8.323781937360763550e-02 2.016966938972473145e-01 1.594945192337036133e-01 -2.269413769245147705e-01 -1.765724718570709229e-01 4.125458002090454102e-01 -5.839080810546875000e-01 -3.937929868698120117e-04 2.899714410305023193e-01 8.929499238729476929e-02 -2.926195263862609863e-01 -1.744987368583679199e-01 1.762354522943496704e-01 2.044488117098808289e-02 1.621524393558502197e-01 3.338260203599929810e-02 7.492858171463012695e-01 2.150818258523941040e-01 -7.476573437452316284e-02 8.390039205551147461e-02 6.372777819633483887e-01 3.759675472974777222e-02 -9.546881914138793945e-02 -6.721461415290832520e-01 3.590439558029174805e-01 2.084612473845481873e-02 5.441212654113769531e-01 5.920802950859069824e-01 -4.823290556669235229e-02 3.575917482376098633e-01 4.189573973417282104e-02 5.895404815673828125e-01 2.234849631786346436e-01 4.616366326808929443e-01 4.786269068717956543e-01 5.391372740268707275e-02 -2.490937113761901855e-01 6.074392050504684448e-02 4.470323324203491211e-01 -2.510979175567626953e-01 -1.041489392518997192e-01 3.962117433547973633e-01 7.576516866683959961e-01 2.539606094360351562e-01 -8.866136670112609863e-01 -8.027923107147216797e-02 -4.742288589477539062e-01 -2.266343086957931519e-01 -3.051721751689910889e-01 -1.046038717031478882e-01 4.701191186904907227e-01 2.520297467708587646e-01 -1.227428838610649109e-01 -9.889698773622512817e-02 2.174399644136428833e-01 -2.812906801700592041e-01 8.056614547967910767e-02 1.126655787229537964e-01 1.090335771441459656e-01 -8.373706042766571045e-02
-3.210076093673706055e-01 -5.759036540985107422e-01 7.313874363899230957e-01 -4.809388816356658936e-01 2.558849751949310303e-01 1.280075311660766602e-01 6.964562833309173584e-02 2.501466274261474609e-01 -4.370665848255157471e-01 6.465497016906738281e-01 -4.833284318447113037e-01 1.317353546619415283e-01 4.042307138442993164e-01 -3.627046197652816772e-02 -2.664669752120971680e-01 -7.526101917028427124e-02 5.955069065093994141e-01 1.170556992292404175e-01 2.526690363883972168e-01 -2.742950022220611572e-01 1.130929589271545410e+00 1.321916282176971436e-01 -6.906521320343017578e-02 -2.633698582649230957e-01 5.198294520378112793e-01 -2.567712664604187012e-01 -4.661173820495605469e-01 -3.645028769969940186e-01 1.280652582645416260e-01 1.670549660921096802e-01 1.749195307493209839e-01 3.327777981758117676e-01 2.390906959772109985e-01 3.007192611694335938e-01 1.861574128270149231e-02 2.842397391796112061e-01 5.026651024818420410e-01 8.484021425247192383e-01 2.491008043289184570e-01 5.924977734684944153e-02 -7.888235449790954590e-01 3.492159247398376465e-01 1.365763843059539795e-01 -1.384468525648117065e-01 -3.470651805400848389e-01 3.325649797916412354e-01 8.603881001472473145e-01 -3.896997570991516113e-01 -6.960788369178771973e-01 -3.497791290283203125e-02 -2.220800817012786865e-01 -7.682215422391891479e-02 -5.506410002708435059e-01 -3.225902915000915527e-01 8.144855499267578125e-01 -2.099545001983642578e-01 3.857079893350601196e-03 -3.938380628824234009e-02 5.479506850242614746e-01 7.838565856218338013e-02 4.392029345035552979e-02 4.649120271205902100e-01 3.652786910533905029e-01 -2.863008081912994385e-01
-1.445200592279434204e-01 -2.961407303810119629e-01 7.569201290607452393e-03 -5.682476162910461426e-01 -6.540878117084503174e-02 2.110009193420410156e-01 1.639166325330734253e-01 -3.929601907730102539e-01 -1.123696491122245789e-01 2.582191228866577148e-01 -5.807323455810546875e-01 -9.931360185146331787e-02 1.677981317043304443e-01 1.869168579578399658e-01 -2.979103326797485352e-01 -2.372435778379440308e-01 5.956336855888366699e-02 5.903025344014167786e-02 -7.996812462806701660e-03 1.481639444828033447e-01 5.460805296897888184e-01 2.939972281455993652e-01 -6.527571380138397217e-02 2.730330526828765869e-01 4.891822636127471924e-01 1.292995214462280273e-01 5.709652975201606750e-02 -6.657145023345947266e-01 3.946294784545898438e-01 6.520651280879974365e-03 6.397504210472106934e-01 6.674747467041015625e-01 -1.076338291168212891e-01 3.275071382522583008e-01 1.087574511766433716e-01 6.189097762107849121e-01 1.246793046593666077e-01 2.486228346824645996e-01 5.627850890159606934e-01 6.689123809337615967e-03 -2.327249944210052490e-02 -1.004280969500541687e-01 5.262545347213745117e-01 -1.813554316759109497e-01 -1.090605035424232483e-01 4.486458897590637207e-01 6.089057326316833496e-01 5.398210883140563965e-01 -8.629043698310852051e-01 -8.097545802593231201e-02 -5.243963599205017090e-01 -2.559483647346496582e-01 -1.656386554241180420e-01 3.070744127035140991e-02 2.840856909751892090e-01 4.411092102527618408e-01 -1.107551306486129761e-01 -1.418362259864807129e-01 1.142976284027099609e-01 -3.526148796081542969e-01 6.764358282089233398e-02 -3.977532684803009033e-02 -2.674600109457969666e-02 1.170822083950042725e-01
-2.425486296415328979e-01 -6.085765361785888672e-01 5.811728239059448242e-01 -5.025013685226440430e-01 2.753598690032958984e-01 1.425405740737915039e-01 9.196962416172027588e-02 8.361184597015380859e-02 -3.767563402652740479e-01 5.871672630310058594e-01 -5.397853851318359375e-01 7.412056624889373779e-02 3.784237802028656006e-01 -6.330828368663787842e-02 -2.655084729194641113e-01 -6.173986569046974182e-02 5.393406152725219727e-01 1.264680176973342896e-01 2.055715471506118774e-01 -1.797827333211898804e-01 1.050642132759094238e+00 1.947770714759826660e-01 -6.351272761821746826e-02 -1.532846689224243164e-01 5.202817916870117188e-01 -2.370457947254180908e-01 -3.889592289924621582e-01 -4.938170015811920166e-01 2.180975377559661865e-01 1.652556806802749634e-01 2.448588609695434570e-01 3.855096101760864258e-01 1.452309489250183105e-01 3.690850138664245605e-01 4.680734500288963318e-02 3.480505049228668213e-01 4.743100702762603760e-01 7.956139445304870605e-01 2.967033386230468750e-01 8.133504539728164673e-02 -6.677483916282653809e-01 2.398850321769714355e-01 2.025294601917266846e-01 -1.862511187791824341e-01 -3.041620850563049316e-01 3.757061064243316650e-01 8.567838072776794434e-01 -1.824966222047805786e-01 -7.756909132003784180e-01 -6.001614034175872803e-02 -3.052075505256652832e-01 -8.511433750391006470e-02 -5.160328149795532227e-01 -2.617715597152709961e-01 8.096337914466857910e-01 -8.435332030057907104e-02 -7.813160121440887451e-02 -9.954444319009780884e-02 4.813088476657867432e-01 -2.540479600429534912e-02 1.100657060742378235e-01 4.189811646938323975e-01 3.241090774536132812e-01 -2.486919015645980835e-01
-4.310194253921508789e-01 -6.127128005027770996e-01 6.730846762657165527e-01 -4.363964200019836426e-01 2.465231120586395264e-01 1.776293218135833740e-01 7.272088527679443359e-02 2.875870466232299805e-01 -4.600789248943328857e-01 6.847119927406311035e-01 -5.182085037231445312e-01 1.639767885208129883e-01 3.472654223442077637e-01 -8.331352472305297852e-02 -1.778544038534164429e-01 -1.074271872639656067e-01 5.397734642028808594e-01 3.960215672850608826e-02 3.188750147819519043e-01 -3.076763451099395752e-01 1.161089777946472168e+00 7.152495533227920532e-02 -1.210367530584335327e-01 -2.984015345573425293e-01 5.431232452392578125e-01 -2.206887900829315186e-01 -4.923898875713348389e-01 -3.175989091396331787e-01 5.707284808158874512e-02 6.959827244281768799e-02 2.022723108530044556e-01 2.809778451919555664e-01 2.857573032379150391e-01 2.936363220214843750e-01 -6.837204098701477051e-03 3.152189254760742188e-01 4.805263578891754150e-01 8.469787836074829102e-01 2.493700385093688965e-01 2.406585961580276489e-03 -7.997482419013977051e-01 3.678654432296752930e-01 1.843660771846771240e-01 -1.007681041955947876e-01 -2.431275844573974609e-01 3.070137798786163330e-01 8.717557191848754883e-01 -5.031273365020751953e-01 -6.747847795486450195e-01 -5.677474290132522583e-02 -1.730801612138748169e-01 -5.521898716688156128e-02 -5.589535832405090332e-01 -3.397859036922454834e-01 7.424621582031250000e-01 -2.524609565734863281e-01 -2.199444174766540527e-02 4.900527000427246094e-02 4.562636315822601318e-01 1.379692554473876953e-01 1.828639209270477295e-02 5.047068595886230469e-01 4.204497337341308594e-01 -3.553588986396789551e-01
-2.256323099136352539e-01 -6.408179998397827148e-01 6.373038887977600098e-01 -4.794268310070037842e-01 2.997047007083892822e-01 7.396853715181350708e-02 7.816423475742340088e-02 1.405918896198272705e-01 -3.578436076641082764e-01 5.774084925651550293e-01 -5.166172385215759277e-01 9.881016612052917480e-02 4.109600186347961426e-01 -3.387500345706939697e-02 -3.073115944862365723e-01 -9.876986593008041382e-02 6.098579764366149902e-01 1.206756383180618286e-01 2.122112065553665161e-01 -1.418552249670028687e-01 1.065092444419860840e+00 1.736625581979751587e-01 -4.244223982095718384e-02 -1.991946697235107422e-01 5.087069272994995117e-01 -2.172342240810394287e-01 -4.148177206516265869e-01 -4.317216873168945312e-01 2.163681089878082275e-01 1.959783583879470825e-01 2.382210642099380493e-01 3.443092107772827148e-01 1.890813112258911133e-01 3.552083373069763184e-01 7.152086496353149414e-02 3.201669156551361084e-01 4.862658679485321045e-01 8.110910654067993164e-01 2.367196083068847656e-01 9.200360625982284546e-02 -6.877955198287963867e-01 2.429488301277160645e-01 2.552069723606109619e-01 -1.317260116338729858e-01 -3.518434166908264160e-01 3.969645500183105469e-01 8.058500289916992188e-01 -1.800540238618850708e-01 -7.613926529884338379e-01 -3.316975384950637817e-02 -3.766286373138427734e-01 -1.028081104159355164e-01 -4.641265571117401123e-01 -2.445209622383117676e-01 8.083258867263793945e-01 -1.086950376629829407e-01 1.625730842351913452e-02 -1.032199934124946594e-01 4.957253038883209229e-01 -1.268171519041061401e-02 1.687254011631011963e-01 4.726434648036956787e-01 2.980180978775024414e-01 -2.428785711526870728e-01
-1.676283478736877441e-01 -4.773820042610168457e-01 3.819816112518310547e-01 -5.609472990036010742e-01 1.698981523513793945e-01 1.672956049442291260e-01 1.547233164310455322e-01 -1.337334364652633667e-01 -1.679323315620422363e-01 4.320433139801025391e-01 -5.717061758041381836e-01 1.376122236251831055e-03 3.182153701782226562e-01 4.635230451822280884e-02 -3.156051039695739746e-01 -1.499406695365905762e-01 3.829469084739685059e-01 1.149606704711914062e-01 1.200613453984260559e-01 2.857104316353797913e-02 8.166031241416931152e-01 2.253650575876235962e-01 -6.248670816421508789e-02 1.868481561541557312e-02 5.282317399978637695e-01 -6.844211369752883911e-02 -2.043138295412063599e-01 -6.125305294990539551e-01 3.275488018989562988e-01 1.270148158073425293e-01 4.307474195957183838e-01 4.973577260971069336e-01 -2.245762199163436890e-02 3.953787088394165039e-01 9.298206865787506104e-02 4.886184632778167725e-01 3.656160533428192139e-01 5.761305093765258789e-01 4.136753678321838379e-01 7.126889377832412720e-02 -3.477600812911987305e-01 7.138334959745407104e-02 4.054380357265472412e-01 -1.885654181241989136e-01 -2.293524891138076782e-01 4.075084626674652100e-01 7.492974400520324707e-01 2.294398993253707886e-01 -8.780348300933837891e-01 -8.840154111385345459e-02 -4.906630814075469971e-01 -1.695073544979095459e-01 -3.712508976459503174e-01 -1.099919006228446960e-01 6.141222119331359863e-01 1.467203795909881592e-01 -6.529807299375534058e-02 -1.386369466781616211e-01 2.957468330860137939e-01 -2.146886736154556274e-01 1.408654749393463135e-01 2.752546966075897217e-01 1.756767630577087402e-01 -7.952792942523956299e-02
-2.155527770519256592e-01 -4.915056526660919189e-01 6.492502987384796143e-02 -5.811613798141479492e-01 7.015886157751083374e-02 2.179352641105651855e-01 2.336278259754180908e-01 -2.603959441184997559e-01 -1.165866479277610779e-02 4.227330088615417480e-01 -5.731658935546875000e-01 4.432767629623413086e-03 1.799775958061218262e-01 5.033247917890548706e-02 -2.908283472061157227e-01 -1.600629091262817383e-01 2.159162908792495728e-01 -6.232060119509696960e-02 8.628012984991073608e-02 1.887239962816238403e-01 6.235761046409606934e-01 2.159670740365982056e-01 5.739554762840270996e-04 2.278313338756561279e-01 5.399056077003479004e-01 1.090069338679313660e-01 -5.536729469895362854e-02 -5.576421618461608887e-01 4.118727147579193115e-01 5.753464996814727783e-03 5.530993342399597168e-01 5.086144208908081055e-01 -7.499472796916961670e-02 2.883468270301818848e-01 1.137328371405601501e-01 7.382586002349853516e-01 2.924774289131164551e-01 3.535160720348358154e-01 3.622262179851531982e-01 3.590181469917297363e-02 -1.201494038105010986e-01 -1.384712159633636475e-01 5.585498213768005371e-01 -1.088256537914276123e-01 -6.727518886327743530e-02 3.389223217964172363e-01 6.395284533500671387e-01 4.923545718193054199e-01 -9.219979643821716309e-01 -1.397609859704971313e-01 -5.382828712463378906e-01 -2.575092613697052002e-01 -1.155142039060592651e-01 -5.331069976091384888e-02 3.445271253585815430e-01 3.250036537647247314e-01 4.555659741163253784e-02 -1.832848042249679565e-02 -1.378058269619941711e-02 -3.282957077026367188e-01 2.120990455150604248e-01 1.126323193311691284e-01 9.463607519865036011e-02 -1.312682405114173889e-02
-3.628293871879577637e-01 -5.956016182899475098e-01 6.538346409797668457e-01 -4.928550422191619873e-01 2.612610161304473877e-01 1.552097201347351074e-01 6.091537699103355408e-02 2.356100231409072876e-01 -4.246629774570465088e-01 6.621537804603576660e-01 -5.282585024833679199e-01 1.580280214548110962e-01 3.601479828357696533e-01 -4.283732920885086060e-02 -2.105662077665328979e-01 -7.397217303514480591e-02 5.724906325340270996e-01 6.564190983772277832e-02 2.871904969215393066e-01 -2.551844418048858643e-01 1.128205537796020508e+00 1.076136156916618347e-01 -1.071146279573440552e-01 -2.470743954181671143e-01 5.207532048225402832e-01 -2.653406858444213867e-01 -4.507306814193725586e-01 -3.516818583011627197e-01 9.675987809896469116e-02 1.014585196971893311e-01 1.914594024419784546e-01 3.359909057617187500e-01 2.649820148944854736e-01 3.048620223999023438e-01 -1.024821400642395020e-02 3.184297084808349609e-01 4.824059307575225830e-01 8.374472260475158691e-01 2.440754771232604980e-01 5.756929889321327209e-02 -7.841567993164062500e-01 3.514069914817810059e-01 1.765966713428497314e-01 -1.143236309289932251e-01 -2.665020823478698730e-01 3.456586003303527832e-01 8.791493177413940430e-01 -4.257835745811462402e-01 -7.040372490882873535e-01 -4.792957380414009094e-02 -1.792878508567810059e-01 -4.758581519126892090e-02 -5.529869794845581055e-01 -2.911528348922729492e-01 7.809677124023437500e-01 -2.148684263229370117e-01 -2.490916103124618530e-02 1.258417218923568726e-02 4.870818555355072021e-01 1.131865754723548889e-01 6.162486970424652100e-02 4.664177000522613525e-01 3.890129029750823975e-01 -3.315327763557434082e-01
-3.006229400634765625e-01 -3.978151381015777588e-01 1.339609026908874512e-01 -5.480490326881408691e-01 1.720567047595977783e-01 1.968174278736114502e-01 7.380463182926177979e-02 -2.969897985458374023e-01 -1.587499380111694336e-01 4.003055095672607422e-01 -6.690540909767150879e-01 5.280649662017822266e-02 3.971501588821411133e-01 1.197358742356300354e-01 -3.247001767158508301e-01 -1.511584669351577759e-01 1.977393776178359985e-01 5.430181697010993958e-02 1.616805344820022583e-01 2.391609400510787964e-01 7.859055995941162109e-01 1.837820112705230713e-01 -1.607471406459808350e-01 1.694368571043014526e-02 6.414291262626647949e-01 -8.471600711345672607e-03 -4.681601747870445251e-02 -7.545884251594543457e-01 3.320909142494201660e-01 8.531269431114196777e-02 5.945096611976623535e-01 6.188076138496398926e-01 1.157211214303970337e-01 4.822131395339965820e-01 1.413153856992721558e-02 5.794613957405090332e-01 1.351975202560424805e-01 6.014739871025085449e-01 3.727529048919677734e-01 1.872886568307876587e-01 -3.430107831954956055e-01 6.215818226337432861e-03 5.345250368118286133e-01 -2.572785019874572754e-01 4.440607968717813492e-03 3.876997232437133789e-01 5.726620554924011230e-01 2.350194603204727173e-01 -6.942868232727050781e-01 -3.245319426059722900e-02 -4.514117240905761719e-01 -2.130424976348876953e-01 -2.907507419586181641e-01 2.293144911527633667e-02 4.894214868545532227e-01 4.049717187881469727e-01 -2.426067292690277100e-01 -1.147715225815773010e-01 2.176510244607925415e-01 -2.082606256008148193e-01 2.203348278999328613e-01 1.694189906120300293e-01 8.905275166034698486e-02 -2.802733704447746277e-02
-9.623414278030395508e-02 -4.184875488281250000e-01 1.395616084337234497e-01 -5.080233812332153320e-01 5.883050709962844849e-02 1.904493868350982666e-01 2.562130391597747803e-01 -2.472932487726211548e-01 -7.491676509380340576e-02 3.497823774814605713e-01 -5.495892167091369629e-01 -8.184802532196044922e-02 1.689156293869018555e-01 1.062339767813682556e-01 -3.643797039985656738e-01 -2.266738116741180420e-01 2.471927404403686523e-01 1.634674891829490662e-02 2.955906093120574951e-03 1.638036072254180908e-01 6.032083034515380859e-01 2.594138979911804199e-01 -2.563477307558059692e-02 2.194477617740631104e-01 4.920695126056671143e-01 9.030159562826156616e-02 -6.697881221771240234e-02 -6.143553256988525391e-01 4.129625856876373291e-01 5.506382882595062256e-02 5.847293734550476074e-01 5.503380298614501953e-01 -7.217836380004882812e-02 3.208480477333068848e-01 1.674081683158874512e-01 6.385280489921569824e-01 2.895766794681549072e-01 3.682945072650909424e-01 3.988547325134277344e-01 5.563877522945404053e-03 -9.428431838750839233e-02 -1.082916408777236938e-01 5.257136821746826172e-01 -1.441630572080612183e-01 -1.467708498239517212e-01 3.766438066959381104e-01 6.188751459121704102e-01 5.428565144538879395e-01 -9.532468318939208984e-01 -9.982357919216156006e-02 -5.412166118621826172e-01 -2.182355225086212158e-01 -1.876855343580245972e-01 -3.687174618244171143e-02 3.847969174385070801e-01 3.423919677734375000e-01 3.246930986642837524e-02 -1.105537787079811096e-01 1.378724128007888794e-01 -3.525645136833190918e-01 1.475829482078552246e-01 1.055666655302047729e-01 4.794293642044067383e-02 8.239206671714782715e-02
-1.640990078449249268e-01 -3.952152729034423828e-01 4.423540830612182617e-02 -5.179389715194702148e-01 6.751671433448791504e-03 2.091021835803985596e-01 2.097518593072891235e-01 -3.156635761260986328e-01 -9.830612689256668091e-04 3.146590888500213623e-01 -5.749726891517639160e-01 -5.198249220848083496e-02 1.262734532356262207e-01 1.522906720638275146e-01 -3.045763969421386719e-01 -2.526438236236572266e-01 1.967534124851226807e-01 -8.098792284727096558e-03 2.137188613414764404e-02 2.278736978769302368e-01 5.525999665260314941e-01 2.446039170026779175e-01 -8.728659898042678833e-02 2.507919967174530029e-01 4.893270432949066162e-01 1.410404443740844727e-01 -1.469266787171363831e-02 -5.701064467430114746e-01 3.665249943733215332e-01 1.026923954486846924e-02 6.183968782424926758e-01 5.452505946159362793e-01 -9.029792249202728271e-02 3.156118988990783691e-01 1.258496046066284180e-01 6.770376563072204590e-01 2.321355342864990234e-01 2.874281108379364014e-01 4.332472681999206543e-01 -1.879781484603881836e-04 -1.007828116416931152e-02 -1.727678179740905762e-01 6.168393492698669434e-01 -8.224670588970184326e-02 -7.541113346815109253e-02 4.017537236213684082e-01 5.766649842262268066e-01 5.812973976135253906e-01 -9.054018259048461914e-01 -1.207571923732757568e-01 -5.724584460258483887e-01 -2.481525689363479614e-01 -1.216670572757720947e-01 2.821929007768630981e-02 2.669423818588256836e-01 3.939998447895050049e-01 -4.665963351726531982e-04 -6.357026845216751099e-02 2.052631229162216187e-03 -3.412781059741973877e-01 1.761270761489868164e-01 7.614655792713165283e-02 3.255314379930496216e-02 7.980023324489593506e-02
-2.056513428688049316e-01 -5.358612537384033203e-01 2.746181488037109375e-01 -5.420982837677001953e-01 1.923804581165313721e-01 1.635685563087463379e-01 1.681137084960937500e-01 -1.663773655891418457e-01 -1.396158337593078613e-01 4.712308645248413086e-01 -6.050598621368408203e-01 2.742619812488555908e-02 2.795335054397583008e-01 7.051786035299301147e-02 -3.129491806030273438e-01 -1.375520825386047363e-01 3.440639376640319824e-01 5.675955489277839661e-02 1.301298141479492188e-01 1.191063970327377319e-01 7.547384500503540039e-01 1.785959303379058838e-01 -2.324616909027099609e-02 5.496184527873992920e-02 5.284229516983032227e-01 -8.545391261577606201e-03 -1.662432849407196045e-01 -5.808576941490173340e-01 3.760805726051330566e-01 1.112944111227989197e-01 5.180191993713378906e-01 4.881163239479064941e-01 2.613348513841629028e-02 3.910490870475769043e-01 9.028203785419464111e-02 5.899948477745056152e-01 3.448040783405303955e-01 5.435719490051269531e-01 3.359342813491821289e-01 6.905978173017501831e-02 -3.159279525279998779e-01 1.375255733728408813e-02 5.107098817825317383e-01 -1.562114208936691284e-01 -1.257429122924804688e-01 3.718479871749877930e-01 6.931506991386413574e-01 2.884532809257507324e-01 -8.744676113128662109e-01 -7.548637688159942627e-02 -4.914710521697998047e-01 -1.939572989940643311e-01 -2.922844588756561279e-01 -7.679571956396102905e-02 5.185107588768005371e-01 1.986801326274871826e-01 -1.533982157707214355e-02 -9.707976132631301880e-02 1.660647988319396973e-01 -2.253327965736389160e-01 2.262170612812042236e-01 2.520036697387695312e-01 1.650776118040084839e-01 -6.413628160953521729e-02
-2.862467765808105469e-01 -5.638387203216552734e-01 3.468606770038604736e-01 -5.381052494049072266e-01 2.325736880302429199e-01 1.577035486698150635e-01 8.148154616355895996e-02 -6.539750099182128906e-02 -3.098109066486358643e-01 5.299379825592041016e-01 -5.744092464447021484e-01 9.051894396543502808e-02 3.795524835586547852e-01 -4.995284974575042725e-02 -2.647264599800109863e-01 -9.958086907863616943e-02 3.585332632064819336e-01 3.248706832528114319e-02 2.481807619333267212e-01 -1.085006147623062134e-01 9.621392488479614258e-01 1.851474046707153320e-01 -5.631674081087112427e-02 -8.997436612844467163e-02 6.318014860153198242e-01 -1.009451299905776978e-01 -2.633630037307739258e-01 -5.941782593727111816e-01 3.194192051887512207e-01 8.429506421089172363e-02 3.846654593944549561e-01 4.630244374275207520e-01 8.139851689338684082e-02 3.489497900009155273e-01 4.696179181337356567e-02 5.058361887931823730e-01 3.282611668109893799e-01 6.864483356475830078e-01 3.320315182209014893e-01 1.247601211071014404e-01 -5.568269491195678711e-01 1.772702634334564209e-01 3.242567777633666992e-01 -2.288140207529067993e-01 -1.645264774560928345e-01 3.650370836257934570e-01 8.220117092132568359e-01 -5.992740765213966370e-02 -8.242577314376831055e-01 -4.627457261085510254e-02 -4.299732446670532227e-01 -1.832348704338073730e-01 -3.979011476039886475e-01 -2.027211785316467285e-01 6.802178621292114258e-01 6.335061788558959961e-02 -1.209591403603553772e-01 -1.174702122807502747e-01 3.299715518951416016e-01 -1.298894286155700684e-01 1.388019323348999023e-01 2.954780459403991699e-01 2.653914093971252441e-01 -2.722405195236206055e-01
-2.446669936180114746e-01 -4.448587596416473389e-01 8.994942903518676758e-02 -6.025025248527526855e-01 8.710164576768875122e-02 2.274532318115234375e-01 1.211995780467987061e-01 -3.017519712448120117e-01 -1.252875328063964844e-01 4.033623039722442627e-01 -5.872161984443664551e-01 6.103947758674621582e-03 2.917470037937164307e-01 8.640881627798080444e-02 -2.786061763763427734e-01 -1.661849319934844971e-01 1.690679341554641724e-01 1.409510895609855652e-02 1.535507291555404663e-01 1.268746554851531982e-01 6.879735589027404785e-01 2.115672230720520020e-01 -6.386767327785491943e-02 1.418131887912750244e-01 6.064178347587585449e-01 5.926673859357833862e-02 -8.758360892534255981e-02 -6.667451262474060059e-01 3.735555708408355713e-01 2.247877791523933411e-02 5.203510522842407227e-01 5.878098011016845703e-01 -2.493066713213920593e-02 3.713597655296325684e-01 6.967076659202575684e-02 6.353294253349304199e-01 2.088218033313751221e-01 4.182927906513214111e-01 4.577379822731018066e-01 8.788097649812698364e-02 -2.341310083866119385e-01 -1.654237881302833557e-02 5.144230127334594727e-01 -2.035161107778549194e-01 -9.197777509689331055e-02 4.092098474502563477e-01 6.994990110397338867e-01 3.435854911804199219e-01 -8.887153267860412598e-01 -7.271760702133178711e-02 -5.209965109825134277e-01 -2.342216074466705322e-01 -2.163343578577041626e-01 -3.649207949638366699e-02 4.368876218795776367e-01 3.329501152038574219e-01 -1.330416500568389893e-01 -1.002890840172767639e-01 1.141843646764755249e-01 -2.939453721046447754e-01 1.358350217342376709e-01 9.401112794876098633e-02 8.687374740839004517e-02 -1.000944525003433228e-01
-1.141791194677352905e-01 -3.251523375511169434e-01 1.519210338592529297e-01 -5.474436283111572266e-01 -3.723382949829101562e-03 2.103844583034515381e-01 1.615194529294967651e-01 -3.346146941184997559e-01 -9.834503382444381714e-02 2.703781723976135254e-01 -5.974153876304626465e-01 -8.588492870330810547e-02 1.823409795761108398e-01 2.191622555255889893e-01 -3.189807534217834473e-01 -2.373889982700347900e-01 2.077299207448959351e-01 1.325953304767608643e-01 1.303218305110931396e-03 1.829774081707000732e-01 5.498548746109008789e-01 2.653029859066009521e-01 -1.032574176788330078e-01 1.761697679758071899e-01 4.353795945644378662e-01 6.375824660062789917e-02 -3.208735212683677673e-02 -6.533883810043334961e-01 3.359687626361846924e-01 7.513096928596496582e-02 6.157714724540710449e-01 6.136088371276855469e-01 -1.051864176988601685e-01 3.893973231315612793e-01 1.067336797714233398e-01 5.078260898590087891e-01 2.111379802227020264e-01 3.274588882923126221e-01 5.604074597358703613e-01 -3.168880939483642578e-03 -4.824071377515792847e-02 -4.877031594514846802e-02 5.613545775413513184e-01 -1.207094937562942505e-01 -1.609024554491043091e-01 4.897871613502502441e-01 5.798677206039428711e-01 5.018113851547241211e-01 -8.280016183853149414e-01 -6.801617145538330078e-02 -5.319601297378540039e-01 -2.079130262136459351e-01 -2.658247053623199463e-01 4.315945506095886230e-02 4.019127488136291504e-01 3.933388590812683105e-01 -9.338182955980300903e-02 -1.730169951915740967e-01 1.657730489969253540e-01 -3.202967643737792969e-01 9.744711220264434814e-02 7.887558639049530029e-02 7.544101215898990631e-03 1.295934617519378662e-01
-2.888377308845520020e-01 -5.063728094100952148e-01 1.837892234325408936e-01 -6.042092442512512207e-01 1.775262355804443359e-01 2.234707176685333252e-01 7.510343939065933228e-02 -2.095758467912673950e-01 -2.256533503532409668e-01 4.998915195465087891e-01 -6.173428297042846680e-01 6.363625079393386841e-02 3.573372364044189453e-01 -1.159373670816421509e-02 -2.400076538324356079e-01 -7.516029477119445801e-02 2.412455528974533081e-01 3.006305918097496033e-02 2.226351350545883179e-01 -2.453338354825973511e-02 8.444545269012451172e-01 2.365310490131378174e-01 -6.384440511465072632e-02 2.522823587059974670e-02 6.397773027420043945e-01 -6.458868086338043213e-02 -1.633944809436798096e-01 -6.571244597434997559e-01 3.393844366073608398e-01 4.294614493846893311e-02 4.217430949211120605e-01 5.595554709434509277e-01 4.111353680491447449e-02 3.721640706062316895e-01 1.214382052421569824e-02 5.932126641273498535e-01 2.595808506011962891e-01 5.844339132308959961e-01 4.074864983558654785e-01 1.467398852109909058e-01 -4.369579553604125977e-01 1.036289408802986145e-01 3.547722101211547852e-01 -2.628219723701477051e-01 -9.872144460678100586e-02 3.999621570110321045e-01 7.929794788360595703e-01 8.912816643714904785e-02 -8.265082240104675293e-01 -8.691816031932830811e-02 -4.307927787303924561e-01 -1.973954141139984131e-01 -3.344545662403106689e-01 -1.315810680389404297e-01 5.947817564010620117e-01 2.029678225517272949e-01 -1.914179772138595581e-01 -8.811015635728836060e-02 2.309607714414596558e-01 -1.879484951496124268e-01 1.314219832420349121e-01 1.702866852283477783e-01 1.950401216745376587e-01 -2.151305079460144043e-01
-2.202572226524353027e-01 -6.175344586372375488e-01 4.564661383628845215e-01 -5.384261608123779297e-01 2.750735878944396973e-01 1.647836565971374512e-01 9.972287714481353760e-02 -2.511709928512573242e-03 -3.079746663570404053e-01 5.296218991279602051e-01 -5.970285534858703613e-01 6.286160647869110107e-02 3.345110416412353516e-01 -4.404527693986892700e-02 -2.618250846862792969e-01 -8.531092852354049683e-02 4.727309346199035645e-01 1.024989634752273560e-01 2.264937460422515869e-01 -6.094506382942199707e-02 9.658984541893005371e-01 1.919614225625991821e-01 -5.146390944719314575e-02 -9.845643490552902222e-02 4.961053431034088135e-01 -2.016902267932891846e-01 -3.192075192928314209e-01 -5.364161729812622070e-01 2.866420149803161621e-01 1.352219283580780029e-01 3.326956629753112793e-01 4.395905733108520508e-01 1.029651612043380737e-01 4.040347933769226074e-01 6.151608377695083618e-02 4.176015257835388184e-01 4.145149886608123779e-01 7.504113912582397461e-01 3.163394331932067871e-01 1.102367341518402100e-01 -5.831520557403564453e-01 1.839009821414947510e-01 3.012580871582031250e-01 -2.012700885534286499e-01 -2.229966670274734497e-01 3.919521570205688477e-01 8.021320104598999023e-01 -5.494371429085731506e-02 -7.986796498298645020e-01 -5.962590500712394714e-02 -3.440481722354888916e-01 -1.009028553962707520e-01 -4.774067699909210205e-01 -1.645779907703399658e-01 7.629774808883666992e-01 3.813676536083221436e-03 -1.074993759393692017e-01 -9.220937639474868774e-02 3.719817399978637695e-01 -3.866951167583465576e-02 1.747704446315765381e-01 3.602572679519653320e-01 2.995358109474182129e-01 -2.180971801280975342e-01
-2.315523624420166016e-01 -6.490088105201721191e-01 6.220481395721435547e-01 -4.894585609436035156e-01 3.167710304260253906e-01 1.198599860072135925e-01 4.320067167282104492e-02 1.337330043315887451e-01 -3.105224668979644775e-01 5.388956665992736816e-01 -5.282513499259948730e-01 9.528294950723648071e-02 3.577630817890167236e-01 7.567420601844787598e-03 -2.530121803283691406e-01 -1.179414466023445129e-01 6.334259510040283203e-01 1.542628258466720581e-01 2.453723549842834473e-01 -7.650401443243026733e-02 1.064340591430664062e+00 1.457984745502471924e-01 -1.041608974337577820e-01 -1.895574927330017090e-01 4.539739191532135010e-01 -2.706428468227386475e-01 -4.272429347038269043e-01 -3.784283995628356934e-01 1.669603884220123291e-01 1.926125437021255493e-01 2.214884757995605469e-01 3.392859995365142822e-01 1.913637667894363403e-01 3.741874694824218750e-01 6.372343003749847412e-02 2.769989967346191406e-01 5.070778131484985352e-01 7.974472045898437500e-01 2.518439590930938721e-01 9.133233129978179932e-02 -6.719034314155578613e-01 2.381271421909332275e-01 2.949940562248229980e-01 -9.297524392604827881e-02 -3.381070792675018311e-01 3.996014893054962158e-01 7.839111685752868652e-01 -1.661840230226516724e-01 -7.297449111938476562e-01 -4.672219976782798767e-02 -3.246211707592010498e-01 -6.834609806537628174e-02 -5.021917223930358887e-01 -1.874381005764007568e-01 8.024394512176513672e-01 -1.018050089478492737e-01 -3.202718496322631836e-02 -5.192091315984725952e-02 4.225003421306610107e-01 6.260623782873153687e-02 1.721373498439788818e-01 4.806010425090789795e-01 3.456963598728179932e-01 -2.676709890365600586e-01
-2.228944152593612671e-01 -3.426655530929565430e-01 -2.959290146827697754e-02 -6.266084313392639160e-01 -5.852788686752319336e-03 1.986609697341918945e-01 1.838258206844329834e-01 -3.967007398605346680e-01 -6.165850162506103516e-02 3.321831524372100830e-01 -5.946974754333496094e-01 -1.921989023685455322e-02 2.091748118400573730e-01 1.814205348491668701e-01 -2.832724452018737793e-01 -1.627861857414245605e-01 5.374743789434432983e-02 6.857514381408691406e-05 7.657359540462493896e-02 2.063029557466506958e-01 5.471105575561523438e-01 2.141343802213668823e-01 -4.220813512802124023e-02 2.452999651432037354e-01 5.616663098335266113e-01 1.418958902359008789e-01 6.440261006355285645e-02 -6.748161315917968750e-01 4.239088594913482666e-01 -2.564117312431335449e-03 6.537783145904541016e-01 6.506026387214660645e-01 -9.830294549465179443e-02 3.375059366226196289e-01 6.062432378530502319e-02 6.873678565025329590e-01 1.443672180175781250e-01 2.593109905719757080e-01 5.058529973030090332e-01 2.549605071544647217e-02 -4.548493027687072754e-02 -8.985159546136856079e-02 5.845322012901306152e-01 -1.638206988573074341e-01 -4.631284251809120178e-02 4.165048003196716309e-01 6.265812516212463379e-01 5.124348998069763184e-01 -8.722203969955444336e-01 -1.036750674247741699e-01 -5.203030109405517578e-01 -2.593448758125305176e-01 -1.456098705530166626e-01 6.998799741268157959e-03 2.545275092124938965e-01 4.176725447177886963e-01 -7.081539928913116455e-02 -8.869100362062454224e-02 4.610894247889518738e-02 -3.692865967750549316e-01 1.320161968469619751e-01 -2.023941278457641602e-02 -1.114105340093374252e-02 5.834748223423957825e-02
-1.936613470315933228e-01 -4.029887616634368896e-01 7.225427031517028809e-02 -5.964365005493164062e-01 3.923911601305007935e-02 1.958392560482025146e-01 2.125551998615264893e-01 -2.957009673118591309e-01 -4.018287360668182373e-02 3.591987788677215576e-01 -5.512390732765197754e-01 -2.169537544250488281e-02 2.207205891609191895e-01 9.922262281179428101e-02 -3.251268863677978516e-01 -1.973829567432403564e-01 1.488560289144515991e-01 -2.694997563958168030e-02 7.362714409828186035e-02 1.722780019044876099e-01 6.321913003921508789e-01 2.039165496826171875e-01 -3.534416109323501587e-02 2.292214035987854004e-01 5.924166440963745117e-01 1.319003403186798096e-01 -2.288095280528068542e-02 -6.437219381332397461e-01 4.090077280998229980e-01 2.031981945037841797e-03 5.803743600845336914e-01 5.696682333946228027e-01 -1.032211929559707642e-01 3.130708932876586914e-01 1.152204573154449463e-01 7.066659331321716309e-01 2.269627451896667480e-01 3.243627548217773438e-01 4.355061054229736328e-01 3.733940422534942627e-02 -9.991844743490219116e-02 -1.122734323143959045e-01 5.542021393775939941e-01 -1.438895612955093384e-01 -8.867907524108886719e-02 3.407225608825683594e-01 6.549254059791564941e-01 5.093129277229309082e-01 -9.577018022537231445e-01 -1.172268390655517578e-01 -5.562676787376403809e-01 -2.691997885704040527e-01 -1.320721656084060669e-01 -4.163893312215805054e-02 3.159444332122802734e-01 3.553674817085266113e-01 -7.708281278610229492e-03 -7.637939602136611938e-02 5.258752033114433289e-02 -3.681268692016601562e-01 1.502966433763504028e-01 8.480197191238403320e-02 5.247745662927627563e-02 -4.146602004766464233e-03
-3.110885024070739746e-01 -4.897819459438323975e-01 4.280054867267608643e-01 -5.348992347717285156e-01 1.975310146808624268e-01 1.652751266956329346e-01 9.293992817401885986e-02 -1.058550179004669189e-02 -4.259522259235382080e-01 5.137879848480224609e-01 -5.441310405731201172e-01 8.233213424682617188e-02 3.865362405776977539e-01 -7.778613269329071045e-02 -2.572563290596008301e-01 -1.256047934293746948e-01 3.140224814414978027e-01 5.135610327124595642e-02 2.391984611749649048e-01 -2.215251028537750244e-01 1.017612695693969727e+00 1.800352782011032104e-01 -8.554187417030334473e-02 -1.451778113842010498e-01 6.636168360710144043e-01 -1.301890611648559570e-01 -2.852670252323150635e-01 -6.566180586814880371e-01 2.886050939559936523e-01 8.184940367937088013e-02 3.861427903175354004e-01 5.013009309768676758e-01 8.082537353038787842e-02 3.427724242210388184e-01 5.138618871569633484e-02 4.477660357952117920e-01 3.202618658542633057e-01 7.095039486885070801e-01 3.709132373332977295e-01 1.068738922476768494e-01 -5.926964879035949707e-01 2.545218467712402344e-01 2.478864192962646484e-01 -2.928650975227355957e-01 -1.746876984834671021e-01 3.115424215793609619e-01 8.935612440109252930e-01 -1.773764193058013916e-01 -7.923240065574645996e-01 -3.651512414216995239e-02 -3.573441803455352783e-01 -1.828436851501464844e-01 -4.791239202022552490e-01 -2.756741642951965332e-01 7.208436727523803711e-01 3.660869598388671875e-02 -1.798079013824462891e-01 -1.591412723064422607e-01 4.339975416660308838e-01 -1.389856934547424316e-01 2.606319636106491089e-02 3.224750757217407227e-01 2.844767272472381592e-01 -2.774934172630310059e-01
-2.040910869836807251e-01 -6.930822134017944336e-01 6.184979677200317383e-01 -4.803593754768371582e-01 3.015204966068267822e-01 1.712405085563659668e-01 8.698900043964385986e-02 1.545857936143875122e-01 -3.164829313755035400e-01 5.634629130363464355e-01 -5.375058650970458984e-01 9.531927108764648438e-02 3.242356181144714355e-01 -4.865798354148864746e-02 -2.665200233459472656e-01 -1.231708079576492310e-01 6.415613889694213867e-01 1.543450057506561279e-01 2.187317907810211182e-01 -9.262243658304214478e-02 1.004989266395568848e+00 1.699270009994506836e-01 -5.801428854465484619e-02 -2.023091316223144531e-01 4.092425107955932617e-01 -2.012657821178436279e-01 -4.484304189682006836e-01 -3.956494629383087158e-01 1.730876266956329346e-01 1.734540164470672607e-01 2.264841198921203613e-01 3.528916835784912109e-01 1.983035355806350708e-01 3.877285122871398926e-01 8.852582424879074097e-02 3.343932032585144043e-01 5.116167068481445312e-01 8.041328191757202148e-01 2.510457038879394531e-01 9.160979092121124268e-02 -6.950426697731018066e-01 2.214953899383544922e-01 2.754467129707336426e-01 -9.808340668678283691e-02 -3.143591582775115967e-01 4.210222065448760986e-01 7.403458356857299805e-01 -1.540343761444091797e-01 -7.415198087692260742e-01 -4.685720801353454590e-02 -3.449551165103912354e-01 -8.816172927618026733e-02 -5.254202485084533691e-01 -1.663094460964202881e-01 8.150824308395385742e-01 -7.938032597303390503e-02 -2.853662148118019104e-02 -5.198607593774795532e-02 4.178507924079895020e-01 7.142668217420578003e-02 1.772015839815139771e-01 4.516530334949493408e-01 3.209577798843383789e-01 -2.218949645757675171e-01
-2.807713747024536133e-01 -5.952341556549072266e-01 6.769646406173706055e-01 -4.924201667308807373e-01 2.648336291313171387e-01 1.095163896679878235e-01 5.988482385873794556e-02 1.540817767381668091e-01 -4.050546884536743164e-01 6.213870644569396973e-01 -5.025283098220825195e-01 1.185444369912147522e-01 4.262672662734985352e-01 -2.495717257261276245e-02 -2.925373315811157227e-01 -6.332831829786300659e-02 5.849174857139587402e-01 1.371399015188217163e-01 2.240443080663681030e-01 -2.431106120347976685e-01 1.083451032638549805e+00 1.710141003131866455e-01 -6.245856732130050659e-02 -2.177438139915466309e-01 5.284487605094909668e-01 -2.494011819362640381e-01 -4.361858963966369629e-01 -4.354922771453857422e-01 1.853216886520385742e-01 2.070712596178054810e-01 1.945023983716964722e-01 3.532391786575317383e-01 1.906959265470504761e-01 3.449176549911499023e-01 2.129758149385452271e-02 3.105642795562744141e-01 4.948361217975616455e-01 8.305078744888305664e-01 2.727916538715362549e-01 7.644227892160415649e-02 -7.260461449623107910e-01 2.968792319297790527e-01 1.648147106170654297e-01 -1.469009369611740112e-01 -3.291509747505187988e-01 3.732741773128509521e-01 8.584482073783874512e-01 -2.820654511451721191e-01 -7.384490966796875000e-01 -4.059455171227455139e-02 -3.106655478477478027e-01 -1.026394516229629517e-01 -5.259277820587158203e-01 -2.860949337482452393e-01 8.292329907417297363e-01 -1.393094658851623535e-01 -2.844730019569396973e-02 -9.745337814092636108e-02 5.281246900558471680e-01 -2.889230847358703613e-03 8.685102313756942749e-02 4.515571296215057373e-01 3.328913152217864990e-01 -2.657713294029235840e-01
-2.794483602046966553e-01 -3.504364192485809326e-01 -1.660660207271575928e-01 -6.509923338890075684e-01 -1.098581403493881226e-02 2.254902124404907227e-01 1.133361980319023132e-01 -4.692051410675048828e-01 -5.424158275127410889e-02 3.557885289192199707e-01 -5.952249765396118164e-01 2.256894856691360474e-02 2.455210089683532715e-01 1.409978568553924561e-01 -2.237610965967178345e-01 -1.134197637438774109e-01 -7.254630327224731445e-04 -6.638422608375549316e-02 1.192650794982910156e-01 1.933129131793975830e-01 5.710313916206359863e-01 2.280786335468292236e-01 -3.916953504085540771e-02 2.798317968845367432e-01 6.099238991737365723e-01 1.232153102755546570e-01 9.096924960613250732e-02 -6.706597805023193359e-01 4.596203863620758057e-01 -4.844087362289428711e-02 6.140096783638000488e-01 6.751914620399475098e-01 -5.435069277882575989e-02 2.954507470130920410e-01 2.131326496601104736e-02 7.655270695686340332e-01 1.003699377179145813e-01 2.382135987281799316e-01 4.698011279106140137e-01 9.256483614444732666e-02 -1.051605790853500366e-01 -1.134871467947959900e-01 5.486283302307128906e-01 -2.022582143545150757e-01 1.102500595152378082e-02 4.002048969268798828e-01 6.331748962402343750e-01 4.679836034774780273e-01 -8.403900861740112305e-01 -8.578836917877197266e-02 -5.293437838554382324e-01 -2.806187868118286133e-01 -6.098156794905662537e-02 2.557561546564102173e-02 2.323520034551620483e-01 4.776897430419921875e-01 -1.265206784009933472e-01 -6.189902871847152710e-02 -3.105602785944938660e-02 -3.624826967716217041e-01 1.222565248608589172e-01 -8.426705747842788696e-02 2.216728776693344116e-02 -4.223347082734107971e-02
-2.144186794757843018e-01 -4.409512877464294434e-01 2.685955762863159180e-01 -5.948402285575866699e-01 1.324339509010314941e-01 1.945170164108276367e-01 1.262567937374114990e-01 -2.153924554586410522e-01 -1.389079988002777100e-01 3.976498842239379883e-01 -5.419237017631530762e-01 9.737655520439147949e-03 2.954528927803039551e-01 9.926020354032516479e-02 -2.866665124893188477e-01 -1.969566345214843750e-01 2.857012152671813965e-01 5.074378475546836853e-02 1.066975146532058716e-01 8.938466757535934448e-02 7.506345510482788086e-01 1.770919561386108398e-01 -6.225457042455673218e-02 7.459833472967147827e-02 5.644626617431640625e-01 7.753476500511169434e-03 -1.343083381652832031e-01 -6.369477510452270508e-01 3.604498505592346191e-01 6.948339194059371948e-02 4.936495125293731689e-01 5.590273737907409668e-01 -2.943954616785049438e-02 3.767610788345336914e-01 9.838002920150756836e-02 5.683945417404174805e-01 2.767817974090576172e-01 4.600954055786132812e-01 4.211393594741821289e-01 8.808305859565734863e-02 -2.812362909317016602e-01 2.025125175714492798e-02 4.898558259010314941e-01 -1.853186935186386108e-01 -1.514689773321151733e-01 3.791755735874176025e-01 7.367666959762573242e-01 2.902222871780395508e-01 -9.088433980941772461e-01 -5.373144894838333130e-02 -5.278373360633850098e-01 -2.213684916496276855e-01 -2.753039300441741943e-01 -3.655023872852325439e-02 4.785451292991638184e-01 2.237714380025863647e-01 -7.470022141933441162e-02 -1.330833435058593750e-01 1.891635656356811523e-01 -2.700494229793548584e-01 1.130580604076385498e-01 2.155516743659973145e-01 1.254081130027770996e-01 -1.066656559705734253e-01
-1.490266323089599609e-01 -3.364160060882568359e-01 -1.747080683708190918e-01 -4.731194674968719482e-01 -9.547509253025054932e-02 7.827398180961608887e-02 2.151126563549041748e-01 -4.603722691535949707e-01 -6.843730807304382324e-03 1.727900356054306030e-01 -5.368018746376037598e-01 -7.408450543880462646e-02 4.610329866409301758e-02 2.027204632759094238e-01 -3.357586860656738281e-01 -2.352912724018096924e-01 4.448308050632476807e-02 -1.026876270771026611e-01 -1.002928465604782104e-01 2.942598462104797363e-01 4.835458397865295410e-01 2.733713686466217041e-01 -4.335910081863403320e-02 4.385752975940704346e-01 4.346328675746917725e-01 1.415009796619415283e-01 1.745916903018951416e-01 -5.386007428169250488e-01 5.075782537460327148e-01 1.116498932242393494e-02 7.202251553535461426e-01 6.173363327980041504e-01 -3.102694824337959290e-02 2.339682132005691528e-01 1.625951826572418213e-01 7.936004996299743652e-01 1.276418864727020264e-01 1.308236718177795410e-01 3.156590461730957031e-01 1.549302041530609131e-02 1.196631044149398804e-01 -3.673116564750671387e-01 6.557275056838989258e-01 -4.984658956527709961e-02 4.162678960710763931e-03 3.549826443195343018e-01 4.824083447456359863e-01 7.541935443878173828e-01 -8.529937267303466797e-01 -1.337123513221740723e-01 -5.713708400726318359e-01 -2.495428621768951416e-01 1.543199419975280762e-01 8.308319002389907837e-02 3.380559384822845459e-02 5.049464106559753418e-01 9.712876379489898682e-02 -2.664998918771743774e-02 -5.851351469755172729e-02 -4.002255797386169434e-01 1.958675831556320190e-01 -5.330386012792587280e-02 -4.751894995570182800e-02 2.402771413326263428e-01
-1.986773610115051270e-01 -5.764083862304687500e-01 2.997875511646270752e-01 -5.455670356750488281e-01 2.076260745525360107e-01 2.407738864421844482e-01 2.045390307903289795e-01 -1.238287538290023804e-01 -1.571052670478820801e-01 4.958483874797821045e-01 -7.110480070114135742e-01 1.431731879711151123e-02 1.982642412185668945e-01 7.327917963266372681e-02 -2.205603867769241333e-01 -1.960514038801193237e-01 4.192125201225280762e-01 1.048377901315689087e-01 1.243689209222793579e-01 1.886951476335525513e-01 7.227517366409301758e-01 2.076906859874725342e-01 -4.652845859527587891e-02 5.546437203884124756e-02 3.956592082977294922e-01 -1.174294874072074890e-01 -2.038421183824539185e-01 -5.170660018920898438e-01 3.146372735500335693e-01 7.783708721399307251e-02 4.764748811721801758e-01 5.140706896781921387e-01 1.057318001985549927e-01 4.258996248245239258e-01 1.202493906021118164e-01 5.252730250358581543e-01 3.999534249305725098e-01 5.935349464416503906e-01 3.545416593551635742e-01 1.742037385702133179e-02 -2.778665721416473389e-01 4.827833920717239380e-02 4.775099754333496094e-01 -1.546608656644821167e-01 -1.247592121362686157e-01 4.705248475074768066e-01 6.812896132469177246e-01 2.403201013803482056e-01 -7.690357565879821777e-01 -1.066002100706100464e-01 -3.404868841171264648e-01 -8.650897443294525146e-02 -3.921315371990203857e-01 -2.637483924627304077e-02 5.754476189613342285e-01 1.688279211521148682e-01 -3.034095466136932373e-02 -7.234998047351837158e-03 1.678287535905838013e-01 -8.652994036674499512e-02 1.795657575130462646e-01 2.560530006885528564e-01 1.599120050668716431e-01 -9.049154818058013916e-03
-3.296403884887695312e-01 -4.675850272178649902e-01 4.724350571632385254e-02 -5.862997174263000488e-01 1.104969456791877747e-01 2.228777408599853516e-01 9.520741552114486694e-02 -2.973732054233551025e-01 -8.455690741539001465e-02 4.395550787448883057e-01 -6.328135132789611816e-01 4.722089320421218872e-02 2.947307825088500977e-01 1.042105630040168762e-01 -2.229523807764053345e-01 -1.445313096046447754e-01 1.454689055681228638e-01 -2.576310560107231140e-02 2.144072800874710083e-01 1.480026692152023315e-01 6.996725797653198242e-01 1.662667989730834961e-01 -6.166808307170867920e-02 1.270220726728439331e-01 6.357937455177307129e-01 5.678837746381759644e-02 -7.428431510925292969e-02 -5.923683643341064453e-01 3.467521071434020996e-01 -1.770702004432678223e-02 5.209051370620727539e-01 5.337209105491638184e-01 3.516585752367973328e-02 3.734757304191589355e-01 2.997776865959167480e-02 6.600490808486938477e-01 2.109175920486450195e-01 4.242978990077972412e-01 4.212288856506347656e-01 6.499302387237548828e-02 -2.508004605770111084e-01 -1.544585078954696655e-02 5.632528662681579590e-01 -1.671941429376602173e-01 -3.317981585860252380e-02 4.061147272586822510e-01 6.915529370307922363e-01 2.866207957267761230e-01 -8.450607061386108398e-01 -7.912249863147735596e-02 -5.134983658790588379e-01 -2.194261699914932251e-01 -1.868213564157485962e-01 -2.906148135662078857e-02 3.728529810905456543e-01 2.916289269924163818e-01 -1.015447676181793213e-01 -1.987042278051376343e-02 2.620921656489372253e-02 -2.545852959156036377e-01 1.664030551910400391e-01 1.165693402290344238e-01 1.249075904488563538e-01 -1.369745731353759766e-01
-3.186950087547302246e-01 -6.035676598548889160e-01 6.463803648948669434e-01 -4.934649169445037842e-01 2.639470696449279785e-01 1.432039439678192139e-01 1.026051789522171021e-01 2.111925035715103149e-01 -4.189547896385192871e-01 6.260448098182678223e-01 -5.407266020774841309e-01 1.225790753960609436e-01 3.468130528926849365e-01 -6.654937565326690674e-02 -2.384024709463119507e-01 -6.147569417953491211e-02 5.567929744720458984e-01 7.998391985893249512e-02 2.702173888683319092e-01 -2.370362579822540283e-01 1.108704805374145508e+00 1.274386048316955566e-01 -7.593770325183868408e-02 -2.340143918991088867e-01 5.025653243064880371e-01 -2.511424124240875244e-01 -4.285557270050048828e-01 -4.077790975570678711e-01 1.621015965938568115e-01 1.235074922442436218e-01 2.432383745908737183e-01 3.446937799453735352e-01 2.035531997680664062e-01 3.299197554588317871e-01 7.406458258628845215e-03 3.226419687271118164e-01 4.815505445003509521e-01 8.454305529594421387e-01 2.553715109825134277e-01 5.779720842838287354e-02 -7.444016337394714355e-01 3.283822536468505859e-01 1.916866302490234375e-01 -1.509548276662826538e-01 -2.621124386787414551e-01 3.398550450801849365e-01 8.669754266738891602e-01 -3.484475016593933105e-01 -7.267167568206787109e-01 -5.336163565516471863e-02 -2.100546360015869141e-01 -5.851741135120391846e-02 -5.685665607452392578e-01 -2.918275594711303711e-01 8.040276765823364258e-01 -1.897224485874176025e-01 -3.468486666679382324e-02 -2.449109405279159546e-02 4.945324957370758057e-01 7.584702223539352417e-02 9.160684794187545776e-02 4.566558301448822021e-01 3.892557024955749512e-01 -2.804813981056213379e-01
-2.805563509464263916e-01 -6.124298572540283203e-01 6.557286977767944336e-01 -5.032191872596740723e-01 2.762401998043060303e-01 1.377802789211273193e-01 7.674723863601684570e-02 1.597802489995956421e-01 -3.942099809646606445e-01 6.367554664611816406e-01 -5.297618508338928223e-01 1.096784919500350952e-01 3.890011310577392578e-01 -3.971952944993972778e-02 -2.579672932624816895e-01 -4.790696129202842712e-02 5.857999324798583984e-01 1.362579315900802612e-01 2.282305657863616943e-01 -2.142031490802764893e-01 1.080161929130554199e+00 1.720852404832839966e-01 -6.556456536054611206e-02 -2.098242640495300293e-01 4.962368309497833252e-01 -2.641795277595520020e-01 -4.242433309555053711e-01 -4.215731918811798096e-01 1.619600951671600342e-01 1.766688823699951172e-01 1.903346627950668335e-01 3.586387634277343750e-01 2.041431069374084473e-01 3.556682467460632324e-01 1.711576431989669800e-02 3.197329938411712646e-01 5.045323967933654785e-01 8.356114029884338379e-01 2.764601111412048340e-01 7.043614983558654785e-02 -7.303786873817443848e-01 2.902241647243499756e-01 1.562910676002502441e-01 -1.513143628835678101e-01 -3.248283267021179199e-01 3.834698796272277832e-01 8.502333760261535645e-01 -2.917344570159912109e-01 -7.270560860633850098e-01 -6.586331874132156372e-02 -2.487226426601409912e-01 -6.273698061704635620e-02 -5.464352369308471680e-01 -2.725761234760284424e-01 8.141356110572814941e-01 -1.554069817066192627e-01 -3.868440166115760803e-02 -5.433385819196701050e-02 5.143915414810180664e-01 5.199403315782546997e-02 8.816341310739517212e-02 4.386081397533416748e-01 3.415640592575073242e-01 -2.523247599601745605e-01
-1.471113860607147217e-01 -5.018280148506164551e-01 3.338763117790222168e-01 -5.381112098693847656e-01 1.466135680675506592e-01 1.941837668418884277e-01 2.187620103359222412e-01 -1.207940727472305298e-01 -1.827633082866668701e-01 4.306340813636779785e-01 -5.591300129890441895e-01 -2.440112829208374023e-02 2.463809847831726074e-01 2.552946656942367554e-02 -3.507819771766662598e-01 -1.872344762086868286e-01 3.413923382759094238e-01 7.240535318851470947e-02 7.820085436105728149e-02 4.467280209064483643e-02 7.512142658233642578e-01 2.353651672601699829e-01 -1.015145331621170044e-02 7.324715703725814819e-02 5.033124685287475586e-01 -8.381001651287078857e-03 -1.892819106578826904e-01 -6.178400516510009766e-01 3.752574324607849121e-01 1.145030856132507324e-01 5.030428767204284668e-01 5.121530890464782715e-01 -5.079210549592971802e-02 3.700385093688964844e-01 1.483680605888366699e-01 5.383620262145996094e-01 3.702981770038604736e-01 5.337903499603271484e-01 4.058853387832641602e-01 3.246786817908287048e-02 -2.878265082836151123e-01 2.391227334737777710e-02 4.452655911445617676e-01 -1.749133616685867310e-01 -1.934181898832321167e-01 3.652651011943817139e-01 7.185635566711425781e-01 3.234496116638183594e-01 -9.102032184600830078e-01 -9.508649259805679321e-02 -4.945309758186340332e-01 -2.082946449518203735e-01 -3.326567709445953369e-01 -1.124434322118759155e-01 5.809800624847412109e-01 1.977965533733367920e-01 -1.508209854364395142e-02 -1.395845413208007812e-01 2.465692609548568726e-01 -2.706646621227264404e-01 1.547159701585769653e-01 2.484416663646697998e-01 1.392634660005569458e-01 -2.878757566213607788e-02
-1.521058082580566406e-01 -6.335157752037048340e-01 5.720770359039306641e-01 -5.084212422370910645e-01 2.785086929798126221e-01 1.387373208999633789e-01 1.027788221836090088e-01 4.655189067125320435e-02 -2.910441458225250244e-01 4.892262518405914307e-01 -5.287568569183349609e-01 4.256422072649002075e-02 3.206371366977691650e-01 -3.409685194492340088e-02 -2.695881724357604980e-01 -1.250577569007873535e-01 5.880492329597473145e-01 1.580566316843032837e-01 1.701276004314422607e-01 -5.626361817121505737e-02 9.617058038711547852e-01 1.806075721979141235e-01 -5.375003814697265625e-02 -1.186623647809028625e-01 4.344772100448608398e-01 -2.204661965370178223e-01 -3.858771026134490967e-01 -5.040228962898254395e-01 2.581053078174591064e-01 1.901424825191497803e-01 3.006731867790222168e-01 3.924953341484069824e-01 9.057220816612243652e-02 3.971784710884094238e-01 9.342337399721145630e-02 3.486485481262207031e-01 4.887013733386993408e-01 7.403212785720825195e-01 2.824694514274597168e-01 9.893213212490081787e-02 -5.683280825614929199e-01 1.695112287998199463e-01 3.169152736663818359e-01 -1.558483988046646118e-01 -2.896523475646972656e-01 3.825769722461700439e-01 7.752580046653747559e-01 -1.084027439355850220e-02 -8.093210458755493164e-01 -2.899992093443870544e-02 -3.991358578205108643e-01 -1.123518049716949463e-01 -4.855313599109649658e-01 -1.510823369026184082e-01 8.020958900451660156e-01 4.686161875724792480e-03 -5.057593435049057007e-02 -1.207208707928657532e-01 3.991726338863372803e-01 -5.223508179187774658e-02 1.808235347270965576e-01 4.493966996669769287e-01 3.146620690822601318e-01 -2.013858258724212646e-01
-2.094346284866333008e-01 -4.588603973388671875e-01 1.760870367288589478e-01 -5.739515423774719238e-01 1.304663717746734619e-01 2.212458252906799316e-01 1.362744271755218506e-01 -2.705373167991638184e-01 -1.377584338188171387e-01 4.113290309906005859e-01 -5.973150730133056641e-01 -6.946794688701629639e-03 2.664333879947662354e-01 1.023651584982872009e-01 -2.735489010810852051e-01 -1.611275672912597656e-01 2.546172738075256348e-01 7.474933564662933350e-02 1.245964616537094116e-01 1.198732182383537292e-01 6.897808313369750977e-01 2.311629652976989746e-01 -7.271593809127807617e-02 1.001282855868339539e-01 5.510616302490234375e-01 7.830016314983367920e-03 -1.126881539821624756e-01 -6.487326025962829590e-01 3.419808447360992432e-01 6.648604571819305420e-02 5.116323232650756836e-01 5.733872056007385254e-01 -1.695755869150161743e-02 3.852627873420715332e-01 8.138497918844223022e-02 5.757027268409729004e-01 2.767241597175598145e-01 4.521829187870025635e-01 4.465968608856201172e-01 6.688240915536880493e-02 -2.409555613994598389e-01 7.001422345638275146e-03 4.888141155242919922e-01 -1.886045485734939575e-01 -1.420308351516723633e-01 4.435092806816101074e-01 7.003615498542785645e-01 3.122627139091491699e-01 -8.581420183181762695e-01 -9.331698715686798096e-02 -4.967588186264038086e-01 -1.889170557260513306e-01 -2.899751663208007812e-01 -5.183165520429611206e-02 4.833099246025085449e-01 2.761418819427490234e-01 -1.136365458369255066e-01 -1.153538748621940613e-01 1.778540760278701782e-01 -2.587078809738159180e-01 1.342738419771194458e-01 1.409577727317810059e-01 9.434352070093154907e-02 -6.128238514065742493e-02
-1.723468005657196045e-01 -3.591719269752502441e-01 2.392513751983642578e-01 -5.887815356254577637e-01 8.589266985654830933e-02 1.819509863853454590e-01 1.657458245754241943e-01 -2.625575065612792969e-01 -1.300529241561889648e-01 3.550007641315460205e-01 -5.662113428115844727e-01 -4.620185494422912598e-02 2.902845740318298340e-01 1.483086645603179932e-01 -3.218890428543090820e-01 -1.837522983551025391e-01 2.314612120389938354e-01 1.058700233697891235e-01 9.115744382143020630e-02 1.044308617711067200e-01 6.931285262107849121e-01 2.301035970449447632e-01 -8.733039349317550659e-02 9.534204751253128052e-02 5.511629581451416016e-01 2.141107618808746338e-02 -8.166842907667160034e-02 -6.854235529899597168e-01 3.477460741996765137e-01 9.197714179754257202e-02 5.307275652885437012e-01 5.933244824409484863e-01 -6.742864847183227539e-02 4.083778262138366699e-01 7.739095389842987061e-02 5.264886617660522461e-01 2.548739314079284668e-01 4.349029958248138428e-01 4.999313950538635254e-01 5.307781696319580078e-02 -1.934202164411544800e-01 3.085937723517417908e-02 4.786776304244995117e-01 -2.201421111822128296e-01 -1.842941492795944214e-01 4.427419900894165039e-01 7.125141024589538574e-01 3.535727858543395996e-01 -8.896448016166687012e-01 -8.815015852451324463e-02 -5.069030523300170898e-01 -1.892405003309249878e-01 -3.204317390918731689e-01 -5.203760415315628052e-02 4.753280282020568848e-01 2.689157128334045410e-01 -1.157745048403739929e-01 -1.568312644958496094e-01 2.550211250782012939e-01 -2.958189249038696289e-01 8.764798194169998169e-02 1.324609816074371338e-01 6.567483395338058472e-02 1.166242361068725586e-02
-1.114095896482467651e-01 -2.531188130378723145e-01 -9.936642646789550781e-02 -6.157304644584655762e-01 -1.620030254125595093e-01 1.104624420404434204e-01 1.275579631328582764e-01 -5.170158743858337402e-01 -1.423710584640502930e-01 1.013297438621520996e-01 -4.874591529369354248e-01 -1.083399504423141479e-01 1.397575587034225464e-01 2.543893456459045410e-01 -3.345782160758972168e-01 -2.233251333236694336e-01 -9.495028853416442871e-02 4.429673776030540466e-02 -1.831400394439697266e-02 1.914560794830322266e-01 5.103425979614257812e-01 2.596701979637145996e-01 -7.257862389087677002e-02 3.649277389049530029e-01 4.957751929759979248e-01 1.796810626983642578e-01 1.463012844324111938e-01 -7.168786525726318359e-01 4.862679839134216309e-01 2.616686746478080750e-02 6.973715424537658691e-01 7.405537366867065430e-01 -1.934566050767898560e-01 2.915515303611755371e-01 1.155858784914016724e-01 6.255151629447937012e-01 -8.060418069362640381e-03 1.001164540648460388e-01 5.839492678642272949e-01 4.413850605487823486e-03 5.362049490213394165e-02 -2.219735085964202881e-01 5.508398413658142090e-01 -1.708322018384933472e-01 -1.171766743063926697e-01 3.698829710483551025e-01 5.800602436065673828e-01 6.646443009376525879e-01 -9.227811098098754883e-01 -4.945562034845352173e-02 -5.543953180313110352e-01 -3.215383887290954590e-01 -5.606757476925849915e-02 7.563162595033645630e-02 1.223278790712356567e-01 5.227470993995666504e-01 -1.304645836353302002e-01 -1.775005757808685303e-01 7.537798583507537842e-02 -4.365908205509185791e-01 6.838525086641311646e-02 -1.353255063295364380e-01 -6.651283055543899536e-02 1.493036448955535889e-01
-2.398097217082977295e-01 -4.480478763580322266e-01 1.886255741119384766e-01 -5.515164732933044434e-01 1.374360918998718262e-01 2.042853236198425293e-01 1.640185266733169556e-01 -2.293847054243087769e-01 -9.629587084054946899e-02 4.261198937892913818e-01 -6.273039579391479492e-01 -7.801927626132965088e-03 2.625595927238464355e-01 1.310503482818603516e-01 -2.375664860010147095e-01 -1.661921739578247070e-01 2.776426076889038086e-01 6.328797340393066406e-02 1.619973182678222656e-01 1.383566558361053467e-01 7.331098318099975586e-01 2.131484746932983398e-01 -9.198916703462600708e-02 8.027861267328262329e-02 5.713462233543395996e-01 2.640336751937866211e-04 -1.096735224127769470e-01 -5.757040381431579590e-01 3.178047239780426025e-01 4.175262525677680969e-02 5.092458128929138184e-01 5.245708227157592773e-01 8.315157145261764526e-03 4.010698795318603516e-01 6.214724853634834290e-02 5.603861808776855469e-01 2.890487611293792725e-01 4.858951270580291748e-01 4.465687870979309082e-01 2.620074898004531860e-02 -2.239902019500732422e-01 8.207742124795913696e-03 5.032826662063598633e-01 -1.865023821592330933e-01 -1.505086570978164673e-01 4.550002217292785645e-01 7.136493921279907227e-01 3.130730986595153809e-01 -8.392782807350158691e-01 -1.066814810037612915e-01 -4.566358029842376709e-01 -1.643728911876678467e-01 -3.131696879863739014e-01 -6.398279964923858643e-02 4.302372336387634277e-01 2.057264745235443115e-01 -7.425607740879058838e-02 -3.309970349073410034e-02 1.521164476871490479e-01 -2.075136899948120117e-01 1.340208202600479126e-01 1.510178446769714355e-01 1.238771006464958191e-01 -4.170419648289680481e-02
-2.459559589624404907e-01 -2.650203406810760498e-01 1.578190624713897705e-01 -6.000843644142150879e-01 4.904779046773910522e-02 1.820708811283111572e-01 1.240525990724563599e-01 -3.316190242767333984e-01 -1.043935045599937439e-01 3.265915811061859131e-01 -5.785662531852722168e-01 -4.797913134098052979e-02 2.564946413040161133e-01 2.148581743240356445e-01 -2.942699193954467773e-01 -1.865124404430389404e-01 1.496722102165222168e-01 8.458419144153594971e-02 1.033986806869506836e-01 1.503536254167556763e-01 6.928465962409973145e-01 2.039345204830169678e-01 -1.561088860034942627e-01 1.162695437669754028e-01 6.218023896217346191e-01 5.913349241018295288e-02 8.301004767417907715e-03 -7.023768424987792969e-01 3.349863290786743164e-01 4.971907660365104675e-02 6.058723926544189453e-01 6.213012337684631348e-01 -1.124583333730697632e-01 3.730301260948181152e-01 1.569294929504394531e-02 5.597827434539794922e-01 1.615664362907409668e-01 3.727459311485290527e-01 5.173094272613525391e-01 6.049674376845359802e-02 -1.256477534770965576e-01 -7.055792957544326782e-04 5.154979228973388672e-01 -2.466067522764205933e-01 -1.163315623998641968e-01 4.099266529083251953e-01 7.105457186698913574e-01 3.495004177093505859e-01 -8.479237556457519531e-01 -7.699169218540191650e-02 -4.889560341835021973e-01 -2.153438627719879150e-01 -2.843331396579742432e-01 -3.881977498531341553e-02 3.667672872543334961e-01 2.984218895435333252e-01 -1.773255765438079834e-01 -1.409008204936981201e-01 2.069274336099624634e-01 -2.952965199947357178e-01 8.242918550968170166e-02 5.605669319629669189e-02 6.135610491037368774e-02 7.749024778604507446e-03
-2.787686288356781006e-01 -4.997866749763488770e-01 2.336128056049346924e-01 -6.016408801078796387e-01 1.955273747444152832e-01 1.869079768657684326e-01 9.952422231435775757e-02 -1.845184713602066040e-01 -2.573466598987579346e-01 4.928595721721649170e-01 -6.066884994506835938e-01 7.015253603458404541e-02 3.591300845146179199e-01 -6.174072623252868652e-04 -2.715775966644287109e-01 -7.380424439907073975e-02 2.573252320289611816e-01 3.695736452937126160e-02 2.064677029848098755e-01 -3.382473811507225037e-02 8.666257858276367188e-01 2.135945558547973633e-01 -5.895955115556716919e-02 3.077454864978790283e-03 6.381885409355163574e-01 -6.486503034830093384e-02 -1.584131717681884766e-01 -6.736205220222473145e-01 3.717091083526611328e-01 7.164266705513000488e-02 4.573172628879547119e-01 5.676925182342529297e-01 2.873043715953826904e-02 3.779227733612060547e-01 2.577795833349227905e-02 5.724244117736816406e-01 2.700422406196594238e-01 6.038742661476135254e-01 3.902193009853363037e-01 1.385205239057540894e-01 -4.503605365753173828e-01 1.231509074568748474e-01 3.644276857376098633e-01 -2.620026469230651855e-01 -1.119904816150665283e-01 3.817749619483947754e-01 8.117467164993286133e-01 8.177939057350158691e-02 -8.393986821174621582e-01 -8.061745017766952515e-02 -4.216984510421752930e-01 -1.960499137639999390e-01 -3.667993843555450439e-01 -1.538031250238418579e-01 5.988262891769409180e-01 1.741397082805633545e-01 -1.721147447824478149e-01 -1.222941055893898010e-01 2.801825702190399170e-01 -1.986181586980819702e-01 1.382938325405120850e-01 1.951026022434234619e-01 1.959144026041030884e-01 -1.983012259006500244e-01
-3.451351523399353027e-01 -4.973511695861816406e-01 2.321741878986358643e-01 -5.789791345596313477e-01 1.614931821823120117e-01 1.869362890720367432e-01 1.301495879888534546e-01 -7.521901279687881470e-02 -2.998282015323638916e-01 5.124727487564086914e-01 -5.971421599388122559e-01 9.977024048566818237e-02 3.321611285209655762e-01 -5.783271417021751404e-02 -2.327177077531814575e-01 -1.120284274220466614e-01 2.237184345722198486e-01 -5.114570632576942444e-02 2.905327677726745605e-01 -1.305681616067886353e-01 9.437220692634582520e-01 1.728722155094146729e-01 -3.430099040269851685e-02 -3.382084518671035767e-02 7.036662101745605469e-01 -6.228872761130332947e-02 -2.014951854944229126e-01 -5.994790792465209961e-01 3.479524254798889160e-01 -2.422795444726943970e-02 4.480880498886108398e-01 5.053527951240539551e-01 4.187515377998352051e-02 3.040357828140258789e-01 1.445424556732177734e-02 5.708900690078735352e-01 2.788145244121551514e-01 6.208295226097106934e-01 3.808223009109497070e-01 6.725309789180755615e-02 -4.936923384666442871e-01 1.749952733516693115e-01 3.211003243923187256e-01 -2.574327588081359863e-01 -7.712641358375549316e-02 3.319630324840545654e-01 8.428810238838195801e-01 -4.824538156390190125e-02 -8.337142467498779297e-01 -5.656810104846954346e-02 -3.970926105976104736e-01 -2.183024436235427856e-01 -3.753132522106170654e-01 -2.216885387897491455e-01 6.045335531234741211e-01 9.792232513427734375e-02 -1.006164178252220154e-01 -2.699916064739227295e-02 2.704581618309020996e-01 -1.671732813119888306e-01 7.953003793954849243e-02 2.161653339862823486e-01 2.609885931015014648e-01 -2.655241787433624268e-01
-2.190859019756317139e-01 -5.027213096618652344e-01 1.977377533912658691e-01 -5.589624643325805664e-01 1.113266721367835999e-01 2.229839861392974854e-01 1.980274617671966553e-01 -2.009158581495285034e-01 -1.039665713906288147e-01 4.374555051326751709e-01 -6.069388389587402344e-01 -7.758721709251403809e-03 2.504795193672180176e-01 4.724248498678207397e-02 -2.806775569915771484e-01 -1.834339499473571777e-01 2.779023051261901855e-01 3.565711900591850281e-02 1.306926161050796509e-01 1.197577938437461853e-01 7.251304388046264648e-01 2.328064292669296265e-01 -4.631164669990539551e-02 1.161417067050933838e-01 5.517550110816955566e-01 3.787018358707427979e-02 -1.438762545585632324e-01 -5.791636109352111816e-01 3.464227616786956787e-01 4.327606409788131714e-02 4.868073463439941406e-01 4.990506172180175781e-01 -2.320236340165138245e-02 3.575386404991149902e-01 1.127899289131164551e-01 6.050213575363159180e-01 3.174901306629180908e-01 4.772958159446716309e-01 4.252237081527709961e-01 2.760376408696174622e-02 -2.244004607200622559e-01 -3.268640115857124329e-02 4.938243031501770020e-01 -1.642127186059951782e-01 -1.574187725782394409e-01 4.109149277210235596e-01 6.968727707862854004e-01 3.571659922599792480e-01 -8.846641778945922852e-01 -1.230315268039703369e-01 -4.951050281524658203e-01 -2.105908691883087158e-01 -2.649299800395965576e-01 -8.973678946495056152e-02 4.710459113121032715e-01 2.411004900932312012e-01 -3.463997691869735718e-02 -5.212455242872238159e-02 1.227457672357559204e-01 -2.481770217418670654e-01 1.538360416889190674e-01 1.686109006404876709e-01 1.248436942696571350e-01 -4.512065276503562927e-02
-1.991092562675476074e-01 -5.987592935562133789e-01 3.165727853775024414e-01 -5.672724246978759766e-01 1.997581124305725098e-01 1.811887025833129883e-01 1.822009980678558350e-01 -9.705815464258193970e-02 -1.459721624851226807e-01 5.165939927101135254e-01 -5.895600914955139160e-01 5.112885683774948120e-02 2.702746391296386719e-01 -2.620007842779159546e-02 -2.792538404464721680e-01 -1.118432432413101196e-01 4.167831540107727051e-01 3.878177329897880554e-02 1.364101916551589966e-01 3.897909447550773621e-02 8.257696628570556641e-01 2.203630954027175903e-01 -7.423102855682373047e-03 4.673938453197479248e-02 5.222782492637634277e-01 -6.603684276342391968e-02 -2.189316153526306152e-01 -5.339118242263793945e-01 3.603264391422271729e-01 9.794673323631286621e-02 4.081178009510040283e-01 4.443578124046325684e-01 4.763856530189514160e-03 3.361360430717468262e-01 9.922868013381958008e-02 5.882998108863830566e-01 4.095506668090820312e-01 6.000446677207946777e-01 3.154523670673370361e-01 7.760640978813171387e-02 -3.734101057052612305e-01 2.028161659836769104e-02 3.954147696495056152e-01 -1.501386612653732300e-01 -1.714884936809539795e-01 3.618043065071105957e-01 7.425888776779174805e-01 2.238542288541793823e-01 -8.854879736900329590e-01 -1.110133156180381775e-01 -4.594061672687530518e-01 -1.979669630527496338e-01 -3.195741772651672363e-01 -1.299632787704467773e-01 5.976289510726928711e-01 1.381269395351409912e-01 1.524125039577484131e-02 -4.858516901731491089e-02 1.905401498079299927e-01 -1.771917045116424561e-01 2.094575762748718262e-01 2.804224789142608643e-01 2.260273247957229614e-01 -1.263504922389984131e-01
-3.331813216209411621e-01 -5.758515596389770508e-01 7.691875100135803223e-01 -4.557598829269409180e-01 2.479856908321380615e-01 1.182421669363975525e-01 8.642056584358215332e-02 3.046185374259948730e-01 -4.655358195304870605e-01 6.555046439170837402e-01 -4.524070918560028076e-01 1.399492621421813965e-01 4.150129258632659912e-01 -4.851841181516647339e-02 -2.499563544988632202e-01 -9.328386187553405762e-02 6.078476309776306152e-01 1.068765223026275635e-01 2.892177700996398926e-01 -3.043045103549957275e-01 1.166770458221435547e+00 1.019718125462532043e-01 -7.084062695503234863e-02 -3.049711585044860840e-01 5.279443264007568359e-01 -2.651165425777435303e-01 -5.085455179214477539e-01 -3.171647191047668457e-01 1.099451407790184021e-01 1.561440825462341309e-01 1.616337597370147705e-01 2.932804822921752930e-01 2.430003136396408081e-01 2.801092267036437988e-01 2.670782431960105896e-02 2.528672218322753906e-01 5.185183286666870117e-01 8.680030107498168945e-01 2.608508765697479248e-01 2.420409955084323883e-02 -8.079298138618469238e-01 3.747298121452331543e-01 1.135991439223289490e-01 -1.183791905641555786e-01 -3.921256363391876221e-01 3.055517375469207764e-01 8.450386524200439453e-01 -4.427161216735839844e-01 -6.835765242576599121e-01 -3.493668884038925171e-02 -1.839974522590637207e-01 -6.937782466411590576e-02 -5.657195448875427246e-01 -3.723265528678894043e-01 7.949545979499816895e-01 -2.446376085281372070e-01 5.186217278242111206e-02 -5.923688411712646484e-03 5.583856701850891113e-01 1.187207922339439392e-01 -8.656890131533145905e-03 4.917808473110198975e-01 3.926189541816711426e-01 -3.080583512783050537e-01
-2.556717693805694580e-01 -6.184887290000915527e-01 6.471983194351196289e-01 -4.950596988201141357e-01 2.864789664745330811e-01 1.207311376929283142e-01 9.699867665767669678e-02 1.459394395351409912e-01 -3.832689225673675537e-01 5.760572552680969238e-01 -5.223247408866882324e-01 1.030192300677299500e-01 3.805941343307495117e-01 -6.678609549999237061e-02 -2.908944487571716309e-01 -8.763455599546432495e-02 5.662174820899963379e-01 1.204759031534194946e-01 2.245823144912719727e-01 -1.849380135536193848e-01 1.090552806854248047e+00 1.568378955125808716e-01 -6.571122258901596069e-02 -1.910829842090606689e-01 5.093935728073120117e-01 -2.281219363212585449e-01 -4.198523759841918945e-01 -4.470686912536621094e-01 2.156788706779479980e-01 1.799143254756927490e-01 2.598731219768524170e-01 3.647873997688293457e-01 1.581491529941558838e-01 3.443716168403625488e-01 6.287692487239837646e-02 3.358739614486694336e-01 4.852611124515533447e-01 8.103069663047790527e-01 2.570446133613586426e-01 8.458196371793746948e-02 -7.023114562034606934e-01 2.658985257148742676e-01 2.293709814548492432e-01 -1.483032852411270142e-01 -3.042964041233062744e-01 3.378489315509796143e-01 8.459947109222412109e-01 -2.191990911960601807e-01 -7.625840902328491211e-01 -5.750133842229843140e-02 -3.120459020137786865e-01 -9.800230711698532104e-02 -5.159346461296081543e-01 -2.839325070381164551e-01 8.220643997192382812e-01 -1.216834709048271179e-01 -3.874517604708671570e-02 -9.312231093645095825e-02 4.798440635204315186e-01 -6.350800395011901855e-04 1.311725527048110962e-01 4.722898304462432861e-01 3.450467586517333984e-01 -2.603976726531982422e-01
-3.175514936447143555e-01 -3.598523437976837158e-01 -4.072879999876022339e-02 -6.559025645256042480e-01 8.468354493379592896e-02 2.132235467433929443e-01 5.728939175605773926e-02 -3.943936824798583984e-01 -1.148697659373283386e-01 4.344146549701690674e-01 -6.165415644645690918e-01 4.271118342876434326e-02 3.588309586048126221e-01 8.243646472692489624e-02 -2.353568524122238159e-01 -6.190376356244087219e-02 4.263401031494140625e-02 -2.650295570492744446e-02 1.989516019821166992e-01 8.954296261072158813e-02 7.083531618118286133e-01 2.077016830444335938e-01 -8.953702449798583984e-02 1.403566896915435791e-01 7.337725758552551270e-01 6.076940149068832397e-02 1.561966165900230408e-02 -7.353485226631164551e-01 3.874322175979614258e-01 -3.955719619989395142e-02 5.214737057685852051e-01 6.408089399337768555e-01 -2.604909986257553101e-02 3.651484847068786621e-01 -4.066780209541320801e-02 6.889767050743103027e-01 9.030007570981979370e-02 4.072669744491577148e-01 4.703244566917419434e-01 1.482969075441360474e-01 -2.816552817821502686e-01 3.448457643389701843e-02 4.535813927650451660e-01 -2.847651243209838867e-01 -1.901246421039104462e-02 4.136521816253662109e-01 7.444390058517456055e-01 2.367390245199203491e-01 -8.590803146362304688e-01 -5.854213610291481018e-02 -5.013231635093688965e-01 -2.185964435338973999e-01 -1.917666345834732056e-01 -5.448987334966659546e-02 3.947803974151611328e-01 3.594282567501068115e-01 -2.319041490554809570e-01 -8.182001858949661255e-02 1.486157029867172241e-01 -2.958734631538391113e-01 1.060614958405494690e-01 -5.539596080780029297e-03 8.264938741922378540e-02 -1.619533151388168335e-01
-1.766432523727416992e-01 -4.233077764511108398e-01 1.445568799972534180e-01 -5.553946495056152344e-01 6.094349175691604614e-02 2.301965951919555664e-01 2.020925581455230713e-01 -2.721287608146667480e-01 -6.443042308092117310e-02 3.789890706539154053e-01 -6.057325601577758789e-01 -3.615243732929229736e-02 1.985566914081573486e-01 1.351122260093688965e-01 -2.939310073852539062e-01 -2.117539644241333008e-01 2.440374046564102173e-01 5.191783234477043152e-02 6.829823553562164307e-02 1.878274232149124146e-01 6.031222343444824219e-01 2.333046346902847290e-01 -6.322233378887176514e-02 1.730832904577255249e-01 5.016474723815917969e-01 5.963840335607528687e-02 -8.463316410779953003e-02 -6.055080890655517578e-01 3.480515778064727783e-01 4.351127147674560547e-02 5.641018152236938477e-01 5.473343729972839355e-01 -6.230474263429641724e-02 3.618386387825012207e-01 1.067054197192192078e-01 6.046847701072692871e-01 2.839629948139190674e-01 3.788468241691589355e-01 4.680092334747314453e-01 2.544477581977844238e-03 -1.004182472825050354e-01 -7.031183689832687378e-02 5.543648600578308105e-01 -1.264077275991439819e-01 -1.242594271898269653e-01 4.283942878246307373e-01 6.254958510398864746e-01 4.694712758064270020e-01 -8.758134841918945312e-01 -1.083578094840049744e-01 -5.135182142257690430e-01 -2.147414535284042358e-01 -2.311104685068130493e-01 -1.447490975260734558e-02 3.997836709022521973e-01 3.325396776199340820e-01 -2.226671017706394196e-02 -7.986932247877120972e-02 8.727842569351196289e-02 -3.067389428615570068e-01 1.418212354183197021e-01 1.268149912357330322e-01 6.107326596975326538e-02 4.194351658225059509e-02
-2.991259992122650146e-01 -6.202673316001892090e-01 5.705128312110900879e-01 -5.038022398948669434e-01 2.544657886028289795e-01 1.810394823551177979e-01 6.945034116506576538e-02 1.079856604337692261e-01 -4.454876780509948730e-01 6.322979331016540527e-01 -5.380325317382812500e-01 1.090975999832153320e-01 3.343136310577392578e-01 -6.789971888065338135e-02 -2.197005301713943481e-01 -5.577744171023368835e-02 5.244517922401428223e-01 1.197400093078613281e-01 2.165794968605041504e-01 -2.448133677244186401e-01 1.039517641067504883e+00 1.803851723670959473e-01 -7.453237473964691162e-02 -1.839418709278106689e-01 5.165624618530273438e-01 -2.486655116081237793e-01 -4.133365750312805176e-01 -5.049524903297424316e-01 1.794733107089996338e-01 1.405093371868133545e-01 2.455526888370513916e-01 4.124975800514221191e-01 1.839913874864578247e-01 3.566964268684387207e-01 1.139970123767852783e-02 3.548343777656555176e-01 4.695340096950531006e-01 8.055988550186157227e-01 2.922815978527069092e-01 7.072012871503829956e-02 -7.091201543807983398e-01 2.817648351192474365e-01 1.634300947189331055e-01 -1.896417587995529175e-01 -2.236921340227127075e-01 3.703340590000152588e-01 8.894441127777099609e-01 -3.013654947280883789e-01 -7.393672466278076172e-01 -4.511174932122230530e-02 -2.485963404178619385e-01 -8.583979308605194092e-02 -5.558636188507080078e-01 -2.573327124118804932e-01 8.197556734085083008e-01 -9.050997346639633179e-02 -1.210885718464851379e-01 -7.814661413431167603e-02 4.823106229305267334e-01 5.395397543907165527e-03 6.380095332860946655e-02 4.043964445590972900e-01 3.401899039745330811e-01 -2.849866449832916260e-01
-2.454910278320312500e-01 -3.494327962398529053e-01 1.887871921062469482e-01 -6.036242842674255371e-01 8.418100327253341675e-02 2.120105922222137451e-01 1.574980169534683228e-01 -2.434592843055725098e-01 -1.504264473915100098e-01 4.126970171928405762e-01 -6.224867105484008789e-01 -1.713417470455169678e-02 2.992081046104431152e-01 1.058011427521705627e-01 -2.713377475738525391e-01 -1.552408337593078613e-01 1.935995966196060181e-01 7.186192274093627930e-02 1.477577388286590576e-01 4.249237105250358582e-02 7.349671721458435059e-01 2.555789053440093994e-01 -9.035939723253250122e-02 8.814143389463424683e-02 6.137133240699768066e-01 2.150304615497589111e-03 -8.176627755165100098e-02 -6.646989583969116211e-01 3.137912750244140625e-01 2.770582586526870728e-02 4.979417920112609863e-01 5.941012501716613770e-01 -3.028012067079544067e-02 3.769283294677734375e-01 2.079245448112487793e-02 5.598548650741577148e-01 2.480581998825073242e-01 4.632955193519592285e-01 4.946683049201965332e-01 5.815780907869338989e-02 -2.273493111133575439e-01 7.362272590398788452e-02 4.142950475215911865e-01 -2.702964544296264648e-01 -1.333429068326950073e-01 4.537518024444580078e-01 7.690340280532836914e-01 2.435517162084579468e-01 -8.459908962249755859e-01 -1.125160455703735352e-01 -4.419001340866088867e-01 -1.885888725519180298e-01 -3.432565033435821533e-01 -1.088669225573539734e-01 4.940135478973388672e-01 2.427047789096832275e-01 -1.526725143194198608e-01 -9.279549866914749146e-02 2.433217912912368774e-01 -2.604946196079254150e-01 6.547740846872329712e-02 9.535032510757446289e-02 9.649769961833953857e-02 -4.375999048352241516e-02
-3.166054189205169678e-01 -6.060692071914672852e-01 7.979699373245239258e-01 -4.547500908374786377e-01 2.721559107303619385e-01 9.406901150941848755e-02 7.296521961688995361e-02 3.240094780921936035e-01 -4.540319144725799561e-01 6.491337418556213379e-01 -4.241747856140136719e-01 1.541699767112731934e-01 4.406799674034118652e-01 -2.658753842115402222e-02 -2.651475071907043457e-01 -1.309337615966796875e-01 6.464962959289550781e-01 1.323740780353546143e-01 2.830671072006225586e-01 -2.502872645854949951e-01 1.188431262969970703e+00 9.118396788835525513e-02 -5.764636397361755371e-02 -3.120913505554199219e-01 5.107902884483337402e-01 -2.630198895931243896e-01 -5.206719040870666504e-01 -2.794549167156219482e-01 9.893586486577987671e-02 1.841180324554443359e-01 1.250999569892883301e-01 2.745013833045959473e-01 2.687235474586486816e-01 2.902439832687377930e-01 7.050450891256332397e-02 2.280534505844116211e-01 5.530350208282470703e-01 8.740935921669006348e-01 2.449918985366821289e-01 3.123577870428562164e-02 -8.249288797378540039e-01 3.394884467124938965e-01 1.224424615502357483e-01 -8.756430447101593018e-02 -4.570728838443756104e-01 3.071381747722625732e-01 8.021100163459777832e-01 -4.162721633911132812e-01 -6.746107935905456543e-01 -3.940825164318084717e-02 -2.001428604125976562e-01 -7.744869589805603027e-02 -5.362094044685363770e-01 -3.498598039150238037e-01 7.759317755699157715e-01 -2.409458160400390625e-01 8.597286045551300049e-02 -3.993250429630279541e-03 5.496548414230346680e-01 1.423103511333465576e-01 5.373726598918437958e-03 5.168561935424804688e-01 3.699235022068023682e-01 -3.079373836517333984e-01
-3.055108785629272461e-01 -5.490395426750183105e-01 3.821147382259368896e-01 -5.637561082839965820e-01 2.277535796165466309e-01 1.845668256282806396e-01 5.854470655322074890e-02 -4.035089910030364990e-02 -3.347222506999969482e-01 5.904043316841125488e-01 -5.947387218475341797e-01 9.243644028902053833e-02 3.813146948814392090e-01 -4.621680825948715210e-02 -2.184888869524002075e-01 -5.167971923947334290e-02 3.804251551628112793e-01 6.195446476340293884e-02 2.447797507047653198e-01 -1.682212054729461670e-01 9.655065536499023438e-01 2.059404104948043823e-01 -5.714450776576995850e-02 -1.063643917441368103e-01 6.139366030693054199e-01 -1.880671381950378418e-01 -2.753710150718688965e-01 -5.918738245964050293e-01 2.657369375228881836e-01 8.090044558048248291e-02 3.062841892242431641e-01 4.638442993164062500e-01 1.064155995845794678e-01 3.841124773025512695e-01 -1.974619925022125244e-02 4.701097607612609863e-01 3.625245988368988037e-01 7.417566776275634766e-01 3.649318218231201172e-01 1.142420321702957153e-01 -5.962206721305847168e-01 2.301921248435974121e-01 2.198303341865539551e-01 -2.548551559448242188e-01 -1.568368375301361084e-01 4.022798836231231689e-01 8.619103431701660156e-01 -1.629450321197509766e-01 -7.895355224609375000e-01 -4.947327077388763428e-02 -3.432379364967346191e-01 -1.344972848892211914e-01 -4.682389795780181885e-01 -1.918395757675170898e-01 7.311516404151916504e-01 2.984118461608886719e-02 -1.529983729124069214e-01 -7.840345054864883423e-02 3.944207727909088135e-01 -7.472532242536544800e-02 8.176660537719726562e-02 2.921963036060333252e-01 2.890876531600952148e-01 -2.738235890865325928e-01
-2.566328644752502441e-01 -6.027140021324157715e-01 1.949850618839263916e-01 -5.458996891975402832e-01 1.731078922748565674e-01 2.734774649143218994e-01 1.479575634002685547e-01 -1.360481083393096924e-01 -1.773250997066497803e-01 5.182349085807800293e-01 -6.278470754623413086e-01 4.700154811143875122e-02 2.366196513175964355e-01 -4.369498789310455322e-02 -2.392034679651260376e-01 -1.384597420692443848e-01 3.110013604164123535e-01 -1.530684530735015869e-03 1.793406903743743896e-01 3.115146979689598083e-02 7.637089490890502930e-01 2.330654412508010864e-01 -1.492252200841903687e-02 5.556084215641021729e-02 5.320863723754882812e-01 -1.200048625469207764e-02 -2.112047672271728516e-01 -5.547895431518554688e-01 3.170978128910064697e-01 1.585301011800765991e-02 4.298942387104034424e-01 4.827827215194702148e-01 5.357433483004570007e-02 3.565382361412048340e-01 9.368240088224411011e-02 6.244230866432189941e-01 3.337185084819793701e-01 5.651744008064270020e-01 3.558509647846221924e-01 8.775938302278518677e-02 -3.873767256736755371e-01 2.362592145800590515e-02 4.277690351009368896e-01 -1.707987040281295776e-01 -8.220309764146804810e-02 3.902172744274139404e-01 7.293837666511535645e-01 1.760220676660537720e-01 -8.569380640983581543e-01 -1.012824401259422302e-01 -4.385490417480468750e-01 -2.009596526622772217e-01 -3.081830143928527832e-01 -8.989319950342178345e-02 5.676624774932861328e-01 1.839630603790283203e-01 -8.252564817667007446e-02 -3.545597940683364868e-02 1.140287667512893677e-01 -1.713255345821380615e-01 1.820983737707138062e-01 2.095449566841125488e-01 1.979355514049530029e-01 -1.605066359043121338e-01
-2.844167947769165039e-01 -6.421357393264770508e-01 5.028763413429260254e-01 -4.809378385543823242e-01 2.820163071155548096e-01 1.854682564735412598e-01 6.571535021066665649e-02 7.476523518562316895e-02 -3.899225890636444092e-01 6.076064109802246094e-01 -5.554628372192382812e-01 1.112970933318138123e-01 3.312076330184936523e-01 -7.410611212253570557e-02 -2.358230501413345337e-01 -9.390454739332199097e-02 5.114442706108093262e-01 9.352420270442962646e-02 2.308482229709625244e-01 -1.693444252014160156e-01 1.018130540847778320e+00 1.752248406410217285e-01 -8.839017897844314575e-02 -1.733189523220062256e-01 5.401996970176696777e-01 -1.866575181484222412e-01 -3.891896605491638184e-01 -5.119596719741821289e-01 1.928240656852722168e-01 1.160312891006469727e-01 2.912852764129638672e-01 4.080286622047424316e-01 1.736370474100112915e-01 3.704404234886169434e-01 4.152901098132133484e-02 4.026202559471130371e-01 4.306371510028839111e-01 7.861434817314147949e-01 2.862142920494079590e-01 9.436835348606109619e-02 -6.871748566627502441e-01 2.294063270092010498e-01 2.447317540645599365e-01 -1.702206581830978394e-01 -2.036354988813400269e-01 3.776530027389526367e-01 8.362599611282348633e-01 -2.228135913610458374e-01 -7.659511566162109375e-01 -4.736584797501564026e-02 -3.176955282688140869e-01 -1.085060387849807739e-01 -5.044404268264770508e-01 -2.157910168170928955e-01 7.703593969345092773e-01 -5.273570865392684937e-02 -1.220169439911842346e-01 -8.226520568132400513e-02 4.162743389606475830e-01 -5.440451204776763916e-03 1.253736019134521484e-01 3.982457220554351807e-01 3.103118240833282471e-01 -2.930577099323272705e-01
-2.449140250682830811e-01 -5.527584552764892578e-01 2.893578112125396729e-01 -5.536664724349975586e-01 2.270324528217315674e-01 2.172625362873077393e-01 9.440477192401885986e-02 -1.286102086305618286e-01 -2.734186351299285889e-01 5.346531271934509277e-01 -5.991920828819274902e-01 3.193973004817962646e-02 3.037697374820709229e-01 -1.932178437709808350e-02 -2.402212768793106079e-01 -1.183763369917869568e-01 3.516969084739685059e-01 6.785076856613159180e-02 2.165943533182144165e-01 -1.700747013092041016e-02 8.717638850212097168e-01 2.187582999467849731e-01 -4.728680104017257690e-02 -1.609640568494796753e-02 5.933980941772460938e-01 -1.145214438438415527e-01 -2.351183146238327026e-01 -6.165564060211181641e-01 3.223096728324890137e-01 6.964793801307678223e-02 4.311060011386871338e-01 5.163531899452209473e-01 3.793753683567047119e-02 3.590300679206848145e-01 3.299880027770996094e-02 5.479800701141357422e-01 3.280915319919586182e-01 6.401711702346801758e-01 3.696379959583282471e-01 1.158215999603271484e-01 -4.611553251743316650e-01 1.205356046557426453e-01 3.221638202667236328e-01 -2.747598290443420410e-01 -1.357050985097885132e-01 3.831879794597625732e-01 7.848880290985107422e-01 3.540090471506118774e-02 -8.298988938331604004e-01 -4.965095967054367065e-02 -3.885664045810699463e-01 -1.697746664285659790e-01 -3.865092992782592773e-01 -1.468843221664428711e-01 6.613230109214782715e-01 1.373700797557830811e-01 -1.424796879291534424e-01 -8.364955335855484009e-02 2.872032225131988525e-01 -1.163513883948326111e-01 1.375978887081146240e-01 2.241236269474029541e-01 2.250526845455169678e-01 -2.180085033178329468e-01
-2.676863968372344971e-01 -5.769582986831665039e-01 3.196893036365509033e-01 -5.710457563400268555e-01 2.322015762329101562e-01 1.997804045677185059e-01 8.133631199598312378e-02 -8.576694875955581665e-02 -3.078683614730834961e-01 5.602312684059143066e-01 -5.940409302711486816e-01 7.472874969244003296e-02 3.488911986351013184e-01 -5.996192991733551025e-02 -2.333361655473709106e-01 -7.658428698778152466e-02 3.543388247489929199e-01 5.236598476767539978e-02 2.288865894079208374e-01 -1.148337423801422119e-01 9.219700694084167480e-01 2.248160839080810547e-01 -4.040084034204483032e-02 -5.671458691358566284e-02 5.904533267021179199e-01 -1.423394083976745605e-01 -2.490491271018981934e-01 -6.099349260330200195e-01 3.068650364875793457e-01 8.062019199132919312e-02 3.509499430656433105e-01 5.002287030220031738e-01 7.137712836265563965e-02 3.766757845878601074e-01 3.076665848493576050e-02 5.236797332763671875e-01 3.491713404655456543e-01 6.911652684211730957e-01 3.697040081024169922e-01 1.255581974983215332e-01 -5.421240329742431641e-01 1.731558144092559814e-01 2.614045739173889160e-01 -2.525390386581420898e-01 -1.520087569952011108e-01 3.950678706169128418e-01 8.311633467674255371e-01 -5.912858620285987854e-02 -8.191021680831909180e-01 -7.438006997108459473e-02 -3.774048388004302979e-01 -1.574771851301193237e-01 -4.243243336677551270e-01 -1.719164401292800903e-01 7.007044553756713867e-01 8.157889544963836670e-02 -1.565390229225158691e-01 -9.362006932497024536e-02 3.342829048633575439e-01 -9.969090670347213745e-02 1.193828880786895752e-01 2.598510682582855225e-01 2.552287280559539795e-01 -2.560061812400817871e-01
-2.721659839153289795e-01 -4.090375602245330811e-01 1.854403913021087646e-01 -6.050868630409240723e-01 1.121698245406150818e-01 1.899335980415344238e-01 1.331394165754318237e-01 -2.197995781898498535e-01 -1.807638108730316162e-01 4.354699850082397461e-01 -6.021009683609008789e-01 2.801762521266937256e-02 3.198743760585784912e-01 6.314127892255783081e-02 -2.808331251144409180e-01 -1.216497644782066345e-01 2.073255926370620728e-01 2.396952733397483826e-02 1.914814412593841553e-01 1.375822443515062332e-02 8.020404577255249023e-01 2.135176062583923340e-01 -8.796456456184387207e-02 5.134832859039306641e-02 6.545708775520324707e-01 1.073278486728668213e-03 -1.120225265622138977e-01 -6.669752597808837891e-01 3.518319427967071533e-01 2.778989076614379883e-02 4.974945783615112305e-01 5.679693818092346191e-01 -3.402371332049369812e-02 3.651858568191528320e-01 1.666836440563201904e-02 5.821651816368103027e-01 2.400675117969512939e-01 5.109206438064575195e-01 4.578217864036560059e-01 7.914055883884429932e-02 -3.088617324829101562e-01 8.006485551595687866e-02 4.165635704994201660e-01 -2.433578819036483765e-01 -1.153500974178314209e-01 4.024934768676757812e-01 7.752858996391296387e-01 1.899839788675308228e-01 -8.606563210487365723e-01 -8.850242197513580322e-02 -4.639774858951568604e-01 -2.071546167135238647e-01 -3.237550556659698486e-01 -1.293122470378875732e-01 5.131488442420959473e-01 2.222235500812530518e-01 -1.452216655015945435e-01 -9.431546181440353394e-02 2.342561632394790649e-01 -2.467500269412994385e-01 9.805838763713836670e-02 1.359571516513824463e-01 1.554383486509323120e-01 -1.242898106575012207e-01
-3.007903993129730225e-01 -5.913825631141662598e-01 7.214360237121582031e-01 -4.904859662055969238e-01 2.660410404205322266e-01 1.267577707767486572e-01 7.668939232826232910e-02 2.356918305158615112e-01 -4.342558383941650391e-01 6.377367973327636719e-01 -4.857067167758941650e-01 1.391036361455917358e-01 4.124953150749206543e-01 -4.651921987533569336e-02 -2.749410271644592285e-01 -7.997465878725051880e-02 5.929685235023498535e-01 1.377237886190414429e-01 2.330694794654846191e-01 -2.697105407714843750e-01 1.115854263305664062e+00 1.464206278324127197e-01 -5.679767578840255737e-02 -2.595468759536743164e-01 5.146396756172180176e-01 -2.464767396450042725e-01 -4.590772986412048340e-01 -3.946806490421295166e-01 1.512779444456100464e-01 1.888117492198944092e-01 1.752419173717498779e-01 3.532010316848754883e-01 2.345690131187438965e-01 3.139833807945251465e-01 3.796031326055526733e-02 2.963108718395233154e-01 5.168004035949707031e-01 8.451285362243652344e-01 2.492247223854064941e-01 6.806828081607818604e-02 -7.831889390945434570e-01 3.327611386775970459e-01 1.350048184394836426e-01 -1.491937488317489624e-01 -3.488233983516693115e-01 3.371055424213409424e-01 8.522979617118835449e-01 -3.490117788314819336e-01 -7.042019367218017578e-01 -4.609309881925582886e-02 -2.468317449092864990e-01 -1.036487296223640442e-01 -5.602011084556579590e-01 -3.095457851886749268e-01 8.169410824775695801e-01 -1.737855970859527588e-01 -3.783833235502243042e-03 -6.109628826379776001e-02 5.409808754920959473e-01 5.581418424844741821e-02 5.241106078028678894e-02 4.616424739360809326e-01 3.514777123928070068e-01 -2.737592160701751709e-01
-1.851786971092224121e-01 -4.252571761608123779e-01 1.193948090076446533e-01 -5.720918178558349609e-01 5.261894315481185913e-02 2.518911957740783691e-01 1.940937936305999756e-01 -2.807207703590393066e-01 -1.304890811443328857e-01 3.834261000156402588e-01 -5.877470374107360840e-01 -5.148406326770782471e-02 2.195829451084136963e-01 1.048334613442420959e-01 -2.860065698623657227e-01 -2.118164002895355225e-01 1.833201497793197632e-01 5.062879249453544617e-02 8.453366160392761230e-02 1.319667100906372070e-01 6.218400597572326660e-01 2.584043145179748535e-01 -2.971685677766799927e-02 1.806577742099761963e-01 5.264222025871276855e-01 5.961642414331436157e-02 -7.934033870697021484e-02 -6.388211250305175781e-01 3.761069178581237793e-01 3.777164593338966370e-02 5.554102063179016113e-01 5.918675661087036133e-01 -6.301349401473999023e-02 3.568338751792907715e-01 1.172921657562255859e-01 6.076785326004028320e-01 2.581008970737457275e-01 3.832353651523590088e-01 5.047417879104614258e-01 1.317881792783737183e-02 -1.394943594932556152e-01 -4.255407676100730896e-02 4.990729093551635742e-01 -1.917312592267990112e-01 -1.386746764183044434e-01 4.259534478187561035e-01 6.630242466926574707e-01 4.356293678283691406e-01 -8.781828284263610840e-01 -9.989733994007110596e-02 -4.873538315296173096e-01 -2.360121756792068481e-01 -2.473004609346389771e-01 -4.319715499877929688e-02 4.216219186782836914e-01 3.437674343585968018e-01 -6.665381044149398804e-02 -9.608263522386550903e-02 1.236075460910797119e-01 -3.088858425617218018e-01 9.743551164865493774e-02 7.605780661106109619e-02 4.720553383231163025e-02 1.322899386286735535e-02
-3.300805091857910156e-01 -5.719345808029174805e-01 7.807707786560058594e-01 -4.390867352485656738e-01 2.715819180011749268e-01 8.728417754173278809e-02 8.427312970161437988e-02 3.271619677543640137e-01 -4.631459414958953857e-01 6.643360853195190430e-01 -4.493929147720336914e-01 1.669790595769882202e-01 4.215620160102844238e-01 -2.095157653093338013e-02 -2.528373003005981445e-01 -1.079735532402992249e-01 6.449902057647705078e-01 1.215593665838241577e-01 2.898817658424377441e-01 -2.815801799297332764e-01 1.169548988342285156e+00 9.532350301742553711e-02 -7.556720077991485596e-02 -3.455106914043426514e-01 5.297081470489501953e-01 -2.536443769931793213e-01 -5.145304799079895020e-01 -2.804766893386840820e-01 9.690439701080322266e-02 1.650472581386566162e-01 1.598839610815048218e-01 2.885573208332061768e-01 2.763873040676116943e-01 2.768483161926269531e-01 2.758723124861717224e-02 2.398652136325836182e-01 5.156166553497314453e-01 8.774337768554687500e-01 2.169126272201538086e-01 3.263472393155097961e-02 -8.243359327316284180e-01 3.698515892028808594e-01 1.044358983635902405e-01 -1.190915256738662720e-01 -4.057316780090332031e-01 3.119502663612365723e-01 8.146405816078186035e-01 -4.713212251663208008e-01 -6.600747704505920410e-01 -2.566521242260932922e-02 -1.811266839504241943e-01 -7.532539963722229004e-02 -5.815749764442443848e-01 -3.692955970764160156e-01 7.678514122962951660e-01 -2.555844187736511230e-01 7.585372030735015869e-02 1.099898666143417358e-02 5.730728507041931152e-01 1.489710509777069092e-01 -4.364834167063236237e-03 4.914340078830718994e-01 3.770487606525421143e-01 -2.981857061386108398e-01
-1.878426373004913330e-01 -4.541361033916473389e-01 3.052073717117309570e-01 -6.004016995429992676e-01 1.898921132087707520e-01 1.152861788868904114e-01 1.224375218152999878e-01 -1.861048489809036255e-01 -1.555064022541046143e-01 3.824380934238433838e-01 -6.473405957221984863e-01 2.429348975419998169e-02 3.354184031486511230e-01 5.460225790739059448e-02 -2.800869345664978027e-01 -7.904946804046630859e-02 3.379580378532409668e-01 1.767219752073287964e-01 1.411221325397491455e-01 5.411461740732192993e-02 8.716943264007568359e-01 2.444193959236145020e-01 -9.249053895473480225e-02 8.996807038784027100e-03 5.559661984443664551e-01 -7.594959437847137451e-02 -1.570431143045425415e-01 -6.235028505325317383e-01 3.320933878421783447e-01 1.248141527175903320e-01 4.078078269958496094e-01 5.427585840225219727e-01 4.503597691655158997e-02 3.705229163169860840e-01 8.343209326267242432e-02 4.346651434898376465e-01 3.611826002597808838e-01 5.423446297645568848e-01 3.483859896659851074e-01 7.701751589775085449e-02 -3.850715756416320801e-01 9.336069971323013306e-02 4.025806784629821777e-01 -2.628552317619323730e-01 -2.544123232364654541e-01 4.424704909324645996e-01 7.815874218940734863e-01 1.992431133985519409e-01 -7.887738347053527832e-01 -9.153948724269866943e-02 -5.092309117317199707e-01 -1.390994042158126831e-01 -4.055326581001281738e-01 -1.343507766723632812e-01 6.521992683410644531e-01 1.685999333858489990e-01 -1.611588150262832642e-01 -1.340720057487487793e-01 3.098407983779907227e-01 -1.998649239540100098e-01 1.738544702529907227e-01 2.103552520275115967e-01 2.114913165569305420e-01 -7.997930049896240234e-02
-2.210256457328796387e-02 -5.581505298614501953e-01 3.092473745346069336e-01 -7.902973890304565430e-01 -1.258652508258819580e-01 -6.118395179510116577e-02 2.239480912685394287e-01 3.764431923627853394e-02 -5.239251852035522461e-01 1.339888423681259155e-01 -5.541413426399230957e-01 4.657026752829551697e-02 3.390543460845947266e-01 -1.243233680725097656e-01 -3.089720606803894043e-01 -2.357304096221923828e-01 -4.977207630872726440e-03 1.163450628519058228e-01 2.526567578315734863e-01 -1.033313050866127014e-01 8.342276811599731445e-01 2.374045997858047485e-01 6.754058599472045898e-02 1.129106879234313965e-01 4.199140965938568115e-01 -3.695534542202949524e-02 -2.180152535438537598e-01 -7.302463650703430176e-01 5.876154899597167969e-01 9.709976613521575928e-02 3.292074203491210938e-01 5.967035293579101562e-01 -4.493279382586479187e-02 4.396018981933593750e-01 2.639780044555664062e-01 3.699829578399658203e-01 2.420337796211242676e-01 5.054200887680053711e-01 6.043853759765625000e-01 -5.336165428161621094e-03 -3.298936188220977783e-01 1.380904614925384521e-01 4.005441069602966309e-01 -2.305543571710586548e-01 -3.939834237098693848e-01 2.557749748229980469e-01 9.161825180053710938e-01 4.083666205406188965e-01 -9.545283317565917969e-01 -1.024930477142333984e-01 -3.876270353794097900e-01 -3.382341563701629639e-01 -3.682120442390441895e-01 -1.912808418273925781e-01 6.466563344001770020e-01 3.044263422489166260e-01 -1.027581691741943359e-01 -1.829361319541931152e-01 2.961239218711853027e-01 -3.041073381900787354e-01 7.707746326923370361e-02 2.021072804927825928e-01 1.526003628969192505e-01 -6.101313978433609009e-03
-1.362721920013427734e-01 -3.296564221382141113e-01 5.194500088691711426e-02 -8.136836886405944824e-01 -2.579061686992645264e-01 -5.013134330511093140e-03 2.754011154174804688e-01 -2.012787461280822754e-01 -3.791186511516571045e-01 4.860640317201614380e-02 -6.566684842109680176e-01 -2.747121453285217285e-02 2.444202005863189697e-01 6.055857986211776733e-02 -3.375912904739379883e-01 -2.063556611537933350e-01 -2.478113919496536255e-01 1.189835667610168457e-01 1.636495292186737061e-01 8.288355916738510132e-02 6.803213357925415039e-01 2.331669628620147705e-01 7.163253426551818848e-02 3.120261728763580322e-01 3.683506548404693604e-01 1.366198658943176270e-01 4.432722553610801697e-02 -7.166823148727416992e-01 6.054593920707702637e-01 4.778355360031127930e-02 5.527071952819824219e-01 7.021117806434631348e-01 -9.006932377815246582e-02 3.878328800201416016e-01 2.242402732372283936e-01 4.336290359497070312e-01 1.043644025921821594e-01 2.388548851013183594e-01 6.335694193840026855e-01 -8.535872399806976318e-02 -8.815657347440719604e-02 8.693753927946090698e-02 5.576622486114501953e-01 -2.445244938135147095e-01 -2.308494001626968384e-01 2.894324362277984619e-01 7.803598642349243164e-01 5.382680892944335938e-01 -8.179169893264770508e-01 -1.551137268543243408e-01 -4.397837817668914795e-01 -2.806592583656311035e-01 -2.718425393104553223e-01 -1.323177814483642578e-01 4.074340462684631348e-01 4.154709279537200928e-01 -1.737264841794967651e-01 -1.773845553398132324e-01 2.041064798831939697e-01 -3.399953246116638184e-01 8.138059079647064209e-02 -2.707239985466003418e-02 5.032731220126152039e-02 1.907517015933990479e-01
-7.210385799407958984e-02 -4.338416457176208496e-01 -2.457769960165023804e-01 -6.878480911254882812e-01 -4.598918259143829346e-01 6.057026609778404236e-02 1.633395552635192871e-01 -3.346617817878723145e-01 -3.976356983184814453e-01 -1.046889275312423706e-02 -5.720228552818298340e-01 -9.891688823699951172e-02 9.099176526069641113e-02 -5.497439205646514893e-02 -2.100756317377090454e-01 -1.956937313079833984e-01 -3.740510940551757812e-01 -1.715965569019317627e-03 -4.324816167354583740e-02 -4.421420395374298096e-02 4.509623646736145020e-01 5.193411111831665039e-01 3.352945297956466675e-02 3.742645978927612305e-01 2.963325083255767822e-01 3.766544163227081299e-01 2.396874427795410156e-01 -6.820069551467895508e-01 5.541169643402099609e-01 -7.823771238327026367e-02 5.356901884078979492e-01 6.755172610282897949e-01 -2.292257398366928101e-01 2.877988219261169434e-01 2.164284288883209229e-01 5.560880303382873535e-01 -2.397369444370269775e-01 1.289432793855667114e-01 8.049597740173339844e-01 7.906794548034667969e-03 6.607783585786819458e-02 -1.820631027221679688e-01 4.849520325660705566e-01 -9.843133389949798584e-02 -2.703081965446472168e-01 4.536439776420593262e-01 6.266995668411254883e-01 7.268622517585754395e-01 -7.440831661224365234e-01 -1.970246732234954834e-01 -4.579642713069915771e-01 -4.955239892005920410e-01 -3.819544240832328796e-02 -4.721567034721374512e-02 1.062812805175781250e-01 5.848461985588073730e-01 -2.134357243776321411e-01 -1.764719486236572266e-01 7.500015199184417725e-02 -3.796784281730651855e-01 1.210179924964904785e-01 -2.928377389907836914e-01 -1.917879283428192139e-01 3.194619715213775635e-01
-1.648815423250198364e-01 -7.332590222358703613e-01 6.136307716369628906e-01 -6.223573088645935059e-01 1.582715660333633423e-02 -5.210485309362411499e-02 2.212629914283752441e-01 3.669006228446960449e-01 -5.986407399177551270e-01 4.809653460979461670e-01 -4.217413067817687988e-01 1.558697670698165894e-01 3.753993809223175049e-01 -2.119211107492446899e-01 -1.818179339170455933e-01 -1.404792517423629761e-01 3.667044639587402344e-01 1.319068074226379395e-01 4.294977188110351562e-01 -3.463457822799682617e-01 1.059921979904174805e+00 1.008162274956703186e-01 1.208934187889099121e-01 -1.463133096694946289e-01 4.092292189598083496e-01 -2.361094653606414795e-01 -5.651459097862243652e-01 -3.889601230621337891e-01 2.490500807762145996e-01 1.558523476123809814e-01 -1.145321503281593323e-02 2.326914668083190918e-01 1.658196300268173218e-01 4.060664176940917969e-01 2.324389517307281494e-01 2.037452310323715210e-01 6.629562377929687500e-01 7.796952128410339355e-01 4.181541204452514648e-01 -1.485078483819961548e-01 -7.104998230934143066e-01 3.079327046871185303e-01 1.664570569992065430e-01 -1.614567488431930542e-01 -5.500673055648803711e-01 2.599924504756927490e-01 9.312844276428222656e-01 -1.484989225864410400e-01 -8.823042511940002441e-01 -8.085016161203384399e-02 -2.296996414661407471e-01 -7.803802937269210815e-02 -5.622280836105346680e-01 -3.708335757255554199e-01 7.614071965217590332e-01 -7.631006091833114624e-02 9.729877114295959473e-02 4.430204629898071289e-03 4.800346791744232178e-01 -2.063926309347152710e-02 3.881704434752464294e-02 4.976240694522857666e-01 4.399862587451934814e-01 -2.618279159069061279e-01
-1.568734049797058105e-01 -5.316705703735351562e-01 5.790305733680725098e-01 -6.584084033966064453e-01 5.270958691835403442e-02 6.988023221492767334e-02 2.057472765445709229e-01 2.054405361413955688e-01 -6.217266321182250977e-01 3.062101304531097412e-01 -4.963029325008392334e-01 1.518149077892303467e-01 4.728165864944458008e-01 -1.620422899723052979e-01 -3.793723583221435547e-01 -2.827262580394744873e-01 2.360877543687820435e-01 2.515538036823272705e-01 3.029009699821472168e-01 -2.467615455389022827e-01 1.004120230674743652e+00 1.682640463113784790e-01 6.865474581718444824e-02 -5.890593677759170532e-02 3.955177962779998779e-01 -1.835575550794601440e-01 -5.565292239189147949e-01 -4.944501519203186035e-01 3.298256993293762207e-01 1.853657811880111694e-01 1.241269409656524658e-01 4.589381814002990723e-01 1.553429365158081055e-01 4.472521543502807617e-01 3.754947185516357422e-01 1.506036818027496338e-01 5.388691425323486328e-01 6.607059240341186523e-01 4.226621985435485840e-01 -3.600932657718658447e-02 -7.019234895706176758e-01 2.577265501022338867e-01 2.479466199874877930e-01 -1.881893724203109741e-01 -4.842919111251831055e-01 1.837809383869171143e-01 8.185566067695617676e-01 -5.348295345902442932e-02 -8.465875387191772461e-01 -1.257249414920806885e-01 -3.273850381374359131e-01 -1.723514795303344727e-01 -6.735984683036804199e-01 -4.064561128616333008e-01 8.599034547805786133e-01 1.481121778488159180e-01 -1.460003256797790527e-01 -2.174302935600280762e-01 4.658128619194030762e-01 -1.575169265270233154e-01 -1.117689684033393860e-01 4.558170735836029053e-01 3.188785314559936523e-01 -2.390827089548110962e-01
-1.078962832689285278e-01 -6.346005201339721680e-01 5.307459831237792969e-01 -7.030296921730041504e-01 1.967906206846237183e-02 -6.830690056085586548e-02 1.435256600379943848e-01 1.698181331157684326e-01 -5.291286706924438477e-01 3.264472484588623047e-01 -4.420489966869354248e-01 1.344898343086242676e-01 4.710226655006408691e-01 -1.372837424278259277e-01 -3.026759624481201172e-01 -1.978395730257034302e-01 3.277115225791931152e-01 1.466404944658279419e-01 2.963122129440307617e-01 -2.413453906774520874e-01 9.691200256347656250e-01 1.955461502075195312e-01 8.332456648349761963e-02 1.988668739795684814e-02 4.433434009552001953e-01 -2.662506401538848877e-01 -4.947679638862609863e-01 -5.084671974182128906e-01 3.569656610488891602e-01 2.209405899047851562e-01 1.516520231962203979e-02 3.935520648956298828e-01 1.026380062103271484e-01 4.787287712097167969e-01 2.548796534538269043e-01 1.814949214458465576e-01 5.441994667053222656e-01 6.989390254020690918e-01 4.132828116416931152e-01 -2.432148903608322144e-03 -5.851028561592102051e-01 1.853494942188262939e-01 2.680112123489379883e-01 -1.875467151403427124e-01 -4.940595328807830811e-01 2.931727170944213867e-01 9.565950036048889160e-01 9.478890895843505859e-02 -9.423966407775878906e-01 -4.237952083349227905e-02 -3.759597241878509521e-01 -1.980027407407760620e-01 -4.945640265941619873e-01 -2.709898948669433594e-01 8.221212625503540039e-01 1.486536413431167603e-01 -4.601443558931350708e-02 -1.590949296951293945e-01 4.501260817050933838e-01 -2.356975972652435303e-01 7.996153831481933594e-02 4.731230437755584717e-01 3.213506340980529785e-01 -2.737447619438171387e-01
-1.234559118747711182e-01 -7.398790121078491211e-01 6.140986680984497070e-01 -7.067559361457824707e-01 6.363324075937271118e-02 -2.984917908906936646e-02 2.256846725940704346e-01 3.028646707534790039e-01 -6.047996878623962402e-01 3.072963654994964600e-01 -4.171147346496582031e-01 1.017689257860183716e-01 3.432030379772186279e-01 -2.477974593639373779e-01 -2.525945305824279785e-01 -1.419464498758316040e-01 2.917353510856628418e-01 1.529518812894821167e-01 3.951711058616638184e-01 -2.861274480819702148e-01 1.095377564430236816e+00 7.936121523380279541e-02 1.107796579599380493e-01 -9.741180390119552612e-02 3.895536661148071289e-01 -2.921192646026611328e-01 -5.329432487487792969e-01 -4.929642081260681152e-01 3.779692351818084717e-01 2.038884162902832031e-01 6.860114634037017822e-02 3.518130183219909668e-01 5.937952175736427307e-02 4.042970538139343262e-01 2.770385742187500000e-01 1.711742132902145386e-01 6.413835287094116211e-01 7.190508246421813965e-01 4.185714125633239746e-01 -1.001146584749221802e-01 -6.732677221298217773e-01 2.546098828315734863e-01 2.249785661697387695e-01 -1.901910454034805298e-01 -5.474377274513244629e-01 1.660397350788116455e-01 9.369042515754699707e-01 -2.202665060758590698e-02 -8.979126811027526855e-01 -8.705044537782669067e-02 -2.311666607856750488e-01 -1.659652292728424072e-01 -5.895786285400390625e-01 -3.678559064865112305e-01 8.392352461814880371e-01 6.869293749332427979e-03 4.862342029809951782e-03 -8.878675848245620728e-02 4.258146882057189941e-01 -7.618479430675506592e-02 3.204376995563507080e-02 5.027183294296264648e-01 4.897938072681427002e-01 -2.659424245357513428e-01
4.087434709072113037e-02 -4.799879491329193115e-01 1.668565720319747925e-01 -7.183433771133422852e-01 -1.634351611137390137e-01 -3.295280039310455322e-02 2.604490518569946289e-01 -3.952324390411376953e-03 -5.055448412895202637e-01 -2.637312561273574829e-02 -5.276645421981811523e-01 -1.030081808567047119e-01 1.785378456115722656e-01 -3.379290550947189331e-02 -3.180989623069763184e-01 -2.661175131797790527e-01 -2.263360470533370972e-01 1.119472980499267578e-01 3.039277791976928711e-01 -2.013663575053215027e-02 6.921541690826416016e-01 1.867568045854568481e-01 1.274658143520355225e-01 1.372400373220443726e-01 3.490086495876312256e-01 9.388040751218795776e-02 -1.021785438060760498e-01 -7.089753150939941406e-01 6.129078269004821777e-01 -3.081940114498138428e-03 4.842380285263061523e-01 5.847789645195007324e-01 -1.598180979490280151e-01 4.475640058517456055e-01 3.130176365375518799e-01 3.203682005405426025e-01 1.361608505249023438e-01 3.230113685131072998e-01 7.167852520942687988e-01 -9.427402913570404053e-02 -2.037699222564697266e-01 1.072685047984123230e-01 5.036782026290893555e-01 -2.207470387220382690e-01 -4.266713559627532959e-01 2.091106176376342773e-01 8.131692409515380859e-01 4.991846680641174316e-01 -9.920099377632141113e-01 -1.075336486101150513e-01 -3.436895608901977539e-01 -3.019361495971679688e-01 -3.379462063312530518e-01 -1.585628837347030640e-01 4.714868068695068359e-01 2.683336138725280762e-01 -1.092286407947540283e-01 -1.949743032455444336e-01 1.679283827543258667e-01 -3.028913438320159912e-01 -9.020427241921424866e-04 3.247290849685668945e-02 1.104221418499946594e-01 1.067193150520324707e-01
6.766691803932189941e-03 -4.815807640552520752e-01 2.332929670810699463e-01 -7.020142078399658203e-01 -7.622899115085601807e-02 4.133151099085807800e-02 2.467378079891204834e-01 -6.535805016756057739e-02 -5.675491690635681152e-01 -2.035774290561676025e-03 -5.310749411582946777e-01 -7.689857482910156250e-02 2.361041009426116943e-01 -1.434309184551239014e-01 -3.445985913276672363e-01 -2.320252060890197754e-01 -1.607348024845123291e-02 2.517482042312622070e-01 8.166880905628204346e-02 -1.056917682290077209e-01 8.766264915466308594e-01 3.106482326984405518e-01 9.984813630580902100e-02 6.160804256796836853e-02 3.906162977218627930e-01 4.275002330541610718e-02 -1.371833384037017822e-01 -7.216059565544128418e-01 5.006937384605407715e-01 1.101944074034690857e-01 4.117832481861114502e-01 6.391462087631225586e-01 -3.304343670606613159e-02 3.478499650955200195e-01 4.594374299049377441e-01 3.019736409187316895e-01 3.285431563854217529e-01 3.744761049747467041e-01 5.203098058700561523e-01 -1.908384636044502258e-02 -3.807575702667236328e-01 9.276177734136581421e-02 3.766575157642364502e-01 -2.663424015045166016e-01 -5.299427509307861328e-01 2.590304911136627197e-01 7.012463808059692383e-01 3.217299580574035645e-01 -6.872639060020446777e-01 -9.603859484195709229e-02 -4.654642939567565918e-01 -2.895612418651580811e-01 -4.720418751239776611e-01 -3.486165702342987061e-01 6.844089627265930176e-01 4.224955737590789795e-01 -2.134550213813781738e-01 -3.495646715164184570e-01 4.179996550083160400e-01 -2.753470540046691895e-01 -4.868604987859725952e-02 1.506976187229156494e-01 2.015472203493118286e-01 1.028625071048736572e-01
-7.109456509351730347e-02 -4.076187014579772949e-01 2.842128872871398926e-01 -7.562857866287231445e-01 -1.949400901794433594e-01 -7.199188321828842163e-02 2.852969169616699219e-01 -2.880255132913589478e-02 -3.039994835853576660e-01 1.596947014331817627e-01 -5.636483430862426758e-01 -7.091954350471496582e-03 3.694444894790649414e-01 -1.053932160139083862e-01 -3.692440986633300781e-01 -2.006354629993438721e-01 2.106543630361557007e-03 2.343122214078903198e-01 5.328532308340072632e-02 -1.257629543542861938e-01 8.669561147689819336e-01 3.310158848762512207e-01 4.169675707817077637e-02 1.133109629154205322e-01 4.753090143203735352e-01 5.462361127138137817e-02 -1.152776107192039490e-01 -6.627261638641357422e-01 4.588651657104492188e-01 1.713495552539825439e-01 2.888165414333343506e-01 4.911769032478332520e-01 -1.023357510566711426e-01 4.215500354766845703e-01 3.014567196369171143e-01 3.558932840824127197e-01 3.358970880508422852e-01 4.608355164527893066e-01 5.922998785972595215e-01 -5.474624037742614746e-02 -2.083183526992797852e-01 4.510431736707687378e-02 3.648945093154907227e-01 -2.382440119981765747e-01 -4.341243505477905273e-01 2.978250682353973389e-01 7.900417447090148926e-01 4.905875921249389648e-01 -8.321080803871154785e-01 -2.168776541948318481e-01 -5.439006090164184570e-01 -3.194449543952941895e-01 -3.444109261035919189e-01 -2.793990671634674072e-01 5.672758221626281738e-01 3.792326152324676514e-01 -1.051630154252052307e-01 -2.071471810340881348e-01 3.018248081207275391e-01 -3.485765159130096436e-01 -1.538387779146432877e-02 1.989854872226715088e-01 1.634770929813385010e-01 1.730382293462753296e-01
-1.289582848548889160e-01 -7.369774580001831055e-01 5.648185610771179199e-01 -6.016154885292053223e-01 1.049491018056869507e-02 -6.325799971818923950e-02 2.514868676662445068e-01 3.209816217422485352e-01 -5.430723428726196289e-01 4.927005171775817871e-01 -4.635418355464935303e-01 9.962552040815353394e-02 3.723567128181457520e-01 -2.682564258575439453e-01 -2.017284184694290161e-01 -1.127813383936882019e-01 3.233507275581359863e-01 1.514915823936462402e-01 3.796954751014709473e-01 -3.324218988418579102e-01 1.023493885993957520e+00 1.594322025775909424e-01 1.085096895694732666e-01 -1.260876953601837158e-01 4.380909204483032227e-01 -1.930120438337326050e-01 -5.161131024360656738e-01 -4.737682640552520752e-01 2.560556828975677490e-01 1.682405769824981689e-01 2.081321179866790771e-02 2.221942543983459473e-01 1.375912278890609741e-01 4.163986444473266602e-01 2.163636386394500732e-01 2.521832585334777832e-01 6.295961141586303711e-01 7.860029935836791992e-01 4.231944084167480469e-01 -1.277363449335098267e-01 -6.529726386070251465e-01 2.558244168758392334e-01 1.833826601505279541e-01 -2.306784242391586304e-01 -5.259412527084350586e-01 2.723824083805084229e-01 9.344403147697448730e-01 -4.574909061193466187e-02 -9.369810819625854492e-01 -1.098947450518608093e-01 -2.761499583721160889e-01 -1.067989692091941833e-01 -5.376092195510864258e-01 -3.653587102890014648e-01 7.554488182067871094e-01 -3.693576902151107788e-02 6.513414531946182251e-02 -2.625741809606552124e-02 4.625822007656097412e-01 -5.781508982181549072e-02 8.291538804769515991e-02 4.567039310932159424e-01 4.134101569652557373e-01 -1.975662261247634888e-01
-1.418849229812622070e-01 -6.029861569404602051e-01 6.982632279396057129e-01 -6.678815484046936035e-01 1.646024882793426514e-01 1.073174774646759033e-01 2.335255742073059082e-01 3.950216174125671387e-01 -6.777060031890869141e-01 4.373226761817932129e-01 -4.509631395339965820e-01 1.484115123748779297e-01 3.343228399753570557e-01 -1.624826192855834961e-01 -2.750138044357299805e-01 -2.679640352725982666e-01 4.657346606254577637e-01 2.077500373125076294e-01 3.120564222335815430e-01 -1.885351389646530151e-01 1.100868582725524902e+00 7.064455002546310425e-02 1.580793261528015137e-01 -1.254092454910278320e-01 2.766021788120269775e-01 -3.866166174411773682e-01 -6.014196872711181641e-01 -2.691388726234436035e-01 2.887381911277770996e-01 9.526407718658447266e-02 2.931107580661773682e-02 3.615871369838714600e-01 1.781151294708251953e-01 3.449537754058837891e-01 4.310327470302581787e-01 8.492168784141540527e-02 6.704452037811279297e-01 7.560114860534667969e-01 3.056783676147460938e-01 -5.922099202871322632e-02 -8.157004117965698242e-01 3.416695892810821533e-01 7.757370918989181519e-02 -9.363655745983123779e-02 -5.894152522087097168e-01 1.257141530513763428e-01 7.883307337760925293e-01 -3.604884743690490723e-01 -7.221879959106445312e-01 -8.304437249898910522e-02 -4.372509568929672241e-02 1.640158705413341522e-02 -7.141848802566528320e-01 -4.688042998313903809e-01 9.323205947875976562e-01 -8.343214541673660278e-02 3.491324931383132935e-02 -8.722833544015884399e-02 5.408544540405273438e-01 1.436121463775634766e-01 -2.515123486518859863e-01 4.933595955371856689e-01 4.219672679901123047e-01 -3.129731714725494385e-01
4.588457942008972168e-02 -6.069291234016418457e-01 2.255653738975524902e-01 -8.552401661872863770e-01 -1.216048300266265869e-01 -5.244115740060806274e-02 2.273606359958648682e-01 -2.534121647477149963e-02 -5.585976839065551758e-01 9.693869948387145996e-02 -6.073279380798339844e-01 8.916564285755157471e-03 2.811306416988372803e-01 -1.600668430328369141e-01 -3.156054019927978516e-01 -1.636769324541091919e-01 -1.076409816741943359e-01 1.492963135242462158e-01 2.301503419876098633e-01 -1.387314591556787491e-02 8.186947107315063477e-01 1.322817951440811157e-01 1.914829313755035400e-01 1.185289174318313599e-01 3.006682991981506348e-01 -4.042161256074905396e-02 -1.499771177768707275e-01 -7.588963508605957031e-01 7.353171110153198242e-01 5.672369897365570068e-02 3.897863030433654785e-01 6.178181171417236328e-01 -1.120875477790832520e-01 4.269459247589111328e-01 3.820459544658660889e-01 3.631775975227355957e-01 2.552331984043121338e-01 4.344356954097747803e-01 6.603676080703735352e-01 -7.415887713432312012e-02 -3.694296181201934814e-01 1.670357286930084229e-01 4.123069643974304199e-01 -1.759167760610580444e-01 -4.703884124755859375e-01 2.047615647315979004e-01 7.891524434089660645e-01 3.873710632324218750e-01 -8.941198587417602539e-01 -5.642946437001228333e-02 -3.709538578987121582e-01 -2.364722192287445068e-01 -3.030609190464019775e-01 -1.640282273292541504e-01 6.904368400573730469e-01 3.384285569190979004e-01 -8.313202857971191406e-02 -2.677901089191436768e-01 2.198164314031600952e-01 -2.211007773876190186e-01 -1.702661812305450439e-02 1.388358771800994873e-01 2.202779203653335571e-01 3.411204740405082703e-02
-5.853503942489624023e-03 -5.049574375152587891e-01 4.552754014730453491e-02 -8.228068351745605469e-01 -2.946443557739257812e-01 3.609299659729003906e-03 1.898695826530456543e-01 -2.185663133859634399e-01 -5.580051541328430176e-01 9.754597395658493042e-02 -5.894573330879211426e-01 3.063202649354934692e-02 3.259442448616027832e-01 -1.222456768155097961e-01 -2.913925647735595703e-01 -2.795100510120391846e-01 -1.767589449882507324e-01 2.756077051162719727e-01 -5.910508334636688232e-03 2.271200343966484070e-02 7.364559173583984375e-01 2.888366281986236572e-01 1.354901641607284546e-01 1.913433521986007690e-01 2.572705745697021484e-01 1.040346547961235046e-01 7.799085229635238647e-03 -7.893064618110656738e-01 7.116965651512145996e-01 9.407974779605865479e-02 4.827719032764434814e-01 6.601401567459106445e-01 -2.046567350625991821e-01 4.313532710075378418e-01 4.539747536182403564e-01 4.093146622180938721e-01 6.070328503847122192e-02 4.269347190856933594e-01 8.136345744132995605e-01 -1.056829094886779785e-02 -2.354770302772521973e-01 3.420151770114898682e-04 3.704696893692016602e-01 -1.082777678966522217e-01 -4.078682661056518555e-01 2.855042517185211182e-01 5.146575570106506348e-01 5.006204247474670410e-01 -7.136656641960144043e-01 -1.454896628856658936e-01 -4.413722753524780273e-01 -3.613848090171813965e-01 -2.763502895832061768e-01 -1.257608532905578613e-01 4.308733940124511719e-01 6.394955515861511230e-01 -1.895377784967422485e-01 -3.493658006191253662e-01 2.255041450262069702e-01 -1.633849143981933594e-01 -1.684972345829010010e-01 -1.723341643810272217e-03 2.917412668466567993e-02 1.645908653736114502e-01
-6.882031261920928955e-02 -5.154534578323364258e-01 4.747140407562255859e-01 -6.890055537223815918e-01 1.388401389122009277e-01 1.223885416984558105e-01 2.177433967590332031e-01 1.578794270753860474e-01 -6.470091938972473145e-01 2.022117227315902710e-01 -4.726924598217010498e-01 5.314087495207786560e-02 3.469264507293701172e-01 -1.810937225818634033e-01 -3.619348406791687012e-01 -3.903230130672454834e-01 3.236469626426696777e-01 1.709748953580856323e-01 1.736414879560470581e-01 5.898531526327133179e-04 1.024162530899047852e+00 2.310778796672821045e-01 7.767884433269500732e-02 1.938631013035774231e-02 3.881258666515350342e-01 -2.307288646697998047e-01 -4.509060680866241455e-01 -5.425404906272888184e-01 3.556609749794006348e-01 4.180186986923217773e-02 1.841469407081604004e-01 5.555183887481689453e-01 9.044972062110900879e-02 4.602429866790771484e-01 5.184392929077148438e-01 1.572918444871902466e-01 4.310835301876068115e-01 6.384585499763488770e-01 3.307707309722900391e-01 1.089907437562942505e-01 -6.357157826423645020e-01 9.037362039089202881e-02 2.485099136829376221e-01 -2.320560961961746216e-01 -5.138667225837707520e-01 1.427718698978424072e-01 7.472784519195556641e-01 -2.187511324882507324e-02 -7.703986763954162598e-01 -8.504411578178405762e-02 -2.468769550323486328e-01 -1.118960231542587280e-01 -5.957367420196533203e-01 -3.710603713989257812e-01 8.478631973266601562e-01 2.130229920148849487e-01 -2.103258222341537476e-01 -2.433440387248992920e-01 5.351505279541015625e-01 -1.090935915708541870e-01 -1.501096785068511963e-01 4.357184469699859619e-01 2.177800536155700684e-01 -2.326936274766921997e-01
-6.783524155616760254e-02 -7.234265804290771484e-01 6.780149936676025391e-01 -7.233026623725891113e-01 8.771703392267227173e-02 -1.375566422939300537e-02 2.980041503906250000e-01 3.805429339408874512e-01 -6.232575774192810059e-01 3.291276097297668457e-01 -4.946600794792175293e-01 2.795160114765167236e-01 4.284349977970123291e-01 -2.934966087341308594e-01 -2.457246929407119751e-01 -1.975304186344146729e-01 5.138084292411804199e-01 1.958045512437820435e-01 3.161538243293762207e-01 -2.788704633712768555e-01 1.099771738052368164e+00 1.665853708982467651e-01 4.430425167083740234e-02 -3.101280927658081055e-01 4.019913673400878906e-01 -2.906715273857116699e-01 -6.117253899574279785e-01 -4.355374574661254883e-01 3.234301805496215820e-01 1.632635891437530518e-01 -2.858060225844383240e-02 4.373027086257934570e-01 2.379698008298873901e-01 3.728068470954895020e-01 3.416297137737274170e-01 2.344717532396316528e-01 6.321501731872558594e-01 7.952683568000793457e-01 2.854677438735961914e-01 1.297390647232532501e-02 -7.359357476234436035e-01 3.009684085845947266e-01 6.044729799032211304e-02 -1.206422299146652222e-01 -5.734915137290954590e-01 2.803094089031219482e-01 7.976960539817810059e-01 -2.077746689319610596e-01 -6.555073857307434082e-01 -1.115407049655914307e-01 -1.883468925952911377e-01 -1.906523555517196655e-01 -7.116313576698303223e-01 -4.748249351978302002e-01 9.239275455474853516e-01 8.782100677490234375e-02 7.126633822917938232e-02 -3.359600156545639038e-02 5.347838401794433594e-01 1.992236822843551636e-02 -1.286672204732894897e-01 5.350177288055419922e-01 3.954946994781494141e-01 -1.391718536615371704e-01
-2.502105012536048889e-02 -7.079926729202270508e-01 5.548422336578369141e-01 -7.925872802734375000e-01 7.195367664098739624e-02 4.049044102430343628e-02 3.106401860713958740e-01 2.968485355377197266e-01 -6.800161004066467285e-01 2.091686576604843140e-01 -4.601180255413055420e-01 9.514306485652923584e-02 3.323723673820495605e-01 -2.524479627609252930e-01 -3.265265226364135742e-01 -2.340514957904815674e-01 1.883891671895980835e-01 1.295517385005950928e-01 4.118446111679077148e-01 -1.784827560186386108e-01 9.827972054481506348e-01 6.386870890855789185e-02 2.444619536399841309e-01 -6.156618148088455200e-02 2.557058632373809814e-01 -3.216904699802398682e-01 -4.994002580642700195e-01 -5.760520100593566895e-01 5.714538693428039551e-01 1.403161287307739258e-01 1.898250132799148560e-01 4.743309617042541504e-01 -2.700131013989448547e-02 5.374870896339416504e-01 4.138908386230468750e-01 1.845236122608184814e-01 5.523933172225952148e-01 7.267858982086181641e-01 5.219792127609252930e-01 -4.457977414131164551e-02 -6.375093460083007812e-01 2.875663638114929199e-01 2.461877763271331787e-01 -1.543174535036087036e-01 -4.665009975433349609e-01 1.071665063500404358e-01 8.310382962226867676e-01 2.726034820079803467e-02 -8.983117938041687012e-01 -1.113902628421783447e-01 -1.672583222389221191e-01 -1.420401483774185181e-01 -6.441700458526611328e-01 -3.194469213485717773e-01 8.990693688392639160e-01 7.927691191434860229e-02 -2.347801998257637024e-02 -1.663226187229156494e-01 3.891230523586273193e-01 -7.671906054019927979e-02 -1.122220307588577271e-01 4.716833531856536865e-01 3.996246457099914551e-01 -1.920105665922164917e-01
-4.974090307950973511e-02 -6.204432845115661621e-01 4.217246770858764648e-01 -7.477132081985473633e-01 -1.941195130348205566e-02 -3.294425457715988159e-02 2.783652544021606445e-01 7.228302955627441406e-02 -4.734849333763122559e-01 2.105355411767959595e-01 -5.141919851303100586e-01 1.034535467624664307e-02 3.969784080982208252e-01 -2.733852267265319824e-01 -2.968274354934692383e-01 -1.531296968460083008e-01 3.306415677070617676e-02 2.450040429830551147e-01 2.339164763689041138e-01 -2.474440485239028931e-01 9.545741081237792969e-01 2.560963630676269531e-01 7.966762781143188477e-02 -4.013277590274810791e-02 4.610485136508941650e-01 -1.063674092292785645e-01 -2.977660000324249268e-01 -7.454374432563781738e-01 4.412225484848022461e-01 2.607398033142089844e-01 2.257733792066574097e-01 5.206226110458374023e-01 3.182952851057052612e-02 4.487931132316589355e-01 3.284625411033630371e-01 3.521533012390136719e-01 5.064150691032409668e-01 5.761541724205017090e-01 5.206410288810729980e-01 -2.173750847578048706e-02 -4.356391131877899170e-01 2.013600766658782959e-01 3.094387054443359375e-01 -3.532530069351196289e-01 -4.785299301147460938e-01 2.200148403644561768e-01 9.078491330146789551e-01 2.811972498893737793e-01 -8.722917437553405762e-01 -2.051887661218643188e-01 -4.323177635669708252e-01 -2.658846676349639893e-01 -4.739618003368377686e-01 -3.569158613681793213e-01 7.762548327445983887e-01 2.909096181392669678e-01 -1.345809400081634521e-01 -2.128574550151824951e-01 3.621636629104614258e-01 -2.690702974796295166e-01 3.020251542329788208e-02 3.720452487468719482e-01 3.190487623214721680e-01 1.107307150959968567e-03
-1.387448459863662720e-01 -6.056584715843200684e-01 3.653101921081542969e-01 -7.773603796958923340e-01 -5.658877640962600708e-02 -4.453606903553009033e-02 2.695640325546264648e-01 4.432754218578338623e-02 -4.608667790889739990e-01 3.460846543312072754e-01 -5.926041603088378906e-01 6.032352522015571594e-02 3.682659864425659180e-01 -2.329126000404357910e-01 -2.253930419683456421e-01 -1.221130266785621643e-01 9.102502465248107910e-02 1.601305454969406128e-01 1.645540297031402588e-01 -2.325657308101654053e-01 9.480192661285400391e-01 2.545671463012695312e-01 4.012113809585571289e-02 6.507475674152374268e-02 4.765950739383697510e-01 -9.591466188430786133e-02 -2.276832908391952515e-01 -6.846622228622436523e-01 4.586344957351684570e-01 1.686728149652481079e-01 2.039565443992614746e-01 5.278224945068359375e-01 5.642748251557350159e-02 4.162989258766174316e-01 2.489934563636779785e-01 4.237124621868133545e-01 4.028339087963104248e-01 6.293705701828002930e-01 4.644289612770080566e-01 -2.655362337827682495e-02 -4.288133680820465088e-01 1.747459173202514648e-01 2.801675200462341309e-01 -3.489367961883544922e-01 -3.787770867347717285e-01 2.973466515541076660e-01 1.000260353088378906e+00 2.379589825868606567e-01 -9.318937063217163086e-01 -1.683355867862701416e-01 -3.459657728672027588e-01 -2.110241651535034180e-01 -4.823922812938690186e-01 -3.005271255970001221e-01 6.505147218704223633e-01 2.143879532814025879e-01 -1.260518133640289307e-01 -1.182560250163078308e-01 4.172584712505340576e-01 -1.899713575839996338e-01 8.311405032873153687e-02 2.801218628883361816e-01 2.847326099872589111e-01 -5.251369252800941467e-02
-1.948054432868957520e-01 -5.991495251655578613e-01 6.409223079681396484e-01 -6.111927628517150879e-01 9.222348779439926147e-02 -3.941787034273147583e-02 2.755376994609832764e-01 3.288125395774841309e-01 -5.966329574584960938e-01 3.870471119880676270e-01 -5.177693367004394531e-01 2.282639890909194946e-01 4.989320635795593262e-01 -1.543225944042205811e-01 -4.011313915252685547e-01 -1.901886761188507080e-01 3.657802939414978027e-01 2.116171568632125854e-01 3.667658567428588867e-01 -2.522128820419311523e-01 1.106087684631347656e+00 1.130442619323730469e-01 -5.988110601902008057e-02 -2.313409149646759033e-01 4.663936197757720947e-01 -1.971775591373443604e-01 -5.502679347991943359e-01 -4.475252330303192139e-01 3.472756445407867432e-01 2.762308418750762939e-01 1.255122423171997070e-01 3.069224357604980469e-01 1.656086742877960205e-01 4.989945888519287109e-01 2.572365403175354004e-01 1.865414977073669434e-01 5.240749120712280273e-01 8.636361956596374512e-01 3.498959541320800781e-01 -1.429450511932373047e-02 -6.911196708679199219e-01 3.338118493556976318e-01 2.529919743537902832e-01 -9.410865604877471924e-02 -4.335198700428009033e-01 2.018729746341705322e-01 8.095064163208007812e-01 -1.038265749812126160e-01 -7.500930428504943848e-01 -1.641696691513061523e-01 -2.336138784885406494e-01 -1.621241271495819092e-01 -7.587050795555114746e-01 -5.108765363693237305e-01 8.226100206375122070e-01 6.204833835363388062e-02 -7.878437638282775879e-02 -1.398060619831085205e-01 5.400233864784240723e-01 -5.523199215531349182e-02 -3.021366521716117859e-02 5.104417800903320312e-01 3.870273530483245850e-01 -1.376078724861145020e-01
-2.309655249118804932e-01 -5.391540527343750000e-01 6.893193721771240234e-01 -6.661998033523559570e-01 1.659719944000244141e-01 9.538533538579940796e-02 1.931151300668716431e-01 4.410198330879211426e-01 -6.125659942626953125e-01 3.697324991226196289e-01 -4.190928637981414795e-01 1.772452294826507568e-01 3.853836059570312500e-01 -1.245234012603759766e-01 -3.185088634490966797e-01 -2.046519219875335693e-01 4.565207362174987793e-01 7.489296793937683105e-02 3.715609312057495117e-01 -2.030365765094757080e-01 1.190447688102722168e+00 4.974499344825744629e-02 1.118252724409103394e-01 -1.392162740230560303e-01 3.676896393299102783e-01 -2.656352519989013672e-01 -6.151031851768493652e-01 -1.550718396902084351e-01 1.898351609706878662e-01 9.513217955827713013e-03 -1.077198609709739685e-02 3.161818385124206543e-01 2.280867695808410645e-01 3.316794037818908691e-01 3.264470398426055908e-01 6.479960680007934570e-02 6.957337856292724609e-01 6.793655753135681152e-01 2.712705135345458984e-01 -7.388590276241302490e-02 -8.647271394729614258e-01 3.111539483070373535e-01 1.852932274341583252e-01 5.467399954795837402e-03 -6.929236054420471191e-01 1.385142803192138672e-01 7.275853157043457031e-01 -3.228092193603515625e-01 -6.652465462684631348e-01 -8.719526976346969604e-02 -1.538674533367156982e-01 6.296943873167037964e-03 -6.322600841522216797e-01 -5.288426280021667480e-01 8.352347016334533691e-01 -1.055185422301292419e-01 5.399211496114730835e-02 -8.391112089157104492e-03 5.563198328018188477e-01 7.020809501409530640e-02 -1.272062361240386963e-01 5.735678672790527344e-01 4.727948307991027832e-01 -3.610790371894836426e-01
-1.987625360488891602e-01 -5.141991972923278809e-01 6.606723070144653320e-01 -5.556551814079284668e-01 1.167042031884193420e-01 3.165276721119880676e-02 2.346993386745452881e-01 3.661047816276550293e-01 -5.800395011901855469e-01 4.533627033233642578e-01 -4.972328543663024902e-01 2.631325721740722656e-01 5.359144806861877441e-01 -1.345179975032806396e-01 -3.524220585823059082e-01 -2.541187703609466553e-01 5.216723680496215820e-01 2.163281291723251343e-01 3.249367475509643555e-01 -1.899573802947998047e-01 1.085659861564636230e+00 1.723430603742599487e-01 2.385496348142623901e-02 -2.330290675163269043e-01 4.373070597648620605e-01 -1.807677447795867920e-01 -6.470050811767578125e-01 -2.634939551353454590e-01 1.875112950801849365e-01 1.066002696752548218e-01 2.196098491549491882e-02 2.630934119224548340e-01 2.804273664951324463e-01 4.306346178054809570e-01 3.281633853912353516e-01 1.317226588726043701e-01 5.571854114532470703e-01 8.076077103614807129e-01 2.560727894306182861e-01 2.190599590539932251e-02 -8.027038574218750000e-01 2.761181294918060303e-01 1.639211773872375488e-01 -4.548914730548858643e-02 -5.456737875938415527e-01 2.236447036266326904e-01 6.673663258552551270e-01 -2.849592864513397217e-01 -6.591196060180664062e-01 -1.445936709642410278e-01 -2.572607398033142090e-01 -6.934440881013870239e-02 -7.037450671195983887e-01 -5.473520755767822266e-01 8.023461699485778809e-01 2.100992947816848755e-02 9.181525558233261108e-03 -7.721661776304244995e-02 5.746243000030517578e-01 1.000806689262390137e-02 -1.571257114410400391e-01 5.454136133193969727e-01 3.115310966968536377e-01 -2.236785441637039185e-01
-6.335417926311492920e-02 -4.761796593666076660e-01 -7.994605600833892822e-02 -7.701988220214843750e-01 -2.881033420562744141e-01 1.913137733936309814e-03 2.785139083862304688e-01 -1.930654346942901611e-01 -3.830859661102294922e-01 1.222360134124755859e-01 -5.507319569587707520e-01 -1.008595526218414307e-01 1.010542064905166626e-01 -2.160558849573135376e-02 -1.999696344137191772e-01 -2.464641630649566650e-01 -2.279433906078338623e-01 6.341464817523956299e-02 4.195881262421607971e-02 6.531813740730285645e-02 5.970559120178222656e-01 3.141176998615264893e-01 8.861674368381500244e-02 2.701977789402008057e-01 3.774762749671936035e-01 2.653235495090484619e-01 1.300145685672760010e-01 -6.824539899826049805e-01 6.251690387725830078e-01 -4.263915866613388062e-02 4.943965077400207520e-01 6.189630031585693359e-01 -2.331096231937408447e-01 4.132091403007507324e-01 3.199759125709533691e-01 5.260406732559204102e-01 3.873107582330703735e-02 2.330511212348937988e-01 7.523744702339172363e-01 -1.283312588930130005e-01 2.104252204298973083e-02 -8.614230901002883911e-02 4.729967713356018066e-01 -1.812715679407119751e-01 -3.777198791503906250e-01 3.442556560039520264e-01 7.367103099822998047e-01 6.301708221435546875e-01 -8.393970727920532227e-01 -1.767668426036834717e-01 -4.371208548545837402e-01 -3.273766636848449707e-01 -1.712218374013900757e-01 -1.321114599704742432e-01 2.293505519628524780e-01 4.567288756370544434e-01 -1.395115703344345093e-01 -1.272228360176086426e-01 1.410368084907531738e-01 -2.751990258693695068e-01 -3.922636434435844421e-02 -1.568785309791564941e-01 -5.175274610519409180e-02 2.477694451808929443e-01
-1.752761006355285645e-01 -3.609299361705780029e-01 3.584820032119750977e-01 -7.514001727104187012e-01 -7.844951003789901733e-02 -5.313605815172195435e-02 3.055833280086517334e-01 1.174131929874420166e-01 -5.190330743789672852e-01 2.688257992267608643e-01 -5.906969308853149414e-01 1.704882085323333740e-01 4.147986471652984619e-01 -5.322915315628051758e-02 -4.405908584594726562e-01 -3.146216273307800293e-01 1.216994524002075195e-01 1.326158195734024048e-01 1.661468595266342163e-01 -7.306461781263351440e-02 9.944337010383605957e-01 1.249318867921829224e-01 -6.040039658546447754e-02 -2.472230046987533569e-02 4.354880452156066895e-01 3.238639980554580688e-02 -2.306814491748809814e-01 -6.138954758644104004e-01 4.117864668369293213e-01 7.258452475070953369e-02 3.404459357261657715e-01 4.976577758789062500e-01 8.201280236244201660e-02 4.858581423759460449e-01 3.317487537860870361e-01 3.335649967193603516e-01 2.666736543178558350e-01 5.806398391723632812e-01 4.508531689643859863e-01 -2.391384541988372803e-02 -4.863230586051940918e-01 2.328625619411468506e-01 3.856353163719177246e-01 -1.098405867815017700e-01 -2.841697335243225098e-01 2.555696070194244385e-01 7.009965777397155762e-01 6.463254988193511963e-02 -8.155155181884765625e-01 -1.601226776838302612e-01 -4.270701110363006592e-01 -1.424654573202133179e-01 -5.987069606781005859e-01 -3.124718666076660156e-01 6.121454238891601562e-01 2.197838723659515381e-01 -1.685878634452819824e-01 -2.390004098415374756e-01 5.607867240905761719e-01 -1.499342620372772217e-01 -8.794953674077987671e-02 3.201680481433868408e-01 1.503578424453735352e-01 2.645080164074897766e-02
-2.261640280485153198e-01 -5.790809988975524902e-01 7.113168835639953613e-01 -6.007836461067199707e-01 6.255214661359786987e-02 6.056123971939086914e-02 1.816371083259582520e-01 3.767753839492797852e-01 -5.880519747734069824e-01 4.863490760326385498e-01 -4.528179764747619629e-01 1.796458512544631958e-01 4.881519973278045654e-01 -1.655605584383010864e-01 -2.473704367876052856e-01 -1.711047291755676270e-01 4.352048039436340332e-01 2.093085795640945435e-01 3.655041456222534180e-01 -3.414790928363800049e-01 1.074768424034118652e+00 1.399295032024383545e-01 1.307157874107360840e-01 -1.705045700073242188e-01 3.715834915637969971e-01 -2.737182676792144775e-01 -6.649021506309509277e-01 -2.458070814609527588e-01 1.648761630058288574e-01 1.205628514289855957e-01 -7.223546504974365234e-02 2.617223262786865234e-01 2.598371207714080811e-01 3.468285202980041504e-01 2.644212841987609863e-01 7.704169303178787231e-02 6.776435375213623047e-01 7.535467147827148438e-01 3.528708219528198242e-01 -9.942872822284698486e-02 -8.205648064613342285e-01 3.272726237773895264e-01 9.895198792219161987e-02 -1.159397214651107788e-01 -6.287976503372192383e-01 2.356106042861938477e-01 8.070750832557678223e-01 -3.073642253875732422e-01 -7.595772743225097656e-01 -1.064683571457862854e-01 -2.003097385168075562e-01 -7.012869417667388916e-02 -6.547605395317077637e-01 -4.729988873004913330e-01 8.408044576644897461e-01 -7.191846519708633423e-02 7.586584985256195068e-02 -2.612065523862838745e-02 4.953214228153228760e-01 2.229080349206924438e-02 -1.653230488300323486e-01 5.122046470642089844e-01 4.271724522113800049e-01 -3.179916441440582275e-01
-8.612496405839920044e-02 -3.728408515453338623e-01 3.630820810794830322e-01 -8.209257125854492188e-01 1.742757856845855713e-02 -8.345872908830642700e-02 2.468486428260803223e-01 1.085302829742431641e-01 -5.176892876625061035e-01 1.366259753704071045e-01 -6.009409427642822266e-01 1.496339142322540283e-01 4.148334562778472900e-01 -5.814476311206817627e-02 -3.211333155632019043e-01 -3.484105169773101807e-01 1.021415293216705322e-01 2.193169742822647095e-01 1.683304756879806519e-01 -5.315441638231277466e-02 9.279572367668151855e-01 1.170785352587699890e-01 7.482689619064331055e-02 -2.633132040500640869e-02 5.019120573997497559e-01 -5.552275478839874268e-02 -2.297369986772537231e-01 -6.269831061363220215e-01 3.831994831562042236e-01 2.882033586502075195e-04 2.557555437088012695e-01 5.865783095359802246e-01 1.460444182157516479e-01 5.317706465721130371e-01 4.583170711994171143e-01 2.933598160743713379e-01 4.176341891288757324e-01 4.956679046154022217e-01 4.151546955108642578e-01 3.557953238487243652e-02 -4.953770637512207031e-01 2.175550758838653564e-01 4.355626702308654785e-01 -1.922693103551864624e-01 -4.529610872268676758e-01 2.370126843452453613e-01 8.316823244094848633e-01 6.940254569053649902e-02 -8.125366568565368652e-01 -1.145786792039871216e-01 -3.879721164703369141e-01 -1.521269977092742920e-01 -5.645241141319274902e-01 -3.401913642883300781e-01 6.067125797271728516e-01 2.942118644714355469e-01 -1.343067586421966553e-01 -2.787172794342041016e-01 4.378825426101684570e-01 -1.969523727893829346e-01 -1.734060943126678467e-01 3.918264806270599365e-01 2.048148065805435181e-01 -8.886769413948059082e-02
-2.277573943138122559e-02 -6.159762144088745117e-01 4.409430027008056641e-01 -7.036783099174499512e-01 4.475222527980804443e-02 -7.391718029975891113e-02 2.544701695442199707e-01 1.099950820207595825e-01 -5.281896591186523438e-01 2.013400048017501831e-01 -5.626475214958190918e-01 1.138064116239547729e-01 4.936069846153259277e-01 -2.324134409427642822e-01 -4.094853401184082031e-01 -2.305475473403930664e-01 2.115461081266403198e-01 2.317164391279220581e-01 2.386566549539566040e-01 -1.322127133607864380e-01 9.358145594596862793e-01 3.188865482807159424e-01 7.197411358356475830e-02 -4.213864356279373169e-02 4.621761441230773926e-01 -8.295136690139770508e-02 -3.908063471317291260e-01 -6.210458278656005859e-01 4.136374890804290771e-01 2.270892262458801270e-01 2.096301764249801636e-01 5.054276585578918457e-01 1.367091387510299683e-01 4.874216914176940918e-01 3.547242581844329834e-01 3.226151764392852783e-01 4.290440976619720459e-01 6.618765592575073242e-01 3.740783929824829102e-01 1.203092411160469055e-01 -5.352787375450134277e-01 1.483229398727416992e-01 3.650823533535003662e-01 -2.483702749013900757e-01 -4.957042336463928223e-01 2.983122467994689941e-01 7.839646935462951660e-01 2.267459481954574585e-01 -8.181324601173400879e-01 -1.701358854770660400e-01 -4.427500367164611816e-01 -2.762736678123474121e-01 -5.203624367713928223e-01 -4.128356277942657471e-01 7.942265868186950684e-01 3.392676711082458496e-01 -1.089836135506629944e-01 -2.407701313495635986e-01 4.774077832698822021e-01 -2.440590560436248779e-01 1.303345561027526855e-01 4.239973127841949463e-01 2.003309726715087891e-01 -3.924979642033576965e-02
-1.719915568828582764e-01 -7.186942100524902344e-01 6.458857655525207520e-01 -6.507630944252014160e-01 6.429987400770187378e-02 -7.640429586172103882e-02 2.424514591693878174e-01 4.424611330032348633e-01 -6.163483262062072754e-01 5.412907004356384277e-01 -4.642958939075469971e-01 2.924063205718994141e-01 4.148290157318115234e-01 -2.054187506437301636e-01 -1.800508648157119751e-01 -1.667917668819427490e-01 4.447035789489746094e-01 1.063708066940307617e-01 4.455494284629821777e-01 -3.283425271511077881e-01 1.091030597686767578e+00 7.963974028825759888e-02 8.881497383117675781e-02 -2.210577726364135742e-01 4.260233640670776367e-01 -2.808673977851867676e-01 -5.745278000831604004e-01 -3.515417873859405518e-01 2.357874810695648193e-01 1.277434527873992920e-01 -3.055206313729286194e-02 2.849496603012084961e-01 2.499812692403793335e-01 4.322417974472045898e-01 2.335399985313415527e-01 2.554977536201477051e-01 6.420286893844604492e-01 8.573247194290161133e-01 3.714559078216552734e-01 -1.069266200065612793e-01 -7.750281691551208496e-01 3.512313365936279297e-01 9.045415371656417847e-02 -1.022527664899826050e-01 -4.975313544273376465e-01 2.627955079078674316e-01 8.970502018928527832e-01 -2.585327327251434326e-01 -7.956479787826538086e-01 -1.104047298431396484e-01 -1.488478779792785645e-01 -5.394296348094940186e-02 -6.007494926452636719e-01 -3.698280453681945801e-01 7.297782301902770996e-01 -1.152192577719688416e-01 1.482892781496047974e-01 7.283674925565719604e-02 5.303497910499572754e-01 6.073717027902603149e-02 1.086349319666624069e-02 5.515586137771606445e-01 3.920597136020660400e-01 -2.519375979900360107e-01
-1.518224626779556274e-01 -6.044725775718688965e-01 6.049705147743225098e-01 -6.708229780197143555e-01 1.272747516632080078e-01 8.420125395059585571e-02 2.649234831333160400e-01 3.730426430702209473e-01 -6.726210713386535645e-01 4.623487889766693115e-01 -5.004565119743347168e-01 1.235412731766700745e-01 3.298956155776977539e-01 -1.966069042682647705e-01 -2.955474257469177246e-01 -1.795832812786102295e-01 3.452503681182861328e-01 1.538093090057373047e-01 3.388767838478088379e-01 -2.508693635463714600e-01 1.077469110488891602e+00 9.034042805433273315e-02 1.595402657985687256e-01 -7.024487107992172241e-02 3.292954266071319580e-01 -3.249887526035308838e-01 -5.540171265602111816e-01 -3.712267875671386719e-01 3.282056450843811035e-01 8.244457840919494629e-02 9.302107989788055420e-02 3.835396170616149902e-01 1.497921049594879150e-01 4.015772938728332520e-01 3.516367077827453613e-01 1.461258232593536377e-01 6.509090662002563477e-01 7.539500594139099121e-01 3.825771212577819824e-01 -1.298906058073043823e-01 -7.842962145805358887e-01 3.501192033290863037e-01 1.263458430767059326e-01 -1.375506669282913208e-01 -5.264894366264343262e-01 1.397743225097656250e-01 8.311038613319396973e-01 -2.347923368215560913e-01 -7.970296740531921387e-01 -1.154669076204299927e-01 -9.718190133571624756e-02 1.767624355852603912e-02 -6.929962635040283203e-01 -4.532738924026489258e-01 8.825088143348693848e-01 -5.633857101202011108e-02 4.473328590393066406e-03 -6.943456083536148071e-02 5.525698661804199219e-01 5.113396793603897095e-02 -1.403565108776092529e-01 4.695815742015838623e-01 4.243718087673187256e-01 -2.754994928836822510e-01
4.127619415521621704e-02 -3.314854204654693604e-01 -3.427240252494812012e-02 -7.668374776840209961e-01 -2.429831624031066895e-01 -6.624535471200942993e-02 2.114445865154266357e-01 -1.266829073429107666e-01 -5.394331216812133789e-01 -5.924416333436965942e-02 -6.301719546318054199e-01 -4.568994045257568359e-02 1.458851993083953857e-01 1.709129810333251953e-01 -1.688804477453231812e-01 -3.990233838558197021e-01 -2.146792858839035034e-01 1.184297353029251099e-01 2.279929965734481812e-01 2.333867698907852173e-01 6.182722449302673340e-01 1.923142671585083008e-01 1.977177709341049194e-02 2.898505330085754395e-01 3.848656117916107178e-01 1.012920513749122620e-01 4.537924751639366150e-02 -7.308585643768310547e-01 7.029613256454467773e-01 -1.265473961830139160e-01 5.580134391784667969e-01 7.578361034393310547e-01 -1.165525317192077637e-01 4.005089402198791504e-01 2.405647635459899902e-01 3.529673218727111816e-01 -5.872167646884918213e-02 2.049286961555480957e-01 7.358869314193725586e-01 -1.062662601470947266e-01 3.701222687959671021e-02 5.972354114055633545e-02 4.795776605606079102e-01 -2.492359727621078491e-01 -3.478765785694122314e-01 2.466568648815155029e-01 8.080867528915405273e-01 5.866733789443969727e-01 -8.256959915161132812e-01 -1.334443688392639160e-02 -2.320630550384521484e-01 -3.708737194538116455e-01 -2.582012414932250977e-01 -2.784302085638046265e-02 2.798637151718139648e-01 4.578864574432373047e-01 -1.419895589351654053e-01 -9.377131611108779907e-02 1.307051479816436768e-01 -2.377290725708007812e-01 -8.464653044939041138e-02 -1.781366318464279175e-01 -5.656223371624946594e-02 1.414880603551864624e-01
-1.233454570174217224e-01 -4.323816001415252686e-01 5.642296075820922852e-01 -7.224109768867492676e-01 -9.900882840156555176e-03 -2.161014080047607422e-02 2.602584660053253174e-01 1.999623030424118042e-01 -5.083915591239929199e-01 2.259929180145263672e-01 -4.782275259494781494e-01 1.921233534812927246e-01 4.719190299510955811e-01 -1.260455995798110962e-01 -3.998573422431945801e-01 -3.137272596359252930e-01 2.811120748519897461e-01 2.479670792818069458e-01 1.733653843402862549e-01 -2.060246020555496216e-01 1.005850672721862793e+00 1.514518558979034424e-01 -5.296745151281356812e-02 -1.216799244284629822e-01 4.508885443210601807e-01 -8.713123202323913574e-02 -4.038592278957366943e-01 -6.000704169273376465e-01 3.399386405944824219e-01 1.959465146064758301e-01 1.552453190088272095e-01 4.208220243453979492e-01 4.211034625768661499e-02 5.153560638427734375e-01 3.602375090122222900e-01 2.270784080028533936e-01 4.855943024158477783e-01 6.545637845993041992e-01 4.339679479598999023e-01 3.515557944774627686e-02 -5.399708151817321777e-01 2.320933043956756592e-01 3.147585391998291016e-01 -9.797127544879913330e-02 -4.195019900798797607e-01 2.016750276088714600e-01 7.866671681404113770e-01 4.934819042682647705e-02 -8.175705075263977051e-01 -1.736030876636505127e-01 -4.349119663238525391e-01 -2.387478351593017578e-01 -6.906600594520568848e-01 -3.889725804328918457e-01 7.500287890434265137e-01 2.415915429592132568e-01 -1.615449041128158569e-01 -2.945709824562072754e-01 5.083350539207458496e-01 -2.098769545555114746e-01 -1.377905011177062988e-01 4.914736449718475342e-01 2.811823487281799316e-01 -9.460581839084625244e-02
-8.009008318185806274e-02 -5.091836452484130859e-01 2.145553827285766602e-01 -7.620729804039001465e-01 -1.634254455566406250e-01 -7.229585945606231689e-02 1.880328059196472168e-01 -9.327287971973419189e-02 -4.276160299777984619e-01 1.833742856979370117e-01 -5.576396584510803223e-01 6.125889718532562256e-03 3.897657394409179688e-01 -1.111932769417762756e-01 -3.447099924087524414e-01 -2.013252824544906616e-01 -9.379016607999801636e-02 1.560682505369186401e-01 1.458092033863067627e-01 -1.146956011652946472e-01 8.355832099914550781e-01 3.278586566448211670e-01 4.439604282379150391e-02 1.858633011579513550e-01 5.062833428382873535e-01 2.452208101749420166e-02 -1.125214621424674988e-01 -7.807449698448181152e-01 5.328036546707153320e-01 1.672136783599853516e-01 3.543685376644134521e-01 6.055583953857421875e-01 -4.860366135835647583e-02 4.024718999862670898e-01 2.584517896175384521e-01 4.275682866573333740e-01 2.385703623294830322e-01 4.520562291145324707e-01 6.245078444480895996e-01 -1.411454379558563232e-02 -2.446704208850860596e-01 5.685462802648544312e-02 4.069541692733764648e-01 -2.686223387718200684e-01 -3.708739578723907471e-01 2.774378061294555664e-01 8.855021595954895020e-01 5.064568519592285156e-01 -9.113663434982299805e-01 -1.743307262659072876e-01 -5.158880949020385742e-01 -3.707075119018554688e-01 -2.251222580671310425e-01 -2.042347192764282227e-01 5.901262760162353516e-01 4.134136140346527100e-01 -1.444834172725677490e-01 -2.197064459323883057e-01 2.637634277343750000e-01 -3.958911299705505371e-01 1.089570224285125732e-01 1.601258516311645508e-01 9.004794806241989136e-02 5.322106555104255676e-02
-1.424852609634399414e-01 -3.696415722370147705e-01 3.470945358276367188e-01 -7.236070632934570312e-01 -1.140938624739646912e-01 -6.615094095468521118e-02 1.821893304586410522e-01 -1.942460983991622925e-02 -4.727426171302795410e-01 1.113195717334747314e-01 -5.655227899551391602e-01 4.355351626873016357e-02 4.276417493820190430e-01 -6.194515898823738098e-02 -3.498818278312683105e-01 -3.903724253177642822e-01 -4.690175130963325500e-02 2.874811589717864990e-01 9.815157949924468994e-02 -1.147286444902420044e-01 8.944860100746154785e-01 2.331564873456954956e-01 -4.826717078685760498e-03 5.638195574283599854e-02 4.981111586093902588e-01 1.104255244135856628e-01 -1.701363176107406616e-01 -6.991601586341857910e-01 3.394322693347930908e-01 1.063088700175285339e-01 3.404166996479034424e-01 5.732836127281188965e-01 7.221654057502746582e-02 4.997256994247436523e-01 4.072197377681732178e-01 3.544134199619293213e-01 2.671651840209960938e-01 4.579557180404663086e-01 5.241553783416748047e-01 2.480784058570861816e-02 -3.627518415451049805e-01 1.098323240876197815e-01 4.742516875267028809e-01 -2.472630888223648071e-01 -3.801422417163848877e-01 2.460302710533142090e-01 7.871872782707214355e-01 2.463500052690505981e-01 -8.514186739921569824e-01 -1.866078972816467285e-01 -5.536194443702697754e-01 -2.732159495353698730e-01 -4.508641958236694336e-01 -2.908437848091125488e-01 4.892268180847167969e-01 3.752612173557281494e-01 -2.502275407314300537e-01 -3.055661916732788086e-01 3.946296870708465576e-01 -2.503679096698760986e-01 -5.625589936971664429e-02 3.191606402397155762e-01 1.235809549689292908e-01 -1.612767577171325684e-03
-8.763599395751953125e-02 -4.175197780132293701e-01 -9.135618805885314941e-02 -6.863644123077392578e-01 -3.294175565242767334e-01 -4.076056182384490967e-02 1.974985748529434204e-01 -2.398653477430343628e-01 -3.118017017841339111e-01 1.311722546815872192e-01 -6.339738965034484863e-01 -8.693675696849822998e-02 2.290228605270385742e-01 -2.403974533081054688e-02 -3.212760090827941895e-01 -1.949298381805419922e-01 -3.296873569488525391e-01 6.431154906749725342e-02 9.231998026371002197e-02 2.009673044085502625e-04 5.696028470993041992e-01 3.808293342590332031e-01 4.444068670272827148e-02 3.481689989566802979e-01 4.215371012687683105e-01 3.018937408924102783e-01 1.117773056030273438e-01 -7.041956782341003418e-01 5.463198423385620117e-01 2.861268818378448486e-03 5.106629729270935059e-01 5.831243395805358887e-01 -1.371127068996429443e-01 3.660674095153808594e-01 1.919102072715759277e-01 5.440502762794494629e-01 -4.879026487469673157e-02 2.341987788677215576e-01 7.202395200729370117e-01 -7.183726131916046143e-02 -4.939757287502288818e-03 -6.023589521646499634e-02 5.404073596000671387e-01 -1.869682818651199341e-01 -2.503373622894287109e-01 3.655865490436553955e-01 7.416442036628723145e-01 6.943767666816711426e-01 -9.029006958007812500e-01 -1.936517059803009033e-01 -5.445829033851623535e-01 -3.765383958816528320e-01 -5.043712630867958069e-02 -9.681908786296844482e-02 2.798665761947631836e-01 4.719272255897521973e-01 -1.700806170701980591e-01 -1.615120768547058105e-01 9.084351360797882080e-02 -4.073556959629058838e-01 1.809597015380859375e-01 -1.435605287551879883e-01 -9.178064018487930298e-02 2.372166812419891357e-01
-1.825158298015594482e-01 -6.586591601371765137e-01 6.068768501281738281e-01 -7.124943137168884277e-01 6.531367450952529907e-02 -7.031258195638656616e-02 2.445235550403594971e-01 3.162981271743774414e-01 -5.341250896453857422e-01 4.485500454902648926e-01 -5.514877438545227051e-01 2.357177734375000000e-01 4.138810038566589355e-01 -2.440206706523895264e-01 -1.680813282728195190e-01 -6.759081780910491943e-02 3.525499105453491211e-01 1.539194583892822266e-01 3.554658293724060059e-01 -3.590257167816162109e-01 1.082848191261291504e+00 1.397717446088790894e-01 5.627207458019256592e-02 -1.442194283008575439e-01 4.821485579013824463e-01 -2.852968275547027588e-01 -4.692550897598266602e-01 -4.748303890228271484e-01 2.798168361186981201e-01 1.598744690418243408e-01 5.367677658796310425e-03 3.775234818458557129e-01 2.311968654394149780e-01 3.914406299591064453e-01 2.059357762336730957e-01 2.820800244808197021e-01 6.679728031158447266e-01 7.746070623397827148e-01 3.353441059589385986e-01 -7.510574162006378174e-02 -7.030993103981018066e-01 3.236396014690399170e-01 1.537873148918151855e-01 -2.165334969758987427e-01 -4.806595742702484131e-01 2.578341364860534668e-01 1.025816559791564941e+00 -1.238849461078643799e-01 -7.961747050285339355e-01 -1.313922107219696045e-01 -2.088615298271179199e-01 -1.232794746756553650e-01 -6.203011870384216309e-01 -4.026772975921630859e-01 7.888512015342712402e-01 -2.573119848966598511e-02 3.837095946073532104e-02 -9.447775781154632568e-03 4.761064350605010986e-01 -6.646990031003952026e-02 6.809823215007781982e-02 5.091298818588256836e-01 4.623625278472900391e-01 -2.219173759222030640e-01
-2.100742459297180176e-01 -6.220631003379821777e-01 7.477430701255798340e-01 -5.918390750885009766e-01 1.280643641948699951e-01 3.159479796886444092e-02 1.653522849082946777e-01 4.572958946228027344e-01 -6.134264469146728516e-01 4.792768955230712891e-01 -3.921477198600769043e-01 2.062481939792633057e-01 4.123277962207794189e-01 -1.751580834388732910e-01 -2.339568287134170532e-01 -1.879795938730239868e-01 4.483870863914489746e-01 2.063212841749191284e-01 4.145663976669311523e-01 -3.284050524234771729e-01 1.136358380317687988e+00 7.564153522253036499e-02 1.151429712772369385e-01 -2.399215996265411377e-01 3.722327947616577148e-01 -3.004266917705535889e-01 -6.562004685401916504e-01 -2.073894590139389038e-01 1.384106874465942383e-01 1.466595232486724854e-01 -5.579996481537818909e-02 2.597877383232116699e-01 2.283100187778472900e-01 3.010342717170715332e-01 3.037506937980651855e-01 8.730603009462356567e-02 7.355166077613830566e-01 7.501555681228637695e-01 3.314552307128906250e-01 -1.235915571451187134e-01 -8.519765138626098633e-01 3.434231281280517578e-01 6.589262932538986206e-02 -7.445693016052246094e-02 -6.785798668861389160e-01 1.367106735706329346e-01 7.706674337387084961e-01 -3.759040236473083496e-01 -6.949661374092102051e-01 -1.339779794216156006e-01 -1.461084485054016113e-01 -5.533134192228317261e-02 -6.269752979278564453e-01 -4.965192079544067383e-01 8.117150664329528809e-01 -1.205397173762321472e-01 1.221202909946441650e-01 1.133651286363601685e-02 4.887914955615997314e-01 1.095526441931724548e-01 -1.354863941669464111e-01 5.640237331390380859e-01 4.703329205513000488e-01 -3.421443998813629150e-01
-1.903010755777359009e-01 -7.257425189018249512e-01 6.182789802551269531e-01 -6.812964081764221191e-01 6.127928942441940308e-02 5.553576350212097168e-02 2.344403564929962158e-01 4.284864068031311035e-01 -6.210292577743530273e-01 4.201615452766418457e-01 -3.467653095722198486e-01 1.986951828002929688e-01 3.442861437797546387e-01 -2.519980072975158691e-01 -9.431515634059906006e-02 -1.354272365570068359e-01 4.528312683105468750e-01 3.706450387835502625e-02 3.711084127426147461e-01 -3.410235047340393066e-01 1.081859230995178223e+00 1.346574127674102783e-01 8.470831811428070068e-02 -2.316133975982666016e-01 3.956176638603210449e-01 -2.226300835609436035e-01 -5.414640903472900391e-01 -2.773115634918212891e-01 1.663299798965454102e-01 5.620745196938514709e-02 -1.688760668039321899e-01 2.856479883193969727e-01 2.403032034635543823e-01 3.445809483528137207e-01 2.749880552291870117e-01 1.771197766065597534e-01 6.977624297142028809e-01 7.680725455284118652e-01 3.322876095771789551e-01 -2.826696634292602539e-02 -7.991545796394348145e-01 2.675319015979766846e-01 9.690772742033004761e-02 -1.114277094602584839e-01 -7.520207166671752930e-01 3.007519841194152832e-01 8.831897377967834473e-01 -2.336566299200057983e-01 -7.448793053627014160e-01 -7.467708736658096313e-02 -8.031060546636581421e-02 -9.162531048059463501e-02 -6.536815166473388672e-01 -4.497269392013549805e-01 6.892808079719543457e-01 -7.763370126485824585e-02 7.945540547370910645e-02 6.605909764766693115e-02 5.551441311836242676e-01 9.358707815408706665e-02 -5.660974979400634766e-02 4.613873660564422607e-01 4.662408828735351562e-01 -3.061467707157135010e-01
-1.197003573179244995e-01 -4.538753628730773926e-01 2.331626713275909424e-01 -8.030116558074951172e-01 -1.099929213523864746e-01 -2.432326972484588623e-02 2.467792928218841553e-01 -9.480928629636764526e-02 -5.656127333641052246e-01 1.888601779937744141e-01 -6.104887723922729492e-01 4.477639496326446533e-02 2.834452688694000244e-01 -1.023975163698196411e-01 -2.697463631629943848e-01 -2.920255661010742188e-01 -2.261813730001449585e-02 2.439321428537368774e-01 9.753420948982238770e-03 -2.070733532309532166e-02 9.494880437850952148e-01 1.801091730594635010e-01 4.509600996971130371e-02 1.001464799046516418e-01 3.838051259517669678e-01 -2.764936909079551697e-02 -6.378962844610214233e-02 -6.972030401229858398e-01 5.682528614997863770e-01 1.044021546840667725e-01 4.205234944820404053e-01 6.465926170349121094e-01 -3.507738932967185974e-02 3.656289577484130859e-01 4.633704423904418945e-01 3.473444879055023193e-01 2.727081775665283203e-01 4.477511048316955566e-01 5.496685504913330078e-01 -7.613079249858856201e-02 -3.378838598728179932e-01 1.190402135252952576e-01 3.386780321598052979e-01 -2.377904802560806274e-01 -4.133175015449523926e-01 2.331750392913818359e-01 7.612788677215576172e-01 2.130740433931350708e-01 -6.959295272827148438e-01 -1.074896156787872314e-01 -3.476276993751525879e-01 -2.039138525724411011e-01 -4.254091084003448486e-01 -2.774056494235992432e-01 5.809661746025085449e-01 3.877406716346740723e-01 -1.973817497491836548e-01 -2.984873354434967041e-01 3.797781467437744141e-01 -1.367430984973907471e-01 -1.738175600767135620e-01 1.648648381233215332e-01 1.756207942962646484e-01 6.056373938918113708e-02
-1.515035331249237061e-01 -3.562354147434234619e-01 5.196802020072937012e-01 -6.902086734771728516e-01 -4.571496695280075073e-02 -1.765267550945281982e-02 2.401875853538513184e-01 1.544068306684494019e-01 -3.972590863704681396e-01 2.215923666954040527e-01 -4.595252871513366699e-01 1.030071824789047241e-01 5.048980712890625000e-01 -5.347812920808792114e-02 -3.999226689338684082e-01 -3.892388641834259033e-01 2.111411541700363159e-01 2.729715108871459961e-01 1.641475558280944824e-01 -1.469785869121551514e-01 9.566410779953002930e-01 1.565002202987670898e-01 -4.397752508521080017e-02 -1.082434877753257751e-01 4.991855323314666748e-01 4.736969619989395142e-02 -3.638937473297119141e-01 -5.697663426399230957e-01 2.639838755130767822e-01 1.626717150211334229e-01 1.226101219654083252e-01 3.617775440216064453e-01 6.350770592689514160e-02 5.375140905380249023e-01 3.863904178142547607e-01 2.370327115058898926e-01 4.684194028377532959e-01 5.581607222557067871e-01 4.621118903160095215e-01 2.853855490684509277e-03 -4.552732408046722412e-01 1.850031912326812744e-01 3.819208145141601562e-01 -1.620896309614181519e-01 -4.797840118408203125e-01 2.370717823505401611e-01 7.507780790328979492e-01 1.072364300489425659e-01 -8.752859830856323242e-01 -1.743696779012680054e-01 -5.708666443824768066e-01 -2.339177429676055908e-01 -6.189230680465698242e-01 -3.545470833778381348e-01 6.513190269470214844e-01 2.563089132308959961e-01 -1.765589416027069092e-01 -2.923756837844848633e-01 4.550906717777252197e-01 -2.317535281181335449e-01 -1.872401088476181030e-01 4.225449860095977783e-01 2.271680831909179688e-01 -6.475025415420532227e-02
-4.318919405341148376e-02 -4.606319963932037354e-01 4.375368952751159668e-01 -7.442933917045593262e-01 -2.876724302768707275e-02 -1.113330498337745667e-01 2.578144967555999756e-01 1.433750391006469727e-01 -4.257740080356597900e-01 1.228590458631515503e-01 -5.444198250770568848e-01 1.801764667034149170e-01 5.739767551422119141e-01 -1.602368652820587158e-01 -4.709119200706481934e-01 -2.722312808036804199e-01 2.204345166683197021e-01 2.478764206171035767e-01 1.857860386371612549e-01 -1.284468024969100952e-01 1.013267397880554199e+00 2.420683354139328003e-01 -2.304430305957794189e-02 -1.183430030941963196e-01 5.819608569145202637e-01 -3.973836451768875122e-02 -3.531648516654968262e-01 -7.555373907089233398e-01 3.623322546482086182e-01 2.015615552663803101e-01 1.741682738065719604e-01 4.836342334747314453e-01 1.435996294021606445e-01 5.501214265823364258e-01 3.231020271778106689e-01 2.968770861625671387e-01 4.600075781345367432e-01 6.445124149322509766e-01 3.958432674407958984e-01 1.174586787819862366e-01 -4.838949441909790039e-01 1.527535021305084229e-01 3.819780647754669189e-01 -1.896998137235641479e-01 -3.934079110622406006e-01 2.682298123836517334e-01 7.390330433845520020e-01 2.631601095199584961e-01 -7.659925818443298340e-01 -1.494182348251342773e-01 -5.799639225006103516e-01 -3.634232580661773682e-01 -5.185272693634033203e-01 -3.293228745460510254e-01 8.039041757583618164e-01 4.427763521671295166e-01 -1.519529819488525391e-01 -2.988960742950439453e-01 4.340673089027404785e-01 -3.764849007129669189e-01 8.953965269029140472e-03 4.725731909275054932e-01 2.177120447158813477e-01 2.553123608231544495e-02
-1.016700416803359985e-01 -6.902064681053161621e-01 5.810054540634155273e-01 -8.057034611701965332e-01 1.489312648773193359e-01 -3.026870638132095337e-02 2.434273958206176758e-01 2.720215916633605957e-01 -5.686924457550048828e-01 3.049435615539550781e-01 -5.576046109199523926e-01 1.687326878309249878e-01 3.391831517219543457e-01 -2.557480931282043457e-01 -2.832338809967041016e-01 -8.863696455955505371e-02 3.135018944740295410e-01 1.485270410776138306e-01 3.018965721130371094e-01 -2.369253337383270264e-01 1.139789819717407227e+00 8.923430740833282471e-02 7.109679281711578369e-02 -8.300297707319259644e-02 4.334973990917205811e-01 -3.682727217674255371e-01 -4.286039769649505615e-01 -4.872784614562988281e-01 3.833738863468170166e-01 1.653960645198822021e-01 -5.469709634780883789e-03 4.637041091918945312e-01 1.297372877597808838e-01 3.791025280952453613e-01 3.606118559837341309e-01 2.295039296150207520e-01 7.154188156127929688e-01 6.939938068389892578e-01 3.337429165840148926e-01 -6.997098773717880249e-02 -6.927546262741088867e-01 2.708685398101806641e-01 1.576894521713256836e-01 -1.513499170541763306e-01 -6.057335734367370605e-01 1.712079644203186035e-01 9.919478297233581543e-01 -9.760594367980957031e-02 -7.769352793693542480e-01 -1.283939629793167114e-01 -1.237777844071388245e-01 -1.004111096262931824e-01 -6.122903823852539062e-01 -4.367062151432037354e-01 9.307566881179809570e-01 3.702113777399063110e-02 -2.384118922054767609e-02 -1.232492849230766296e-01 4.307255744934082031e-01 -5.706512555480003357e-02 -1.453325245529413223e-02 4.874701201915740967e-01 5.139338374137878418e-01 -2.297414988279342651e-01
-2.330945879220962524e-01 -5.683341026306152344e-01 7.403154969215393066e-01 -7.066928744316101074e-01 1.676704883575439453e-01 2.082952111959457397e-02 2.618314921855926514e-01 4.716671109199523926e-01 -6.526948213577270508e-01 4.021863043308258057e-01 -4.310877919197082520e-01 2.146378457546234131e-01 3.533560931682586670e-01 -6.316016614437103271e-02 -2.700708508491516113e-01 -2.713752388954162598e-01 6.009355187416076660e-01 8.294238150119781494e-02 3.518281579017639160e-01 -1.031592935323715210e-01 1.264062643051147461e+00 -4.296448081731796265e-02 3.527087718248367310e-02 -1.744984388351440430e-01 3.818338215351104736e-01 -3.177764117717742920e-01 -6.211060881614685059e-01 -1.073433458805084229e-01 2.370697855949401855e-01 -8.518837392330169678e-03 2.014057338237762451e-02 3.132957518100738525e-01 2.562730014324188232e-01 3.642261028289794922e-01 3.290626704692840576e-01 1.020549014210700989e-01 6.142787933349609375e-01 7.171941399574279785e-01 2.055482268333435059e-01 -8.537185192108154297e-02 -8.002284169197082520e-01 3.394290208816528320e-01 1.627922058105468750e-01 3.650844097137451172e-02 -6.205953955650329590e-01 1.560998260974884033e-01 7.902814745903015137e-01 -4.291180372238159180e-01 -6.251762509346008301e-01 -4.380653053522109985e-02 -2.525028586387634277e-02 6.982845813035964966e-02 -6.848646402359008789e-01 -5.622346401214599609e-01 7.947090864181518555e-01 -1.579975485801696777e-01 1.010107696056365967e-01 6.227452680468559265e-02 6.249226927757263184e-01 1.783595085144042969e-01 -2.363002449274063110e-01 5.902907848358154297e-01 4.376355111598968506e-01 -2.999146878719329834e-01
-1.779255270957946777e-01 -7.351840734481811523e-01 5.927041769027709961e-01 -5.739080905914306641e-01 2.414689958095550537e-02 -6.504360586404800415e-02 2.201856672763824463e-01 3.647693395614624023e-01 -5.465569496154785156e-01 5.402519106864929199e-01 -4.650577008724212646e-01 1.399108171463012695e-01 3.781571388244628906e-01 -2.304784357547760010e-01 -1.694711446762084961e-01 -1.093909442424774170e-01 3.544745445251464844e-01 1.469616740942001343e-01 4.088123440742492676e-01 -3.768068850040435791e-01 1.035952448844909668e+00 1.393603533506393433e-01 9.665457904338836670e-02 -1.784656643867492676e-01 4.373179972171783447e-01 -1.953061223030090332e-01 -5.250092744827270508e-01 -4.084402322769165039e-01 2.004983723163604736e-01 1.768503636121749878e-01 -2.407759428024291992e-02 1.861782371997833252e-01 1.921621710062026978e-01 3.935185074806213379e-01 1.975384503602981567e-01 2.362102866172790527e-01 6.776275038719177246e-01 7.998253107070922852e-01 4.046490788459777832e-01 -1.561691313982009888e-01 -6.848392486572265625e-01 3.132118880748748779e-01 1.619310677051544189e-01 -2.023593634366989136e-01 -5.424100756645202637e-01 2.959430813789367676e-01 9.368561506271362305e-01 -1.409153938293457031e-01 -8.811663389205932617e-01 -1.121812090277671814e-01 -2.619087398052215576e-01 -8.592578023672103882e-02 -5.549891591072082520e-01 -3.665167689323425293e-01 7.384617328643798828e-01 -8.463349193334579468e-02 9.609335660934448242e-02 2.735458314418792725e-03 4.701791107654571533e-01 -1.987000554800033569e-02 9.112910926342010498e-02 4.726386964321136475e-01 4.403313994407653809e-01 -2.249655574560165405e-01
-8.374176174402236938e-02 -6.385453343391418457e-01 3.007605373859405518e-01 -8.535795807838439941e-01 -2.767067402601242065e-02 -4.795940965414047241e-02 2.820517122745513916e-01 6.947787106037139893e-02 -5.456570386886596680e-01 2.859283089637756348e-01 -6.243152022361755371e-01 8.918958902359008789e-02 2.900733351707458496e-01 -1.627390831708908081e-01 -2.268490642309188843e-01 -1.720066964626312256e-01 2.182029932737350464e-02 8.682321012020111084e-02 2.355082482099533081e-01 -1.390750557184219360e-01 8.651322126388549805e-01 1.192037239670753479e-01 1.168874502182006836e-01 1.684515178203582764e-02 3.877373039722442627e-01 -9.911894798278808594e-02 -1.977484673261642456e-01 -6.586943864822387695e-01 6.073305010795593262e-01 9.234887361526489258e-02 2.942534387111663818e-01 6.150591969490051270e-01 3.890975937247276306e-02 4.670588374137878418e-01 3.187608718872070312e-01 4.188660383224487305e-01 3.675149083137512207e-01 5.448095798492431641e-01 5.415387749671936035e-01 -8.939196914434432983e-02 -4.092156589031219482e-01 2.806070744991302490e-01 3.611715435981750488e-01 -2.446615546941757202e-01 -4.060005247592926025e-01 3.070455193519592285e-01 9.621577858924865723e-01 1.870723813772201538e-01 -8.935149908065795898e-01 -8.797646313905715942e-02 -2.770004868507385254e-01 -1.592846810817718506e-01 -4.586692154407501221e-01 -2.387653291225433350e-01 6.682091355323791504e-01 2.201868295669555664e-01 -6.259693205356597900e-02 -1.429790258407592773e-01 3.458839058876037598e-01 -1.421805471181869507e-01 -2.618472650647163391e-02 2.395958006381988525e-01 2.608581781387329102e-01 -3.330163285136222839e-02
1.795448362827301025e-03 -7.051613926887512207e-01 2.141125500202178955e-01 -8.649332523345947266e-01 -8.085685968399047852e-02 -5.495435744524002075e-02 3.218609094619750977e-01 -1.255647838115692139e-02 -5.242332220077514648e-01 1.922898441553115845e-01 -6.097393631935119629e-01 -1.528089493513107300e-02 2.002683281898498535e-01 -2.336858361959457397e-01 -2.517907023429870605e-01 -5.345310643315315247e-02 -4.429267719388008118e-02 1.144273877143859863e-01 2.191033661365509033e-01 -8.973588794469833374e-02 8.375855684280395508e-01 1.251248270273208618e-01 2.207196354866027832e-01 8.605302125215530396e-02 3.066200911998748779e-01 -5.714793875813484192e-02 -1.766205728054046631e-01 -6.647812724113464355e-01 6.586523056030273438e-01 6.568545848131179810e-02 3.116533756256103516e-01 5.487502217292785645e-01 -5.947468429803848267e-02 4.090872406959533691e-01 3.820732235908508301e-01 3.920638263225555420e-01 4.072304069995880127e-01 4.262293279170989990e-01 5.447992682456970215e-01 -1.448443979024887085e-01 -3.979711234569549561e-01 1.918179690837860107e-01 3.967516720294952393e-01 -2.195824235677719116e-01 -5.050626397132873535e-01 2.902809977531433105e-01 8.839920163154602051e-01 2.742592096328735352e-01 -9.193452000617980957e-01 -7.975590229034423828e-02 -3.356967866420745850e-01 -1.012087836861610413e-01 -3.791102170944213867e-01 -2.847728133201599121e-01 7.156343460083007812e-01 2.354300916194915771e-01 -4.132517427206039429e-02 -1.946051120758056641e-01 2.891831994056701660e-01 -1.780964732170104980e-01 -3.804494626820087433e-03 1.731027066707611084e-01 3.197104334831237793e-01 3.830464184284210205e-02
-9.477579593658447266e-02 -4.164543151855468750e-01 3.482389450073242188e-01 -6.817740797996520996e-01 -1.203481703996658325e-01 -5.188239365816116333e-02 2.537371218204498291e-01 4.459840804338455200e-02 -3.963663280010223389e-01 1.859121769666671753e-01 -5.833199024200439453e-01 7.421429455280303955e-02 4.943053722381591797e-01 -1.177854239940643311e-01 -4.334083199501037598e-01 -1.788978278636932373e-01 8.719784766435623169e-02 2.409070283174514771e-01 1.505587399005889893e-01 -2.069564014673233032e-01 9.857609272003173828e-01 2.441376745700836182e-01 -8.253035694360733032e-02 -7.032742351293563843e-02 5.779384374618530273e-01 1.526577770709991455e-02 -2.070209980010986328e-01 -7.940822839736938477e-01 4.246122241020202637e-01 2.449998706579208374e-01 2.867720425128936768e-01 4.552024602890014648e-01 7.002945244312286377e-02 4.800108075141906738e-01 2.662682831287384033e-01 3.478158414363861084e-01 3.715242147445678711e-01 6.259946823120117188e-01 5.198077559471130371e-01 2.001189813017845154e-02 -4.044385552406311035e-01 2.390999794006347656e-01 4.062527418136596680e-01 -2.171743065118789673e-01 -3.292106389999389648e-01 3.004299104213714600e-01 7.916154861450195312e-01 3.320180773735046387e-01 -7.431603074073791504e-01 -1.142165660858154297e-01 -5.752916932106018066e-01 -3.282889723777770996e-01 -4.999854266643524170e-01 -3.103961944580078125e-01 7.716050744056701660e-01 4.059090316295623779e-01 -2.077237218618392944e-01 -3.293746411800384521e-01 4.190346300601959229e-01 -3.621895909309387207e-01 1.969210058450698853e-02 2.939496040344238281e-01 2.600290477275848389e-01 1.213105916976928711e-01
-9.594787657260894775e-02 -6.102575063705444336e-01 6.362591385841369629e-01 -6.836221814155578613e-01 6.992146372795104980e-03 -1.694094389677047729e-03 2.463252842426300049e-01 1.901017874479293823e-01 -6.023027300834655762e-01 1.928473114967346191e-01 -4.535679817199707031e-01 1.292842924594879150e-01 4.829335510730743408e-01 -2.246844470500946045e-01 -4.408178329467773438e-01 -2.037135362625122070e-01 1.766244024038314819e-01 2.764047086238861084e-01 3.127458393573760986e-01 -3.042918741703033447e-01 1.008289217948913574e+00 1.819554865360260010e-01 2.610749006271362305e-02 -9.151860326528549194e-02 3.624328970909118652e-01 -2.191644310951232910e-01 -5.130873918533325195e-01 -6.369940042495727539e-01 4.091094732284545898e-01 3.597097992897033691e-01 1.609509438276290894e-01 4.472697973251342773e-01 2.950737625360488892e-02 5.122318863868713379e-01 3.400709033012390137e-01 1.566600799560546875e-01 5.516521334648132324e-01 7.217774987220764160e-01 5.014941096305847168e-01 -9.849909693002700806e-03 -5.967164039611816406e-01 2.623045742511749268e-01 2.841536700725555420e-01 -1.494494229555130005e-01 -4.543545544147491455e-01 1.588895320892333984e-01 8.422496914863586426e-01 1.074040234088897705e-01 -8.362608551979064941e-01 -2.000646442174911499e-01 -3.477912843227386475e-01 -2.508693337440490723e-01 -6.578422784805297852e-01 -4.116646647453308105e-01 9.223849773406982422e-01 2.148976176977157593e-01 -1.719620078802108765e-01 -2.881954014301300049e-01 4.435603618621826172e-01 -2.442962825298309326e-01 3.725942224264144897e-05 5.204182863235473633e-01 3.636926114559173584e-01 -1.088858991861343384e-01
-1.426229774951934814e-01 -2.889772951602935791e-01 1.546021848917007446e-01 -7.806296944618225098e-01 -2.628486156463623047e-01 -9.804356098175048828e-02 1.950519382953643799e-01 -1.394769996404647827e-01 -4.702948331832885742e-01 4.798627644777297974e-02 -5.782865285873413086e-01 3.770940750837326050e-02 3.416493535041809082e-01 7.603078335523605347e-02 -4.031886458396911621e-01 -4.392275214195251465e-01 -1.988442689180374146e-01 2.120421379804611206e-01 1.169116050004959106e-02 -4.548675380647182465e-03 7.785059213638305664e-01 2.053501307964324951e-01 -4.378467798233032227e-03 1.954161822795867920e-01 4.481560885906219482e-01 2.267647981643676758e-01 8.613639511168003082e-05 -7.180912494659423828e-01 4.335709214210510254e-01 2.843974530696868896e-02 4.677407145500183105e-01 6.589114665985107422e-01 -7.728319615125656128e-03 4.598605036735534668e-01 3.598092794418334961e-01 4.095992147922515869e-01 3.745708614587783813e-02 2.761223614215850830e-01 6.151139140129089355e-01 -2.367308735847473145e-02 -1.806663721799850464e-01 5.712632834911346436e-02 5.219748020172119141e-01 -1.593879014253616333e-01 -2.507754564285278320e-01 3.218117356300354004e-01 7.142522335052490234e-01 3.581259250640869141e-01 -8.782491087913513184e-01 -1.547461301088333130e-01 -5.528836846351623535e-01 -3.042130768299102783e-01 -3.037154972553253174e-01 -1.460918188095092773e-01 2.797167897224426270e-01 4.245928823947906494e-01 -2.141595333814620972e-01 -3.087351322174072266e-01 3.573341369628906250e-01 -2.982355952262878418e-01 -1.073545366525650024e-01 1.281249523162841797e-01 -6.389706581830978394e-02 1.357205063104629517e-01
-2.130009233951568604e-01 -5.135360956192016602e-01 6.354837417602539062e-01 -6.247997879981994629e-01 2.518522739410400391e-02 3.925707563757896423e-02 2.134593427181243896e-01 3.664075136184692383e-01 -5.801653265953063965e-01 3.246830999851226807e-01 -4.518075287342071533e-01 1.503348499536514282e-01 4.660137593746185303e-01 -9.778599441051483154e-02 -3.462199568748474121e-01 -2.148893177509307861e-01 3.519830107688903809e-01 1.463742405176162720e-01 3.673713207244873047e-01 -2.413582801818847656e-01 9.933688044548034668e-01 1.120192557573318481e-01 1.447459161281585693e-01 -1.254727542400360107e-01 3.781932592391967773e-01 -1.778228133916854858e-01 -5.782462954521179199e-01 -3.903286755084991455e-01 2.723215520381927490e-01 9.360495209693908691e-02 1.108567565679550171e-01 3.222347497940063477e-01 1.720472872257232666e-01 5.763619542121887207e-01 2.623048424720764160e-01 8.540137112140655518e-02 5.351704955101013184e-01 7.815514206886291504e-01 4.091048836708068848e-01 -3.150084614753723145e-02 -7.489300370216369629e-01 2.729244828224182129e-01 3.320733308792114258e-01 -8.583711087703704834e-02 -4.400744438171386719e-01 2.203442454338073730e-01 7.635937333106994629e-01 -9.996891766786575317e-02 -7.778229713439941406e-01 -6.787956506013870239e-02 -3.144831061363220215e-01 -1.217685341835021973e-01 -6.749333739280700684e-01 -3.555247783660888672e-01 7.635890245437622070e-01 2.048741281032562256e-02 -4.308445379137992859e-02 -1.139787212014198303e-01 4.974078238010406494e-01 -1.032328903675079346e-01 -5.468817800283432007e-02 5.311925411224365234e-01 3.478449285030364990e-01 -2.257936745882034302e-01
-1.122712567448616028e-01 -7.194782495498657227e-01 5.903871059417724609e-01 -6.930246949195861816e-01 4.635914415121078491e-02 -5.770342797040939331e-02 2.499028742313385010e-01 2.863315939903259277e-01 -6.207882165908813477e-01 4.155603051185607910e-01 -4.376665949821472168e-01 2.226607203483581543e-01 4.211884737014770508e-01 -2.152386903762817383e-01 -2.033154815435409546e-01 -2.033272385597229004e-01 4.326271414756774902e-01 1.440513283014297485e-01 3.342482447624206543e-01 -2.580345869064331055e-01 1.038900256156921387e+00 1.718192398548126221e-01 8.688420057296752930e-03 -1.516101062297821045e-01 4.545815289020538330e-01 -2.457894682884216309e-01 -5.268924236297607422e-01 -5.535120368003845215e-01 3.776881992816925049e-01 1.989182829856872559e-01 6.332094967365264893e-02 4.141221046447753906e-01 1.473793536424636841e-01 4.729185700416564941e-01 2.207985818386077881e-01 2.869125604629516602e-01 5.012339949607849121e-01 8.250007033348083496e-01 3.765219748020172119e-01 1.317347772419452667e-02 -6.443284749984741211e-01 2.435149848461151123e-01 1.544474363327026367e-01 -2.241196185350418091e-01 -4.239085912704467773e-01 2.870219051837921143e-01 9.418412446975708008e-01 -1.843857765197753906e-02 -8.760212659835815430e-01 -8.107575774192810059e-02 -2.408926486968994141e-01 -1.989760845899581909e-01 -6.419634819030761719e-01 -3.226245641708374023e-01 7.506303787231445312e-01 6.633219867944717407e-02 -1.248004660010337830e-02 -3.306003659963607788e-02 5.634021759033203125e-01 -7.417862117290496826e-02 4.423620179295539856e-02 4.763094484806060791e-01 3.067528605461120605e-01 -1.988475173711776733e-01
-7.592138648033142090e-02 -3.865749537944793701e-01 1.585006117820739746e-01 -8.145089149475097656e-01 -8.386142551898956299e-02 4.714121297001838684e-02 1.943197250366210938e-01 -4.448365420103073120e-02 -5.181374549865722656e-01 5.076324194669723511e-02 -6.435249447822570801e-01 8.718599379062652588e-02 2.736683189868927002e-01 -6.515394151210784912e-02 -3.857036232948303223e-01 -2.805993854999542236e-01 -2.743102610111236572e-03 1.131766438484191895e-01 1.037661358714103699e-01 1.198274716734886169e-01 8.146967887878417969e-01 1.692804843187332153e-01 1.149218082427978516e-01 1.373316347599029541e-01 3.034410476684570312e-01 5.931670218706130981e-02 -9.420814365148544312e-02 -6.148586273193359375e-01 4.925868809223175049e-01 -9.572908282279968262e-02 3.691693544387817383e-01 6.324762701988220215e-01 -9.598363190889358521e-03 4.768278598785400391e-01 4.954700469970703125e-01 2.798781692981719971e-01 2.093299031257629395e-01 3.847162425518035889e-01 5.194018483161926270e-01 3.853228688240051270e-02 -4.874539971351623535e-01 4.335908964276313782e-02 5.040073394775390625e-01 -6.643947958946228027e-02 -4.531147480010986328e-01 2.543615996837615967e-01 6.179679036140441895e-01 2.015113979578018188e-01 -7.318991422653198242e-01 -7.096506655216217041e-02 -3.972305059432983398e-01 -1.535155773162841797e-01 -4.159150421619415283e-01 -1.625791937112808228e-01 5.700863599777221680e-01 3.574015796184539795e-01 -2.212499976158142090e-01 -3.510531783103942871e-01 3.288982510566711426e-01 -1.714495718479156494e-01 -6.046164780855178833e-02 1.712832152843475342e-01 1.246376559138298035e-01 -1.791728660464286804e-02
-3.734767436981201172e-03 -6.128665804862976074e-01 4.188591241836547852e-01 -8.242995738983154297e-01 -7.733792066574096680e-03 -4.416512697935104370e-02 1.740639507770538330e-01 8.933572471141815186e-02 -6.141580343246459961e-01 3.432186692953109741e-02 -4.138126671314239502e-01 6.162375211715698242e-03 2.958236336708068848e-01 -1.105212867259979248e-01 -2.906083464622497559e-01 -2.575681805610656738e-01 4.649291932582855225e-02 1.339145749807357788e-01 3.412165343761444092e-01 -6.604457646608352661e-02 9.103710651397705078e-01 7.901895791292190552e-02 9.352043271064758301e-02 2.718370407819747925e-02 3.776339292526245117e-01 -1.418163925409317017e-01 -3.012961745262145996e-01 -7.757648825645446777e-01 6.479076147079467773e-01 1.544332653284072876e-01 3.239081501960754395e-01 5.761874318122863770e-01 -1.432411670684814453e-01 4.864296913146972656e-01 3.056929409503936768e-01 2.485682368278503418e-01 3.724876046180725098e-01 4.842212498188018799e-01 5.911235809326171875e-01 -1.141009107232093811e-02 -3.947589099407196045e-01 1.808683872222900391e-01 4.345874786376953125e-01 -2.322584837675094604e-01 -4.730409979820251465e-01 1.119851544499397278e-01 9.216068387031555176e-01 3.195437192916870117e-01 -9.587903022766113281e-01 -3.158635273575782776e-02 -3.784972429275512695e-01 -3.325705230236053467e-01 -4.543698728084564209e-01 -1.911672651767730713e-01 7.608399987220764160e-01 2.722683548927307129e-01 -1.579769253730773926e-01 -2.750315964221954346e-01 2.989658713340759277e-01 -2.848679125308990479e-01 2.410793304443359375e-02 3.162418305873870850e-01 2.967256009578704834e-01 -1.476300507783889771e-01
-9.387218952178955078e-02 -5.944275259971618652e-01 -5.812950804829597473e-02 -7.871150374412536621e-01 -3.558877408504486084e-01 3.865350037813186646e-02 2.541873157024383545e-01 -1.837111264467239380e-01 -4.479306042194366455e-01 1.140822172164916992e-01 -5.566251873970031738e-01 -4.708710312843322754e-02 1.511828005313873291e-01 -1.954235285520553589e-01 -1.746111661195755005e-01 -5.998424813151359558e-02 -1.890737861394882202e-01 9.838785976171493530e-03 1.505582779645919800e-02 -1.560656875371932983e-01 6.316165924072265625e-01 4.457356333732604980e-01 1.514272093772888184e-01 2.273514568805694580e-01 3.226495087146759033e-01 2.335411012172698975e-01 9.605246037244796753e-02 -6.472091674804687500e-01 5.899583697319030762e-01 -3.816001117229461670e-03 3.755079507827758789e-01 5.979878902435302734e-01 -1.522352099418640137e-01 3.156147599220275879e-01 2.681912481784820557e-01 5.194221138954162598e-01 4.656238108873367310e-02 3.050854504108428955e-01 6.932407021522521973e-01 -1.071316748857498169e-02 -1.820582002401351929e-01 -7.118559628725051880e-02 4.163133203983306885e-01 -1.826096624135971069e-01 -4.241606295108795166e-01 4.600775241851806641e-01 7.699027061462402344e-01 5.606608986854553223e-01 -7.775766849517822266e-01 -1.552222520112991333e-01 -4.097980558872222900e-01 -4.097149074077606201e-01 -2.091788053512573242e-01 -1.778812706470489502e-01 3.111763000488281250e-01 4.364835023880004883e-01 -1.045921593904495239e-01 -1.638629138469696045e-01 2.045176774263381958e-01 -3.024737536907196045e-01 9.826463460922241211e-02 -1.289680898189544678e-01 3.269898146390914917e-02 2.287131547927856445e-01
-1.942782700061798096e-01 -6.816675662994384766e-01 6.615453958511352539e-01 -5.513591170310974121e-01 3.898778557777404785e-02 -7.792120426893234253e-02 2.043310403823852539e-01 4.433728456497192383e-01 -6.013734936714172363e-01 5.468627810478210449e-01 -4.085403084754943848e-01 2.026007175445556641e-01 3.980957567691802979e-01 -1.802303045988082886e-01 -1.798871308565139771e-01 -1.555847525596618652e-01 4.358036518096923828e-01 1.444968134164810181e-01 4.568882584571838379e-01 -3.567367196083068848e-01 1.120831012725830078e+00 7.520989328622817993e-02 6.695018708705902100e-02 -2.433205246925354004e-01 4.498071670532226562e-01 -2.415212392807006836e-01 -6.088563203811645508e-01 -2.928757667541503906e-01 1.508909463882446289e-01 1.439184993505477905e-01 -4.216701909899711609e-02 1.825921237468719482e-01 2.380884438753128052e-01 3.264212608337402344e-01 2.118440568447113037e-01 1.565398871898651123e-01 6.699632406234741211e-01 8.139942288398742676e-01 3.602413237094879150e-01 -1.730247884988784790e-01 -7.767343521118164062e-01 3.409312963485717773e-01 9.152343124151229858e-02 -1.421222239732742310e-01 -6.030489802360534668e-01 2.388226687908172607e-01 8.680596947669982910e-01 -2.919540107250213623e-01 -8.118911981582641602e-01 -6.921242922544479370e-02 -1.792518347501754761e-01 -5.415823310613632202e-02 -5.786226987838745117e-01 -4.183808863162994385e-01 7.351436018943786621e-01 -1.423122882843017578e-01 1.602211892604827881e-01 6.447208672761917114e-02 5.206768512725830078e-01 7.093439251184463501e-02 -1.191540341824293137e-02 5.005480051040649414e-01 4.494342803955078125e-01 -2.830861210823059082e-01
8.432605862617492676e-02 -5.347799062728881836e-01 3.633743524551391602e-02 -7.892024517059326172e-01 -2.171213328838348389e-01 -6.653723120689392090e-02 1.700080335140228271e-01 -9.676605463027954102e-02 -5.506697893142700195e-01 -1.028113588690757751e-01 -5.748204588890075684e-01 -1.041062176227569580e-02 2.383382320404052734e-01 -2.317409962415695190e-02 -3.020200729370117188e-01 -3.439151942729949951e-01 -1.728342026472091675e-01 9.952057898044586182e-02 1.913623511791229248e-01 7.712341099977493286e-02 6.454312801361083984e-01 3.078472912311553955e-01 3.492210060358047485e-02 2.057610452175140381e-01 3.089481890201568604e-01 1.387096345424652100e-01 -4.440021887421607971e-02 -7.770742774009704590e-01 7.232835292816162109e-01 1.925324276089668274e-02 5.019816160202026367e-01 6.866731643676757812e-01 -1.506055444478988647e-01 4.016838073730468750e-01 2.651471793651580811e-01 3.971122205257415771e-01 -1.866276562213897705e-02 2.909684181213378906e-01 6.968225240707397461e-01 5.522316694259643555e-02 -7.510825991630554199e-02 3.565469011664390564e-02 5.459601283073425293e-01 -1.367544680833816528e-01 -3.623155653476715088e-01 2.973374426364898682e-01 7.100778222084045410e-01 6.708559393882751465e-01 -8.886882066726684570e-01 -1.131094247102737427e-01 -4.201969504356384277e-01 -5.126346945762634277e-01 -2.554506361484527588e-01 -7.718127965927124023e-02 4.570323824882507324e-01 5.794931650161743164e-01 -1.540330797433853149e-01 -2.353170812129974365e-01 1.441722810268402100e-01 -3.614333868026733398e-01 1.105472519993782043e-01 -8.572570979595184326e-03 -3.319634497165679932e-02 1.316614001989364624e-01
-1.432551443576812744e-01 -4.665707051753997803e-01 8.838105201721191406e-02 -7.204812169075012207e-01 -2.486036717891693115e-01 -6.207101792097091675e-02 2.842552363872528076e-01 -9.788880497217178345e-02 -3.137788772583007812e-01 2.952567636966705322e-01 -6.416522264480590820e-01 -1.780407130718231201e-02 2.982066273689270020e-01 -1.090187057852745056e-01 -2.766752243041992188e-01 -1.343354880809783936e-01 -1.526296138763427734e-01 9.732027351856231689e-02 9.569516777992248535e-02 -1.414189040660858154e-01 7.218509316444396973e-01 3.602086603641510010e-01 3.570573031902313232e-02 2.077511847019195557e-01 5.087479948997497559e-01 2.020343542098999023e-01 2.744569256901741028e-02 -6.748185157775878906e-01 4.910160303115844727e-01 7.642970979213714600e-02 3.653828203678131104e-01 5.088852047920227051e-01 -4.242487251758575439e-02 3.485633134841918945e-01 1.947030276060104370e-01 5.439274311065673828e-01 1.594872772693634033e-01 4.164741337299346924e-01 6.066248416900634766e-01 -7.072946429252624512e-02 -1.556204110383987427e-01 6.007923930883407593e-02 4.308287501335144043e-01 -2.833647131919860840e-01 -3.260615170001983643e-01 3.921289145946502686e-01 9.027901887893676758e-01 5.255275368690490723e-01 -9.374813437461853027e-01 -2.135939300060272217e-01 -4.719498753547668457e-01 -3.249743878841400146e-01 -2.482526451349258423e-01 -2.307422161102294922e-01 3.771420121192932129e-01 3.306358158588409424e-01 -9.006492793560028076e-02 -1.234958246350288391e-01 2.477409392595291138e-01 -3.276916444301605225e-01 1.371527463197708130e-01 -2.799096703529357910e-02 5.300227552652359009e-02 1.760210692882537842e-01
-4.645629599690437317e-02 -4.392944574356079102e-01 -2.188149541616439819e-01 -6.883294582366943359e-01 -3.849391639232635498e-01 4.421635717153549194e-02 1.897968649864196777e-01 -2.766854166984558105e-01 -4.016573131084442139e-01 7.128252834081649780e-02 -5.737518072128295898e-01 -1.088845580816268921e-01 1.224357783794403076e-01 6.689652800559997559e-04 -2.464407831430435181e-01 -2.472698241472244263e-01 -3.336911797523498535e-01 -1.779256016016006470e-02 3.960204869508743286e-02 4.463613405823707581e-02 4.740809202194213867e-01 4.499020576477050781e-01 3.098513185977935791e-02 3.748326003551483154e-01 3.545592427253723145e-01 3.286736905574798584e-01 1.897060722112655640e-01 -7.159435749053955078e-01 6.222937107086181641e-01 -7.186232507228851318e-02 5.540028214454650879e-01 6.720930337905883789e-01 -2.275488525629043579e-01 3.628516197204589844e-01 2.033228576183319092e-01 5.618876814842224121e-01 -2.145092785358428955e-01 2.036300599575042725e-01 8.202791213989257812e-01 -2.731652557849884033e-02 7.490529119968414307e-02 -1.370142102241516113e-01 4.888817667961120605e-01 -1.449016779661178589e-01 -2.510198950767517090e-01 4.124071598052978516e-01 6.722671389579772949e-01 7.589222788810729980e-01 -8.400027751922607422e-01 -1.638534963130950928e-01 -4.272117614746093750e-01 -4.545251131057739258e-01 -5.306984111666679382e-02 -1.818607747554779053e-02 1.599256843328475952e-01 5.480908155441284180e-01 -1.940352320671081543e-01 -1.351142227649688721e-01 9.133848547935485840e-02 -3.680863380432128906e-01 1.089324504137039185e-01 -2.944633066654205322e-01 -2.123011648654937744e-01 2.842181622982025146e-01
-6.740576028823852539e-02 -5.388901829719543457e-01 1.179333776235580444e-02 -8.401087522506713867e-01 -2.571006119251251221e-01 -3.010348230600357056e-02 2.216960787773132324e-01 -1.696413010358810425e-01 -5.223394036293029785e-01 1.513980031013488770e-01 -6.994332671165466309e-01 1.946093887090682983e-02 2.915661334991455078e-01 -1.269306540489196777e-01 -2.770963311195373535e-01 -1.446075737476348877e-01 -2.814948558807373047e-01 1.267260462045669556e-01 9.211167693138122559e-02 -1.109439413994550705e-02 7.254076004028320312e-01 2.280540913343429565e-01 2.031160891056060791e-01 1.735398918390274048e-01 2.709962427616119385e-01 8.384340256452560425e-02 6.873864680528640747e-02 -7.760199904441833496e-01 7.480474114418029785e-01 5.472133308649063110e-02 5.570217967033386230e-01 7.148888111114501953e-01 -6.209078803658485413e-02 4.069680571556091309e-01 3.594407737255096436e-01 4.581267535686492920e-01 7.816775888204574585e-02 4.014163315296173096e-01 7.537538409233093262e-01 -8.311587572097778320e-02 -2.598666548728942871e-01 1.496542096138000488e-01 4.725938439369201660e-01 -1.697930544614791870e-01 -3.287376165390014648e-01 3.362245857715606689e-01 6.477488875389099121e-01 4.633229374885559082e-01 -6.822045445442199707e-01 -9.625068306922912598e-02 -4.052827358245849609e-01 -2.736160159111022949e-01 -1.677598804235458374e-01 -8.575481921434402466e-02 4.964981675148010254e-01 5.098221898078918457e-01 -1.044509559869766235e-01 -2.612262666225433350e-01 1.750714629888534546e-01 -2.060419023036956787e-01 -9.324387647211551666e-03 -4.491433501243591309e-03 7.143830507993698120e-02 2.074698954820632935e-01
-1.221148744225502014e-01 -3.448565900325775146e-01 1.734316051006317139e-01 -8.055678606033325195e-01 -1.557879745960235596e-01 3.270624950528144836e-02 2.313716858625411987e-01 -1.139521598815917969e-01 -4.397088289260864258e-01 8.477751910686492920e-02 -6.040076017379760742e-01 4.313341528177261353e-02 3.736125230789184570e-01 -2.337410300970077515e-02 -4.065741896629333496e-01 -2.948924899101257324e-01 -2.514670789241790771e-02 1.513144373893737793e-01 2.519726008176803589e-02 2.124428376555442810e-02 8.215628266334533691e-01 2.502726018428802490e-01 4.279781877994537354e-02 1.375381052494049072e-01 4.012862145900726318e-01 1.336642801761627197e-01 -4.816610366106033325e-02 -6.836835145950317383e-01 4.887186288833618164e-01 2.691282704472541809e-02 3.652242124080657959e-01 6.240629553794860840e-01 -2.926424145698547363e-03 4.459627866744995117e-01 3.876119852066040039e-01 3.566975891590118408e-01 1.625179648399353027e-01 3.825927078723907471e-01 5.321522355079650879e-01 7.405601441860198975e-02 -3.380942940711975098e-01 8.656608313322067261e-02 4.814869761466979980e-01 -1.683677285909652710e-01 -3.760226666927337646e-01 3.577623367309570312e-01 6.922367811203002930e-01 3.114071488380432129e-01 -7.888769507408142090e-01 -1.168881431221961975e-01 -4.869515299797058105e-01 -2.624088227748870850e-01 -4.176546037197113037e-01 -1.976397931575775146e-01 5.173337459564208984e-01 4.248914122581481934e-01 -2.239106148481369019e-01 -3.495832383632659912e-01 3.899752497673034668e-01 -2.809398770332336426e-01 -8.118513971567153931e-02 1.216469705104827881e-01 5.842816829681396484e-02 8.351546525955200195e-02
-1.013040691614151001e-01 -8.579248785972595215e-01 6.561379432678222656e-01 -7.703547477722167969e-01 1.261496245861053467e-01 -1.859370246529579163e-02 2.982293963432312012e-01 4.174645543098449707e-01 -6.505603194236755371e-01 3.257507979869842529e-01 -4.617631137371063232e-01 1.699481606483459473e-01 2.965143024921417236e-01 -2.903705835342407227e-01 -2.548528313636779785e-01 -1.514428853988647461e-01 3.555423021316528320e-01 1.006788313388824463e-01 4.409738183021545410e-01 -2.550166547298431396e-01 1.142093300819396973e+00 -2.533268183469772339e-03 1.675596833229064941e-01 -1.735352277755737305e-01 2.939439415931701660e-01 -3.290732204914093018e-01 -5.747454762458801270e-01 -3.270808160305023193e-01 3.893123567104339600e-01 1.519496440887451172e-01 -8.301932364702224731e-03 3.498815298080444336e-01 1.436219215393066406e-01 3.818420171737670898e-01 3.931083083152770996e-01 2.012256085872650146e-01 7.381122112274169922e-01 7.255842089653015137e-01 3.742597699165344238e-01 -1.581756770610809326e-01 -7.572143077850341797e-01 3.251190781593322754e-01 1.843931674957275391e-01 -3.158713877201080322e-02 -6.659854650497436523e-01 1.893418729305267334e-01 8.749060034751892090e-01 -1.863248646259307861e-01 -8.057529926300048828e-01 -1.237883120775222778e-01 -9.759999066591262817e-02 -6.875811517238616943e-02 -6.311483383178710938e-01 -4.527253806591033936e-01 8.904026746749877930e-01 -8.207171410322189331e-02 1.382349282503128052e-01 -1.373294740915298462e-02 4.231237769126892090e-01 1.000519469380378723e-01 -5.220992490649223328e-02 5.445660352706909180e-01 5.334882140159606934e-01 -2.435757964849472046e-01
-1.271806508302688599e-01 -4.650996327400207520e-01 5.081158280372619629e-01 -6.930052638053894043e-01 -3.931631147861480713e-02 -2.365969493985176086e-02 2.234085798263549805e-01 1.336230486631393433e-01 -5.125774145126342773e-01 1.887832731008529663e-01 -4.750628769397735596e-01 8.998102694749832153e-02 4.930365085601806641e-01 -1.408027261495590210e-01 -3.912648558616638184e-01 -3.476290106773376465e-01 1.061735227704048157e-01 2.753138840198516846e-01 2.585710883140563965e-01 -1.992928236722946167e-01 9.028385877609252930e-01 2.217391282320022583e-01 6.902933120727539062e-02 -5.111897736787796021e-02 4.570852518081665039e-01 -4.052101448178291321e-02 -4.078404307365417480e-01 -6.370438337326049805e-01 3.241052925586700439e-01 2.173236459493637085e-01 1.963986903429031372e-01 4.712252616882324219e-01 6.499443948268890381e-02 5.683597922325134277e-01 3.790443539619445801e-01 2.441749870777130127e-01 4.780175387859344482e-01 5.967416167259216309e-01 5.112640261650085449e-01 3.633167594671249390e-03 -4.830088019371032715e-01 1.683285236358642578e-01 3.748690783977508545e-01 -2.426277250051498413e-01 -4.401313364505767822e-01 2.084285616874694824e-01 7.874649763107299805e-01 1.507478356361389160e-01 -8.485642075538635254e-01 -1.845301836729049683e-01 -5.213322639465332031e-01 -2.731919288635253906e-01 -5.681434273719787598e-01 -3.530152440071105957e-01 7.299256920814514160e-01 3.048319220542907715e-01 -1.961576491594314575e-01 -2.777487039566040039e-01 4.179161190986633301e-01 -2.695313096046447754e-01 -5.209370702505111694e-02 4.490209519863128662e-01 2.186083793640136719e-01 -8.560234308242797852e-02
-7.364231348037719727e-02 -4.333472549915313721e-01 2.626330256462097168e-01 -7.211583256721496582e-01 -3.255886957049369812e-02 7.259956002235412598e-02 2.455123066902160645e-01 -5.310995876789093018e-02 -4.812283515930175781e-01 1.311142295598983765e-01 -5.621636509895324707e-01 -8.483558893203735352e-02 2.921292185783386230e-01 -1.378206759691238403e-01 -4.023870229721069336e-01 -2.241199016571044922e-01 -7.654605805873870850e-02 1.584730744361877441e-01 1.867488622665405273e-01 -6.804863363504409790e-02 8.720501661300659180e-01 2.354287803173065186e-01 1.053775846958160400e-01 1.328012347221374512e-01 4.280538856983184814e-01 2.001300454139709473e-04 -1.644627749919891357e-01 -7.108519077301025391e-01 4.487814009189605713e-01 5.296237394213676453e-02 4.070500135421752930e-01 5.951380133628845215e-01 -2.857105433940887451e-02 3.940678238868713379e-01 4.023401737213134766e-01 3.514801561832427979e-01 3.029847443103790283e-01 4.161407947540283203e-01 5.212431550025939941e-01 -6.934627890586853027e-04 -4.187924563884735107e-01 1.513652205467224121e-01 4.259330928325653076e-01 -2.831883430480957031e-01 -4.094154834747314453e-01 2.104470729827880859e-01 7.893749475479125977e-01 2.391764670610427856e-01 -8.830898404121398926e-01 -1.471750140190124512e-01 -4.311731457710266113e-01 -1.370293945074081421e-01 -4.027475416660308838e-01 -3.189216554164886475e-01 7.001711726188659668e-01 2.625469565391540527e-01 -2.162394821643829346e-01 -2.989779412746429443e-01 3.903824388980865479e-01 -2.669776380062103271e-01 -1.157659385353326797e-02 2.011307477951049805e-01 1.887487471103668213e-01 -1.321960240602493286e-02
-8.962261676788330078e-02 -4.713264107704162598e-01 2.835398018360137939e-01 -6.199442744255065918e-01 -9.514349699020385742e-02 -4.510378092527389526e-02 2.323015630245208740e-01 1.680612564086914062e-03 -3.530524969100952148e-01 2.362596392631530762e-01 -5.304503440856933594e-01 -7.469074428081512451e-02 3.304558694362640381e-01 -1.647914648056030273e-01 -3.180555701255798340e-01 -1.973626166582107544e-01 -1.477497816085815430e-02 2.308607250452041626e-01 8.992171287536621094e-02 -2.135158181190490723e-01 8.271871209144592285e-01 3.574952483177185059e-01 4.286894202232360840e-02 4.667372256517410278e-02 5.543283224105834961e-01 8.279613405466079712e-02 -1.729056239128112793e-01 -7.073879241943359375e-01 2.916387617588043213e-01 1.491531431674957275e-01 2.731540799140930176e-01 4.507224559783935547e-01 -9.403824806213378906e-04 4.346495866775512695e-01 2.979107201099395752e-01 3.671260476112365723e-01 3.996995687484741211e-01 4.711886048316955566e-01 5.262423753738403320e-01 -4.862946271896362305e-02 -2.779623866081237793e-01 5.840084701776504517e-02 3.809503614902496338e-01 -3.298059105873107910e-01 -4.426942467689514160e-01 2.813592553138732910e-01 8.622324466705322266e-01 3.589909672737121582e-01 -8.893882632255554199e-01 -2.195811569690704346e-01 -5.576656460762023926e-01 -2.734929323196411133e-01 -3.313499391078948975e-01 -3.278928399085998535e-01 5.701683163642883301e-01 3.268373906612396240e-01 -1.566824913024902344e-01 -2.234465479850769043e-01 3.193857073783874512e-01 -3.571426868438720703e-01 3.564139455556869507e-02 2.578001320362091064e-01 1.776300966739654541e-01 6.526487320661544800e-02
-2.259803935885429382e-02 -7.104023694992065430e-01 6.448072791099548340e-01 -7.447760701179504395e-01 9.608644992113113403e-02 -1.059916615486145020e-02 2.689895033836364746e-01 3.279643654823303223e-01 -6.429827213287353516e-01 3.155760765075683594e-01 -4.621656239032745361e-01 1.144250035285949707e-01 2.838012278079986572e-01 -2.045017629861831665e-01 -2.670868635177612305e-01 -1.835221350193023682e-01 3.914286494255065918e-01 1.931391358375549316e-01 3.421692252159118652e-01 -1.778987050056457520e-01 1.085825443267822266e+00 1.457133423537015915e-02 1.736763417720794678e-01 -7.111484557390213013e-02 3.104636967182159424e-01 -4.120629727840423584e-01 -5.627132654190063477e-01 -3.883149325847625732e-01 4.455883204936981201e-01 1.299444735050201416e-01 1.074293255805969238e-02 3.875689506530761719e-01 7.199244201183319092e-02 4.000178575515747070e-01 4.454401135444641113e-01 8.904919028282165527e-02 6.692500114440917969e-01 7.370397448539733887e-01 3.841184675693511963e-01 -1.343376338481903076e-01 -7.387886047363281250e-01 2.687672078609466553e-01 1.286766529083251953e-01 -1.333662122488021851e-01 -6.456863880157470703e-01 1.467625796794891357e-01 9.352626800537109375e-01 -1.260273754596710205e-01 -8.740553259849548340e-01 1.706679165363311768e-02 -7.090516388416290283e-02 -1.720089465379714966e-02 -6.453492045402526855e-01 -3.713662326335906982e-01 9.481436014175415039e-01 -6.236688047647476196e-02 5.534122139215469360e-02 -1.016542091965675354e-01 4.443500936031341553e-01 4.518773406744003296e-02 -1.707300543785095215e-01 4.417349994182586670e-01 5.030949115753173828e-01 -2.627133429050445557e-01
-1.275956928730010986e-01 -4.762351214885711670e-01 1.036449372768402100e-01 -7.452178597450256348e-01 -2.422868609428405762e-01 -5.331831425428390503e-02 2.398507595062255859e-01 -2.586000040173530579e-02 -3.807944953441619873e-01 6.144957244396209717e-02 -5.216271281242370605e-01 -5.668869614601135254e-02 1.637593209743499756e-01 -5.515321344137191772e-02 -2.626690864562988281e-01 -1.865691244602203369e-01 -1.216703206300735474e-01 7.000257074832916260e-02 1.132745295763015747e-01 -8.388563245534896851e-02 6.611871123313903809e-01 2.981142401695251465e-01 1.706942021846771240e-01 1.649273633956909180e-01 3.744280636310577393e-01 2.668098807334899902e-01 -2.381078898906707764e-02 -5.844982862472534180e-01 4.442906975746154785e-01 -3.051956743001937866e-02 3.848705589771270752e-01 5.035987496376037598e-01 -7.257611304521560669e-02 4.467431306838989258e-01 2.793764173984527588e-01 4.065598845481872559e-01 1.966447830200195312e-01 2.705000042915344238e-01 5.560953021049499512e-01 -7.003755867481231689e-02 -2.108703255653381348e-01 -2.274484187364578247e-02 5.784759521484375000e-01 -1.701330393552780151e-01 -3.864154815673828125e-01 3.605624139308929443e-01 7.613468766212463379e-01 4.663598537445068359e-01 -8.398828506469726562e-01 -1.447208076715469360e-01 -5.954039096832275391e-01 -3.169589936733245850e-01 -2.767068445682525635e-01 -1.852354109287261963e-01 3.194089531898498535e-01 3.122371435165405273e-01 -1.052223518490791321e-01 -1.689917147159576416e-01 2.498004287481307983e-01 -3.347002267837524414e-01 1.242543831467628479e-01 8.157962560653686523e-02 7.864250987768173218e-02 1.457049250602722168e-01
-6.925202161073684692e-02 -5.011664628982543945e-01 4.687166213989257812e-01 -7.343279719352722168e-01 6.905067712068557739e-02 -7.834665477275848389e-03 2.603664100170135498e-01 7.460556924343109131e-02 -6.181406974792480469e-01 1.834324449300765991e-01 -5.643200278282165527e-01 3.403502702713012695e-02 3.782133460044860840e-01 -1.094987466931343079e-01 -4.062894582748413086e-01 -2.511576712131500244e-01 7.421249151229858398e-02 2.581952512264251709e-01 2.957298159599304199e-01 -1.123299077153205872e-01 9.281104207038879395e-01 1.519454568624496460e-01 1.222024261951446533e-01 4.332348704338073730e-02 3.811988532543182373e-01 -1.748318970203399658e-01 -3.381226956844329834e-01 -6.692057251930236816e-01 5.091540217399597168e-01 1.919775456190109253e-01 3.634983599185943604e-01 6.025542020797729492e-01 4.467142745852470398e-02 4.709417223930358887e-01 3.768967092037200928e-01 2.533722817897796631e-01 4.222382605075836182e-01 5.953310728073120117e-01 4.475438594818115234e-01 -1.468724012374877930e-02 -5.353708267211914062e-01 2.776811718940734863e-01 3.559133410453796387e-01 -2.947766780853271484e-01 -3.959417939186096191e-01 1.909741759300231934e-01 8.381657004356384277e-01 1.085592657327651978e-01 -8.683593869209289551e-01 -1.204719245433807373e-01 -3.190122544765472412e-01 -1.202236488461494446e-01 -6.264228224754333496e-01 -3.687524795532226562e-01 8.047261834144592285e-01 1.903828531503677368e-01 -1.782669872045516968e-01 -2.754829823970794678e-01 5.193883776664733887e-01 -1.749235093593597412e-01 7.625578902661800385e-03 3.367132246494293213e-01 2.540546953678131104e-01 -9.608104825019836426e-02
-1.156755760312080383e-01 -6.393752098083496094e-01 4.332684278488159180e-01 -6.741876006126403809e-01 -2.752587944269180298e-02 -1.083680912852287292e-01 2.542923390865325928e-01 1.246814131736755371e-01 -4.857879877090454102e-01 3.662138581275939941e-01 -5.903723239898681641e-01 7.647770643234252930e-02 4.032128453254699707e-01 -2.691569924354553223e-01 -2.152764648199081421e-01 -1.485462486743927002e-01 1.721637398004531860e-01 1.658127754926681519e-01 2.607523798942565918e-01 -2.603697776794433594e-01 1.005968332290649414e+00 2.428006231784820557e-01 3.336442261934280396e-02 -9.517416357994079590e-03 5.550928711891174316e-01 -1.744732856750488281e-01 -3.850209414958953857e-01 -6.160717010498046875e-01 3.168282508850097656e-01 1.535147130489349365e-01 1.432447731494903564e-01 4.396681785583496094e-01 1.909451931715011597e-01 4.097796678543090820e-01 2.683869600296020508e-01 3.396597504615783691e-01 5.203985571861267090e-01 6.584709882736206055e-01 4.076765179634094238e-01 -8.762867003679275513e-02 -4.872968196868896484e-01 1.878066658973693848e-01 2.836790084838867188e-01 -3.340193629264831543e-01 -4.482230842113494873e-01 2.854465246200561523e-01 1.034875273704528809e+00 1.247673928737640381e-01 -8.767771124839782715e-01 -1.056380048394203186e-01 -3.698983788490295410e-01 -1.629153490066528320e-01 -4.067290723323822021e-01 -3.806555867195129395e-01 7.928075790405273438e-01 1.753523349761962891e-01 -5.819702520966529846e-02 -8.189032226800918579e-02 3.885444700717926025e-01 -2.169792503118515015e-01 8.060509711503982544e-02 4.234773814678192139e-01 3.368907272815704346e-01 -1.067984551191329956e-01
-8.797886967658996582e-02 -6.483052372932434082e-01 5.438453555107116699e-01 -5.683526992797851562e-01 1.980143487453460693e-01 8.443105220794677734e-02 2.592082917690277100e-01 2.555590271949768066e-01 -7.583955526351928711e-01 2.678701579570770264e-01 -3.747332990169525146e-01 4.109147191047668457e-02 2.585113346576690674e-01 -1.866825819015502930e-01 -3.044471144676208496e-01 -3.071635663509368896e-01 3.753508329391479492e-01 1.714952588081359863e-01 3.460684418678283691e-01 -1.412445604801177979e-01 1.183358311653137207e+00 1.671927869319915771e-01 3.620804101228713989e-02 -1.480254828929901123e-01 3.932542800903320312e-01 -1.922953724861145020e-01 -5.609714984893798828e-01 -3.445277810096740723e-01 2.403323948383331299e-01 1.005415022373199463e-01 1.612663120031356812e-01 3.520249128341674805e-01 1.901166290044784546e-01 3.067579269409179688e-01 4.286887049674987793e-01 1.803163439035415649e-01 5.928001999855041504e-01 5.857474803924560547e-01 2.280960381031036377e-01 -3.730118274688720703e-03 -7.305783033370971680e-01 2.254631221294403076e-01 1.655916273593902588e-01 -1.890324205160140991e-01 -6.229634881019592285e-01 1.288317143917083740e-01 7.457296848297119141e-01 -2.570382952690124512e-01 -6.968326568603515625e-01 -8.570998907089233398e-02 -1.909422278404235840e-01 -3.772306442260742188e-02 -6.730431318283081055e-01 -6.315476298332214355e-01 9.029919505119323730e-01 7.555268704891204834e-03 -1.282717883586883545e-01 -1.350189149379730225e-01 6.319549083709716797e-01 5.850590765476226807e-03 -1.036161258816719055e-01 4.799605309963226318e-01 3.810746967792510986e-01 -2.092340439558029175e-01
-1.661097854375839233e-01 -7.021998167037963867e-01 6.258241534233093262e-01 -5.962247848510742188e-01 7.845761626958847046e-02 -9.595110267400741577e-02 2.069266289472579956e-01 3.284205198287963867e-01 -5.553176999092102051e-01 4.744125604629516602e-01 -5.090575218200683594e-01 1.439693421125411987e-01 4.123388528823852539e-01 -2.229017317295074463e-01 -2.192487269639968872e-01 -1.355946362018585205e-01 3.376302123069763184e-01 1.983822733163833618e-01 3.744567632675170898e-01 -3.327317833900451660e-01 1.085548400878906250e+00 1.546256989240646362e-01 6.785757839679718018e-02 -1.746453046798706055e-01 4.647486507892608643e-01 -2.538904249668121338e-01 -5.203698873519897461e-01 -4.488340914249420166e-01 2.310750484466552734e-01 2.245609462261199951e-01 3.353935852646827698e-02 2.912927269935607910e-01 2.117255479097366333e-01 3.844230175018310547e-01 2.214020788669586182e-01 2.068976759910583496e-01 6.779128313064575195e-01 7.830469012260437012e-01 3.751321434974670410e-01 -1.424854099750518799e-01 -6.638489365577697754e-01 2.891504764556884766e-01 1.667314767837524414e-01 -2.369037419557571411e-01 -5.507431626319885254e-01 2.556075751781463623e-01 9.292801022529602051e-01 -1.106644719839096069e-01 -8.152192234992980957e-01 -1.282359957695007324e-01 -2.703069448471069336e-01 -1.269314140081405640e-01 -5.475267171859741211e-01 -3.927317261695861816e-01 7.984381318092346191e-01 -2.571883052587509155e-02 6.070525944232940674e-02 -2.999595552682876587e-02 4.651510417461395264e-01 -4.662588238716125488e-02 8.555019646883010864e-02 5.164964199066162109e-01 4.297937154769897461e-01 -2.065455317497253418e-01
-1.848011165857315063e-01 -4.760252237319946289e-01 6.337829232215881348e-01 -5.810779333114624023e-01 1.555014550685882568e-01 -5.593625456094741821e-02 2.094953954219818115e-01 3.055120706558227539e-01 -5.879805684089660645e-01 4.186482429504394531e-01 -5.647983551025390625e-01 2.239552885293960571e-01 4.894322752952575684e-01 -1.072301566600799561e-01 -2.933613061904907227e-01 -3.211815953254699707e-01 4.452667832374572754e-01 2.293359190225601196e-01 2.787182629108428955e-01 -1.913128197193145752e-01 1.111788630485534668e+00 1.263466477394104004e-01 -3.127283975481987000e-02 -1.920025944709777832e-01 5.556995868682861328e-01 -2.260038256645202637e-01 -5.626160502433776855e-01 -3.694574534893035889e-01 1.585648059844970703e-01 8.065550774335861206e-02 8.090999722480773926e-02 3.531242907047271729e-01 3.121877312660217285e-01 4.423439502716064453e-01 3.279478251934051514e-01 1.673851907253265381e-01 5.896145105361938477e-01 7.206323742866516113e-01 2.642094790935516357e-01 -4.311931133270263672e-02 -6.971470117568969727e-01 2.764819860458374023e-01 2.231622338294982910e-01 -1.455904990434646606e-01 -5.137267112731933594e-01 2.303023934364318848e-01 8.547745347023010254e-01 -2.682265639305114746e-01 -7.173619270324707031e-01 -9.143071621656417847e-02 -2.663373351097106934e-01 -7.929106801748275757e-02 -6.563968062400817871e-01 -5.186753273010253906e-01 7.923277616500854492e-01 3.261933475732803345e-02 -3.300334513187408447e-02 -1.207130625844001770e-01 5.432494878768920898e-01 -5.725508183240890503e-02 -1.563633978366851807e-01 5.857132673263549805e-01 3.144323229789733887e-01 -2.468933612108230591e-01
-5.383814126253128052e-02 -6.801746487617492676e-01 5.229845046997070312e-01 -7.040706276893615723e-01 6.152511388063430786e-02 -1.032260879874229431e-01 2.852686047554016113e-01 2.246992439031600952e-01 -5.778459310531616211e-01 2.582623660564422607e-01 -5.323758721351623535e-01 1.299930512905120850e-01 3.867074847221374512e-01 -1.996962726116180420e-01 -3.077021241188049316e-01 -2.226553708314895630e-01 2.591319680213928223e-01 1.638680696487426758e-01 3.329104781150817871e-01 -1.345049291849136353e-01 1.014316320419311523e+00 1.021672710776329041e-01 6.438456475734710693e-03 -1.318901777267456055e-01 4.588935375213623047e-01 -1.969564855098724365e-01 -4.267178773880004883e-01 -6.522645950317382812e-01 4.973263442516326904e-01 2.081274539232254028e-01 2.015943378210067749e-01 4.397207498550415039e-01 7.636626064777374268e-02 5.005975961685180664e-01 2.943626642227172852e-01 2.520763576030731201e-01 4.651851356029510498e-01 7.427773475646972656e-01 4.069110155105590820e-01 -2.103221416473388672e-02 -5.211819410324096680e-01 2.424839138984680176e-01 3.271399438381195068e-01 -2.401396781206130981e-01 -4.366329312324523926e-01 2.240653336048126221e-01 9.363536834716796875e-01 1.284524798393249512e-01 -8.929106593132019043e-01 -6.399603188037872314e-02 -2.704088687896728516e-01 -2.170609086751937866e-01 -5.877097249031066895e-01 -3.187800049781799316e-01 8.109742403030395508e-01 1.483909338712692261e-01 -6.938737630844116211e-02 -1.617609858512878418e-01 4.213843643665313721e-01 -1.562382280826568604e-01 4.714232683181762695e-02 4.255144894123077393e-01 3.373030424118041992e-01 -1.015249788761138916e-01
-7.481186091899871826e-02 -5.241094827651977539e-01 2.646134495735168457e-01 -7.893460988998413086e-01 -8.496302366256713867e-02 -1.291341781616210938e-01 1.789125949144363403e-01 -8.090521395206451416e-02 -4.296482503414154053e-01 2.120514661073684692e-01 -6.112819910049438477e-01 8.949152380228042603e-02 4.137596487998962402e-01 -7.357662171125411987e-02 -3.593902587890625000e-01 -1.484755575656890869e-01 -2.114015445113182068e-02 2.131266146898269653e-01 1.410347819328308105e-01 -8.736351877450942993e-02 8.599421977996826172e-01 1.809250116348266602e-01 4.231950640678405762e-02 5.740862712264060974e-02 4.529751837253570557e-01 -4.141505062580108643e-02 -1.439126729965209961e-01 -7.584764957427978516e-01 6.065660119056701660e-01 2.284976541996002197e-01 3.638345301151275635e-01 5.990820527076721191e-01 -1.214409619569778442e-02 4.393610358238220215e-01 2.815728485584259033e-01 3.449783027172088623e-01 2.910368442535400391e-01 5.085958242416381836e-01 5.486501455307006836e-01 -3.339508920907974243e-02 -3.447692990303039551e-01 1.798224747180938721e-01 4.359083771705627441e-01 -2.336935251951217651e-01 -3.694201111793518066e-01 2.937006652355194092e-01 8.497325181961059570e-01 3.797778487205505371e-01 -8.694601655006408691e-01 -8.415359258651733398e-02 -5.021389722824096680e-01 -2.706748247146606445e-01 -3.220230638980865479e-01 -1.673972755670547485e-01 6.568139195442199707e-01 3.860984742641448975e-01 -1.271884441375732422e-01 -2.838133275508880615e-01 2.861183583736419678e-01 -3.150264620780944824e-01 5.590725690126419067e-02 2.205386161804199219e-01 1.999029666185379028e-01 2.500093355774879456e-02
1.039601713418960571e-01 -4.885405004024505615e-01 -7.367609441280364990e-02 -8.471926450729370117e-01 -2.328484058380126953e-01 -1.390953958034515381e-01 2.450477778911590576e-01 -1.315674930810928345e-01 -5.839176774024963379e-01 -2.700193971395492554e-02 -6.053296327590942383e-01 4.470706358551979065e-02 2.681647539138793945e-01 5.379597097635269165e-02 -1.911799460649490356e-01 -3.894276022911071777e-01 -1.418713778257369995e-01 7.123148441314697266e-02 1.978937685489654541e-01 1.904277950525283813e-01 6.337413191795349121e-01 3.065049648284912109e-01 -1.285949349403381348e-02 2.604438960552215576e-01 3.966830968856811523e-01 5.916107445955276489e-02 -8.894398808479309082e-03 -8.310812711715698242e-01 7.782064080238342285e-01 -2.303788810968399048e-02 5.326209664344787598e-01 8.115299940109252930e-01 -3.012598678469657898e-02 4.346045255661010742e-01 2.028201818466186523e-01 4.582512378692626953e-01 -7.554683089256286621e-02 2.875721752643585205e-01 6.756369471549987793e-01 2.526485174894332886e-02 5.096925050020217896e-02 5.869720876216888428e-02 4.811200499534606934e-01 -2.377048283815383911e-01 -2.754417359828948975e-01 3.509368002414703369e-01 7.983838915824890137e-01 7.145266532897949219e-01 -8.381168842315673828e-01 -6.837804615497589111e-02 -3.054332137107849121e-01 -4.804536104202270508e-01 -2.315815836191177368e-01 -5.844293534755706787e-02 4.010612964630126953e-01 6.624308824539184570e-01 -1.226552352309226990e-01 -8.897053450345993042e-02 2.083895951509475708e-01 -3.654207885265350342e-01 2.725983411073684692e-02 -7.942077517509460449e-02 -1.633421480655670166e-01 1.941056251525878906e-01
-5.439188331365585327e-02 -2.976307868957519531e-01 -1.290287673473358154e-01 -6.561381816864013672e-01 -3.931923806667327881e-01 -1.941179856657981873e-02 7.506313174962997437e-02 -3.792215585708618164e-01 -3.381710648536682129e-01 -6.232207268476486206e-02 -6.222686767578125000e-01 -6.229169666767120361e-02 3.056715428829193115e-01 1.196376457810401917e-01 -4.375174641609191895e-01 -2.958967685699462891e-01 -3.219553828239440918e-01 1.972537636756896973e-01 -5.587102472782135010e-02 7.232280820608139038e-02 5.670590996742248535e-01 4.249063730239868164e-01 -3.916463255882263184e-02 4.077144265174865723e-01 4.492177069187164307e-01 3.255822062492370605e-01 1.476517319679260254e-01 -8.157756328582763672e-01 4.770433306694030762e-01 6.655766069889068604e-02 5.092946290969848633e-01 7.061356306076049805e-01 -1.235432177782058716e-01 3.904502391815185547e-01 2.262861132621765137e-01 4.350359439849853516e-01 -1.386392414569854736e-01 1.669445335865020752e-01 7.561078071594238281e-01 3.628118336200714111e-02 3.580063581466674805e-02 -1.127675175666809082e-01 5.537804961204528809e-01 -1.119354218244552612e-01 -2.308583259582519531e-01 3.889337182044982910e-01 6.376029849052429199e-01 7.259106636047363281e-01 -7.911256551742553711e-01 -1.468103379011154175e-01 -6.238459348678588867e-01 -4.887225925922393799e-01 -1.589734107255935669e-03 1.798112690448760986e-02 2.208735197782516479e-01 6.786229014396667480e-01 -2.779005765914916992e-01 -3.394883573055267334e-01 1.140869408845901489e-01 -4.602895677089691162e-01 9.687720239162445068e-02 -1.323196589946746826e-01 -1.599263548851013184e-01 2.346891909837722778e-01
-2.067826539278030396e-01 -4.237475991249084473e-01 2.085809111595153809e-01 -7.942217588424682617e-01 -1.289732158184051514e-01 8.092623949050903320e-02 3.109548985958099365e-01 1.199890524148941040e-01 -4.600693285465240479e-01 1.689309477806091309e-01 -6.258371472358703613e-01 1.022653728723526001e-01 3.966145515441894531e-01 -1.472170352935791016e-01 -3.925667405128479004e-01 -2.766488492488861084e-01 1.083345040678977966e-01 -6.271977722644805908e-02 2.378136366605758667e-01 3.220644965767860413e-02 9.281072020530700684e-01 1.788443475961685181e-01 1.787080764770507812e-01 4.814330860972404480e-02 4.078808128833770752e-01 9.500581771135330200e-02 -2.367669641971588135e-01 -4.523122310638427734e-01 3.876672983169555664e-01 -2.123249918222427368e-01 2.320418208837509155e-01 4.281606078147888184e-01 1.097095906734466553e-01 5.272978544235229492e-01 4.686513841152191162e-01 3.328548669815063477e-01 2.705427408218383789e-01 5.548791289329528809e-01 4.469080567359924316e-01 5.340928956866264343e-02 -5.627250075340270996e-01 8.674857020378112793e-02 4.994763135910034180e-01 -2.861048281192779541e-02 -4.355348944664001465e-01 3.115060329437255859e-01 6.118394732475280762e-01 3.689290583133697510e-02 -7.395226955413818359e-01 -1.002373397350311279e-01 -4.185843169689178467e-01 -9.170030802488327026e-02 -4.404843151569366455e-01 -3.294770717620849609e-01 6.271423697471618652e-01 2.475296556949615479e-01 -9.678108990192413330e-02 -1.810840964317321777e-01 3.721016943454742432e-01 -1.287026703357696533e-01 -1.292257905006408691e-01 2.756738364696502686e-01 2.018967717885971069e-01 -5.646903440356254578e-02
5.846500396728515625e-03 -5.994195938110351562e-01 3.824113309383392334e-01 -6.790269017219543457e-01 2.514630556106567383e-03 6.320845335721969604e-02 3.545003533363342285e-01 8.749993145465850830e-02 -6.377603411674499512e-01 1.745776236057281494e-01 -5.126714110374450684e-01 -2.710001170635223389e-02 2.593125700950622559e-01 -2.547936141490936279e-01 -3.610993027687072754e-01 -2.012652158737182617e-01 1.051199734210968018e-01 1.581537872552871704e-01 3.002600073814392090e-01 -2.131179273128509521e-01 9.456079006195068359e-01 2.469042241573333740e-01 7.549773156642913818e-02 -5.425184965133666992e-03 3.376467227935791016e-01 -1.092919707298278809e-01 -3.910745978355407715e-01 -6.264272928237915039e-01 4.279416203498840332e-01 1.283323466777801514e-01 2.776648700237274170e-01 5.361523628234863281e-01 8.529220521450042725e-02 3.287776708602905273e-01 3.805785477161407471e-01 3.115684688091278076e-01 4.231349527835845947e-01 4.993413984775543213e-01 4.125635623931884766e-01 -6.468492001295089722e-02 -5.362375974655151367e-01 2.611494064331054688e-01 2.317313253879547119e-01 -2.915070652961730957e-01 -4.651730358600616455e-01 2.605361342430114746e-01 8.012564778327941895e-01 6.483995914459228516e-02 -8.608928918838500977e-01 -1.200885772705078125e-01 -3.404571712017059326e-01 -1.033053100109100342e-01 -6.318020820617675781e-01 -4.485988914966583252e-01 8.953837752342224121e-01 1.468131691217422485e-01 -1.463477313518524170e-01 -2.012473940849304199e-01 5.824047327041625977e-01 -1.709696352481842041e-01 -2.237141504883766174e-02 2.703886628150939941e-01 2.831741571426391602e-01 -4.047546535730361938e-03
-5.165185034275054932e-02 -4.135499894618988037e-01 -5.194262415170669556e-02 -7.225297093391418457e-01 -3.192911446094512939e-01 -5.579412728548049927e-02 1.725645214319229126e-01 -2.296137362718582153e-01 -3.867653608322143555e-01 9.301640093326568604e-03 -5.846002697944641113e-01 -5.453607439994812012e-02 2.338362336158752441e-01 1.876813918352127075e-02 -3.337940573692321777e-01 -2.676131725311279297e-01 -3.078621029853820801e-01 8.592113852500915527e-02 1.393074691295623779e-01 4.741039872169494629e-02 6.148868203163146973e-01 3.463591933250427246e-01 -1.210863143205642700e-02 3.313314318656921387e-01 4.145773947238922119e-01 2.597567737102508545e-01 8.081822097301483154e-02 -7.644990086555480957e-01 5.959588885307312012e-01 2.410098165273666382e-02 5.315597653388977051e-01 6.400544643402099609e-01 -1.782578676939010620e-01 3.819594383239746094e-01 2.118061184883117676e-01 4.845044612884521484e-01 -6.409321725368499756e-02 2.293260097503662109e-01 7.471361160278320312e-01 -4.057867825031280518e-02 -2.156384289264678955e-03 -7.774125039577484131e-02 5.535927414894104004e-01 -1.599520295858383179e-01 -2.710757553577423096e-01 3.092650771141052246e-01 7.399092912673950195e-01 7.243615984916687012e-01 -9.082422256469726562e-01 -1.775898635387420654e-01 -5.213062167167663574e-01 -4.555144906044006348e-01 -1.170385777950286865e-01 -7.035896182060241699e-02 3.090981245040893555e-01 5.213618278503417969e-01 -2.149439752101898193e-01 -1.985119879245758057e-01 9.581138193607330322e-02 -4.242498874664306641e-01 1.632461100816726685e-01 -1.198863238096237183e-01 -8.833942562341690063e-02 2.005050480365753174e-01
-5.335713550448417664e-02 -4.227309226989746094e-01 -4.602846503257751465e-02 -7.843570113182067871e-01 -2.516665756702423096e-01 1.703216880559921265e-02 1.891387701034545898e-01 -1.952736526727676392e-01 -4.289490282535552979e-01 -7.632516324520111084e-03 -5.783901810646057129e-01 -8.405099809169769287e-02 1.452746391296386719e-01 3.119888156652450562e-02 -3.057467937469482422e-01 -2.916510105133056641e-01 -2.843402624130249023e-01 3.043178841471672058e-02 8.727525174617767334e-02 1.220897212624549866e-01 6.174258589744567871e-01 2.562414705753326416e-01 8.849543333053588867e-02 3.126112520694732666e-01 3.529741764068603516e-01 1.885790526866912842e-01 1.279977411031723022e-01 -7.852820158004760742e-01 6.384941935539245605e-01 -8.160209655761718750e-02 6.056967973709106445e-01 7.201284170150756836e-01 -2.053362876176834106e-01 4.568486213684082031e-01 3.034083545207977295e-01 4.650217890739440918e-01 -5.223948508501052856e-02 2.466465830802917480e-01 7.646993994712829590e-01 -2.775813639163970947e-02 -4.578920453786849976e-02 -3.789812326431274414e-02 5.880475640296936035e-01 -1.095719933509826660e-01 -2.437904626131057739e-01 2.964741885662078857e-01 7.092880606651306152e-01 6.221576929092407227e-01 -8.439009189605712891e-01 -1.353650242090225220e-01 -4.288810789585113525e-01 -3.331208229064941406e-01 -1.065572649240493774e-01 -1.010176539421081543e-02 3.036007285118103027e-01 4.715445339679718018e-01 -1.917979419231414795e-01 -2.194147408008575439e-01 1.124366372823715210e-01 -3.427906334400177002e-01 3.494947403669357300e-02 -6.217638030648231506e-02 -8.385559171438217163e-02 1.765220761299133301e-01
-4.553290456533432007e-02 -7.960883378982543945e-01 4.640985727310180664e-01 -7.311030626296997070e-01 1.717860996723175049e-02 9.974289685487747192e-03 2.659420967102050781e-01 2.728153467178344727e-01 -6.193926334381103516e-01 2.709274888038635254e-01 -3.914579451084136963e-01 5.973101407289505005e-02 2.943104803562164307e-01 -3.069749474525451660e-01 -1.386587619781494141e-01 -1.276029050350189209e-01 3.164164423942565918e-01 6.522777676582336426e-02 3.293034732341766357e-01 -2.958440184593200684e-01 9.390933513641357422e-01 2.186589837074279785e-01 1.500335931777954102e-01 -9.022372215986251831e-02 3.679971098899841309e-01 -2.109037339687347412e-01 -4.631440639495849609e-01 -5.026466250419616699e-01 3.303647935390472412e-01 1.056457757949829102e-01 -5.922999605536460876e-02 3.855059742927551270e-01 1.361481249332427979e-01 4.419066905975341797e-01 3.067659735679626465e-01 2.363747805356979370e-01 5.900602936744689941e-01 6.731810569763183594e-01 3.897793292999267578e-01 4.392474889755249023e-03 -6.383641958236694336e-01 1.928114593029022217e-01 2.106911242008209229e-01 -2.578216791152954102e-01 -6.413076519966125488e-01 3.453643023967742920e-01 9.664436578750610352e-01 3.300928324460983276e-02 -9.083657860755920410e-01 -5.201032757759094238e-02 -1.916344314813613892e-01 -1.797608286142349243e-01 -6.159356236457824707e-01 -3.420774936676025391e-01 7.545130848884582520e-01 9.233462810516357422e-02 -7.670029997825622559e-03 -6.892288476228713989e-02 5.016608238220214844e-01 -9.323722124099731445e-02 4.566738754510879517e-02 3.803332746028900146e-01 3.888883292675018311e-01 -2.052653133869171143e-01
-2.655853629112243652e-01 -6.923974752426147461e-01 7.101540565490722656e-01 -6.106739044189453125e-01 6.375420838594436646e-02 5.506960302591323853e-02 2.096295356750488281e-01 5.348501205444335938e-01 -6.079487204551696777e-01 5.041640996932983398e-01 -2.958629429340362549e-01 2.508583664894104004e-01 3.616344332695007324e-01 -1.987313330173492432e-01 -6.969262659549713135e-02 -1.421559751033782959e-01 5.224570035934448242e-01 2.428666874766349792e-02 4.385874867439270020e-01 -3.507685661315917969e-01 1.135489106178283691e+00 5.038037151098251343e-02 8.373400568962097168e-02 -2.949398756027221680e-01 3.719943165779113770e-01 -2.159652709960937500e-01 -6.035256385803222656e-01 -1.094630435109138489e-01 5.595850944519042969e-02 3.037989884614944458e-02 -2.169333249330520630e-01 1.730643212795257568e-01 3.003709316253662109e-01 2.839934825897216797e-01 2.425577640533447266e-01 1.263999044895172119e-01 7.464159727096557617e-01 7.888012528419494629e-01 2.996923327445983887e-01 -9.237122535705566406e-02 -8.762561082839965820e-01 3.171983659267425537e-01 5.290199071168899536e-02 -1.342833042144775391e-02 -7.893316149711608887e-01 2.706630229949951172e-01 7.984656691551208496e-01 -3.925402760505676270e-01 -6.565068960189819336e-01 -7.355588674545288086e-02 -3.669571131467819214e-02 -2.218028903007507324e-02 -6.261455416679382324e-01 -4.752172827720642090e-01 6.253187060356140137e-01 -2.134286761283874512e-01 1.787137985229492188e-01 1.641020178794860840e-01 5.593230724334716797e-01 2.047696709632873535e-01 -7.801009714603424072e-02 5.038763284683227539e-01 4.917789101600646973e-01 -3.493738472461700439e-01
1.041993498802185059e-03 -5.438077449798583984e-01 3.255799114704132080e-01 -8.457514047622680664e-01 -4.872677847743034363e-02 -3.518991172313690186e-03 3.020859658718109131e-01 1.091492623090744019e-01 -5.974411964416503906e-01 9.236111491918563843e-02 -5.063227415084838867e-01 1.123847067356109619e-02 2.946432828903198242e-01 -8.733382821083068848e-02 -3.187281489372253418e-01 -3.146499097347259521e-01 -9.577739983797073364e-03 9.738256037235260010e-02 3.441821336746215820e-01 5.665631964802742004e-02 8.201929330825805664e-01 4.886616766452789307e-02 2.024076282978057861e-01 5.293805524706840515e-02 2.741430997848510742e-01 -3.774039074778556824e-02 -2.587257325649261475e-01 -6.338811516761779785e-01 6.784398555755615234e-01 2.105124294757843018e-04 3.426049053668975830e-01 5.466389656066894531e-01 -8.216063678264617920e-02 5.191973447799682617e-01 4.457743167877197266e-01 2.742851972579956055e-01 2.883719503879547119e-01 4.640431404113769531e-01 5.992388129234313965e-01 -4.872457683086395264e-02 -4.238526225090026855e-01 2.126854360103607178e-01 4.593523740768432617e-01 -1.791547089815139771e-01 -5.098834037780761719e-01 1.712830066680908203e-01 7.835406661033630371e-01 2.474035173654556274e-01 -9.744018316268920898e-01 -6.084744632244110107e-02 -3.044053018093109131e-01 -1.580989807844161987e-01 -5.013703703880310059e-01 -2.227356135845184326e-01 6.527901887893676758e-01 2.012032568454742432e-01 -7.552963495254516602e-02 -2.298431098461151123e-01 3.265758454799652100e-01 -1.448781788349151611e-01 -1.345816850662231445e-01 1.976175606250762939e-01 1.978762447834014893e-01 -5.505347624421119690e-02
-1.347528398036956787e-01 -4.535752236843109131e-01 2.456983923912048340e-02 -6.839851737022399902e-01 -2.460461556911468506e-01 -3.596401214599609375e-02 2.073446959257125854e-01 -1.619204133749008179e-01 -3.481195867061614990e-01 1.883665323257446289e-01 -5.923963785171508789e-01 -7.278607785701751709e-02 2.576456964015960693e-01 -6.991127133369445801e-02 -3.114252686500549316e-01 -1.837671101093292236e-01 -2.613306641578674316e-01 7.374727725982666016e-02 1.065788790583610535e-01 -8.566223829984664917e-02 6.520984172821044922e-01 3.671790361404418945e-01 5.067861080169677734e-02 2.620970606803894043e-01 4.880480468273162842e-01 2.434199154376983643e-01 5.521921813488006592e-02 -7.320474982261657715e-01 4.907236397266387939e-01 5.220574885606765747e-02 4.641104340553283691e-01 5.660822987556457520e-01 -8.781872689723968506e-02 3.713437914848327637e-01 2.123497426509857178e-01 5.216566324234008789e-01 7.096572965383529663e-02 3.173113763332366943e-01 6.507316231727600098e-01 -4.124759882688522339e-02 -1.098784357309341431e-01 -3.723247908055782318e-03 5.255600214004516602e-01 -2.532724142074584961e-01 -2.822865545749664307e-01 3.384228050708770752e-01 8.507586121559143066e-01 5.823062062263488770e-01 -9.364597797393798828e-01 -2.099106907844543457e-01 -5.280758142471313477e-01 -3.625893592834472656e-01 -1.335366517305374146e-01 -1.688000857830047607e-01 3.411400914192199707e-01 3.900766372680664062e-01 -1.616232395172119141e-01 -1.869725286960601807e-01 1.705206483602523804e-01 -4.091213941574096680e-01 1.753381192684173584e-01 -3.206176310777664185e-02 -2.400749921798706055e-02 1.525845676660537720e-01
-5.109838768839836121e-02 -4.561313390731811523e-01 4.877755641937255859e-01 -7.582009434700012207e-01 2.849161624908447266e-02 3.896358609199523926e-02 2.354769408702850342e-01 1.086421161890029907e-01 -5.160198807716369629e-01 1.109212785959243774e-01 -4.786743521690368652e-01 4.294043779373168945e-02 3.757355511188507080e-01 -1.090788841247558594e-01 -3.898811936378479004e-01 -3.179557919502258301e-01 2.171835154294967651e-01 2.043543308973312378e-01 1.987890452146530151e-01 -5.128862708806991577e-02 9.392694234848022461e-01 1.392856985330581665e-01 1.044868230819702148e-01 1.163470745086669922e-02 3.529037535190582275e-01 -1.170067042112350464e-01 -3.802033066749572754e-01 -5.550974607467651367e-01 4.166809022426605225e-01 6.989061832427978516e-02 1.913391202688217163e-01 4.725182652473449707e-01 -5.462940782308578491e-03 4.880250692367553711e-01 4.601899683475494385e-01 1.696357429027557373e-01 4.341159164905548096e-01 5.250411629676818848e-01 4.220578074455261230e-01 4.877896979451179504e-02 -5.474625825881958008e-01 1.610779166221618652e-01 3.816110491752624512e-01 -1.583711653947830200e-01 -5.226238965988159180e-01 2.005676329135894775e-01 7.723138332366943359e-01 8.835415542125701904e-02 -8.980695605278015137e-01 -8.279962837696075439e-02 -4.063648283481597900e-01 -1.250260770320892334e-01 -5.920856595039367676e-01 -3.258729577064514160e-01 7.726755142211914062e-01 1.813485175371170044e-01 -1.520292162895202637e-01 -3.115454614162445068e-01 4.572142064571380615e-01 -1.938478946685791016e-01 -1.443133503198623657e-01 4.043406546115875244e-01 2.732279300689697266e-01 -1.521592587232589722e-01
-2.692543864250183105e-01 -5.453643798828125000e-01 7.465426325798034668e-01 -6.198799610137939453e-01 8.160800486803054810e-02 4.172005504369735718e-02 2.038658410310745239e-01 5.200754404067993164e-01 -6.305868625640869141e-01 4.665538370609283447e-01 -3.889592289924621582e-01 2.478843778371810913e-01 4.392281472682952881e-01 -1.224374249577522278e-01 -2.661761045455932617e-01 -2.610779106616973877e-01 5.162802338600158691e-01 1.077506542205810547e-01 4.003872871398925781e-01 -2.632478773593902588e-01 1.180259585380554199e+00 4.462363570928573608e-02 4.518246650695800781e-02 -2.093940675258636475e-01 3.914799392223358154e-01 -2.468060851097106934e-01 -6.861802935600280762e-01 -1.038872748613357544e-01 1.217764168977737427e-01 4.339229688048362732e-02 -8.616423606872558594e-02 2.447409033775329590e-01 2.676817774772644043e-01 3.636924028396606445e-01 2.990266382694244385e-01 7.613860070705413818e-02 6.446580290794372559e-01 7.604382634162902832e-01 2.992930114269256592e-01 -1.087827235460281372e-01 -8.442318439483642578e-01 3.393580019474029541e-01 1.102965250611305237e-01 1.296868175268173218e-02 -6.524658203125000000e-01 1.580814421176910400e-01 7.413448095321655273e-01 -4.052926301956176758e-01 -6.589422225952148438e-01 -1.144358366727828979e-01 -1.069133281707763672e-01 -1.157686673104763031e-02 -6.625636219978332520e-01 -5.350599288940429688e-01 7.463524937629699707e-01 -1.158034279942512512e-01 1.014788299798965454e-01 7.627203315496444702e-02 5.804465413093566895e-01 1.374204158782958984e-01 -1.880841702222824097e-01 5.864257812500000000e-01 4.212484359741210938e-01 -3.398997187614440918e-01
-1.161323785781860352e-01 -8.106905221939086914e-01 6.374999284744262695e-01 -7.241166234016418457e-01 8.613786846399307251e-02 -4.521863907575607300e-02 2.877497673034667969e-01 4.573357701301574707e-01 -6.152245402336120605e-01 4.250115752220153809e-01 -4.553079307079315186e-01 1.758908629417419434e-01 3.075019121170043945e-01 -2.862830460071563721e-01 -2.204575687646865845e-01 -1.144059598445892334e-01 3.769370913505554199e-01 8.566106855869293213e-02 4.576839208602905273e-01 -3.057030141353607178e-01 1.127035260200500488e+00 9.446365758776664734e-03 1.687788665294647217e-01 -1.901493370532989502e-01 3.373067378997802734e-01 -2.995651662349700928e-01 -5.677449703216552734e-01 -3.033635020256042480e-01 2.984973788261413574e-01 1.083131730556488037e-01 -6.071991845965385437e-02 2.617592215538024902e-01 1.658774912357330322e-01 3.376355767250061035e-01 3.263061940670013428e-01 2.157455682754516602e-01 7.550701498985290527e-01 7.443485260009765625e-01 3.658416569232940674e-01 -1.802189052104949951e-01 -7.750058174133300781e-01 3.409790992736816406e-01 1.247080639004707336e-01 -6.208035349845886230e-02 -6.648132205009460449e-01 2.121628224849700928e-01 8.741877675056457520e-01 -2.475218474864959717e-01 -8.380243778228759766e-01 -1.152037903666496277e-01 -1.005167067050933838e-01 -4.521568864583969116e-02 -6.079833507537841797e-01 -4.444164335727691650e-01 8.443343639373779297e-01 -1.316520273685455322e-01 1.886760294437408447e-01 3.382679820060729980e-02 4.508847594261169434e-01 1.189582571387290955e-01 -3.137085586786270142e-02 5.045279264450073242e-01 5.326862931251525879e-01 -2.574325799942016602e-01
-6.709929555654525757e-02 -4.074094891548156738e-01 -4.305823519825935364e-02 -7.371041774749755859e-01 -2.816324830055236816e-01 -4.729446768760681152e-02 2.325950860977172852e-01 -1.317407786846160889e-01 -4.721932411193847656e-01 1.217533051967620850e-01 -6.184446215629577637e-01 3.830413520336151123e-02 2.558991909027099609e-01 5.576378852128982544e-02 -2.422728985548019409e-01 -3.476024270057678223e-01 -2.140283733606338501e-01 3.931346163153648376e-02 1.487558037042617798e-01 3.061301633715629578e-02 5.791494846343994141e-01 3.309119045734405518e-01 -8.489640802145004272e-02 2.234381735324859619e-01 4.587934613227844238e-01 2.384260594844818115e-01 7.510545849800109863e-02 -7.976519465446472168e-01 6.099285483360290527e-01 -1.566520333290100098e-02 5.103196501731872559e-01 7.041926980018615723e-01 -5.831784382462501526e-02 4.446554780006408691e-01 1.678224503993988037e-01 5.344093441963195801e-01 -1.144706010818481445e-01 3.458247482776641846e-01 7.224473953247070312e-01 3.406688570976257324e-03 -5.434185266494750977e-03 4.805158078670501709e-02 5.006945133209228516e-01 -2.155400067567825317e-01 -1.962787955999374390e-01 4.010605216026306152e-01 8.369996547698974609e-01 6.242250800132751465e-01 -9.156014323234558105e-01 -1.494371891021728516e-01 -3.598301410675048828e-01 -4.597537517547607422e-01 -2.874548137187957764e-01 -5.134601891040802002e-02 2.539166808128356934e-01 5.054839849472045898e-01 -2.004549801349639893e-01 -1.294075846672058105e-01 2.110373675823211670e-01 -3.513441383838653564e-01 7.406293600797653198e-02 -1.546715199947357178e-01 -1.732606142759323120e-01 2.027117162942886353e-01
-1.011498719453811646e-01 -3.194569647312164307e-01 7.409389317035675049e-02 -8.438619971275329590e-01 -2.324454188346862793e-01 -4.165843129158020020e-02 2.386625111103057861e-01 -1.148750409483909607e-01 -4.955984354019165039e-01 -6.126727908849716187e-02 -5.716675519943237305e-01 7.729413360357284546e-02 2.555537521839141846e-01 6.470213085412979126e-02 -4.092444181442260742e-01 -3.636091351509094238e-01 -1.677172183990478516e-01 1.573043912649154663e-01 1.719810068607330322e-02 1.848675683140754700e-02 7.579506635665893555e-01 1.916668117046356201e-01 2.102457731962203979e-02 1.438506096601486206e-01 3.790017068386077881e-01 1.921290755271911621e-01 7.658051699399948120e-02 -7.412728071212768555e-01 5.778840780258178711e-01 2.928323671221733093e-02 5.326677560806274414e-01 7.045943737030029297e-01 -1.537730842828750610e-01 4.818695783615112305e-01 3.723603785037994385e-01 3.749083578586578369e-01 8.142945915460586548e-02 3.062390983104705811e-01 6.660479307174682617e-01 7.167473435401916504e-03 -1.726249754428863525e-01 6.152996420860290527e-02 5.397118330001831055e-01 -5.358855426311492920e-02 -2.752896547317504883e-01 3.158666193485260010e-01 6.213633418083190918e-01 4.212931394577026367e-01 -7.392357587814331055e-01 -1.566132456064224243e-01 -4.550097286701202393e-01 -3.891728222370147705e-01 -4.210357367992401123e-01 -1.425353139638900757e-01 3.300154209136962891e-01 5.412213206291198730e-01 -2.226514816284179688e-01 -3.563862144947052002e-01 3.061968684196472168e-01 -2.955970764160156250e-01 -1.112660765647888184e-01 6.731100380420684814e-02 1.129134465008974075e-02 1.764378696680068970e-01
