{"_wandb":{"runtime":8659},"_runtime":8659,"_step":4,"loss_train":2.69028802216053,"loss_val":2.608154499530792,"_timestamp":1.7723480234339974e+09}