-6.079781651496887207e-01 -5.683512687683105469e-01 1.193808764219284058e-02 -8.663690686225891113e-01 -1.732464730739593506e-01 5.348259210586547852e-02 -2.118816524744033813e-01 -3.458529114723205566e-01 -4.041130840778350830e-01 4.371190071105957031e-01 -5.326315760612487793e-01 4.346570372581481934e-01 3.351501226425170898e-01 5.643579363822937012e-01 4.995795488357543945e-01 -7.307866215705871582e-02 -1.214821338653564453e-01 -1.164994537830352783e-01 6.791216731071472168e-01 3.321749567985534668e-01 1.730964332818984985e-01 2.001179754734039307e-02 3.430247306823730469e-01 3.168858885765075684e-01 3.479416966438293457e-01 -4.767700433731079102e-01 -9.853350371122360229e-02 -2.897899746894836426e-01 4.367964267730712891e-01 -1.566230654716491699e-01 -2.063820958137512207e-01 2.458197921514511108e-01 5.452442169189453125e-01 4.947792589664459229e-01 -4.522037804126739502e-01 2.945430874824523926e-01 3.102169036865234375e-01 1.203538402915000916e-01 2.915350794792175293e-01 -1.989395469427108765e-01 -3.597086071968078613e-01 4.322987049818038940e-02 3.263964056968688965e-01 -1.431297361850738525e-01 -5.053824931383132935e-02 5.376435518264770508e-01 8.890761137008666992e-01 -2.600643932819366455e-01 -4.527345895767211914e-01 2.700604200363159180e-01 -2.231097519397735596e-01 -1.890112310647964478e-01 -1.702493876218795776e-01 3.823475241661071777e-01 -2.840124070644378662e-03 3.429082334041595459e-01 3.157845139503479004e-01 5.331266522407531738e-01 1.941033005714416504e-01 -3.507865369319915771e-01 -1.562139019370079041e-02 2.243240177631378174e-01 -3.929698467254638672e-02 -2.771598398685455322e-01
-3.708424270153045654e-01 -3.283598124980926514e-01 -1.878723204135894775e-01 -7.433513998985290527e-01 -3.169113099575042725e-01 -4.702344164252281189e-02 -1.047847419977188110e-01 -4.435197114944458008e-01 -2.881611585617065430e-01 1.606528460979461670e-01 -4.577391743659973145e-01 1.633405685424804688e-01 2.443445771932601929e-01 5.995188951492309570e-01 4.377362728118896484e-01 -3.120602071285247803e-01 -2.826589643955230713e-01 -3.618552163243293762e-02 4.848555922508239746e-01 4.722587168216705322e-01 5.687510222196578979e-02 5.455177277326583862e-02 3.228802680969238281e-01 5.220465660095214844e-01 3.256317973136901855e-01 -3.301592171192169189e-01 6.998344510793685913e-02 -3.210884034633636475e-01 4.932403266429901123e-01 -2.328619360923767090e-01 -1.046683266758918762e-01 2.772762775421142578e-01 4.509411752223968506e-01 5.332366824150085449e-01 -2.289187014102935791e-01 2.830689251422882080e-01 1.976315379142761230e-01 -1.010584607720375061e-01 3.193651735782623291e-01 -2.163951992988586426e-01 -9.972973912954330444e-02 -1.469210088253021240e-01 4.036867320537567139e-01 -2.702031731605529785e-01 -1.216521188616752625e-01 5.045400261878967285e-01 7.980892062187194824e-01 8.677042275667190552e-02 -6.585769057273864746e-01 2.629058957099914551e-01 -3.057889938354492188e-01 -1.902309209108352661e-01 -9.818406403064727783e-02 4.141482710838317871e-01 -2.445464879274368286e-01 5.465203523635864258e-01 2.507055401802062988e-01 4.360432624816894531e-01 1.547173112630844116e-01 -3.292618393898010254e-01 -2.997523844242095947e-01 -4.413355886936187744e-02 -1.611589193344116211e-01 -1.053920909762382507e-01
-7.609557509422302246e-01 -7.031421065330505371e-01 4.778741598129272461e-01 -9.254974126815795898e-01 -6.767252832651138306e-02 1.626663655042648315e-02 -3.007171154022216797e-01 -1.737080663442611694e-01 -5.581492185592651367e-01 5.964503288269042969e-01 -4.466412365436553955e-01 6.207179427146911621e-01 5.491074323654174805e-01 6.365864276885986328e-01 4.102747440338134766e-01 -1.435397937893867493e-02 1.785112023353576660e-01 -9.005998075008392334e-02 6.765868067741394043e-01 2.018349319696426392e-01 5.993332862854003906e-01 -1.009439677000045776e-01 4.025644659996032715e-01 4.046828299760818481e-02 3.406808376312255859e-01 -6.451628804206848145e-01 -2.933318316936492920e-01 -1.263034641742706299e-01 1.402880549430847168e-01 -1.004460453987121582e-01 -2.768749594688415527e-01 7.663466036319732666e-02 6.606035828590393066e-01 4.493425786495208740e-01 -4.774869382381439209e-01 3.450690209865570068e-02 3.761127293109893799e-01 5.453314781188964844e-01 3.418602943420410156e-01 -2.245506048202514648e-01 -7.728158831596374512e-01 2.236679792404174805e-01 1.662239432334899902e-01 1.253422051668167114e-01 -1.308888792991638184e-01 5.130422711372375488e-01 7.719538211822509766e-01 -8.049634099006652832e-01 -2.442258298397064209e-01 2.938302755355834961e-01 -2.929871082305908203e-01 4.762984067201614380e-02 -1.147904545068740845e-01 3.394037485122680664e-01 2.318095415830612183e-01 -1.016169339418411255e-01 3.882653117179870605e-01 4.954198598861694336e-01 4.947066903114318848e-01 -2.051619738340377808e-01 1.079041212797164917e-01 6.668320298194885254e-01 1.483391076326370239e-01 -3.944902718067169189e-01
-7.742425799369812012e-01 -6.999471783638000488e-01 5.574163198471069336e-01 -9.080522656440734863e-01 -1.926328986883163452e-02 -3.447096794843673706e-03 -3.210206627845764160e-01 -1.520316749811172485e-01 -5.537883043289184570e-01 6.277204155921936035e-01 -4.520644247531890869e-01 6.297180652618408203e-01 5.731589198112487793e-01 6.479445695877075195e-01 3.966130018234252930e-01 -5.055952351540327072e-03 2.288101911544799805e-01 -5.592790991067886353e-02 6.675534844398498535e-01 2.360537648200988770e-01 6.542741060256958008e-01 -1.441792845726013184e-01 3.765400648117065430e-01 -1.836939901113510132e-02 3.404071331024169922e-01 -6.605334877967834473e-01 -3.196037709712982178e-01 -8.136577904224395752e-02 1.122068017721176147e-01 -9.179094433784484863e-02 -2.622853815555572510e-01 3.649313747882843018e-02 6.791768670082092285e-01 4.709169566631317139e-01 -4.979895055294036865e-01 -2.064350247383117676e-02 3.848650753498077393e-01 6.067291498184204102e-01 3.284351527690887451e-01 -2.267835736274719238e-01 -8.267110586166381836e-01 2.582524120807647705e-01 1.854688227176666260e-01 1.681091934442520142e-01 -1.719529628753662109e-01 5.078922510147094727e-01 7.389582395553588867e-01 -8.671775460243225098e-01 -1.880000531673431396e-01 3.165847659111022949e-01 -3.002438545227050781e-01 1.252184063196182251e-01 -1.066711395978927612e-01 3.021634221076965332e-01 2.624154686927795410e-01 -1.503902375698089600e-01 3.784802854061126709e-01 4.974454641342163086e-01 5.399100780487060547e-01 -1.391879916191101074e-01 1.040411517024040222e-01 7.379199862480163574e-01 1.826517581939697266e-01 -3.989263474941253662e-01
-5.566453933715820312e-01 -4.088459312915802002e-01 -3.220689296722412109e-01 -8.646899461746215820e-01 -2.383475303649902344e-01 2.632091753184795380e-02 -1.377077847719192505e-01 -5.020591616630554199e-01 -2.290067076683044434e-01 2.628222405910491943e-01 -5.687156915664672852e-01 2.981344759464263916e-01 2.679013311862945557e-01 4.872644543647766113e-01 4.788816571235656738e-01 -1.138734146952629089e-01 -3.640873134136199951e-01 -1.942711919546127319e-01 5.410891771316528320e-01 4.005808234214782715e-01 1.013768613338470459e-01 -1.673763617873191833e-02 3.928656578063964844e-01 5.401395559310913086e-01 4.287687540054321289e-01 -4.513683021068572998e-01 8.194062113761901855e-02 -2.817543745040893555e-01 5.956180691719055176e-01 -2.586188614368438721e-01 -8.333040028810501099e-02 3.658447861671447754e-01 5.480557680130004883e-01 3.954137861728668213e-01 -3.099567592144012451e-01 3.970822691917419434e-01 1.879322528839111328e-01 -9.235467761754989624e-02 2.064207494258880615e-01 -2.172514498233795166e-01 -2.510260939598083496e-01 -1.104085221886634827e-01 4.329802691936492920e-01 -2.431534528732299805e-01 5.027651041746139526e-02 4.479174017906188965e-01 8.618293404579162598e-01 -1.498343050479888916e-02 -6.008266806602478027e-01 2.701071500778198242e-01 -3.104560375213623047e-01 -2.347935140132904053e-01 -6.597892940044403076e-02 4.152252972126007080e-01 -1.897787749767303467e-01 4.810663163661956787e-01 3.410452604293823242e-01 5.256272554397583008e-01 1.564788259565830231e-02 -3.166806697845458984e-01 -2.428311556577682495e-01 -1.077153533697128296e-02 -2.569799497723579407e-02 -2.627012133598327637e-01
-7.933586835861206055e-01 -6.000739336013793945e-01 3.169395923614501953e-01 -9.494736790657043457e-01 -8.553142100572586060e-02 4.669708386063575745e-02 -3.281630873680114746e-01 -2.749443650245666504e-01 -4.960067272186279297e-01 5.830478072166442871e-01 -5.205446481704711914e-01 5.731076598167419434e-01 5.669975280761718750e-01 6.146160960197448730e-01 4.768209457397460938e-01 -5.403312668204307556e-02 1.024377997964620590e-04 -8.882697671651840210e-02 7.030040025711059570e-01 2.886035740375518799e-01 4.700890481472015381e-01 -1.150242388248443604e-01 4.138017892837524414e-01 1.549564749002456665e-01 4.456459283828735352e-01 -6.068564057350158691e-01 -2.163041234016418457e-01 -1.906563043594360352e-01 2.295853793621063232e-01 -2.042643129825592041e-01 -2.584210932254791260e-01 1.340198516845703125e-01 6.305564045906066895e-01 4.965194165706634521e-01 -5.126850605010986328e-01 8.761096000671386719e-02 2.836130559444427490e-01 4.221799969673156738e-01 3.552208244800567627e-01 -2.359333634376525879e-01 -6.823469996452331543e-01 2.051387727260589600e-01 2.306495308876037598e-01 2.617601305246353149e-02 -8.288642019033432007e-02 5.406596064567565918e-01 8.045971989631652832e-01 -7.057390809059143066e-01 -2.888639867305755615e-01 3.710359334945678711e-01 -3.130150437355041504e-01 -5.573253612965345383e-03 -1.346072703599929810e-01 3.515262007713317871e-01 1.671321243047714233e-01 4.453197121620178223e-02 3.512427806854248047e-01 5.578840970993041992e-01 4.501575231552124023e-01 -2.160831838846206665e-01 -9.296912699937820435e-03 5.377547740936279297e-01 4.609983041882514954e-02 -4.475586712360382080e-01
-7.048262953758239746e-01 -7.493966817855834961e-01 6.168023347854614258e-01 -9.030692577362060547e-01 -3.432713076472282410e-02 -3.561588376760482788e-02 -2.957473397254943848e-01 -1.277760565280914307e-01 -5.619432330131530762e-01 6.468564867973327637e-01 -3.972328007221221924e-01 6.193516254425048828e-01 5.333017706871032715e-01 6.952878832817077637e-01 3.266462087631225586e-01 9.321678429841995239e-03 3.119826912879943848e-01 -2.594666928052902222e-02 6.641932725906372070e-01 2.367679178714752197e-01 6.929162740707397461e-01 -1.309780478477478027e-01 3.857292532920837402e-01 -3.147394955158233643e-02 2.920259237289428711e-01 -6.679224371910095215e-01 -3.575836420059204102e-01 -3.646248579025268555e-02 8.974138647317886353e-02 -2.456113323569297791e-02 -2.608402669429779053e-01 2.125377207994461060e-02 6.365231275558471680e-01 4.470847547054290771e-01 -4.573719799518585205e-01 -2.428685128688812256e-02 4.358878731727600098e-01 6.342197060585021973e-01 3.806872665882110596e-01 -2.473718225955963135e-01 -8.143482804298400879e-01 2.126036882400512695e-01 1.263784170150756836e-01 2.249915897846221924e-01 -2.618854641914367676e-01 4.837768077850341797e-01 7.066639661788940430e-01 -8.276554346084594727e-01 -2.026301175355911255e-01 2.756616473197937012e-01 -2.746098339557647705e-01 1.710357367992401123e-01 -3.116507455706596375e-02 2.854206562042236328e-01 2.575373053550720215e-01 -2.145837247371673584e-01 4.175446629524230957e-01 4.804909229278564453e-01 5.295569300651550293e-01 -1.233587712049484253e-01 1.374645680189132690e-01 7.380306124687194824e-01 2.112376689910888672e-01 -3.412638604640960693e-01
-5.377100706100463867e-01 -4.477304220199584961e-01 -2.233232259750366211e-01 -8.475499749183654785e-01 -2.073031365871429443e-01 4.426985234022140503e-02 -1.471632868051528931e-01 -5.007157325744628906e-01 -2.901185750961303711e-01 3.525159955024719238e-01 -6.387992501258850098e-01 3.162498474121093750e-01 3.377145826816558838e-01 4.784824848175048828e-01 5.555656552314758301e-01 -1.361559927463531494e-01 -3.428279757499694824e-01 -7.573005557060241699e-02 5.792599916458129883e-01 4.562487006187438965e-01 5.419855937361717224e-02 -6.029680371284484863e-04 3.253800272941589355e-01 4.241739511489868164e-01 4.516634941101074219e-01 -4.063597321510314941e-01 4.412295296788215637e-02 -3.603348433971405029e-01 5.010302066802978516e-01 -2.790383994579315186e-01 -1.376062333583831787e-01 3.087553381919860840e-01 5.562621951103210449e-01 5.077995061874389648e-01 -4.056923389434814453e-01 3.546978831291198730e-01 1.634925305843353271e-01 -2.241007238626480103e-02 2.740872800350189209e-01 -2.149828076362609863e-01 -2.455160915851593018e-01 -3.325265645980834961e-02 3.819420933723449707e-01 -3.121860325336456299e-01 3.823339939117431641e-04 5.455608367919921875e-01 8.805465102195739746e-01 -1.068416461348533630e-01 -5.623149275779724121e-01 2.964736819267272949e-01 -2.203024029731750488e-01 -2.095277309417724609e-01 -1.661997586488723755e-01 3.955270051956176758e-01 -1.351144015789031982e-01 5.033844113349914551e-01 2.659346461296081543e-01 5.442239046096801758e-01 9.235862642526626587e-02 -3.125495314598083496e-01 -2.131959348917007446e-01 9.238928556442260742e-03 -1.125511825084686279e-01 -2.122010588645935059e-01
-7.260423302650451660e-01 -6.801217198371887207e-01 3.619042038917541504e-01 -9.286627769470214844e-01 -9.253913909196853638e-02 4.970383271574974060e-02 -2.869855761528015137e-01 -2.514948546886444092e-01 -5.354447960853576660e-01 5.960606932640075684e-01 -4.762700200080871582e-01 5.819838643074035645e-01 4.905706048011779785e-01 6.548765897750854492e-01 4.324808716773986816e-01 -2.908159419894218445e-02 1.129876300692558289e-01 -6.961095333099365234e-02 6.812778711318969727e-01 2.595821619033813477e-01 4.612685143947601318e-01 -5.571799352765083313e-02 3.964539766311645508e-01 1.516985595226287842e-01 3.494013845920562744e-01 -6.122520565986633301e-01 -2.555584609508514404e-01 -1.787284910678863525e-01 2.014657258987426758e-01 -1.215133070945739746e-01 -2.718799412250518799e-01 1.389228105545043945e-01 6.116434335708618164e-01 4.762307703495025635e-01 -4.860957562923431396e-01 9.021775424480438232e-02 3.589065968990325928e-01 4.417294859886169434e-01 3.722633123397827148e-01 -2.347189784049987793e-01 -6.508996486663818359e-01 1.490294933319091797e-01 1.698538362979888916e-01 8.028697967529296875e-02 -1.357875168323516846e-01 5.479771494865417480e-01 7.990884780883789062e-01 -6.510356664657592773e-01 -3.033631742000579834e-01 3.032661676406860352e-01 -2.471889555454254150e-01 2.099241130053997040e-03 -1.417033225297927856e-01 3.532288670539855957e-01 1.632107794284820557e-01 1.476784050464630127e-02 3.640756011009216309e-01 5.319893360137939453e-01 4.492293596267700195e-01 -2.469971179962158203e-01 6.866974383592605591e-02 5.395460724830627441e-01 6.137399002909660339e-02 -3.807204365730285645e-01
-7.187644839286804199e-01 -7.259774804115295410e-01 3.412635028362274170e-01 -9.536371231079101562e-01 -6.154603511095046997e-02 3.049805015325546265e-02 -3.202818036079406738e-01 -2.804760038852691650e-01 -5.098171234130859375e-01 5.844153165817260742e-01 -5.276459455490112305e-01 6.199726462364196777e-01 4.499879777431488037e-01 6.432192325592041016e-01 4.371577501296997070e-01 7.730919867753982544e-02 1.296501755714416504e-01 -7.637356221675872803e-02 6.477378010749816895e-01 1.835607886314392090e-01 4.535585939884185791e-01 -4.347825422883033752e-02 3.150029778480529785e-01 5.975881218910217285e-02 3.658336400985717773e-01 -6.429744958877563477e-01 -2.606544792652130127e-01 -1.646534055471420288e-01 1.504995077848434448e-01 -6.234497949481010437e-02 -2.616132795810699463e-01 1.881125271320343018e-01 6.219984889030456543e-01 4.010074436664581299e-01 -5.547380447387695312e-01 1.314295530319213867e-01 3.629501461982727051e-01 4.341861307621002197e-01 3.188486397266387939e-01 -2.409988641738891602e-01 -6.738671660423278809e-01 1.972984224557876587e-01 1.711760461330413818e-01 8.077098429203033447e-02 -3.554506599903106689e-02 5.679138302803039551e-01 8.410907983779907227e-01 -7.293663620948791504e-01 -3.021380901336669922e-01 2.208101004362106323e-01 -2.691252827644348145e-01 -3.265045210719108582e-02 -1.507182866334915161e-01 3.594461679458618164e-01 2.440210729837417603e-01 -2.503298223018646240e-02 3.441380858421325684e-01 4.910244941711425781e-01 3.852910995483398438e-01 -2.465762197971343994e-01 1.872717589139938354e-01 5.288431644439697266e-01 1.469554603099822998e-01 -3.495273590087890625e-01
-4.480093717575073242e-01 -6.139133572578430176e-01 -9.032159298658370972e-02 -8.336320519447326660e-01 -2.335925400257110596e-01 -6.601218879222869873e-02 -7.646545767784118652e-02 -3.201161026954650879e-01 -3.131262958049774170e-01 3.176430761814117432e-01 -3.812976777553558350e-01 3.869811296463012695e-01 1.687650531530380249e-01 5.646266937255859375e-01 3.068728744983673096e-01 -8.920957893133163452e-02 -4.844607412815093994e-02 -1.894353926181793213e-01 4.918506741523742676e-01 3.206975460052490234e-01 2.134165465831756592e-01 -6.460794806480407715e-02 4.348435997962951660e-01 4.281223416328430176e-01 2.188257426023483276e-01 -5.403180122375488281e-01 -7.738866657018661499e-02 -2.160696983337402344e-01 5.951291918754577637e-01 -5.342889577150344849e-03 -1.337293684482574463e-01 2.868743538856506348e-01 5.531519055366516113e-01 3.265127539634704590e-01 -1.724856197834014893e-01 2.999388873577117920e-01 3.731904327869415283e-01 4.210596904158592224e-02 2.086110115051269531e-01 -2.874959111213684082e-01 -3.231994211673736572e-01 -1.462749242782592773e-01 3.385052978992462158e-01 -2.717027068138122559e-02 -1.028829962015151978e-01 3.901386857032775879e-01 7.630146145820617676e-01 4.257552325725555420e-03 -6.347033381462097168e-01 2.791447043418884277e-01 -3.172057569026947021e-01 -1.798071861267089844e-01 -2.352934703230857849e-02 5.146831870079040527e-01 -1.505380421876907349e-01 3.308021724224090576e-01 5.606516599655151367e-01 4.548816084861755371e-01 1.083547398447990417e-01 -3.307549953460693359e-01 -1.489743441343307495e-01 1.990219056606292725e-01 7.374136894941329956e-02 -1.808387339115142822e-01
-2.661718428134918213e-01 -3.682983517646789551e-01 -3.114542961120605469e-01 -6.945521831512451172e-01 -3.171744048595428467e-01 -1.306585818529129028e-01 -2.482149004936218262e-02 -4.239117503166198730e-01 -2.404540181159973145e-01 1.035357639193534851e-01 -3.903472721576690674e-01 1.248669624328613281e-01 9.561488777399063110e-02 5.643112659454345703e-01 3.143932819366455078e-01 -3.011723458766937256e-01 -2.359576225280761719e-01 -1.187345162034034729e-01 3.784905076026916504e-01 4.366264939308166504e-01 8.560046553611755371e-02 7.422465085983276367e-02 3.064032793045043945e-01 5.935577154159545898e-01 2.937621772289276123e-01 -3.939684033393859863e-01 1.020854935050010681e-01 -2.992463707923889160e-01 6.012008190155029297e-01 -1.151541918516159058e-01 -3.649926185607910156e-02 3.667117059230804443e-01 4.698789417743682861e-01 4.031594097614288330e-01 -1.073586940765380859e-01 3.781858682632446289e-01 2.275646328926086426e-01 -1.347261220216751099e-01 2.232252359390258789e-01 -2.112693786621093750e-01 -3.581985086202621460e-02 -3.023113608360290527e-01 3.886822462081909180e-01 -2.499100267887115479e-01 -1.001447290182113647e-01 4.093888401985168457e-01 7.732807397842407227e-01 2.751372456550598145e-01 -7.613688111305236816e-01 1.873245686292648315e-01 -2.983426451683044434e-01 -2.344662398099899292e-01 -2.567391842603683472e-03 4.422760605812072754e-01 -3.453134298324584961e-01 5.477595329284667969e-01 3.593272268772125244e-01 3.993560671806335449e-01 8.639394491910934448e-02 -2.808030843734741211e-01 -3.303932547569274902e-01 -1.079666912555694580e-01 -9.857760369777679443e-02 -4.026360064744949341e-02
-3.762596249580383301e-01 -4.794720113277435303e-01 -2.699263691902160645e-01 -7.543319463729858398e-01 -2.646577060222625732e-01 -5.586208775639533997e-02 -5.834062397480010986e-02 -4.022989869117736816e-01 -2.443418502807617188e-01 2.325903475284576416e-01 -4.438874423503875732e-01 2.415612637996673584e-01 1.145161092281341553e-01 5.459530949592590332e-01 3.393659591674804688e-01 -1.456772834062576294e-01 -1.924703866243362427e-01 -1.665973067283630371e-01 4.473156332969665527e-01 3.816668391227722168e-01 1.013497039675712585e-01 1.856211572885513306e-02 3.789954185485839844e-01 5.296958684921264648e-01 2.715795934200286865e-01 -4.440585076808929443e-01 3.227516636252403259e-02 -2.693211436271667480e-01 6.054420471191406250e-01 -9.624388813972473145e-02 -8.847142010927200317e-02 3.356195688247680664e-01 5.171682834625244141e-01 3.488978743553161621e-01 -1.587728559970855713e-01 3.669909238815307617e-01 2.902188301086425781e-01 -9.244703501462936401e-02 2.139436304569244385e-01 -2.556091248989105225e-01 -1.511421203613281250e-01 -2.236934304237365723e-01 3.573894202709197998e-01 -1.666169464588165283e-01 -8.077917248010635376e-02 3.939167559146881104e-01 7.871021628379821777e-01 1.438630819320678711e-01 -6.908196210861206055e-01 2.191391438245773315e-01 -2.802892625331878662e-01 -2.166998684406280518e-01 -2.126934751868247986e-02 4.724753499031066895e-01 -2.504659295082092285e-01 4.531568586826324463e-01 4.464658200740814209e-01 4.532806277275085449e-01 3.817049413919448853e-02 -3.180920779705047607e-01 -2.473301738500595093e-01 -2.064242959022521973e-03 -1.301288884133100510e-02 -1.169652268290519714e-01
-5.014474987983703613e-01 -6.445435285568237305e-01 2.035280317068099976e-02 -8.513115048408508301e-01 -1.910017132759094238e-01 -2.894482016563415527e-02 -1.328528672456741333e-01 -2.865151166915893555e-01 -3.589759767055511475e-01 3.970448374748229980e-01 -3.876745700836181641e-01 4.444377124309539795e-01 2.065828442573547363e-01 6.298469305038452148e-01 3.905059099197387695e-01 -8.433438837528228760e-02 2.427364885807037354e-02 -1.501617133617401123e-01 5.563449859619140625e-01 3.224571943283081055e-01 1.843542903661727905e-01 -1.069828122854232788e-02 3.976893424987792969e-01 3.282248079776763916e-01 2.018060833215713501e-01 -5.433260202407836914e-01 -1.255981177091598511e-01 -1.838534623384475708e-01 4.936414062976837158e-01 1.329030469059944153e-02 -2.081322669982910156e-01 2.446878552436828613e-01 5.474197268486022949e-01 3.690590262413024902e-01 -3.018870055675506592e-01 2.564985156059265137e-01 4.308564662933349609e-01 9.453304857015609741e-02 2.506115436553955078e-01 -2.554696500301361084e-01 -3.061004877090454102e-01 -8.951624482870101929e-02 2.889851331710815430e-01 -4.165175557136535645e-02 -1.428581476211547852e-01 4.600768089294433594e-01 7.918140292167663574e-01 -9.707995504140853882e-02 -5.401631593704223633e-01 2.365399450063705444e-01 -2.491442561149597168e-01 -1.961337029933929443e-01 -7.388903200626373291e-02 4.868105053901672363e-01 -1.063523590564727783e-01 2.974766790866851807e-01 5.143377184867858887e-01 4.967916011810302734e-01 1.377398371696472168e-01 -3.474380970001220703e-01 -4.960193112492561340e-02 2.508819699287414551e-01 4.127909988164901733e-02 -1.898768246173858643e-01
-4.902057349681854248e-01 -3.961234986782073975e-01 -1.237898021936416626e-01 -8.027870655059814453e-01 -2.457726597785949707e-01 7.726810872554779053e-03 -1.636464744806289673e-01 -4.278831481933593750e-01 -3.383931517601013184e-01 2.783368229866027832e-01 -4.982803165912628174e-01 2.653980553150177002e-01 3.040820360183715820e-01 5.863363742828369141e-01 4.793510437011718750e-01 -2.462873160839080811e-01 -2.641893625259399414e-01 -7.762721925973892212e-02 5.528698563575744629e-01 4.255509078502655029e-01 1.222225353121757507e-01 2.758108451962471008e-02 3.682852983474731445e-01 4.717271029949188232e-01 3.651464283466339111e-01 -4.180737137794494629e-01 1.509743183851242065e-02 -2.941331863403320312e-01 4.908579289913177490e-01 -2.512361109256744385e-01 -1.365254372358322144e-01 2.927466630935668945e-01 5.124474167823791504e-01 5.180738568305969238e-01 -3.135016858577728271e-01 2.593344151973724365e-01 2.126364707946777344e-01 -6.471361033618450165e-03 3.186476230621337891e-01 -2.284535169601440430e-01 -2.451454699039459229e-01 -6.806612014770507812e-02 3.583579957485198975e-01 -2.410022318363189697e-01 -9.563843905925750732e-02 5.295687317848205566e-01 8.344842195510864258e-01 -7.673624157905578613e-02 -5.854498147964477539e-01 3.142058849334716797e-01 -2.871529757976531982e-01 -1.658550202846527100e-01 -1.177018433809280396e-01 4.193836450576782227e-01 -1.565665900707244873e-01 4.456578195095062256e-01 2.860943973064422607e-01 5.073356032371520996e-01 2.013171166181564331e-01 -3.071045875549316406e-01 -2.583360970020294189e-01 5.755129456520080566e-02 -1.267487406730651855e-01 -2.208919525146484375e-01
-5.521994233131408691e-01 -4.474211633205413818e-01 -1.689943075180053711e-01 -8.190252780914306641e-01 -2.008098065853118896e-01 4.705931246280670166e-02 -1.811418384313583374e-01 -4.428545236587524414e-01 -3.357263207435607910e-01 3.477709591388702393e-01 -5.441924929618835449e-01 3.377663493156433105e-01 2.858771383762359619e-01 5.848066806793212891e-01 5.377381443977355957e-01 -1.682784110307693481e-01 -2.134984433650970459e-01 -1.243153437972068787e-01 6.175743341445922852e-01 4.253666698932647705e-01 1.008304879069328308e-01 2.605883032083511353e-02 3.691270351409912109e-01 4.546452164649963379e-01 3.958104550838470459e-01 -4.872399568557739258e-01 -1.406892016530036926e-02 -2.392114400863647461e-01 5.047883391380310059e-01 -2.659698724746704102e-01 -1.382684409618377686e-01 3.138334155082702637e-01 5.492119789123535156e-01 4.950439631938934326e-01 -3.819727301597595215e-01 2.972165048122406006e-01 2.332181632518768311e-01 2.793079987168312073e-02 2.709130346775054932e-01 -2.221998274326324463e-01 -2.892050743103027344e-01 -4.942255467176437378e-02 3.577324748039245605e-01 -2.212759554386138916e-01 -3.489967435598373413e-02 5.639828443527221680e-01 8.570261001586914062e-01 -1.405941992998123169e-01 -5.007637143135070801e-01 3.339678645133972168e-01 -2.230782806873321533e-01 -1.592801511287689209e-01 -1.416025608777999878e-01 3.996319770812988281e-01 -1.211550086736679077e-01 4.327757954597473145e-01 3.122537434101104736e-01 5.818496942520141602e-01 1.610782146453857422e-01 -2.871195077896118164e-01 -1.977034360170364380e-01 5.559763312339782715e-02 -8.918111771345138550e-02 -2.731104195117950439e-01
-5.360241532325744629e-01 -3.984806239604949951e-01 -1.579147726297378540e-01 -8.111412525177001953e-01 -2.030170857906341553e-01 2.607711032032966614e-02 -1.896668523550033569e-01 -4.655343890190124512e-01 -3.271278440952301025e-01 3.196169137954711914e-01 -5.441579818725585938e-01 2.823535501956939697e-01 3.053611814975738525e-01 5.934869647026062012e-01 5.255477428436279297e-01 -1.959386616945266724e-01 -2.645424306392669678e-01 -8.515890687704086304e-02 5.908814668655395508e-01 4.550862908363342285e-01 9.467935562133789062e-02 -1.106210425496101379e-02 3.584844470024108887e-01 4.621061980724334717e-01 4.113641977310180664e-01 -4.401261806488037109e-01 2.193204686045646667e-02 -2.935342788696289062e-01 4.962718486785888672e-01 -2.805789411067962646e-01 -1.150719448924064636e-01 2.941338419914245605e-01 5.122576951980590820e-01 5.097328424453735352e-01 -3.857161700725555420e-01 2.824944257736206055e-01 1.767995953559875488e-01 -1.243666093796491623e-02 2.850339412689208984e-01 -2.315695583820343018e-01 -2.613898813724517822e-01 -4.753562062978744507e-02 3.723539113998413086e-01 -2.711645066738128662e-01 -3.762769699096679688e-02 5.285654664039611816e-01 8.460628390312194824e-01 -1.450441777706146240e-01 -5.692530870437622070e-01 3.441147804260253906e-01 -2.514190077781677246e-01 -1.647440195083618164e-01 -1.566634178161621094e-01 4.221466779708862305e-01 -1.654455363750457764e-01 4.404969811439514160e-01 2.854683697223663330e-01 5.404200553894042969e-01 1.851524859666824341e-01 -2.859781980514526367e-01 -2.330261170864105225e-01 3.715905547142028809e-02 -1.119051650166511536e-01 -2.651009857654571533e-01
-6.411125063896179199e-01 -4.997040629386901855e-01 -1.062897816300392151e-01 -8.976814746856689453e-01 -2.080019712448120117e-01 4.540493339300155640e-02 -2.120165377855300903e-01 -4.192695617675781250e-01 -3.551826179027557373e-01 4.167285263538360596e-01 -5.550529956817626953e-01 4.239545464515686035e-01 3.637332022190093994e-01 5.368303060531616211e-01 5.346349477767944336e-01 -6.106686964631080627e-02 -2.150046527385711670e-01 -1.393107175827026367e-01 6.414177417755126953e-01 3.528639078140258789e-01 1.493781805038452148e-01 -1.533333957195281982e-02 4.131914973258972168e-01 3.891206383705139160e-01 3.930707871913909912e-01 -4.947164356708526611e-01 -3.919775038957595825e-02 -2.750606238842010498e-01 4.996872544288635254e-01 -2.298225164413452148e-01 -1.879996061325073242e-01 2.719810605049133301e-01 5.698530077934265137e-01 4.925735294818878174e-01 -4.060528576374053955e-01 3.010215461254119873e-01 2.599261999130249023e-01 7.412300258874893188e-02 2.644362151622772217e-01 -2.291665375232696533e-01 -4.098927676677703857e-01 3.665558993816375732e-02 3.663901388645172119e-01 -1.804296970367431641e-01 8.039966225624084473e-03 5.471849441528320312e-01 8.902175426483154297e-01 -2.722727656364440918e-01 -4.736642837524414062e-01 3.195189833641052246e-01 -2.947572469711303711e-01 -1.568237245082855225e-01 -1.437292546033859253e-01 4.081032872200012207e-01 -3.101627528667449951e-02 3.774224221706390381e-01 3.302336335182189941e-01 5.347561240196228027e-01 1.712704896926879883e-01 -3.321960568428039551e-01 -1.316252946853637695e-01 1.508531272411346436e-01 -4.740993678569793701e-02 -3.125669956207275391e-01
-2.074741870164871216e-01 -3.136266469955444336e-01 -1.620688140392303467e-01 -6.640470623970031738e-01 -3.388725817203521729e-01 -5.576413497328758240e-02 -3.678391873836517334e-02 -3.748905658721923828e-01 -3.892140090465545654e-01 1.199706271290779114e-01 -3.955236077308654785e-01 1.156627684831619263e-01 1.702295243740081787e-01 6.117308139801025391e-01 3.666918873786926270e-01 -4.371415376663208008e-01 -2.339564263820648193e-01 -1.233238726854324341e-03 4.435054659843444824e-01 4.782599508762359619e-01 2.165653556585311890e-02 1.054153293371200562e-01 2.932903766632080078e-01 5.275536775588989258e-01 2.531109452247619629e-01 -2.984640896320343018e-01 2.378822490572929382e-02 -3.869833946228027344e-01 5.158869028091430664e-01 -2.093239724636077881e-01 -3.001054935157299042e-02 3.343203067779541016e-01 4.392984211444854736e-01 5.617242455482482910e-01 -1.106680780649185181e-01 2.232013195753097534e-01 2.248092889785766602e-01 -4.824802652001380920e-02 3.896070122718811035e-01 -2.183488309383392334e-01 -7.300629466772079468e-02 -1.505541652441024780e-01 4.027304351329803467e-01 -2.534861862659454346e-01 -2.011619210243225098e-01 5.078363418579101562e-01 7.653592824935913086e-01 2.218100130558013916e-01 -7.124074101448059082e-01 2.959443926811218262e-01 -2.973957657814025879e-01 -1.675724238157272339e-01 -1.308624595403671265e-01 4.071985781192779541e-01 -1.750449240207672119e-01 5.935625433921813965e-01 2.000669240951538086e-01 3.504084944725036621e-01 2.487555742263793945e-01 -3.220930695533752441e-01 -3.310472965240478516e-01 -7.867397367954254150e-02 -2.166961580514907837e-01 -5.103290081024169922e-02
-7.708712220191955566e-01 -6.472802162170410156e-01 2.872880399227142334e-01 -9.897291660308837891e-01 -6.945189833641052246e-02 4.329281300306320190e-02 -3.221099972724914551e-01 -2.692667245864868164e-01 -4.861949086189270020e-01 5.637498497962951660e-01 -5.846970677375793457e-01 6.175423264503479004e-01 4.888491034507751465e-01 6.244419813156127930e-01 4.954282641410827637e-01 5.456168670207262039e-03 3.917611390352249146e-02 -9.791077673435211182e-02 6.923955678939819336e-01 2.540512979030609131e-01 4.320895373821258545e-01 -8.470754325389862061e-02 3.542747497558593750e-01 1.098806038498878479e-01 4.501813054084777832e-01 -6.400900483131408691e-01 -2.073807716369628906e-01 -1.749176084995269775e-01 1.761479675769805908e-01 -1.857059597969055176e-01 -2.435080409049987793e-01 2.073293030261993408e-01 6.465394496917724609e-01 4.430428445339202881e-01 -5.556977987289428711e-01 1.365125775337219238e-01 3.096108734607696533e-01 4.159662723541259766e-01 3.269114792346954346e-01 -2.312219142913818359e-01 -6.696252822875976562e-01 2.295289784669876099e-01 2.405835092067718506e-01 2.934781461954116821e-02 4.994578659534454346e-03 5.765065550804138184e-01 8.727064728736877441e-01 -7.370800375938415527e-01 -2.768541574478149414e-01 2.761896252632141113e-01 -2.528495490550994873e-01 -4.247320443391799927e-02 -1.600353717803955078e-01 3.570182919502258301e-01 2.100758999586105347e-01 2.463303506374359131e-02 3.461667895317077637e-01 5.480927228927612305e-01 3.785610198974609375e-01 -2.187359631061553955e-01 1.131744533777236938e-01 4.993877410888671875e-01 9.031049907207489014e-02 -4.020377099514007568e-01
-3.955855965614318848e-01 -3.428013324737548828e-01 -2.689501941204071045e-01 -7.274366617202758789e-01 -2.904030084609985352e-01 -1.675818488001823425e-02 -1.062757968902587891e-01 -4.673246145248413086e-01 -2.886999547481536865e-01 1.756852269172668457e-01 -4.761848747730255127e-01 1.813343465328216553e-01 1.860972195863723755e-01 5.757341980934143066e-01 4.379232525825500488e-01 -2.583904564380645752e-01 -3.082236349582672119e-01 -1.148777306079864502e-01 4.718185067176818848e-01 4.007121026515960693e-01 4.679896682500839233e-02 5.937257781624794006e-02 3.290082216262817383e-01 5.446416735649108887e-01 3.275618553161621094e-01 -3.955245018005371094e-01 8.706089854240417480e-02 -2.999946177005767822e-01 5.433508157730102539e-01 -2.325030267238616943e-01 -5.199738591909408569e-02 3.511145710945129395e-01 4.995831549167633057e-01 4.679978787899017334e-01 -2.438957393169403076e-01 3.208494186401367188e-01 1.872927844524383545e-01 -1.039143651723861694e-01 2.622007429599761963e-01 -2.266192436218261719e-01 -1.630328595638275146e-01 -1.480512768030166626e-01 4.113774597644805908e-01 -2.789094150066375732e-01 -3.451485931873321533e-02 4.951083064079284668e-01 8.276881575584411621e-01 7.392638176679611206e-02 -6.773694753646850586e-01 2.723182439804077148e-01 -2.889880537986755371e-01 -1.925028562545776367e-01 -9.699352085590362549e-02 4.499194622039794922e-01 -2.519460618495941162e-01 5.126823782920837402e-01 2.789401113986968994e-01 4.437487721443176270e-01 1.060493066906929016e-01 -3.219150304794311523e-01 -2.891559302806854248e-01 -7.657954841852188110e-02 -1.016471460461616516e-01 -1.473650336265563965e-01
-2.991814613342285156e-01 -2.291788160800933838e-01 -2.051090002059936523e-01 -6.875913143157958984e-01 -3.511479496955871582e-01 -4.769207164645195007e-02 -8.161960542201995850e-02 -4.156544804573059082e-01 -3.158726692199707031e-01 1.111637726426124573e-01 -4.572256207466125488e-01 1.226978152990341187e-01 2.036606371402740479e-01 6.259028911590576172e-01 4.193907976150512695e-01 -4.207630753517150879e-01 -2.768279612064361572e-01 -3.015363030135631561e-02 4.569595456123352051e-01 4.639327824115753174e-01 1.916341483592987061e-02 1.146875768899917603e-01 2.420146912336349487e-01 5.589106082916259766e-01 3.330051600933074951e-01 -3.150441050529479980e-01 8.890529721975326538e-02 -3.534618616104125977e-01 4.848406016826629639e-01 -2.571212053298950195e-01 -5.994225293397903442e-02 3.491078019142150879e-01 4.565005898475646973e-01 5.273289084434509277e-01 -1.978146135807037354e-01 2.830380797386169434e-01 1.599503755569458008e-01 -1.047383174300193787e-01 3.407543301582336426e-01 -1.899426281452178955e-01 -3.359808772802352905e-02 -1.435851007699966431e-01 3.961373567581176758e-01 -3.077796399593353271e-01 -1.074681505560874939e-01 5.104933977127075195e-01 8.354031443595886230e-01 1.536329388618469238e-01 -6.848031282424926758e-01 2.560427784919738770e-01 -2.797631621360778809e-01 -2.100010514259338379e-01 -1.333522498607635498e-01 4.037994742393493652e-01 -2.379178702831268311e-01 5.880589485168457031e-01 1.833052039146423340e-01 4.006520509719848633e-01 2.002964019775390625e-01 -3.208937048912048340e-01 -3.404583930969238281e-01 -1.285338699817657471e-01 -2.180051654577255249e-01 -7.957314699888229370e-02
-5.767279267311096191e-01 -2.889297306537628174e-01 -4.495099186897277832e-01 -8.571298718452453613e-01 -1.996563673019409180e-01 4.492148011922836304e-02 -1.459799855947494507e-01 -6.533811092376708984e-01 -1.291531920433044434e-01 1.838189363479614258e-01 -6.674412488937377930e-01 2.316226363182067871e-01 3.178820908069610596e-01 4.287861585617065430e-01 5.514129996299743652e-01 -1.835292279720306396e-01 -5.915710330009460449e-01 -1.442084014415740967e-01 5.123494267463684082e-01 5.043751597404479980e-01 3.215745091438293457e-03 -3.369202464818954468e-02 3.335664272308349609e-01 5.608975887298583984e-01 5.698187947273254395e-01 -4.027153253555297852e-01 2.427663505077362061e-01 -3.364298343658447266e-01 5.643835663795471191e-01 -3.589590787887573242e-01 1.965390332043170929e-02 4.199924468994140625e-01 5.127075910568237305e-01 4.418853223323822021e-01 -3.884835243225097656e-01 4.522370100021362305e-01 6.327197700738906860e-02 -2.090211361646652222e-01 2.201147377490997314e-01 -1.855936646461486816e-01 -1.443902850151062012e-01 -1.259178072214126587e-01 5.106637477874755859e-01 -3.572642207145690918e-01 1.398973464965820312e-01 4.721916913986206055e-01 8.448240160942077637e-01 1.294049620628356934e-02 -5.636951327323913574e-01 2.353327721357345581e-01 -3.105750381946563721e-01 -2.728633880615234375e-01 -3.840829804539680481e-02 3.690112829208374023e-01 -2.911338210105895996e-01 6.044137477874755859e-01 2.334704697132110596e-01 5.333900451660156250e-01 -8.448825776576995850e-02 -3.052604198455810547e-01 -3.275345563888549805e-01 -1.184976845979690552e-01 -1.118834689259529114e-01 -2.276192903518676758e-01
-3.248449265956878662e-01 -4.098984599113464355e-01 -3.260038793087005615e-01 -7.592232227325439453e-01 -2.634609937667846680e-01 -6.470502912998199463e-02 -3.955148160457611084e-02 -4.743680357933044434e-01 -2.220402359962463379e-01 1.546902358531951904e-01 -4.496163129806518555e-01 1.948266476392745972e-01 1.687026023864746094e-01 5.084697008132934570e-01 3.734810352325439453e-01 -2.400061935186386108e-01 -3.032545745372772217e-01 -1.209668964147567749e-01 4.385235309600830078e-01 4.808972477912902832e-01 4.341663420200347900e-02 2.488300204277038574e-02 3.795398473739624023e-01 5.582453012466430664e-01 3.306050002574920654e-01 -3.961162865161895752e-01 8.848238736391067505e-02 -2.905997037887573242e-01 6.602271795272827148e-01 -1.645921319723129272e-01 -3.197157755494117737e-03 3.778391480445861816e-01 4.594143927097320557e-01 4.247562587261199951e-01 -1.329191774129867554e-01 3.903118968009948730e-01 1.931658387184143066e-01 -1.254630833864212036e-01 2.307221889495849609e-01 -2.116220295429229736e-01 -1.296467632055282593e-01 -2.411227375268936157e-01 4.390969574451446533e-01 -2.383200526237487793e-01 -6.754131615161895752e-02 4.040818810462951660e-01 7.516673803329467773e-01 2.284296751022338867e-01 -7.200062870979309082e-01 2.274184376001358032e-01 -3.192477524280548096e-01 -2.327343672513961792e-01 -1.344229653477668762e-02 4.262943863868713379e-01 -2.936487197875976562e-01 5.540316700935363770e-01 3.843888938426971436e-01 4.425726532936096191e-01 1.735846512019634247e-02 -2.953990697860717773e-01 -3.065128028392791748e-01 -7.416121661663055420e-02 -9.708774834871292114e-02 -1.058262214064598083e-01
-3.255753517150878906e-01 -5.916559696197509766e-01 -8.659466356039047241e-02 -7.153943181037902832e-01 -2.442615628242492676e-01 2.578897401690483093e-02 -3.200431168079376221e-02 -2.964915633201599121e-01 -4.503480792045593262e-01 3.143621683120727539e-01 -3.858151733875274658e-01 2.960381805896759033e-01 8.865892887115478516e-02 5.755764245986938477e-01 3.682389259338378906e-01 -1.990106701850891113e-01 -2.548553422093391418e-02 -1.111975312232971191e-01 5.158011913299560547e-01 3.196056187152862549e-01 1.185369491577148438e-01 1.224113404750823975e-01 3.820247650146484375e-01 4.652212560176849365e-01 1.508423984050750732e-01 -4.715201258659362793e-01 -1.218064948916435242e-01 -2.614197134971618652e-01 5.473477244377136230e-01 -6.853103637695312500e-02 -1.293216645717620850e-01 3.374742865562438965e-01 5.228047370910644531e-01 4.332741796970367432e-01 -1.747223436832427979e-01 2.759897112846374512e-01 4.001104533672332764e-01 5.639405176043510437e-02 2.901348173618316650e-01 -2.413665056228637695e-01 -2.269028425216674805e-01 -1.477782875299453735e-01 2.468698024749755859e-01 -1.417212784290313721e-01 -1.721871197223663330e-01 4.908436536788940430e-01 8.145225048065185547e-01 8.253283053636550903e-02 -5.940496325492858887e-01 2.610300183296203613e-01 -1.394691318273544312e-01 -1.587019413709640503e-01 -1.341258138418197632e-01 4.193931221961975098e-01 -9.294569492340087891e-02 4.176223278045654297e-01 3.746863603591918945e-01 4.729357957839965820e-01 1.925491988658905029e-01 -3.625841736793518066e-01 -1.371318697929382324e-01 8.680990338325500488e-02 -5.165849253535270691e-02 -1.102787032723426819e-01
-2.731427252292633057e-01 -2.931831777095794678e-01 -2.092761993408203125e-01 -6.607496738433837891e-01 -3.209596872329711914e-01 -1.355062052607536316e-02 -6.428225338459014893e-02 -4.214231371879577637e-01 -3.688990175724029541e-01 1.476703286170959473e-01 -4.307494759559631348e-01 1.592644602060317993e-01 1.562897711992263794e-01 6.150663495063781738e-01 4.173820018768310547e-01 -3.877064287662506104e-01 -2.150275111198425293e-01 -5.150616168975830078e-02 4.387801289558410645e-01 4.095713496208190918e-01 4.741818830370903015e-02 1.834535300731658936e-01 2.653284072875976562e-01 5.737694501876831055e-01 2.743928134441375732e-01 -3.637554943561553955e-01 2.530821412801742554e-02 -3.025819063186645508e-01 5.354399681091308594e-01 -2.157939076423645020e-01 -4.516410082578659058e-02 4.139298200607299805e-01 4.822321832180023193e-01 4.839485585689544678e-01 -1.679313778877258301e-01 3.044483661651611328e-01 2.063595652580261230e-01 -8.744696527719497681e-02 3.024849295616149902e-01 -1.756291985511779785e-01 -7.073608785867691040e-02 -1.776430457830429077e-01 3.086365461349487305e-01 -3.016518652439117432e-01 -1.034155264496803284e-01 4.939216971397399902e-01 8.452332019805908203e-01 1.736122071743011475e-01 -6.582896709442138672e-01 2.377166599035263062e-01 -2.275152802467346191e-01 -1.922824978828430176e-01 -1.107437312602996826e-01 3.752884864807128906e-01 -2.029770165681838989e-01 5.585097074508666992e-01 1.903278082609176636e-01 4.349935054779052734e-01 1.871956139802932739e-01 -3.468859195709228516e-01 -3.141198456287384033e-01 -1.061255931854248047e-01 -1.912210434675216675e-01 -8.348204940557479858e-02
-7.974264621734619141e-01 -6.336941123008728027e-01 2.955120205879211426e-01 -9.810194373130798340e-01 -7.843630760908126831e-02 4.469301179051399231e-02 -3.350511789321899414e-01 -2.932132184505462646e-01 -4.747740030288696289e-01 5.843023061752319336e-01 -5.672748088836669922e-01 6.047139167785644531e-01 5.413901209831237793e-01 6.185991764068603516e-01 5.128613710403442383e-01 2.142007276415824890e-02 3.022252768278121948e-02 -8.210620284080505371e-02 6.842038631439208984e-01 2.750469744205474854e-01 4.401580393314361572e-01 -8.609586954116821289e-02 3.929334878921508789e-01 1.267574280500411987e-01 4.521082937717437744e-01 -6.299000382423400879e-01 -1.925536543130874634e-01 -1.823748499155044556e-01 1.776746958494186401e-01 -1.990661621093750000e-01 -2.885508239269256592e-01 1.609287858009338379e-01 6.468011736869812012e-01 4.888778030872344971e-01 -5.460079908370971680e-01 1.245283782482147217e-01 2.981196343898773193e-01 4.271098971366882324e-01 3.327940404415130615e-01 -2.278201878070831299e-01 -6.973525285720825195e-01 2.082285284996032715e-01 2.172764241695404053e-01 1.442708820104598999e-02 -2.695373445749282837e-02 5.891270041465759277e-01 8.493492603302001953e-01 -7.633169293403625488e-01 -2.690410614013671875e-01 2.972791790962219238e-01 -2.663645446300506592e-01 -1.461287308484315872e-02 -1.585240215063095093e-01 3.673051595687866211e-01 1.754710227251052856e-01 2.984488010406494141e-02 3.493182063102722168e-01 5.585851073265075684e-01 4.212337434291839600e-01 -2.130180597305297852e-01 6.754520535469055176e-02 5.058605074882507324e-01 5.655388906598091125e-02 -4.034515321254730225e-01
-7.317380905151367188e-01 -7.189782261848449707e-01 3.253393471240997314e-01 -9.703272581100463867e-01 -8.029083907604217529e-02 3.461760282516479492e-02 -3.007139563560485840e-01 -3.132084608078002930e-01 -4.745390415191650391e-01 5.857748985290527344e-01 -5.197136998176574707e-01 5.935481786727905273e-01 4.834840893745422363e-01 6.255837082862854004e-01 4.282814264297485352e-01 6.248384341597557068e-02 9.109005331993103027e-02 -5.489915981888771057e-02 6.463589072227478027e-01 2.252542972564697266e-01 4.497186839580535889e-01 -6.649900972843170166e-02 3.760765194892883301e-01 1.135653555393218994e-01 3.775270879268646240e-01 -6.354359984397888184e-01 -2.380085140466690063e-01 -1.656121611595153809e-01 1.821180731058120728e-01 -7.976540923118591309e-02 -2.705427110195159912e-01 1.525628119707107544e-01 5.941603183746337891e-01 4.361376464366912842e-01 -5.174371004104614258e-01 1.361460238695144653e-01 3.469644486904144287e-01 4.084864556789398193e-01 3.466636538505554199e-01 -2.594215869903564453e-01 -6.666997075080871582e-01 1.538147926330566406e-01 1.754424870014190674e-01 8.393819630146026611e-02 -6.691147387027740479e-02 5.528737902641296387e-01 8.096096515655517578e-01 -6.985695958137512207e-01 -3.263760507106781006e-01 2.345604151487350464e-01 -2.930686473846435547e-01 -1.720088534057140350e-02 -1.333977580070495605e-01 3.599198758602142334e-01 1.854349225759506226e-01 -1.431114971637725830e-03 3.809767663478851318e-01 5.063905119895935059e-01 3.772712647914886475e-01 -2.458153963088989258e-01 1.048058047890663147e-01 5.286670923233032227e-01 1.197374686598777771e-01 -3.500312268733978271e-01
-7.937436103820800781e-01 -7.209971547126770020e-01 6.366783976554870605e-01 -9.265823364257812500e-01 -2.922935038805007935e-02 -1.402414217591285706e-02 -2.833521962165832520e-01 -1.024720743298530579e-01 -5.570901036262512207e-01 6.633908748626708984e-01 -4.495820403099060059e-01 6.200230717658996582e-01 5.850558876991271973e-01 6.235188841819763184e-01 3.443506360054016113e-01 3.276712074875831604e-02 2.553542852401733398e-01 -5.876220762729644775e-03 6.397505998611450195e-01 2.115910351276397705e-01 7.890166044235229492e-01 -1.704986691474914551e-01 3.989512324333190918e-01 -7.494127750396728516e-02 3.498582541942596436e-01 -6.377662420272827148e-01 -3.437313437461853027e-01 -1.204255968332290649e-02 5.006252229213714600e-02 -8.625137805938720703e-02 -2.172234058380126953e-01 2.067047357559204102e-02 6.989136338233947754e-01 4.229667186737060547e-01 -4.544233977794647217e-01 -5.441375076770782471e-02 4.119877815246582031e-01 6.638203263282775879e-01 3.626346290111541748e-01 -2.676173448562622070e-01 -9.200022816658020020e-01 3.063571751117706299e-01 1.738580167293548584e-01 1.947730481624603271e-01 -2.337431013584136963e-01 4.636520743370056152e-01 7.285907864570617676e-01 -9.522967934608459473e-01 -1.309257149696350098e-01 2.555096745491027832e-01 -2.838416993618011475e-01 2.013303637504577637e-01 -4.875018820166587830e-02 2.105104327201843262e-01 2.912350296974182129e-01 -2.237826883792877197e-01 4.033910632133483887e-01 4.939776062965393066e-01 5.372192263603210449e-01 -7.009188830852508545e-02 8.704762905836105347e-02 7.676008939743041992e-01 2.562126219272613525e-01 -3.505041599273681641e-01
-7.190216183662414551e-01 -7.069351673126220703e-01 3.484818339347839355e-01 -9.440403580665588379e-01 -7.288838922977447510e-02 1.956349611282348633e-02 -3.036752343177795410e-01 -2.818882465362548828e-01 -4.962488412857055664e-01 5.726685523986816406e-01 -4.483566284179687500e-01 6.040351390838623047e-01 4.875594973564147949e-01 6.841948032379150391e-01 4.370220303535461426e-01 -2.424641326069831848e-02 1.220137849450111389e-01 -8.495455980300903320e-02 6.592928171157836914e-01 2.931314706802368164e-01 4.251587092876434326e-01 -1.076588481664657593e-01 4.011722803115844727e-01 1.309772133827209473e-01 3.301769495010375977e-01 -6.319972276687622070e-01 -2.620736658573150635e-01 -1.313512623310089111e-01 2.449365109205245972e-01 -8.089852333068847656e-02 -2.672710716724395752e-01 1.439340263605117798e-01 6.129987239837646484e-01 4.557994306087493896e-01 -4.839662015438079834e-01 8.486080169677734375e-02 3.510397374629974365e-01 4.086756408214569092e-01 3.328287601470947266e-01 -2.558495402336120605e-01 -6.403660178184509277e-01 1.258584558963775635e-01 2.148645520210266113e-01 1.224188879132270813e-01 -1.396637856960296631e-01 5.515787005424499512e-01 7.446155548095703125e-01 -6.097119450569152832e-01 -3.324026763439178467e-01 3.346084952354431152e-01 -2.958323955535888672e-01 -1.989701204001903534e-02 -1.187571138143539429e-01 4.047974348068237305e-01 1.170250326395034790e-01 2.380454540252685547e-02 4.385389983654022217e-01 5.460111498832702637e-01 4.032399654388427734e-01 -2.314464896917343140e-01 6.152925267815589905e-02 5.539437532424926758e-01 8.029267936944961548e-02 -3.870579004287719727e-01
-6.555299758911132812e-01 -3.737141489982604980e-01 -3.063620924949645996e-01 -8.845037817955017090e-01 -2.149007320404052734e-01 6.784939765930175781e-02 -1.991276592016220093e-01 -5.580188632011413574e-01 -2.025169283151626587e-01 3.050553202629089355e-01 -6.325501799583435059e-01 3.666834235191345215e-01 3.353954851627349854e-01 4.896168112754821777e-01 5.661600828170776367e-01 -7.201081514358520508e-02 -3.863058984279632568e-01 -1.813900172710418701e-01 5.743106603622436523e-01 3.952173590660095215e-01 7.054035365581512451e-02 -2.206300199031829834e-02 3.742843270301818848e-01 5.043703317642211914e-01 4.509405791759490967e-01 -4.790373444557189941e-01 1.017816066741943359e-01 -2.472264021635055542e-01 5.644067525863647461e-01 -2.961713075637817383e-01 -1.130601689219474792e-01 3.503418564796447754e-01 5.873464345932006836e-01 4.277895987033843994e-01 -3.854912221431732178e-01 3.790123462677001953e-01 1.780686676502227783e-01 -7.945288717746734619e-02 1.823655366897583008e-01 -2.037832140922546387e-01 -3.270359337329864502e-01 -4.212445765733718872e-02 4.562285840511322021e-01 -2.409811019897460938e-01 9.608642011880874634e-02 5.065818428993225098e-01 8.965645432472229004e-01 -1.416672468185424805e-01 -5.066350102424621582e-01 2.932160496711730957e-01 -3.345672488212585449e-01 -1.915245801210403442e-01 -1.048718839883804321e-01 4.110326468944549561e-01 -1.544887870550155640e-01 4.679690301418304443e-01 2.903132736682891846e-01 5.462986230850219727e-01 7.851893082261085510e-03 -3.219520449638366699e-01 -2.279281765222549438e-01 1.379415392875671387e-02 -1.801023632287979126e-02 -3.189605176448822021e-01
-4.701389968395233154e-01 -7.423021197319030762e-01 4.038515985012054443e-01 -7.885715365409851074e-01 -1.263804137706756592e-01 -3.146247565746307373e-02 -1.762983053922653198e-01 -1.556798219680786133e-01 -6.306608319282531738e-01 4.979121387004852295e-01 -2.041203975677490234e-01 4.878539741039276123e-01 2.938396632671356201e-01 7.365212440490722656e-01 2.741387486457824707e-01 -1.381264179944992065e-01 2.905019521713256836e-01 -8.429510146379470825e-02 5.525453686714172363e-01 2.012076228857040405e-01 3.837403953075408936e-01 -9.588550031185150146e-02 4.027645587921142578e-01 1.759250909090042114e-01 3.294982016086578369e-02 -6.059968471527099609e-01 -3.668655455112457275e-01 -1.645396351814270020e-01 3.977089226245880127e-01 1.090753376483917236e-01 -1.951422393321990967e-01 1.684035509824752808e-01 5.817667841911315918e-01 4.402351677417755127e-01 -3.011976778507232666e-01 -1.491814851760864258e-02 5.054975152015686035e-01 3.621354699134826660e-01 3.209616243839263916e-01 -2.930004298686981201e-01 -5.662727355957031250e-01 7.045122981071472168e-02 1.991999447345733643e-01 1.629056334495544434e-01 -2.843329012393951416e-01 4.976424574851989746e-01 6.577776074409484863e-01 -3.057062029838562012e-01 -4.667654633522033691e-01 4.542755484580993652e-01 -2.909311056137084961e-01 -1.137375365942716599e-02 -1.422820836305618286e-01 4.954704642295837402e-01 1.017486900091171265e-01 6.784502416849136353e-02 4.860323071479797363e-01 3.927474021911621094e-01 4.791273474693298340e-01 -3.036298155784606934e-01 9.786557406187057495e-03 5.297931432723999023e-01 1.206637248396873474e-01 -2.932753562927246094e-01
-7.873171567916870117e-01 -5.770906805992126465e-01 1.288185119628906250e-01 -1.014833688735961914e+00 -8.771687746047973633e-02 5.157362297177314758e-02 -3.343026041984558105e-01 -3.860766887664794922e-01 -4.138648808002471924e-01 5.432311296463012695e-01 -6.104274392127990723e-01 5.496652126312255859e-01 5.408686399459838867e-01 5.674095749855041504e-01 5.501064658164978027e-01 -7.905322127044200897e-04 -1.251191049814224243e-01 -8.731864392757415771e-02 6.973136067390441895e-01 3.464588820934295654e-01 3.437649905681610107e-01 -1.086112707853317261e-01 3.983828425407409668e-01 2.192750275135040283e-01 5.468863248825073242e-01 -5.793940424919128418e-01 -1.239107772707939148e-01 -2.668817341327667236e-01 2.716614902019500732e-01 -2.739476561546325684e-01 -2.454397380352020264e-01 2.197945117950439453e-01 5.932399630546569824e-01 5.144634246826171875e-01 -5.740088224411010742e-01 2.012872397899627686e-01 2.185667753219604492e-01 2.968911528587341309e-01 3.330920636653900146e-01 -2.254452109336853027e-01 -6.026318073272705078e-01 1.762304902076721191e-01 2.879800498485565186e-01 -7.682439684867858887e-02 2.809014916419982910e-02 5.946516394615173340e-01 8.665215969085693359e-01 -6.373406648635864258e-01 -3.461545407772064209e-01 3.437452912330627441e-01 -3.008144497871398926e-01 -9.358763694763183594e-02 -1.627827584743499756e-01 3.722590208053588867e-01 1.188461929559707642e-01 1.783783435821533203e-01 3.208092153072357178e-01 5.887738466262817383e-01 3.551964759826660156e-01 -2.346577048301696777e-01 -1.207634434103965759e-02 3.906942009925842285e-01 -1.561817433685064316e-02 -4.365214705467224121e-01
-7.085673213005065918e-01 -6.442830562591552734e-01 1.351156234741210938e-01 -1.026611924171447754e+00 -1.677628755569458008e-01 6.804575026035308838e-02 -2.048461586236953735e-01 -3.583601117134094238e-01 -4.172787666320800781e-01 5.197838544845581055e-01 -5.962553620338439941e-01 5.026612877845764160e-01 4.601786732673645020e-01 5.559001564979553223e-01 4.994159936904907227e-01 -1.886579766869544983e-02 -8.321535587310791016e-02 -6.038761138916015625e-02 7.162665128707885742e-01 3.780654072761535645e-01 3.516297936439514160e-01 -6.763583421707153320e-02 4.269521832466125488e-01 2.720781266689300537e-01 4.645532667636871338e-01 -5.138791203498840332e-01 -1.509099751710891724e-01 -2.455203086137771606e-01 2.710962891578674316e-01 -2.653253972530364990e-01 -2.415832579135894775e-01 1.821115761995315552e-01 5.322905182838439941e-01 5.145168304443359375e-01 -4.918929636478424072e-01 2.464701235294342041e-01 2.622091472148895264e-01 2.673275470733642578e-01 3.993428945541381836e-01 -2.409427762031555176e-01 -5.129308104515075684e-01 7.192990928888320923e-02 2.485457062721252441e-01 -5.672921240329742432e-02 -5.013354122638702393e-02 5.558159947395324707e-01 8.608349561691284180e-01 -5.115067958831787109e-01 -4.058141410350799561e-01 2.485413998365402222e-01 -2.013145387172698975e-01 -8.156368881464004517e-02 -1.552272886037826538e-01 3.164506256580352783e-01 5.782897770404815674e-02 1.627817600965499878e-01 3.433549106121063232e-01 6.039553284645080566e-01 2.772189378738403320e-01 -2.490597218275070190e-01 -1.399357989430427551e-02 3.415555953979492188e-01 5.309749394655227661e-05 -3.234797120094299316e-01
-7.777167558670043945e-01 -6.949740648269653320e-01 4.352499842643737793e-01 -9.457102417945861816e-01 -4.902966320514678955e-02 2.081127837300300598e-02 -3.178479671478271484e-01 -2.213139384984970093e-01 -5.249341130256652832e-01 5.967672467231750488e-01 -4.721093773841857910e-01 6.140635013580322266e-01 5.729889869689941406e-01 6.239446401596069336e-01 4.297482967376708984e-01 1.251500565558671951e-03 1.323305964469909668e-01 -8.455125987529754639e-02 6.623632311820983887e-01 2.257023453712463379e-01 5.636644363403320312e-01 -1.108186841011047363e-01 4.144732356071472168e-01 4.789069667458534241e-02 3.715443313121795654e-01 -6.491229534149169922e-01 -2.640670239925384521e-01 -1.364229619503021240e-01 1.615077704191207886e-01 -1.126930564641952515e-01 -2.832065820693969727e-01 8.620645850896835327e-02 6.563480496406555176e-01 4.643898904323577881e-01 -5.038273334503173828e-01 4.455183446407318115e-02 3.517415821552276611e-01 5.206728577613830566e-01 3.329959511756896973e-01 -2.257261574268341064e-01 -7.688761949539184570e-01 2.229973375797271729e-01 1.827657222747802734e-01 1.022098287940025330e-01 -1.121852993965148926e-01 5.437387228012084961e-01 7.640917301177978516e-01 -8.047230243682861328e-01 -2.535420060157775879e-01 3.038634657859802246e-01 -3.176500201225280762e-01 3.200916573405265808e-02 -1.231648474931716919e-01 3.530516326427459717e-01 2.213383466005325317e-01 -6.788340210914611816e-02 3.899908661842346191e-01 5.031220316886901855e-01 4.867129921913146973e-01 -1.985695660114288330e-01 7.798466086387634277e-02 6.420879960060119629e-01 1.271182447671890259e-01 -4.029762148857116699e-01
-6.869492530822753906e-01 -7.641124725341796875e-01 2.854353189468383789e-01 -9.954023957252502441e-01 -1.498375236988067627e-01 -3.025067970156669617e-02 -2.297139316797256470e-01 -2.432428300380706787e-01 -4.889734387397766113e-01 5.433264374732971191e-01 -4.690050780773162842e-01 5.957522392272949219e-01 4.113503992557525635e-01 6.131099462509155273e-01 4.090566635131835938e-01 2.395943924784660339e-02 8.181262761354446411e-02 -1.083786636590957642e-01 6.452212929725646973e-01 2.429603040218353271e-01 4.512266516685485840e-01 -1.143897622823715210e-01 4.107282757759094238e-01 1.498611271381378174e-01 3.441385328769683838e-01 -6.004775762557983398e-01 -2.264609336853027344e-01 -1.871272921562194824e-01 2.396375685930252075e-01 -7.098542153835296631e-02 -2.490809261798858643e-01 1.406813263893127441e-01 6.065627336502075195e-01 3.621889650821685791e-01 -4.410408437252044678e-01 1.799983084201812744e-01 3.799343109130859375e-01 3.423368632793426514e-01 3.048897087574005127e-01 -2.844991087913513184e-01 -6.016003489494323730e-01 1.051630750298500061e-01 2.387403547763824463e-01 8.116213977336883545e-02 -8.294866234064102173e-02 4.716919064521789551e-01 8.189997076988220215e-01 -5.657671093940734863e-01 -4.120726585388183594e-01 2.422647029161453247e-01 -2.715813219547271729e-01 -8.026963472366333008e-02 -5.989095941185951233e-02 4.002682864665985107e-01 8.449773490428924561e-02 3.630430251359939575e-02 5.021083354949951172e-01 5.073422789573669434e-01 2.809200882911682129e-01 -2.968390583992004395e-01 1.255737990140914917e-01 5.136086940765380859e-01 1.439189612865447998e-01 -3.168067336082458496e-01
-8.086616396903991699e-01 -6.467864513397216797e-01 3.624063730239868164e-01 -9.544415473937988281e-01 -9.510836750268936157e-02 2.413608133792877197e-02 -3.196437954902648926e-01 -2.045855969190597534e-01 -5.258091092109680176e-01 5.598360300064086914e-01 -4.950235486030578613e-01 6.059274077415466309e-01 5.877553224563598633e-01 5.742732882499694824e-01 4.624431729316711426e-01 -5.423018708825111389e-02 3.170873224735260010e-02 -1.137290671467781067e-01 7.188090085983276367e-01 2.664069235324859619e-01 5.329128503799438477e-01 -1.475127786397933960e-01 4.287497401237487793e-01 9.727305173873901367e-02 4.279130995273590088e-01 -6.013191342353820801e-01 -2.351421713829040527e-01 -1.879562884569168091e-01 2.102702111005783081e-01 -1.995087862014770508e-01 -2.704251110553741455e-01 8.287819474935531616e-02 6.675673127174377441e-01 4.823900163173675537e-01 -4.714622199535369873e-01 6.538956612348556519e-02 2.905105948448181152e-01 4.844500720500946045e-01 3.234443366527557373e-01 -2.186876535415649414e-01 -7.663763165473937988e-01 2.432044744491577148e-01 2.713406980037689209e-01 6.351383775472640991e-02 -8.066357672214508057e-02 5.211269259452819824e-01 7.833983302116394043e-01 -7.711759805679321289e-01 -2.671366930007934570e-01 3.717706799507141113e-01 -3.409461081027984619e-01 -2.275471575558185577e-03 -1.339012831449508667e-01 3.566954135894775391e-01 1.952590495347976685e-01 1.527440547943115234e-02 3.823832273483276367e-01 5.268402099609375000e-01 4.746422171592712402e-01 -1.993598937988281250e-01 3.471652045845985413e-02 6.034506559371948242e-01 8.533234894275665283e-02 -4.540603756904602051e-01
-6.413727998733520508e-01 -7.006071805953979492e-01 2.879823446273803711e-01 -8.653199076652526855e-01 -1.025874689221382141e-01 3.277513757348060608e-02 -2.712488174438476562e-01 -2.301365584135055542e-01 -5.463929772377014160e-01 5.546220541000366211e-01 -4.732782244682312012e-01 5.737238526344299316e-01 3.546403050422668457e-01 6.618641018867492676e-01 4.364667534828186035e-01 -1.540224626660346985e-02 1.301133036613464355e-01 -9.080210328102111816e-02 6.635250449180603027e-01 2.123812735080718994e-01 3.508852720260620117e-01 2.631829679012298584e-02 2.950382828712463379e-01 1.567513942718505859e-01 2.817820906639099121e-01 -5.832697749137878418e-01 -2.383283674716949463e-01 -2.256198078393936157e-01 2.443374842405319214e-01 -4.129459336400032043e-02 -2.664926946163177490e-01 2.005935609340667725e-01 6.084389686584472656e-01 4.394443333148956299e-01 -5.001931190490722656e-01 1.584872156381607056e-01 4.148618876934051514e-01 3.565405309200286865e-01 3.101214468479156494e-01 -2.139704972505569458e-01 -5.291944146156311035e-01 1.226513311266899109e-01 1.862173378467559814e-01 3.548071533441543579e-02 -1.011121720075607300e-01 5.562462806701660156e-01 8.709047436714172363e-01 -5.054565072059631348e-01 -3.429371416568756104e-01 2.435763031244277954e-01 -1.905501484870910645e-01 -8.857703208923339844e-02 -1.734170466661453247e-01 3.813783526420593262e-01 1.470495164394378662e-01 1.048218235373497009e-01 3.325813710689544678e-01 5.006846189498901367e-01 3.729944229125976562e-01 -3.279404044151306152e-01 1.729226112365722656e-01 4.537826776504516602e-01 5.441464111208915710e-02 -3.061158955097198486e-01
-3.403461277484893799e-01 -4.047590196132659912e-01 -1.742274463176727295e-01 -7.191036343574523926e-01 -2.878425717353820801e-01 -3.844466432929039001e-02 -6.939961016178131104e-02 -3.929814696311950684e-01 -3.420321047306060791e-01 2.014142274856567383e-01 -4.394500255584716797e-01 1.984116286039352417e-01 1.522543132305145264e-01 5.925096869468688965e-01 4.067263007164001465e-01 -2.732824385166168213e-01 -2.014579474925994873e-01 -8.481557667255401611e-02 4.677501916885375977e-01 4.002203345298767090e-01 8.426629006862640381e-02 9.230025112628936768e-02 3.175641298294067383e-01 5.211287736892700195e-01 2.654578387737274170e-01 -3.900875151157379150e-01 1.640531420707702637e-02 -2.885016202926635742e-01 5.410644412040710449e-01 -1.700697839260101318e-01 -9.080143272876739502e-02 3.251394629478454590e-01 4.792215228080749512e-01 4.521587193012237549e-01 -2.216503918170928955e-01 2.942787408828735352e-01 2.663673162460327148e-01 -6.781350821256637573e-02 2.603426277637481689e-01 -2.303639352321624756e-01 -1.233148649334907532e-01 -1.616580337285995483e-01 3.474628031253814697e-01 -2.565487325191497803e-01 -1.177871301770210266e-01 4.837712049484252930e-01 8.324204683303833008e-01 1.223032400012016296e-01 -6.717107892036437988e-01 2.580625414848327637e-01 -2.362420856952667236e-01 -1.975805461406707764e-01 -1.037539243698120117e-01 4.168231785297393799e-01 -2.066353559494018555e-01 4.916592836380004883e-01 3.008555471897125244e-01 4.525125622749328613e-01 1.466620266437530518e-01 -3.499049246311187744e-01 -2.299809902906417847e-01 -2.884127199649810791e-02 -9.869026392698287964e-02 -1.034908220171928406e-01
-7.552533149719238281e-01 -7.107715010643005371e-01 4.015756249427795410e-01 -9.536858201026916504e-01 -1.302235573530197144e-01 1.000422984361648560e-02 -2.817261815071105957e-01 -1.636338233947753906e-01 -5.391078591346740723e-01 5.483550429344177246e-01 -4.789181053638458252e-01 6.246683597564697266e-01 5.000216960906982422e-01 6.072906255722045898e-01 4.223705530166625977e-01 -3.193369880318641663e-02 1.157334148883819580e-01 -1.176142990589141846e-01 7.183771729469299316e-01 2.091726511716842651e-01 5.478437542915344238e-01 -1.024559140205383301e-01 3.749762773513793945e-01 7.488442212343215942e-02 3.688552379608154297e-01 -6.088193655014038086e-01 -2.764171659946441650e-01 -1.624254286289215088e-01 1.538532823324203491e-01 -1.252141743898391724e-01 -2.742085754871368408e-01 1.053334921598434448e-01 6.552020907402038574e-01 4.218257665634155273e-01 -4.715142548084259033e-01 1.077870279550552368e-01 3.625970184803009033e-01 4.682852327823638916e-01 3.373098373413085938e-01 -2.323037981986999512e-01 -6.965363025665283203e-01 2.046881914138793945e-01 2.225892245769500732e-01 1.072383970022201538e-01 -8.415047079324722290e-02 4.968296289443969727e-01 8.136181831359863281e-01 -7.264046669006347656e-01 -2.775447368621826172e-01 2.742979526519775391e-01 -2.698661386966705322e-01 -3.281924873590469360e-02 -1.019497066736221313e-01 3.512056767940521240e-01 1.942519396543502808e-01 -2.008061110973358154e-02 4.112848639488220215e-01 5.235387086868286133e-01 3.947833478450775146e-01 -2.412808537483215332e-01 1.350963264703750610e-01 6.141031980514526367e-01 1.409256607294082642e-01 -3.759473860263824463e-01
-6.737819910049438477e-01 -5.467267632484436035e-01 3.119114786386489868e-02 -9.082987904548645020e-01 -1.689687669277191162e-01 4.582745954394340515e-02 -2.178351730108261108e-01 -3.960407972335815430e-01 -3.757651746273040771e-01 4.635751247406005859e-01 -5.168458819389343262e-01 4.504142105579376221e-01 4.021124839782714844e-01 5.837207436561584473e-01 4.931337833404541016e-01 -8.838798850774765015e-02 -1.384834051132202148e-01 -1.136183440685272217e-01 6.607409119606018066e-01 3.602648377418518066e-01 2.431557774543762207e-01 -5.420554056763648987e-02 4.122086763381958008e-01 3.351409733295440674e-01 3.931815028190612793e-01 -5.195720195770263672e-01 -9.885910898447036743e-02 -2.229048609733581543e-01 4.385545253753662109e-01 -1.886350214481353760e-01 -1.898555159568786621e-01 2.206377536058425903e-01 5.509818792343139648e-01 4.761403501033782959e-01 -4.386772811412811279e-01 2.495628446340560913e-01 2.832773923873901367e-01 1.362889260053634644e-01 3.054793477058410645e-01 -2.485378980636596680e-01 -4.200679361820220947e-01 3.056693635880947113e-02 3.120493590831756592e-01 -9.552264213562011719e-02 -6.531903147697448730e-02 5.296273231506347656e-01 8.293676972389221191e-01 -3.316512703895568848e-01 -4.393187165260314941e-01 3.286218643188476562e-01 -2.916009128093719482e-01 -1.280315220355987549e-01 -1.215298622846603394e-01 3.765500485897064209e-01 -3.163336962461471558e-02 2.800399661064147949e-01 3.765135407447814941e-01 5.673792362213134766e-01 2.206555008888244629e-01 -3.012569546699523926e-01 -1.290500909090042114e-01 2.684447169303894043e-01 -1.728828996419906616e-02 -3.321753740310668945e-01
-7.473760247230529785e-01 -7.484450936317443848e-01 5.807431340217590332e-01 -9.518741965293884277e-01 -1.485027372837066650e-02 -2.195829153060913086e-02 -3.176217079162597656e-01 -1.777140498161315918e-01 -5.151700377464294434e-01 6.398278474807739258e-01 -4.460316300392150879e-01 6.120082139968872070e-01 5.539872050285339355e-01 6.693199872970581055e-01 3.455264568328857422e-01 6.683212518692016602e-02 2.647095918655395508e-01 -2.327651903033256531e-02 6.313263177871704102e-01 2.143724113702774048e-01 6.851449012756347656e-01 -1.465691775083541870e-01 3.811444640159606934e-01 -7.153718173503875732e-02 3.457489609718322754e-01 -6.710629463195800781e-01 -3.377885818481445312e-01 -1.995990425348281860e-02 6.148276478052139282e-02 -3.621802106499671936e-02 -2.431097030639648438e-01 5.692719668149948120e-02 6.479619145393371582e-01 4.280162751674652100e-01 -5.204291343688964844e-01 6.185740232467651367e-03 4.110323786735534668e-01 6.011654734611511230e-01 3.625949323177337646e-01 -2.508771419525146484e-01 -8.339431285858154297e-01 2.552015781402587891e-01 1.624451279640197754e-01 1.937252581119537354e-01 -1.945136487483978271e-01 5.208108425140380859e-01 7.196349501609802246e-01 -8.954964280128479004e-01 -1.929110586643218994e-01 2.400293499231338501e-01 -3.012063801288604736e-01 1.410562545061111450e-01 -3.541849181056022644e-02 2.722644805908203125e-01 2.786822915077209473e-01 -1.950247883796691895e-01 4.162229597568511963e-01 4.777717590332031250e-01 4.828875064849853516e-01 -1.053181365132331848e-01 1.303898841142654419e-01 7.239338159561157227e-01 2.426355332136154175e-01 -3.333950638771057129e-01
-2.419187128543853760e-01 -4.548209607601165771e-01 -1.830754131078720093e-01 -6.813032627105712891e-01 -3.259226083755493164e-01 -9.606109559535980225e-02 -3.310145437717437744e-02 -3.369689583778381348e-01 -3.492867052555084229e-01 1.915786266326904297e-01 -3.593587279319763184e-01 1.733359992504119873e-01 7.215113192796707153e-02 6.207171678543090820e-01 3.164983987808227539e-01 -2.463112175464630127e-01 -9.841816872358322144e-02 -7.320891320705413818e-02 4.300249218940734863e-01 3.947336673736572266e-01 9.197910130023956299e-02 9.309221804141998291e-02 3.379607796669006348e-01 5.436525344848632812e-01 1.729446947574615479e-01 -3.762268722057342529e-01 -2.068616449832916260e-02 -3.155671060085296631e-01 5.574669837951660156e-01 -7.255230844020843506e-02 -1.086734607815742493e-01 3.038293123245239258e-01 4.625172913074493408e-01 4.260259866714477539e-01 -9.081919491291046143e-02 2.713459730148315430e-01 3.270065486431121826e-01 -6.883104145526885986e-02 2.835069894790649414e-01 -2.590659260749816895e-01 -8.641386032104492188e-02 -2.295831888914108276e-01 3.175174295902252197e-01 -1.894306540489196777e-01 -1.941350996494293213e-01 4.225884974002838135e-01 7.920815348625183105e-01 2.194378077983856201e-01 -7.289744615554809570e-01 2.344303876161575317e-01 -2.566122710704803467e-01 -1.771048456430435181e-01 -6.865353882312774658e-02 4.657448530197143555e-01 -2.134365886449813843e-01 4.882443845272064209e-01 3.497959971427917480e-01 3.865316510200500488e-01 1.623872667551040649e-01 -3.565952181816101074e-01 -2.239373624324798584e-01 -2.850678563117980957e-02 -8.687123656272888184e-02 -4.836621880531311035e-02
-6.428972482681274414e-01 -6.309310793876647949e-01 4.553416371345520020e-02 -9.118297100067138672e-01 -1.642018407583236694e-01 2.757387608289718628e-02 -2.174836546182632446e-01 -3.432587385177612305e-01 -4.086140394210815430e-01 4.380193650722503662e-01 -5.140119791030883789e-01 5.079507827758789062e-01 3.796849250793457031e-01 5.512246489524841309e-01 4.869965314865112305e-01 -5.750126764178276062e-02 -1.104298532009124756e-01 -1.383016705513000488e-01 6.505078673362731934e-01 3.189134597778320312e-01 2.380269467830657959e-01 -5.063434317708015442e-02 3.953130245208740234e-01 2.696732878684997559e-01 3.686815202236175537e-01 -5.330478549003601074e-01 -1.222011819481849670e-01 -2.488095462322235107e-01 4.300004243850708008e-01 -1.447302848100662231e-01 -2.052781283855438232e-01 2.421515285968780518e-01 6.077287793159484863e-01 4.733155667781829834e-01 -4.053465425968170166e-01 2.530433833599090576e-01 3.205767869949340820e-01 1.897634416818618774e-01 2.777272164821624756e-01 -2.403749823570251465e-01 -4.859866797924041748e-01 6.534158438444137573e-02 3.588857352733612061e-01 -5.221879482269287109e-02 -4.241412132978439331e-02 5.537686347961425781e-01 8.421463966369628906e-01 -3.240670263767242432e-01 -4.334648847579956055e-01 3.199930787086486816e-01 -2.983089089393615723e-01 -1.596231311559677124e-01 -1.302587091922760010e-01 4.207921624183654785e-01 2.486893534660339355e-02 2.938931286334991455e-01 4.092087447643280029e-01 5.384106636047363281e-01 2.139579504728317261e-01 -3.231465220451354980e-01 -2.660100534558296204e-02 3.190954029560089111e-01 8.132510818541049957e-03 -3.020682632923126221e-01
-7.719449400901794434e-01 -7.291740179061889648e-01 6.672705411911010742e-01 -9.156007170677185059e-01 -3.022795915603637695e-02 -3.119935467839241028e-02 -2.854057550430297852e-01 -8.071557432413101196e-02 -5.483560562133789062e-01 6.703048944473266602e-01 -4.291466474533081055e-01 6.225082874298095703e-01 5.831098556518554688e-01 6.454312205314636230e-01 3.274945616722106934e-01 3.249835595488548279e-02 2.879200279712677002e-01 2.556275576353073120e-03 6.456385254859924316e-01 2.121564596891403198e-01 8.042466640472412109e-01 -1.631605774164199829e-01 3.873544931411743164e-01 -1.008650362491607666e-01 3.383886814117431641e-01 -6.312953233718872070e-01 -3.607796430587768555e-01 2.119658887386322021e-02 2.787764184176921844e-02 -6.098845973610877991e-02 -2.261038571596145630e-01 9.380131959915161133e-04 6.948938369750976562e-01 4.180225729942321777e-01 -4.415303766727447510e-01 -6.007272005081176758e-02 4.352477192878723145e-01 6.867694854736328125e-01 3.787352740764617920e-01 -2.628808617591857910e-01 -9.167705178260803223e-01 2.962944507598876953e-01 1.677429676055908203e-01 2.236070632934570312e-01 -2.806949317455291748e-01 4.516203999519348145e-01 7.134425640106201172e-01 -9.332371354103088379e-01 -1.243169009685516357e-01 2.349050492048263550e-01 -2.860046625137329102e-01 2.167414426803588867e-01 -1.459451392292976379e-02 1.943800151348114014e-01 2.868171334266662598e-01 -2.542331814765930176e-01 4.121510684490203857e-01 4.902336597442626953e-01 5.227652192115783691e-01 -5.245143920183181763e-02 1.095976084470748901e-01 7.782422900199890137e-01 2.753986120223999023e-01 -3.355935811996459961e-01
-3.492890000343322754e-01 -2.965866327285766602e-01 -1.944926083087921143e-01 -7.134490609169006348e-01 -3.095895349979400635e-01 -2.235107868909835815e-02 -1.042270064353942871e-01 -4.309083223342895508e-01 -3.352431654930114746e-01 1.629513204097747803e-01 -4.653980731964111328e-01 1.577755510807037354e-01 2.106085121631622314e-01 6.161876916885375977e-01 4.381506443023681641e-01 -3.483990430831909180e-01 -2.579003572463989258e-01 -4.701452702283859253e-02 4.786200523376464844e-01 4.481205344200134277e-01 5.665989220142364502e-02 9.488962590694427490e-02 3.110343813896179199e-01 5.494532585144042969e-01 3.161175251007080078e-01 -3.697599470615386963e-01 5.562853068113327026e-02 -3.161724805831909180e-01 5.008805394172668457e-01 -2.579575479030609131e-01 -7.507663965225219727e-02 3.434183001518249512e-01 4.803337156772613525e-01 5.195377469062805176e-01 -2.138045728206634521e-01 2.617262303829193115e-01 1.929698288440704346e-01 -7.408811897039413452e-02 3.215871155261993408e-01 -2.133812457323074341e-01 -1.247969940304756165e-01 -1.328227370977401733e-01 3.721768558025360107e-01 -2.885212302207946777e-01 -1.078845113515853882e-01 5.234974622726440430e-01 8.277204632759094238e-01 7.253596931695938110e-02 -6.488535404205322266e-01 2.855499386787414551e-01 -2.715769410133361816e-01 -1.664575338363647461e-01 -1.260767728090286255e-01 4.146193265914916992e-01 -2.015649676322937012e-01 5.321108102798461914e-01 2.191618382930755615e-01 4.350427389144897461e-01 2.032883763313293457e-01 -3.090692758560180664e-01 -3.209687471389770508e-01 -7.615263015031814575e-02 -1.741197556257247925e-01 -1.295591890811920166e-01
-3.421655893325805664e-01 -2.866794168949127197e-01 -1.485577821731567383e-01 -7.136688828468322754e-01 -3.187845349311828613e-01 -3.750940784811973572e-02 -9.285575151443481445e-02 -4.015449881553649902e-01 -3.376705646514892578e-01 1.615708470344543457e-01 -4.534323513507843018e-01 1.491848081350326538e-01 2.149495482444763184e-01 6.353831291198730469e-01 4.213791489601135254e-01 -3.608756959438323975e-01 -2.457984536886215210e-01 -4.980348423123359680e-02 4.612599015235900879e-01 4.496373236179351807e-01 5.204159021377563477e-02 9.200826287269592285e-02 2.887080311775207520e-01 5.319975018501281738e-01 3.147980272769927979e-01 -3.365144133567810059e-01 6.710058450698852539e-02 -3.410545885562896729e-01 4.830699265003204346e-01 -2.415067553520202637e-01 -8.364797383546829224e-02 3.281289339065551758e-01 4.697006046772003174e-01 5.224739313125610352e-01 -2.292033135890960693e-01 2.562341690063476562e-01 1.949795782566070557e-01 -7.186212390661239624e-02 3.297118544578552246e-01 -2.072440087795257568e-01 -8.258414268493652344e-02 -1.237628683447837830e-01 3.827409446239471436e-01 -2.849988937377929688e-01 -1.335824429988861084e-01 5.271794199943542480e-01 8.402466773986816406e-01 1.048352494835853577e-01 -6.644732952117919922e-01 2.865383028984069824e-01 -2.638338804244995117e-01 -1.927030980587005615e-01 -1.290817558765411377e-01 4.195080697536468506e-01 -2.140454351902008057e-01 5.273739099502563477e-01 2.274056673049926758e-01 4.199040532112121582e-01 2.259259521961212158e-01 -3.378807902336120605e-01 -2.927535474300384521e-01 -6.666298955678939819e-02 -1.937735527753829956e-01 -9.749235957860946655e-02
-7.845191955566406250e-01 -6.288005113601684570e-01 3.062594830989837646e-01 -9.624925851821899414e-01 -1.004066914319992065e-01 4.999215155839920044e-02 -3.038126230239868164e-01 -2.509083151817321777e-01 -5.174657702445983887e-01 5.825965404510498047e-01 -5.368432402610778809e-01 5.872393846511840820e-01 5.137435793876647949e-01 6.181858777999877930e-01 4.858270287513732910e-01 -5.779698118567466736e-02 3.715341538190841675e-02 -8.464457094669342041e-02 7.254006266593933105e-01 2.990803718566894531e-01 4.512020349502563477e-01 -9.571236371994018555e-02 3.957823514938354492e-01 1.740356683731079102e-01 4.339352548122406006e-01 -6.173651218414306641e-01 -2.062841653823852539e-01 -2.119950056076049805e-01 2.065273970365524292e-01 -2.132848203182220459e-01 -2.696687579154968262e-01 1.587826609611511230e-01 6.311053037643432617e-01 5.123876929283142090e-01 -5.134623050689697266e-01 1.058999001979827881e-01 3.023610413074493408e-01 4.372264146804809570e-01 3.631984889507293701e-01 -2.308044433593750000e-01 -6.651840209960937500e-01 1.939289569854736328e-01 2.232880592346191406e-01 2.846461534500122070e-02 -7.219595462083816528e-02 5.825850963592529297e-01 8.342992663383483887e-01 -7.032723426818847656e-01 -2.684157788753509521e-01 3.549342155456542969e-01 -2.368746697902679443e-01 -1.746305264532566071e-03 -1.766776889562606812e-01 3.586761653423309326e-01 1.577634066343307495e-01 6.440965831279754639e-02 3.418939113616943359e-01 5.772854089736938477e-01 4.762658476829528809e-01 -2.024257481098175049e-01 3.181816264986991882e-02 5.089857578277587891e-01 2.350975573062896729e-02 -4.246919453144073486e-01
-7.267471551895141602e-01 -6.911453008651733398e-01 5.273468494415283203e-01 -8.679946660995483398e-01 -2.952128648757934570e-03 4.285510629415512085e-03 -3.621536493301391602e-01 -1.561806946992874146e-01 -5.959087610244750977e-01 5.897859930992126465e-01 -3.760384023189544678e-01 6.117171049118041992e-01 5.976571440696716309e-01 6.245588660240173340e-01 3.897761106491088867e-01 -7.158855348825454712e-02 1.911871731281280518e-01 -7.087162137031555176e-02 6.817638874053955078e-01 2.529052197933197021e-01 5.845956802368164062e-01 -1.403371691703796387e-01 4.290547966957092285e-01 1.556183770298957825e-02 2.971431016921997070e-01 -6.526519060134887695e-01 -3.397565186023712158e-01 -1.324830055236816406e-01 2.148005962371826172e-01 -7.932913303375244141e-02 -2.757575809955596924e-01 4.888483881950378418e-02 6.480654478073120117e-01 5.048871040344238281e-01 -4.242838323116302490e-01 -6.338435411453247070e-02 3.579807579517364502e-01 5.979977250099182129e-01 3.242099881172180176e-01 -2.022138237953186035e-01 -8.445444703102111816e-01 2.539626955986022949e-01 2.050431966781616211e-01 1.660476922988891602e-01 -2.201804816722869873e-01 5.108374357223510742e-01 6.644848585128784180e-01 -7.947409152984619141e-01 -2.244802117347717285e-01 4.232732057571411133e-01 -3.914111852645874023e-01 9.661886841058731079e-02 -1.192257255315780640e-01 3.572878241539001465e-01 2.920400500297546387e-01 -7.224817574024200439e-02 3.686969578266143799e-01 4.573578238487243652e-01 6.106110811233520508e-01 -1.507348716259002686e-01 6.329120695590972900e-02 7.312077283859252930e-01 1.081220284104347229e-01 -4.785431027412414551e-01
-5.879066586494445801e-01 -7.939461469650268555e-01 4.191053509712219238e-01 -8.851444125175476074e-01 -7.586984336376190186e-02 -1.060064882040023804e-03 -2.337618321180343628e-01 -2.063863277435302734e-01 -5.688291192054748535e-01 5.970742106437683105e-01 -3.794275820255279541e-01 5.978404879570007324e-01 3.399420082569122314e-01 7.305163145065307617e-01 3.382613658905029297e-01 1.305651385337114334e-03 2.696509063243865967e-01 -6.217354163527488708e-02 6.063701510429382324e-01 1.842008978128433228e-01 4.493680000305175781e-01 -3.696146979928016663e-02 3.404446244239807129e-01 9.004756808280944824e-02 2.120835334062576294e-01 -6.471605896949768066e-01 -3.353349864482879639e-01 -1.226478666067123413e-01 2.053622901439666748e-01 6.424966454505920410e-02 -2.300747931003570557e-01 1.805472671985626221e-01 5.717990994453430176e-01 3.704971671104431152e-01 -4.474368393421173096e-01 7.625295221805572510e-02 4.574845433235168457e-01 4.412769973278045654e-01 3.544919192790985107e-01 -2.912089228630065918e-01 -5.882525444030761719e-01 1.038423106074333191e-01 1.104676052927970886e-01 1.674755513668060303e-01 -1.819708645343780518e-01 5.147681236267089844e-01 7.557172179222106934e-01 -5.337920188903808594e-01 -3.782127499580383301e-01 2.504113912582397461e-01 -2.160957753658294678e-01 -1.337156910449266434e-02 -1.206170320510864258e-01 3.952370584011077881e-01 1.654397696256637573e-01 -4.995629191398620605e-02 4.483933746814727783e-01 4.808468818664550781e-01 4.030072093009948730e-01 -2.769311070442199707e-01 1.801028102636337280e-01 5.546450018882751465e-01 1.509147733449935913e-01 -2.879066169261932373e-01
-5.399121642112731934e-01 -2.977659106254577637e-01 -3.159950375556945801e-01 -8.283976912498474121e-01 -2.422996461391448975e-01 4.351018369197845459e-02 -1.703473776578903198e-01 -5.396485328674316406e-01 -2.253844141960144043e-01 2.005703002214431763e-01 -5.838982462882995605e-01 2.127895653247833252e-01 3.336552381515502930e-01 5.121375322341918945e-01 5.487263798713684082e-01 -2.545852661132812500e-01 -4.563152492046356201e-01 -1.133703961968421936e-01 5.527497529983520508e-01 4.783663153648376465e-01 4.332973062992095947e-02 -7.528394460678100586e-03 3.634204864501953125e-01 5.320038795471191406e-01 4.829526543617248535e-01 -3.844876885414123535e-01 1.434243470430374146e-01 -3.086756169795989990e-01 5.119128227233886719e-01 -3.695149123668670654e-01 -8.136794716119766235e-02 3.360467553138732910e-01 5.191142559051513672e-01 4.980277717113494873e-01 -3.548488318920135498e-01 3.409938216209411621e-01 9.438947588205337524e-02 -1.254944652318954468e-01 2.817618846893310547e-01 -1.898583918809890747e-01 -1.998625099658966064e-01 -7.993185520172119141e-02 4.523846209049224854e-01 -3.432229161262512207e-01 2.242946997284889221e-02 5.201359391212463379e-01 8.432107567787170410e-01 -5.915106832981109619e-02 -5.973916053771972656e-01 2.979367375373840332e-01 -3.058984279632568359e-01 -2.261588722467422485e-01 -1.053511351346969604e-01 4.104645848274230957e-01 -2.478130608797073364e-01 5.397690534591674805e-01 2.357186377048492432e-01 5.217923521995544434e-01 6.697132438421249390e-02 -2.809922397136688232e-01 -3.416166007518768311e-01 -7.979726791381835938e-02 -1.393029540777206421e-01 -2.542845606803894043e-01
-7.715843319892883301e-01 -6.395525932312011719e-01 2.516043186187744141e-01 -1.000942587852478027e+00 -2.053478360176086426e-02 4.205945134162902832e-02 -3.619424700736999512e-01 -3.492145538330078125e-01 -4.672417044639587402e-01 5.558705329895019531e-01 -5.745735764503479004e-01 5.807086229324340820e-01 5.219954252243041992e-01 6.158879399299621582e-01 5.015800595283508301e-01 2.582323271781206131e-03 -1.798950135707855225e-02 -8.088828623294830322e-02 6.539232134819030762e-01 2.695882320404052734e-01 3.772416412830352783e-01 -1.316009908914566040e-01 3.828055262565612793e-01 9.027758240699768066e-02 4.794387817382812500e-01 -6.560054421424865723e-01 -2.185459583997726440e-01 -1.840290874242782593e-01 2.424302399158477783e-01 -1.585869044065475464e-01 -2.070555388927459717e-01 2.498349547386169434e-01 6.311239004135131836e-01 4.574950635433197021e-01 -5.802592039108276367e-01 1.386253237724304199e-01 2.668415904045104980e-01 3.622239530086517334e-01 3.025986850261688232e-01 -2.479160130023956299e-01 -6.698096394538879395e-01 2.478554546833038330e-01 2.848417162895202637e-01 -1.218694448471069336e-02 2.519623935222625732e-02 6.097874641418457031e-01 8.214771747589111328e-01 -7.343598604202270508e-01 -3.218477964401245117e-01 3.501661419868469238e-01 -3.387352228164672852e-01 -7.644943147897720337e-02 -1.760064810514450073e-01 3.805924654006958008e-01 2.187995165586471558e-01 8.243035525083541870e-02 3.664899170398712158e-01 5.267449617385864258e-01 3.855668604373931885e-01 -1.941356658935546875e-01 2.975771203637123108e-02 4.974564313888549805e-01 7.560819387435913086e-02 -4.390618503093719482e-01
-7.745426893234252930e-01 -7.036673426628112793e-01 4.550402760505676270e-01 -9.401795864105224609e-01 -3.505696728825569153e-02 1.253798604011535645e-02 -3.221425414085388184e-01 -2.065503150224685669e-01 -5.234596133232116699e-01 5.993030667304992676e-01 -4.986440539360046387e-01 6.368266344070434570e-01 5.403931736946105957e-01 6.521475911140441895e-01 4.354211688041687012e-01 -9.405758231878280640e-03 1.756141334772109985e-01 -7.285481691360473633e-02 6.861004233360290527e-01 2.382381707429885864e-01 5.619460344314575195e-01 -1.089288592338562012e-01 3.550695180892944336e-01 2.343293651938438416e-02 3.663213849067687988e-01 -6.697875261306762695e-01 -2.719054222106933594e-01 -1.177608743309974670e-01 1.284900754690170288e-01 -9.765329957008361816e-02 -2.756445109844207764e-01 9.836835414171218872e-02 6.635535359382629395e-01 4.617553055286407471e-01 -5.330392122268676758e-01 4.233115911483764648e-02 3.597076833248138428e-01 5.384098887443542480e-01 3.295716941356658936e-01 -2.208343148231506348e-01 -7.450785040855407715e-01 2.290721535682678223e-01 1.835009753704071045e-01 1.183287203311920166e-01 -1.027416959404945374e-01 5.573837757110595703e-01 7.786927223205566406e-01 -8.176706433296203613e-01 -2.224347442388534546e-01 2.873904705047607422e-01 -2.737317383289337158e-01 4.435023292899131775e-02 -1.447523683309555054e-01 3.508005142211914062e-01 2.247204929590225220e-01 -8.079351484775543213e-02 3.715358376502990723e-01 5.215440392494201660e-01 4.823657870292663574e-01 -1.716886162757873535e-01 1.232082024216651917e-01 6.496086120605468750e-01 1.435128450393676758e-01 -3.939534723758697510e-01
-7.484268546104431152e-01 -3.759816586971282959e-01 -2.747055888175964355e-01 -9.464403986930847168e-01 -1.683985441923141479e-01 6.217817217111587524e-02 -2.560905218124389648e-01 -5.669260621070861816e-01 -2.007336616516113281e-01 3.463293612003326416e-01 -6.530036926269531250e-01 3.957811892032623291e-01 4.148379564285278320e-01 4.767781496047973633e-01 6.019317507743835449e-01 -6.951432675123214722e-02 -4.274411499500274658e-01 -1.750339269638061523e-01 6.323802471160888672e-01 3.871862292289733887e-01 1.194961443543434143e-01 -7.107633352279663086e-02 3.622782826423645020e-01 4.468359351158142090e-01 5.612215995788574219e-01 -5.139780640602111816e-01 1.224502548575401306e-01 -2.809805572032928467e-01 5.151384472846984863e-01 -3.099878430366516113e-01 -1.265242695808410645e-01 3.486189842224121094e-01 5.790990591049194336e-01 4.549281299114227295e-01 -5.080710649490356445e-01 3.858140110969543457e-01 1.614194512367248535e-01 -5.607399716973304749e-02 2.125554680824279785e-01 -2.025233507156372070e-01 -3.470565676689147949e-01 3.581994026899337769e-02 4.531581103801727295e-01 -2.672603130340576172e-01 1.384589970111846924e-01 5.552135705947875977e-01 9.158029556274414062e-01 -2.688045501708984375e-01 -4.358125925064086914e-01 3.162810206413269043e-01 -3.539823293685913086e-01 -2.225969433784484863e-01 -1.115285009145736694e-01 3.959009051322937012e-01 -1.186790764331817627e-01 4.679148197174072266e-01 2.749878764152526855e-01 5.772119164466857910e-01 5.823750793933868408e-02 -2.988508939743041992e-01 -2.199247628450393677e-01 6.340850889682769775e-02 -3.791472315788269043e-02 -3.754752874374389648e-01
-5.866051912307739258e-01 -4.546288251876831055e-01 -4.456708952784538269e-02 -8.669497370719909668e-01 -2.238698601722717285e-01 5.363414436578750610e-02 -1.906314343214035034e-01 -3.907563686370849609e-01 -3.941904902458190918e-01 3.508249521255493164e-01 -5.041315555572509766e-01 3.431005179882049561e-01 3.613038063049316406e-01 5.604124069213867188e-01 4.879197478294372559e-01 -2.199640870094299316e-01 -2.333258688449859619e-01 -1.022285372018814087e-01 6.298984885215759277e-01 3.958309292793273926e-01 1.948613822460174561e-01 -3.359892591834068298e-02 4.239105582237243652e-01 4.402678310871124268e-01 3.872578442096710205e-01 -4.628804922103881836e-01 -5.719428509473800659e-02 -2.739301025867462158e-01 4.686363041400909424e-01 -2.835752367973327637e-01 -1.539066880941390991e-01 2.692871689796447754e-01 5.354940891265869141e-01 5.213850140571594238e-01 -3.434146344661712646e-01 2.448919415473937988e-01 2.059480547904968262e-01 7.403296232223510742e-02 3.351190388202667236e-01 -2.308407425880432129e-01 -3.689053356647491455e-01 -1.953709870576858521e-04 3.459413349628448486e-01 -1.747806668281555176e-01 -6.683417409658432007e-02 5.127294659614562988e-01 8.294737935066223145e-01 -2.285786271095275879e-01 -5.254594087600708008e-01 3.659102916717529297e-01 -2.826378643512725830e-01 -1.286455243825912476e-01 -1.359980553388595581e-01 3.977384865283966064e-01 -9.009496122598648071e-02 3.684298694133758545e-01 3.123725354671478271e-01 5.465028285980224609e-01 2.505266964435577393e-01 -2.822837829589843750e-01 -2.364378124475479126e-01 1.752820014953613281e-01 -8.968312293291091919e-02 -3.222787678241729736e-01
-7.673912048339843750e-01 -7.105090022087097168e-01 5.149601101875305176e-01 -9.374158382415771484e-01 -1.781571656465530396e-02 1.023378223180770874e-02 -3.245505094528198242e-01 -1.958616971969604492e-01 -5.203859210014343262e-01 6.099754571914672852e-01 -4.676530957221984863e-01 6.179791092872619629e-01 5.633665323257446289e-01 6.407566666603088379e-01 3.998252153396606445e-01 1.808981224894523621e-02 2.041988521814346313e-01 -5.585261806845664978e-02 6.494041681289672852e-01 2.168155163526535034e-01 6.190308332443237305e-01 -1.284144818782806396e-01 3.848269581794738770e-01 -1.839075237512588501e-02 3.494846522808074951e-01 -6.724005937576293945e-01 -3.078505098819732666e-01 -7.435549050569534302e-02 1.098141670227050781e-01 -8.157455921173095703e-02 -2.638535201549530029e-01 6.734514236450195312e-02 6.567141413688659668e-01 4.567979872226715088e-01 -5.175086259841918945e-01 6.320230662822723389e-03 3.731899559497833252e-01 5.686661601066589355e-01 3.343531191349029541e-01 -2.281927168369293213e-01 -8.069115877151489258e-01 2.512084841728210449e-01 1.780272126197814941e-01 1.487408578395843506e-01 -1.367842257022857666e-01 5.366819500923156738e-01 7.405754327774047852e-01 -8.653458356857299805e-01 -2.147235721349716187e-01 2.867895364761352539e-01 -3.178684413433074951e-01 9.496188908815383911e-02 -1.096679121255874634e-01 3.183074593544006348e-01 2.668268084526062012e-01 -1.378564238548278809e-01 3.824144899845123291e-01 4.903963208198547363e-01 5.005967020988464355e-01 -1.472658812999725342e-01 9.953954815864562988e-02 7.058014273643493652e-01 1.890926659107208252e-01 -3.879072964191436768e-01
-3.230715990066528320e-01 -3.299870491027832031e-01 -1.561142057180404663e-01 -7.068938612937927246e-01 -3.083845674991607666e-01 -2.871786803007125854e-02 -8.579909801483154297e-02 -3.990511894226074219e-01 -3.570112884044647217e-01 1.627754122018814087e-01 -4.245462715625762939e-01 1.584964990615844727e-01 1.861825287342071533e-01 6.253700852394104004e-01 4.089402556419372559e-01 -3.489178121089935303e-01 -2.210384309291839600e-01 -5.254421010613441467e-02 4.597339034080505371e-01 4.327090382575988770e-01 5.962067097425460815e-02 9.290452301502227783e-02 3.342067599296569824e-01 5.424600839614868164e-01 2.625944614410400391e-01 -3.710679709911346436e-01 2.940538898110389709e-02 -3.032784759998321533e-01 5.205304622650146484e-01 -2.176420390605926514e-01 -7.514867931604385376e-02 3.363764882087707520e-01 4.727678298950195312e-01 5.119999051094055176e-01 -1.769014894962310791e-01 2.408003658056259155e-01 2.270396351814270020e-01 -5.879331752657890320e-02 3.183273375034332275e-01 -2.248067557811737061e-01 -1.355224102735519409e-01 -1.424067765474319458e-01 3.741985559463500977e-01 -2.567427456378936768e-01 -1.461698412895202637e-01 5.110772848129272461e-01 8.081852793693542480e-01 1.080331876873970032e-01 -6.734297871589660645e-01 2.915380597114562988e-01 -2.761950492858886719e-01 -1.626739650964736938e-01 -1.260044723749160767e-01 4.278517365455627441e-01 -2.003217041492462158e-01 5.098041296005249023e-01 2.552885413169860840e-01 4.166320562362670898e-01 2.158789783716201782e-01 -3.179450929164886475e-01 -3.035732209682464600e-01 -4.727355390787124634e-02 -1.588141471147537231e-01 -1.181352511048316956e-01
-7.654751539230346680e-01 -6.562687158584594727e-01 3.577940165996551514e-01 -9.467028975486755371e-01 -7.395027577877044678e-02 2.960747107863426208e-02 -3.124826550483703613e-01 -2.738173007965087891e-01 -5.011108517646789551e-01 6.008920073509216309e-01 -4.879317879676818848e-01 5.939711928367614746e-01 5.416787266731262207e-01 6.568142771720886230e-01 4.512230753898620605e-01 -2.645992860198020935e-02 8.538308739662170410e-02 -7.142243534326553345e-02 6.823599934577941895e-01 2.867767512798309326e-01 4.861669540405273438e-01 -9.830181300640106201e-02 4.102055430412292480e-01 1.388069838285446167e-01 3.887619376182556152e-01 -6.283403635025024414e-01 -2.356224060058593750e-01 -1.554966866970062256e-01 2.110469937324523926e-01 -1.411763131618499756e-01 -2.741075456142425537e-01 1.214570254087448120e-01 6.213178634643554688e-01 4.850701391696929932e-01 -5.038096904754638672e-01 7.488499581813812256e-02 3.309563100337982178e-01 4.483267962932586670e-01 3.589456081390380859e-01 -2.435166835784912109e-01 -6.801658272743225098e-01 1.628846526145935059e-01 1.856663823127746582e-01 7.775651663541793823e-02 -1.245869323611259460e-01 5.491958260536193848e-01 7.798495292663574219e-01 -6.951412558555603027e-01 -2.892451584339141846e-01 3.275614976882934570e-01 -2.888755798339843750e-01 1.746962219476699829e-02 -1.248017251491546631e-01 3.618977069854736328e-01 1.487732082605361938e-01 -3.108382225036621094e-05 3.800902068614959717e-01 5.520288944244384766e-01 4.530972242355346680e-01 -2.135522961616516113e-01 3.258441761136054993e-02 5.563111305236816406e-01 6.585998088121414185e-02 -4.099852144718170166e-01
-8.094934225082397461e-01 -6.787270307540893555e-01 5.615729689598083496e-01 -9.203624725341796875e-01 -7.209432125091552734e-02 -4.668101668357849121e-03 -3.078944087028503418e-01 -9.401874989271163940e-02 -5.837729573249816895e-01 6.340828537940979004e-01 -4.574986994266510010e-01 6.331512928009033203e-01 5.836014151573181152e-01 6.140217781066894531e-01 4.064009785652160645e-01 -1.536734029650688171e-02 2.019105702638626099e-01 -5.694678053259849548e-02 6.966763138771057129e-01 2.100605368614196777e-01 7.157679796218872070e-01 -1.205104589462280273e-01 3.605661988258361816e-01 -8.922681212425231934e-03 3.614084124565124512e-01 -6.098814010620117188e-01 -3.088163435459136963e-01 -1.068102121353149414e-01 8.506152033805847168e-02 -1.306342184543609619e-01 -2.646766006946563721e-01 3.670364618301391602e-02 6.915567517280578613e-01 4.655751883983612061e-01 -4.816947877407073975e-01 -6.917715072631835938e-03 3.673307597637176514e-01 6.229289770126342773e-01 3.492991030216217041e-01 -2.163404971361160278e-01 -8.415939211845397949e-01 2.943026423454284668e-01 1.809514462947845459e-01 1.366916596889495850e-01 -1.633169949054718018e-01 4.712631106376647949e-01 7.868958711624145508e-01 -8.973224163055419922e-01 -1.538043916225433350e-01 2.702252864837646484e-01 -2.706710100173950195e-01 1.210767328739166260e-01 -1.031960397958755493e-01 2.562411725521087646e-01 2.605571150779724121e-01 -1.325064450502395630e-01 3.405849635601043701e-01 5.195598602294921875e-01 5.584535598754882812e-01 -1.366586834192276001e-01 1.190361082553863525e-01 7.268578410148620605e-01 1.696311533451080322e-01 -3.922850489616394043e-01
-7.366440892219543457e-01 -7.049177289009094238e-01 3.865292370319366455e-01 -9.342454075813293457e-01 -5.646873638033866882e-02 2.728078514337539673e-03 -3.246560692787170410e-01 -2.467014938592910767e-01 -5.299768447875976562e-01 6.031489968299865723e-01 -4.427577555179595947e-01 6.115992665290832520e-01 5.174235105514526367e-01 6.680414080619812012e-01 4.280795454978942871e-01 -2.749409060925245285e-03 1.377527713775634766e-01 -9.664531052112579346e-02 6.506204605102539062e-01 2.604499459266662598e-01 4.855368137359619141e-01 -8.971053361892700195e-02 4.036130309104919434e-01 9.388197958469390869e-02 3.459525704383850098e-01 -6.363131403923034668e-01 -2.583715319633483887e-01 -1.516148746013641357e-01 2.159188240766525269e-01 -8.632360398769378662e-02 -2.761749327182769775e-01 1.267166584730148315e-01 6.321756839752197266e-01 4.478349387645721436e-01 -4.981158673763275146e-01 6.086905673146247864e-02 3.485424816608428955e-01 4.690389633178710938e-01 3.227575719356536865e-01 -2.318261265754699707e-01 -6.975132226943969727e-01 1.645986884832382202e-01 1.876994669437408447e-01 1.069066449999809265e-01 -1.432282924652099609e-01 5.514322519302368164e-01 7.618179321289062500e-01 -6.874685287475585938e-01 -3.018511533737182617e-01 3.290389180183410645e-01 -3.057878911495208740e-01 3.875781781971454620e-03 -9.553909301757812500e-02 3.896782100200653076e-01 1.651624888181686401e-01 -2.388374507427215576e-02 4.158101081848144531e-01 5.194048881530761719e-01 4.679764509201049805e-01 -2.282810062170028687e-01 9.487462043762207031e-02 5.837642550468444824e-01 7.864027470350265503e-02 -3.995782434940338135e-01
-6.188057065010070801e-01 -5.741358399391174316e-01 1.057084500789642334e-01 -8.749332427978515625e-01 -1.604124903678894043e-01 4.250314086675643921e-02 -2.029381543397903442e-01 -3.419318199157714844e-01 -4.226549267768859863e-01 4.835312664508819580e-01 -4.599913358688354492e-01 4.448572099208831787e-01 3.683872818946838379e-01 6.118068695068359375e-01 4.538822174072265625e-01 -1.179242953658103943e-01 -5.968836694955825806e-02 -1.001643240451812744e-01 6.377876996994018555e-01 3.367063403129577637e-01 2.602988481521606445e-01 -2.769098058342933655e-02 4.112098217010498047e-01 3.285104632377624512e-01 3.194859027862548828e-01 -5.306809544563293457e-01 -1.429159343242645264e-01 -2.149919271469116211e-01 4.336808919906616211e-01 -1.390543729066848755e-01 -2.115027159452438354e-01 2.107160538434982300e-01 5.407080054283142090e-01 4.822597801685333252e-01 -4.137367010116577148e-01 2.034220695495605469e-01 3.344422280788421631e-01 1.794254928827285767e-01 3.240376710891723633e-01 -2.480414509773254395e-01 -4.152752459049224854e-01 2.120753936469554901e-02 2.560343146324157715e-01 -6.878721714019775391e-02 -1.398895084857940674e-01 5.304849743843078613e-01 8.105239272117614746e-01 -2.931089401245117188e-01 -4.521099627017974854e-01 3.465278148651123047e-01 -2.617202699184417725e-01 -9.854196012020111084e-02 -1.259600967168807983e-01 3.903151750564575195e-01 -1.626051217317581177e-02 2.521595954895019531e-01 3.826523125171661377e-01 5.548179149627685547e-01 2.871629297733306885e-01 -3.092456459999084473e-01 -1.119348704814910889e-01 3.078736662864685059e-01 -1.792046800255775452e-02 -3.149364590644836426e-01
-5.186664462089538574e-01 -5.122222900390625000e-01 -2.784423530101776123e-01 -8.730699419975280762e-01 -2.329415082931518555e-01 -6.133232638239860535e-02 -9.283100068569183350e-02 -4.258179068565368652e-01 -1.395474225282669067e-01 2.867929041385650635e-01 -5.087249279022216797e-01 3.696660399436950684e-01 1.637502163648605347e-01 4.908421039581298828e-01 3.792230486869812012e-01 -2.647086605429649353e-02 -2.139875739812850952e-01 -2.058058381080627441e-01 4.583837985992431641e-01 3.717271387577056885e-01 1.445503532886505127e-01 -5.577426031231880188e-02 3.930661678314208984e-01 4.745741188526153564e-01 3.530104458332061768e-01 -4.914470016956329346e-01 4.356242716312408447e-02 -2.221083939075469971e-01 6.011070609092712402e-01 -8.104743063449859619e-02 -1.393716037273406982e-01 3.153350353240966797e-01 5.388582944869995117e-01 2.768629491329193115e-01 -2.185742855072021484e-01 4.071332812309265137e-01 3.217699229717254639e-01 -1.029955372214317322e-01 1.558895409107208252e-01 -2.737224102020263672e-01 -2.062051296234130859e-01 -1.971231251955032349e-01 3.735699951648712158e-01 -1.079325973987579346e-01 -2.881325781345367432e-03 3.654845356941223145e-01 8.153731822967529297e-01 3.904127329587936401e-02 -6.212834119796752930e-01 1.828701049089431763e-01 -3.584556877613067627e-01 -2.470195442438125610e-01 7.752913981676101685e-03 4.634401202201843262e-01 -2.150989025831222534e-01 4.029482603073120117e-01 5.199546217918395996e-01 5.136453509330749512e-01 -3.482396900653839111e-02 -3.153741061687469482e-01 -2.208193838596343994e-01 9.248584508895874023e-02 6.288062781095504761e-02 -1.702654063701629639e-01
-8.035684823989868164e-01 -6.783656477928161621e-01 4.773247241973876953e-01 -9.354972839355468750e-01 -1.614775508642196655e-02 2.039147540926933289e-02 -3.252557516098022461e-01 -1.872558444738388062e-01 -5.167951583862304688e-01 6.241422891616821289e-01 -5.275661349296569824e-01 6.353480815887451172e-01 5.562385320663452148e-01 6.313115954399108887e-01 4.440941214561462402e-01 2.429472282528877258e-02 1.740179061889648438e-01 -7.770739495754241943e-02 6.688111424446105957e-01 2.082540690898895264e-01 6.022583246231079102e-01 -1.102847605943679810e-01 3.418813943862915039e-01 -1.723878085613250732e-02 3.897653520107269287e-01 -6.538764834403991699e-01 -2.622610628604888916e-01 -1.059149429202079773e-01 1.069206222891807556e-01 -1.208581030368804932e-01 -2.539290785789489746e-01 9.647733718156814575e-02 6.865456700325012207e-01 4.435754716396331787e-01 -5.520093441009521484e-01 4.058197140693664551e-02 3.517072498798370361e-01 5.628545284271240234e-01 3.103002607822418213e-01 -2.131122797727584839e-01 -7.876867651939392090e-01 2.887536287307739258e-01 1.923952996730804443e-01 1.042146161198616028e-01 -8.883000165224075317e-02 5.484116077423095703e-01 8.052031993865966797e-01 -8.839905261993408203e-01 -1.884698569774627686e-01 2.706012725830078125e-01 -2.775567173957824707e-01 6.910520792007446289e-02 -1.505905538797378540e-01 3.074052929878234863e-01 2.592346072196960449e-01 -1.182016581296920776e-01 3.528518378734588623e-01 5.150440931320190430e-01 4.966905713081359863e-01 -1.513344794511795044e-01 1.298779100179672241e-01 6.634516716003417969e-01 1.734902858734130859e-01 -3.958773016929626465e-01
-7.324200868606567383e-01 -4.340046048164367676e-01 -3.883142024278640747e-02 -8.727434277534484863e-01 -2.683787792921066284e-02 1.370640397071838379e-01 -2.357889562845230103e-01 -6.352865695953369141e-01 -2.289829254150390625e-01 3.684211373329162598e-01 -8.150665163993835449e-01 4.557253718376159668e-01 5.338553786277770996e-01 4.823579192161560059e-01 4.740045070648193359e-01 -7.592509686946868896e-02 -2.749704718589782715e-01 3.294385969638824463e-02 5.806438326835632324e-01 5.427016615867614746e-01 7.249516248703002930e-02 -1.487064361572265625e-01 2.596476078033447266e-01 3.015724122524261475e-01 4.197484552860260010e-01 -5.686945915222167969e-01 4.113865643739700317e-02 -2.596331834793090820e-01 4.731424748897552490e-01 -1.917053461074829102e-01 -5.863953381776809692e-02 3.372927904129028320e-01 6.359097361564636230e-01 5.889870524406433105e-01 -4.858858287334442139e-01 2.924298942089080811e-01 9.804882854223251343e-02 1.212343201041221619e-01 1.945475637912750244e-01 -1.561761498451232910e-01 -4.487155377864837646e-01 8.341163396835327148e-02 4.058741629123687744e-01 -9.617920219898223877e-02 1.646958291530609131e-01 5.859617590904235840e-01 6.546502709388732910e-01 -4.449539184570312500e-01 -2.053986936807632446e-01 3.037244081497192383e-01 -2.131895869970321655e-01 -7.827304303646087646e-02 -2.922224402427673340e-01 3.620612919330596924e-01 -3.628120571374893188e-02 4.672316908836364746e-01 2.166502773761749268e-01 5.183207988739013672e-01 1.720511913299560547e-01 -1.432731896638870239e-01 -2.229242175817489624e-01 2.026589214801788330e-01 -3.199103474617004395e-02 -2.370153069496154785e-01
-3.232938051223754883e-01 -5.679617524147033691e-01 -1.606468409299850464e-01 -7.373842000961303711e-01 -2.483666241168975830e-01 -6.399548053741455078e-02 -2.541552484035491943e-02 -3.407618999481201172e-01 -3.310593068599700928e-01 2.489647269248962402e-01 -3.626073300838470459e-01 2.451123893260955811e-01 7.220718264579772949e-02 5.549634099006652832e-01 2.795127928256988525e-01 -1.623833179473876953e-01 -6.850354373455047607e-02 -1.394733935594558716e-01 4.321504235267639160e-01 3.396900296211242676e-01 1.716128587722778320e-01 3.797810152173042297e-02 4.118232131004333496e-01 5.347554683685302734e-01 1.691537946462631226e-01 -4.895783662796020508e-01 -4.025156050920486450e-02 -2.421836853027343750e-01 6.104705929756164551e-01 -1.988266780972480774e-02 -1.005516797304153442e-01 3.175635337829589844e-01 4.989909231662750244e-01 3.455704748630523682e-01 -1.050728410482406616e-01 3.123013973236083984e-01 3.639850914478302002e-01 -2.607950940728187561e-02 2.100798785686492920e-01 -2.595987319946289062e-01 -1.985149681568145752e-01 -2.377558797597885132e-01 2.930830121040344238e-01 -1.202105283737182617e-01 -1.566557586193084717e-01 3.814645111560821533e-01 7.671245336532592773e-01 1.463944613933563232e-01 -6.896649003028869629e-01 2.350365072488784790e-01 -2.438367903232574463e-01 -1.627306640148162842e-01 -2.979170158505439758e-02 4.643833637237548828e-01 -2.107919454574584961e-01 4.015740454196929932e-01 4.644987583160400391e-01 4.248452186584472656e-01 1.250703185796737671e-01 -3.305319547653198242e-01 -1.995142400264739990e-01 7.791256904602050781e-02 2.078611403703689575e-02 -1.120552048087120056e-01
-3.473784029483795166e-01 -4.756544828414916992e-01 -2.478553056716918945e-01 -7.226705551147460938e-01 -2.523232996463775635e-01 -5.157788470387458801e-02 -7.222403585910797119e-02 -3.569322824478149414e-01 -2.826690673828125000e-01 2.321292459964752197e-01 -4.293003380298614502e-01 2.608432173728942871e-01 1.002472341060638428e-01 5.562191605567932129e-01 3.805302381515502930e-01 -1.856299936771392822e-01 -1.565859615802764893e-01 -1.620415300130844116e-01 4.624598026275634766e-01 3.862722516059875488e-01 6.801398098468780518e-02 6.722818315029144287e-02 3.415032625198364258e-01 5.020359754562377930e-01 2.512242197990417480e-01 -4.330926537513732910e-01 6.433102767914533615e-03 -2.614782452583312988e-01 6.025730371475219727e-01 -1.043153256177902222e-01 -1.226633116602897644e-01 3.240766525268554688e-01 5.156252384185791016e-01 3.696261048316955566e-01 -1.895093321800231934e-01 3.421179056167602539e-01 3.070698380470275879e-01 -7.034024596214294434e-02 1.970180571079254150e-01 -2.230846881866455078e-01 -1.379334926605224609e-01 -2.032922953367233276e-01 3.397356569766998291e-01 -2.011880278587341309e-01 -9.218745678663253784e-02 4.202365577220916748e-01 8.093893527984619141e-01 1.541469097137451172e-01 -6.760380268096923828e-01 2.273884266614913940e-01 -2.471843659877777100e-01 -2.385542690753936768e-01 -5.758120492100715637e-02 4.693301916122436523e-01 -2.235644459724426270e-01 4.791198968887329102e-01 4.098185896873474121e-01 4.722262620925903320e-01 7.143981009721755981e-02 -3.386350870132446289e-01 -2.042307406663894653e-01 -7.917068898677825928e-03 -4.760536924004554749e-02 -1.145566031336784363e-01
-5.755479335784912109e-01 -5.932278633117675781e-01 -6.299588084220886230e-02 -8.923586010932922363e-01 -1.995574533939361572e-01 -4.773375764489173889e-02 -1.895598620176315308e-01 -3.977840542793273926e-01 -3.520493209362030029e-01 4.071134030818939209e-01 -4.753452837467193604e-01 4.588195979595184326e-01 3.213865458965301514e-01 5.910273790359497070e-01 4.836164116859436035e-01 -4.439119622111320496e-02 -1.155027747154235840e-01 -1.449407190084457397e-01 5.684897303581237793e-01 3.652202486991882324e-01 1.703136265277862549e-01 -5.423163250088691711e-02 4.130709171295166016e-01 3.250339627265930176e-01 3.310685753822326660e-01 -5.458719730377197266e-01 -6.733889877796173096e-02 -2.259901762008666992e-01 5.176573991775512695e-01 -9.669813513755798340e-02 -1.833349764347076416e-01 2.695605456829071045e-01 5.942007303237915039e-01 4.501632750034332275e-01 -3.570426702499389648e-01 2.901009023189544678e-01 3.066358268260955811e-01 1.045772731304168701e-01 2.243719696998596191e-01 -2.631110548973083496e-01 -4.099860191345214844e-01 -2.535891346633434296e-02 3.621915876865386963e-01 -1.255092918872833252e-01 -2.894178777933120728e-02 5.292553901672363281e-01 8.237395286560058594e-01 -2.130431234836578369e-01 -5.217270255088806152e-01 3.104430437088012695e-01 -3.040141761302947998e-01 -1.623745858669281006e-01 -7.414336502552032471e-02 4.892718791961669922e-01 -9.435579180717468262e-02 3.461607098579406738e-01 4.645342826843261719e-01 5.189649462699890137e-01 1.521183401346206665e-01 -3.190106749534606934e-01 -8.912751823663711548e-02 2.058192491531372070e-01 -1.373569481074810028e-03 -2.288434207439422607e-01
-8.245825767517089844e-01 -5.677422285079956055e-01 1.477023512125015259e-01 -9.871245026588439941e-01 -1.083698719739913940e-01 6.597799807786941528e-02 -3.081308603286743164e-01 -3.666476011276245117e-01 -4.041337668895721436e-01 5.063115358352661133e-01 -5.566219687461853027e-01 5.445131063461303711e-01 5.359161496162414551e-01 5.765760540962219238e-01 5.024198293685913086e-01 -5.464882776141166687e-02 -1.402496099472045898e-01 -1.374248713254928589e-01 7.086074352264404297e-01 3.543605506420135498e-01 3.517916202545166016e-01 -1.563959568738937378e-01 4.533751010894775391e-01 2.552221119403839111e-01 4.796887338161468506e-01 -5.748775601387023926e-01 -1.184259280562400818e-01 -2.055638432502746582e-01 3.360402882099151611e-01 -2.524389624595642090e-01 -1.991398334503173828e-01 1.921814531087875366e-01 6.101362109184265137e-01 4.733981192111968994e-01 -4.866654574871063232e-01 1.701426953077316284e-01 2.181207239627838135e-01 2.708635032176971436e-01 3.095128238201141357e-01 -2.379746437072753906e-01 -6.089262962341308594e-01 1.456393897533416748e-01 3.578304052352905273e-01 3.584630787372589111e-03 -1.850050687789916992e-02 5.328389406204223633e-01 7.981303334236145020e-01 -5.811763405799865723e-01 -3.344767093658447266e-01 3.841293454170227051e-01 -3.437983691692352295e-01 -8.275336027145385742e-02 -1.189288049936294556e-01 3.833948969841003418e-01 4.722239077091217041e-02 1.587404012680053711e-01 3.979823589324951172e-01 5.786778926849365234e-01 3.095121085643768311e-01 -2.377770096063613892e-01 -6.843269616365432739e-02 4.265364408493041992e-01 1.360101718455553055e-02 -4.656026363372802734e-01
-6.126382350921630859e-01 -4.592033624649047852e-01 -1.696093082427978516e-01 -8.733907341957092285e-01 -1.944494545459747314e-01 4.656167700886726379e-02 -2.114773541688919067e-01 -4.684519171714782715e-01 -2.997856140136718750e-01 3.379983305931091309e-01 -5.727458000183105469e-01 3.441663086414337158e-01 3.631659150123596191e-01 5.065379738807678223e-01 5.422215461730957031e-01 -1.257584095001220703e-01 -3.052928447723388672e-01 -1.211474537849426270e-01 6.204103827476501465e-01 3.928600847721099854e-01 1.417916119098663330e-01 -1.409445703029632568e-02 3.921356201171875000e-01 4.376242458820343018e-01 4.432976245880126953e-01 -4.781433045864105225e-01 9.634234011173248291e-03 -2.752318084239959717e-01 5.054127573966979980e-01 -2.642812728881835938e-01 -1.664140075445175171e-01 2.895327210426330566e-01 5.587797760963439941e-01 4.837666451930999756e-01 -3.986347615718841553e-01 3.221102952957153320e-01 2.101120948791503906e-01 1.299676485359668732e-03 2.532853484153747559e-01 -2.158949375152587891e-01 -3.400940597057342529e-01 -1.567670702934265137e-02 3.886592090129852295e-01 -2.469249963760375977e-01 -1.765996217727661133e-03 5.285427570343017578e-01 8.741241693496704102e-01 -1.939857155084609985e-01 -5.165108442306518555e-01 3.144824504852294922e-01 -2.975574731826782227e-01 -1.987133771181106567e-01 -1.238280683755874634e-01 4.001562595367431641e-01 -1.058947145938873291e-01 4.352766275405883789e-01 3.139711022377014160e-01 5.557922124862670898e-01 1.184253469109535217e-01 -3.056338429450988770e-01 -2.007669061422348022e-01 1.018834412097930908e-01 -5.612213909626007080e-02 -3.103308379650115967e-01
-3.210013806819915771e-01 -3.598248362541198730e-01 -1.807963848114013672e-02 -6.549929380416870117e-01 -2.860945463180541992e-01 -3.033245727419853210e-02 -1.104954928159713745e-01 -3.351299762725830078e-01 -4.554392397403717041e-01 2.529668211936950684e-01 -3.801938593387603760e-01 2.145394086837768555e-01 1.673831045627593994e-01 7.207726240158081055e-01 3.905405998229980469e-01 -3.349114358425140381e-01 -7.363563776016235352e-02 -3.958550840616226196e-02 4.719669222831726074e-01 3.908584713935852051e-01 8.272920548915863037e-02 1.298037171363830566e-01 2.808969020843505859e-01 4.748229086399078369e-01 1.888835579156875610e-01 -3.876804411411285400e-01 -4.884038120508193970e-02 -3.080714046955108643e-01 4.712236523628234863e-01 -1.376986801624298096e-01 -1.005959585309028625e-01 3.180404901504516602e-01 4.937258064746856689e-01 5.220361351966857910e-01 -2.206109762191772461e-01 1.712317615747451782e-01 3.085055947303771973e-01 3.355338051915168762e-02 3.373190760612487793e-01 -2.287664413452148438e-01 -1.472993195056915283e-01 -1.046682745218276978e-01 3.033493459224700928e-01 -1.968117058277130127e-01 -2.089887559413909912e-01 5.426722168922424316e-01 8.224908113479614258e-01 6.306458264589309692e-02 -6.127364635467529297e-01 3.213284015655517578e-01 -2.296647429466247559e-01 -1.200720146298408508e-01 -1.608260124921798706e-01 4.309503436088562012e-01 -1.257749795913696289e-01 4.426478743553161621e-01 2.293236255645751953e-01 4.020107984542846680e-01 3.295751810073852539e-01 -3.542441725730895996e-01 -2.090252488851547241e-01 3.029739856719970703e-02 -1.638470888137817383e-01 -1.105490550398826599e-01
-7.577087879180908203e-01 -4.678520262241363525e-01 -7.908435910940170288e-02 -9.629780054092407227e-01 -1.604198813438415527e-01 6.135050952434539795e-02 -2.759722471237182617e-01 -4.735136032104492188e-01 -3.008848130702972412e-01 4.496592879295349121e-01 -6.233105063438415527e-01 4.676190018653869629e-01 4.777039885520935059e-01 5.137565135955810547e-01 5.800682306289672852e-01 -3.754652664065361023e-02 -2.766010463237762451e-01 -1.225865781307220459e-01 6.715444922447204590e-01 3.826032578945159912e-01 2.096696197986602783e-01 -7.440884411334991455e-02 4.058471918106079102e-01 3.526365458965301514e-01 5.282618999481201172e-01 -5.151918530464172363e-01 -1.207805424928665161e-02 -2.634868621826171875e-01 4.288889467716217041e-01 -3.003362417221069336e-01 -2.029988765716552734e-01 2.495596110820770264e-01 5.717832446098327637e-01 5.040723085403442383e-01 -4.973597228527069092e-01 2.970617413520812988e-01 1.939652264118194580e-01 1.028831377625465393e-01 2.775185406208038330e-01 -2.235856354236602783e-01 -4.680477380752563477e-01 8.351216465234756470e-02 3.665428161621093750e-01 -1.688373386859893799e-01 5.617941170930862427e-02 5.606400370597839355e-01 8.878101706504821777e-01 -4.232267439365386963e-01 -4.037845134735107422e-01 3.305218815803527832e-01 -3.399914503097534180e-01 -1.450548619031906128e-01 -1.367574185132980347e-01 3.710136413574218750e-01 -1.282725483179092407e-02 3.326576054096221924e-01 3.104077279567718506e-01 5.902152061462402344e-01 1.936840116977691650e-01 -2.842299640178680420e-01 -1.530048102140426636e-01 2.132833898067474365e-01 -4.755359888076782227e-02 -3.873327374458312988e-01
-7.193990945816040039e-01 -6.629586219787597656e-01 2.709532082080841064e-01 -9.522932767868041992e-01 -1.111068874597549438e-01 5.486397072672843933e-02 -2.745093107223510742e-01 -2.887911200523376465e-01 -4.975020885467529297e-01 5.594645738601684570e-01 -5.271494388580322266e-01 5.617254972457885742e-01 4.610589146614074707e-01 6.185677647590637207e-01 4.533383846282958984e-01 -3.660247847437858582e-02 3.259472548961639404e-02 -7.178716361522674561e-02 7.075037360191345215e-01 3.037204742431640625e-01 3.918823003768920898e-01 -8.322384953498840332e-02 3.845504522323608398e-01 2.011791318655014038e-01 3.783189654350280762e-01 -5.787366032600402832e-01 -2.198264598846435547e-01 -2.206490337848663330e-01 2.656911015510559082e-01 -1.618330329656600952e-01 -2.471455931663513184e-01 1.697829365730285645e-01 5.814945101737976074e-01 4.798454344272613525e-01 -4.893302023410797119e-01 1.452789157629013062e-01 3.043227791786193848e-01 3.526075780391693115e-01 3.560606837272644043e-01 -2.457981705665588379e-01 -5.915193557739257812e-01 1.429804712533950806e-01 2.247789204120635986e-01 3.811936825513839722e-02 -8.669722825288772583e-02 5.394894480705261230e-01 8.223150372505187988e-01 -5.887068510055541992e-01 -3.485931754112243652e-01 3.227735757827758789e-01 -2.456899285316467285e-01 -3.975560888648033142e-02 -1.697362214326858521e-01 3.656017482280731201e-01 1.305377334356307983e-01 9.577395021915435791e-02 3.586072325706481934e-01 5.548481941223144531e-01 3.889105916023254395e-01 -2.558400034904479980e-01 4.446937516331672668e-02 4.691279530525207520e-01 3.752088546752929688e-02 -3.854210674762725830e-01
-7.127509117126464844e-01 -6.973034739494323730e-01 4.230138659477233887e-01 -8.761837482452392578e-01 -3.009051829576492310e-02 1.810280233621597290e-02 -3.437600135803222656e-01 -2.298987358808517456e-01 -5.581423044204711914e-01 6.204675436019897461e-01 -4.654190540313720703e-01 6.350305676460266113e-01 4.722567498683929443e-01 7.220990657806396484e-01 4.287078976631164551e-01 -8.834380656480789185e-03 2.014926820993423462e-01 -7.471494376659393311e-02 6.766443848609924316e-01 2.325044572353363037e-01 4.705305993556976318e-01 -5.382299050688743591e-02 3.058948516845703125e-01 6.069827079772949219e-02 3.228217363357543945e-01 -6.529589891433715820e-01 -2.959460616111755371e-01 -1.361714154481887817e-01 1.742110997438430786e-01 -4.587618634104728699e-02 -2.693711221218109131e-01 1.511024534702301025e-01 6.488065719604492188e-01 4.299651086330413818e-01 -5.363450050354003906e-01 4.486996680498123169e-02 3.867484629154205322e-01 4.913064837455749512e-01 3.255702853202819824e-01 -2.350051999092102051e-01 -6.678165197372436523e-01 1.865598559379577637e-01 1.529440581798553467e-01 1.292929649353027344e-01 -1.443789303302764893e-01 5.614306330680847168e-01 7.917177081108093262e-01 -6.922751665115356445e-01 -2.605220675468444824e-01 3.131074905395507812e-01 -2.527363002300262451e-01 9.731090627610683441e-03 -1.429412811994552612e-01 3.724534511566162109e-01 2.156281918287277222e-01 -4.706849157810211182e-02 3.571204245090484619e-01 5.184929966926574707e-01 4.682292342185974121e-01 -2.281545698642730713e-01 1.594937741756439209e-01 5.766980648040771484e-01 1.026160344481468201e-01 -3.937231302261352539e-01
-4.498743116855621338e-01 -3.716776072978973389e-01 -2.886680364608764648e-01 -7.855329513549804688e-01 -2.877706587314605713e-01 -2.018188312649726868e-02 -1.041463166475296021e-01 -4.670603871345520020e-01 -2.637979686260223389e-01 2.122194170951843262e-01 -5.075669288635253906e-01 2.247984409332275391e-01 2.260141968727111816e-01 5.495424270629882812e-01 4.625713229179382324e-01 -2.213828265666961670e-01 -3.238242864608764648e-01 -1.315354108810424805e-01 5.171921849250793457e-01 4.405135810375213623e-01 7.130119949579238892e-02 3.073405101895332336e-02 3.523226976394653320e-01 5.401238203048706055e-01 3.757118582725524902e-01 -3.794589042663574219e-01 8.103312551975250244e-02 -2.893972098827362061e-01 5.555038452148437500e-01 -2.556374669075012207e-01 -7.550583779811859131e-02 3.263480067253112793e-01 5.025722384452819824e-01 4.404787123203277588e-01 -2.603811025619506836e-01 3.547906875610351562e-01 1.828862428665161133e-01 -1.088658943772315979e-01 2.513161599636077881e-01 -2.206232249736785889e-01 -1.547052264213562012e-01 -1.531246751546859741e-01 4.169810414314270020e-01 -2.664003372192382812e-01 -3.274621814489364624e-02 4.652021527290344238e-01 8.333508968353271484e-01 6.195943802595138550e-02 -6.481328606605529785e-01 2.526966333389282227e-01 -2.846840023994445801e-01 -2.199185192584991455e-01 -6.726646423339843750e-02 4.088915586471557617e-01 -2.552629113197326660e-01 5.053502321243286133e-01 3.108452260494232178e-01 4.940478801727294922e-01 5.476433038711547852e-02 -3.163949847221374512e-01 -2.728897333145141602e-01 -6.671209633350372314e-02 -9.665779024362564087e-02 -1.760387718677520752e-01
-4.794643819332122803e-01 -4.885769486427307129e-01 -2.580511569976806641e-01 -8.484058976173400879e-01 -2.390943169593811035e-01 -4.967424646019935608e-02 -1.042553633451461792e-01 -4.383847713470458984e-01 -2.161792069673538208e-01 2.415279448032379150e-01 -4.807747900485992432e-01 2.952638566493988037e-01 2.085717618465423584e-01 4.941354990005493164e-01 4.221736788749694824e-01 -1.329251080751419067e-01 -2.757299840450286865e-01 -1.694047749042510986e-01 4.878373742103576660e-01 3.961144387722015381e-01 1.497451066970825195e-01 -3.912154212594032288e-02 4.104420542716979980e-01 5.091293454170227051e-01 3.518373370170593262e-01 -4.617834389209747314e-01 4.729709774255752563e-02 -2.451923936605453491e-01 6.092041134834289551e-01 -1.555747091770172119e-01 -1.297279298305511475e-01 3.172544836997985840e-01 5.281071066856384277e-01 3.614918887615203857e-01 -2.324979305267333984e-01 3.782334923744201660e-01 2.623654901981353760e-01 -1.055606678128242493e-01 1.852007210254669189e-01 -2.506977319717407227e-01 -2.170971035957336426e-01 -1.731086522340774536e-01 3.809881210327148438e-01 -2.034600973129272461e-01 -4.030584543943405151e-02 4.079160392284393311e-01 8.159866929054260254e-01 4.793276637792587280e-02 -6.539409756660461426e-01 2.524816393852233887e-01 -3.231752812862396240e-01 -2.338044643402099609e-01 -1.258803531527519226e-02 4.578605294227600098e-01 -2.457017898559570312e-01 4.478677213191986084e-01 4.504896402359008789e-01 5.221508741378784180e-01 2.101380191743373871e-02 -3.109184503555297852e-01 -2.528648376464843750e-01 5.700998008251190186e-02 3.435692749917507172e-03 -1.943829655647277832e-01
-8.245801925659179688e-01 -5.103452205657958984e-01 2.509070336818695068e-01 -9.430035352706909180e-01 -1.276875734329223633e-01 8.463354408740997314e-02 -3.110845685005187988e-01 -2.641496658325195312e-01 -4.878824353218078613e-01 5.447844862937927246e-01 -5.277822613716125488e-01 5.274443030357360840e-01 6.137285232543945312e-01 5.429786443710327148e-01 5.060075521469116211e-01 -1.293136030435562134e-01 -1.267164647579193115e-01 -1.103314906358718872e-01 7.334595322608947754e-01 3.338881134986877441e-01 4.372023940086364746e-01 -1.392288655042648315e-01 4.877607226371765137e-01 2.414757013320922852e-01 4.793936312198638916e-01 -5.408099293708801270e-01 -1.772788912057876587e-01 -2.291847169399261475e-01 2.943017780780792236e-01 -3.223373889923095703e-01 -2.462353706359863281e-01 1.190734803676605225e-01 6.264975666999816895e-01 5.435820221900939941e-01 -4.407261312007904053e-01 8.720901608467102051e-02 2.169064283370971680e-01 3.750069737434387207e-01 3.644613027572631836e-01 -2.162589430809020996e-01 -6.807439923286437988e-01 2.162107378244400024e-01 2.983955442905426025e-01 -2.109700441360473633e-02 -8.054100722074508667e-02 5.020698308944702148e-01 7.975037097930908203e-01 -6.599366068840026855e-01 -2.910703122615814209e-01 4.395757317543029785e-01 -3.391920030117034912e-01 -1.289164088666439056e-02 -1.391292959451675415e-01 3.268994688987731934e-01 1.304510086774826050e-01 1.215213313698768616e-01 3.273479044437408447e-01 5.731525421142578125e-01 4.481296837329864502e-01 -2.226500660181045532e-01 -1.242750212550163269e-01 4.996030330657958984e-01 -2.548794820904731750e-02 -5.039126276969909668e-01
-6.941034197807312012e-01 -7.548673748970031738e-01 3.875748515129089355e-01 -9.171369671821594238e-01 -6.588527560234069824e-02 1.061919704079627991e-02 -3.086333274841308594e-01 -2.392032295465469360e-01 -5.520636439323425293e-01 5.860960483551025391e-01 -4.734331369400024414e-01 6.209461092948913574e-01 4.325353503227233887e-01 6.675274968147277832e-01 4.295335412025451660e-01 4.315804317593574524e-02 1.898300647735595703e-01 -7.650053501129150391e-02 6.607470512390136719e-01 1.919738352298736572e-01 4.717108011245727539e-01 -4.396562650799751282e-02 2.961672544479370117e-01 5.013654753565788269e-02 3.241950571537017822e-01 -6.284894347190856934e-01 -2.915632128715515137e-01 -1.778243780136108398e-01 1.492601037025451660e-01 -2.703337743878364563e-02 -2.708749175071716309e-01 1.596528142690658569e-01 6.332899332046508789e-01 3.946970701217651367e-01 -5.416666269302368164e-01 1.228477507829666138e-01 3.949743509292602539e-01 4.376737177371978760e-01 3.050335049629211426e-01 -2.301608026027679443e-01 -6.415098309516906738e-01 1.697033643722534180e-01 1.619095802307128906e-01 9.284457564353942871e-02 -8.735669404268264771e-02 5.437638163566589355e-01 8.273759484291076660e-01 -6.890248060226440430e-01 -3.085640072822570801e-01 2.378447502851486206e-01 -2.386661767959594727e-01 -4.885168001055717468e-02 -1.458317935466766357e-01 3.669053614139556885e-01 2.076486498117446899e-01 -2.004322409629821777e-02 3.677439391613006592e-01 4.913099408149719238e-01 4.008529782295227051e-01 -2.659090459346771240e-01 2.097873538732528687e-01 5.630057454109191895e-01 1.402661502361297607e-01 -3.402957320213317871e-01
-7.912509441375732422e-01 -6.799079179763793945e-01 4.205911159515380859e-01 -9.494186639785766602e-01 -1.560429483652114868e-02 2.091419324278831482e-02 -3.517694473266601562e-01 -2.611510157585144043e-01 -4.911374449729919434e-01 6.038625240325927734e-01 -4.835145771503448486e-01 6.007996201515197754e-01 5.669570565223693848e-01 6.540578603744506836e-01 4.411091804504394531e-01 -6.287503056228160858e-04 1.290783733129501343e-01 -8.418317139148712158e-02 6.602818369865417480e-01 2.498267590999603271e-01 5.180698633193969727e-01 -1.215465515851974487e-01 3.924214839935302734e-01 3.934434056282043457e-02 3.841906785964965820e-01 -6.687051057815551758e-01 -2.557929158210754395e-01 -1.180292591452598572e-01 1.727190613746643066e-01 -9.976394474506378174e-02 -2.720605134963989258e-01 1.133652776479721069e-01 6.413840055465698242e-01 4.766063988208770752e-01 -5.565868616104125977e-01 4.804663360118865967e-02 3.285328149795532227e-01 4.935928881168365479e-01 3.230645060539245605e-01 -2.219646573066711426e-01 -7.283046245574951172e-01 2.220136225223541260e-01 2.041670978069305420e-01 9.782652556896209717e-02 -1.089636459946632385e-01 5.870783329010009766e-01 7.471851110458374023e-01 -7.971559762954711914e-01 -2.496998012065887451e-01 3.316669464111328125e-01 -3.280560970306396484e-01 2.657442539930343628e-02 -1.315546482801437378e-01 3.683511018753051758e-01 2.011951953172683716e-01 -5.042043328285217285e-02 3.922242224216461182e-01 5.235273838043212891e-01 4.877263307571411133e-01 -1.669492721557617188e-01 6.020620092749595642e-02 6.328670382499694824e-01 1.134462282061576843e-01 -4.224565625190734863e-01
-5.697309970855712891e-01 -3.167705535888671875e-01 -4.309698045253753662e-01 -8.430712819099426270e-01 -2.173748016357421875e-01 3.679107129573822021e-02 -1.515284627676010132e-01 -6.144879460334777832e-01 -1.590683460235595703e-01 2.036023736000061035e-01 -6.207697391510009766e-01 2.363601326942443848e-01 2.925599515438079834e-01 4.484720826148986816e-01 5.435802340507507324e-01 -1.609369218349456787e-01 -5.000329613685607910e-01 -1.731814742088317871e-01 5.006352663040161133e-01 4.332768321037292480e-01 5.925576388835906982e-02 1.970336586236953735e-02 3.385745882987976074e-01 5.736651420593261719e-01 5.151504874229431152e-01 -4.403188526630401611e-01 1.928148269653320312e-01 -2.904170155525207520e-01 5.759463906288146973e-01 -3.161312043666839600e-01 -3.686491400003433228e-02 4.150522351264953613e-01 5.506424307823181152e-01 3.938205242156982422e-01 -3.674472868442535400e-01 4.387744069099426270e-01 1.162678524851799011e-01 -1.804163008928298950e-01 1.797733008861541748e-01 -1.752766370773315430e-01 -1.778876185417175293e-01 -1.402382999658584595e-01 4.534311592578887939e-01 -3.627720773220062256e-01 1.038205102086067200e-01 4.759985208511352539e-01 8.786745071411132812e-01 9.526863694190979004e-03 -5.803947448730468750e-01 2.331614345312118530e-01 -3.107160925865173340e-01 -2.669786512851715088e-01 -3.962102159857749939e-02 3.810842037200927734e-01 -2.661370635032653809e-01 5.629275441169738770e-01 2.541840672492980957e-01 5.353913903236389160e-01 -5.049617588520050049e-02 -3.070540130138397217e-01 -3.120083510875701904e-01 -1.087506935000419617e-01 -6.362506747245788574e-02 -2.505752146244049072e-01
-5.931940078735351562e-01 -5.048570036888122559e-01 -5.135793238878250122e-02 -8.620153665542602539e-01 -1.322322040796279907e-01 3.881256654858589172e-02 -2.276621311902999878e-01 -4.315991401672363281e-01 -3.304551243782043457e-01 3.769948482513427734e-01 -5.057052969932556152e-01 4.042726457118988037e-01 3.736031651496887207e-01 5.753382444381713867e-01 5.262113213539123535e-01 -1.260497570037841797e-01 -1.734276413917541504e-01 -1.314258426427841187e-01 5.578709244728088379e-01 4.033880233764648438e-01 1.366293430328369141e-01 -5.152090266346931458e-02 4.444618821144104004e-01 3.574541509151458740e-01 3.600523173809051514e-01 -5.431670546531677246e-01 -5.200624465942382812e-02 -2.117328792810440063e-01 5.138271450996398926e-01 -2.050687074661254883e-01 -1.680797338485717773e-01 2.864735424518585205e-01 6.012090444564819336e-01 4.770201146602630615e-01 -3.801103234291076660e-01 2.254606485366821289e-01 2.552915513515472412e-01 7.773111015558242798e-02 2.219211459159851074e-01 -2.188289165496826172e-01 -4.261168539524078369e-01 4.820786416530609131e-03 3.832721710205078125e-01 -1.732039153575897217e-01 -6.174886226654052734e-02 5.614059567451477051e-01 8.015668988227844238e-01 -2.296839058399200439e-01 -5.073191523551940918e-01 3.994377851486206055e-01 -3.140065073966979980e-01 -1.561312079429626465e-01 -1.157209724187850952e-01 4.838685393333435059e-01 -8.661561459302902222e-02 3.656905591487884521e-01 4.220115542411804199e-01 5.400949120521545410e-01 1.854195892810821533e-01 -3.038849830627441406e-01 -1.869882494211196899e-01 2.142373025417327881e-01 -4.641583561897277832e-02 -3.201946914196014404e-01
-2.598707973957061768e-01 -4.619059264659881592e-01 -3.472366631031036377e-01 -6.282373666763305664e-01 -2.927055358886718750e-01 -2.075657248497009277e-01 3.730838000774383545e-02 -3.952229022979736328e-01 -2.416869997978210449e-01 1.125453934073448181e-01 -3.142227232456207275e-01 1.353064328432083130e-01 -2.905287221074104309e-02 5.362346172332763672e-01 1.700649410486221313e-01 -1.766740083694458008e-01 -1.455495953559875488e-01 -2.121825963258743286e-01 2.914533019065856934e-01 3.738447725772857666e-01 1.112109497189521790e-01 7.125073671340942383e-02 3.354121446609497070e-01 5.999559164047241211e-01 2.664141356945037842e-01 -4.664178788661956787e-01 1.081947982311248779e-01 -3.036959171295166016e-01 6.698691844940185547e-01 6.303439289331436157e-02 -2.739114873111248016e-02 3.740005493164062500e-01 5.321561694145202637e-01 3.068060278892517090e-01 3.355089575052261353e-02 4.299904108047485352e-01 2.942011356353759766e-01 -6.841403245925903320e-02 1.504381000995635986e-01 -2.186980545520782471e-01 -1.408465020358562469e-02 -4.446527063846588135e-01 3.527719676494598389e-01 -1.317140161991119385e-01 -1.400519311428070068e-01 3.330673575401306152e-01 7.384096980094909668e-01 3.864184319972991943e-01 -7.590025067329406738e-01 1.263503730297088623e-01 -2.431673407554626465e-01 -2.469224631786346436e-01 1.123366653919219971e-01 4.316816926002502441e-01 -3.639200329780578613e-01 4.813950657844543457e-01 5.170691013336181641e-01 4.125491380691528320e-01 7.492440193891525269e-02 -2.072991877794265747e-01 -2.877660691738128662e-01 -1.390509009361267090e-01 -6.686454266309738159e-02 5.105558037757873535e-02
-4.062115848064422607e-01 -6.758707165718078613e-01 1.296852976083755493e-01 -7.978474497795104980e-01 -1.644023060798645020e-01 2.081334590911865234e-03 -1.115313917398452759e-01 -2.291370034217834473e-01 -5.406022667884826660e-01 4.830952584743499756e-01 -4.313538372516632080e-01 4.575703740119934082e-01 2.163332104682922363e-01 6.458451151847839355e-01 4.367879033088684082e-01 -1.242314651608467102e-01 1.451347470283508301e-01 -8.212408423423767090e-02 5.950903296470642090e-01 3.677638471126556396e-01 1.814913451671600342e-01 5.603115260601043701e-02 3.997116684913635254e-01 2.804813981056213379e-01 1.519450992345809937e-01 -5.587905049324035645e-01 -2.115768492221832275e-01 -2.340081483125686646e-01 4.848118424415588379e-01 -8.522155880928039551e-02 -2.192584425210952759e-01 2.776528000831604004e-01 5.745931863784790039e-01 5.274934172630310059e-01 -3.129074573516845703e-01 1.675549447536468506e-01 4.073687791824340820e-01 2.696474492549896240e-01 3.118509054183959961e-01 -2.506953477859497070e-01 -4.191782176494598389e-01 1.997005380690097809e-02 1.834218800067901611e-01 -8.305349946022033691e-02 -1.963560283184051514e-01 6.273112297058105469e-01 8.230364322662353516e-01 -2.186887860298156738e-01 -4.610679149627685547e-01 3.620460033416748047e-01 -9.387346357107162476e-02 -3.988744691014289856e-02 -1.916480362415313721e-01 4.611040353775024414e-01 7.155753672122955322e-02 2.697393894195556641e-01 4.080298244953155518e-01 5.250863432884216309e-01 3.786311745643615723e-01 -2.988427877426147461e-01 -2.132433280348777771e-02 2.315765321254730225e-01 -8.186254650354385376e-02 -1.559610366821289062e-01
-6.739543080329895020e-01 -4.502110183238983154e-01 -1.805375814437866211e-01 -8.972780704498291016e-01 -1.889461874961853027e-01 5.249572545289993286e-02 -2.294501513242721558e-01 -4.557411074638366699e-01 -2.774536609649658203e-01 3.405120074748992920e-01 -5.663539767265319824e-01 4.023602902889251709e-01 3.688985705375671387e-01 5.431118607521057129e-01 5.583318471908569336e-01 -1.210098043084144592e-01 -2.934488654136657715e-01 -1.885491460561752319e-01 6.404328346252441406e-01 4.124246835708618164e-01 1.146723031997680664e-01 -3.625826910138130188e-02 4.258413314819335938e-01 4.360302388668060303e-01 4.281024932861328125e-01 -5.260580778121948242e-01 4.531880468130111694e-02 -2.181155830621719360e-01 5.322197675704956055e-01 -2.754753232002258301e-01 -1.615521013736724854e-01 3.092175424098968506e-01 5.944847464561462402e-01 4.894232451915740967e-01 -3.945983350276947021e-01 2.940031290054321289e-01 2.128402292728424072e-01 3.846665844321250916e-02 2.440631985664367676e-01 -2.146941721439361572e-01 -3.869765400886535645e-01 2.579497173428535461e-03 4.440732300281524658e-01 -1.740883886814117432e-01 9.275190532207489014e-03 5.760838389396667480e-01 8.525999188423156738e-01 -2.143649458885192871e-01 -4.426901340484619141e-01 3.464189171791076660e-01 -3.141639232635498047e-01 -1.738092750310897827e-01 -1.044147163629531860e-01 4.462618231773376465e-01 -1.192404031753540039e-01 4.176648557186126709e-01 3.658943176269531250e-01 5.849383473396301270e-01 1.268544048070907593e-01 -2.801328599452972412e-01 -1.901356577873229980e-01 1.092466413974761963e-01 -6.693369150161743164e-02 -3.391248285770416260e-01
-7.870316505432128906e-01 -6.866207122802734375e-01 4.606727957725524902e-01 -9.466494321823120117e-01 -7.541256397962570190e-02 1.823871582746505737e-02 -2.957232594490051270e-01 -1.863737404346466064e-01 -5.287891030311584473e-01 5.992125868797302246e-01 -4.921516776084899902e-01 6.210262775421142578e-01 5.452244877815246582e-01 6.309999227523803711e-01 4.205951690673828125e-01 -2.316880598664283752e-02 1.583049595355987549e-01 -7.658594846725463867e-02 7.015190720558166504e-01 2.278855890035629272e-01 5.934846401214599609e-01 -1.129722744226455688e-01 3.745008111000061035e-01 5.089141428470611572e-02 3.676527738571166992e-01 -6.491192579269409180e-01 -2.721382081508636475e-01 -1.266145855188369751e-01 1.286962330341339111e-01 -1.192863583564758301e-01 -2.756325602531433105e-01 7.606919109821319580e-02 6.505115032196044922e-01 4.603095352649688721e-01 -5.062886476516723633e-01 5.099456757307052612e-02 3.529916107654571533e-01 5.372124910354614258e-01 3.479268550872802734e-01 -2.267716825008392334e-01 -7.459601759910583496e-01 2.239725291728973389e-01 1.760056614875793457e-01 1.106529682874679565e-01 -1.074269190430641174e-01 5.247990489006042480e-01 7.848799228668212891e-01 -8.175416588783264160e-01 -2.331052720546722412e-01 2.838037014007568359e-01 -2.695323526859283447e-01 5.424094572663307190e-02 -1.406170874834060669e-01 3.302375376224517822e-01 2.130625098943710327e-01 -8.873081207275390625e-02 3.703520894050598145e-01 5.233445167541503906e-01 4.857102036476135254e-01 -1.740963160991668701e-01 9.595298767089843750e-02 6.478549242019653320e-01 1.490099132061004639e-01 -3.939206302165985107e-01
-7.627316117286682129e-01 -6.974775791168212891e-01 4.136731624603271484e-01 -9.500775933265686035e-01 -3.467017412185668945e-02 1.693301647901535034e-02 -3.193590641021728516e-01 -2.599378228187561035e-01 -5.011410117149353027e-01 6.150494813919067383e-01 -5.029537677764892578e-01 6.067161560058593750e-01 5.359156727790832520e-01 6.588735580444335938e-01 4.391763210296630859e-01 2.186542376875877380e-02 1.535003185272216797e-01 -5.613591894507408142e-02 6.631718277931213379e-01 2.445332854986190796e-01 5.331197977066040039e-01 -9.086292982101440430e-02 3.755435347557067871e-01 5.577609315514564514e-02 3.787164688110351562e-01 -6.637779474258422852e-01 -2.572732865810394287e-01 -1.270646452903747559e-01 1.459696143865585327e-01 -9.607362747192382812e-02 -2.743654549121856689e-01 1.130745187401771545e-01 6.316586732864379883e-01 4.677934944629669189e-01 -5.446710586547851562e-01 6.616592407226562500e-02 3.588798344135284424e-01 4.985888898372650146e-01 3.440029323101043701e-01 -2.362727820873260498e-01 -7.147567272186279297e-01 1.965811401605606079e-01 1.609182059764862061e-01 9.115979820489883423e-02 -1.065091639757156372e-01 5.700170993804931641e-01 7.831571698188781738e-01 -7.876610159873962402e-01 -2.583198547363281250e-01 2.719249725341796875e-01 -2.803506553173065186e-01 3.926301747560501099e-02 -1.389310806989669800e-01 3.448511064052581787e-01 2.057801932096481323e-01 -6.730507314205169678e-02 3.701507747173309326e-01 5.224415659904479980e-01 4.648671150207519531e-01 -1.822368204593658447e-01 9.311389178037643433e-02 6.035898923873901367e-01 1.264052987098693848e-01 -3.829579949378967285e-01
-4.962105453014373779e-01 -6.394768357276916504e-01 4.623800516128540039e-02 -8.471105098724365234e-01 -2.259188890457153320e-01 -7.266432046890258789e-03 -1.093301326036453247e-01 -3.086991310119628906e-01 -4.324476122856140137e-01 3.879143595695495605e-01 -3.953112661838531494e-01 3.858489394187927246e-01 2.503534555435180664e-01 5.580936670303344727e-01 3.751799464225769043e-01 -1.254685521125793457e-01 -6.420238316059112549e-02 -1.114047616720199585e-01 5.668359398841857910e-01 2.901942729949951172e-01 2.687717378139495850e-01 -1.406197622418403625e-02 4.399573802947998047e-01 3.782068192958831787e-01 2.323285490274429321e-01 -5.152716636657714844e-01 -1.436195671558380127e-01 -2.241782844066619873e-01 4.903538823127746582e-01 -7.469046115875244141e-02 -1.786261796951293945e-01 2.227309644222259521e-01 5.217068195343017578e-01 4.304735362529754639e-01 -2.743865549564361572e-01 2.347243130207061768e-01 3.801308274269104004e-01 1.288564354181289673e-01 2.916664779186248779e-01 -2.860085964202880859e-01 -3.906839787960052490e-01 -5.919191241264343262e-02 2.757179439067840576e-01 -7.167464494705200195e-02 -1.482826471328735352e-01 4.679408073425292969e-01 7.936742305755615234e-01 -1.437523663043975830e-01 -5.690047740936279297e-01 3.004047274589538574e-01 -2.674897313117980957e-01 -1.193414479494094849e-01 -8.615599572658538818e-02 4.204407334327697754e-01 -6.014262884855270386e-02 2.854106426239013672e-01 4.423041343688964844e-01 4.914960861206054688e-01 2.166874259710311890e-01 -3.408230841159820557e-01 -1.083200871944427490e-01 2.681582570075988770e-01 4.242490231990814209e-02 -2.201339304447174072e-01
-6.586469411849975586e-01 -6.958757638931274414e-01 3.203474283218383789e-01 -9.076641201972961426e-01 -8.960388600826263428e-02 1.492185890674591064e-02 -2.754473686218261719e-01 -2.480622529983520508e-01 -5.297157168388366699e-01 5.586042404174804688e-01 -4.391969144344329834e-01 5.770113468170166016e-01 4.121762514114379883e-01 6.806747317314147949e-01 4.194400906562805176e-01 -5.374621227383613586e-02 1.181143820285797119e-01 -9.271257370710372925e-02 6.558299660682678223e-01 2.620674669742584229e-01 3.991110324859619141e-01 -7.975658774375915527e-02 3.768043518066406250e-01 1.493732929229736328e-01 3.014810979366302490e-01 -6.202995777130126953e-01 -2.706633508205413818e-01 -1.624111235141754150e-01 2.890518903732299805e-01 -6.356406211853027344e-02 -2.380858957767486572e-01 1.834069192409515381e-01 6.029946804046630859e-01 4.288357794284820557e-01 -4.646600186824798584e-01 9.617701172828674316e-02 3.779205381870269775e-01 3.749397993087768555e-01 3.270386457443237305e-01 -2.716012597084045410e-01 -5.929413437843322754e-01 1.355135738849639893e-01 2.048219740390777588e-01 7.721977680921554565e-02 -1.389589607715606689e-01 5.387482047080993652e-01 7.820572853088378906e-01 -5.365593433380126953e-01 -3.696462213993072510e-01 3.498377203941345215e-01 -2.694016098976135254e-01 -4.298393428325653076e-02 -1.334239989519119263e-01 4.100129604339599609e-01 1.410928517580032349e-01 5.925559252500534058e-02 4.243535995483398438e-01 5.287435650825500488e-01 3.982306718826293945e-01 -2.631709575653076172e-01 6.579417735338211060e-02 5.040031075477600098e-01 8.083670586347579956e-02 -3.631450235843658447e-01
-5.711907148361206055e-01 -4.730172753334045410e-01 -1.036796569824218750e-01 -8.108980655670166016e-01 -1.883104443550109863e-01 2.925093099474906921e-02 -1.987731605768203735e-01 -4.321925044059753418e-01 -3.528026938438415527e-01 3.818159699440002441e-01 -5.088905096054077148e-01 3.702189028263092041e-01 3.100929260253906250e-01 6.006486415863037109e-01 4.977331757545471191e-01 -1.437880098819732666e-01 -1.789218187332153320e-01 -1.145796179771423340e-01 6.070082783699035645e-01 3.856205046176910400e-01 1.418560743331909180e-01 1.377079263329505920e-02 3.738011121749877930e-01 4.192671477794647217e-01 3.511993288993835449e-01 -4.957494735717773438e-01 -4.199054837226867676e-02 -2.295235693454742432e-01 5.102489590644836426e-01 -1.958850920200347900e-01 -1.470474451780319214e-01 2.799573540687561035e-01 5.513260960578918457e-01 4.803077280521392822e-01 -3.691124320030212402e-01 2.635138034820556641e-01 2.698860168457031250e-01 5.682013556361198425e-02 2.671014666557312012e-01 -2.388986349105834961e-01 -3.317685425281524658e-01 -3.845208510756492615e-02 3.411841392517089844e-01 -1.594325602054595947e-01 -6.616364419460296631e-02 5.391915440559387207e-01 8.302308917045593262e-01 -1.724962294101715088e-01 -4.956853091716766357e-01 3.242138028144836426e-01 -2.830405831336975098e-01 -1.365132182836532593e-01 -1.278870105743408203e-01 4.019960165023803711e-01 -9.809290617704391479e-02 3.803546428680419922e-01 3.286912441253662109e-01 5.417733788490295410e-01 1.832044124603271484e-01 -2.989605665206909180e-01 -1.845330148935317993e-01 1.242206245660781860e-01 -5.847863107919692993e-02 -2.882618308067321777e-01
-5.001289844512939453e-01 -4.617172479629516602e-01 -9.476765990257263184e-04 -8.198875784873962402e-01 -2.221181690692901611e-01 2.070223912596702576e-02 -1.567379683256149292e-01 -3.730992674827575684e-01 -4.079097807407379150e-01 3.703824579715728760e-01 -4.640637934207916260e-01 3.226625025272369385e-01 3.306067883968353271e-01 6.251643300056457520e-01 4.579451680183410645e-01 -2.259418815374374390e-01 -1.356121897697448730e-01 -6.109901517629623413e-02 5.871790051460266113e-01 4.311564266681671143e-01 1.643161773681640625e-01 2.114508673548698425e-02 3.915005922317504883e-01 4.220149815082550049e-01 3.320320546627044678e-01 -4.323126077651977539e-01 -7.358327507972717285e-02 -2.882756292819976807e-01 4.682040810585021973e-01 -2.213126718997955322e-01 -1.647041141986846924e-01 2.522747516632080078e-01 4.990306198596954346e-01 5.562880635261535645e-01 -3.346805274486541748e-01 2.055013924837112427e-01 2.609280645847320557e-01 1.016288474202156067e-01 3.594259619712829590e-01 -2.288740575313568115e-01 -2.961848676204681396e-01 -3.700858354568481445e-02 3.096869289875030518e-01 -1.660563051700592041e-01 -1.606753468513488770e-01 5.602443814277648926e-01 8.136180639266967773e-01 -1.273821294307708740e-01 -5.416928529739379883e-01 3.610289096832275391e-01 -2.563163638114929199e-01 -1.188284382224082947e-01 -1.522532850503921509e-01 3.977934420108795166e-01 -7.972073554992675781e-02 3.851630389690399170e-01 3.027301430702209473e-01 5.225917696952819824e-01 3.081842362880706787e-01 -3.115742504596710205e-01 -2.040189951658248901e-01 1.509080231189727783e-01 -1.373900473117828369e-01 -2.387785017490386963e-01
-2.927851676940917969e-01 -2.434032857418060303e-01 -2.154004573822021484e-01 -7.906292676925659180e-01 -3.354619145393371582e-01 -6.417940557003021240e-02 -5.900688469409942627e-02 -4.612776637077331543e-01 -2.577472329139709473e-01 8.235797286033630371e-02 -4.716258943080902100e-01 1.251586079597473145e-01 2.686710059642791748e-01 5.500825643539428711e-01 4.092050790786743164e-01 -4.133713245391845703e-01 -3.676377832889556885e-01 -1.358567550778388977e-02 4.365420341491699219e-01 4.988037049770355225e-01 4.417967796325683594e-02 2.372189238667488098e-02 2.978888154029846191e-01 5.724679231643676758e-01 3.857105374336242676e-01 -2.993100285530090332e-01 1.199904456734657288e-01 -3.880219459533691406e-01 5.618832707405090332e-01 -2.731452584266662598e-01 -3.393116593360900879e-02 3.833177089691162109e-01 4.196697175502777100e-01 5.413403511047363281e-01 -1.602378189563751221e-01 3.293811082839965820e-01 1.031317189335823059e-01 -1.434957236051559448e-01 3.537969589233398438e-01 -1.979983747005462646e-01 -7.331072539091110229e-02 -1.275061666965484619e-01 4.414283335208892822e-01 -3.169461190700531006e-01 -9.744357317686080933e-02 4.689648151397705078e-01 8.276298642158508301e-01 1.910956203937530518e-01 -7.614367008209228516e-01 2.791289091110229492e-01 -3.583313524723052979e-01 -2.281699180603027344e-01 -1.157898604869842529e-01 4.118433594703674316e-01 -2.504261732101440430e-01 5.988097190856933594e-01 2.208688855171203613e-01 3.942496180534362793e-01 1.728654652833938599e-01 -3.017401993274688721e-01 -3.911797702312469482e-01 -1.052710935473442078e-01 -2.105252891778945923e-01 -1.040845140814781189e-01
-5.322715044021606445e-01 -5.118350982666015625e-01 1.306115090847015381e-02 -8.153783082962036133e-01 -1.830312609672546387e-01 7.209211587905883789e-02 -1.724425107240676880e-01 -3.539279103279113770e-01 -4.519281387329101562e-01 4.177796542644500732e-01 -4.649923741817474365e-01 3.776846826076507568e-01 3.334038257598876953e-01 6.281009912490844727e-01 4.886177778244018555e-01 -2.227532267570495605e-01 -9.944349527359008789e-02 -8.572674542665481567e-02 6.581555008888244629e-01 4.432857930660247803e-01 1.578304171562194824e-01 5.174560472369194031e-02 4.189209938049316406e-01 4.117648303508758545e-01 3.017322123050689697e-01 -4.750058054924011230e-01 -1.154407486319541931e-01 -2.311733365058898926e-01 4.880549311637878418e-01 -2.195310890674591064e-01 -1.681435108184814453e-01 2.679014205932617188e-01 5.285034179687500000e-01 5.491133928298950195e-01 -3.345849812030792236e-01 2.074736207723617554e-01 2.840857207775115967e-01 1.520658284425735474e-01 3.640872538089752197e-01 -2.004853636026382446e-01 -3.398818373680114746e-01 -3.729838132858276367e-02 2.809123694896697998e-01 -1.332790553569793701e-01 -1.785579621791839600e-01 5.489709377288818359e-01 7.996486425399780273e-01 -1.618487536907196045e-01 -4.546447992324829102e-01 3.435613512992858887e-01 -1.940924376249313354e-01 -1.021911278367042542e-01 -1.421398669481277466e-01 3.643878996372222900e-01 -5.611024051904678345e-02 3.570846915245056152e-01 3.079779446125030518e-01 5.724495649337768555e-01 2.876770496368408203e-01 -2.862606644630432129e-01 -1.660122573375701904e-01 1.712869107723236084e-01 -1.382144093513488770e-01 -2.822849750518798828e-01
-5.952894091606140137e-01 -3.580743074417114258e-01 -4.400426521897315979e-02 -8.189403414726257324e-01 -2.165227830410003662e-01 8.366337418556213379e-02 -1.908724457025527954e-01 -4.302806854248046875e-01 -3.661921024322509766e-01 3.209831714630126953e-01 -5.184993147850036621e-01 2.617672979831695557e-01 3.229231834411621094e-01 6.780359148979187012e-01 5.387683510780334473e-01 -2.581990361213684082e-01 -2.048332244157791138e-01 -9.852501004934310913e-02 6.310761570930480957e-01 5.031097531318664551e-01 1.261703521013259888e-01 -4.821260645985603333e-02 3.597888350486755371e-01 4.551664888858795166e-01 3.987478613853454590e-01 -3.836726248264312744e-01 5.423731636255979538e-03 -2.706371843814849854e-01 3.714083135128021240e-01 -3.780846893787384033e-01 -9.934443980455398560e-02 2.500210106372833252e-01 4.925154149532318115e-01 5.522849559783935547e-01 -4.163565337657928467e-01 2.188112735748291016e-01 1.301334202289581299e-01 3.953513875603675842e-02 3.592271208763122559e-01 -2.075506299734115601e-01 -2.465253174304962158e-01 -3.022423014044761658e-02 3.874124288558959961e-01 -1.885915696620941162e-01 -9.223050624132156372e-02 5.543807744979858398e-01 7.926067709922790527e-01 -2.275654375553131104e-01 -5.113523006439208984e-01 3.916652202606201172e-01 -1.957961171865463257e-01 -9.929586946964263916e-02 -1.992372423410415649e-01 3.950423002243041992e-01 -2.097479999065399170e-01 3.608232140541076660e-01 2.524737715721130371e-01 5.826234817504882812e-01 2.979292869567871094e-01 -2.321223616600036621e-01 -2.319626063108444214e-01 9.877946972846984863e-02 -1.393502801656723022e-01 -3.009343743324279785e-01
-7.522921562194824219e-01 -5.046508312225341797e-01 -2.023606747388839722e-02 -9.725599884986877441e-01 -1.645688116550445557e-01 6.335145235061645508e-02 -2.641000747680664062e-01 -4.372321963310241699e-01 -3.415155708789825439e-01 4.633035957813262939e-01 -5.881649851799011230e-01 4.722261130809783936e-01 4.953542351722717285e-01 5.240362286567687988e-01 5.458303689956665039e-01 -4.945420101284980774e-02 -2.411468625068664551e-01 -1.202073991298675537e-01 6.780657172203063965e-01 3.777158856391906738e-01 2.419279068708419800e-01 -9.313967823982238770e-02 4.382872581481933594e-01 3.381995856761932373e-01 4.989702999591827393e-01 -5.076154470443725586e-01 -5.232037603855133057e-02 -2.630726099014282227e-01 4.187092483043670654e-01 -2.842172384262084961e-01 -2.078804671764373779e-01 2.207829058170318604e-01 5.681199431419372559e-01 5.046081542968750000e-01 -4.746495783329010010e-01 2.679908871650695801e-01 2.025173306465148926e-01 1.433093398809432983e-01 3.001424968242645264e-01 -2.264878749847412109e-01 -4.963227808475494385e-01 8.886614441871643066e-02 3.597235381603240967e-01 -1.322838962078094482e-01 1.935433596372604370e-02 5.414207577705383301e-01 8.549619913101196289e-01 -4.337078034877777100e-01 -4.205229878425598145e-01 3.428173065185546875e-01 -3.390638232231140137e-01 -1.383409202098846436e-01 -1.355498582124710083e-01 3.730680048465728760e-01 -3.646828234195709229e-03 3.007421791553497314e-01 3.376494348049163818e-01 5.733612775802612305e-01 2.237385511398315430e-01 -2.856635451316833496e-01 -1.405253410339355469e-01 2.587730288505554199e-01 -3.891655430197715759e-02 -3.951506018638610840e-01
-8.188233375549316406e-01 -5.403632521629333496e-01 9.455294907093048096e-02 -1.020871877670288086e+00 -1.882025599479675293e-01 5.935026705265045166e-02 -2.384416908025741577e-01 -3.482053279876708984e-01 -3.677593767642974854e-01 4.529218673706054688e-01 -5.592799782752990723e-01 5.109627842903137207e-01 5.203241705894470215e-01 5.270825028419494629e-01 4.973309040069580078e-01 -1.119613945484161377e-01 -1.942536830902099609e-01 -1.396046131849288940e-01 7.473584413528442383e-01 3.842323422431945801e-01 3.688702583312988281e-01 -1.987827569246292114e-01 4.877397418022155762e-01 3.147204220294952393e-01 4.904600083827972412e-01 -5.372865796089172363e-01 -1.008189320564270020e-01 -1.955629289150238037e-01 3.678523302078247070e-01 -3.100540935993194580e-01 -1.828471571207046509e-01 1.592480838298797607e-01 5.784043669700622559e-01 4.793333709239959717e-01 -4.200532138347625732e-01 2.105772495269775391e-01 1.975870728492736816e-01 2.180452793836593628e-01 3.322373032569885254e-01 -2.575120329856872559e-01 -5.720787644386291504e-01 1.237105801701545715e-01 3.972423672676086426e-01 -1.229718327522277832e-02 -5.408070981502532959e-03 4.828639030456542969e-01 7.940812110900878906e-01 -5.344774127006530762e-01 -3.678962290287017822e-01 3.800278306007385254e-01 -3.476682007312774658e-01 -7.848542928695678711e-02 -1.130191683769226074e-01 3.546368479728698730e-01 -6.434492766857147217e-03 1.990106999874114990e-01 4.157080352306365967e-01 5.991020798683166504e-01 2.516168355941772461e-01 -2.164710909128189087e-01 -1.531504243612289429e-01 3.885911107063293457e-01 3.186024725437164307e-02 -4.512470960617065430e-01
-5.652878284454345703e-01 -5.720254778861999512e-01 -3.305733948945999146e-02 -8.591246008872985840e-01 -2.191658318042755127e-01 1.555167511105537415e-02 -1.422135382890701294e-01 -3.676513433456420898e-01 -3.649556040763854980e-01 3.949983119964599609e-01 -4.964310824871063232e-01 3.946792781352996826e-01 2.975789606571197510e-01 5.468308925628662109e-01 4.532941579818725586e-01 -1.206347718834877014e-01 -1.512012183666229248e-01 -1.105734109878540039e-01 6.193170547485351562e-01 3.600697219371795654e-01 2.062251567840576172e-01 -7.906865328550338745e-03 3.986625075340270996e-01 3.982821404933929443e-01 3.181779384613037109e-01 -4.814516901969909668e-01 -7.808806747198104858e-02 -2.401331961154937744e-01 4.878358542919158936e-01 -1.550172716379165649e-01 -1.876380890607833862e-01 2.334479391574859619e-01 5.377194881439208984e-01 4.597947299480438232e-01 -3.383737206459045410e-01 2.878317236900329590e-01 3.183489441871643066e-01 7.468905299901962280e-02 2.816002964973449707e-01 -2.565290629863739014e-01 -3.294468224048614502e-01 -5.405870079994201660e-02 3.169651627540588379e-01 -1.140564978122711182e-01 -1.032396107912063599e-01 4.983398318290710449e-01 8.317508101463317871e-01 -1.539224684238433838e-01 -5.116161108016967773e-01 2.809531092643737793e-01 -2.445660531520843506e-01 -1.497769355773925781e-01 -1.014395803213119507e-01 3.866716027259826660e-01 -1.007305905222892761e-01 3.424798846244812012e-01 3.953710496425628662e-01 5.526029467582702637e-01 1.514807194471359253e-01 -3.249720931053161621e-01 -1.315824538469314575e-01 2.006141543388366699e-01 -1.727521792054176331e-02 -2.424260973930358887e-01
-6.471202373504638672e-01 -6.588687896728515625e-01 1.635363698005676270e-02 -9.717320203781127930e-01 -1.917075961828231812e-01 -2.224744111299514771e-02 -1.664406508207321167e-01 -3.648802042007446289e-01 -3.057017922401428223e-01 4.471149444580078125e-01 -5.027382969856262207e-01 4.802188277244567871e-01 3.037064373493194580e-01 5.760020017623901367e-01 4.192443490028381348e-01 1.949093863368034363e-02 -8.373064547777175903e-02 -1.470118463039398193e-01 6.155001521110534668e-01 2.984443604946136475e-01 2.980162799358367920e-01 -9.441758692264556885e-02 4.034773707389831543e-01 2.828554511070251465e-01 3.742232024669647217e-01 -5.457442402839660645e-01 -1.006368473172187805e-01 -1.855639219284057617e-01 4.149434864521026611e-01 -6.222104653716087341e-02 -1.832500100135803223e-01 2.162482142448425293e-01 5.377807021141052246e-01 3.270951807498931885e-01 -3.986668884754180908e-01 3.156149983406066895e-01 3.566190004348754883e-01 9.257344156503677368e-02 2.863790392875671387e-01 -3.132924437522888184e-01 -3.783804476261138916e-01 -1.746287755668163300e-02 2.999825775623321533e-01 -2.509906888008117676e-02 -4.151280224323272705e-02 4.361838698387145996e-01 8.410349488258361816e-01 -3.028079569339752197e-01 -4.995898008346557617e-01 1.929910629987716675e-01 -3.202061951160430908e-01 -1.804728060960769653e-01 -3.740246221423149109e-02 4.039601385593414307e-01 -5.062430351972579956e-02 1.988838613033294678e-01 5.126946568489074707e-01 5.383052825927734375e-01 8.531659096479415894e-02 -3.142525553703308105e-01 -4.801622405648231506e-02 2.962833940982818604e-01 1.195925101637840271e-01 -2.429760396480560303e-01
-7.827011346817016602e-01 -7.149890661239624023e-01 5.851228237152099609e-01 -9.182979464530944824e-01 -4.049012809991836548e-02 -5.418751388788223267e-03 -2.919700741767883301e-01 -1.313020884990692139e-01 -5.624715685844421387e-01 6.374131441116333008e-01 -4.369392693042755127e-01 6.169588565826416016e-01 5.808006525039672852e-01 6.259911656379699707e-01 3.642178177833557129e-01 4.673559684306383133e-03 2.373410165309906006e-01 -3.755945339798927307e-02 6.540804505348205566e-01 2.213102877140045166e-01 7.131800651550292969e-01 -1.559219807386398315e-01 4.019169211387634277e-01 -2.654840052127838135e-02 3.368053734302520752e-01 -6.455573439598083496e-01 -3.290380537509918213e-01 -6.176789104938507080e-02 9.118805080652236938e-02 -8.998118340969085693e-02 -2.455505430698394775e-01 1.559661328792572021e-02 6.786570549011230469e-01 4.516185224056243896e-01 -4.620628058910369873e-01 -3.772157430648803711e-02 3.804081082344055176e-01 6.319606900215148926e-01 3.466523587703704834e-01 -2.422658205032348633e-01 -8.727971315383911133e-01 2.663588523864746094e-01 1.790518760681152344e-01 1.764650344848632812e-01 -1.950863897800445557e-01 4.803879857063293457e-01 7.283089756965637207e-01 -9.009703397750854492e-01 -1.849263608455657959e-01 2.940924167633056641e-01 -3.009822666645050049e-01 1.565050184726715088e-01 -8.823287487030029297e-02 2.710894942283630371e-01 2.627978920936584473e-01 -1.813465058803558350e-01 3.919211030006408691e-01 4.835869073867797852e-01 5.488573908805847168e-01 -1.185310930013656616e-01 8.511664718389511108e-02 7.464125156402587891e-01 2.089763879776000977e-01 -3.800680637359619141e-01
-7.634027004241943359e-01 -6.878111958503723145e-01 4.151062071323394775e-01 -9.440564513206481934e-01 -4.289916157722473145e-02 2.145051211118698120e-02 -3.253138065338134766e-01 -2.440101802349090576e-01 -5.097370147705078125e-01 5.838776230812072754e-01 -4.767764210700988770e-01 6.094258427619934082e-01 5.387629270553588867e-01 6.532880067825317383e-01 4.332135915756225586e-01 -2.555746212601661682e-02 1.268328428268432617e-01 -8.354172110557556152e-02 6.773239374160766602e-01 2.534458935260772705e-01 5.173558592796325684e-01 -1.191026419401168823e-01 3.816166520118713379e-01 6.717028468847274780e-02 3.688654005527496338e-01 -6.511561274528503418e-01 -2.674667835235595703e-01 -1.353167295455932617e-01 1.912841200828552246e-01 -9.764453768730163574e-02 -2.604674994945526123e-01 1.240582317113876343e-01 6.399506926536560059e-01 4.532680809497833252e-01 -5.243700742721557617e-01 6.494951248168945312e-02 3.412794470787048340e-01 4.659177362918853760e-01 3.275914788246154785e-01 -2.304815948009490967e-01 -7.011402249336242676e-01 2.007048726081848145e-01 2.015043199062347412e-01 9.900934994220733643e-02 -1.122343614697456360e-01 5.427308678627014160e-01 7.658020257949829102e-01 -7.385543584823608398e-01 -2.753285765647888184e-01 3.250399827957153320e-01 -3.040764927864074707e-01 9.241616353392601013e-04 -1.257802695035934448e-01 3.704402744770050049e-01 1.868722885847091675e-01 -3.180167078971862793e-02 4.002077877521514893e-01 5.283820629119873047e-01 4.485503435134887695e-01 -2.042743861675262451e-01 7.432370632886886597e-02 6.216877698898315430e-01 1.158848628401756287e-01 -4.105574488639831543e-01
-7.466599345207214355e-01 -3.328478336334228516e-01 -2.946174442768096924e-01 -9.452162384986877441e-01 -1.597916483879089355e-01 9.055344760417938232e-02 -2.600464820861816406e-01 -5.973853468894958496e-01 -1.742497086524963379e-01 3.445621728897094727e-01 -6.969541907310485840e-01 3.364982306957244873e-01 4.730277657508850098e-01 4.449014067649841309e-01 6.314439177513122559e-01 -9.257387369871139526e-02 -4.968907833099365234e-01 -1.383193731307983398e-01 6.311168074607849121e-01 4.537604749202728271e-01 1.104547157883644104e-01 -6.428398191928863525e-02 3.847416043281555176e-01 4.707697331905364990e-01 6.205086112022399902e-01 -4.556748270988464355e-01 1.476245820522308350e-01 -2.965305745601654053e-01 4.807436764240264893e-01 -4.038008451461791992e-01 -1.474870592355728149e-01 3.070741295814514160e-01 5.557286739349365234e-01 4.820196330547332764e-01 -5.219219923019409180e-01 3.745870590209960938e-01 8.943109959363937378e-02 -6.966970860958099365e-02 2.412782013416290283e-01 -1.762758791446685791e-01 -3.236445486545562744e-01 2.261518500745296478e-02 4.353986084461212158e-01 -3.362780213356018066e-01 1.050447523593902588e-01 5.469821691513061523e-01 9.032102227210998535e-01 -2.773406505584716797e-01 -4.553311169147491455e-01 3.181262016296386719e-01 -3.300027549266815186e-01 -2.184627503156661987e-01 -1.067175120115280151e-01 3.578690886497497559e-01 -1.457751244306564331e-01 4.776102900505065918e-01 2.312991023063659668e-01 6.015309691429138184e-01 5.740526318550109863e-02 -2.797896265983581543e-01 -2.723054289817810059e-01 1.889877021312713623e-02 -8.632218837738037109e-02 -3.835035264492034912e-01
-3.946530818939208984e-01 -5.170491933822631836e-01 -9.873074293136596680e-02 -7.479245066642761230e-01 -2.503555715084075928e-01 -1.270896196365356445e-02 -9.761761128902435303e-02 -3.418245315551757812e-01 -3.915497958660125732e-01 2.977609336376190186e-01 -4.059472680091857910e-01 2.880269289016723633e-01 1.709142327308654785e-01 6.010899543762207031e-01 4.127919077873229980e-01 -2.163648009300231934e-01 -1.093840822577476501e-01 -1.111241430044174194e-01 5.404719710350036621e-01 3.644339144229888916e-01 1.289081275463104248e-01 7.013518363237380981e-02 3.675152063369750977e-01 4.525258243083953857e-01 2.239867597818374634e-01 -4.431059360504150391e-01 -7.563673704862594604e-02 -2.414593547582626343e-01 5.380225181579589844e-01 -1.255904734134674072e-01 -1.368522047996520996e-01 2.882145047187805176e-01 5.056008100509643555e-01 4.530658423900604248e-01 -2.448131442070007324e-01 2.759650349617004395e-01 3.228149116039276123e-01 1.848283037543296814e-02 2.750629186630249023e-01 -2.368308305740356445e-01 -2.235787808895111084e-01 -1.306445449590682983e-01 3.065345287322998047e-01 -1.736864745616912842e-01 -1.449738144874572754e-01 4.852981567382812500e-01 8.059428930282592773e-01 2.563435584306716919e-02 -6.183105707168579102e-01 2.754714488983154297e-01 -2.216403931379318237e-01 -1.677686572074890137e-01 -1.039720028638839722e-01 4.265828132629394531e-01 -1.599342823028564453e-01 4.099222421646118164e-01 3.663101494312286377e-01 4.952974319458007812e-01 1.668296307325363159e-01 -3.294572234153747559e-01 -1.749193817377090454e-01 8.320713043212890625e-02 -5.731424689292907715e-02 -1.638746559619903564e-01
-7.648512125015258789e-01 -6.887004971504211426e-01 3.510242700576782227e-01 -9.760296940803527832e-01 -7.362531125545501709e-02 1.477525383234024048e-02 -3.210194706916809082e-01 -2.510811090469360352e-01 -5.138044953346252441e-01 5.835483670234680176e-01 -5.036466121673583984e-01 5.987511873245239258e-01 5.324718952178955078e-01 6.220405697822570801e-01 4.521535634994506836e-01 2.413947600871324539e-03 8.956425637006759644e-02 -7.531861960887908936e-02 6.836434006690979004e-01 2.652841806411743164e-01 5.015071034431457520e-01 -1.083294898271560669e-01 4.205425381660461426e-01 9.696655720472335815e-02 4.027965962886810303e-01 -6.437285542488098145e-01 -2.422628253698348999e-01 -1.632441878318786621e-01 1.770723760128021240e-01 -1.516686975955963135e-01 -2.698852717876434326e-01 1.199480444192886353e-01 6.288514733314514160e-01 4.822783172130584717e-01 -5.020616054534912109e-01 7.337918132543563843e-02 3.270970284938812256e-01 4.799766242504119873e-01 3.477584123611450195e-01 -2.378218173980712891e-01 -7.372007369995117188e-01 2.048350870609283447e-01 2.204205393791198730e-01 7.147343456745147705e-02 -8.128140866756439209e-02 5.648183226585388184e-01 7.883381843566894531e-01 -7.700259089469909668e-01 -2.821324467658996582e-01 3.102462291717529297e-01 -3.085601031780242920e-01 2.517000585794448853e-02 -1.302078366279602051e-01 3.628456294536590576e-01 2.056847363710403442e-01 -8.492082357406616211e-03 3.749334514141082764e-01 5.181697607040405273e-01 4.631516635417938232e-01 -1.883696913719177246e-01 7.481805235147476196e-02 5.724645853042602539e-01 9.741218388080596924e-02 -4.109115898609161377e-01
-5.735102295875549316e-01 -4.087378680706024170e-01 -1.000988110899925232e-02 -8.412743210792541504e-01 -2.130027711391448975e-01 7.846003770828247070e-02 -1.906557530164718628e-01 -3.839402198791503906e-01 -4.062096476554870605e-01 3.874943256378173828e-01 -5.263256430625915527e-01 3.392759859561920166e-01 3.789378404617309570e-01 5.979442596435546875e-01 5.076149106025695801e-01 -2.319531440734863281e-01 -1.914698481559753418e-01 -7.858081907033920288e-02 6.224765777587890625e-01 4.225342869758605957e-01 1.702511310577392578e-01 3.083064034581184387e-02 4.005471467971801758e-01 4.354112744331359863e-01 3.974532485008239746e-01 -4.443852603435516357e-01 -6.166032701730728149e-02 -2.774676084518432617e-01 4.347429275512695312e-01 -3.118665814399719238e-01 -1.811578124761581421e-01 2.699470520019531250e-01 5.269429087638854980e-01 5.554045438766479492e-01 -3.815158307552337646e-01 2.198648154735565186e-01 2.214768230915069580e-01 1.043171584606170654e-01 3.656470179557800293e-01 -2.063026130199432373e-01 -3.272843062877655029e-01 7.657317444682121277e-03 2.887848913669586182e-01 -1.948511898517608643e-01 -1.061194539070129395e-01 5.682699680328369141e-01 8.524401187896728516e-01 -2.272048294544219971e-01 -4.776599705219268799e-01 3.622344136238098145e-01 -2.306904494762420654e-01 -1.180391311645507812e-01 -1.611140966415405273e-01 3.596547544002532959e-01 -4.649483412504196167e-02 3.694247007369995117e-01 2.615886628627777100e-01 5.655550360679626465e-01 3.081984817981719971e-01 -3.002863228321075439e-01 -2.332756817340850830e-01 1.455898284912109375e-01 -1.562575697898864746e-01 -2.930515408515930176e-01
-7.574189901351928711e-01 -7.311025857925415039e-01 5.910081863403320312e-01 -9.122501611709594727e-01 -3.017351776361465454e-02 -1.420491933822631836e-02 -3.249629735946655273e-01 -1.315972208976745605e-01 -5.781854987144470215e-01 6.370999813079833984e-01 -4.167210757732391357e-01 6.186911463737487793e-01 5.801519751548767090e-01 6.435561180114746094e-01 3.580768108367919922e-01 2.309170737862586975e-02 2.405631840229034424e-01 -3.807448595762252808e-02 6.632655858993530273e-01 2.160542011260986328e-01 7.053163051605224609e-01 -1.433005034923553467e-01 3.971689343452453613e-01 -4.003765434026718140e-02 3.366431295871734619e-01 -6.418688297271728516e-01 -3.394925594329833984e-01 -7.499565929174423218e-02 9.460210055112838745e-02 -7.007004320621490479e-02 -2.655430138111114502e-01 3.069584816694259644e-02 6.771167516708374023e-01 4.489689767360687256e-01 -4.758811295032501221e-01 -2.958992123603820801e-02 4.053395092487335205e-01 6.262506246566772461e-01 3.570630550384521484e-01 -2.384079694747924805e-01 -8.741141557693481445e-01 2.712117433547973633e-01 1.640226840972900391e-01 1.807900369167327881e-01 -2.244569659233093262e-01 4.955161809921264648e-01 7.304205298423767090e-01 -8.859810829162597656e-01 -1.800467818975448608e-01 3.013025522232055664e-01 -3.057369589805603027e-01 1.398157477378845215e-01 -5.237626656889915466e-02 2.807545065879821777e-01 2.900575995445251465e-01 -1.701264381408691406e-01 3.896863162517547607e-01 4.754152297973632812e-01 5.501893162727355957e-01 -1.338853240013122559e-01 1.209642663598060608e-01 7.338662743568420410e-01 1.964772492647171021e-01 -3.752149343490600586e-01
-8.090751171112060547e-01 -5.780026316642761230e-01 1.811582446098327637e-01 -1.016052365303039551e+00 -1.009324640035629272e-01 6.606070697307586670e-02 -3.146687150001525879e-01 -3.680890202522277832e-01 -4.235319495201110840e-01 5.494872927665710449e-01 -5.859061479568481445e-01 5.367241501808166504e-01 5.477781891822814941e-01 5.750495791435241699e-01 5.083829760551452637e-01 -3.349016234278678894e-02 -1.203956678509712219e-01 -7.728675007820129395e-02 6.957659721374511719e-01 3.309600949287414551e-01 3.692771792411804199e-01 -1.345693320035934448e-01 4.467957615852355957e-01 2.421393990516662598e-01 5.064629316329956055e-01 -6.072566509246826172e-01 -1.382597982883453369e-01 -2.335617840290069580e-01 2.748622596263885498e-01 -2.448408305644989014e-01 -2.365475594997406006e-01 2.047697901725769043e-01 5.958227515220642090e-01 5.087926387786865234e-01 -5.234872102737426758e-01 1.698793172836303711e-01 2.386063933372497559e-01 3.072918951511383057e-01 3.579347133636474609e-01 -2.545110285282135010e-01 -6.180605888366699219e-01 1.699546575546264648e-01 2.838486135005950928e-01 -4.047809541225433350e-02 -7.900074124336242676e-03 5.639110207557678223e-01 8.339546322822570801e-01 -6.443380713462829590e-01 -3.374464809894561768e-01 3.543827533721923828e-01 -3.020749092102050781e-01 -6.248889863491058350e-02 -1.536695212125778198e-01 3.724000453948974609e-01 9.935452044010162354e-02 1.457487791776657104e-01 3.611242175102233887e-01 5.750389695167541504e-01 3.592566549777984619e-01 -2.219456434249877930e-01 -6.328001618385314941e-02 4.316968321800231934e-01 6.862686015665531158e-03 -4.448748528957366943e-01
-6.663415431976318359e-01 -6.141197085380554199e-01 6.930835545063018799e-03 -9.429107308387756348e-01 -1.911150515079498291e-01 2.842351049184799194e-02 -1.927378028631210327e-01 -3.677548766136169434e-01 -3.518817126750946045e-01 4.190914332866668701e-01 -5.425757169723510742e-01 4.992273449897766113e-01 3.445198535919189453e-01 5.335701704025268555e-01 4.773156642913818359e-01 -1.406342163681983948e-02 -1.395072340965270996e-01 -1.556638628244400024e-01 6.296921968460083008e-01 2.902311086654663086e-01 2.401147037744522095e-01 -6.609290838241577148e-02 4.039231538772583008e-01 2.992520928382873535e-01 3.676187098026275635e-01 -5.574335455894470215e-01 -7.727285474538803101e-02 -2.193529903888702393e-01 4.266524016857147217e-01 -1.429021805524826050e-01 -1.965637952089309692e-01 2.423697412014007568e-01 5.964978337287902832e-01 4.191369712352752686e-01 -4.082677066326141357e-01 2.867919802665710449e-01 3.357124626636505127e-01 1.421965211629867554e-01 2.551806867122650146e-01 -2.688145637512207031e-01 -4.777924716472625732e-01 5.089309066534042358e-02 3.641197383403778076e-01 -5.925241112709045410e-02 5.019202828407287598e-03 5.280491113662719727e-01 8.656546473503112793e-01 -3.380331993103027344e-01 -4.463309943675994873e-01 2.730775475502014160e-01 -3.005346059799194336e-01 -1.545141637325286865e-01 -1.135929673910140991e-01 4.258405864238739014e-01 1.418925821781158447e-03 2.716269493103027344e-01 4.331484138965606689e-01 5.266108512878417969e-01 1.417186260223388672e-01 -3.284997344017028809e-01 -3.392087295651435852e-02 2.837564945220947266e-01 7.257855683565139771e-02 -2.806123197078704834e-01
-7.826130390167236328e-01 -6.482504606246948242e-01 2.956708371639251709e-01 -9.611829519271850586e-01 -7.932798564434051514e-02 3.511754050850868225e-02 -3.283565044403076172e-01 -2.773486971855163574e-01 -4.961514472961425781e-01 5.721634626388549805e-01 -5.282044410705566406e-01 6.150608062744140625e-01 5.415801405906677246e-01 6.124752163887023926e-01 4.818874001502990723e-01 -7.735330145806074142e-03 3.085710853338241577e-02 -1.065597608685493469e-01 6.916071772575378418e-01 2.777412533760070801e-01 4.441351592540740967e-01 -1.056014150381088257e-01 3.830153346061706543e-01 1.286801099777221680e-01 4.441848397254943848e-01 -6.113542318344116211e-01 -2.050992250442504883e-01 -2.065697610378265381e-01 2.170252650976181030e-01 -1.796101331710815430e-01 -2.628121674060821533e-01 1.515566110610961914e-01 6.481050848960876465e-01 4.783539474010467529e-01 -5.242356061935424805e-01 1.182008236646652222e-01 2.928924858570098877e-01 4.354906380176544189e-01 3.224874436855316162e-01 -2.190860211849212646e-01 -6.997615098953247070e-01 2.017023712396621704e-01 2.541204392910003662e-01 5.316978693008422852e-02 -4.355482757091522217e-02 5.629695057868957520e-01 8.192729353904724121e-01 -7.043244242668151855e-01 -2.907387316226959229e-01 3.386072516441345215e-01 -3.045004010200500488e-01 -3.549000248312950134e-02 -1.473126113414764404e-01 3.756286501884460449e-01 1.710065156221389771e-01 5.665968358516693115e-02 3.636204302310943604e-01 5.414633750915527344e-01 4.330171644687652588e-01 -2.343064993619918823e-01 7.447151094675064087e-02 5.293789505958557129e-01 5.645946785807609558e-02 -4.238534867763519287e-01
-7.415463328361511230e-01 -5.528666973114013672e-01 7.742747664451599121e-02 -9.551362395286560059e-01 -1.195128709077835083e-01 6.008709222078323364e-02 -2.665908932685852051e-01 -4.099060297012329102e-01 -3.810620605945587158e-01 4.852867424488067627e-01 -5.590475201606750488e-01 5.078354477882385254e-01 4.511069655418395996e-01 5.934405922889709473e-01 5.113982558250427246e-01 -7.578165829181671143e-02 -1.242989450693130493e-01 -9.541338682174682617e-02 6.780114769935607910e-01 3.840166032314300537e-01 2.714903354644775391e-01 -1.169172227382659912e-01 4.223902821540832520e-01 3.012116551399230957e-01 4.533508718013763428e-01 -5.914290547370910645e-01 -9.957133233547210693e-02 -2.178899645805358887e-01 3.769391775131225586e-01 -2.197838425636291504e-01 -1.788243353366851807e-01 2.364644706249237061e-01 5.810552239418029785e-01 4.905878007411956787e-01 -4.748680293560028076e-01 2.052266299724578857e-01 2.569974660873413086e-01 2.125565111637115479e-01 3.091781139373779297e-01 -2.517417073249816895e-01 -5.279244184494018555e-01 8.499371260404586792e-02 3.363026678562164307e-01 -6.243047118186950684e-02 -1.827980577945709229e-02 5.595014095306396484e-01 8.140183091163635254e-01 -4.737192690372467041e-01 -3.779720067977905273e-01 3.770843744277954102e-01 -2.956093251705169678e-01 -8.806804567575454712e-02 -1.543821543455123901e-01 4.042562544345855713e-01 1.114626228809356689e-02 2.470907866954803467e-01 3.814005553722381592e-01 5.780196785926818848e-01 2.836417853832244873e-01 -2.475940138101577759e-01 -1.047028303146362305e-01 3.376101851463317871e-01 -2.627040259540081024e-03 -3.979224264621734619e-01
-7.825108170509338379e-01 -5.580143928527832031e-01 8.156357705593109131e-02 -9.976035952568054199e-01 -1.419255286455154419e-01 5.997160077095031738e-02 -2.848407626152038574e-01 -4.095472097396850586e-01 -3.771961629390716553e-01 5.010711550712585449e-01 -5.734975934028625488e-01 5.217925906181335449e-01 4.926654696464538574e-01 5.757868885993957520e-01 5.224176049232482910e-01 -2.279137447476387024e-02 -1.499772965908050537e-01 -1.141939163208007812e-01 6.791610121726989746e-01 3.353495299816131592e-01 3.113958835601806641e-01 -1.012309193611145020e-01 4.368128180503845215e-01 2.907091975212097168e-01 4.817058145999908447e-01 -5.792956352233886719e-01 -9.469042718410491943e-02 -2.122237086296081543e-01 3.404906094074249268e-01 -2.390421628952026367e-01 -2.185240983963012695e-01 2.198545634746551514e-01 5.884363055229187012e-01 4.804989993572235107e-01 -4.937876760959625244e-01 2.266822159290313721e-01 2.493830621242523193e-01 2.243846356868743896e-01 3.227206468582153320e-01 -2.512910962104797363e-01 -5.613948106765747070e-01 1.088160499930381775e-01 3.163835704326629639e-01 -5.318582057952880859e-02 8.399978280067443848e-03 5.546517968177795410e-01 8.511264324188232422e-01 -5.377318859100341797e-01 -3.713811039924621582e-01 3.211190104484558105e-01 -3.244594931602478027e-01 -9.181569516658782959e-02 -1.265102475881576538e-01 3.773548007011413574e-01 3.986611962318420410e-02 1.965433657169342041e-01 3.689765036106109619e-01 5.743348598480224609e-01 2.715992331504821777e-01 -2.590735554695129395e-01 -8.030145615339279175e-02 3.459466397762298584e-01 1.418651733547449112e-02 -4.044122099876403809e-01
-6.930475831031799316e-01 -4.602108895778656006e-01 -5.963783711194992065e-02 -9.280529022216796875e-01 -1.835728883743286133e-01 6.277254968881607056e-02 -2.271683067083358765e-01 -4.335501194000244141e-01 -3.284864723682403564e-01 4.224038422107696533e-01 -5.707737803459167480e-01 4.046032726764678955e-01 4.384613037109375000e-01 5.321774482727050781e-01 5.366852879524230957e-01 -1.309516876935958862e-01 -2.561649084091186523e-01 -1.132080107927322388e-01 6.683166623115539551e-01 4.227647483348846436e-01 2.028478533029556274e-01 -6.909485161304473877e-02 4.337628483772277832e-01 4.058673381805419922e-01 4.735913872718811035e-01 -4.929991960525512695e-01 -3.502739593386650085e-02 -2.530084848403930664e-01 4.574189782142639160e-01 -3.052344620227813721e-01 -1.906819939613342285e-01 2.377922981977462769e-01 5.388746857643127441e-01 5.226365327835083008e-01 -4.381819665431976318e-01 2.719988822937011719e-01 1.998091638088226318e-01 9.258043766021728516e-02 3.086752295494079590e-01 -2.263564765453338623e-01 -3.995701968669891357e-01 3.061974234879016876e-02 3.523150682449340820e-01 -1.679498553276062012e-01 -2.455341070890426636e-02 5.422172546386718750e-01 8.369581103324890137e-01 -3.194067180156707764e-01 -4.449288249015808105e-01 3.636727333068847656e-01 -2.935054302215576172e-01 -1.336607784032821655e-01 -1.298509091138839722e-01 3.660476505756378174e-01 -6.599010527133941650e-02 3.553848862648010254e-01 3.306807875633239746e-01 6.012626290321350098e-01 2.193122059106826782e-01 -2.672137916088104248e-01 -2.143339961767196655e-01 1.969123482704162598e-01 -7.915068417787551880e-02 -3.652425408363342285e-01
-7.594096064567565918e-01 -7.173212170600891113e-01 4.791550040245056152e-01 -9.327924847602844238e-01 -2.791046351194381714e-02 1.345430687069892883e-02 -3.232799172401428223e-01 -2.117199748754501343e-01 -5.280008316040039062e-01 6.071385145187377930e-01 -4.676397442817687988e-01 6.247197389602661133e-01 5.572920441627502441e-01 6.351847052574157715e-01 4.094767570495605469e-01 3.012347593903541565e-02 1.870370656251907349e-01 -6.778898090124130249e-02 6.408140063285827637e-01 1.997542083263397217e-01 5.865915417671203613e-01 -1.041342765092849731e-01 3.860488533973693848e-01 -2.951845526695251465e-03 3.491707146167755127e-01 -6.651620864868164062e-01 -2.952467799186706543e-01 -1.047205254435539246e-01 1.198846101760864258e-01 -7.378417253494262695e-02 -2.761979401111602783e-01 7.999784499406814575e-02 6.593922972679138184e-01 4.496211111545562744e-01 -5.133115053176879883e-01 2.751594781875610352e-02 3.792199790477752686e-01 5.542691946029663086e-01 3.265032768249511719e-01 -2.242850065231323242e-01 -7.927473783493041992e-01 2.355124354362487793e-01 1.696406602859497070e-01 1.335302889347076416e-01 -1.181504204869270325e-01 5.437242984771728516e-01 7.536481022834777832e-01 -8.394604921340942383e-01 -2.352612316608428955e-01 2.765217423439025879e-01 -3.192318677902221680e-01 6.175060942769050598e-02 -1.178336590528488159e-01 3.356147408485412598e-01 2.614837884902954102e-01 -1.119267046451568604e-01 3.785286247730255127e-01 4.780488610267639160e-01 4.885643124580383301e-01 -1.829584836959838867e-01 1.181851625442504883e-01 6.781784296035766602e-01 1.734701395034790039e-01 -3.835838735103607178e-01
-4.156938493251800537e-01 -4.962003231048583984e-01 -1.024667024612426758e-01 -7.596888542175292969e-01 -2.554053962230682373e-01 1.195082999765872955e-02 -1.046642214059829712e-01 -3.742769956588745117e-01 -4.124753475189208984e-01 2.879208922386169434e-01 -4.261622726917266846e-01 2.728260159492492676e-01 2.020114660263061523e-01 5.856735110282897949e-01 4.206593632698059082e-01 -2.284791767597198486e-01 -1.453787088394165039e-01 -9.432344883680343628e-02 5.419601798057556152e-01 3.703581690788269043e-01 1.418834328651428223e-01 6.520327925682067871e-02 4.014374613761901855e-01 4.939937293529510498e-01 2.403550297021865845e-01 -4.599886536598205566e-01 -5.782189965248107910e-02 -2.567222118377685547e-01 5.313816666603088379e-01 -1.714892983436584473e-01 -1.217038556933403015e-01 3.005216419696807861e-01 5.187835693359375000e-01 4.841819107532501221e-01 -2.228342294692993164e-01 2.596369385719299316e-01 2.985812127590179443e-01 3.305370733141899109e-02 2.942536771297454834e-01 -2.383244633674621582e-01 -2.781275212764739990e-01 -1.158072873950004578e-01 3.169457614421844482e-01 -1.809082925319671631e-01 -1.327666938304901123e-01 4.967312812805175781e-01 8.120552301406860352e-01 -2.217704802751541138e-02 -5.975438356399536133e-01 3.007568120956420898e-01 -2.319432497024536133e-01 -1.236948370933532715e-01 -1.145019382238388062e-01 4.163505434989929199e-01 -1.379610002040863037e-01 4.171254336833953857e-01 3.284237384796142578e-01 4.795063734054565430e-01 2.055169641971588135e-01 -3.205105960369110107e-01 -2.094356566667556763e-01 8.286966383457183838e-02 -6.766874343156814575e-02 -1.921446919441223145e-01
-7.851417660713195801e-01 -7.053709626197814941e-01 5.960938930511474609e-01 -9.161197543144226074e-01 -1.595369726419448853e-02 -1.389903575181961060e-02 -3.076589703559875488e-01 -1.362134814262390137e-01 -5.548949241638183594e-01 6.490439772605895996e-01 -4.461598098278045654e-01 6.178707480430603027e-01 5.901719927787780762e-01 6.407749652862548828e-01 3.756616711616516113e-01 2.481404319405555725e-02 2.476726174354553223e-01 -3.771481662988662720e-02 6.448135972023010254e-01 2.385029941797256470e-01 7.105259895324707031e-01 -1.700878739356994629e-01 4.042153358459472656e-01 -4.916192591190338135e-02 3.449714481830596924e-01 -6.518874168395996094e-01 -3.317605555057525635e-01 -5.147628486156463623e-02 9.853599965572357178e-02 -9.399886429309844971e-02 -2.347847223281860352e-01 2.155724167823791504e-02 6.890050768852233887e-01 4.545085728168487549e-01 -4.793755710124969482e-01 -3.820046782493591309e-02 3.842651247978210449e-01 6.337912082672119141e-01 3.282057642936706543e-01 -2.435841262340545654e-01 -8.831665515899658203e-01 2.806474268436431885e-01 1.932570636272430420e-01 1.722723096609115601e-01 -1.962380409240722656e-01 4.854074716567993164e-01 7.238162755966186523e-01 -9.182515144348144531e-01 -1.755418777465820312e-01 3.052268028259277344e-01 -3.029560148715972900e-01 1.635572463274002075e-01 -8.170239627361297607e-02 2.691036760807037354e-01 2.703871726989746094e-01 -1.905947029590606689e-01 4.068382978439331055e-01 4.872094988822937012e-01 5.466312170028686523e-01 -1.033301502466201782e-01 8.684956282377243042e-02 7.550155520439147949e-01 2.126034945249557495e-01 -3.813163638114929199e-01
-5.939911007881164551e-01 -5.227768421173095703e-01 1.255455613136291504e-02 -8.270869255065917969e-01 -1.330753415822982788e-01 7.877688109874725342e-02 -2.246410995721817017e-01 -3.628807067871093750e-01 -4.488437473773956299e-01 5.153552889823913574e-01 -5.375289320945739746e-01 4.308473169803619385e-01 3.756593465805053711e-01 5.818235278129577637e-01 5.161304473876953125e-01 -1.077029407024383545e-01 -1.195371448993682861e-01 -9.070754796266555786e-02 6.558536887168884277e-01 3.941186368465423584e-01 1.824024170637130737e-01 4.823487997055053711e-02 3.787287473678588867e-01 3.387705981731414795e-01 4.038589000701904297e-01 -4.638693034648895264e-01 -1.208263710141181946e-01 -3.062702417373657227e-01 4.269176423549652100e-01 -2.555439472198486328e-01 -1.856504678726196289e-01 2.562451958656311035e-01 5.349073410034179688e-01 5.527824163436889648e-01 -4.470332562923431396e-01 1.928418874740600586e-01 2.554419040679931641e-01 2.097400128841400146e-01 3.502699434757232666e-01 -2.039454579353332520e-01 -4.079676270484924316e-01 4.776213318109512329e-02 2.640446424484252930e-01 -1.442307829856872559e-01 -1.119323968887329102e-01 5.927734971046447754e-01 8.548777699470520020e-01 -2.729408740997314453e-01 -4.264196455478668213e-01 3.783269524574279785e-01 -2.183984816074371338e-01 -9.811771661043167114e-02 -1.707731336355209351e-01 3.544034957885742188e-01 4.718510806560516357e-02 3.178980946540832520e-01 2.627118229866027832e-01 5.860649943351745605e-01 3.400900959968566895e-01 -3.206087350845336914e-01 -8.549878001213073730e-02 2.182244956493377686e-01 -1.412173956632614136e-01 -3.304617106914520264e-01
-5.169227123260498047e-01 -4.896878600120544434e-01 3.296241909265518188e-02 -9.920961260795593262e-01 -2.937838435173034668e-01 4.646673426032066345e-02 -1.542115062475204468e-01 -1.315763890743255615e-01 -4.280146360397338867e-01 4.165329635143280029e-01 -4.659679532051086426e-01 3.621724843978881836e-01 4.786038994789123535e-01 4.007403254508972168e-01 4.434789419174194336e-01 -2.365693598985671997e-01 -2.481551021337509155e-01 -1.107931062579154968e-01 6.556678414344787598e-01 2.781819105148315430e-01 2.753319144248962402e-01 1.576247662305831909e-01 4.646523594856262207e-01 4.639293551445007324e-01 4.750758409500122070e-01 -3.178620040416717529e-01 -6.745354831218719482e-02 -4.038943648338317871e-01 3.684017956256866455e-01 -3.958167731761932373e-01 -3.791094720363616943e-01 2.363201826810836792e-01 4.113769233226776123e-01 6.316902637481689453e-01 -2.786934673786163330e-01 1.544846892356872559e-01 1.593811810016632080e-01 2.675229012966156006e-01 5.671340227127075195e-01 -1.584048867225646973e-01 -4.065563678741455078e-01 9.365850687026977539e-02 2.343749701976776123e-01 -1.123749315738677979e-01 -2.178995907306671143e-01 5.816045999526977539e-01 9.898810982704162598e-01 -1.179800331592559814e-01 -5.915482044219970703e-01 2.266561836004257202e-01 -3.254320919513702393e-01 -2.093811333179473877e-01 -1.417485028505325317e-01 3.117705881595611572e-01 9.196512401103973389e-02 2.645456790924072266e-01 2.263036668300628662e-01 5.568841099739074707e-01 4.326829910278320312e-01 -3.381936550140380859e-01 -1.133245453238487244e-01 1.582603454589843750e-01 -3.156734704971313477e-01 -3.685234487056732178e-01
-5.948876738548278809e-01 -1.843175441026687622e-01 4.635415971279144287e-03 -8.842836022377014160e-01 -3.382155895233154297e-01 1.753447353839874268e-01 -1.149828135967254639e-01 -3.917073607444763184e-01 -3.971683382987976074e-01 2.639765739440917969e-01 -5.531883835792541504e-01 3.966972827911376953e-01 4.546610116958618164e-01 6.788479089736938477e-01 5.032472610473632812e-01 -3.964111208915710449e-01 -2.415784299373626709e-01 -7.757706940174102783e-02 5.816543102264404297e-01 6.528886556625366211e-01 -5.484908819198608398e-02 -3.560882434248924255e-02 4.537208080291748047e-01 6.165993213653564453e-01 3.396115303039550781e-01 -2.697655856609344482e-01 1.779237762093544006e-02 -2.804109752178192139e-01 4.640178382396697998e-01 -5.420877933502197266e-01 -1.366096138954162598e-01 2.751824259757995605e-01 4.334867000579833984e-01 7.802649140357971191e-01 -2.340583205223083496e-01 2.151307016611099243e-01 -1.915635913610458374e-02 1.274811476469039917e-01 4.335150122642517090e-01 -1.106628924608230591e-01 -2.950446009635925293e-01 -3.298986703157424927e-02 4.167426824569702148e-01 -2.472297847270965576e-02 3.095842152833938599e-02 5.312570333480834961e-01 7.256569266319274902e-01 -1.627522706985473633e-01 -4.745583534240722656e-01 3.853396177291870117e-01 -1.669736802577972412e-01 -4.241852834820747375e-02 -3.133897185325622559e-01 3.643817305564880371e-01 -2.200633436441421509e-01 4.708840250968933105e-01 1.554501503705978394e-01 5.806602239608764648e-01 4.317949414253234863e-01 -3.014311194419860840e-01 -3.180251121520996094e-01 8.533601462841033936e-02 -3.994185924530029297e-01 -2.466873824596405029e-01
-3.658141195774078369e-01 -2.620075643062591553e-01 -3.070538640022277832e-01 -7.613155841827392578e-01 -4.187973141670227051e-01 5.184273421764373779e-02 -1.476162672042846680e-02 -2.305442094802856445e-01 -2.859560847282409668e-01 1.901552677154541016e-01 -4.749394357204437256e-01 2.496165782213211060e-02 2.224664092063903809e-01 3.868659734725952148e-01 5.258358120918273926e-01 -3.862492740154266357e-01 -4.869722723960876465e-01 -1.867473870515823364e-01 4.100440144538879395e-01 3.079922795295715332e-01 -3.071525692939758301e-02 2.730422019958496094e-01 3.117189407348632812e-01 5.241062045097351074e-01 4.577102959156036377e-01 -6.043032929301261902e-02 2.773568332195281982e-01 -4.304189682006835938e-01 2.937770187854766846e-01 -5.076326727867126465e-01 -2.307988107204437256e-01 2.335234582424163818e-01 3.820102214813232422e-01 5.477321743965148926e-01 -2.635531127452850342e-01 2.406306117773056030e-01 4.493805021047592163e-02 -7.594428025186061859e-03 5.541596412658691406e-01 -1.216909289360046387e-01 2.292761392891407013e-02 -2.355591207742691040e-02 3.870339691638946533e-01 -3.087880015373229980e-01 -2.492342889308929443e-01 6.814221143722534180e-01 9.381793141365051270e-01 2.075451612472534180e-01 -6.382679343223571777e-01 1.682559549808502197e-01 -2.518984973430633545e-01 -2.836673855781555176e-01 -1.117710024118423462e-01 2.873669862747192383e-01 -2.511989474296569824e-01 4.814985096454620361e-01 1.010707616806030273e-01 4.734518527984619141e-01 3.147726655006408691e-01 -3.237931132316589355e-01 -2.711194753646850586e-01 -2.637578845024108887e-01 -3.945819139480590820e-01 -7.585806399583816528e-02
-7.278130054473876953e-01 -7.165884375572204590e-01 3.690266013145446777e-01 -9.564087986946105957e-01 -1.670197397470474243e-01 -1.351291239261627197e-01 -2.637767195701599121e-01 -2.344490960240364075e-02 -5.107434988021850586e-01 6.668568253517150879e-01 -3.474220335483551025e-01 6.406791210174560547e-01 6.089110374450683594e-01 5.111714005470275879e-01 3.917258381843566895e-01 2.117230370640754700e-02 1.007761135697364807e-01 -1.653743684291839600e-01 6.314322352409362793e-01 9.005834162235260010e-02 6.490030288696289062e-01 2.886028774082660675e-02 4.807160496711730957e-01 1.125071048736572266e-01 4.281558096408843994e-01 -4.877508878707885742e-01 -2.222673296928405762e-01 -1.348538547754287720e-01 2.077004015445709229e-01 -1.600205451250076294e-01 -4.880392849445343018e-01 1.679293811321258545e-02 5.784167647361755371e-01 6.248632669448852539e-01 -3.722833395004272461e-01 1.244273036718368530e-02 3.971712291240692139e-01 6.973302960395812988e-01 4.347986578941345215e-01 -2.323861122131347656e-01 -8.343412876129150391e-01 1.839886456727981567e-01 1.094505563378334045e-01 1.575952172279357910e-01 -2.659835815429687500e-01 6.380615234375000000e-01 8.720011115074157715e-01 -6.093061566352844238e-01 -3.172386288642883301e-01 2.649299502372741699e-01 -4.001815617084503174e-01 4.091951623558998108e-02 -3.905272111296653748e-02 3.002685010433197021e-01 1.824161261320114136e-01 -1.141562163829803467e-01 3.722843527793884277e-01 5.845730304718017578e-01 6.483676433563232422e-01 -1.789925694465637207e-01 1.330132186412811279e-01 5.578435659408569336e-01 -1.382501702755689621e-02 -4.015689790248870850e-01
-7.946327328681945801e-01 -4.712631106376647949e-01 3.699099421501159668e-01 -1.078271627426147461e+00 -1.715456694364547729e-01 1.248443871736526489e-01 -2.063185423612594604e-01 -2.042996436357498169e-01 -5.213057994842529297e-01 6.114107966423034668e-01 -5.152294635772705078e-01 6.016250252723693848e-01 7.861601114273071289e-01 4.859501719474792480e-01 4.298866391181945801e-01 -8.143436908721923828e-02 -4.084726423025131226e-02 -3.252372518181800842e-02 5.560881495475769043e-01 3.060213923454284668e-01 4.085583686828613281e-01 -9.001603722572326660e-02 6.024319529533386230e-01 2.849613726139068604e-01 3.319412469863891602e-01 -4.707550704479217529e-01 -2.211407721042633057e-01 -2.023288011550903320e-01 4.149854183197021484e-01 -3.454015851020812988e-01 -3.693176805973052979e-01 1.344784796237945557e-01 6.255699396133422852e-01 6.887712478637695312e-01 -3.167549669742584229e-01 1.433969289064407349e-02 2.505241632461547852e-01 5.174816250801086426e-01 4.071520566940307617e-01 -1.488805860280990601e-01 -8.804286718368530273e-01 2.658341526985168457e-01 1.532553732395172119e-01 9.374941885471343994e-02 -6.715501844882965088e-02 5.398865938186645508e-01 7.319430112838745117e-01 -6.248139142990112305e-01 -2.567444741725921631e-01 3.784186244010925293e-01 -3.328613340854644775e-01 2.742543816566467285e-02 -2.534155845642089844e-01 2.849408984184265137e-01 1.713585704565048218e-01 3.592948615550994873e-02 3.297920227050781250e-01 5.390631556510925293e-01 6.237201094627380371e-01 -1.880292296409606934e-01 -2.360426485538482666e-01 4.570538997650146484e-01 -1.110976040363311768e-01 -4.300463795661926270e-01
-7.778647541999816895e-01 -5.378366708755493164e-01 2.774828672409057617e-01 -9.823299646377563477e-01 -2.013954222202301025e-01 1.682358980178833008e-02 -2.895466685295104980e-01 -2.025116980075836182e-01 -4.545443952083587646e-01 6.341656446456909180e-01 -4.570387899875640869e-01 6.376519203186035156e-01 7.481802701950073242e-01 4.890581965446472168e-01 3.935449123382568359e-01 -2.081074938178062439e-02 -6.389071047306060791e-02 -1.451723277568817139e-01 5.859872698783874512e-01 2.161800712347030640e-01 4.681682884693145752e-01 4.457722604274749756e-02 5.256747007369995117e-01 2.623618543148040771e-01 4.288794696331024170e-01 -4.788285493850708008e-01 -1.724996119737625122e-01 -2.100226581096649170e-01 3.296805620193481445e-01 -2.636221349239349365e-01 -4.165890812873840332e-01 1.326241344213485718e-01 5.984727144241333008e-01 7.003458738327026367e-01 -3.473429679870605469e-01 5.343355610966682434e-02 2.006465196609497070e-01 5.894665122032165527e-01 4.499298334121704102e-01 -1.344365477561950684e-01 -8.157793879508972168e-01 1.644811481237411499e-01 1.473198831081390381e-01 1.267763674259185791e-01 -1.207020655274391174e-01 5.953215956687927246e-01 8.001437187194824219e-01 -5.387606024742126465e-01 -2.942466735839843750e-01 3.170611858367919922e-01 -4.133554100990295410e-01 2.853576838970184326e-02 -4.585242643952369690e-02 3.420931100845336914e-01 1.519919037818908691e-01 5.569635331630706787e-02 3.005183935165405273e-01 5.767756104469299316e-01 5.862795710563659668e-01 -2.711051106452941895e-01 -5.113287642598152161e-02 5.025831460952758789e-01 -1.648034155368804932e-01 -4.178409576416015625e-01
-7.373376488685607910e-01 -6.786293387413024902e-01 3.414098322391510010e-01 -9.614196419715881348e-01 -1.268649548292160034e-01 -4.724730178713798523e-02 -2.709960341453552246e-01 -2.677380666136741638e-02 -5.341857671737670898e-01 6.149203181266784668e-01 -3.685047328472137451e-01 5.629303455352783203e-01 5.975083708763122559e-01 4.411824345588684082e-01 3.923170566558837891e-01 -4.665341600775718689e-02 -3.762796754017472267e-03 -1.638620048761367798e-01 6.612293124198913574e-01 8.565900474786758423e-02 6.029591560363769531e-01 6.709456443786621094e-02 4.823333621025085449e-01 1.988460719585418701e-01 4.141244888305664062e-01 -4.802805483341217041e-01 -1.988706141710281372e-01 -1.918621957302093506e-01 2.692424952983856201e-01 -1.922024488449096680e-01 -4.550146758556365967e-01 8.933611214160919189e-02 5.470229983329772949e-01 5.880823135375976562e-01 -3.749248981475830078e-01 -1.352174580097198486e-02 3.426618576049804688e-01 6.107425093650817871e-01 4.404695034027099609e-01 -1.933549344539642334e-01 -7.857398986816406250e-01 1.992784738540649414e-01 1.298659145832061768e-01 7.586713880300521851e-02 -2.722378671169281006e-01 5.928244590759277344e-01 9.144514799118041992e-01 -5.400017499923706055e-01 -3.437893986701965332e-01 2.583366036415100098e-01 -3.840500414371490479e-01 -4.364218190312385559e-02 -9.861911833286285400e-02 2.771386504173278809e-01 2.070525735616683960e-01 -8.249056339263916016e-02 2.985511422157287598e-01 5.599949955940246582e-01 6.302508711814880371e-01 -1.958958804607391357e-01 9.349870681762695312e-02 4.949612617492675781e-01 -5.995986983180046082e-02 -4.885265827178955078e-01
-3.226444721221923828e-01 -4.288848340511322021e-01 -7.558626681566238403e-02 -9.425181746482849121e-01 -3.657902777194976807e-01 1.083196252584457397e-01 9.631425142288208008e-03 -1.031126230955123901e-01 -4.750097393989562988e-01 3.163067400455474854e-01 -5.337978601455688477e-01 1.351665258407592773e-01 2.853326797485351562e-01 4.583529233932495117e-01 4.680865406990051270e-01 -3.133092820644378662e-01 -2.323679774999618530e-01 -1.338408887386322021e-01 6.629309058189392090e-01 4.065678417682647705e-01 8.653436601161956787e-02 -3.871858119964599609e-03 4.932209849357604980e-01 5.325575470924377441e-01 3.538064360618591309e-01 -1.557737886905670166e-01 -1.179305985569953918e-01 -3.804154694080352783e-01 4.518997967243194580e-01 -6.580218672752380371e-01 -2.333495467901229858e-01 1.962102502584457397e-01 4.263455569744110107e-01 6.652927398681640625e-01 -2.267544865608215332e-01 1.371843814849853516e-01 1.110655888915061951e-01 9.927830100059509277e-02 5.993840098381042480e-01 -2.613771557807922363e-01 -3.072128295898437500e-01 1.328178793191909790e-01 3.674065172672271729e-01 -1.076310575008392334e-01 -2.166555523872375488e-01 5.698110461235046387e-01 9.493465423583984375e-01 4.254713654518127441e-03 -7.362130880355834961e-01 4.196197986602783203e-01 -1.727418005466461182e-01 -1.209932342171669006e-01 -2.553311884403228760e-01 3.071922957897186279e-01 1.024801284074783325e-02 2.126093208789825439e-01 2.709196805953979492e-01 5.574396848678588867e-01 3.340669274330139160e-01 -2.297098934650421143e-01 -3.128356337547302246e-01 -8.416447043418884277e-02 -2.308220714330673218e-01 -2.960130572319030762e-01
-6.099019050598144531e-01 -2.104132473468780518e-01 1.639324128627777100e-01 -8.985815048217773438e-01 -1.317838579416275024e-01 3.221189081668853760e-01 -1.259058415889739990e-01 -3.459613323211669922e-01 -4.189579188823699951e-01 4.154091179370880127e-01 -6.750063896179199219e-01 2.765172123908996582e-01 5.714317560195922852e-01 4.889528155326843262e-01 4.271160960197448730e-01 -3.481853306293487549e-01 -2.798313796520233154e-01 -7.159948348999023438e-03 4.400645494461059570e-01 4.941890537738800049e-01 3.603510558605194092e-03 2.421643957495689392e-02 5.165222287178039551e-01 5.029609203338623047e-01 3.749527335166931152e-01 -3.788529336452484131e-01 -6.581190973520278931e-02 -2.949489355087280273e-01 4.307462275028228760e-01 -5.276018381118774414e-01 -1.321094185113906860e-01 3.245276808738708496e-01 4.957974851131439209e-01 6.847606897354125977e-01 -2.907263934612274170e-01 1.446910202503204346e-02 6.489131599664688110e-02 2.610829770565032959e-01 4.730612635612487793e-01 -1.466030180454254150e-01 -4.496995508670806885e-01 1.677941381931304932e-01 3.197170794010162354e-01 -5.666969716548919678e-02 -1.095172390341758728e-01 5.926572084426879883e-01 6.923535466194152832e-01 -2.524407505989074707e-01 -3.857403695583343506e-01 4.443939328193664551e-01 -2.174229025840759277e-01 -5.632135644555091858e-02 -3.806917667388916016e-01 2.488815784454345703e-01 1.028160005807876587e-01 3.224989175796508789e-01 2.025374770164489746e-01 5.180042386054992676e-01 5.412629842758178711e-01 -2.093080431222915649e-01 -4.446683824062347412e-01 1.799465119838714600e-01 -3.071415126323699951e-01 -3.580618798732757568e-01
-6.578282713890075684e-01 -3.388154804706573486e-01 5.939121544361114502e-02 -9.312858581542968750e-01 -3.196579515933990479e-01 9.403447806835174561e-02 -1.376001387834548950e-01 -3.101553916931152344e-01 -3.484162688255310059e-01 5.215186476707458496e-01 -4.865776300430297852e-01 4.431193768978118896e-01 5.706232190132141113e-01 5.352200865745544434e-01 4.545302987098693848e-01 -1.903599202632904053e-01 -1.875982582569122314e-01 -9.718151390552520752e-02 5.222897529602050781e-01 4.071660041809082031e-01 2.276170700788497925e-01 1.348059028387069702e-01 5.153403282165527344e-01 4.967719614505767822e-01 4.675858020782470703e-01 -2.932949662208557129e-01 -2.795648202300071716e-02 -2.619071602821350098e-01 3.375203013420104980e-01 -4.288147985935211182e-01 -2.975152730941772461e-01 1.851806640625000000e-01 4.682727158069610596e-01 6.954818367958068848e-01 -2.460033893585205078e-01 1.963324546813964844e-01 1.251414716243743896e-01 3.204154372215270996e-01 4.854065775871276855e-01 -8.558233082294464111e-02 -4.253151118755340576e-01 -1.708624884486198425e-02 2.412610352039337158e-01 2.007268369197845459e-03 -1.711057424545288086e-01 5.893946886062622070e-01 8.195220232009887695e-01 -1.781822443008422852e-01 -4.160819649696350098e-01 2.811625599861145020e-01 -3.009150624275207520e-01 -3.260479308664798737e-03 -6.965526938438415527e-02 2.250502407550811768e-01 -9.427826106548309326e-02 2.752576172351837158e-01 2.274084389209747314e-01 6.088072061538696289e-01 4.752134680747985840e-01 -3.324807584285736084e-01 -2.362699359655380249e-01 2.367143332958221436e-01 -3.338999450206756592e-01 -2.961487472057342529e-01
-7.659821510314941406e-01 -6.708289980888366699e-01 3.079496026039123535e-01 -9.618270993232727051e-01 -1.992425024509429932e-01 -1.067565679550170898e-01 -2.552257180213928223e-01 -6.185322999954223633e-02 -4.829902648925781250e-01 6.758992671966552734e-01 -3.464811742305755615e-01 6.170263886451721191e-01 6.165564060211181641e-01 5.167934894561767578e-01 4.308670759201049805e-01 3.254271671175956726e-02 6.520154327154159546e-02 -1.862351894378662109e-01 6.188586354255676270e-01 8.223684877157211304e-02 6.093908548355102539e-01 7.685041427612304688e-02 4.723322987556457520e-01 1.641298383474349976e-01 4.854507148265838623e-01 -4.311645925045013428e-01 -1.729555726051330566e-01 -1.512899249792098999e-01 1.776257604360580444e-01 -2.080748975276947021e-01 -4.910753071308135986e-01 2.475830167531967163e-02 5.790168642997741699e-01 6.109280586242675781e-01 -4.041889905929565430e-01 7.069994509220123291e-02 3.709139823913574219e-01 6.436738371849060059e-01 4.336020946502685547e-01 -1.847311258316040039e-01 -7.801271677017211914e-01 1.386273503303527832e-01 1.167938187718391418e-01 1.090347990393638611e-01 -2.429967820644378662e-01 6.385572552680969238e-01 9.254828691482543945e-01 -5.619202256202697754e-01 -3.330023586750030518e-01 2.296654731035232544e-01 -3.721943199634552002e-01 -1.678867451846599579e-02 -2.688292041420936584e-02 2.663931846618652344e-01 8.448274433612823486e-02 -9.458360075950622559e-02 3.537982702255249023e-01 6.019484996795654297e-01 6.080474853515625000e-01 -2.245959788560867310e-01 1.222266927361488342e-01 4.836401343345642090e-01 -5.425176396965980530e-02 -4.044077396392822266e-01
-8.079909682273864746e-01 -5.144244432449340820e-01 5.046268701553344727e-01 -9.740172624588012695e-01 -5.893481150269508362e-02 6.923341751098632812e-02 -2.179289013147354126e-01 -1.758155375719070435e-01 -4.817803502082824707e-01 7.348351478576660156e-01 -5.251888632774353027e-01 6.822125315666198730e-01 7.391498684883117676e-01 5.350847244262695312e-01 3.501821756362915039e-01 -7.222100347280502319e-02 1.537472456693649292e-01 2.158847451210021973e-02 5.568017363548278809e-01 2.933728098869323730e-01 5.756992101669311523e-01 -1.304905414581298828e-01 5.245171785354614258e-01 1.436653882265090942e-01 3.295934200286865234e-01 -6.427989006042480469e-01 -2.506939470767974854e-01 -6.608029454946517944e-02 2.989500761032104492e-01 -2.136525511741638184e-01 -3.351138532161712646e-01 4.279638081789016724e-02 6.154092550277709961e-01 5.627713799476623535e-01 -3.347280621528625488e-01 -7.861056923866271973e-02 3.167288899421691895e-01 6.903209686279296875e-01 3.710847198963165283e-01 -2.412265539169311523e-01 -9.217472672462463379e-01 3.021921515464782715e-01 3.177978843450546265e-02 2.273636460304260254e-01 -1.650578081607818604e-01 5.542441606521606445e-01 6.180920600891113281e-01 -8.596478104591369629e-01 -1.262912601232528687e-01 3.595014810562133789e-01 -3.540104627609252930e-01 2.388500571250915527e-01 -2.388480156660079956e-01 2.260515391826629639e-01 2.909350395202636719e-01 -1.017363369464874268e-01 3.736270368099212646e-01 5.294008255004882812e-01 7.366134524345397949e-01 -3.985753655433654785e-02 -2.310217469930648804e-01 5.969024300575256348e-01 9.610776789486408234e-03 -4.347011148929595947e-01
-4.033441245555877686e-01 -4.802078306674957275e-01 -2.856358885765075684e-02 -9.969319105148315430e-01 -2.051879316568374634e-01 1.001815497875213623e-01 -7.415188848972320557e-02 -1.421824395656585693e-01 -4.024727344512939453e-01 4.086298048496246338e-01 -5.967006087303161621e-01 2.470428049564361572e-01 4.629759788513183594e-01 3.245113492012023926e-01 3.731964826583862305e-01 -2.772637307643890381e-01 -3.538457155227661133e-01 -7.705219835042953491e-02 6.170679926872253418e-01 3.660972118377685547e-01 1.891826093196868896e-01 8.326509594917297363e-02 5.659590363502502441e-01 4.302260279655456543e-01 4.496606290340423584e-01 -3.240638077259063721e-01 -6.800321489572525024e-02 -4.077412784099578857e-01 4.944747686386108398e-01 -4.773731231689453125e-01 -2.516264617443084717e-01 2.750675082206726074e-01 4.139619767665863037e-01 6.093928813934326172e-01 -2.324734628200531006e-01 5.686485022306442261e-02 1.818313300609588623e-01 2.332194298505783081e-01 6.235541105270385742e-01 -2.546917498111724854e-01 -4.049024879932403564e-01 1.993506550788879395e-01 2.879474461078643799e-01 -1.104932725429534912e-01 -2.869828641414642334e-01 6.302020549774169922e-01 8.757823705673217773e-01 -5.810581147670745850e-02 -5.883203148841857910e-01 3.190478086471557617e-01 -3.498044610023498535e-01 -1.653718203306198120e-01 -1.434385925531387329e-01 2.792407572269439697e-01 2.585545778274536133e-01 2.731449902057647705e-01 2.946620285511016846e-01 5.069026350975036621e-01 3.667800724506378174e-01 -2.468420267105102539e-01 -3.013426661491394043e-01 5.816322565078735352e-02 -2.872061729431152344e-01 -3.407472074031829834e-01
-4.275496900081634521e-01 -1.879946589469909668e-01 -2.466906607151031494e-02 -1.001155972480773926e+00 -2.298295199871063232e-01 2.271355688571929932e-01 -4.457573592662811279e-02 -3.838699460029602051e-01 -2.669288516044616699e-01 2.793174386024475098e-01 -7.430345416069030762e-01 2.091457843780517578e-01 6.136482357978820801e-01 3.183646798133850098e-01 3.395844697952270508e-01 -3.799273073673248291e-01 -4.921765625476837158e-01 8.100773394107818604e-02 3.938362002372741699e-01 4.363960325717926025e-01 4.792899638414382935e-02 6.856954097747802734e-02 4.950062632560729980e-01 5.409758090972900391e-01 3.875488340854644775e-01 -3.050645887851715088e-01 4.757619649171829224e-02 -3.838379085063934326e-01 5.447804331779479980e-01 -4.864515662193298340e-01 -1.799903512001037598e-01 4.420040845870971680e-01 4.444909691810607910e-01 6.864304542541503906e-01 -1.224454343318939209e-01 1.092330813407897949e-01 5.302111059427261353e-02 1.238879188895225525e-01 5.922807455062866211e-01 -1.759915053844451904e-01 -3.617430925369262695e-01 1.979655921459197998e-01 2.554560005664825439e-01 -1.216487586498260498e-01 -1.439894437789916992e-01 6.162331104278564453e-01 7.397609353065490723e-01 -4.594404995441436768e-02 -4.823722839355468750e-01 2.709550857543945312e-01 -3.528597056865692139e-01 -1.082085967063903809e-01 -2.802778184413909912e-01 2.392036616802215576e-01 1.787343770265579224e-01 4.449510574340820312e-01 1.235348582267761230e-01 4.251731634140014648e-01 3.702999353408813477e-01 -1.807213574647903442e-01 -5.973292589187622070e-01 -3.124868124723434448e-02 -3.258851170539855957e-01 -2.379286289215087891e-01
-7.683530449867248535e-01 -3.880749046802520752e-01 3.264912366867065430e-01 -1.016890048980712891e+00 -8.973153680562973022e-02 2.092314958572387695e-01 -2.430385798215866089e-01 -2.816446423530578613e-01 -4.577171504497528076e-01 5.962416529655456543e-01 -5.431262850761413574e-01 5.185842514038085938e-01 7.605952024459838867e-01 4.584413766860961914e-01 4.888732433319091797e-01 -1.497266888618469238e-01 -3.021226823329925537e-02 -3.762050345540046692e-02 5.231478810310363770e-01 4.194190502166748047e-01 3.504831194877624512e-01 -1.656421646475791931e-02 5.923104882240295410e-01 3.142014443874359131e-01 3.329657912254333496e-01 -5.492256879806518555e-01 -2.104803621768951416e-01 -1.121940910816192627e-01 3.902616500854492188e-01 -4.335362315177917480e-01 -3.438146710395812988e-01 1.683764755725860596e-01 5.753511190414428711e-01 6.497234702110290527e-01 -3.320550620555877686e-01 -9.199295938014984131e-02 1.313478946685791016e-01 5.299777388572692871e-01 3.888240754604339600e-01 -9.607961773872375488e-02 -8.364913463592529297e-01 2.068939059972763062e-01 1.195011660456657410e-01 2.119963616132736206e-02 -1.626128852367401123e-01 5.866597294807434082e-01 6.556444168090820312e-01 -6.438545584678649902e-01 -2.204543650150299072e-01 4.366827011108398438e-01 -3.165651857852935791e-01 1.165983080863952637e-01 -2.546911835670471191e-01 2.672828435897827148e-01 2.225848585367202759e-01 4.421454668045043945e-02 2.526669800281524658e-01 5.850461125373840332e-01 6.680367588996887207e-01 -7.553066313266754150e-02 -3.400873541831970215e-01 4.047659039497375488e-01 -1.563396155834197998e-01 -5.142682194709777832e-01
-7.316205501556396484e-01 -7.188715338706970215e-01 4.330421090126037598e-01 -1.054605484008789062e+00 1.342641562223434448e-02 4.859882593154907227e-02 -2.349504679441452026e-01 -7.845537364482879639e-02 -4.465431869029998779e-01 6.479710936546325684e-01 -5.960289835929870605e-01 6.213335990905761719e-01 7.676520943641662598e-01 2.220679521560668945e-01 3.533719182014465332e-01 1.650216057896614075e-02 2.148590749129652977e-03 -4.460723698139190674e-02 5.208144187927246094e-01 1.120951697230339050e-01 5.559563636779785156e-01 -6.352797150611877441e-03 5.064200758934020996e-01 1.039964482188224792e-01 3.758805394172668457e-01 -6.038708090782165527e-01 -1.914762258529663086e-01 -2.139243781566619873e-01 3.398296833038330078e-01 -1.973800957202911377e-01 -5.412654876708984375e-01 1.276086419820785522e-01 6.675366759300231934e-01 6.057512164115905762e-01 -3.566162288188934326e-01 -4.665236175060272217e-02 3.613030910491943359e-01 6.676014065742492676e-01 3.598790466785430908e-01 -1.764146387577056885e-01 -9.545614123344421387e-01 3.658097684383392334e-01 5.882679671049118042e-02 1.600818932056427002e-01 -2.301097214221954346e-01 7.157958745956420898e-01 8.112373352050781250e-01 -6.999679207801818848e-01 -1.744924485683441162e-01 2.821854352951049805e-01 -3.849706649780273438e-01 7.706762291491031647e-03 -2.261712998151779175e-01 2.599764168262481689e-01 4.378455877304077148e-01 -6.765455007553100586e-02 3.672891259193420410e-01 5.051240921020507812e-01 6.715527176856994629e-01 -9.102389961481094360e-02 -7.557088881731033325e-02 5.556713938713073730e-01 -4.204370081424713135e-02 -4.398303329944610596e-01
-6.085226535797119141e-01 -6.461198925971984863e-01 3.047641813755035400e-01 -1.041546463966369629e+00 -6.125373393297195435e-02 2.820008620619773865e-02 -1.806270331144332886e-01 -5.432772263884544373e-02 -4.742451906204223633e-01 5.652194023132324219e-01 -6.124038696289062500e-01 4.696998298168182373e-01 7.075155973434448242e-01 3.015682101249694824e-01 2.925094366073608398e-01 -7.921793311834335327e-02 -1.233438253402709961e-01 -2.623450011014938354e-02 6.702009439468383789e-01 2.452767938375473022e-01 4.700226783752441406e-01 -3.519332781434059143e-02 5.422092080116271973e-01 2.375270128250122070e-01 3.689374923706054688e-01 -5.075201392173767090e-01 -2.234799563884735107e-01 -2.929795682430267334e-01 5.007231831550598145e-01 -2.552810609340667725e-01 -3.787095546722412109e-01 1.619584858417510986e-01 5.370239615440368652e-01 7.369988560676574707e-01 -3.147466480731964111e-01 -1.890937983989715576e-02 2.596283555030822754e-01 5.521697998046875000e-01 5.017862915992736816e-01 -2.239304184913635254e-01 -7.799509763717651367e-01 3.351857364177703857e-01 1.888661086559295654e-01 7.171595096588134766e-02 -1.825599074363708496e-01 5.831558108329772949e-01 8.215581178665161133e-01 -4.421181678771972656e-01 -3.470345437526702881e-01 2.875900864601135254e-01 -3.472093343734741211e-01 -5.017088726162910461e-02 -2.328453212976455688e-01 2.653298676013946533e-01 3.886833786964416504e-01 3.420354425907135010e-02 3.169074952602386475e-01 5.094957947731018066e-01 5.265789031982421875e-01 -1.260717213153839111e-01 -1.215939670801162720e-01 4.195560216903686523e-01 -1.063502058386802673e-01 -4.135473370552062988e-01
-5.624513626098632812e-01 -5.882262587547302246e-01 1.299192607402801514e-01 -9.993845820426940918e-01 -2.269330322742462158e-01 6.407488882541656494e-02 -1.363485902547836304e-01 -9.217898547649383545e-02 -5.216137766838073730e-01 5.332302451133728027e-01 -4.578386247158050537e-01 3.948481678962707520e-01 5.261784195899963379e-01 4.110365509986877441e-01 3.762714862823486328e-01 -1.612077355384826660e-01 -1.684607118368148804e-01 -1.209769546985626221e-01 7.211729288101196289e-01 2.857474088668823242e-01 3.454014658927917480e-01 6.869989633560180664e-02 5.849419832229614258e-01 4.151100814342498779e-01 3.841049373149871826e-01 -3.603424727916717529e-01 -1.874040961265563965e-01 -2.970248758792877197e-01 4.952302873134613037e-01 -3.601648807525634766e-01 -3.491189181804656982e-01 1.604180335998535156e-01 4.348912537097930908e-01 6.889534592628479004e-01 -2.589235603809356689e-01 9.345518797636032104e-02 2.473879456520080566e-01 4.040793180465698242e-01 5.686245560646057129e-01 -2.114432156085968018e-01 -5.813410878181457520e-01 1.563496142625808716e-01 2.168735861778259277e-01 1.107506453990936279e-02 -2.648536264896392822e-01 5.593118667602539062e-01 8.832581043243408203e-01 -2.180581986904144287e-01 -4.838580489158630371e-01 3.128414154052734375e-01 -3.138023316860198975e-01 -7.773867249488830566e-02 -1.477707326412200928e-01 2.289589643478393555e-01 1.919975131750106812e-01 1.333951354026794434e-01 2.816501855850219727e-01 5.709604620933532715e-01 4.950717091560363770e-01 -2.373771965503692627e-01 -1.344385296106338501e-01 2.361283898353576660e-01 -2.075423598289489746e-01 -4.104755520820617676e-01
-6.546064615249633789e-01 -5.687108635902404785e-01 6.459859013557434082e-02 -9.687427282333374023e-01 -2.671155035495758057e-01 3.366985172033309937e-02 -1.666312664747238159e-01 -1.400683373212814331e-01 -4.361822605133056641e-01 5.880238413810729980e-01 -3.840169310569763184e-01 4.641944169998168945e-01 5.078243613243103027e-01 3.814424276351928711e-01 4.801437854766845703e-01 -1.355214416980743408e-01 -1.822686642408370972e-01 -1.516105532646179199e-01 6.167834997177124023e-01 1.428902000188827515e-01 3.718572854995727539e-01 2.358909249305725098e-01 5.107257962226867676e-01 3.961260616779327393e-01 5.029648542404174805e-01 -3.167076408863067627e-01 -6.115712970495223999e-02 -2.903138995170593262e-01 3.278739154338836670e-01 -3.134205341339111328e-01 -4.510601162910461426e-01 1.844792366027832031e-01 4.287206828594207764e-01 6.096864938735961914e-01 -2.979888617992401123e-01 1.948399245738983154e-01 2.477176785469055176e-01 3.908112049102783203e-01 5.267591476440429688e-01 -1.429666280746459961e-01 -5.018962621688842773e-01 7.175039499998092651e-02 1.024682000279426575e-01 -8.044889569282531738e-02 -2.739562392234802246e-01 6.441421508789062500e-01 9.889652729034423828e-01 -2.477158606052398682e-01 -4.572305977344512939e-01 1.834544092416763306e-01 -3.385157585144042969e-01 -1.396788209676742554e-01 -8.852784335613250732e-02 2.083200812339782715e-01 3.046177327632904053e-02 1.870071738958358765e-01 2.470810711383819580e-01 6.351916193962097168e-01 5.479882359504699707e-01 -3.105289340019226074e-01 -7.416388392448425293e-02 2.286088168621063232e-01 -2.901655435562133789e-01 -3.858490586280822754e-01
-8.404164910316467285e-01 -5.699201822280883789e-01 4.386715888977050781e-01 -1.016237020492553711e+00 -1.281527131795883179e-01 7.460854947566986084e-02 -1.762280017137527466e-01 -1.261722743511199951e-01 -4.907716512680053711e-01 6.887220740318298340e-01 -5.507717728614807129e-01 6.572982668876647949e-01 8.560679554939270020e-01 4.737778902053833008e-01 3.558303713798522949e-01 -8.250424265861511230e-02 5.174049735069274902e-02 -3.335787355899810791e-02 5.793306231498718262e-01 1.756155341863632202e-01 5.121006369590759277e-01 -8.098017424345016479e-03 4.403088688850402832e-01 1.307716667652130127e-01 3.721045851707458496e-01 -4.655362963676452637e-01 -2.154772430658340454e-01 -1.485772579908370972e-01 3.384329080581665039e-01 -1.806640326976776123e-01 -3.938800394535064697e-01 5.198705941438674927e-02 6.531094312667846680e-01 6.856111884117126465e-01 -3.974006772041320801e-01 3.796467930078506470e-02 2.256479561328887939e-01 6.634396314620971680e-01 4.292564392089843750e-01 -1.283495575189590454e-01 -8.177876472473144531e-01 3.307695686817169189e-01 9.519390016794204712e-02 1.834296882152557373e-01 -4.880910366773605347e-02 5.723459720611572266e-01 7.506920695304870605e-01 -6.846896409988403320e-01 -1.774204820394515991e-01 1.801190972328186035e-01 -3.395247459411621094e-01 -2.775595709681510925e-02 -3.010621964931488037e-01 1.894778013229370117e-01 1.855943948030471802e-01 -2.204358577728271484e-02 3.176557123661041260e-01 5.377010703086853027e-01 6.314998865127563477e-01 -1.703882515430450439e-01 -1.418088525533676147e-01 5.274159908294677734e-01 -7.837881147861480713e-02 -3.481209874153137207e-01
-8.851862549781799316e-01 -5.994176268577575684e-01 5.923058390617370605e-01 -1.046384930610656738e+00 -6.283534318208694458e-02 9.056925773620605469e-02 -2.340629249811172485e-01 -1.792608648538589478e-01 -5.634962916374206543e-01 6.819881200790405273e-01 -4.389674365520477295e-01 6.842265725135803223e-01 6.211869120597839355e-01 5.901457071304321289e-01 4.219699501991271973e-01 1.014380902051925659e-01 1.973719447851181030e-01 -5.159126222133636475e-02 4.609292745590209961e-01 3.146123588085174561e-01 6.287931203842163086e-01 -1.935255974531173706e-01 5.352777838706970215e-01 1.457121074199676514e-01 2.199252843856811523e-01 -6.071962714195251465e-01 -2.862377166748046875e-01 1.836987584829330444e-02 2.356317192316055298e-01 -2.388530969619750977e-01 -2.702450454235076904e-01 1.088653728365898132e-01 7.153085470199584961e-01 5.460870862007141113e-01 -3.817388117313385010e-01 -1.093965619802474976e-01 4.161942601203918457e-01 6.491621732711791992e-01 2.842590808868408203e-01 -2.546612918376922607e-01 -1.042560100555419922e+00 2.453126311302185059e-01 1.797557771205902100e-01 2.977035045623779297e-01 -1.768367886543273926e-01 4.874658584594726562e-01 6.492361426353454590e-01 -8.316338658332824707e-01 -3.519951552152633667e-02 3.705704212188720703e-01 -2.571162581443786621e-01 2.922411859035491943e-01 -1.434511095285415649e-01 2.215379178524017334e-01 2.013434022665023804e-01 -1.704541146755218506e-01 3.883620500564575195e-01 6.016491055488586426e-01 6.959616541862487793e-01 -5.755130201578140259e-02 -4.667212441563606262e-02 7.109379768371582031e-01 1.541794985532760620e-01 -3.773910105228424072e-01
-8.173112869262695312e-01 -5.672924518585205078e-01 4.812495112419128418e-01 -1.014622569084167480e+00 -9.869880974292755127e-02 5.923345312476158142e-02 -1.859193891286849976e-01 -1.557327210903167725e-01 -4.875826835632324219e-01 6.865789890289306641e-01 -5.580231547355651855e-01 6.956594586372375488e-01 8.454446196556091309e-01 4.876148104667663574e-01 3.475099205970764160e-01 5.543891806155443192e-03 1.621805429458618164e-01 -2.460740506649017334e-03 5.142090916633605957e-01 2.702507674694061279e-01 5.657379627227783203e-01 -4.199125245213508606e-02 4.953211545944213867e-01 9.491269290447235107e-02 3.641959130764007568e-01 -5.145119428634643555e-01 -2.532616853713989258e-01 -9.497806429862976074e-02 2.592087686061859131e-01 -2.553637027740478516e-01 -3.466950654983520508e-01 4.425302147865295410e-02 6.949811577796936035e-01 6.724123358726501465e-01 -3.662365972995758057e-01 -2.588987350463867188e-02 2.521066069602966309e-01 7.125827670097351074e-01 3.714026510715484619e-01 -1.329384744167327881e-01 -9.664407372474670410e-01 2.744345963001251221e-01 8.698830753564834595e-02 2.459012418985366821e-01 -5.991033464670181274e-02 5.460025072097778320e-01 6.507065892219543457e-01 -8.061256408691406250e-01 -7.882034778594970703e-02 2.161301523447036743e-01 -3.465667963027954102e-01 1.087889894843101501e-01 -2.129396945238113403e-01 1.886519193649291992e-01 2.328325957059860229e-01 -7.438802719116210938e-02 3.509069681167602539e-01 5.361355543136596680e-01 6.565056443214416504e-01 -1.384359747171401978e-01 -1.212168708443641663e-01 6.052737236022949219e-01 -3.158729523420333862e-02 -3.176426589488983154e-01
-4.252873659133911133e-01 -3.989242315292358398e-01 -1.445862501859664917e-01 -9.515659809112548828e-01 -3.103551864624023438e-01 1.426430493593215942e-01 -4.808172583580017090e-03 -1.886902302503585815e-01 -4.352828562259674072e-01 3.456012010574340820e-01 -5.322663784027099609e-01 1.704071462154388428e-01 2.018111199140548706e-01 4.841547608375549316e-01 5.817010402679443359e-01 -3.521359860897064209e-01 -3.818535208702087402e-01 -1.884367465972900391e-01 5.528784990310668945e-01 4.294467568397521973e-01 -4.860728979110717773e-02 5.562715977430343628e-02 5.260139107704162598e-01 5.743901729583740234e-01 3.811903595924377441e-01 -2.003877460956573486e-01 7.577435672283172607e-02 -3.500350415706634521e-01 4.246632754802703857e-01 -6.115804314613342285e-01 -2.209119945764541626e-01 2.952466607093811035e-01 4.087741374969482422e-01 6.301134824752807617e-01 -2.500723004341125488e-01 1.997345089912414551e-01 1.053591594099998474e-01 5.600920692086219788e-02 5.677299499511718750e-01 -2.705979347229003906e-01 -1.549194455146789551e-01 8.110617846250534058e-02 3.707965910434722900e-01 -1.800470948219299316e-01 -2.186505794525146484e-01 6.360328197479248047e-01 9.665489792823791504e-01 2.818304300308227539e-02 -6.676263809204101562e-01 3.457967042922973633e-01 -1.207293048501014709e-01 -1.108262017369270325e-01 -2.325886338949203491e-01 3.115074038505554199e-01 -1.346840560436248779e-01 3.090627193450927734e-01 2.523422837257385254e-01 6.184718012809753418e-01 3.836998641490936279e-01 -2.522457242012023926e-01 -2.924933731555938721e-01 -9.778626263141632080e-02 -3.411608934402465820e-01 -2.449202537536621094e-01
-8.580071926116943359e-01 -3.957192897796630859e-01 3.334996104240417480e-01 -9.958874583244323730e-01 -1.069148331880569458e-01 1.992969512939453125e-01 -1.672473996877670288e-01 -3.018035292625427246e-01 -4.718961715698242188e-01 5.054116249084472656e-01 -6.394760012626647949e-01 5.943725109100341797e-01 5.751543641090393066e-01 6.028768420219421387e-01 5.108934044837951660e-01 -1.793862879276275635e-01 -3.098051622509956360e-02 -4.126109555363655090e-02 5.599300265312194824e-01 4.524786770343780518e-01 1.997211277484893799e-01 -1.654014289379119873e-01 4.282822608947753906e-01 3.342045843601226807e-01 2.912971675395965576e-01 -4.267039299011230469e-01 -6.719543784856796265e-02 -2.035016715526580811e-01 3.529541492462158203e-01 -3.943394124507904053e-01 -1.880127042531967163e-01 1.942733526229858398e-01 6.097147464752197266e-01 7.013022899627685547e-01 -4.016665816307067871e-01 1.256763786077499390e-01 1.400144994258880615e-01 3.592502772808074951e-01 2.841680049896240234e-01 -1.220868825912475586e-01 -6.349843144416809082e-01 2.067634165287017822e-01 3.253104984760284424e-01 1.287491321563720703e-01 7.921143621206283569e-02 5.365394949913024902e-01 7.280838489532470703e-01 -6.369704604148864746e-01 -1.979997307062149048e-01 3.559728860855102539e-01 -1.640513539314270020e-01 6.041191890835762024e-02 -4.619831442832946777e-01 2.879398465156555176e-01 -7.390251010656356812e-02 1.436417996883392334e-01 2.389775514602661133e-01 5.793221592903137207e-01 6.053492426872253418e-01 -1.729534268379211426e-01 -1.725471466779708862e-01 4.505153298377990723e-01 -1.315073072910308838e-01 -3.659220337867736816e-01
-8.473808765411376953e-01 -6.299239397048950195e-01 5.290146470069885254e-01 -1.026171326637268066e+00 -7.181089371442794800e-02 8.737191557884216309e-03 -2.020104974508285522e-01 -1.289419531822204590e-01 -4.506762325763702393e-01 6.950801610946655273e-01 -5.396736264228820801e-01 6.585060358047485352e-01 8.304756283760070801e-01 4.409676194190979004e-01 3.170039057731628418e-01 1.328650563955307007e-01 1.195724010467529297e-01 3.627923130989074707e-02 4.695040583610534668e-01 1.916488111019134521e-01 6.903309822082519531e-01 -7.011035084724426270e-02 5.149280428886413574e-01 2.200657874345779419e-02 4.159055650234222412e-01 -5.223050713539123535e-01 -2.652437388896942139e-01 -5.227952450513839722e-02 1.820309907197952271e-01 -1.953530609607696533e-01 -3.633446693420410156e-01 5.176441371440887451e-02 7.192141413688659668e-01 6.371238231658935547e-01 -3.695400357246398926e-01 -7.514575123786926270e-02 3.535507619380950928e-01 7.414095401763916016e-01 3.728360235691070557e-01 -2.167327702045440674e-01 -1.085255265235900879e+00 2.663472890853881836e-01 9.139751642942428589e-02 2.126031517982482910e-01 -1.313270330429077148e-01 5.469579100608825684e-01 6.733300089836120605e-01 -8.195657730102539062e-01 -6.307960301637649536e-02 1.917802542448043823e-01 -3.473562002182006836e-01 9.804970026016235352e-02 -1.455021798610687256e-01 1.798752546310424805e-01 2.305604070425033569e-01 -1.772544682025909424e-01 4.116719365119934082e-01 5.574566125869750977e-01 6.063439249992370605e-01 -7.623083889484405518e-02 -6.021862104535102844e-02 6.277728676795959473e-01 8.094068616628646851e-02 -2.830891609191894531e-01
-7.509886026382446289e-01 -3.409848213195800781e-01 2.919408380985260010e-01 -1.062146663665771484e+00 -1.547361910343170166e-01 1.817461997270584106e-01 -1.320534646511077881e-01 -2.097238451242446899e-01 -3.949765563011169434e-01 4.728361368179321289e-01 -6.396344304084777832e-01 4.994941055774688721e-01 6.653724908828735352e-01 4.293646216392517090e-01 4.825733900070190430e-01 -2.069258391857147217e-01 -1.526181548833847046e-01 9.458139538764953613e-03 4.434490203857421875e-01 3.631561696529388428e-01 2.156091630458831787e-01 -5.543898418545722961e-02 5.831770300865173340e-01 4.029532372951507568e-01 3.588823080062866211e-01 -3.868021667003631592e-01 -5.058239027857780457e-02 -2.153077423572540283e-01 3.638760149478912354e-01 -5.022240281105041504e-01 -3.702137470245361328e-01 2.212302684783935547e-01 6.056029796600341797e-01 7.527154088020324707e-01 -2.374760210514068604e-01 8.469098061323165894e-02 1.766501963138580322e-01 3.479754030704498291e-01 3.686104118824005127e-01 -1.578677892684936523e-01 -6.971980929374694824e-01 2.121764272451400757e-01 2.218973636627197266e-01 8.438647538423538208e-02 -5.518619716167449951e-02 6.010632514953613281e-01 7.626121044158935547e-01 -5.208922028541564941e-01 -2.687664330005645752e-01 3.072874546051025391e-01 -2.827928662300109863e-01 9.274183772504329681e-03 -4.038709402084350586e-01 2.486882507801055908e-01 4.114449024200439453e-03 1.212169304490089417e-01 3.051114380359649658e-01 5.796052217483520508e-01 6.327136158943176270e-01 -1.435232460498809814e-01 -3.669579029083251953e-01 3.636587262153625488e-01 -2.443476617336273193e-01 -3.525664210319519043e-01
-7.031818628311157227e-01 -4.525836706161499023e-01 2.547154724597930908e-01 -9.812869429588317871e-01 -2.176133096218109131e-01 1.162977069616317749e-01 -1.874990910291671753e-01 -2.590779662132263184e-01 -4.015423059463500977e-01 5.685783028602600098e-01 -5.963436961174011230e-01 5.545053482055664062e-01 8.344410657882690430e-01 4.168676137924194336e-01 3.207336068153381348e-01 -1.162221059203147888e-01 -1.195196509361267090e-01 -2.909390628337860107e-02 5.565130114555358887e-01 3.463822305202484131e-01 3.514914214611053467e-01 1.036540418863296509e-01 4.661671519279479980e-01 3.062479794025421143e-01 4.773431122303009033e-01 -4.229627251625061035e-01 -1.707918047904968262e-01 -2.956409156322479248e-01 3.369122147560119629e-01 -3.044238686561584473e-01 -3.547213375568389893e-01 1.635177731513977051e-01 5.949795842170715332e-01 7.881358861923217773e-01 -3.338932096958160400e-01 1.038664579391479492e-01 1.614860892295837402e-01 5.534336566925048828e-01 5.104910135269165039e-01 -3.382892906665802002e-02 -6.771502494812011719e-01 1.451821327209472656e-01 1.965568959712982178e-01 1.127243936061859131e-01 -8.347192406654357910e-02 6.197747588157653809e-01 7.381451129913330078e-01 -3.602871298789978027e-01 -2.305486798286437988e-01 2.585628628730773926e-01 -3.356840908527374268e-01 -5.727223679423332214e-02 -1.112395077943801880e-01 2.155787944793701172e-01 2.107870429754257202e-01 2.383135706186294556e-01 2.245027720928192139e-01 5.302612185478210449e-01 5.047055482864379883e-01 -3.081492185592651367e-01 -1.742027848958969116e-01 4.287712574005126953e-01 -2.575334608554840088e-01 -2.829751372337341309e-01
-7.141165733337402344e-01 -7.371943593025207520e-01 4.051210284233093262e-01 -9.722076058387756348e-01 -1.413998007774353027e-01 -1.565636992454528809e-01 -2.340148836374282837e-01 2.487085759639739990e-03 -4.398442804813385010e-01 6.977682113647460938e-01 -3.976737558841705322e-01 7.098277211189270020e-01 6.419211030006408691e-01 4.816213250160217285e-01 3.553414344787597656e-01 5.858417972922325134e-02 1.795886307954788208e-01 -1.144417971372604370e-01 6.065193414688110352e-01 7.339046895503997803e-02 6.900744438171386719e-01 3.527722880244255066e-02 4.834611415863037109e-01 2.977178245782852173e-02 4.296289682388305664e-01 -5.244392752647399902e-01 -2.149313241243362427e-01 -8.586902916431427002e-02 1.890239715576171875e-01 -1.224272996187210083e-01 -5.163114666938781738e-01 -1.303984224796295166e-02 5.528212785720825195e-01 6.084855794906616211e-01 -3.428617119789123535e-01 2.215630561113357544e-02 3.930484056472778320e-01 7.670036554336547852e-01 4.207475781440734863e-01 -2.422926723957061768e-01 -8.904812932014465332e-01 2.330687642097473145e-01 3.606765717267990112e-02 2.030734121799468994e-01 -2.321984171867370605e-01 6.687742471694946289e-01 8.358395099639892578e-01 -7.334290146827697754e-01 -2.898599505424499512e-01 1.670689135789871216e-01 -4.239345490932464600e-01 8.066118508577346802e-02 -8.684027194976806641e-02 2.870992422103881836e-01 2.396567612886428833e-01 -1.613576710224151611e-01 4.235596060752868652e-01 5.699586272239685059e-01 6.670835614204406738e-01 -1.288362741470336914e-01 1.210424751043319702e-01 5.782731771469116211e-01 -7.991052232682704926e-03 -3.454267382621765137e-01
-8.458611369132995605e-01 -5.074721574783325195e-01 4.817385673522949219e-01 -1.042780637741088867e+00 -6.146062165498733521e-02 1.320855915546417236e-01 -2.760776281356811523e-01 -2.294062227010726929e-01 -5.874887108802795410e-01 6.671415567398071289e-01 -4.598203599452972412e-01 6.264309287071228027e-01 6.644311547279357910e-01 6.220998764038085938e-01 4.900392889976501465e-01 2.444134280085563660e-02 8.524609357118606567e-02 -1.116931214928627014e-01 4.910904765129089355e-01 3.346660137176513672e-01 4.372212290763854980e-01 -1.012913286685943604e-01 6.075919866561889648e-01 2.609513103961944580e-01 2.209558039903640747e-01 -6.481795310974121094e-01 -2.230645567178726196e-01 -8.924055099487304688e-02 3.362049460411071777e-01 -2.749869227409362793e-01 -3.145950734615325928e-01 1.704106628894805908e-01 6.655178070068359375e-01 6.199844479560852051e-01 -3.915934562683105469e-01 -8.395370841026306152e-02 3.556085824966430664e-01 6.162354946136474609e-01 3.303531110286712646e-01 -1.951871216297149658e-01 -9.298038482666015625e-01 2.178076952695846558e-01 1.555412113666534424e-01 1.415312290191650391e-01 -1.261907517910003662e-01 5.186946988105773926e-01 6.958738565444946289e-01 -7.279525995254516602e-01 -1.538217216730117798e-01 4.039433002471923828e-01 -2.471098303794860840e-01 1.883957386016845703e-01 -1.993229836225509644e-01 3.315412700176239014e-01 1.975975185632705688e-01 -9.630730748176574707e-02 3.374728858470916748e-01 5.605472922325134277e-01 7.052703499794006348e-01 -1.316887140274047852e-01 -6.383299082517623901e-02 5.881582498550415039e-01 1.177474949508905411e-02 -4.534748494625091553e-01
-2.370820939540863037e-01 -1.781506240367889404e-01 -8.338575065135955811e-02 -9.237241744995117188e-01 -3.324153721332550049e-01 1.162894070148468018e-01 1.402863860130310059e-02 -1.654258072376251221e-01 -3.893628418445587158e-01 9.987445175647735596e-02 -6.597769856452941895e-01 4.790165275335311890e-02 2.874659299850463867e-01 5.053294301033020020e-01 4.313381314277648926e-01 -5.981050729751586914e-01 -3.308958113193511963e-01 1.056955754756927490e-02 5.893386006355285645e-01 5.063600540161132812e-01 -2.809292823076248169e-02 3.374513983726501465e-02 3.504634499549865723e-01 6.338092088699340820e-01 3.193461000919342041e-01 -2.182991504669189453e-01 -4.004810750484466553e-02 -3.272956013679504395e-01 5.076117515563964844e-01 -6.500239372253417969e-01 -1.571618765592575073e-01 3.808941245079040527e-01 3.503594100475311279e-01 6.449096798896789551e-01 -1.862229406833648682e-01 1.179278865456581116e-01 1.734020560979843140e-02 -8.188521862030029297e-02 5.968734622001647949e-01 -2.859818935394287109e-01 -3.978157043457031250e-02 1.390918195247650146e-01 3.254717588424682617e-01 -1.618492603302001953e-01 -1.188516989350318909e-01 5.478445291519165039e-01 8.987811207771301270e-01 5.222108215093612671e-02 -7.150839567184448242e-01 2.518774867057800293e-01 -1.741277873516082764e-01 -2.146912366151809692e-01 -3.940061032772064209e-01 2.577164471149444580e-01 2.693801373243331909e-02 3.528653383255004883e-01 1.553068011999130249e-01 5.186588764190673828e-01 2.842782139778137207e-01 -1.206999272108078003e-01 -5.458093285560607910e-01 -2.280764579772949219e-01 -3.468711972236633301e-01 -2.400749623775482178e-01
-7.891516089439392090e-01 -4.021829664707183838e-01 3.223017156124114990e-01 -1.036628246307373047e+00 -2.151845991611480713e-01 1.225866675376892090e-01 -1.799641102552413940e-01 -1.860102415084838867e-01 -4.888397455215454102e-01 6.287931799888610840e-01 -4.854570329189300537e-01 5.597606301307678223e-01 7.660160064697265625e-01 5.167326927185058594e-01 4.471264481544494629e-01 -1.630908101797103882e-01 -5.136163532733917236e-02 -7.098877429962158203e-02 5.155360102653503418e-01 3.039328455924987793e-01 3.364313542842864990e-01 -4.263143613934516907e-02 5.546297430992126465e-01 2.941101193428039551e-01 3.724451959133148193e-01 -4.378598928451538086e-01 -1.727629899978637695e-01 -2.182437479496002197e-01 3.475795686244964600e-01 -3.772318363189697266e-01 -3.582811653614044189e-01 1.171742975711822510e-01 6.137744784355163574e-01 7.374399304389953613e-01 -3.485357761383056641e-01 4.774749279022216797e-03 1.932531893253326416e-01 5.333479046821594238e-01 4.677199721336364746e-01 -1.348224133253097534e-01 -7.631043791770935059e-01 2.408475279808044434e-01 1.880721449851989746e-01 9.401538968086242676e-02 -7.037405669689178467e-02 5.960001945495605469e-01 7.288098335266113281e-01 -5.469236373901367188e-01 -2.913248240947723389e-01 3.753236532211303711e-01 -3.378757238388061523e-01 1.954152062535285950e-02 -2.610264718532562256e-01 2.951661646366119385e-01 8.351600170135498047e-02 8.185549080371856689e-02 3.169802427291870117e-01 5.547063946723937988e-01 6.628621220588684082e-01 -1.909183859825134277e-01 -3.009588122367858887e-01 4.322868585586547852e-01 -1.934683769941329956e-01 -4.008843004703521729e-01
-5.079913139343261719e-01 -4.308833777904510498e-01 -5.746262148022651672e-02 -9.184022545814514160e-01 -3.292907774448394775e-01 2.036640793085098267e-02 -1.408900469541549683e-01 -1.949517130851745605e-01 -4.291201829910278320e-01 4.703160822391510010e-01 -4.333746135234832764e-01 3.227840960025787354e-01 4.699299037456512451e-01 4.546486735343933105e-01 4.014885425567626953e-01 -2.321819812059402466e-01 -3.130080103874206543e-01 -1.657212078571319580e-01 6.015981435775756836e-01 2.927632033824920654e-01 2.556208372116088867e-01 1.720973253250122070e-01 4.841340780258178711e-01 4.865351617336273193e-01 5.250511765480041504e-01 -2.654698193073272705e-01 -1.471024379134178162e-02 -4.062493443489074707e-01 4.052506089210510254e-01 -4.089558720588684082e-01 -2.934831976890563965e-01 2.295353710651397705e-01 4.095442295074462891e-01 6.226751804351806641e-01 -2.773561477661132812e-01 1.645827442407608032e-01 1.106235310435295105e-01 2.802083492279052734e-01 5.930185317993164062e-01 -1.743479371070861816e-01 -3.679088950157165527e-01 5.756670981645584106e-02 2.314320206642150879e-01 -1.261875033378601074e-01 -2.362489104270935059e-01 5.907677412033081055e-01 9.417879581451416016e-01 -4.387090727686882019e-02 -5.989669561386108398e-01 3.030981421470642090e-01 -3.570743203163146973e-01 -1.468988507986068726e-01 -1.384988799691200256e-02 2.992017567157745361e-01 3.352046757936477661e-02 2.924986481666564941e-01 2.187070250511169434e-01 5.556444525718688965e-01 4.615236520767211914e-01 -3.747585415840148926e-01 -1.667910367250442505e-01 8.326533436775207520e-02 -3.455445766448974609e-01 -3.184362351894378662e-01
-7.079393863677978516e-01 -2.141297906637191772e-01 2.343234419822692871e-01 -1.006739616394042969e+00 -2.652863860130310059e-01 1.452662348747253418e-01 -1.973855942487716675e-01 -3.264245390892028809e-01 -3.476827442646026611e-01 3.836718201637268066e-01 -5.692494511604309082e-01 5.308747291564941406e-01 7.408036589622497559e-01 5.146348476409912109e-01 4.466758370399475098e-01 -3.325943350791931152e-01 -2.014790475368499756e-01 8.230318129062652588e-02 4.493979811668395996e-01 3.819723725318908691e-01 1.815245449542999268e-01 -2.786585316061973572e-02 4.484584927558898926e-01 4.383895695209503174e-01 4.397229850292205811e-01 -2.819346487522125244e-01 -4.956073313951492310e-02 -3.221036791801452637e-01 3.179885447025299072e-01 -4.548957347869873047e-01 -3.247087895870208740e-01 2.672499418258666992e-01 5.453721880912780762e-01 7.766785025596618652e-01 -2.187551558017730713e-01 1.585114449262619019e-01 6.143223494291305542e-02 2.340438216924667358e-01 4.319249391555786133e-01 -6.553959101438522339e-02 -5.586990118026733398e-01 1.556324362754821777e-01 2.509098052978515625e-01 7.502055168151855469e-02 1.824853569269180298e-02 5.805925726890563965e-01 7.553858757019042969e-01 -4.042003452777862549e-01 -3.655577301979064941e-01 3.106315732002258301e-01 -3.975645005702972412e-01 -8.873716741800308228e-02 -3.381483852863311768e-01 2.959663867950439453e-01 -8.513055741786956787e-02 3.229907751083374023e-01 1.933840662240982056e-01 5.153895616531372070e-01 5.710598230361938477e-01 -2.849525809288024902e-01 -4.112444221973419189e-01 3.506854176521301270e-01 -3.705424368381500244e-01 -3.508776426315307617e-01
-3.663180768489837646e-01 -2.944886684417724609e-01 -2.319158017635345459e-01 -8.138816356658935547e-01 -4.486606121063232422e-01 -2.188454568386077881e-02 -5.537416040897369385e-02 -2.430696785449981689e-01 -2.774471640586853027e-01 2.276494055986404419e-01 -4.306818842887878418e-01 1.338723152875900269e-01 3.229031860828399658e-01 4.625031352043151855e-01 4.238560795783996582e-01 -3.226369917392730713e-01 -3.923937976360321045e-01 -1.360675990581512451e-01 5.325692296028137207e-01 3.330550789833068848e-01 1.210578158497810364e-01 2.494834512472152710e-01 3.169904351234436035e-01 5.569590330123901367e-01 5.187916159629821777e-01 -9.108764678239822388e-02 1.611208617687225342e-01 -4.301383793354034424e-01 3.337886035442352295e-01 -4.433813691139221191e-01 -2.680138349533081055e-01 2.216609716415405273e-01 3.366114497184753418e-01 6.260800361633300781e-01 -2.310846149921417236e-01 2.835265398025512695e-01 3.716390579938888550e-02 5.112665146589279175e-02 5.741882920265197754e-01 -1.161774992942810059e-01 -7.324267923831939697e-02 -5.584082752466201782e-02 3.140289485454559326e-01 -2.353345751762390137e-01 -2.082787752151489258e-01 6.083790063858032227e-01 9.848642349243164062e-01 1.808429360389709473e-01 -6.803843379020690918e-01 1.565916091203689575e-01 -3.139227032661437988e-01 -2.320854663848876953e-01 -3.003915771842002869e-02 2.846289873123168945e-01 -1.857121586799621582e-01 4.378549456596374512e-01 1.059455126523971558e-01 5.033602714538574219e-01 3.214522004127502441e-01 -3.961681723594665527e-01 -2.043166011571884155e-01 -1.702053546905517578e-01 -3.932628035545349121e-01 -1.053199693560600281e-01
-7.713526487350463867e-01 -7.012124061584472656e-01 3.528247475624084473e-01 -9.982441067695617676e-01 -1.223254650831222534e-01 -6.420403718948364258e-02 -2.652221322059631348e-01 -7.559831440448760986e-02 -4.755958914756774902e-01 6.696192026138305664e-01 -4.047760963439941406e-01 6.465194225311279297e-01 6.157958507537841797e-01 4.276342988014221191e-01 4.449188113212585449e-01 2.904528751969337463e-02 1.943071186542510986e-02 -1.368799805641174316e-01 5.836629867553710938e-01 5.899254977703094482e-02 6.117089986801147461e-01 8.700411021709442139e-02 5.054451823234558105e-01 1.605310440063476562e-01 4.455670118331909180e-01 -5.209197402000427246e-01 -1.526824235916137695e-01 -1.627458035945892334e-01 2.129182368516921997e-01 -1.699481904506683350e-01 -5.070363879203796387e-01 1.100989505648612976e-01 5.874618291854858398e-01 6.124110817909240723e-01 -3.551360368728637695e-01 6.304040551185607910e-02 4.100367724895477295e-01 6.427546739578247070e-01 4.226304292678833008e-01 -2.062344849109649658e-01 -8.265795111656188965e-01 1.891768574714660645e-01 7.316551357507705688e-02 1.081524416804313660e-01 -2.516203820705413818e-01 6.598424911499023438e-01 9.318498373031616211e-01 -6.195303797721862793e-01 -2.695601880550384521e-01 1.941629201173782349e-01 -3.809048235416412354e-01 1.812672615051269531e-02 -7.451722025871276855e-02 2.637270390987396240e-01 1.864366382360458374e-01 -8.204618096351623535e-02 3.427657783031463623e-01 5.961286425590515137e-01 6.444389820098876953e-01 -1.870610713958740234e-01 9.161476045846939087e-02 5.558648109436035156e-01 -6.101689860224723816e-02 -4.173004925251007080e-01
-7.705500125885009766e-01 -6.626561284065246582e-01 5.851501822471618652e-01 -9.838601350784301758e-01 -2.419319376349449158e-02 5.629364401102066040e-03 -2.750611305236816406e-01 -8.952496945858001709e-02 -5.010043978691101074e-01 6.675668954849243164e-01 -4.549103081226348877e-01 6.546528339385986328e-01 7.126436829566955566e-01 5.073186755180358887e-01 2.588033080101013184e-01 3.144727274775505066e-02 1.933726370334625244e-01 -1.263532042503356934e-02 5.490508675575256348e-01 2.229303717613220215e-01 6.965351104736328125e-01 -4.248103871941566467e-02 5.048419833183288574e-01 3.268226236104965210e-02 3.333879709243774414e-01 -6.280145645141601562e-01 -2.968743145465850830e-01 -2.920220792293548584e-02 1.657581329345703125e-01 -1.275665163993835449e-01 -3.081516921520233154e-01 7.285790145397186279e-02 5.918925404548645020e-01 5.529623031616210938e-01 -3.696427643299102783e-01 -1.347037702798843384e-01 3.360770940780639648e-01 7.735862135887145996e-01 4.177128076553344727e-01 -1.866443455219268799e-01 -1.004627108573913574e+00 2.607727050781250000e-01 1.016709282994270325e-01 2.525894045829772949e-01 -2.226012647151947021e-01 5.280987620353698730e-01 6.579156517982482910e-01 -8.460304737091064453e-01 -1.294920891523361206e-01 1.975884288549423218e-01 -3.599237799644470215e-01 1.694316715002059937e-01 -5.932318046689033508e-02 2.270343899726867676e-01 3.456973433494567871e-01 -1.867700815200805664e-01 3.691745400428771973e-01 4.854114055633544922e-01 6.433049440383911133e-01 -6.933800131082534790e-02 4.399417713284492493e-02 6.939026117324829102e-01 6.224982813000679016e-02 -3.820673823356628418e-01
-8.454916477203369141e-01 -7.280927896499633789e-01 4.526956081390380859e-01 -9.782627820968627930e-01 -6.320931017398834229e-03 7.453262805938720703e-04 -2.668727040290832520e-01 -4.344585165381431580e-02 -4.655256569385528564e-01 7.084008455276489258e-01 -3.949986398220062256e-01 5.735323429107666016e-01 5.528753995895385742e-01 3.821511566638946533e-01 5.067691206932067871e-01 1.050470769405364990e-01 9.955214709043502808e-02 -1.318772733211517334e-01 4.751528501510620117e-01 5.863425135612487793e-02 6.147769689559936523e-01 2.955368347465991974e-02 5.037108659744262695e-01 6.463049352169036865e-02 3.616926372051239014e-01 -5.575083494186401367e-01 -1.363160163164138794e-01 -1.457922160625457764e-02 1.230489388108253479e-01 -1.906433701515197754e-01 -5.765089392662048340e-01 -9.176701307296752930e-03 6.355800628662109375e-01 4.842189848423004150e-01 -4.036621451377868652e-01 -9.580115973949432373e-02 5.241751074790954590e-01 6.983678340911865234e-01 3.004692792892456055e-01 -2.215854525566101074e-01 -9.539219737052917480e-01 2.151683717966079712e-01 8.509496599435806274e-02 1.613551080226898193e-01 -4.382886886596679688e-01 7.442151308059692383e-01 8.471065163612365723e-01 -7.306810021400451660e-01 -1.340739428997039795e-01 2.735730409622192383e-01 -3.312596976757049561e-01 1.244239956140518188e-01 -1.384456008672714233e-01 2.196884453296661377e-01 2.189386636018753052e-01 -2.536610960960388184e-01 3.843380510807037354e-01 6.001213788986206055e-01 7.235407829284667969e-01 -3.659822046756744385e-03 9.428654611110687256e-02 5.477696657180786133e-01 1.037497147917747498e-01 -4.638238251209259033e-01
-6.361569762229919434e-01 -1.964314877986907959e-01 1.980316638946533203e-01 -1.008105993270874023e+00 -1.317847967147827148e-01 1.739335805177688599e-01 -1.823091357946395874e-01 -4.100179076194763184e-01 -3.718757331371307373e-01 4.331540763378143311e-01 -5.712755918502807617e-01 4.015514552593231201e-01 6.326448321342468262e-01 6.004521846771240234e-01 5.023376345634460449e-01 -4.250625669956207275e-01 -2.100489586591720581e-01 3.882335126399993896e-02 5.079610347747802734e-01 6.275098323822021484e-01 9.115176647901535034e-02 -1.425787955522537231e-01 5.683775544166564941e-01 4.370572566986083984e-01 4.018242359161376953e-01 -4.868457913398742676e-01 -6.922116130590438843e-02 -2.152914553880691528e-01 5.279340147972106934e-01 -4.497022628784179688e-01 -1.334291845560073853e-01 3.437558412551879883e-01 4.143103361129760742e-01 6.985650062561035156e-01 -2.548624873161315918e-01 5.982009321451187134e-02 4.627858847379684448e-02 2.067687809467315674e-01 4.797355532646179199e-01 -2.271604835987091064e-01 -4.058908522129058838e-01 1.823644042015075684e-01 2.651877403259277344e-01 -4.075658321380615234e-02 -1.361964046955108643e-01 5.881530046463012695e-01 6.131367087364196777e-01 -4.012273550033569336e-01 -3.468497395515441895e-01 5.088819265365600586e-01 -3.461275100708007812e-01 3.540238738059997559e-02 -2.994290590286254883e-01 2.946990728378295898e-01 7.001179456710815430e-02 3.712483048439025879e-01 2.872006893157958984e-01 5.738357901573181152e-01 5.903545618057250977e-01 -1.090902835130691528e-01 -5.905631184577941895e-01 2.592114210128784180e-01 -3.478946089744567871e-01 -4.027730226516723633e-01
-7.844249010086059570e-01 -3.586301803588867188e-01 3.099218606948852539e-01 -9.806324839591979980e-01 -2.424810230731964111e-01 1.765284389257431030e-01 -1.912149637937545776e-01 -2.579489350318908691e-01 -4.589045941829681396e-01 5.637186765670776367e-01 -4.403471350669860840e-01 5.522122383117675781e-01 7.456229329109191895e-01 5.664342045783996582e-01 4.959263801574707031e-01 -1.727787256240844727e-01 -3.882561111822724342e-03 -5.325847491621971130e-02 4.756001234054565430e-01 3.569625318050384521e-01 2.397360801696777344e-01 -1.974406465888023376e-02 5.510385036468505859e-01 2.612460851669311523e-01 3.564220070838928223e-01 -3.285290300846099854e-01 -1.875596344470977783e-01 -1.745313107967376709e-01 2.688315808773040771e-01 -4.354982078075408936e-01 -3.437910079956054688e-01 7.646347582340240479e-02 6.135888099670410156e-01 7.405032515525817871e-01 -3.414420187473297119e-01 4.341820627450942993e-02 1.624646484851837158e-01 4.483519494533538818e-01 4.114977717399597168e-01 -5.020518600940704346e-02 -7.476855516433715820e-01 1.588425338268280029e-01 2.254683673381805420e-01 9.380812197923660278e-02 -6.357569247484207153e-02 6.080645322799682617e-01 6.493443846702575684e-01 -5.604375600814819336e-01 -2.793326675891876221e-01 3.934009671211242676e-01 -3.541565239429473877e-01 4.434698261320590973e-03 -2.659790813922882080e-01 2.879027128219604492e-01 -3.450606018304824829e-02 1.347569674253463745e-01 3.027311265468597412e-01 5.511332154273986816e-01 6.334871053695678711e-01 -2.381589263677597046e-01 -3.176316320896148682e-01 4.271130561828613281e-01 -2.168304175138473511e-01 -3.565747737884521484e-01
-7.132604122161865234e-01 -4.767108261585235596e-01 2.456582188606262207e-01 -1.023759722709655762e+00 -2.571641206741333008e-01 9.533765912055969238e-02 -1.597520560026168823e-01 -2.062977254390716553e-01 -4.450024068355560303e-01 5.654772520065307617e-01 -5.344827175140380859e-01 5.092903971672058105e-01 8.121233582496643066e-01 4.041540622711181641e-01 3.676870465278625488e-01 -1.161468699574470520e-01 -1.503259688615798950e-01 -5.099017545580863953e-02 5.461342334747314453e-01 3.048541247844696045e-01 3.322339057922363281e-01 -1.608841493725776672e-02 5.522212982177734375e-01 2.768760323524475098e-01 4.193173646926879883e-01 -3.353228569030761719e-01 -1.731473356485366821e-01 -2.952175140380859375e-01 3.680471777915954590e-01 -3.690451085567474365e-01 -3.695656955242156982e-01 9.725274145603179932e-02 6.131896376609802246e-01 8.084022998809814453e-01 -2.995239496231079102e-01 7.022736221551895142e-02 1.688568890094757080e-01 5.067625045776367188e-01 5.158852934837341309e-01 -9.839388728141784668e-02 -7.524907588958740234e-01 2.203723341226577759e-01 2.495786845684051514e-01 9.770192205905914307e-02 -9.207805991172790527e-02 6.151923537254333496e-01 7.287163734436035156e-01 -4.213537871837615967e-01 -3.061707615852355957e-01 3.479864597320556641e-01 -3.741979002952575684e-01 -3.533251211047172546e-02 -1.607574671506881714e-01 2.652140855789184570e-01 1.264405101537704468e-01 1.762038320302963257e-01 2.865481972694396973e-01 5.115950107574462891e-01 5.392159819602966309e-01 -2.509883642196655273e-01 -2.571393847465515137e-01 3.964688181877136230e-01 -2.072326838970184326e-01 -3.135934174060821533e-01
-7.582627534866333008e-01 -6.304955482482910156e-01 3.389343023300170898e-01 -1.035803914070129395e+00 1.462481915950775146e-02 7.195833325386047363e-02 -2.430850714445114136e-01 -1.537983417510986328e-01 -3.922921121120452881e-01 6.341417431831359863e-01 -5.884346961975097656e-01 6.106703281402587891e-01 5.613005757331848145e-01 2.814390659332275391e-01 4.294962286949157715e-01 4.058184847235679626e-02 -1.171275079250335693e-01 -1.381425559520721436e-01 5.234286189079284668e-01 1.883925497531890869e-01 5.171881914138793945e-01 -4.874534904956817627e-03 6.158430576324462891e-01 2.693366706371307373e-01 3.431936800479888916e-01 -6.520428061485290527e-01 -8.944167941808700562e-02 -1.595565676689147949e-01 3.983252942562103271e-01 -2.812140583992004395e-01 -4.289060235023498535e-01 2.479898631572723389e-01 5.990276336669921875e-01 5.556496977806091309e-01 -2.764440178871154785e-01 -1.915028691291809082e-02 3.883551061153411865e-01 5.524876117706298828e-01 3.364569544792175293e-01 -2.534371316432952881e-01 -8.846927285194396973e-01 2.412090897560119629e-01 1.085676327347755432e-01 1.270162463188171387e-01 -2.868093252182006836e-01 6.614383459091186523e-01 8.680509924888610840e-01 -6.015841960906982422e-01 -1.991526335477828979e-01 3.420529961585998535e-01 -3.557642996311187744e-01 1.650533974170684814e-01 -1.059030294418334961e-01 2.929671704769134521e-01 3.464435935020446777e-01 -1.040711700916290283e-01 3.637560307979583740e-01 6.027435660362243652e-01 6.210551261901855469e-01 -9.868250787258148193e-02 -6.845637410879135132e-02 5.497131347656250000e-01 -4.757334291934967041e-02 -4.972088336944580078e-01
-8.624871373176574707e-01 -6.483796834945678711e-01 6.447916030883789062e-01 -1.067734956741333008e+00 -8.870317041873931885e-02 5.108094960451126099e-02 -1.900002211332321167e-01 -1.754572987556457520e-01 -6.475608944892883301e-01 7.012903094291687012e-01 -4.179363548755645752e-01 6.364014744758605957e-01 5.762634277343750000e-01 7.092720866203308105e-01 4.584647417068481445e-01 -1.035282388329505920e-02 3.579804003238677979e-01 -2.028270065784454346e-02 5.275754332542419434e-01 4.281212985515594482e-01 6.299511194229125977e-01 -2.887791991233825684e-01 4.515077471733093262e-01 1.517902910709381104e-01 2.248879224061965942e-01 -6.427251100540161133e-01 -3.311143219470977783e-01 4.627074301242828369e-02 2.016651928424835205e-01 -2.436291575431823730e-01 -1.887093484401702881e-01 7.358872890472412109e-02 7.273566722869873047e-01 5.360985994338989258e-01 -4.593983590602874756e-01 -5.886906385421752930e-02 3.307258784770965576e-01 5.941851735115051270e-01 3.156215250492095947e-01 -2.974444627761840820e-01 -8.784898519515991211e-01 2.614066302776336670e-01 2.069953680038452148e-01 3.246398866176605225e-01 -1.592395007610321045e-01 4.504724144935607910e-01 6.725603342056274414e-01 -9.105934500694274902e-01 -3.321351855993270874e-02 3.770590424537658691e-01 -1.414954513311386108e-01 3.208545446395874023e-01 -1.630123406648635864e-01 1.688157171010971069e-01 1.201417148113250732e-01 -1.411900371313095093e-01 4.402200579643249512e-01 6.312236189842224121e-01 7.101769447326660156e-01 -1.027839630842208862e-02 -1.152346581220626831e-01 7.111141681671142578e-01 1.400662958621978760e-01 -3.329204618930816650e-01
-7.557344436645507812e-01 -6.966392397880554199e-01 3.492644131183624268e-01 -9.217522144317626953e-01 -2.005846798419952393e-01 -1.355491876602172852e-01 -2.495478242635726929e-01 -4.157903417944908142e-02 -4.847350120544433594e-01 6.939311623573303223e-01 -3.157473802566528320e-01 6.328520774841308594e-01 6.124421358108520508e-01 5.116021037101745605e-01 3.968806862831115723e-01 3.621364757418632507e-02 1.078706756234169006e-01 -1.558071374893188477e-01 6.173898577690124512e-01 5.599981546401977539e-02 6.748381853103637695e-01 7.591877877712249756e-02 4.536078572273254395e-01 9.417925775051116943e-02 4.820732772350311279e-01 -4.338494837284088135e-01 -2.004945427179336548e-01 -1.187199130654335022e-01 1.440773457288742065e-01 -1.601881384849548340e-01 -4.967251718044281006e-01 -2.155475318431854248e-02 5.554320812225341797e-01 6.085857748985290527e-01 -3.800665736198425293e-01 4.148829728364944458e-02 3.791171908378601074e-01 7.112795710563659668e-01 4.469564557075500488e-01 -2.114751636981964111e-01 -8.241435289382934570e-01 1.500358730554580688e-01 6.548444181680679321e-02 1.390427798032760620e-01 -2.737766802310943604e-01 6.576257348060607910e-01 8.729866743087768555e-01 -6.274375915527343750e-01 -3.039982616901397705e-01 2.273120731115341187e-01 -4.037989974021911621e-01 4.051868245005607605e-02 -2.794150635600090027e-02 2.492062449455261230e-01 1.204202622175216675e-01 -1.318928748369216919e-01 3.513387441635131836e-01 6.006758213043212891e-01 6.734196543693542480e-01 -1.756257116794586182e-01 1.196562051773071289e-01 5.177454948425292969e-01 -2.936108782887458801e-02 -3.702268898487091064e-01
-6.143673658370971680e-01 -5.243513584136962891e-01 5.789375305175781250e-02 -1.014841318130493164e+00 -2.100859880447387695e-01 9.920430183410644531e-02 -1.430386751890182495e-01 -1.937669515609741211e-01 -4.188979268074035645e-01 5.653638243675231934e-01 -5.254627466201782227e-01 4.262503087520599365e-01 5.244790315628051758e-01 4.286059737205505371e-01 4.532870650291442871e-01 -1.655108183622360229e-01 -2.427084147930145264e-01 -1.413223147392272949e-01 6.159678697586059570e-01 2.624260485172271729e-01 2.592617273330688477e-01 9.285019338130950928e-02 5.697999596595764160e-01 3.955107331275939941e-01 4.700464904308319092e-01 -3.817455470561981201e-01 -5.626065656542778015e-02 -2.893162369728088379e-01 4.464720785617828369e-01 -3.986735939979553223e-01 -3.691569268703460693e-01 2.365886569023132324e-01 4.784114360809326172e-01 6.522284150123596191e-01 -3.310894072055816650e-01 1.452423334121704102e-01 2.319331169128417969e-01 3.336895108222961426e-01 5.717128515243530273e-01 -2.432954311370849609e-01 -5.012504458427429199e-01 1.883086562156677246e-01 1.609920561313629150e-01 -1.706299185752868652e-02 -2.307977676391601562e-01 7.152376174926757812e-01 9.129791855812072754e-01 -2.652390897274017334e-01 -4.306197762489318848e-01 3.222583532333374023e-01 -3.232330083847045898e-01 -8.116398751735687256e-02 -1.375344246625900269e-01 2.700466215610504150e-01 1.425574570894241333e-01 1.897355020046234131e-01 3.219241797924041748e-01 6.299443840980529785e-01 5.137486457824707031e-01 -2.625526189804077148e-01 -2.429106086492538452e-01 1.798510849475860596e-01 -2.826372087001800537e-01 -3.501346409320831299e-01
-5.793848037719726562e-01 -6.062598228454589844e-01 1.777298748493194580e-02 -1.027293801307678223e+00 -1.405873298645019531e-01 1.161899715662002563e-01 -1.004647165536880493e-01 -1.752975583076477051e-01 -4.120908975601196289e-01 5.070875287055969238e-01 -6.228477954864501953e-01 3.202857375144958496e-01 4.276043772697448730e-01 3.419489860534667969e-01 4.422717094421386719e-01 -1.004726514220237732e-01 -3.419144153594970703e-01 -1.931454837322235107e-01 6.292902231216430664e-01 3.672751486301422119e-01 1.914325058460235596e-01 -7.015708833932876587e-03 6.365124583244323730e-01 3.798187077045440674e-01 3.880777955055236816e-01 -3.985095024108886719e-01 2.099830191582441330e-03 -3.031128942966461182e-01 5.255044102668762207e-01 -4.470718502998352051e-01 -3.064102828502655029e-01 2.044999003410339355e-01 4.799613654613494873e-01 6.433973908424377441e-01 -3.244865834712982178e-01 8.988510817289352417e-02 2.151176035404205322e-01 3.079912066459655762e-01 5.314066410064697266e-01 -3.090124130249023438e-01 -5.093904137611389160e-01 2.227700352668762207e-01 2.962314784526824951e-01 -2.699211239814758301e-02 -2.655014693737030029e-01 7.102220654487609863e-01 8.647165894508361816e-01 -2.495934367179870605e-01 -4.311113357543945312e-01 3.677064180374145508e-01 -2.648822367191314697e-01 -1.925428770482540131e-02 -1.395779103040695190e-01 3.042962849140167236e-01 1.998037844896316528e-01 1.428990662097930908e-01 3.661498427391052246e-01 6.020774841308593750e-01 4.487669467926025391e-01 -1.804242134094238281e-01 -2.047480493783950806e-01 1.355512887239456177e-01 -2.093867957592010498e-01 -3.051733374595642090e-01
-7.539384961128234863e-01 -3.022409677505493164e-01 2.103022336959838867e-01 -8.900995850563049316e-01 -2.678875327110290527e-01 2.252737432718276978e-01 -1.830119937658309937e-01 -2.945470213890075684e-01 -4.734164476394653320e-01 5.565721988677978516e-01 -5.139406919479370117e-01 4.237022697925567627e-01 6.806256175041198730e-01 4.983538389205932617e-01 4.061673283576965332e-01 -1.993731409311294556e-01 -2.046549320220947266e-01 -8.319479227066040039e-02 4.778947830200195312e-01 2.515823245048522949e-01 2.094118148088455200e-01 6.412582099437713623e-02 4.463926553726196289e-01 4.197737276554107666e-01 4.311161935329437256e-01 -3.185641467571258545e-01 -1.079079285264015198e-01 -3.304231762886047363e-01 3.174048662185668945e-01 -3.873200416564941406e-01 -3.041884899139404297e-01 1.613259762525558472e-01 5.758482217788696289e-01 7.354534864425659180e-01 -3.491139411926269531e-01 9.849449992179870605e-02 1.347565054893493652e-01 4.248645305633544922e-01 4.791179299354553223e-01 -9.514418244361877441e-02 -5.921045541763305664e-01 1.766259819269180298e-01 2.474473118782043457e-01 3.764882683753967285e-02 -7.535482943058013916e-02 6.096619963645935059e-01 7.715947031974792480e-01 -3.430672883987426758e-01 -3.482324481010437012e-01 4.209601283073425293e-01 -3.312395513057708740e-01 -3.314031660556793213e-02 -2.928761243820190430e-01 2.370215952396392822e-01 5.626808106899261475e-02 2.644352018833160400e-01 1.487837731838226318e-01 5.071650147438049316e-01 6.583585739135742188e-01 -3.201642334461212158e-01 -2.952937483787536621e-01 3.287557363510131836e-01 -2.346573919057846069e-01 -3.601629137992858887e-01
-6.957731246948242188e-01 -5.710637569427490234e-01 3.461911082267761230e-01 -9.974732995033264160e-01 -1.840415596961975098e-01 8.974184095859527588e-02 -1.947738081216812134e-01 -1.510724574327468872e-01 -5.224377512931823730e-01 5.555220842361450195e-01 -5.493718385696411133e-01 5.129873752593994141e-01 8.069468736648559570e-01 3.502575457096099854e-01 2.205957174301147461e-01 -1.385842859745025635e-01 -1.619063019752502441e-01 -3.193917125463485718e-02 6.230178475379943848e-01 1.975860595703125000e-01 4.711056649684906006e-01 2.292938530445098877e-02 4.597548842430114746e-01 2.788653671741485596e-01 3.976148664951324463e-01 -4.631958007812500000e-01 -2.484138906002044678e-01 -3.333083391189575195e-01 3.705564141273498535e-01 -1.892145574092864990e-01 -3.632643520832061768e-01 1.552249193191528320e-01 5.962601900100708008e-01 7.194259762763977051e-01 -3.334617018699645996e-01 -4.959732294082641602e-03 2.293947041034698486e-01 5.813098549842834473e-01 5.498523116111755371e-01 -1.413035988807678223e-01 -7.531539201736450195e-01 2.329444289207458496e-01 1.828680932521820068e-01 1.197306215763092041e-01 -1.408464610576629639e-01 5.381523370742797852e-01 7.698535919189453125e-01 -3.916489183902740479e-01 -3.033772706985473633e-01 2.848921418190002441e-01 -3.677676916122436523e-01 -1.044493839144706726e-01 -1.556308716535568237e-01 2.487888932228088379e-01 3.268389701843261719e-01 1.349081695079803467e-01 2.124098241329193115e-01 4.437336325645446777e-01 5.166994929313659668e-01 -2.744899988174438477e-01 -1.157596707344055176e-01 4.734408855438232422e-01 -1.187151223421096802e-01 -3.794925808906555176e-01
-6.454687118530273438e-01 -1.163557469844818115e-01 4.486013948917388916e-02 -9.232628941535949707e-01 -3.071407675743103027e-01 1.616703271865844727e-01 -1.443061381578445435e-01 -3.428162932395935059e-01 -3.845114409923553467e-01 3.239407241344451904e-01 -6.295415759086608887e-01 3.864643573760986328e-01 4.937207400798797607e-01 6.052040457725524902e-01 5.025004744529724121e-01 -3.627529442310333252e-01 -3.003682196140289307e-01 -7.021073997020721436e-02 4.482867121696472168e-01 4.802230894565582275e-01 1.417225599288940430e-02 -7.459859549999237061e-02 4.162091016769409180e-01 5.789968967437744141e-01 4.330984354019165039e-01 -2.209270894527435303e-01 7.489982992410659790e-02 -3.402763903141021729e-01 3.849031329154968262e-01 -6.308789253234863281e-01 -1.460510790348052979e-01 3.174023032188415527e-01 5.324108600616455078e-01 7.165114879608154297e-01 -2.401352226734161377e-01 1.787253171205520630e-01 -6.416086852550506592e-02 1.426580399274826050e-01 3.913705348968505859e-01 -1.122555732727050781e-01 -4.197895526885986328e-01 1.379054933786392212e-01 4.184187054634094238e-01 -2.424037456512451172e-02 7.853241264820098877e-02 5.545886754989624023e-01 8.540939688682556152e-01 -2.735666930675506592e-01 -5.016719102859497070e-01 4.443593621253967285e-01 -2.427064478397369385e-01 -1.388046611100435257e-02 -3.399094641208648682e-01 3.513401150703430176e-01 -2.033008038997650146e-01 3.220042288303375244e-01 1.500048488378524780e-01 5.317029953002929688e-01 5.333808064460754395e-01 -2.728406190872192383e-01 -3.677252829074859619e-01 1.137023568153381348e-01 -3.526304662227630615e-01 -3.389444053173065186e-01
-8.346384763717651367e-01 -5.890935659408569336e-01 3.969975709915161133e-01 -1.061195611953735352e+00 -1.588021218776702881e-01 1.909815892577171326e-02 -2.020478397607803345e-01 -1.197238340973854065e-01 -4.663257896900177002e-01 6.726333498954772949e-01 -5.217661857604980469e-01 6.264623403549194336e-01 8.590924739837646484e-01 4.489018917083740234e-01 4.175606966018676758e-01 3.642934933304786682e-02 3.193728625774383545e-02 -5.442973226308822632e-02 5.343548655509948730e-01 2.286045700311660767e-01 4.802395105361938477e-01 -3.976501896977424622e-02 5.351781249046325684e-01 1.366829127073287964e-01 3.688446283340454102e-01 -4.394360780715942383e-01 -1.936195492744445801e-01 -1.442793309688568115e-01 3.214622437953948975e-01 -2.449323832988739014e-01 -4.559612870216369629e-01 1.340225338935852051e-03 6.632605195045471191e-01 7.295287251472473145e-01 -3.607189059257507324e-01 3.822952508926391602e-03 2.738174200057983398e-01 6.886993646621704102e-01 3.940142393112182617e-01 -1.327457427978515625e-01 -9.242551326751708984e-01 2.858514189720153809e-01 1.713682711124420166e-01 1.419996172189712524e-01 -8.795000612735748291e-02 5.758397579193115234e-01 7.269811034202575684e-01 -6.666457653045654297e-01 -1.950169205665588379e-01 2.256039530038833618e-01 -3.439984321594238281e-01 -5.361480172723531723e-03 -2.329110354185104370e-01 2.504104971885681152e-01 1.300744265317916870e-01 -2.981391549110412598e-02 3.801982700824737549e-01 5.490742325782775879e-01 6.162720322608947754e-01 -1.262049674987792969e-01 -7.228072732686996460e-02 4.954227209091186523e-01 -4.157079383730888367e-02 -3.444254398345947266e-01
-7.108382582664489746e-01 -6.579269766807556152e-01 3.132375478744506836e-01 -9.519405961036682129e-01 -1.773330569267272949e-01 -7.383115589618682861e-02 -2.604342103004455566e-01 -4.159390553832054138e-02 -5.378117561340332031e-01 6.659761667251586914e-01 -3.294515013694763184e-01 6.164981722831726074e-01 6.338003277778625488e-01 4.891486167907714844e-01 4.141391515731811523e-01 -7.829459011554718018e-02 3.722484409809112549e-02 -1.494531482458114624e-01 6.277433633804321289e-01 1.004797667264938354e-01 5.703941583633422852e-01 1.153442114591598511e-01 4.848124980926513672e-01 2.030768096446990967e-01 4.429384768009185791e-01 -4.602883458137512207e-01 -2.013998627662658691e-01 -2.040634304285049438e-01 2.699847519397735596e-01 -1.877396553754806519e-01 -5.037672519683837891e-01 7.703811675310134888e-02 5.474773049354553223e-01 6.346883773803710938e-01 -3.597152829170227051e-01 2.930215746164321899e-02 3.371427059173583984e-01 6.424815058708190918e-01 4.700569510459899902e-01 -1.823851913213729858e-01 -7.509739995002746582e-01 1.706822663545608521e-01 6.449218839406967163e-02 8.055984228849411011e-02 -2.708253264427185059e-01 6.439465880393981934e-01 8.986098766326904297e-01 -5.150445103645324707e-01 -3.675679564476013184e-01 2.517917752265930176e-01 -3.993968069553375244e-01 -4.086023569107055664e-02 -9.261181950569152832e-02 2.856339514255523682e-01 1.664736419916152954e-01 -7.143661379814147949e-03 3.143101632595062256e-01 5.862231254577636719e-01 6.926904320716857910e-01 -2.302685230970382690e-01 3.951608762145042419e-02 4.774261116981506348e-01 -1.540820747613906860e-01 -4.398387670516967773e-01
-5.974683165550231934e-01 -2.069262862205505371e-01 1.952991783618927002e-01 -9.971421957015991211e-01 -1.043718680739402771e-01 2.886676788330078125e-01 -1.126517206430435181e-01 -3.283093571662902832e-01 -3.195464611053466797e-01 3.832377791404724121e-01 -7.895274162292480469e-01 3.335992693901062012e-01 6.216318011283874512e-01 4.256824254989624023e-01 4.959276914596557617e-01 -2.854794263839721680e-01 -1.754715591669082642e-01 5.573164671659469604e-03 4.121415615081787109e-01 5.854316353797912598e-01 3.028595447540283203e-02 -7.567696273326873779e-02 5.240049958229064941e-01 4.571367204189300537e-01 2.674188315868377686e-01 -3.426086604595184326e-01 -8.559118956327438354e-02 -1.791261136531829834e-01 4.815272390842437744e-01 -6.845719814300537109e-01 -2.068251967430114746e-01 2.929003536701202393e-01 5.741220116615295410e-01 7.038315534591674805e-01 -2.547350227832794189e-01 -3.561080992221832275e-02 1.099899411201477051e-03 2.170687764883041382e-01 3.486759662628173828e-01 -9.231328964233398438e-02 -5.627797842025756836e-01 2.381957173347473145e-01 3.347288072109222412e-01 3.450000286102294922e-02 -9.775669127702713013e-02 6.314424276351928711e-01 6.932879090309143066e-01 -3.706661760807037354e-01 -3.228362798690795898e-01 4.796978235244750977e-01 -2.205821573734283447e-01 7.663604617118835449e-02 -3.895165026187896729e-01 2.565490603446960449e-01 1.122540682554244995e-01 1.622104942798614502e-01 2.327840626239776611e-01 5.707135200500488281e-01 4.893544912338256836e-01 -7.523120939731597900e-02 -5.110245943069458008e-01 1.904493570327758789e-01 -2.582740783691406250e-01 -3.982266783714294434e-01
-5.398810505867004395e-01 -5.124357938766479492e-01 1.244284510612487793e-01 -1.014421105384826660e+00 -1.640186309814453125e-01 8.767855167388916016e-02 -2.058834284543991089e-01 -1.086720898747444153e-01 -4.860045313835144043e-01 3.979666531085968018e-01 -4.618634581565856934e-01 3.596504330635070801e-01 4.976392090320587158e-01 3.910777568817138672e-01 4.260658621788024902e-01 -2.616644203662872314e-01 -2.777235805988311768e-01 -1.440090686082839966e-01 6.897879242897033691e-01 2.785992622375488281e-01 2.888090014457702637e-01 5.928831174969673157e-02 5.277128815650939941e-01 4.024082124233245850e-01 4.157792031764984131e-01 -4.011215567588806152e-01 -1.075507551431655884e-01 -3.798467516899108887e-01 4.687164425849914551e-01 -3.812889158725738525e-01 -2.977449595928192139e-01 2.931036353111267090e-01 4.206459224224090576e-01 6.178790330886840820e-01 -3.017886281013488770e-01 4.776762425899505615e-02 1.709457039833068848e-01 2.811831235885620117e-01 5.654034018516540527e-01 -2.018927633762359619e-01 -5.164421200752258301e-01 2.060289680957794189e-01 2.881204187870025635e-01 -7.761374115943908691e-02 -2.344403266906738281e-01 5.598673820495605469e-01 9.410709142684936523e-01 -2.082645595073699951e-01 -5.571988821029663086e-01 3.227891325950622559e-01 -3.925970196723937988e-01 -1.963687688112258911e-01 -1.704950779676437378e-01 3.501242697238922119e-01 2.268051058053970337e-01 1.798012554645538330e-01 2.546042799949645996e-01 5.193951129913330078e-01 4.691301584243774414e-01 -2.786990106105804443e-01 -1.348233520984649658e-01 2.459601163864135742e-01 -2.656324803829193115e-01 -4.774883985519409180e-01
-5.840587615966796875e-01 -4.021811485290527344e-01 -1.326610594987869263e-01 -8.932939171791076660e-01 -2.622115910053253174e-01 1.471616029739379883e-01 -5.852192640304565430e-02 -2.133481800556182861e-01 -2.876538932323455811e-01 3.972224593162536621e-01 -4.975065886974334717e-01 1.526163518428802490e-01 3.164409399032592773e-01 3.962340950965881348e-01 5.844199061393737793e-01 -2.104594260454177856e-01 -3.968803286552429199e-01 -2.271438539028167725e-01 4.808568358421325684e-01 3.124124109745025635e-01 6.403152644634246826e-02 1.990452408790588379e-01 4.910941720008850098e-01 4.740360975265502930e-01 4.840359389781951904e-01 -1.909999251365661621e-01 2.080554217100143433e-01 -2.975159585475921631e-01 2.827404737472534180e-01 -5.068757534027099609e-01 -3.557058572769165039e-01 1.652044802904129028e-01 4.362464547157287598e-01 5.459053516387939453e-01 -3.359513878822326660e-01 1.603518873453140259e-01 1.846682131290435791e-01 1.577695608139038086e-01 4.941760897636413574e-01 -1.618771404027938843e-01 -2.064233124256134033e-01 4.928746074438095093e-02 3.474688529968261719e-01 -2.282520830631256104e-01 -3.538417518138885498e-01 7.564305067062377930e-01 9.676807522773742676e-01 -7.978476583957672119e-03 -5.113571882247924805e-01 2.509574890136718750e-01 -2.106008976697921753e-01 -1.674494296312332153e-01 -1.558232307434082031e-01 2.409208714962005615e-01 -1.447174847126007080e-01 2.724201977252960205e-01 2.335461676120758057e-01 5.975323915481567383e-01 4.216587543487548828e-01 -2.747815847396850586e-01 -1.894754022359848022e-01 -8.963593840599060059e-02 -3.038616776466369629e-01 -2.281808257102966309e-01
-7.206614613533020020e-01 -7.266764044761657715e-01 4.444706439971923828e-01 -9.145168662071228027e-01 -1.038727611303329468e-01 -1.305764615535736084e-01 -2.560604214668273926e-01 -7.668018341064453125e-03 -4.987424015998840332e-01 6.862877607345581055e-01 -3.625448048114776611e-01 6.461904644966125488e-01 6.288127899169921875e-01 4.755608439445495605e-01 3.474235534667968750e-01 2.451774105429649353e-02 1.524787545204162598e-01 -1.299831271171569824e-01 5.692211389541625977e-01 4.061019420623779297e-02 7.070183753967285156e-01 3.467454761266708374e-02 4.693579673767089844e-01 1.228839159011840820e-03 4.243783056735992432e-01 -5.398482680320739746e-01 -2.651541531085968018e-01 -6.955593824386596680e-02 1.605304926633834839e-01 -1.131386309862136841e-01 -4.553539156913757324e-01 1.831325888633728027e-02 5.856681466102600098e-01 5.848453640937805176e-01 -3.666116297245025635e-01 -5.876874923706054688e-02 4.148572981357574463e-01 7.787206172943115234e-01 4.225474596023559570e-01 -2.525831460952758789e-01 -9.052723646163940430e-01 2.327537536621093750e-01 5.662728101015090942e-02 1.795155853033065796e-01 -2.798653244972229004e-01 6.677437424659729004e-01 8.002676367759704590e-01 -7.164689898490905762e-01 -2.534377574920654297e-01 2.531238794326782227e-01 -4.272208511829376221e-01 8.016324788331985474e-02 -5.090078338980674744e-02 2.718310356140136719e-01 2.850588560104370117e-01 -1.765454411506652832e-01 3.918060362339019775e-01 5.601769089698791504e-01 6.862234473228454590e-01 -1.090099662542343140e-01 1.088501140475273132e-01 6.222252845764160156e-01 4.353072121739387512e-02 -3.819665610790252686e-01
-3.186635673046112061e-01 -3.668176829814910889e-01 -4.397584870457649231e-02 -8.821249604225158691e-01 -3.043058514595031738e-01 6.287197768688201904e-02 -6.722533702850341797e-02 -1.626286804676055908e-01 -3.868634700775146484e-01 1.763007640838623047e-01 -5.563215613365173340e-01 1.543103456497192383e-01 4.056423902511596680e-01 3.986069560050964355e-01 3.537443876266479492e-01 -4.570653736591339111e-01 -3.518926203250885010e-01 -1.548603922128677368e-02 5.816822052001953125e-01 4.063870310783386230e-01 8.987571299076080322e-02 1.811075657606124878e-01 3.234102725982666016e-01 4.935074150562286377e-01 4.705400764942169189e-01 -1.514086127281188965e-01 -1.409428566694259644e-02 -4.792192876338958740e-01 3.734105825424194336e-01 -4.437987804412841797e-01 -2.042467892169952393e-01 2.994166612625122070e-01 3.278720974922180176e-01 6.644982099533081055e-01 -2.108883559703826904e-01 1.837994158267974854e-01 -1.867786049842834473e-03 9.997866302728652954e-02 5.896290540695190430e-01 -1.127047538757324219e-01 -1.148295924067497253e-01 7.255062460899353027e-02 3.842754065990447998e-01 -1.553700864315032959e-01 -1.735824942588806152e-01 5.611712336540222168e-01 9.066653847694396973e-01 1.054728999733924866e-01 -6.929109692573547363e-01 1.509494930505752563e-01 -3.024851977825164795e-01 -3.343155086040496826e-01 -2.381124347448348999e-01 2.403917908668518066e-01 4.128596186637878418e-02 4.564491808414459229e-01 1.202025860548019409e-01 4.455754756927490234e-01 3.370772302150726318e-01 -3.288722038269042969e-01 -2.144122123718261719e-01 2.094730734825134277e-04 -4.172137677669525146e-01 -2.107330858707427979e-01
-4.993245899677276611e-01 -4.195103347301483154e-01 -1.002660989761352539e-01 -8.972137570381164551e-01 -4.107764661312103271e-01 4.052305966615676880e-02 -6.818218529224395752e-02 -2.008602619171142578e-01 -3.547843694686889648e-01 4.125649929046630859e-01 -4.247349500656127930e-01 2.682443559169769287e-01 3.839785456657409668e-01 4.469189047813415527e-01 4.504643082618713379e-01 -2.452284395694732666e-01 -3.053726255893707275e-01 -1.323866546154022217e-01 5.675771236419677734e-01 2.499537169933319092e-01 1.848197728395462036e-01 2.627270817756652832e-01 3.897833824157714844e-01 5.002800226211547852e-01 5.386993885040283203e-01 -1.466543972492218018e-01 4.924794659018516541e-02 -3.898558020591735840e-01 2.780323028564453125e-01 -4.020313918590545654e-01 -3.492451906204223633e-01 1.996041089296340942e-01 3.583934009075164795e-01 6.332667469978332520e-01 -2.819549441337585449e-01 2.814110517501831055e-01 1.275042891502380371e-01 1.883113235235214233e-01 6.040410995483398438e-01 -1.358383893966674805e-01 -1.877882778644561768e-01 -1.501272059977054596e-02 2.214039862155914307e-01 -1.514235734939575195e-01 -2.281361520290374756e-01 6.418418884277343750e-01 1.000035524368286133e+00 4.099837690591812134e-02 -5.949945449829101562e-01 1.527982950210571289e-01 -2.721346914768218994e-01 -2.178265303373336792e-01 -7.981887459754943848e-02 2.155919075012207031e-01 -1.195841729640960693e-01 3.483923971652984619e-01 1.705416142940521240e-01 5.877003669738769531e-01 4.092424511909484863e-01 -3.976753950119018555e-01 -1.460093110799789429e-01 -5.969494581222534180e-03 -3.744519352912902832e-01 -1.834356486797332764e-01
-3.062761127948760986e-01 -2.997048795223236084e-01 -3.338397741317749023e-01 -7.825214862823486328e-01 -4.202753901481628418e-01 4.919646680355072021e-02 1.100584864616394043e-03 -2.271676957607269287e-01 -3.317762017250061035e-01 2.257336378097534180e-01 -4.475694894790649414e-01 5.971100926399230957e-02 2.481187880039215088e-01 4.230396747589111328e-01 4.872146248817443848e-01 -3.971661925315856934e-01 -4.687421023845672607e-01 -1.719690263271331787e-01 4.958215951919555664e-01 3.651022315025329590e-01 -5.411274731159210205e-02 2.484112679958343506e-01 3.583299517631530762e-01 5.558402538299560547e-01 4.643182456493377686e-01 -6.428354233503341675e-02 1.950343549251556396e-01 -4.621701836585998535e-01 3.953597545623779297e-01 -5.047190785408020020e-01 -2.039059698581695557e-01 2.608232498168945312e-01 3.298400938510894775e-01 6.160558462142944336e-01 -2.352387011051177979e-01 2.480191141366958618e-01 -1.145359128713607788e-02 7.565439678728580475e-03 6.135609149932861328e-01 -1.551949083805084229e-01 8.627304807305335999e-03 -1.516628358513116837e-02 3.472116887569427490e-01 -2.999309599399566650e-01 -2.055559754371643066e-01 6.374523043632507324e-01 9.276459217071533203e-01 2.429370880126953125e-01 -7.129999995231628418e-01 1.959539800882339478e-01 -2.457517385482788086e-01 -2.801878452301025391e-01 -1.176968514919281006e-01 3.150770962238311768e-01 -2.036821842193603516e-01 5.120861530303955078e-01 1.211154311895370483e-01 5.015849471092224121e-01 3.120679557323455811e-01 -3.665232062339782715e-01 -2.858468890190124512e-01 -2.875199615955352783e-01 -4.599481225013732910e-01 -8.728418499231338501e-02
-4.356003999710083008e-01 -2.390013635158538818e-01 -5.551869422197341919e-02 -9.266550540924072266e-01 -2.293307483196258545e-01 1.357238292694091797e-01 -7.313536107540130615e-02 -4.080759286880493164e-01 -2.381721436977386475e-01 3.169623017311096191e-01 -7.619278430938720703e-01 2.671408653259277344e-01 6.334263682365417480e-01 3.122521638870239258e-01 3.163065910339355469e-01 -3.895384371280670166e-01 -5.351913571357727051e-01 1.173780113458633423e-01 4.069218635559082031e-01 4.275657236576080322e-01 -9.020984172821044922e-03 9.933410584926605225e-02 3.753213286399841309e-01 4.156594574451446533e-01 4.966876804828643799e-01 -2.961531579494476318e-01 8.660309016704559326e-02 -4.725154042243957520e-01 4.950636029243469238e-01 -3.291101753711700439e-01 -1.555928587913513184e-01 4.156213402748107910e-01 4.341920912265777588e-01 6.814711689949035645e-01 -1.791988909244537354e-01 1.895414739847183228e-01 4.725664854049682617e-03 1.210265830159187317e-01 6.000536084175109863e-01 -2.093347907066345215e-01 -2.270368486642837524e-01 1.994124203920364380e-01 2.848241329193115234e-01 -1.241597235202789307e-01 -8.360759913921356201e-02 6.428233981132507324e-01 7.325046062469482422e-01 -5.115132778882980347e-02 -4.694618582725524902e-01 1.734662503004074097e-01 -4.230323135852813721e-01 -2.133807986974716187e-01 -2.439383417367935181e-01 2.401598691940307617e-01 1.696805804967880249e-01 5.682203769683837891e-01 1.556553840637207031e-01 3.889852762222290039e-01 3.261351585388183594e-01 -2.568998932838439941e-01 -5.331446528434753418e-01 5.660630762577056885e-03 -4.254472851753234863e-01 -1.206737235188484192e-01
-6.215409040451049805e-01 -2.267446219921112061e-01 1.090430021286010742e-01 -9.319844245910644531e-01 -2.331425249576568604e-01 3.000912964344024658e-01 -8.158528804779052734e-02 -3.177171647548675537e-01 -3.519246876239776611e-01 3.622467815876007080e-01 -6.979842185974121094e-01 3.272204697132110596e-01 5.398869514465332031e-01 4.989923834800720215e-01 5.093953609466552734e-01 -3.060461282730102539e-01 -1.566535830497741699e-01 7.536225020885467529e-04 4.542076587677001953e-01 4.620674848556518555e-01 1.773244142532348633e-02 4.477592557668685913e-02 4.671111106872558594e-01 5.506678819656372070e-01 3.609559535980224609e-01 -2.832672297954559326e-01 -4.546953365206718445e-02 -2.293096482753753662e-01 3.703776895999908447e-01 -6.396044492721557617e-01 -2.826086878776550293e-01 2.478927671909332275e-01 4.994978606700897217e-01 7.172738313674926758e-01 -2.681107223033905029e-01 9.974670410156250000e-02 4.764340817928314209e-03 2.067954093217849731e-01 4.047974944114685059e-01 -1.191848218441009521e-01 -4.504651129245758057e-01 1.428636014461517334e-01 2.617665827274322510e-01 -7.940709590911865234e-03 -1.540514826774597168e-02 6.644367575645446777e-01 7.882770895957946777e-01 -3.375141322612762451e-01 -4.248798787593841553e-01 3.580278754234313965e-01 -1.583101153373718262e-01 -5.157473683357238770e-02 -5.111137628555297852e-01 2.547699511051177979e-01 -3.799306228756904602e-02 2.723127901554107666e-01 2.073116004467010498e-01 6.078611612319946289e-01 5.472757220268249512e-01 -1.925546228885650635e-01 -4.399606883525848389e-01 9.332655370235443115e-02 -3.298620879650115967e-01 -3.218740224838256836e-01
-7.187604904174804688e-01 -7.612621784210205078e-01 4.690729379653930664e-01 -9.845457077026367188e-01 5.252479761838912964e-02 -4.518255963921546936e-02 -2.248089760541915894e-01 -4.742606729269027710e-02 -4.382810890674591064e-01 6.570745706558227539e-01 -5.221059918403625488e-01 6.273762583732604980e-01 6.442458033561706543e-01 3.173981010913848877e-01 3.239846825599670410e-01 5.887471511960029602e-02 5.442334711551666260e-02 -8.710556477308273315e-02 5.615271925926208496e-01 1.624044030904769897e-01 6.595516204833984375e-01 -5.045778676867485046e-02 5.572515726089477539e-01 5.805489048361778259e-02 3.302530944347381592e-01 -6.088787913322448730e-01 -1.932212114334106445e-01 -8.970860391855239868e-02 3.374555706977844238e-01 -1.565293222665786743e-01 -4.454258382320404053e-01 7.618662714958190918e-02 5.912415981292724609e-01 5.989386439323425293e-01 -3.054909110069274902e-01 -1.041118353605270386e-01 4.223523139953613281e-01 7.354548573493957520e-01 3.560588061809539795e-01 -2.622058391571044922e-01 -9.701777696609497070e-01 2.943886220455169678e-01 9.169656783342361450e-02 2.220054417848587036e-01 -3.359552919864654541e-01 6.807162761688232422e-01 7.557987570762634277e-01 -7.164422869682312012e-01 -1.704752594232559204e-01 2.845987677574157715e-01 -4.006451964378356934e-01 1.624296456575393677e-01 -1.308939158916473389e-01 2.400081157684326172e-01 4.004063010215759277e-01 -2.127147316932678223e-01 3.942861557006835938e-01 5.403158664703369141e-01 6.861546039581298828e-01 -3.312095999717712402e-03 2.054389938712120056e-02 6.157268881797790527e-01 3.835466876626014709e-02 -4.248601198196411133e-01
-8.170419931411743164e-01 -3.901598751544952393e-01 2.563717067241668701e-01 -9.873383045196533203e-01 -2.466003298759460449e-01 1.229277253150939941e-01 -2.478471249341964722e-01 -2.887152433395385742e-01 -4.269124567508697510e-01 5.621019601821899414e-01 -4.921229779720306396e-01 5.757181048393249512e-01 8.162152767181396484e-01 4.980012774467468262e-01 4.360423684120178223e-01 -1.234975904226303101e-01 -1.417869329452514648e-01 -6.079215556383132935e-02 5.114662647247314453e-01 3.134024441242218018e-01 3.024547100067138672e-01 9.298421442508697510e-03 5.053800940513610840e-01 2.780673503875732422e-01 4.345003068447113037e-01 -3.612867593765258789e-01 -1.328161358833312988e-01 -2.557330131530761719e-01 2.828545570373535156e-01 -3.512870669364929199e-01 -3.663614690303802490e-01 1.260797381401062012e-01 6.315125226974487305e-01 7.581354379653930664e-01 -3.499192893505096436e-01 8.477678149938583374e-02 1.272818446159362793e-01 4.766001999378204346e-01 4.420468807220458984e-01 -5.953682214021682739e-02 -7.451969385147094727e-01 1.511566489934921265e-01 2.222145199775695801e-01 8.318690955638885498e-02 -3.983946144580841064e-02 5.841178297996520996e-01 6.765955090522766113e-01 -5.100263357162475586e-01 -2.470512688159942627e-01 3.339623212814331055e-01 -3.988773524761199951e-01 -3.980709612369537354e-02 -1.673493832349777222e-01 3.093795776367187500e-01 5.073286592960357666e-03 2.043851166963577271e-01 2.543654739856719971e-01 5.480688214302062988e-01 5.799446105957031250e-01 -2.737391591072082520e-01 -2.299944311380386353e-01 4.447220563888549805e-01 -2.282789647579193115e-01 -3.499528467655181885e-01
-7.215483784675598145e-01 -2.655822038650512695e-01 2.254320681095123291e-01 -9.315321445465087891e-01 -1.641802489757537842e-01 2.742196917533874512e-01 -1.966249793767929077e-01 -3.787473440170288086e-01 -5.069717168807983398e-01 4.533824920654296875e-01 -5.228765606880187988e-01 3.738355934619903564e-01 5.150436758995056152e-01 5.593546628952026367e-01 5.366860628128051758e-01 -3.085902333259582520e-01 -2.470772564411163330e-01 -2.617786824703216553e-02 5.010045766830444336e-01 5.074263215065002441e-01 9.468909353017807007e-02 -2.520993724465370178e-02 5.901544094085693359e-01 4.967974126338958740e-01 3.117681145668029785e-01 -3.887679576873779297e-01 -6.300859898328781128e-02 -2.716924846172332764e-01 3.566756546497344971e-01 -5.080299973487854004e-01 -1.355481594800949097e-01 3.124201297760009766e-01 4.810929596424102783e-01 7.373601198196411133e-01 -2.614956796169281006e-01 7.451754808425903320e-02 9.138866513967514038e-02 2.605348527431488037e-01 4.635429382324218750e-01 -1.211679428815841675e-01 -5.378696322441101074e-01 7.326738536357879639e-02 2.940759658813476562e-01 -5.761069059371948242e-02 -1.075077727437019348e-01 5.279817581176757812e-01 6.990870237350463867e-01 -4.309814870357513428e-01 -3.358298242092132568e-01 4.305478334426879883e-01 -1.969953179359436035e-01 9.407888352870941162e-02 -2.854969203472137451e-01 2.772198617458343506e-01 -6.691517680883407593e-02 2.388525754213333130e-01 1.535431146621704102e-01 5.617601871490478516e-01 6.185528039932250977e-01 -1.779464185237884521e-01 -3.636648952960968018e-01 3.321390151977539062e-01 -3.112190365791320801e-01 -4.080115556716918945e-01
-6.659145951271057129e-01 -4.528274238109588623e-01 7.340654730796813965e-02 -9.240952134132385254e-01 -3.082094788551330566e-01 7.287648320198059082e-02 -1.530264765024185181e-01 -1.718658506870269775e-01 -4.758577346801757812e-01 5.515487194061279297e-01 -3.769797384738922119e-01 3.901664316654205322e-01 4.336359798908233643e-01 5.074781179428100586e-01 5.252304673194885254e-01 -1.566528677940368652e-01 -1.840053945779800415e-01 -1.907369494438171387e-01 5.655702948570251465e-01 2.398896664381027222e-01 2.798686921596527100e-01 9.328870475292205811e-02 5.706670880317687988e-01 4.622765779495239258e-01 4.454024732112884521e-01 -2.513575553894042969e-01 -3.360921144485473633e-02 -2.781927287578582764e-01 3.045161664485931396e-01 -4.749593734741210938e-01 -3.499756753444671631e-01 1.333862692117691040e-01 4.933876097202301025e-01 6.434300541877746582e-01 -2.689552009105682373e-01 1.749110072851181030e-01 2.045783996582031250e-01 3.110830783843994141e-01 4.814267754554748535e-01 -1.550483107566833496e-01 -5.164017677307128906e-01 6.553013622760772705e-02 2.377727329730987549e-01 -4.741764068603515625e-02 -2.304389178752899170e-01 5.922743082046508789e-01 9.558542370796203613e-01 -2.736402451992034912e-01 -4.944343566894531250e-01 3.570792078971862793e-01 -2.779941856861114502e-01 -1.909884624183177948e-03 -8.699607849121093750e-02 2.578806877136230469e-01 -1.265049278736114502e-01 1.202134788036346436e-01 2.680868804454803467e-01 6.091943383216857910e-01 5.608914494514465332e-01 -3.131989538669586182e-01 -1.606146246194839478e-01 2.261325716972351074e-01 -2.536126673221588135e-01 -3.843816518783569336e-01
-7.092134952545166016e-01 -6.531366109848022461e-01 3.945075571537017822e-01 -1.054325461387634277e+00 2.002766728401184082e-02 1.800055801868438721e-02 -2.117436975240707397e-01 -7.298850268125534058e-02 -4.402534961700439453e-01 6.324200630187988281e-01 -6.351500153541564941e-01 5.432958006858825684e-01 6.626807451248168945e-01 3.114264607429504395e-01 3.554305434226989746e-01 1.498993951827287674e-03 -3.434525430202484131e-02 -8.805604279041290283e-02 5.699014663696289062e-01 2.687794268131256104e-01 5.448156595230102539e-01 -1.187497526407241821e-01 6.067818403244018555e-01 1.914066821336746216e-01 3.279121220111846924e-01 -6.636149883270263672e-01 -1.696824431419372559e-01 -1.484683454036712646e-01 4.590334594249725342e-01 -2.879219949245452881e-01 -4.202990233898162842e-01 1.455345153808593750e-01 6.029154658317565918e-01 6.219308972358703613e-01 -2.966449260711669922e-01 -1.355949938297271729e-01 3.044454157352447510e-01 6.361055374145507812e-01 3.773137032985687256e-01 -3.033472895622253418e-01 -9.203423857688903809e-01 3.382094502449035645e-01 1.272064745426177979e-01 1.299161612987518311e-01 -2.676901817321777344e-01 6.359243392944335938e-01 7.963041067123413086e-01 -6.775730848312377930e-01 -2.258114963769912720e-01 3.920816183090209961e-01 -3.212940692901611328e-01 1.471122503280639648e-01 -1.918468028306961060e-01 3.162646889686584473e-01 4.115571379661560059e-01 -1.446039676666259766e-01 4.154533445835113525e-01 5.519861578941345215e-01 6.271040439605712891e-01 -3.125652670860290527e-03 -1.550659388303756714e-01 4.908776283264160156e-01 -5.579273216426372528e-03 -4.783817529678344727e-01
-6.780292987823486328e-01 -3.322184979915618896e-01 7.780252397060394287e-02 -1.003057479858398438e+00 -3.086030781269073486e-01 1.870139688253402710e-01 -1.016255170106887817e-01 -2.248983234167098999e-01 -3.941737115383148193e-01 3.598907291889190674e-01 -5.083689093589782715e-01 3.873691856861114502e-01 3.692602515220642090e-01 5.601043701171875000e-01 6.277401447296142578e-01 -2.127235978841781616e-01 -1.967981010675430298e-01 -1.705829203128814697e-01 4.733164906501770020e-01 4.197092950344085693e-01 -9.134069085121154785e-03 -8.008994162082672119e-02 5.827130079269409180e-01 5.055899620056152344e-01 2.719467878341674805e-01 -1.387406885623931885e-01 5.730828642845153809e-02 -2.424314916133880615e-01 3.077876865863800049e-01 -6.941568255424499512e-01 -3.152272701263427734e-01 1.551249325275421143e-01 5.524143576622009277e-01 7.653056383132934570e-01 -2.474194467067718506e-01 1.696755588054656982e-01 1.394519209861755371e-01 1.038266867399215698e-01 3.861863315105438232e-01 -1.211547553539276123e-01 -4.832253754138946533e-01 1.007976830005645752e-01 4.399749338626861572e-01 8.608064055442810059e-02 -7.817273586988449097e-02 6.401479244232177734e-01 8.675795793533325195e-01 -3.054040372371673584e-01 -4.419591426849365234e-01 4.137904644012451172e-01 -2.069032490253448486e-01 4.436832293868064880e-02 -2.949782013893127441e-01 3.530031144618988037e-01 -3.051492571830749512e-01 1.543892323970794678e-01 2.751903831958770752e-01 6.072171926498413086e-01 5.017089247703552246e-01 -2.732774615287780762e-01 -2.763650119304656982e-01 1.987274289131164551e-01 -2.801381647586822510e-01 -3.160096704959869385e-01
-7.749710083007812500e-01 -3.693129122257232666e-01 2.354040145874023438e-01 -9.932002425193786621e-01 -1.313501447439193726e-01 2.400992512702941895e-01 -2.242301255464553833e-01 -3.548727631568908691e-01 -4.336568713188171387e-01 5.225784778594970703e-01 -5.886120796203613281e-01 5.619226694107055664e-01 6.971906423568725586e-01 5.515393614768981934e-01 4.883469939231872559e-01 -1.540942788124084473e-01 -9.295385330915451050e-02 -3.373245149850845337e-02 6.038545966148376465e-01 5.250707864761352539e-01 1.495304703712463379e-01 -3.918776288628578186e-02 5.593709349632263184e-01 4.321076571941375732e-01 3.487976491451263428e-01 -4.780729413032531738e-01 -1.386189460754394531e-01 -1.903319656848907471e-01 4.496585726737976074e-01 -4.261917173862457275e-01 -2.885421514511108398e-01 1.965689659118652344e-01 5.106078982353210449e-01 7.474298477172851562e-01 -3.496156632900238037e-01 7.439099997282028198e-02 1.088056489825248718e-01 4.131731986999511719e-01 3.944471180438995361e-01 -9.736725687980651855e-02 -6.947667002677917480e-01 1.075042709708213806e-01 2.379675209522247314e-01 7.085263729095458984e-02 -1.954466849565505981e-02 5.558708310127258301e-01 6.691984534263610840e-01 -5.049980282783508301e-01 -2.756132483482360840e-01 3.728691339492797852e-01 -2.293750941753387451e-01 7.793252356350421906e-03 -3.478480875492095947e-01 3.075188696384429932e-01 5.758662521839141846e-02 2.169445902109146118e-01 2.505096793174743652e-01 6.033358573913574219e-01 5.540620088577270508e-01 -1.977162063121795654e-01 -2.399373501539230347e-01 3.295392394065856934e-01 -2.616916000843048096e-01 -4.273968338966369629e-01
-7.693026065826416016e-01 -5.094600319862365723e-01 2.092111110687255859e-01 -9.669476747512817383e-01 -2.187720835208892822e-01 -1.718419045209884644e-02 -2.549595236778259277e-01 -1.871813386678695679e-01 -4.226515591144561768e-01 6.622415184974670410e-01 -4.742180407047271729e-01 6.045771837234497070e-01 6.765491366386413574e-01 4.911103248596191406e-01 4.518268704414367676e-01 -1.217284500598907471e-01 -1.191047281026840210e-01 -1.076673567295074463e-01 6.138508915901184082e-01 2.099595218896865845e-01 4.239541888236999512e-01 8.256851136684417725e-02 5.249358415603637695e-01 2.934223413467407227e-01 5.504974722862243652e-01 -4.730605185031890869e-01 -1.159852221608161926e-01 -2.013607174158096313e-01 2.910439074039459229e-01 -2.776017487049102783e-01 -4.180515706539154053e-01 1.520228087902069092e-01 5.440018177032470703e-01 6.794939637184143066e-01 -3.375180661678314209e-01 1.484306752681732178e-01 2.529759407043457031e-01 5.110650062561035156e-01 5.017518401145935059e-01 -2.114152461290359497e-01 -6.280152201652526855e-01 1.506299376487731934e-01 1.154669597744941711e-01 5.460092425346374512e-02 -1.568837165832519531e-01 6.306520700454711914e-01 8.744543194770812988e-01 -5.121533870697021484e-01 -2.911805510520935059e-01 2.531495094299316406e-01 -3.777191042900085449e-01 -1.890915445983409882e-02 -4.077607020735740662e-02 2.424704134464263916e-01 9.159319102764129639e-02 1.445277333259582520e-01 3.360956013202667236e-01 6.371691823005676270e-01 5.576691031455993652e-01 -2.521107792854309082e-01 -1.374703794717788696e-01 4.286589622497558594e-01 -2.393405735492706299e-01 -3.886027336120605469e-01
-8.131328821182250977e-01 -4.727866947650909424e-01 5.140393972396850586e-01 -7.944370508193969727e-01 -2.443249523639678955e-02 1.599153876304626465e-01 -2.334616035223007202e-01 -1.955122947692871094e-01 -6.464424133300781250e-01 6.102626919746398926e-01 -4.104730188846588135e-01 5.832725167274475098e-01 7.254737019538879395e-01 5.314139723777770996e-01 4.267746210098266602e-01 -1.875924766063690186e-01 1.075121611356735229e-01 -6.740229576826095581e-02 5.804461240768432617e-01 3.444083034992218018e-01 4.952539205551147461e-01 -1.105245947837829590e-02 4.641380906105041504e-01 7.834632694721221924e-02 3.457047939300537109e-01 -4.361771047115325928e-01 -3.053066134452819824e-01 -1.302753388881683350e-01 2.770498096942901611e-01 -3.021938204765319824e-01 -1.940664350986480713e-01 7.666834443807601929e-02 6.618850827217102051e-01 7.072643637657165527e-01 -3.777593076229095459e-01 -4.042142629623413086e-02 2.174843847751617432e-01 6.407353281974792480e-01 3.237515389919281006e-01 -6.131944805383682251e-02 -8.451902866363525391e-01 2.048482745885848999e-01 1.476432085037231445e-01 1.540757119655609131e-01 -1.626996695995330811e-01 5.394904017448425293e-01 5.522957444190979004e-01 -7.552554607391357422e-01 8.718008175492286682e-03 4.404410123825073242e-01 -3.536566793918609619e-01 1.366729438304901123e-01 -2.424744218587875366e-01 9.087905287742614746e-02 2.262160629034042358e-01 6.709583103656768799e-03 1.749293506145477295e-01 5.547853708267211914e-01 8.340095877647399902e-01 -1.462348997592926025e-01 -1.783874481916427612e-01 6.740069985389709473e-01 -1.276332736015319824e-01 -3.822482824325561523e-01
-6.971251368522644043e-01 -6.464524269104003906e-01 3.623942732810974121e-01 -9.900392293930053711e-01 -1.469377577304840088e-01 -9.629109501838684082e-02 -2.739803791046142578e-01 -4.936016723513603210e-02 -4.972830414772033691e-01 6.501840949058532715e-01 -3.783770501613616943e-01 6.275149583816528320e-01 6.309664249420166016e-01 5.317209959030151367e-01 3.973838686943054199e-01 -4.277155920863151550e-02 6.880097836256027222e-02 -1.553502380847930908e-01 6.149209737777709961e-01 1.668883264064788818e-01 5.999302864074707031e-01 4.706982523202896118e-02 5.433655977249145508e-01 1.636233627796173096e-01 4.323815405368804932e-01 -5.330824851989746094e-01 -2.289193421602249146e-01 -1.124589145183563232e-01 2.459559887647628784e-01 -2.187242805957794189e-01 -4.475781619548797607e-01 9.507547318935394287e-02 5.706543326377868652e-01 5.982282757759094238e-01 -3.501475453376770020e-01 -7.752664387226104736e-03 3.611164391040802002e-01 6.550469994544982910e-01 4.534012079238891602e-01 -2.062340229749679565e-01 -8.068024516105651855e-01 1.689696907997131348e-01 1.043132469058036804e-01 1.058733910322189331e-01 -2.720504701137542725e-01 6.082864999771118164e-01 8.619241714477539062e-01 -5.770108103752136230e-01 -3.468787968158721924e-01 2.694102525711059570e-01 -3.856901824474334717e-01 3.075421974062919617e-02 1.005145534873008728e-02 3.104276359081268311e-01 2.038515061140060425e-01 -9.998196363449096680e-02 3.902186155319213867e-01 5.841716527938842773e-01 5.942581295967102051e-01 -1.836755275726318359e-01 5.875428393483161926e-02 5.308138132095336914e-01 -6.728406995534896851e-02 -4.366946816444396973e-01
-7.906267642974853516e-01 -5.272535681724548340e-01 4.354908466339111328e-01 -1.010630846023559570e+00 -8.889934420585632324e-02 2.999744191765785217e-02 -2.167773395776748657e-01 -1.583814024925231934e-01 -4.749945998191833496e-01 6.837258934974670410e-01 -5.240418314933776855e-01 6.411487460136413574e-01 8.397278189659118652e-01 5.180005431175231934e-01 4.204960465431213379e-01 -1.073055490851402283e-01 1.395481228828430176e-01 9.564898908138275146e-03 5.630454421043395996e-01 2.942205071449279785e-01 5.121544599533081055e-01 -6.594334542751312256e-02 5.158789157867431641e-01 1.390700936317443848e-01 4.150507152080535889e-01 -5.455564260482788086e-01 -2.404627054929733276e-01 -9.343222528696060181e-02 3.037551045417785645e-01 -2.758204340934753418e-01 -3.632594943046569824e-01 4.883297532796859741e-02 6.396831870079040527e-01 6.690317988395690918e-01 -3.648289740085601807e-01 -1.515954732894897461e-02 2.223450243473052979e-01 6.393916010856628418e-01 3.963848054409027100e-01 -1.519704312086105347e-01 -8.558058738708496094e-01 2.968505918979644775e-01 8.490175753831863403e-02 1.557917445898056030e-01 -8.336504548788070679e-02 5.651900768280029297e-01 6.977696418762207031e-01 -7.858667373657226562e-01 -1.554294824600219727e-01 2.827528119087219238e-01 -3.539417684078216553e-01 6.432878971099853516e-02 -2.250586897134780884e-01 2.111680805683135986e-01 1.834702938795089722e-01 -3.741899132728576660e-02 3.901619315147399902e-01 5.618883967399597168e-01 6.556507945060729980e-01 -1.040813848376274109e-01 -2.214389592409133911e-01 5.443603992462158203e-01 -9.718787670135498047e-02 -4.063240289688110352e-01
-6.393676996231079102e-01 -5.559059977531433105e-01 2.583913803100585938e-01 -9.869588017463684082e-01 -1.737122982740402222e-01 7.025100290775299072e-02 -1.795861870050430298e-01 -3.993605822324752808e-02 -6.010470390319824219e-01 6.170209050178527832e-01 -4.096252918243408203e-01 4.426858723163604736e-01 5.799238681793212891e-01 4.879271388053894043e-01 3.997422456741333008e-01 -1.919747889041900635e-01 -4.772302508354187012e-02 -1.603169590234756470e-01 6.601535081863403320e-01 2.244451195001602173e-01 3.968674242496490479e-01 8.484148979187011719e-02 5.507231950759887695e-01 3.656858801841735840e-01 3.441493213176727295e-01 -4.075231254100799561e-01 -2.553685605525970459e-01 -2.164769172668457031e-01 4.555965363979339600e-01 -3.403974175453186035e-01 -4.103850126266479492e-01 1.404194533824920654e-01 5.289990901947021484e-01 6.182136535644531250e-01 -3.562205731868743896e-01 -2.619862556457519531e-02 2.901529073715209961e-01 4.850977361202239990e-01 4.881893396377563477e-01 -1.808553934097290039e-01 -6.317432522773742676e-01 1.940957158803939819e-01 1.506194174289703369e-01 1.780956983566284180e-02 -3.037018477916717529e-01 5.957531929016113281e-01 9.014244079589843750e-01 -3.095282316207885742e-01 -4.519450366497039795e-01 3.740208745002746582e-01 -3.004782795906066895e-01 -9.031404554843902588e-02 -1.897820383310317993e-01 2.278424501419067383e-01 2.147941440343856812e-01 8.203700184822082520e-03 2.876650691032409668e-01 5.737282633781433105e-01 6.079955101013183594e-01 -2.222865223884582520e-01 -1.391533911228179932e-01 2.915915250778198242e-01 -1.806585043668746948e-01 -5.046820640563964844e-01
-5.083453655242919922e-01 -3.806096911430358887e-01 3.018201887607574463e-02 -9.713395237922668457e-01 -2.855265438556671143e-01 1.004975140094757080e-01 -1.631166189908981323e-01 -2.241960018873214722e-01 -3.953969776630401611e-01 4.497289657592773438e-01 -5.354281663894653320e-01 3.918518126010894775e-01 6.227750778198242188e-01 4.806829690933227539e-01 3.588761091232299805e-01 -2.779792845249176025e-01 -2.287916243076324463e-01 -1.157030090689659119e-01 6.245318651199340820e-01 4.223960936069488525e-01 1.713870167732238770e-01 1.210786402225494385e-01 4.880577921867370605e-01 4.580340981483459473e-01 4.521622657775878906e-01 -3.264199197292327881e-01 -1.065416783094406128e-01 -3.712165653705596924e-01 4.723614752292633057e-01 -4.387405514717102051e-01 -2.840643227100372314e-01 2.514979839324951172e-01 4.307871758937835693e-01 7.410742044448852539e-01 -2.939572334289550781e-01 1.267865002155303955e-01 2.642869949340820312e-02 3.347759842872619629e-01 5.989474058151245117e-01 -9.849528968334197998e-02 -4.200572073459625244e-01 1.201695576310157776e-01 2.708003222942352295e-01 -3.778114914894104004e-03 -1.462680101394653320e-01 6.145493984222412109e-01 7.954856157302856445e-01 -1.067052334547042847e-01 -5.293583273887634277e-01 3.266519308090209961e-01 -3.650506734848022461e-01 -1.311016231775283813e-01 -1.198510527610778809e-01 3.305623531341552734e-01 1.372064501047134399e-01 3.515323400497436523e-01 2.284848392009735107e-01 5.488398671150207520e-01 4.557899236679077148e-01 -3.251150250434875488e-01 -2.504785656929016113e-01 1.741414964199066162e-01 -3.905375301837921143e-01 -3.379767835140228271e-01
-2.409592270851135254e-01 -3.503361642360687256e-01 -8.384522795677185059e-02 -8.884341716766357422e-01 -2.244041264057159424e-01 1.341908723115921021e-01 -3.088955581188201904e-02 -1.940389871597290039e-01 -4.186554551124572754e-01 1.717868745326995850e-01 -6.661324501037597656e-01 1.014927476644515991e-01 3.743048310279846191e-01 4.525653719902038574e-01 4.417703151702880859e-01 -5.199305415153503418e-01 -2.875937819480895996e-01 1.984310150146484375e-02 5.988672375679016113e-01 5.384215116500854492e-01 -9.430423378944396973e-02 1.314704865217208862e-01 3.362656831741333008e-01 5.357457399368286133e-01 3.393494784832000732e-01 -2.067025303840637207e-01 -8.293106406927108765e-02 -3.739157021045684814e-01 5.239921808242797852e-01 -5.314999222755432129e-01 -1.786548793315887451e-01 3.454967737197875977e-01 3.731099963188171387e-01 7.009507417678833008e-01 -2.384744584560394287e-01 1.422900408506393433e-01 3.851078450679779053e-03 -4.754978232085704803e-03 5.627915859222412109e-01 -1.793982088565826416e-01 -2.278285659849643707e-02 1.270458102226257324e-01 3.660137057304382324e-01 -1.310704052448272705e-01 -1.442573964595794678e-01 5.828203558921813965e-01 8.555962443351745605e-01 1.109121218323707581e-01 -6.335899233818054199e-01 1.900675743818283081e-01 -1.839988827705383301e-01 -3.106613755226135254e-01 -3.667482733726501465e-01 2.100394964218139648e-01 8.416184782981872559e-02 4.664179980754852295e-01 1.576322019100189209e-01 5.115413665771484375e-01 2.573682367801666260e-01 -2.251953482627868652e-01 -3.846408426761627197e-01 -1.218643859028816223e-01 -4.234359860420227051e-01 -2.139894366264343262e-01
-3.031514883041381836e-01 -6.091506779193878174e-02 -1.830087602138519287e-01 -7.514125108718872070e-01 -4.310224354267120361e-01 5.732249841094017029e-02 -6.032033264636993408e-02 -4.056257009506225586e-01 -2.230380773544311523e-01 4.755444824695587158e-02 -6.058849096298217773e-01 7.329168915748596191e-02 5.102233886718750000e-01 4.385086894035339355e-01 2.815141677856445312e-01 -4.498024284839630127e-01 -4.866899847984313965e-01 3.102752566337585449e-02 3.733919262886047363e-01 4.448681473731994629e-01 -2.914675325155258179e-02 1.569393426179885864e-01 2.006003409624099731e-01 5.804105997085571289e-01 4.600873589515686035e-01 -8.468662202358245850e-02 1.584247797727584839e-01 -5.330167412757873535e-01 3.829565048217773438e-01 -4.464964866638183594e-01 -1.077298596501350403e-01 3.457869887351989746e-01 4.201690554618835449e-01 7.421939373016357422e-01 -1.584179401397705078e-01 2.159286737442016602e-01 -1.260510981082916260e-01 -1.289827656000852585e-02 5.448647737503051758e-01 -4.549300670623779297e-02 -9.131110459566116333e-02 7.267992943525314331e-03 4.333802759647369385e-01 -1.848870217800140381e-01 -1.247198879718780518e-02 5.621998310089111328e-01 7.945644259452819824e-01 2.023289501667022705e-01 -6.294251680374145508e-01 2.138976007699966431e-01 -3.791255950927734375e-01 -2.510153055191040039e-01 -1.651326715946197510e-01 3.321351408958435059e-01 -1.126584410667419434e-01 6.308156251907348633e-01 -2.318635582923889160e-02 3.079417943954467773e-01 2.781547605991363525e-01 -3.872727155685424805e-01 -4.214703440666198730e-01 -1.596281081438064575e-01 -4.286632835865020752e-01 -3.292440995573997498e-02
-7.774366736412048340e-01 -3.697620332241058350e-01 2.256776392459869385e-01 -9.874107241630554199e-01 -1.475514769554138184e-01 2.796121239662170410e-01 -1.410488337278366089e-01 -3.007050454616546631e-01 -3.175774216651916504e-01 4.820060133934020996e-01 -7.402869462966918945e-01 4.590043723583221436e-01 6.963769197463989258e-01 4.058612585067749023e-01 4.399595260620117188e-01 -6.647370755672454834e-02 -1.525072306394577026e-01 -8.475220203399658203e-02 5.146322250366210938e-01 4.417833089828491211e-01 1.593047976493835449e-01 -3.156504034996032715e-02 5.000745654106140137e-01 3.378126919269561768e-01 2.624706327915191650e-01 -3.106181025505065918e-01 -8.609616011381149292e-02 -1.064292788505554199e-01 4.496934413909912109e-01 -5.441491007804870605e-01 -3.376038372516632080e-01 1.346538960933685303e-01 6.080242991447448730e-01 7.625522613525390625e-01 -3.328912854194641113e-01 -1.071423292160034180e-03 7.822636514902114868e-02 3.946771919727325439e-01 3.710641860961914062e-01 -1.069393306970596313e-01 -7.215195298194885254e-01 2.433634698390960693e-01 2.695651054382324219e-01 2.124748528003692627e-01 -9.335188567638397217e-02 6.990998983383178711e-01 6.386732459068298340e-01 -4.776647984981536865e-01 -1.092951595783233643e-01 3.926858305931091309e-01 -2.733776569366455078e-01 1.072170585393905640e-01 -3.467254340648651123e-01 2.096280157566070557e-01 1.308908760547637939e-01 6.671570241451263428e-02 2.283143699169158936e-01 6.432849764823913574e-01 5.496799945831298828e-01 -8.998073637485504150e-02 -3.272394239902496338e-01 2.596440017223358154e-01 -1.659135371446609497e-01 -3.121102154254913330e-01
-7.871209383010864258e-01 -3.994540572166442871e-01 3.188394606113433838e-01 -9.671999812126159668e-01 -1.560554504394531250e-01 2.337908893823623657e-01 -2.306176275014877319e-01 -2.982588112354278564e-01 -6.264292001724243164e-01 5.456414818763732910e-01 -4.500796496868133545e-01 5.178664326667785645e-01 5.376261472702026367e-01 6.482908129692077637e-01 5.777727365493774414e-01 -2.139958143234252930e-01 -1.162306591868400574e-02 -1.325959563255310059e-01 6.232856512069702148e-01 4.946883022785186768e-01 2.316773682832717896e-01 -4.558306559920310974e-02 5.838486552238464355e-01 4.749137461185455322e-01 2.279690355062484741e-01 -4.885764122009277344e-01 -1.985739469528198242e-01 -1.731527894735336304e-01 4.090833067893981934e-01 -4.418863058090209961e-01 -2.500576972961425781e-01 2.109310925006866455e-01 5.687448978424072266e-01 6.717503070831298828e-01 -3.463524878025054932e-01 6.511851400136947632e-02 2.204833626747131348e-01 3.852163553237915039e-01 3.451021611690521240e-01 -1.016638129949569702e-01 -6.313464641571044922e-01 7.521394640207290649e-02 2.449229657649993896e-01 2.669920027256011963e-02 -1.411446332931518555e-01 4.981084465980529785e-01 7.367120981216430664e-01 -5.153225064277648926e-01 -2.683306634426116943e-01 4.801878333091735840e-01 -1.460725069046020508e-01 1.144380122423171997e-01 -2.804780304431915283e-01 2.714012265205383301e-01 2.515805512666702271e-02 1.520195007324218750e-01 2.019487023353576660e-01 6.198197007179260254e-01 6.588820219039916992e-01 -2.050029337406158447e-01 -1.746502667665481567e-01 4.315569400787353516e-01 -1.790082305669784546e-01 -5.012972354888916016e-01
-3.707299232482910156e-01 -2.952233552932739258e-01 -2.352325767278671265e-01 -8.186011910438537598e-01 -4.329541027545928955e-01 6.518032401800155640e-03 -5.945649743080139160e-02 -2.143375128507614136e-01 -3.423839807510375977e-01 2.522767186164855957e-01 -4.233728647232055664e-01 1.327399909496307373e-01 2.897023856639862061e-01 4.835276007652282715e-01 4.580131769180297852e-01 -3.689069747924804688e-01 -3.972292542457580566e-01 -1.441059410572052002e-01 5.424324870109558105e-01 3.152964413166046143e-01 6.908753514289855957e-02 2.485515922307968140e-01 3.182078599929809570e-01 5.590555667877197266e-01 4.912307560443878174e-01 -9.196384251117706299e-02 1.374313384294509888e-01 -4.460381269454956055e-01 3.431696891784667969e-01 -4.589830636978149414e-01 -2.447045743465423584e-01 2.562839388847351074e-01 3.373123109340667725e-01 6.104052066802978516e-01 -2.465445697307586670e-01 2.614116668701171875e-01 1.765892654657363892e-02 3.864688798785209656e-02 5.883501172065734863e-01 -1.398592144250869751e-01 -5.259446054697036743e-02 -2.106706239283084869e-02 3.124561309814453125e-01 -2.527392506599426270e-01 -1.834169924259185791e-01 5.937242507934570312e-01 9.950762391090393066e-01 1.593053638935089111e-01 -7.172282338142395020e-01 1.569325476884841919e-01 -2.904022634029388428e-01 -2.609566748142242432e-01 -1.012490093708038330e-01 2.973257005214691162e-01 -1.931153535842895508e-01 4.302835762500762939e-01 1.048907637596130371e-01 5.072370767593383789e-01 3.438069522380828857e-01 -3.805941343307495117e-01 -2.234015911817550659e-01 -1.843913495540618896e-01 -4.180342555046081543e-01 -1.542882025241851807e-01
-3.505616486072540283e-01 -3.073416352272033691e-01 -1.737434715032577515e-01 -8.842206001281738281e-01 -3.509503304958343506e-01 9.562166035175323486e-02 -5.257755517959594727e-02 -2.525752782821655273e-01 -3.716773688793182373e-01 2.293659448623657227e-01 -4.963464140892028809e-01 1.678447723388671875e-01 2.762871682643890381e-01 5.028494000434875488e-01 5.040104985237121582e-01 -3.534217774868011475e-01 -3.314176201820373535e-01 -1.276593506336212158e-01 5.422581434249877930e-01 4.649142026901245117e-01 -1.235692203044891357e-02 9.016934037208557129e-02 4.834980368614196777e-01 6.311554908752441406e-01 3.998815119266510010e-01 -1.864423453807830811e-01 7.259056717157363892e-02 -4.004154503345489502e-01 4.231640100479125977e-01 -5.989615321159362793e-01 -1.935188323259353638e-01 2.734897732734680176e-01 3.590304255485534668e-01 6.813583970069885254e-01 -1.794924437999725342e-01 2.193166166543960571e-01 5.286956578493118286e-02 2.674471959471702576e-02 5.418938398361206055e-01 -1.824637949466705322e-01 -1.813833415508270264e-01 8.966371417045593262e-03 3.949181735515594482e-01 -1.454957723617553711e-01 -1.489844024181365967e-01 5.614166259765625000e-01 9.154865741729736328e-01 5.986461788415908813e-02 -6.977301836013793945e-01 3.092221617698669434e-01 -2.446708381175994873e-01 -1.189357042312622070e-01 -1.813163608312606812e-01 3.391441404819488525e-01 -1.222915947437286377e-01 4.145648479461669922e-01 1.829329431056976318e-01 5.188430547714233398e-01 3.518330752849578857e-01 -3.393978476524353027e-01 -2.842251956462860107e-01 -6.912440061569213867e-02 -3.711853623390197754e-01 -2.397410869598388672e-01
-7.648826241493225098e-01 -7.230353355407714844e-01 2.773910462856292725e-01 -9.954566955566406250e-01 -1.184877753257751465e-01 3.184199705719947815e-02 -2.273145169019699097e-01 -6.589788198471069336e-02 -5.365906953811645508e-01 6.457465291023254395e-01 -3.846736848354339600e-01 4.910443723201751709e-01 5.211340785026550293e-01 4.016839265823364258e-01 5.242347717285156250e-01 -1.741108670830726624e-02 -3.233086690306663513e-02 -2.251624614000320435e-01 5.688727498054504395e-01 1.399687379598617554e-01 4.383041560649871826e-01 6.728640198707580566e-02 5.560845732688903809e-01 2.375565767288208008e-01 3.730978667736053467e-01 -4.500006139278411865e-01 -1.086800917983055115e-01 -1.754365861415863037e-01 2.667807936668395996e-01 -2.970103323459625244e-01 -5.640767812728881836e-01 3.686556965112686157e-02 6.181445121765136719e-01 5.954914093017578125e-01 -4.084267616271972656e-01 9.467914700508117676e-03 4.113239049911499023e-01 5.601499080657958984e-01 3.840965926647186279e-01 -1.832708567380905151e-01 -7.492879629135131836e-01 1.721863597631454468e-01 1.745693981647491455e-01 6.326284259557723999e-02 -3.934420049190521240e-01 7.726696133613586426e-01 9.230260252952575684e-01 -4.895678460597991943e-01 -3.021763563156127930e-01 3.656892180442810059e-01 -2.948760688304901123e-01 5.103965289890766144e-03 -1.329530030488967896e-01 2.770407795906066895e-01 1.367237716913223267e-01 -4.649114608764648438e-02 3.489041924476623535e-01 6.119725108146667480e-01 6.968587636947631836e-01 -1.611025631427764893e-01 3.248994424939155579e-02 4.033663868904113770e-01 -8.576811105012893677e-02 -4.479356110095977783e-01
-8.260960578918457031e-01 -7.779035568237304688e-01 5.589959025382995605e-01 -1.004895448684692383e+00 -1.198516786098480225e-02 -4.889128729701042175e-02 -2.477362304925918579e-01 1.016116142272949219e-02 -4.608978927135467529e-01 7.166585326194763184e-01 -3.790559470653533936e-01 5.701119303703308105e-01 5.548698306083679199e-01 4.003447890281677246e-01 4.211891293525695801e-01 1.433127224445343018e-01 1.799769401550292969e-01 -6.011182442307472229e-02 4.852338433265686035e-01 7.900755107402801514e-02 7.573639154434204102e-01 -5.535156652331352234e-02 4.853458404541015625e-01 -4.423630982637405396e-02 3.548133671283721924e-01 -5.471857190132141113e-01 -2.065510600805282593e-01 7.245807349681854248e-02 6.322316825389862061e-02 -1.393500864505767822e-01 -4.930782020092010498e-01 -3.026430308818817139e-02 6.408559083938598633e-01 4.306719899177551270e-01 -3.781693577766418457e-01 -1.115715950727462769e-01 5.411231517791748047e-01 7.445554137229919434e-01 3.326469659805297852e-01 -2.642023861408233643e-01 -1.039614558219909668e+00 2.699800133705139160e-01 1.188284531235694885e-01 2.380994260311126709e-01 -4.956162869930267334e-01 6.768128275871276855e-01 7.803430557250976562e-01 -8.104866147041320801e-01 -8.031710237264633179e-02 2.223700135946273804e-01 -3.296196460723876953e-01 2.013437449932098389e-01 -4.956488683819770813e-02 1.535412371158599854e-01 2.585588693618774414e-01 -3.114122450351715088e-01 4.460242986679077148e-01 5.909314751625061035e-01 6.737958192825317383e-01 9.579335153102874756e-02 1.215153485536575317e-01 6.140164732933044434e-01 2.186062335968017578e-01 -3.939232230186462402e-01
-5.501117706298828125e-01 -4.104444086551666260e-01 1.873203516006469727e-01 -1.097200632095336914e+00 -2.476342320442199707e-01 2.000320702791213989e-01 -3.412987291812896729e-02 -1.109954342246055603e-01 -5.191453695297241211e-01 4.512993693351745605e-01 -6.187725663185119629e-01 2.878683209419250488e-01 5.461181402206420898e-01 3.997197151184082031e-01 4.565976858139038086e-01 -2.303174436092376709e-01 -1.697798371315002441e-01 -3.987788408994674683e-02 5.475545525550842285e-01 3.591875135898590088e-01 1.662466824054718018e-01 -6.961341202259063721e-02 6.182924509048461914e-01 4.953027665615081787e-01 2.154215425252914429e-01 -2.617082893848419189e-01 -1.749644577503204346e-01 -2.993409335613250732e-01 5.051006078720092773e-01 -6.174548268318176270e-01 -3.431445956230163574e-01 2.125569730997085571e-01 5.667386651039123535e-01 7.275245785713195801e-01 -2.289376854896545410e-01 -9.733006358146667480e-03 2.068581581115722656e-01 2.315474003553390503e-01 5.052506327629089355e-01 -2.042751014232635498e-01 -6.063275933265686035e-01 2.728436589241027832e-01 2.736868560314178467e-01 3.270111978054046631e-03 -1.805733144283294678e-01 5.968132615089416504e-01 8.858209848403930664e-01 -2.680455446243286133e-01 -4.943656027317047119e-01 4.276768565177917480e-01 -1.852738559246063232e-01 -3.441647067666053772e-02 -3.827294111251831055e-01 2.633964419364929199e-01 1.163249462842941284e-01 5.506482720375061035e-02 2.795127332210540771e-01 5.282413363456726074e-01 4.886018037796020508e-01 -1.528129875659942627e-01 -4.132791161537170410e-01 1.194766014814376831e-01 -1.921737492084503174e-01 -4.096968770027160645e-01
-4.456053078174591064e-01 -3.809006512165069580e-01 -1.165816336870193481e-01 -8.685182929039001465e-01 -3.899595439434051514e-01 1.478131301701068878e-02 -8.262529969215393066e-02 -2.156918048858642578e-01 -3.562937080860137939e-01 3.250243067741394043e-01 -4.195075333118438721e-01 2.372726202011108398e-01 3.745333254337310791e-01 4.690507650375366211e-01 4.190602898597717285e-01 -2.947067022323608398e-01 -3.624260425567626953e-01 -1.365110576152801514e-01 5.713924169540405273e-01 3.277367949485778809e-01 1.306313872337341309e-01 1.735155582427978516e-01 3.872489929199218750e-01 4.867754280567169189e-01 5.181815028190612793e-01 -1.432051360607147217e-01 8.228474110364913940e-02 -4.522876143455505371e-01 3.300028443336486816e-01 -4.096208214759826660e-01 -2.588280737400054932e-01 2.120297700166702271e-01 3.562684357166290283e-01 6.692380309104919434e-01 -2.692759335041046143e-01 2.534162700176239014e-01 8.638150244951248169e-02 1.371713131666183472e-01 6.063446402549743652e-01 -1.457278132438659668e-01 -1.816739439964294434e-01 -4.136618226766586304e-04 3.279295265674591064e-01 -1.457006335258483887e-01 -1.900882422924041748e-01 6.050548553466796875e-01 9.458147883415222168e-01 7.463184744119644165e-02 -6.342379450798034668e-01 2.157068997621536255e-01 -3.188748359680175781e-01 -2.218382805585861206e-01 -5.926064029335975647e-02 2.990491688251495361e-01 -1.256307959556579590e-01 3.941348791122436523e-01 1.725207567214965820e-01 5.142491459846496582e-01 3.753506243228912354e-01 -4.140119552612304688e-01 -1.693258881568908691e-01 -1.655668020248413086e-03 -3.921644985675811768e-01 -1.646880507469177246e-01
-7.148139476776123047e-01 -4.015650749206542969e-01 2.608164250850677490e-01 -1.018477082252502441e+00 -1.965314894914627075e-01 1.793868243694305420e-01 -1.762474030256271362e-01 -2.383281439542770386e-01 -4.686350226402282715e-01 5.491118431091308594e-01 -5.655979514122009277e-01 5.005824565887451172e-01 6.728011965751647949e-01 4.906352162361145020e-01 4.713543653488159180e-01 -1.831472367048263550e-01 -9.489220380783081055e-02 -7.789380848407745361e-02 5.569597482681274414e-01 4.099964499473571777e-01 2.346251308917999268e-01 -6.665830314159393311e-02 5.854037404060363770e-01 3.579612374305725098e-01 3.405975699424743652e-01 -4.396863579750061035e-01 -1.796581447124481201e-01 -2.192229926586151123e-01 4.182928800582885742e-01 -4.796097278594970703e-01 -3.329848349094390869e-01 1.657366454601287842e-01 5.908318161964416504e-01 7.278315424919128418e-01 -3.279727399349212646e-01 1.057155430316925049e-02 1.486569941043853760e-01 4.140755534172058105e-01 4.444791674613952637e-01 -1.631660461425781250e-01 -7.143712043762207031e-01 2.134860754013061523e-01 2.274213731288909912e-01 6.167572736740112305e-02 -9.967447817325592041e-02 6.318633556365966797e-01 7.420782446861267090e-01 -5.064268112182617188e-01 -3.337198197841644287e-01 4.709827303886413574e-01 -2.884891629219055176e-01 4.625884443521499634e-02 -2.720816135406494141e-01 3.297861218452453613e-01 1.365996450185775757e-01 1.209147945046424866e-01 3.173168897628784180e-01 5.832628011703491211e-01 5.931162834167480469e-01 -1.887525618076324463e-01 -3.430615663528442383e-01 3.539243340492248535e-01 -2.224665731191635132e-01 -4.077043235301971436e-01
-8.222743272781372070e-01 -6.307910084724426270e-01 5.886842012405395508e-01 -1.083736658096313477e+00 -1.102942824363708496e-01 3.883685171604156494e-02 -1.698223799467086792e-01 -5.846584588289260864e-02 -5.839518904685974121e-01 6.996743083000183105e-01 -4.510079324245452881e-01 6.264989972114562988e-01 5.942267775535583496e-01 6.052427887916564941e-01 3.968408107757568359e-01 8.825511485338211060e-02 2.865513265132904053e-01 -5.054543912410736084e-02 4.850476384162902832e-01 2.618709504604339600e-01 7.063605785369873047e-01 -1.659418195486068726e-01 5.354294776916503906e-01 1.219408810138702393e-01 2.308804690837860107e-01 -5.674470663070678711e-01 -3.261552155017852783e-01 6.319093704223632812e-02 1.764850616455078125e-01 -2.896015942096710205e-01 -2.726893723011016846e-01 7.187119871377944946e-02 7.271714210510253906e-01 5.043837428092956543e-01 -3.850213587284088135e-01 -1.399937719106674194e-01 4.127353727817535400e-01 6.710507869720458984e-01 3.363894820213317871e-01 -2.765163183212280273e-01 -1.025866866111755371e+00 2.947887182235717773e-01 1.621321439743041992e-01 2.600916028022766113e-01 -2.059028744697570801e-01 4.670711755752563477e-01 7.367309331893920898e-01 -8.457778096199035645e-01 -1.042085215449333191e-01 2.933456897735595703e-01 -2.162686884403228760e-01 2.769179046154022217e-01 -1.317149251699447632e-01 1.821143031120300293e-01 2.167525440454483032e-01 -2.594315707683563232e-01 4.188837409019470215e-01 5.914474725723266602e-01 6.468353271484375000e-01 -3.549522161483764648e-02 -2.808210626244544983e-02 6.412044167518615723e-01 2.080935239791870117e-01 -3.596707582473754883e-01
-6.978568434715270996e-01 -7.929654717445373535e-01 4.547765851020812988e-01 -9.855697751045227051e-01 9.498961269855499268e-03 -9.824974834918975830e-02 -2.427350133657455444e-01 -4.071010276675224304e-02 -4.514600634574890137e-01 6.492493152618408203e-01 -4.824752509593963623e-01 6.469282507896423340e-01 6.201417446136474609e-01 3.406555056571960449e-01 3.168826699256896973e-01 8.371982723474502563e-02 8.459841459989547729e-02 -9.849698096513748169e-02 5.744381546974182129e-01 1.367055475711822510e-01 7.063407897949218750e-01 -2.947912737727165222e-02 5.326205492019653320e-01 4.485035687685012817e-02 3.520326912403106689e-01 -6.127265095710754395e-01 -2.068618535995483398e-01 -1.041848659515380859e-01 2.789199352264404297e-01 -1.321230977773666382e-01 -4.484654366970062256e-01 7.052089273929595947e-02 5.819894075393676758e-01 5.784817337989807129e-01 -3.068082332611083984e-01 -7.929743826389312744e-02 4.317989945411682129e-01 7.486835122108459473e-01 3.723702728748321533e-01 -2.599360942840576172e-01 -9.744018912315368652e-01 2.519013583660125732e-01 8.285964280366897583e-02 2.279997766017913818e-01 -3.306198120117187500e-01 6.606806516647338867e-01 7.764483690261840820e-01 -7.156207561492919922e-01 -1.976413726806640625e-01 2.520298957824707031e-01 -4.147140979766845703e-01 1.579656302928924561e-01 -5.458959564566612244e-02 2.701914608478546143e-01 3.923321366310119629e-01 -2.103474438190460205e-01 3.963012099266052246e-01 5.353798866271972656e-01 6.569951176643371582e-01 -3.539502620697021484e-02 1.063513159751892090e-01 6.394765377044677734e-01 6.205901876091957092e-02 -4.116723239421844482e-01
-3.746872842311859131e-01 -3.297039568424224854e-01 -1.755479276180267334e-01 -8.697139620780944824e-01 -4.178785085678100586e-01 1.011161059141159058e-01 -2.785097062587738037e-02 -1.836588382720947266e-01 -4.630320072174072266e-01 2.828983068466186523e-01 -4.440594315528869629e-01 1.625521034002304077e-01 2.743428647518157959e-01 5.556006431579589844e-01 4.621503949165344238e-01 -4.111741781234741211e-01 -3.580806255340576172e-01 -1.803179681301116943e-01 5.884549021720886230e-01 3.401094675064086914e-01 1.279059797525405884e-02 1.827475279569625854e-01 3.899941444396972656e-01 6.212795972824096680e-01 4.129901826381683350e-01 -1.455394327640533447e-01 2.569028735160827637e-02 -4.287125468254089355e-01 3.985992968082427979e-01 -5.158334970474243164e-01 -2.283632457256317139e-01 2.979645133018493652e-01 3.688280582427978516e-01 6.522164940834045410e-01 -2.772649228572845459e-01 2.252951711416244507e-01 6.665045768022537231e-02 5.495922639966011047e-02 6.401304602622985840e-01 -2.107751965522766113e-01 -5.968821793794631958e-02 9.351931512355804443e-03 3.081386089324951172e-01 -1.650180518627166748e-01 -1.459499597549438477e-01 5.848054885864257812e-01 9.750939011573791504e-01 1.617666482925415039e-01 -7.376471161842346191e-01 2.365428060293197632e-01 -1.878544837236404419e-01 -2.630474567413330078e-01 -2.036188095808029175e-01 3.167574703693389893e-01 -1.319801509380340576e-01 4.046873152256011963e-01 1.471189707517623901e-01 5.542404055595397949e-01 3.501904904842376709e-01 -3.964498043060302734e-01 -2.548042535781860352e-01 -1.398443132638931274e-01 -4.043240249156951904e-01 -2.074847817420959473e-01
-5.674269199371337891e-01 -1.487129181623458862e-01 1.032417416572570801e-01 -9.424455761909484863e-01 -2.612065374851226807e-01 2.666839659214019775e-01 -3.706692159175872803e-02 -3.567859530448913574e-01 -3.301833570003509521e-01 2.937301993370056152e-01 -6.807370781898498535e-01 3.205766081809997559e-01 5.063034892082214355e-01 5.223258733749389648e-01 4.508028626441955566e-01 -4.050242602825164795e-01 -3.008822500705718994e-01 1.052298396825790405e-02 3.691622018814086914e-01 4.852406680583953857e-01 -1.020778566598892212e-01 -5.317356064915657043e-02 4.429870247840881348e-01 5.143208503723144531e-01 3.676253259181976318e-01 -2.048774063587188721e-01 2.919571846723556519e-02 -3.371787369251251221e-01 4.048675894737243652e-01 -5.843720436096191406e-01 -1.337945014238357544e-01 3.382230401039123535e-01 4.749982059001922607e-01 7.361284494400024414e-01 -2.270219624042510986e-01 1.406013667583465576e-01 -6.193123757839202881e-03 9.118693321943283081e-02 4.646238684654235840e-01 -1.570900678634643555e-01 -3.282521367073059082e-01 1.725009977817535400e-01 3.999563753604888916e-01 1.357465982437133789e-02 2.334921434521675110e-02 6.388750076293945312e-01 7.616136670112609863e-01 -1.935140490531921387e-01 -4.965704083442687988e-01 3.952613472938537598e-01 -2.483023107051849365e-01 -9.816146641969680786e-02 -4.620501399040222168e-01 3.007534146308898926e-01 -8.815096318721771240e-02 3.762633502483367920e-01 2.089783847332000732e-01 4.917762279510498047e-01 4.848483204841613770e-01 -2.779901027679443359e-01 -5.039880871772766113e-01 1.081674695014953613e-01 -3.808156251907348633e-01 -2.274656593799591064e-01
