-3.081822991371154785e-01 -2.682211995124816895e-01 -1.004983484745025635e-01 -3.959532082080841064e-01 -1.871172338724136353e-01 1.533768028020858765e-01 2.074051499366760254e-01 -3.924141526222229004e-01 -2.743855416774749756e-01 4.382764399051666260e-01 -5.131363272666931152e-01 -1.272486746311187744e-01 -4.953075349330902100e-01 1.755090951919555664e-01 -2.627652883529663086e-01 -9.878605604171752930e-02 1.743902564048767090e-01 -1.056609898805618286e-01 -4.833100140094757080e-01 1.515328288078308105e-01 3.191040158271789551e-01 -1.803007870912551880e-01 -2.844080924987792969e-01 4.663112163543701172e-01 -1.339658722281455994e-02 -1.089424565434455872e-01 -4.953973367810249329e-02 -2.614645957946777344e-01 2.450180202722549438e-01 -7.248029112815856934e-02 5.152746438980102539e-01 2.429515272378921509e-01 2.131339013576507568e-01 1.571689099073410034e-01 -1.469078958034515381e-01 7.672312855720520020e-01 3.565184175968170166e-01 -2.696001529693603516e-01 -4.035829752683639526e-02 -2.897757589817047119e-01 2.331055998802185059e-01 -2.000510990619659424e-01 6.472821235656738281e-01 2.774799466133117676e-01 2.171082049608230591e-01 2.759522795677185059e-01 6.173338890075683594e-01 3.620028495788574219e-01 -7.510835528373718262e-01 3.658962845802307129e-01 -2.572927772998809814e-01 1.080267578363418579e-01 1.340624690055847168e-01 -1.319506466388702393e-01 3.329064249992370605e-01 2.766007184982299805e-01 3.596057593822479248e-01 3.216134309768676758e-01 2.504518926143646240e-01 -7.324440777301788330e-02 -3.107341751456260681e-02 3.513365238904953003e-02 2.908501029014587402e-01 2.602432668209075928e-01
2.398682385683059692e-02 -4.311989843845367432e-01 -3.882066607475280762e-01 -5.639289617538452148e-01 -2.905685305595397949e-01 6.160112097859382629e-03 5.857842564582824707e-01 -3.396128714084625244e-01 -3.499433398246765137e-01 1.263751238584518433e-01 -5.667784214019775391e-01 1.247964799404144287e-03 -7.776155471801757812e-01 -1.400400847196578979e-01 -1.317026019096374512e-01 -1.123422682285308838e-01 -4.131402447819709778e-02 8.354258537292480469e-02 -2.578756809234619141e-01 1.240934580564498901e-01 2.019853889942169189e-01 8.492298424243927002e-02 -1.290378272533416748e-01 6.548908948898315430e-01 -3.209155425429344177e-02 -2.415420711040496826e-01 7.265198230743408203e-02 -5.371770262718200684e-01 4.583912491798400879e-01 -4.373350366950035095e-02 5.085043907165527344e-01 4.055413901805877686e-01 -2.631799578666687012e-01 1.771762669086456299e-01 9.027642756700515747e-02 9.161759614944458008e-01 5.504484176635742188e-01 -4.476410150527954102e-01 1.678663492202758789e-01 -5.091203451156616211e-01 5.838254690170288086e-01 -5.453201532363891602e-01 1.906173527240753174e-01 1.051410287618637085e-01 3.578528761863708496e-01 2.254626154899597168e-02 7.684909105300903320e-01 5.915069580078125000e-01 -8.418800830841064453e-01 -1.597799956798553467e-01 3.271393477916717529e-03 -1.365202963352203369e-01 -1.544128656387329102e-01 -3.628109991550445557e-01 1.582516133785247803e-01 4.073049426078796387e-01 3.089366555213928223e-01 4.103503525257110596e-01 -9.996646642684936523e-02 -2.063719630241394043e-01 -8.848056197166442871e-02 -2.025070190429687500e-01 9.008545428514480591e-02 4.737840890884399414e-01
-5.536248683929443359e-01 -2.232361733913421631e-01 2.871811687946319580e-01 -6.752212643623352051e-01 1.616876721382141113e-01 2.341324239969253540e-01 -5.481397360563278198e-02 -4.305151700973510742e-01 -5.887696743011474609e-01 6.629847288131713867e-01 -3.696049749851226807e-01 1.159251555800437927e-01 -2.474422901868820190e-01 4.263226091861724854e-01 3.236630558967590332e-02 1.091230288147926331e-01 3.889196813106536865e-01 2.670306861400604248e-01 -2.923997044563293457e-01 3.302548080682754517e-02 4.753928780555725098e-01 -1.477145403623580933e-01 -3.904165029525756836e-01 1.001050174236297607e-01 -6.264761835336685181e-02 -4.193605780601501465e-01 -1.385976672172546387e-01 -2.248392254114151001e-01 5.945627018809318542e-02 1.584003716707229614e-01 3.963591158390045166e-01 5.208197832107543945e-01 5.339802503585815430e-01 -4.244113713502883911e-02 -4.423598647117614746e-01 7.801155447959899902e-01 4.314007163047790527e-01 -6.309238076210021973e-02 -3.555424213409423828e-01 1.691792607307434082e-01 -2.998382747173309326e-01 2.451644651591777802e-02 2.929231524467468262e-01 -2.854736447334289551e-01 -3.518412634730339050e-02 1.640462130308151245e-02 9.147603511810302734e-01 -3.326554894447326660e-01 -6.562544107437133789e-01 4.040947258472442627e-01 3.300596475601196289e-01 1.140324547886848450e-01 -4.377284646034240723e-01 -4.168112874031066895e-01 2.463223636150360107e-01 -8.422720432281494141e-02 5.855822935700416565e-02 4.874153137207031250e-01 4.385641515254974365e-01 4.337916970252990723e-01 2.176508679986000061e-02 9.371172636747360229e-02 3.578619360923767090e-01 -1.191521733999252319e-01
-4.730875492095947266e-01 -7.917609065771102905e-02 2.384348809719085693e-01 -3.307966589927673340e-01 3.455423414707183838e-01 2.558422982692718506e-01 -2.008173465728759766e-01 -5.116302371025085449e-01 -5.870433449745178223e-01 7.341008782386779785e-01 -2.715878486633300781e-01 1.748558580875396729e-01 -1.629629135131835938e-01 6.202749013900756836e-01 -7.818219810724258423e-02 -5.922618135809898376e-02 4.737341701984405518e-01 3.436260819435119629e-01 -5.164691805839538574e-01 -1.588053554296493530e-01 1.513077616691589355e-01 2.544433064758777618e-02 -3.780905306339263916e-01 -1.550134420394897461e-01 -3.363618999719619751e-02 -5.058943033218383789e-01 -2.109537273645401001e-01 -1.863148957490921021e-01 6.001489609479904175e-02 4.030135273933410645e-01 4.147606790065765381e-01 4.982106387615203857e-01 4.232068061828613281e-01 -3.352376818656921387e-02 -4.249315261840820312e-01 4.745313525199890137e-01 4.555111527442932129e-01 2.113734558224678040e-02 -2.020015120506286621e-01 1.517685353755950928e-01 -1.602867245674133301e-01 1.212669014930725098e-01 1.249932944774627686e-01 -2.095560729503631592e-01 -2.771860063076019287e-01 3.373414278030395508e-01 6.013568639755249023e-01 -2.981152534484863281e-01 -6.255692839622497559e-01 4.846625626087188721e-01 1.116009429097175598e-01 1.078678444027900696e-01 -3.984180688858032227e-01 -4.092680513858795166e-01 2.949021160602569580e-01 -3.568510711193084717e-02 2.282458543777465820e-01 3.616904020309448242e-01 6.399356126785278320e-01 4.051977396011352539e-01 -2.916097939014434814e-01 1.148383542895317078e-01 8.773130923509597778e-02 -9.494596719741821289e-02
-1.907804310321807861e-01 -3.703230619430541992e-01 -3.181016743183135986e-01 -4.877505302429199219e-01 -3.315237164497375488e-01 2.036189883947372437e-01 3.297680020332336426e-01 -4.748128056526184082e-01 -3.562229871749877930e-01 3.185966610908508301e-01 -5.582278370857238770e-01 -2.612661570310592651e-02 -6.268169879913330078e-01 5.825392156839370728e-02 -6.825064867734909058e-02 -8.755005896091461182e-02 1.101224943995475769e-01 -2.390276193618774414e-01 -3.571621179580688477e-01 1.591705232858657837e-01 2.001921534538269043e-01 -2.276947721838951111e-03 -2.401191294193267822e-01 6.542682051658630371e-01 -6.842011958360671997e-02 -3.302589058876037598e-01 -4.752168059349060059e-02 -3.859255611896514893e-01 3.828307688236236572e-01 -1.763028055429458618e-01 5.615535378456115723e-01 5.948245525360107422e-01 3.569380939006805420e-02 3.169143199920654297e-01 -1.488008797168731689e-01 9.041270017623901367e-01 2.149771451950073242e-01 -3.737507760524749756e-01 2.305579483509063721e-01 -3.923947513103485107e-01 3.354950547218322754e-01 -4.372807145118713379e-01 3.826919794082641602e-01 1.670425534248352051e-01 3.584114611148834229e-01 2.661388516426086426e-01 6.747198104858398438e-01 5.212355256080627441e-01 -8.022750020027160645e-01 2.101559042930603027e-01 3.351443260908126831e-02 8.228835463523864746e-02 1.204489916563034058e-01 2.758868783712387085e-02 1.815082877874374390e-02 3.458528518676757812e-01 4.136151373386383057e-01 4.871410131454467773e-01 9.324869513511657715e-02 -1.772616803646087646e-01 -1.148998439311981201e-01 3.220082074403762817e-02 1.172358170151710510e-01 3.604141175746917725e-01
-4.766423404216766357e-01 5.268313735723495483e-02 1.837503612041473389e-01 -5.516847968101501465e-01 9.903011471033096313e-02 -8.108825981616973877e-02 -1.379215419292449951e-01 -4.139519333839416504e-01 -1.486030519008636475e-01 7.080813646316528320e-01 -3.534744679927825928e-01 2.173796147108078003e-01 -1.406935602426528931e-01 6.383171677589416504e-01 -1.093278452754020691e-01 -7.419256120920181274e-02 4.199222326278686523e-01 2.856838405132293701e-01 -4.368287622928619385e-01 3.126981109380722046e-02 4.458121955394744873e-01 -1.845723576843738556e-02 -6.537724137306213379e-01 -1.677535474300384521e-03 2.405572533607482910e-01 -4.928358793258666992e-01 9.120398014783859253e-02 -1.446170955896377563e-01 -3.627097010612487793e-01 2.929466664791107178e-01 2.335808575153350830e-01 3.178871572017669678e-01 3.550579845905303955e-01 -5.635933578014373779e-02 -5.661555528640747070e-01 7.618792057037353516e-01 4.497988820075988770e-01 -1.419900655746459961e-01 -2.840099334716796875e-01 1.964834332466125488e-01 1.872034072875976562e-01 -7.403817772865295410e-02 1.800128817558288574e-01 -6.065365672111511230e-02 1.398011110723018646e-02 1.705609560012817383e-01 8.020364642143249512e-01 -3.733091354370117188e-01 -5.574529170989990234e-01 1.711991131305694580e-01 -2.091753482818603516e-02 1.885105669498443604e-01 -7.139095664024353027e-02 -4.494247734546661377e-01 2.204340994358062744e-01 -8.441776037216186523e-02 1.860590130090713501e-01 4.641049206256866455e-01 5.240678191184997559e-01 1.875635385513305664e-01 -9.368552267551422119e-02 3.066117465496063232e-01 1.808780282735824585e-01 1.128816157579421997e-01
-5.757066011428833008e-01 -1.433720886707305908e-01 3.437145054340362549e-01 -3.705261647701263428e-01 2.127172350883483887e-01 3.419263064861297607e-01 -1.958984136581420898e-01 -4.074218571186065674e-01 -3.662798106670379639e-01 7.052277326583862305e-01 -2.774020731449127197e-01 1.211638227105140686e-01 -8.016039431095123291e-02 5.087699294090270996e-01 -1.352295875549316406e-01 -3.666413947939872742e-02 4.115740358829498291e-01 4.498260021209716797e-01 -4.979852139949798584e-01 -1.313719451427459717e-01 3.688356578350067139e-01 -1.429521739482879639e-01 -4.978263378143310547e-01 -1.559270620346069336e-01 -6.117048114538192749e-02 -2.658338844776153564e-01 -3.150266706943511963e-01 1.188707947731018066e-01 -2.270767837762832642e-01 3.613856434822082520e-01 2.622285783290863037e-01 3.605028390884399414e-01 6.577419042587280273e-01 -1.229822039604187012e-01 -4.560164213180541992e-01 3.890790939331054688e-01 4.550532102584838867e-01 -7.090187072753906250e-02 -3.287177383899688721e-01 2.935772836208343506e-01 -3.927544355392456055e-01 2.619528472423553467e-01 3.941572010517120361e-01 -4.902549088001251221e-02 -3.246535956859588623e-01 3.098498284816741943e-01 5.882443785667419434e-01 -2.601552009582519531e-01 -4.853160083293914795e-01 5.019797682762145996e-01 5.775929242372512817e-02 1.265732645988464355e-01 -2.983386218547821045e-01 -3.950873613357543945e-01 4.190964996814727783e-01 -4.208220541477203369e-02 1.650613099336624146e-01 3.831685781478881836e-01 5.590979456901550293e-01 3.121520280838012695e-01 -1.863465905189514160e-01 2.172692418098449707e-01 4.370261728763580322e-01 -6.158415973186492920e-02
-3.501074016094207764e-01 -2.862804234027862549e-01 -3.593903481960296631e-01 -5.570782423019409180e-01 -1.068430691957473755e-01 3.048011958599090576e-01 7.372854650020599365e-02 -5.443561077117919922e-01 -2.319739758968353271e-01 5.172853469848632812e-01 -5.105523467063903809e-01 4.915051162242889404e-03 -6.624754667282104492e-01 3.150408864021301270e-01 1.142443418502807617e-01 1.500553265213966370e-02 1.530543416738510132e-01 -5.245292931795120239e-02 -2.515256404876708984e-01 2.627976238727569580e-01 3.440221846103668213e-01 -1.679271161556243896e-01 -4.678670763969421387e-01 6.197162270545959473e-01 -1.339495368301868439e-02 -2.160937637090682983e-01 -2.721648849546909332e-02 -1.173629015684127808e-01 -6.441380083560943604e-02 -3.284289538860321045e-01 4.315161108970642090e-01 4.628069996833801270e-01 2.418357133865356445e-01 9.266336262226104736e-02 -2.246979475021362305e-01 9.281263947486877441e-01 4.842770099639892578e-01 -5.628202557563781738e-01 1.226413026452064514e-01 -5.151710510253906250e-01 2.518599331378936768e-01 -3.796800673007965088e-01 4.798462688922882080e-01 3.899679481983184814e-01 1.424759626388549805e-01 9.651225060224533081e-02 7.344852685928344727e-01 1.886645406484603882e-01 -6.925649046897888184e-01 1.116241738200187683e-01 5.271966010332107544e-02 2.827236652374267578e-01 5.081100761890411377e-02 -1.983795911073684692e-01 -1.291041672229766846e-01 2.628849744796752930e-01 2.026406079530715942e-01 6.548737287521362305e-01 -1.564951390027999878e-01 1.511934995651245117e-01 -1.046707779169082642e-01 1.703426241874694824e-03 3.054824471473693848e-01 -3.333361819386482239e-03
-4.919704496860504150e-01 -1.568697839975357056e-01 2.626026272773742676e-01 -5.978118777275085449e-01 -5.296409130096435547e-02 1.810850650072097778e-01 -5.473972111940383911e-02 -2.700552344322204590e-01 -1.125956699252128601e-01 9.171698093414306641e-01 -4.405069947242736816e-01 1.043287366628646851e-01 -3.589369729161262512e-02 5.002424716949462891e-01 -1.561318933963775635e-01 -2.660013502463698387e-03 5.396102666854858398e-01 -7.933717221021652222e-03 -2.526800632476806641e-01 1.591740846633911133e-01 7.436913251876831055e-01 -4.580276459455490112e-02 -6.425297260284423828e-01 2.197040021419525146e-01 3.261906802654266357e-01 -3.277295231819152832e-01 -1.570048630237579346e-01 8.433268964290618896e-02 -4.303571581840515137e-01 -5.245448276400566101e-02 1.862257421016693115e-01 4.010436832904815674e-01 6.422965526580810547e-01 1.254238933324813843e-02 -6.039108037948608398e-01 8.669291138648986816e-01 3.232948482036590576e-01 5.449424684047698975e-02 -1.327304691076278687e-01 1.159177795052528381e-01 -1.811990141868591309e-01 1.313605606555938721e-01 3.058659136295318604e-01 2.289342433214187622e-01 -8.126078546047210693e-02 3.495155274868011475e-01 8.391557931900024414e-01 -2.533286809921264648e-01 -4.537791907787322998e-01 3.237320482730865479e-01 8.214939385652542114e-02 2.954231500625610352e-01 1.134517937898635864e-01 -3.409461379051208496e-01 3.439868390560150146e-01 -1.699864864349365234e-03 2.391847670078277588e-01 5.420963168144226074e-01 5.623037219047546387e-01 1.413606405258178711e-01 3.452863916754722595e-02 3.639556467533111572e-01 3.345774114131927490e-01 8.756579831242561340e-03
-3.260906338691711426e-01 -2.961444556713104248e-01 2.466671168804168701e-01 -3.813564181327819824e-01 3.810668736696243286e-02 4.566993117332458496e-01 -1.220210418105125427e-01 -3.154319524765014648e-01 -2.817079126834869385e-01 6.311541199684143066e-01 -3.565585911273956299e-01 -3.375714272260665894e-02 -1.862715035676956177e-01 3.819959759712219238e-01 -3.891651332378387451e-02 -1.609853804111480713e-01 4.488945305347442627e-01 3.191655278205871582e-01 -3.758997619152069092e-01 5.038812756538391113e-02 3.893681466579437256e-01 -1.615768373012542725e-01 -5.182338356971740723e-01 1.058829948306083679e-02 -1.545167565345764160e-01 -1.417722702026367188e-01 -4.463523626327514648e-01 2.588511407375335693e-01 -3.150865137577056885e-01 4.642996937036514282e-02 2.992169857025146484e-01 3.756027817726135254e-01 6.665306091308593750e-01 -8.395686745643615723e-03 -3.875173032283782959e-01 4.735663831233978271e-01 4.324895143508911133e-01 -2.095080316066741943e-01 -8.925520628690719604e-02 1.235851719975471497e-01 -3.047569990158081055e-01 2.431201636791229248e-01 5.635935068130493164e-01 2.335831522941589355e-01 -3.198480606079101562e-01 3.595522046089172363e-01 4.846306145191192627e-01 -2.721487358212471008e-02 -4.079513847827911377e-01 5.473445653915405273e-01 8.401982486248016357e-03 1.718534827232360840e-01 -1.334630846977233887e-01 -2.434466779232025146e-01 3.847709596157073975e-01 1.913057118654251099e-01 2.252150774002075195e-01 3.939880132675170898e-01 3.496697843074798584e-01 2.069568932056427002e-01 -1.716783493757247925e-01 3.423237204551696777e-01 5.685630440711975098e-01 -2.227734215557575226e-02
-5.544466376304626465e-01 -1.135682016611099243e-01 -2.127212584018707275e-01 -2.252704352140426636e-01 7.871941477060317993e-02 -4.042022302746772766e-02 1.754767298698425293e-01 -5.520440936088562012e-01 -2.619942724704742432e-01 4.162356257438659668e-01 -5.749046802520751953e-01 9.704373776912689209e-02 -6.484963893890380859e-01 2.265571653842926025e-01 -1.277706027030944824e-01 7.563243061304092407e-02 1.566294133663177490e-01 7.848386466503143311e-02 -5.539876222610473633e-01 4.568040370941162109e-02 8.479471504688262939e-02 -2.379260361194610596e-01 -3.160141706466674805e-01 1.722130179405212402e-01 9.224418550729751587e-02 -3.598206341266632080e-01 7.564547657966613770e-02 -2.545458376407623291e-01 1.546003818511962891e-01 1.666402667760848999e-01 5.061864852905273438e-01 1.123594045639038086e-01 2.872559130191802979e-01 -1.068501099944114685e-01 -1.357820928096771240e-01 5.940088033676147461e-01 5.102455615997314453e-01 -2.928157150745391846e-01 -4.865789413452148438e-01 -1.596851944923400879e-01 2.222027331590652466e-01 -2.539120614528656006e-01 5.008836984634399414e-01 6.294473260641098022e-02 1.635290533304214478e-01 1.544488966464996338e-01 5.873423218727111816e-01 -2.015593647956848145e-02 -5.921826958656311035e-01 3.041962981224060059e-01 -3.406216949224472046e-02 2.287920564413070679e-01 1.536921039223670959e-02 -4.406538903713226318e-01 2.702144384384155273e-01 -3.761783242225646973e-02 5.132336020469665527e-01 4.838155508041381836e-01 2.089890092611312866e-01 2.089388966560363770e-01 -1.418388038873672485e-01 -1.017151921987533569e-01 3.309063911437988281e-01 2.324229925870895386e-01
-5.268807709217071533e-02 -2.594794631004333496e-01 -3.891343176364898682e-01 -4.102897047996520996e-01 -1.822737455368041992e-01 6.683157756924629211e-03 3.958336710929870605e-01 -5.120283365249633789e-01 -1.648931354284286499e-01 8.678730577230453491e-02 -5.462830662727355957e-01 -1.097416132688522339e-02 -8.406651616096496582e-01 9.838009625673294067e-02 -1.351090371608734131e-01 -1.087662652134895325e-01 9.188354946672916412e-03 6.149246171116828918e-02 -3.548613786697387695e-01 2.037321478128433228e-01 1.342071592807769775e-02 -1.681926846504211426e-01 -2.505234181880950928e-01 6.012868285179138184e-01 -8.555313199758529663e-02 -3.583127856254577637e-01 2.832078188657760620e-02 -2.877364754676818848e-01 3.146315515041351318e-01 -5.827996879816055298e-03 5.280207395553588867e-01 3.985444903373718262e-01 -1.491622924804687500e-01 2.755860984325408936e-01 -1.264265179634094238e-02 7.692980766296386719e-01 4.087468683719635010e-01 -6.138216853141784668e-01 6.472300738096237183e-02 -4.646230041980743408e-01 5.870295763015747070e-01 -5.369252562522888184e-01 3.645227849483489990e-01 2.816539108753204346e-01 4.226558506488800049e-01 7.208750396966934204e-02 6.157205104827880859e-01 5.031537413597106934e-01 -8.151783347129821777e-01 4.588232934474945068e-02 8.189603686332702637e-04 1.133476123213768005e-01 3.186998143792152405e-02 -1.350414454936981201e-01 1.083377823233604431e-01 2.582417726516723633e-01 4.217767715454101562e-01 5.341951847076416016e-01 -1.299168169498443604e-01 -1.383716762065887451e-01 -1.823599338531494141e-01 -1.189765632152557373e-01 1.917572617530822754e-01 4.763732254505157471e-01
-3.778609335422515869e-01 -1.602286100387573242e-01 -3.291723430156707764e-01 -3.816621303558349609e-01 3.434758633375167847e-02 1.191612631082534790e-01 2.315924167633056641e-01 -5.749647617340087891e-01 -3.738094270229339600e-01 3.377947509288787842e-01 -5.446148514747619629e-01 7.439258694648742676e-02 -7.012239098548889160e-01 2.250860631465911865e-01 2.422600984573364258e-03 -2.371815964579582214e-02 7.703065872192382812e-02 -5.563410744071006775e-02 -4.226470887660980225e-01 1.742534041404724121e-01 1.806470751762390137e-02 -2.590577304363250732e-01 -1.967438757419586182e-01 4.435999393463134766e-01 -1.654315926134586334e-02 -4.316999018192291260e-01 3.843776509165763855e-02 -2.397778332233428955e-01 2.204038649797439575e-01 -7.584431767463684082e-02 5.186332464218139648e-01 3.339800238609313965e-01 3.003199100494384766e-01 1.687477529048919678e-02 -1.312367618083953857e-01 7.967881560325622559e-01 4.642577767372131348e-01 -4.915188848972320557e-01 -3.571750521659851074e-01 -1.655650734901428223e-01 2.620546519756317139e-01 -4.350721538066864014e-01 4.757738411426544189e-01 1.170787215232849121e-02 3.241153359413146973e-01 1.521532982587814331e-02 6.907153725624084473e-01 1.068093627691268921e-01 -8.189695477485656738e-01 3.333847820758819580e-01 2.285979092121124268e-01 1.321758627891540527e-01 -3.236525878310203552e-02 -2.301480770111083984e-01 6.109508126974105835e-02 1.060679554939270020e-01 4.753402471542358398e-01 5.466997623443603516e-01 -4.209280759096145630e-02 5.718656629323959351e-02 -1.703221499919891357e-01 -1.089443266391754150e-01 2.826588153839111328e-01 1.406061798334121704e-01
-3.130028247833251953e-01 -3.619550168514251709e-01 -5.265638977289199829e-02 -4.108644723892211914e-01 -2.260665297508239746e-01 1.751190125942230225e-01 2.175089716911315918e-01 -3.260649442672729492e-01 -8.870030194520950317e-02 3.831079602241516113e-01 -5.022114515304565430e-01 -2.349723130464553833e-02 -4.731794893741607666e-01 1.789645552635192871e-01 -2.973792850971221924e-01 -1.365499198436737061e-01 3.772919774055480957e-01 2.284641191363334656e-02 -3.965849578380584717e-01 1.335239112377166748e-01 4.455854892730712891e-01 -1.863164752721786499e-01 -3.934904038906097412e-01 3.807229697704315186e-01 -4.491011053323745728e-02 -2.607310116291046143e-01 -1.646070927381515503e-01 -3.611585497856140137e-02 1.629146784543991089e-01 7.423731684684753418e-02 3.938244581222534180e-01 2.566048502922058105e-01 1.968404352664947510e-01 1.466788053512573242e-01 -2.198155224323272705e-01 7.407363653182983398e-01 3.937050700187683105e-01 -2.107851207256317139e-01 -9.288863092660903931e-02 -1.656123697757720947e-01 1.259471923112869263e-01 -1.324400752782821655e-01 5.596067905426025391e-01 2.800318002700805664e-01 2.317354977130889893e-01 3.448323309421539307e-01 5.460865497589111328e-01 3.245719075202941895e-01 -6.131074428558349609e-01 3.581130206584930420e-01 -2.284388840198516846e-01 1.454505771398544312e-01 1.032429784536361694e-01 -1.122285947203636169e-01 5.473357439041137695e-01 2.109121084213256836e-01 3.921915590763092041e-01 5.094138979911804199e-01 2.774028182029724121e-01 3.450512140989303589e-02 -3.092033788561820984e-02 1.224567964673042297e-01 4.351128041744232178e-01 3.493776619434356689e-01
-2.831493616104125977e-01 -7.057050615549087524e-02 -2.947878241539001465e-01 -4.766937494277954102e-01 -7.584936916828155518e-03 -1.056268066167831421e-01 3.608833551406860352e-01 -5.721498727798461914e-01 -3.293281495571136475e-01 3.078948259353637695e-01 -4.961402416229248047e-01 1.773625910282135010e-01 -7.024892568588256836e-01 1.868272721767425537e-01 -6.142484396696090698e-02 1.011022701859474182e-01 -1.717512309551239014e-02 2.760271728038787842e-01 -5.569819808006286621e-01 -4.459609091281890869e-02 7.916332781314849854e-02 1.465379633009433746e-02 -2.047900855541229248e-01 3.549714088439941406e-01 -2.395611442625522614e-02 -3.993114829063415527e-01 2.752057909965515137e-01 -4.389922022819519043e-01 3.760928809642791748e-01 2.419837713241577148e-01 5.023180842399597168e-01 3.506658077239990234e-01 -3.117981553077697754e-02 -1.269866526126861572e-01 -5.636640638113021851e-02 7.457213401794433594e-01 6.162203550338745117e-01 -4.245316982269287109e-01 -2.966267764568328857e-01 -2.532985508441925049e-01 4.380838871002197266e-01 -4.711836278438568115e-01 9.409135580062866211e-02 -1.249633729457855225e-01 2.410054802894592285e-01 -6.905559450387954712e-02 8.088799715042114258e-01 1.707131117582321167e-01 -7.768265604972839355e-01 -3.633972257375717163e-02 6.447505205869674683e-02 1.449688710272312164e-02 -2.506666183471679688e-01 -5.231109857559204102e-01 1.162196621298789978e-01 5.013669654726982117e-02 3.096509873867034912e-01 4.695746600627899170e-01 6.601887941360473633e-02 5.036511272192001343e-02 -2.164845615625381470e-01 -3.138698935508728027e-01 1.452258378267288208e-01 3.722079694271087646e-01
-4.832308590412139893e-01 -8.348093926906585693e-02 -2.070121467113494873e-01 -3.711894750595092773e-01 8.286231011152267456e-02 -1.800007224082946777e-01 9.140627086162567139e-02 -5.726258158683776855e-01 -2.627367675304412842e-01 4.458923339843750000e-01 -4.705195426940917969e-01 1.479676365852355957e-01 -5.484796166419982910e-01 4.444434940814971924e-01 -1.134686395525932312e-01 2.267484739422798157e-02 2.811959385871887207e-01 1.410176008939743042e-01 -4.690302312374114990e-01 1.131305322051048279e-01 1.897024810314178467e-01 -8.528889715671539307e-02 -3.862274885177612305e-01 2.065278589725494385e-01 1.874095052480697632e-01 -4.576352834701538086e-01 2.332226336002349854e-01 -4.018702208995819092e-01 1.363286226987838745e-01 2.582215666770935059e-01 4.694317281246185303e-01 1.586989909410476685e-01 1.243147253990173340e-01 -4.254870489239692688e-02 -2.361891567707061768e-01 8.642430901527404785e-01 4.691987037658691406e-01 -3.130805492401123047e-01 -4.449490904808044434e-01 -1.124284639954566956e-01 4.303877353668212891e-01 -4.291778802871704102e-01 3.305898606777191162e-01 -1.331771314144134521e-01 2.995620369911193848e-01 4.034066200256347656e-02 7.799046039581298828e-01 -1.431876868009567261e-01 -7.706024646759033203e-01 1.291496157646179199e-01 -4.583738744258880615e-02 8.606290072202682495e-02 -7.739751040935516357e-02 -4.546438753604888916e-01 1.212374344468116760e-01 3.666959702968597412e-03 3.713023066520690918e-01 4.928864538669586182e-01 1.760409623384475708e-01 1.915702819824218750e-01 -5.906969308853149414e-02 -8.682815730571746826e-02 6.164577230811119080e-02 2.396074086427688599e-01
-2.704524993896484375e-01 -3.624294698238372803e-01 -3.693175017833709717e-01 -6.041519045829772949e-01 -1.465021073818206787e-02 2.464222460985183716e-01 1.336787045001983643e-01 -5.271038413047790527e-01 -3.634527325630187988e-01 4.379725754261016846e-01 -5.075871348381042480e-01 5.577607452869415283e-02 -5.302387475967407227e-01 1.978365778923034668e-01 7.260171324014663696e-02 -2.899233438074588776e-02 2.266672998666763306e-01 -1.321678012609481812e-01 -2.643439173698425293e-01 2.831213474273681641e-01 3.189513683319091797e-01 -1.575716286897659302e-01 -3.384232521057128906e-01 5.527275800704956055e-01 4.336931556463241577e-02 -3.723851144313812256e-01 -7.538876682519912720e-02 -2.494924068450927734e-01 1.682599782943725586e-01 -3.176200687885284424e-01 4.638453722000122070e-01 4.930453598499298096e-01 2.390910685062408447e-01 1.555498093366622925e-01 -2.275781929492950439e-01 9.871729016304016113e-01 4.203009009361267090e-01 -4.826430678367614746e-01 -1.985790580511093140e-02 -2.555430829524993896e-01 2.652731835842132568e-01 -4.305983781814575195e-01 4.641592800617218018e-01 2.033805400133132935e-01 2.632674872875213623e-01 1.087703779339790344e-01 7.558119893074035645e-01 2.003719061613082886e-01 -7.711850404739379883e-01 2.383411228656768799e-01 8.756547421216964722e-02 1.784106194972991943e-01 8.020899444818496704e-02 -2.236810177564620972e-01 3.960352391004562378e-02 2.706087231636047363e-01 3.172324895858764648e-01 6.569663286209106445e-01 -3.546187654137611389e-02 5.381242185831069946e-02 -1.200719326734542847e-01 8.390138298273086548e-02 2.402982264757156372e-01 -3.083107993006706238e-03
-5.049769282341003418e-01 -1.144024655222892761e-01 -2.560415267944335938e-01 -3.385881483554840088e-01 7.722797244787216187e-02 9.184686467051506042e-03 1.024231091141700745e-01 -6.598196029663085938e-01 -3.901721537113189697e-01 3.729088604450225830e-01 -5.758703947067260742e-01 2.586534321308135986e-01 -5.383165478706359863e-01 2.954175472259521484e-01 -5.767337232828140259e-02 -2.972396090626716614e-02 9.235541522502899170e-02 5.152580514550209045e-02 -4.861664474010467529e-01 8.293911069631576538e-02 1.079957187175750732e-02 -1.653644442558288574e-01 -3.410120904445648193e-01 2.609504759311676025e-01 1.096649691462516785e-01 -4.601144492626190186e-01 6.204435601830482483e-02 -3.185032308101654053e-01 2.078013420104980469e-01 1.565308421850204468e-01 5.153669714927673340e-01 3.061244785785675049e-01 2.557375729084014893e-01 -8.425116539001464844e-05 -1.962801516056060791e-01 7.946166992187500000e-01 4.170849621295928955e-01 -3.907100558280944824e-01 -3.602862358093261719e-01 -6.964521855115890503e-02 3.370426595211029053e-01 -4.505741298198699951e-01 4.517791569232940674e-01 2.108955383300781250e-02 2.957865297794342041e-01 7.805589586496353149e-02 6.717267632484436035e-01 5.439446866512298584e-02 -7.366972565650939941e-01 2.455393075942993164e-01 8.950109034776687622e-02 3.971597552299499512e-02 -3.268275782465934753e-02 -3.725092113018035889e-01 5.883006006479263306e-02 1.140932813286781311e-01 4.464943408966064453e-01 4.918187558650970459e-01 5.631237104535102844e-02 4.805619269609451294e-02 -1.327966153621673584e-01 6.960831582546234131e-03 1.717792004346847534e-01 1.638370603322982788e-01
-8.507683128118515015e-02 -3.666751384735107422e-01 -7.565207481384277344e-01 -4.525829255580902100e-01 -4.563313424587249756e-01 -1.573245823383331299e-01 3.417914211750030518e-01 -2.805530428886413574e-01 -1.067499443888664246e-01 4.842133522033691406e-01 -5.943081378936767578e-01 -1.144102737307548523e-01 -9.630686044692993164e-01 1.548316776752471924e-01 -2.070564031600952148e-02 1.297277212142944336e-01 4.556456208229064941e-02 -3.170637488365173340e-01 -1.192592158913612366e-01 1.309882104396820068e-01 1.007135212421417236e-01 -1.460940204560756683e-02 -2.700747549533843994e-01 6.934512853622436523e-01 1.932944655418395996e-01 -3.223322927951812744e-01 2.522121965885162354e-01 -5.565282106399536133e-01 2.833088040351867676e-01 -2.935476303100585938e-01 4.139782488346099854e-01 3.300762474536895752e-01 -3.318296372890472412e-01 3.708682358264923096e-01 -2.330479323863983154e-01 7.940866947174072266e-01 3.157448470592498779e-01 -2.729345560073852539e-01 4.954702854156494141e-01 -8.331344127655029297e-01 5.867512226104736328e-01 -3.624556958675384521e-01 2.361919581890106201e-01 2.657135725021362305e-01 3.365924358367919922e-01 4.241349101066589355e-01 7.707183957099914551e-01 4.910042285919189453e-01 -8.418890237808227539e-01 9.207057207822799683e-02 -1.621546149253845215e-01 3.865964412689208984e-01 1.976922452449798584e-01 1.073408424854278564e-01 -4.989757388830184937e-02 1.709842234849929810e-01 4.140401482582092285e-01 5.607693195343017578e-01 2.372958213090896606e-01 -4.734163731336593628e-02 -5.244604870676994324e-02 -3.495333492755889893e-01 9.292130917310714722e-02 3.859924674034118652e-01
-6.842609643936157227e-01 5.745292454957962036e-02 1.468002796173095703e-01 -3.320270180702209473e-01 -9.007170796394348145e-03 2.759484946727752686e-01 -3.051099777221679688e-01 -4.424286484718322754e-01 -1.548963785171508789e-01 8.967108130455017090e-01 -3.629975914955139160e-01 -2.053257077932357788e-02 -6.572012603282928467e-02 5.581479072570800781e-01 -6.541616469621658325e-02 7.733715325593948364e-02 3.757693767547607422e-01 9.589558839797973633e-02 -4.709878861904144287e-01 -1.309135258197784424e-01 4.463384747505187988e-01 8.378459140658378601e-03 -6.117322444915771484e-01 3.014481067657470703e-02 2.157011330127716064e-01 -2.780169546604156494e-01 -3.873539343476295471e-02 -5.900441110134124756e-02 -4.497660100460052490e-01 5.260546132922172546e-02 1.624780595302581787e-01 1.425977945327758789e-01 6.057423353195190430e-01 -2.601800858974456787e-02 -5.075637698173522949e-01 7.152290940284729004e-01 3.872483372688293457e-01 -2.996674180030822754e-02 -1.716565042734146118e-01 9.317617118358612061e-02 -8.930810540914535522e-02 6.856189668178558350e-02 4.443637430667877197e-01 4.412738978862762451e-02 -8.873482793569564819e-02 3.069583773612976074e-01 7.827599048614501953e-01 -4.033417701721191406e-01 -4.991153180599212646e-01 3.488824665546417236e-01 -2.266051173210144043e-01 3.608497083187103271e-01 1.041536778211593628e-01 -3.362509608268737793e-01 3.300081789493560791e-01 -7.797707617282867432e-02 7.640884816646575928e-02 4.179888069629669189e-01 4.979251027107238770e-01 2.219600677490234375e-01 -1.287168413400650024e-01 2.370225787162780762e-01 3.271228373050689697e-01 -6.123626232147216797e-02
-2.025037407875061035e-01 -2.044387161731719971e-01 -4.894478321075439453e-01 -4.202878177165985107e-01 -3.864105790853500366e-02 -1.433317661285400391e-01 2.836724817752838135e-01 -5.867470502853393555e-01 -3.488502502441406250e-01 1.562668830156326294e-01 -3.682381510734558105e-01 6.851276010274887085e-02 -8.689828515052795410e-01 2.294700145721435547e-01 7.006733864545822144e-02 2.812804654240608215e-02 -5.399440228939056396e-02 9.292139112949371338e-02 -3.584171235561370850e-01 9.124653041362762451e-02 -6.635528802871704102e-02 -1.047776713967323303e-01 -1.663852781057357788e-01 4.449352025985717773e-01 -7.070184499025344849e-02 -5.367658138275146484e-01 1.999976485967636108e-01 -4.082716107368469238e-01 2.917318642139434814e-01 1.242397874593734741e-01 4.719644784927368164e-01 3.064117729663848877e-01 -1.272875219583511353e-01 4.586303234100341797e-02 -5.869753658771514893e-03 7.039505243301391602e-01 6.380670070648193359e-01 -5.840546488761901855e-01 -6.352061033248901367e-02 -4.905178844928741455e-01 6.428273320198059082e-01 -6.501245498657226562e-01 1.885953545570373535e-01 7.360812276601791382e-02 1.707748472690582275e-01 -7.256698608398437500e-02 5.959388017654418945e-01 2.647163271903991699e-01 -8.001276850700378418e-01 -5.046861991286277771e-02 9.704019874334335327e-02 1.120598390698432922e-01 -3.771847113966941833e-02 -3.497020304203033447e-01 -1.356633901596069336e-01 1.712520718574523926e-01 4.957177042961120605e-01 6.119866371154785156e-01 -1.290399730205535889e-01 1.347279846668243408e-01 -2.929193079471588135e-01 -2.217012047767639160e-01 1.251020282506942749e-01 3.132717609405517578e-01
-6.820839643478393555e-02 -9.858115017414093018e-02 -5.424343943595886230e-01 -3.917256891727447510e-01 -3.256846368312835693e-01 -7.585294544696807861e-02 2.206298708915710449e-01 -4.703300893306732178e-01 -1.925496608018875122e-01 4.773554503917694092e-01 -4.167726039886474609e-01 4.979624599218368530e-02 -7.822470664978027344e-01 3.595930039882659912e-01 -8.038431406021118164e-05 -1.188384369015693665e-01 -7.295648753643035889e-02 1.969894394278526306e-02 -3.750228583812713623e-01 -2.372742630541324615e-02 8.140045404434204102e-02 1.881499141454696655e-01 -4.567351341247558594e-01 5.383979678153991699e-01 2.388484962284564972e-02 -2.934773564338684082e-01 3.598421514034271240e-01 -4.398060142993927002e-01 4.729944840073585510e-02 8.399602025747299194e-03 4.807080626487731934e-01 5.125155448913574219e-01 -2.964969873428344727e-01 1.693793982267379761e-01 -1.406065523624420166e-01 8.733610510826110840e-01 2.786627411842346191e-01 -5.216814875602722168e-01 4.331170320510864258e-01 -6.811062097549438477e-01 7.442901730537414551e-01 -5.199279785156250000e-01 -2.921289205551147461e-02 1.825554370880126953e-01 3.807165324687957764e-01 1.607877910137176514e-01 7.316138148307800293e-01 2.310182303190231323e-01 -8.434064388275146484e-01 -2.401494085788726807e-01 -1.381050646305084229e-01 1.684397906064987183e-01 2.704374492168426514e-04 -3.229384496808052063e-02 -3.121374547481536865e-01 1.955366283655166626e-01 1.973702907562255859e-01 4.402613341808319092e-01 1.086214035749435425e-01 -1.357069462537765503e-01 -2.511163651943206787e-01 -2.139784097671508789e-01 -1.511112153530120850e-01 4.601156115531921387e-01
-1.221605464816093445e-01 -4.260494709014892578e-01 -4.505423903465270996e-01 -7.331949472427368164e-01 -4.684965908527374268e-01 8.587746322154998779e-02 3.386033773422241211e-01 -4.001852869987487793e-01 -2.349971234798431396e-01 3.605777621269226074e-01 -4.711907505989074707e-01 -6.862014532089233398e-03 -6.912129521369934082e-01 2.023692429065704346e-01 8.560413122177124023e-02 -1.035500131547451019e-02 2.222559303045272827e-01 -2.408551573753356934e-01 -1.825382411479949951e-01 3.059164881706237793e-01 2.561309635639190674e-01 -6.025578826665878296e-02 -2.516355812549591064e-01 8.217401504516601562e-01 -7.408493757247924805e-02 -3.055922091007232666e-01 2.368983067572116852e-02 -4.276848435401916504e-01 3.972013294696807861e-01 -3.408110439777374268e-01 4.434066116809844971e-01 6.263477802276611328e-01 -1.166976094245910645e-01 5.039829611778259277e-01 -3.498107790946960449e-01 9.229862689971923828e-01 2.592234015464782715e-01 -3.651630878448486328e-01 4.237414002418518066e-01 -5.752843618392944336e-01 4.200917184352874756e-01 -4.626986682415008545e-01 3.334171772003173828e-01 2.670185565948486328e-01 4.366745352745056152e-01 3.881900608539581299e-01 7.564706206321716309e-01 6.398016214370727539e-01 -8.480134606361389160e-01 1.812770068645477295e-01 -1.716464757919311523e-04 1.452234536409378052e-01 4.199868068099021912e-02 2.335096001625061035e-01 -2.329047620296478271e-01 4.248012900352478027e-01 2.988698184490203857e-01 6.114364862442016602e-01 7.423380017280578613e-02 -9.961932152509689331e-02 -7.708217203617095947e-02 -1.208835840225219727e-01 8.584719896316528320e-02 2.875964641571044922e-01
-1.961094439029693604e-01 -2.947527468204498291e-01 -4.541149139404296875e-01 -4.609101712703704834e-01 -1.913182437419891357e-03 1.577901840209960938e-01 3.333829641342163086e-01 -4.981397688388824463e-01 -3.990928232669830322e-01 2.956369519233703613e-01 -4.447115957736968994e-01 -9.662117809057235718e-02 -7.972049117088317871e-01 1.085226610302925110e-01 8.266145735979080200e-02 -2.106515690684318542e-02 6.085198000073432922e-02 -1.269688159227371216e-01 -4.105701744556427002e-01 2.369006276130676270e-01 5.936659872531890869e-02 -8.936614543199539185e-02 -1.113932952284812927e-01 6.520878076553344727e-01 -2.015568502247333527e-02 -3.467544019222259521e-01 7.450767606496810913e-02 -3.719976544380187988e-01 2.909181416034698486e-01 -2.879699766635894775e-01 5.010947585105895996e-01 4.347014129161834717e-01 1.168206483125686646e-01 1.427516043186187744e-01 5.342920869588851929e-02 7.932904362678527832e-01 5.239491462707519531e-01 -5.444022417068481445e-01 -3.301274031400680542e-02 -4.650571048259735107e-01 4.743094742298126221e-01 -5.693289637565612793e-01 4.065444767475128174e-01 1.678660809993743896e-01 2.012813389301300049e-01 6.753208488225936890e-02 7.674552798271179199e-01 3.817690014839172363e-01 -8.146143555641174316e-01 8.480577915906906128e-02 1.405601799488067627e-01 1.702799201011657715e-01 8.206908404827117920e-02 -2.587319910526275635e-01 -7.026040554046630859e-02 2.103856503963470459e-01 4.665530920028686523e-01 6.382628679275512695e-01 -8.315192162990570068e-02 1.830152422189712524e-02 -2.419210821390151978e-01 -2.081491053104400635e-01 5.515151098370552063e-02 1.685524135828018188e-01
-2.488654553890228271e-01 -3.113895058631896973e-01 -3.206917941570281982e-01 -3.697327971458435059e-01 -2.912095189094543457e-01 7.328327000141143799e-02 3.922408223152160645e-01 -4.894990026950836182e-01 -2.469890713691711426e-01 3.729286789894104004e-01 -6.634377241134643555e-01 4.621113091707229614e-02 -6.638014316558837891e-01 -4.749814793467521667e-02 -1.459918320178985596e-01 1.381174102425575256e-02 -2.249464392662048340e-02 -2.455446869134902954e-02 -4.898590147495269775e-01 4.629020392894744873e-02 2.162144035100936890e-01 2.157794125378131866e-02 -2.006385326385498047e-01 4.771786332130432129e-01 2.145414613187313080e-02 -3.083556592464447021e-01 1.164227277040481567e-01 -3.455756008625030518e-01 3.552953898906707764e-01 5.169838666915893555e-02 5.494725704193115234e-01 3.781282007694244385e-01 6.978347897529602051e-02 4.658924043178558350e-02 -2.485740184783935547e-02 8.425415754318237305e-01 3.469803035259246826e-01 -2.297601103782653809e-01 -7.504858076572418213e-02 -2.357413768768310547e-01 2.730879783630371094e-01 -3.899985849857330322e-01 3.968480527400970459e-01 9.678833186626434326e-03 2.889016866683959961e-01 2.227375507354736328e-01 6.897659897804260254e-01 4.268898367881774902e-01 -7.079877853393554688e-01 1.936425268650054932e-01 -8.549776673316955566e-02 1.292303800582885742e-01 1.113580912351608276e-01 -1.945131421089172363e-01 3.442825973033905029e-01 2.293971031904220581e-01 3.804619610309600830e-01 4.124374687671661377e-01 2.151502966880798340e-01 -1.406050622463226318e-01 -3.347764164209365845e-02 -8.535193651914596558e-02 3.044669330120086670e-01 4.773538708686828613e-01
-2.286798357963562012e-01 6.646049767732620239e-02 -4.267448484897613525e-01 -3.425370752811431885e-01 -1.053075119853019714e-01 3.322068229317665100e-02 4.184760451316833496e-01 -5.294188261032104492e-01 -2.628742456436157227e-01 4.675677418708801270e-01 -5.664374232292175293e-01 1.400762051343917847e-02 -7.496162056922912598e-01 1.619454324245452881e-01 -5.964421480894088745e-02 9.703357517719268799e-02 -1.668094098567962646e-02 4.871146008372306824e-02 -6.589708328247070312e-01 -7.887525856494903564e-02 -4.554562270641326904e-03 1.868926435708999634e-01 -2.307267785072326660e-01 4.557555317878723145e-01 1.876497082412242889e-02 -3.298814296722412109e-01 2.993731796741485596e-01 -5.856782197952270508e-01 3.680987358093261719e-01 -2.977954968810081482e-02 5.843659043312072754e-01 4.207128882408142090e-01 -2.024466246366500854e-01 -1.102866232395172119e-02 -1.451707780361175537e-01 5.796151161193847656e-01 6.400642395019531250e-01 -3.335282802581787109e-01 9.091039746999740601e-02 -5.693222284317016602e-01 6.105749607086181641e-01 -4.031850397586822510e-01 1.849971711635589600e-03 1.769295334815979004e-02 1.866291165351867676e-01 2.594517171382904053e-01 6.903296709060668945e-01 3.516383171081542969e-01 -6.513902544975280762e-01 -3.527799248695373535e-02 -1.183448433876037598e-01 2.448777258396148682e-01 -7.564942538738250732e-02 -3.917492032051086426e-01 4.007530957460403442e-02 9.713630378246307373e-02 2.972884774208068848e-01 3.749586939811706543e-01 2.515608966350555420e-01 -1.042020246386528015e-01 -4.099462926387786865e-01 -3.569168448448181152e-01 2.591122686862945557e-02 4.238682091236114502e-01
-5.167011022567749023e-01 -1.778459250926971436e-01 1.227934435009956360e-01 -5.088583230972290039e-01 1.532096564769744873e-01 1.561593413352966309e-01 -2.460427880287170410e-01 -5.100446939468383789e-01 -3.855844140052795410e-01 6.118351221084594727e-01 -3.329043388366699219e-01 2.186034917831420898e-01 -1.784185022115707397e-01 5.875414013862609863e-01 4.851627349853515625e-02 -1.258374154567718506e-01 3.522484898567199707e-01 2.086683660745620728e-01 -3.806961774826049805e-01 7.094243913888931274e-02 3.004186749458312988e-01 -1.720461696386337280e-01 -5.201661586761474609e-01 -2.910815924406051636e-02 3.498781472444534302e-02 -3.937029540538787842e-01 -7.134657353162765503e-02 -1.081663370132446289e-02 -2.603282630443572998e-01 2.188474535942077637e-01 3.174088299274444580e-01 3.847090303897857666e-01 5.999151468276977539e-01 -7.439526170492172241e-02 -4.233711957931518555e-01 8.485397696495056152e-01 3.020072579383850098e-01 -3.041357994079589844e-01 -3.863328099250793457e-01 3.108837902545928955e-01 -1.165766455233097076e-02 -7.379600405693054199e-02 5.225929021835327148e-01 -8.062283694744110107e-02 5.100916605442762375e-03 1.204801425337791443e-01 7.198151350021362305e-01 -3.787812590599060059e-01 -6.563105583190917969e-01 3.733685314655303955e-01 1.027544513344764709e-01 5.861053615808486938e-02 -1.500648409128189087e-01 -2.981165349483489990e-01 1.103313043713569641e-01 9.458885341882705688e-02 2.361592948436737061e-01 4.457776248455047607e-01 3.194392323493957520e-01 2.170557379722595215e-01 -3.328137472271919250e-02 3.643393218517303467e-01 2.742623388767242432e-01 -5.972456932067871094e-02
-4.746539890766143799e-01 -1.061342060565948486e-01 1.405592262744903564e-01 -3.815498948097229004e-01 1.815296113491058350e-01 2.326547652482986450e-01 -1.739892959594726562e-01 -5.695950388908386230e-01 -3.774709403514862061e-01 5.043213963508605957e-01 -3.781688213348388672e-01 1.362286508083343506e-01 -3.359086215496063232e-01 4.941149652004241943e-01 4.473339766263961792e-02 -9.676567465066909790e-02 2.608826756477355957e-01 4.101031720638275146e-01 -5.292742252349853516e-01 2.050833962857723236e-02 1.182135865092277527e-01 -2.518653869628906250e-01 -3.894050717353820801e-01 -4.072375595569610596e-03 -1.473568975925445557e-01 -3.768491446971893311e-01 -1.152189522981643677e-01 -2.194914966821670532e-02 -1.253159791231155396e-01 2.779621481895446777e-01 3.856420516967773438e-01 3.199948370456695557e-01 5.274358987808227539e-01 -8.229666203260421753e-02 -3.041628003120422363e-01 6.066894531250000000e-01 4.818084836006164551e-01 -3.409431576728820801e-01 -3.908609151840209961e-01 1.897000074386596680e-01 -2.397579886019229889e-02 -8.876197040081024170e-02 5.345381498336791992e-01 -7.033355534076690674e-02 -3.236693516373634338e-02 1.095248088240623474e-01 5.951652526855468750e-01 -1.960298717021942139e-01 -6.124074459075927734e-01 4.632218778133392334e-01 5.718094855546951294e-02 8.585808426141738892e-02 -2.395728826522827148e-01 -2.608464360237121582e-01 2.347582578659057617e-01 8.363685011863708496e-02 2.319511473178863525e-01 3.967806398868560791e-01 2.384268492460250854e-01 2.678497433662414551e-01 -1.504038125276565552e-01 1.898510456085205078e-01 4.123918116092681885e-01 -9.977240115404129028e-04
-5.778872966766357422e-01 -1.932978034019470215e-01 3.193807303905487061e-01 -6.019883155822753906e-01 1.866165697574615479e-01 2.112066447734832764e-01 -2.001827359199523926e-01 -2.724165022373199463e-01 -2.855712473392486572e-01 9.271060824394226074e-01 -3.922826647758483887e-01 1.220350861549377441e-01 5.682529509067535400e-02 5.106340050697326660e-01 -1.381413340568542480e-01 6.749711930751800537e-02 5.945156216621398926e-01 6.400988996028900146e-02 -1.117164269089698792e-01 1.655875891447067261e-01 8.142811655998229980e-01 -6.352206319570541382e-02 -6.681477427482604980e-01 3.076989576220512390e-02 3.895408213138580322e-01 -4.045222103595733643e-01 -2.796992659568786621e-01 9.992972016334533691e-03 -4.575525820255279541e-01 -5.028707161545753479e-02 1.797199845314025879e-01 4.324449896812438965e-01 6.547975540161132812e-01 -1.373627781867980957e-02 -6.710462570190429688e-01 7.037362456321716309e-01 3.002427816390991211e-01 1.781824231147766113e-01 -1.875782310962677002e-01 2.415466606616973877e-01 -4.048584997653961182e-01 2.155330628156661987e-01 2.640734612941741943e-01 2.201040834188461304e-02 -2.927473783493041992e-01 3.338713645935058594e-01 8.230018019676208496e-01 -4.875292778015136719e-01 -4.525281786918640137e-01 3.817711174488067627e-01 2.361736595630645752e-01 3.590461015701293945e-01 -2.846757695078849792e-02 -4.829261004924774170e-01 3.763267695903778076e-01 -1.297912299633026123e-01 1.109779924154281616e-01 5.630457401275634766e-01 6.820094585418701172e-01 3.711444437503814697e-01 6.316450238227844238e-02 3.837850093841552734e-01 3.008967041969299316e-01 -2.363290339708328247e-01
-5.249935984611511230e-01 -5.761022120714187622e-02 8.409865945577621460e-02 -3.255400657653808594e-01 3.081085085868835449e-01 2.477125823497772217e-01 -1.758400797843933105e-01 -5.605313181877136230e-01 -4.522945582866668701e-01 5.123865008354187012e-01 -2.908332645893096924e-01 1.416592895984649658e-01 -4.027741253376007080e-01 5.774150490760803223e-01 9.590742737054824829e-02 -2.843358740210533142e-02 3.233135044574737549e-01 3.520281314849853516e-01 -5.386489033699035645e-01 -6.881542503833770752e-05 -2.928341925144195557e-02 -2.591826319694519043e-01 -2.944033145904541016e-01 -4.781875014305114746e-02 -1.395027637481689453e-01 -4.734239280223846436e-01 -1.256587505340576172e-01 -1.004855334758758545e-02 -3.399563208222389221e-02 2.424022704362869263e-01 3.965099453926086426e-01 3.238617181777954102e-01 5.488039255142211914e-01 -9.623872488737106323e-02 -3.277760148048400879e-01 4.655950367450714111e-01 5.341340899467468262e-01 -2.978343963623046875e-01 -4.668453931808471680e-01 1.904692947864532471e-01 -4.586174339056015015e-02 -1.048927456140518188e-01 4.975028336048126221e-01 -1.159397363662719727e-01 -1.020137146115303040e-01 1.490130722522735596e-01 6.108623743057250977e-01 -2.159564644098281860e-01 -6.272560358047485352e-01 5.472320318222045898e-01 1.814617216587066650e-01 1.344688087701797485e-01 -2.735638618469238281e-01 -2.957135438919067383e-01 1.547320783138275146e-01 -4.289610683917999268e-02 3.465981483459472656e-01 5.171430706977844238e-01 2.602761089801788330e-01 3.677142560482025146e-01 -2.615266442298889160e-01 4.074481874704360962e-02 3.409937918186187744e-01 -8.612552285194396973e-02
-3.107646107673645020e-01 -1.891820281744003296e-01 -2.312777042388916016e-01 -5.126992464065551758e-01 -4.954428598284721375e-02 2.238909006118774414e-01 2.908219099044799805e-01 -5.064139366149902344e-01 -4.583655893802642822e-01 3.545900583267211914e-01 -5.751712322235107422e-01 -4.191982001066207886e-02 -6.503274440765380859e-01 1.412131190299987793e-01 8.928600698709487915e-02 8.096714317798614502e-02 1.735025644302368164e-01 -1.473241448402404785e-01 -4.068046510219573975e-01 2.156555652618408203e-01 7.302141934633255005e-02 -6.337299942970275879e-02 -1.576180756092071533e-01 5.687505006790161133e-01 -8.398115634918212891e-02 -4.363861382007598877e-01 -4.038128256797790527e-02 -3.972412049770355225e-01 4.010370969772338867e-01 -2.781888544559478760e-01 5.082012414932250977e-01 4.901813566684722900e-01 1.955752670764923096e-01 1.863740682601928711e-01 -1.856069862842559814e-01 6.176418662071228027e-01 5.656556487083435059e-01 -2.398279309272766113e-01 1.140394061803817749e-02 -3.817880749702453613e-01 2.968292832374572754e-01 -4.152626395225524902e-01 4.053895175457000732e-01 1.308666467666625977e-01 6.528405100107192993e-02 2.865010499954223633e-01 7.119481563568115234e-01 4.441319108009338379e-01 -6.385272145271301270e-01 3.207265734672546387e-01 1.962491273880004883e-01 2.132597863674163818e-01 -4.404347762465476990e-02 -2.136282026767730713e-01 5.818446725606918335e-02 2.095924466848373413e-01 3.942589461803436279e-01 5.702502131462097168e-01 1.307272613048553467e-01 1.130768582224845886e-01 -1.887776851654052734e-01 -1.727858632802963257e-01 2.291292250156402588e-01 1.119250506162643433e-01
-4.692758619785308838e-01 5.445965379476547241e-02 1.854169070720672607e-01 -1.817656010389328003e-01 1.094746589660644531e-02 2.652889788150787354e-01 -1.133114174008369446e-01 -5.081743001937866211e-01 -2.182019352912902832e-01 5.495525598526000977e-01 -2.345157861709594727e-01 -1.424938738346099854e-01 -3.371415436267852783e-01 5.378973484039306641e-01 -2.979548573493957520e-01 -6.319560110569000244e-02 3.107239305973052979e-01 2.576430737972259521e-01 -6.606512069702148438e-01 -2.434823811054229736e-01 2.037529051303863525e-01 -1.560335308313369751e-01 -3.839482665061950684e-01 8.412799239158630371e-02 -1.223256364464759827e-01 -3.106309473514556885e-01 -2.018931210041046143e-01 -1.145115271210670471e-01 -1.132645830512046814e-02 3.217113912105560303e-01 4.198047220706939697e-01 2.978093922138214111e-01 2.488975822925567627e-01 1.711864769458770752e-01 -4.037849903106689453e-01 3.073775768280029297e-01 4.901385307312011719e-01 -2.137316167354583740e-01 4.253482073545455933e-02 -1.830395460128784180e-01 -5.543348938226699829e-02 1.399226039648056030e-01 3.280336856842041016e-01 1.337760984897613525e-01 -9.596393257379531860e-02 4.288719296455383301e-01 4.556987881660461426e-01 5.994737148284912109e-03 -6.239576339721679688e-01 5.294674634933471680e-01 -3.499106466770172119e-01 3.095677196979522705e-01 -2.071836218237876892e-02 -1.280119419097900391e-01 4.456903636455535889e-01 -5.842725932598114014e-02 2.503972947597503662e-01 2.810299694538116455e-01 5.554367899894714355e-01 1.504735350608825684e-01 -4.374021887779235840e-01 1.161658391356468201e-01 3.167913854122161865e-01 1.856532543897628784e-01
-4.466640651226043701e-01 -4.421312734484672546e-02 6.178309768438339233e-02 -3.243649303913116455e-01 -1.521340012550354004e-02 3.430035710334777832e-01 -1.530154049396514893e-01 -5.306447148323059082e-01 -2.549840807914733887e-01 5.769392251968383789e-01 -4.033340215682983398e-01 3.069879859685897827e-02 -2.047504037618637085e-01 4.769894182682037354e-01 -6.895232945680618286e-02 -1.351934373378753662e-01 3.386884331703186035e-01 1.100738346576690674e-01 -6.247633099555969238e-01 -9.813373535871505737e-02 1.406484246253967285e-01 -9.011998772621154785e-04 -4.290364682674407959e-01 1.402969360351562500e-01 -4.294068366289138794e-02 -3.272364735603332520e-01 -1.496472507715225220e-01 -9.220746159553527832e-02 -2.717377245426177979e-02 1.170171797275543213e-01 3.850280642509460449e-01 3.763927221298217773e-01 3.964318335056304932e-01 1.289566308259963989e-01 -4.716949462890625000e-01 6.245234608650207520e-01 2.753427922725677490e-01 -2.210411429405212402e-01 -9.592837095260620117e-02 1.298860609531402588e-01 1.480837613344192505e-01 -8.448252081871032715e-02 4.726430475711822510e-01 5.556781589984893799e-02 1.776535362005233765e-01 3.864409029483795166e-01 6.175348758697509766e-01 8.274847269058227539e-02 -6.032608747482299805e-01 4.986963570117950439e-01 -2.182953953742980957e-01 5.575184524059295654e-02 6.995610892772674561e-04 -7.801737636327743530e-02 3.190061151981353760e-01 1.452120840549468994e-01 2.204300463199615479e-01 4.183518886566162109e-01 3.624162375926971436e-01 -4.734266549348831177e-02 -1.971788406372070312e-01 2.384909093379974365e-01 2.478507012128829956e-01 1.026704162359237671e-01
-2.602555155754089355e-01 -1.630914509296417236e-01 -2.254173159599304199e-04 -7.147425413131713867e-01 -1.434568762779235840e-01 1.375985592603683472e-01 -4.480437189340591431e-02 -4.526874125003814697e-01 -2.276391685009002686e-01 7.587473988533020020e-01 -4.208034276962280273e-01 1.667538285255432129e-01 -2.812164723873138428e-01 5.050805211067199707e-01 5.499074235558509827e-02 2.272580051794648170e-03 3.254905045032501221e-01 1.803625971078872681e-01 -4.068728983402252197e-01 -4.240991920232772827e-02 3.804138898849487305e-01 1.659645885229110718e-01 -5.727626681327819824e-01 2.342014312744140625e-01 4.616057127714157104e-02 -4.574562311172485352e-01 4.950974881649017334e-02 -2.245262563228607178e-01 -2.442751079797744751e-01 8.767630159854888916e-02 2.530893385410308838e-01 6.499023437500000000e-01 1.813095510005950928e-01 1.109433025121688843e-01 -5.375100970268249512e-01 9.518538713455200195e-01 2.572308480739593506e-01 -2.221023738384246826e-01 2.153756916522979736e-01 -7.736087590456008911e-02 2.664823830127716064e-01 -1.233626231551170349e-01 4.791468381881713867e-04 3.469330817461013794e-02 8.122435212135314941e-02 2.914221882820129395e-01 8.256509900093078613e-01 -1.243802979588508606e-01 -6.679995059967041016e-01 1.336729526519775391e-02 9.038788825273513794e-02 1.808501631021499634e-01 -1.382382214069366455e-01 -1.783263981342315674e-01 4.445532709360122681e-02 1.399160325527191162e-01 1.646464467048645020e-01 5.779682993888854980e-01 4.548194408416748047e-01 9.811969846487045288e-02 -1.543416529893875122e-01 2.582384645938873291e-01 7.088496536016464233e-02 2.344797700643539429e-01
-5.755388140678405762e-01 -1.174813956022262573e-01 2.858325242996215820e-01 -6.941444277763366699e-01 1.875599622726440430e-01 1.338408589363098145e-01 -7.619709521532058716e-02 -3.467704355716705322e-01 -3.473091721534729004e-01 8.836687207221984863e-01 -4.323384761810302734e-01 2.343257069587707520e-01 -4.992393776774406433e-02 4.618816077709197998e-01 -5.495449155569076538e-02 1.826161444187164307e-01 4.977807104587554932e-01 2.489140480756759644e-01 -2.752742469310760498e-01 5.205854773521423340e-02 6.609984040260314941e-01 -4.696432501077651978e-02 -5.776411890983581543e-01 3.519547730684280396e-02 2.483676671981811523e-01 -4.335137903690338135e-01 -1.296575069427490234e-01 -8.239645510911941528e-02 -2.325964719057083130e-01 1.072481870651245117e-01 2.045118361711502075e-01 4.122742712497711182e-01 6.009807586669921875e-01 -2.147906273603439331e-01 -5.470527410507202148e-01 7.772386670112609863e-01 5.293119549751281738e-01 5.436830967664718628e-02 -3.736893236637115479e-01 1.917424201965332031e-01 -2.682849168777465820e-01 1.300472170114517212e-01 1.632010489702224731e-01 -7.927371561527252197e-02 -2.402020096778869629e-01 1.094507649540901184e-01 9.077420830726623535e-01 -4.414712786674499512e-01 -4.729163944721221924e-01 2.418928742408752441e-01 2.691339254379272461e-01 2.343887239694595337e-01 -2.339708209037780762e-01 -6.718299388885498047e-01 3.410117030143737793e-01 -9.402225911617279053e-02 1.636382937431335449e-01 5.498329401016235352e-01 5.370137095451354980e-01 3.852149546146392822e-01 -1.755205169320106506e-02 2.040914595127105713e-01 3.730950355529785156e-01 -1.420116275548934937e-01
-4.858740866184234619e-01 -1.647239625453948975e-01 2.024660706520080566e-01 -4.595857560634613037e-01 2.639836370944976807e-01 2.215635776519775391e-01 -1.733080297708511353e-02 -4.733909964561462402e-01 -4.542686343193054199e-01 5.600396394729614258e-01 -4.298873841762542725e-01 1.600775718688964844e-01 -2.135822623968124390e-01 3.963081538677215576e-01 -1.221512779593467712e-01 -5.701161548495292664e-02 3.842907249927520752e-01 2.197690755128860474e-01 -4.447546899318695068e-01 2.844117768108844757e-02 3.132092356681823730e-01 -9.582426398992538452e-02 -3.643862009048461914e-01 2.576437592506408691e-02 5.043784528970718384e-02 -3.934703767299652100e-01 -1.820385009050369263e-01 -1.617733836174011230e-01 7.074113190174102783e-02 2.224086672067642212e-01 4.207746386528015137e-01 4.302287995815277100e-01 4.752025902271270752e-01 -5.190686136484146118e-02 -3.534753620624542236e-01 6.083216667175292969e-01 4.941459894180297852e-01 -8.167151361703872681e-02 -3.765077292919158936e-01 2.210054993629455566e-01 -1.441572606563568115e-01 2.127089910209178925e-02 3.939088881015777588e-01 -1.319666206836700439e-01 -1.428948640823364258e-01 2.459510564804077148e-01 7.046475410461425781e-01 -1.248086243867874146e-01 -6.174631118774414062e-01 4.537386596202850342e-01 1.112534329295158386e-01 7.491894811391830444e-02 -2.735071182250976562e-01 -4.773192405700683594e-01 3.930974900722503662e-01 1.923344284296035767e-02 2.362003326416015625e-01 3.669248521327972412e-01 4.720403552055358887e-01 2.213497757911682129e-01 -8.260279893875122070e-02 1.912487149238586426e-01 2.831158041954040527e-01 -5.402702093124389648e-02
-3.858550488948822021e-01 -1.862748712301254272e-02 6.379369646310806274e-02 -3.356629014015197754e-01 2.819068133831024170e-01 3.083491623401641846e-01 -9.591678529977798462e-02 -5.867920517921447754e-01 -5.978718996047973633e-01 6.657209992408752441e-01 -3.784937858581542969e-01 4.183196276426315308e-02 -1.517753750085830688e-01 4.520972669124603271e-01 -9.968268126249313354e-02 2.510844543576240540e-02 3.604780733585357666e-01 2.094094604253768921e-01 -6.595017910003662109e-01 -2.213794142007827759e-01 1.521654725074768066e-01 2.366892099380493164e-01 -2.546376287937164307e-01 3.809388726949691772e-03 -2.601468004286289215e-02 -4.939495623111724854e-01 -9.940132498741149902e-02 -3.928335905075073242e-01 2.377909570932388306e-01 2.247462272644042969e-01 4.656620323657989502e-01 5.069075822830200195e-01 2.544995844364166260e-01 -1.650720089673995972e-02 -3.805572688579559326e-01 4.391466975212097168e-01 4.016820788383483887e-01 5.464249104261398315e-02 -1.054641231894493103e-01 1.258364617824554443e-01 -4.899345338344573975e-03 -4.031005501747131348e-02 3.976906836032867432e-02 -3.251567184925079346e-01 -1.895501464605331421e-01 3.950870037078857422e-01 6.348149180412292480e-01 -9.298043698072433472e-02 -6.695988178253173828e-01 4.667129814624786377e-01 -1.849129796028137207e-03 8.913253992795944214e-02 -3.323293924331665039e-01 -4.070121943950653076e-01 4.322030246257781982e-01 -1.416398584842681885e-02 1.351820528507232666e-01 3.377340435981750488e-01 6.776284575462341309e-01 2.205106914043426514e-01 -2.968018651008605957e-01 8.078403770923614502e-03 1.402450818568468094e-02 -2.470968849956989288e-02
-2.465597689151763916e-01 -3.635328412055969238e-01 1.757830381393432617e-01 -3.599911332130432129e-01 -1.113923192024230957e-01 3.549585640430450439e-01 -1.125531643629074097e-02 -3.266873359680175781e-01 -1.824361979961395264e-01 3.945114016532897949e-01 -3.081579208374023438e-01 -1.002458557486534119e-01 -2.535591423511505127e-01 3.294469118118286133e-01 -2.195380330085754395e-01 -2.205353528261184692e-01 5.629000663757324219e-01 6.277544796466827393e-02 -4.204932749271392822e-01 1.441507041454315186e-01 3.639880418777465820e-01 -2.727731466293334961e-01 -3.054926693439483643e-01 2.331192195415496826e-01 -1.514837741851806641e-01 -3.248124122619628906e-01 -4.101064503192901611e-01 9.576061367988586426e-02 7.055519521236419678e-02 4.684752970933914185e-02 3.379091024398803711e-01 3.576455116271972656e-01 4.488549530506134033e-01 2.849323749542236328e-01 -2.769059538841247559e-01 5.996837615966796875e-01 2.030602693557739258e-01 -1.560994386672973633e-01 -7.799205929040908813e-02 9.787391871213912964e-02 -1.443884372711181641e-01 1.697341911494731903e-02 6.564495563507080078e-01 2.187052965164184570e-01 8.769273012876510620e-02 4.380858540534973145e-01 4.656347930431365967e-01 2.242874056100845337e-01 -6.654016971588134766e-01 6.905221939086914062e-01 -1.553349494934082031e-01 1.371376216411590576e-01 1.057688444852828979e-01 1.499059051275253296e-01 5.716121196746826172e-01 2.062965631484985352e-01 4.398150444030761719e-01 5.105059146881103516e-01 3.822741508483886719e-01 9.646884351968765259e-02 -1.375291496515274048e-01 2.985381782054901123e-01 3.834699690341949463e-01 1.811468154191970825e-01
-2.822508513927459717e-01 -1.603258550167083740e-01 -4.943784773349761963e-01 -3.212079405784606934e-01 -7.295338809490203857e-02 1.804316043853759766e-01 3.654183447360992432e-01 -5.979262590408325195e-01 -2.648756504058837891e-01 4.366008043289184570e-01 -6.532740592956542969e-01 -2.547722309827804565e-02 -7.032305002212524414e-01 4.093258827924728394e-02 -5.133906751871109009e-02 2.734635397791862488e-02 -8.420375734567642212e-02 -1.940731257200241089e-01 -4.999339282512664795e-01 1.057547703385353088e-01 1.240133270621299744e-01 1.114610359072685242e-01 -2.051465809345245361e-01 6.467790603637695312e-01 1.219920888543128967e-01 -2.976043522357940674e-01 1.921106874942779541e-01 -4.031360149383544922e-01 3.324635922908782959e-01 -1.880662441253662109e-01 5.783107280731201172e-01 4.038219153881072998e-01 1.012428849935531616e-02 3.997385501861572266e-02 -2.907193452119827271e-02 8.071705102920532227e-01 5.307754278182983398e-01 -3.654756247997283936e-01 1.598336547613143921e-02 -4.715491831302642822e-01 5.299536585807800293e-01 -5.398358106613159180e-01 3.228957653045654297e-01 1.627139151096343994e-01 2.495069503784179688e-01 2.185012698173522949e-01 7.178070545196533203e-01 4.644771218299865723e-01 -6.841154098510742188e-01 2.952900528907775879e-02 -1.116746142506599426e-01 2.014107853174209595e-01 1.729370057582855225e-01 -3.306129872798919678e-01 1.272036433219909668e-01 2.267497926950454712e-01 3.108973801136016846e-01 4.470056295394897461e-01 7.033494114875793457e-02 -2.115393579006195068e-01 -1.484217345714569092e-01 -1.929131299257278442e-01 1.468834877014160156e-01 2.604011297225952148e-01
-2.192151248455047607e-01 -1.526859998703002930e-01 1.775550842285156250e-01 -4.719236195087432861e-01 1.530404686927795410e-01 4.354372918605804443e-01 -1.673203408718109131e-01 -5.346704721450805664e-01 -5.012848377227783203e-01 5.777173638343811035e-01 -2.816064357757568359e-01 -3.257014602422714233e-02 -1.226382255554199219e-01 5.186515450477600098e-01 -5.809288471937179565e-02 -1.891332268714904785e-01 2.965055406093597412e-01 2.303477078676223755e-01 -5.199179053306579590e-01 -2.145897038280963898e-02 2.554760575294494629e-01 -7.336752489209175110e-03 -3.769665658473968506e-01 1.345773637294769287e-01 -2.019874453544616699e-01 -3.446190953254699707e-01 -2.993162274360656738e-01 -1.501128077507019043e-03 -9.222041815519332886e-03 1.294493079185485840e-01 4.271607995033264160e-01 7.031843662261962891e-01 4.881898164749145508e-01 1.407205164432525635e-01 -4.430400133132934570e-01 4.899956881999969482e-01 2.707329094409942627e-01 -2.301909029483795166e-01 4.204180091619491577e-02 1.870107948780059814e-01 -1.399751007556915283e-01 9.281284362077713013e-02 3.246836662292480469e-01 -4.770410060882568359e-02 -2.124546170234680176e-01 3.686052560806274414e-01 5.757779479026794434e-01 6.862905621528625488e-02 -6.464152336120605469e-01 5.958108901977539062e-01 6.449087709188461304e-02 1.197750344872474670e-01 -1.898394376039505005e-01 -1.179275959730148315e-01 3.271457850933074951e-01 2.006021440029144287e-01 6.005565449595451355e-02 3.262409567832946777e-01 5.286598205566406250e-01 5.384682863950729370e-02 -2.478710412979125977e-01 2.831178307533264160e-01 2.539747059345245361e-01 -2.435742504894733429e-02
-5.164189338684082031e-01 1.661383360624313354e-02 -1.327499747276306152e-01 -3.286575078964233398e-01 8.685047179460525513e-02 4.856044799089431763e-02 1.938097476959228516e-01 -6.037636399269104004e-01 -4.212950468063354492e-01 3.608606159687042236e-01 -5.433949232101440430e-01 1.592580080032348633e-01 -6.350856423377990723e-01 2.747757732868194580e-01 -1.103746816515922546e-01 3.068338707089424133e-02 3.472832962870597839e-02 1.900232881307601929e-01 -5.667667984962463379e-01 -6.896099448204040527e-02 -1.117587089538574219e-07 -1.364327371120452881e-01 -2.671265900135040283e-01 2.000461220741271973e-01 -2.817251719534397125e-02 -4.757106006145477295e-01 1.004855334758758545e-01 -3.835925161838531494e-01 2.613312900066375732e-01 2.688828110694885254e-01 5.635883808135986328e-01 3.089719712734222412e-01 1.542775034904479980e-01 -1.122756078839302063e-01 -1.704629957675933838e-01 5.986926555633544922e-01 6.130914688110351562e-01 -3.215183019638061523e-01 -3.746944069862365723e-01 -1.419184505939483643e-01 2.685680389404296875e-01 -2.906298339366912842e-01 3.016319572925567627e-01 -1.380260884761810303e-01 1.757274270057678223e-01 3.408840298652648926e-02 6.553146839141845703e-01 -1.453928649425506592e-03 -6.657959222793579102e-01 2.524110972881317139e-01 8.563194423913955688e-02 1.391816735267639160e-01 -2.242280840873718262e-01 -4.970419108867645264e-01 2.456612884998321533e-01 -1.240331679582595825e-02 3.282378613948822021e-01 3.978097438812255859e-01 2.125105410814285278e-01 1.484372913837432861e-01 -2.290965616703033447e-01 -1.104258447885513306e-01 2.828792035579681396e-01 2.236046642065048218e-01
-4.749128818511962891e-01 -3.714154064655303955e-01 1.848025918006896973e-01 -5.500383973121643066e-01 -1.804977059364318848e-01 2.849923968315124512e-01 -1.279344558715820312e-01 -2.368433773517608643e-01 -2.178653180599212646e-01 6.192244291305541992e-01 -4.141159653663635254e-01 6.523948907852172852e-02 -1.805366128683090210e-01 4.071148335933685303e-01 -1.425318121910095215e-01 -1.397937089204788208e-01 5.114929080009460449e-01 -1.213653087615966797e-01 -2.966075390577316284e-02 2.683734297752380371e-01 6.569023728370666504e-01 -3.532808423042297363e-01 -5.240198969841003418e-01 2.717683613300323486e-01 1.149556264281272888e-01 -2.206097543239593506e-01 -3.386275172233581543e-01 1.703242063522338867e-01 -3.114494085311889648e-01 -2.080173492431640625e-01 2.532877922058105469e-01 2.770421504974365234e-01 6.467009782791137695e-01 2.215766608715057373e-01 -5.256184339523315430e-01 9.768932461738586426e-01 9.146612882614135742e-02 -1.247535049915313721e-01 -1.134917810559272766e-01 1.319315433502197266e-01 -3.095148205757141113e-01 3.160513192415237427e-02 6.771895885467529297e-01 3.395721316337585449e-01 2.161091417074203491e-01 2.525822818279266357e-01 7.054196596145629883e-01 -2.356074154376983643e-01 -6.506773829460144043e-01 5.633124113082885742e-01 1.083399578928947449e-01 1.404099613428115845e-01 9.731838107109069824e-02 -9.554792195558547974e-03 2.748382091522216797e-01 1.111192330718040466e-01 2.586863040924072266e-01 5.601776838302612305e-01 1.940769404172897339e-01 2.271699011325836182e-01 1.456317603588104248e-01 3.807618916034698486e-01 4.257095754146575928e-01 -7.569336891174316406e-02
-8.684290200471878052e-02 -3.369592428207397461e-01 -5.265830755233764648e-01 -4.263802468776702881e-01 -4.241360723972320557e-01 -5.020846053957939148e-02 5.199467539787292480e-01 -3.516472280025482178e-01 -8.032105118036270142e-02 2.795854806900024414e-01 -7.265695333480834961e-01 -1.961373537778854370e-02 -7.671052217483520508e-01 -9.377935528755187988e-02 -2.723537385463714600e-01 2.265981212258338928e-02 7.836165279150009155e-02 -1.127210110425949097e-01 -3.142159283161163330e-01 9.731271862983703613e-02 3.542901277542114258e-01 1.189920753240585327e-01 -3.227778971195220947e-01 6.097952723503112793e-01 8.687803894281387329e-02 -2.753972113132476807e-01 1.340645998716354370e-01 -3.290001749992370605e-01 4.043989479541778564e-01 -9.255406260490417480e-02 5.093055963516235352e-01 3.441412448883056641e-01 -2.311023473739624023e-01 1.475331187248229980e-01 -9.173687547445297241e-02 8.042710423469543457e-01 4.010671973228454590e-01 -2.668026387691497803e-01 1.529014110565185547e-01 -4.911940395832061768e-01 4.158852696418762207e-01 -3.593408465385437012e-01 2.585355937480926514e-01 1.847615838050842285e-01 3.041511774063110352e-01 3.426881134510040283e-01 6.836848258972167969e-01 5.477542877197265625e-01 -6.288587450981140137e-01 6.421386450529098511e-02 -1.829787790775299072e-01 2.457242608070373535e-01 1.584574133157730103e-01 -2.886381447315216064e-01 4.039370715618133545e-01 2.469602376222610474e-01 3.199812173843383789e-01 4.451561272144317627e-01 1.848345994949340820e-01 -1.614394336938858032e-01 -4.276250302791595459e-02 -1.993835270404815674e-01 2.890790700912475586e-01 5.838183760643005371e-01
-4.931545555591583252e-01 -2.672432363033294678e-01 -9.471134096384048462e-02 -3.342732787132263184e-01 -6.454870104789733887e-03 1.097494214773178101e-01 1.769264042377471924e-01 -5.212833285331726074e-01 -3.595945537090301514e-01 3.706172704696655273e-01 -6.065416336059570312e-01 1.361324489116668701e-01 -5.377025604248046875e-01 9.468556195497512817e-02 -1.256296336650848389e-01 -3.973002359271049500e-02 1.509005725383758545e-01 3.348307684063911438e-02 -4.326075017452239990e-01 1.623661220073699951e-01 1.715279817581176758e-01 -2.537660598754882812e-01 -2.928676307201385498e-01 2.734572291374206543e-01 4.183091968297958374e-02 -4.107252955436706543e-01 -1.121573522686958313e-01 -2.044538259506225586e-01 2.037466913461685181e-01 1.118596792221069336e-01 5.054978728294372559e-01 2.612777054309844971e-01 3.916813731193542480e-01 1.104386150836944580e-02 -1.187889650464057922e-01 7.723018527030944824e-01 3.933880329132080078e-01 -2.402998208999633789e-01 -4.127079248428344727e-01 4.421167075634002686e-03 8.297986537218093872e-02 -3.156473338603973389e-01 5.961736440658569336e-01 3.078632056713104248e-02 2.135851979255676270e-01 5.715139210224151611e-02 6.075677871704101562e-01 1.340204030275344849e-01 -6.432461738586425781e-01 3.881876170635223389e-01 1.251123249530792236e-01 1.184914633631706238e-01 7.324773073196411133e-02 -3.397719860076904297e-01 3.242616951465606689e-01 1.287311315536499023e-01 4.741497039794921875e-01 5.212945342063903809e-01 1.006405800580978394e-01 1.484953761100769043e-01 -3.155254200100898743e-02 9.645389765501022339e-02 3.860555291175842285e-01 1.966429054737091064e-01
-4.681764543056488037e-01 -1.673443317413330078e-01 4.274657666683197021e-01 -3.887510299682617188e-01 4.006616473197937012e-01 3.746502995491027832e-01 -1.831580996513366699e-01 -3.776895403861999512e-01 -5.392885208129882812e-01 8.250434994697570801e-01 -2.363736629486083984e-01 1.520082056522369385e-01 1.207134127616882324e-01 4.659885466098785400e-01 -1.185473129153251648e-01 -3.020806238055229187e-02 4.747796952724456787e-01 4.346338212490081787e-01 -4.672392308712005615e-01 -1.956501454114913940e-01 4.117557704448699951e-01 1.692764759063720703e-01 -4.467648267745971680e-01 -2.788897454738616943e-01 4.056412726640701294e-02 -3.807458281517028809e-01 -2.940580844879150391e-01 -9.124065190553665161e-02 -8.320139348506927490e-02 4.157115221023559570e-01 2.968724370002746582e-01 5.244935750961303711e-01 5.330295562744140625e-01 -1.038041412830352783e-01 -4.339900612831115723e-01 3.534688353538513184e-01 4.849765300750732422e-01 2.549519836902618408e-01 -1.951581239700317383e-01 3.958464264869689941e-01 -3.944147527217864990e-01 2.872960269451141357e-01 1.087577044963836670e-01 -2.488617599010467529e-01 -5.472517013549804688e-01 3.984189033508300781e-01 6.367347240447998047e-01 -2.631770968437194824e-01 -4.090948998928070068e-01 4.166403710842132568e-01 6.114640086889266968e-02 1.366356313228607178e-01 -3.971257805824279785e-01 -5.993747711181640625e-01 5.167645215988159180e-01 -1.093193590641021729e-01 1.226746663451194763e-02 3.049311637878417969e-01 8.671399354934692383e-01 3.324636518955230713e-01 -1.747902035713195801e-01 2.559605538845062256e-01 2.143631726503372192e-01 -1.457683295011520386e-01
-1.254942417144775391e-01 8.319251239299774170e-03 -3.688721060752868652e-01 -4.540176987648010254e-01 -3.396572470664978027e-01 -2.093589007854461670e-01 3.736689090728759766e-01 -4.919014573097229004e-01 -1.267252564430236816e-01 3.503192067146301270e-01 -4.614563286304473877e-01 1.076885312795639038e-01 -7.732476592063903809e-01 3.290712833404541016e-01 -1.452693641185760498e-01 5.403767898678779602e-02 1.008067745715379715e-02 2.169075161218643188e-01 -5.539118051528930664e-01 -6.843049824237823486e-02 8.687755465507507324e-02 1.572383046150207520e-01 -3.363741040229797363e-01 4.744706749916076660e-01 3.528108820319175720e-03 -4.230048358440399170e-01 3.800856471061706543e-01 -5.023817420005798340e-01 3.251451849937438965e-01 2.463616430759429932e-01 5.530336499214172363e-01 4.576193988323211670e-01 -4.072297513484954834e-01 8.079582452774047852e-02 -2.194180488586425781e-01 7.170633673667907715e-01 4.564996361732482910e-01 -3.953481614589691162e-01 1.977024078369140625e-01 -5.554212927818298340e-01 7.387422919273376465e-01 -4.913089871406555176e-01 -6.748398393392562866e-02 3.952617943286895752e-02 3.787677586078643799e-01 1.416397690773010254e-01 7.380927801132202148e-01 3.847325444221496582e-01 -7.018163800239562988e-01 -1.324933618307113647e-01 -1.607882082462310791e-01 1.465520858764648438e-01 -4.655107483267784119e-02 -2.509864568710327148e-01 4.836700856685638428e-03 1.130086481571197510e-01 2.893868386745452881e-01 4.619660079479217529e-01 2.195774018764495850e-01 -1.512318253517150879e-01 -2.819674909114837646e-01 -2.812083065509796143e-01 -3.310165368020534515e-03 6.852136850357055664e-01
-1.230826377868652344e-01 -8.316788077354431152e-02 -4.975853264331817627e-01 -4.421710371971130371e-01 -3.122494220733642578e-01 3.923115879297256470e-02 3.820758461952209473e-01 -5.205730795860290527e-01 -1.699542850255966187e-01 4.616323113441467285e-01 -6.086009740829467773e-01 6.072596460580825806e-02 -6.588512063026428223e-01 1.597605645656585693e-01 -6.007007509469985962e-02 7.096000481396913528e-04 -2.494290098547935486e-02 -8.171717822551727295e-02 -5.303076505661010742e-01 -1.756761595606803894e-02 1.726108193397521973e-01 3.007122874259948730e-01 -3.438662290573120117e-01 6.213163733482360840e-01 1.143920198082923889e-01 -2.393191754817962646e-01 3.041567802429199219e-01 -4.752969145774841309e-01 2.954695820808410645e-01 -1.028171777725219727e-01 5.514605045318603516e-01 5.362761020660400391e-01 -1.692112982273101807e-01 4.791457951068878174e-02 -1.388708353042602539e-01 8.889892697334289551e-01 3.391986191272735596e-01 -4.013220369815826416e-01 2.055763602256774902e-01 -5.045852065086364746e-01 6.548009514808654785e-01 -4.871203601360321045e-01 8.009704947471618652e-02 1.106508225202560425e-01 3.881420493125915527e-01 2.458160817623138428e-01 8.460596203804016113e-01 4.647713899612426758e-01 -7.611515522003173828e-01 -1.042135432362556458e-01 -2.013384103775024414e-01 7.274047285318374634e-02 3.923394903540611267e-02 -2.183193564414978027e-01 8.695572614669799805e-04 2.752810120582580566e-01 2.341289222240447998e-01 4.115513861179351807e-01 1.429413706064224243e-01 -3.490320742130279541e-01 -1.755451560020446777e-01 -2.163679599761962891e-01 -2.452695369720458984e-02 4.541233181953430176e-01
-4.411599636077880859e-01 -1.057680919766426086e-01 4.882664233446121216e-02 -3.719444274902343750e-01 1.707029342651367188e-01 2.603363692760467529e-01 -1.632232069969177246e-01 -5.321859121322631836e-01 -3.815965056419372559e-01 7.026344537734985352e-01 -3.815921545028686523e-01 7.912784069776535034e-02 -2.262009233236312866e-01 4.844587147235870361e-01 -3.450264036655426025e-02 -1.560291275382041931e-02 3.314156830310821533e-01 2.178809195756912231e-01 -5.176444649696350098e-01 -1.049098670482635498e-01 1.939496099948883057e-01 7.359299808740615845e-02 -4.806914627552032471e-01 4.440076649188995361e-03 1.875594817101955414e-02 -4.432638585567474365e-01 -1.267247647047042847e-01 -9.719576686620712280e-02 -1.346723884344100952e-01 2.019653022289276123e-01 3.239680230617523193e-01 4.478558599948883057e-01 4.309179186820983887e-01 4.832836240530014038e-02 -4.402741789817810059e-01 6.004866361618041992e-01 3.127288222312927246e-01 -1.196941733360290527e-01 -1.283625662326812744e-01 1.558546423912048340e-01 8.012806996703147888e-03 -3.756396472454071045e-02 2.311586439609527588e-01 -7.863888144493103027e-02 -1.034400090575218201e-01 3.279370963573455811e-01 6.785099506378173828e-01 -1.873817741870880127e-01 -5.990127325057983398e-01 3.425171375274658203e-01 7.377921789884567261e-02 2.103868871927261353e-01 -1.357058882713317871e-01 -3.307806253433227539e-01 2.757630050182342529e-01 -2.186146378517150879e-02 1.880348920822143555e-01 5.106619000434875488e-01 5.017161369323730469e-01 2.392999827861785889e-01 -2.159674465656280518e-01 1.605224609375000000e-01 1.766592413187026978e-01 4.284971952438354492e-02
-3.609630167484283447e-01 -5.534375458955764771e-02 2.737283408641815186e-01 -2.285726219415664673e-01 2.044395506381988525e-01 3.412033915519714355e-01 2.125752717256546021e-02 -4.114547967910766602e-01 -4.069439172744750977e-01 7.636175155639648438e-01 -4.044521749019622803e-01 3.225477784872055054e-02 -1.524658128619194031e-02 2.239879071712493896e-01 -2.374977171421051025e-01 -2.089362358674407005e-03 4.195778369903564453e-01 4.026659727096557617e-01 -6.414382457733154297e-01 -3.424105942249298096e-01 4.523548483848571777e-01 4.305319488048553467e-01 -3.532325625419616699e-01 -1.388292610645294189e-01 2.158397994935512543e-02 -3.118073940277099609e-01 -2.061748355627059937e-01 -2.622695565223693848e-01 1.590009480714797974e-01 3.797267079353332520e-01 3.827761411666870117e-01 4.695701897144317627e-01 2.951491475105285645e-01 -1.086779385805130005e-01 -3.490766882896423340e-01 2.707344591617584229e-01 5.239518880844116211e-01 3.373048007488250732e-01 -6.978246569633483887e-02 1.739836931228637695e-01 -3.308167457580566406e-01 2.644987404346466064e-01 -1.283589005470275879e-01 -3.300445377826690674e-01 -4.598681032657623291e-01 5.542154908180236816e-01 5.856858491897583008e-01 -3.566227853298187256e-02 -3.969301283359527588e-01 3.843947350978851318e-01 -1.982616782188415527e-01 1.297193467617034912e-01 -3.320796489715576172e-01 -5.683209896087646484e-01 7.485924363136291504e-01 -4.316788911819458008e-02 -4.782830178737640381e-02 1.672968864440917969e-01 8.677812218666076660e-01 2.432110905647277832e-01 -2.791448533535003662e-01 9.980872273445129395e-03 1.624411791563034058e-01 6.475673615932464600e-02
-4.894409775733947754e-01 -2.080132365226745605e-01 3.116890490055084229e-01 -3.913298845291137695e-01 -3.493316471576690674e-03 4.629668295383453369e-01 -4.273306578397750854e-02 -3.785921931266784668e-01 -3.071666061878204346e-01 5.236135721206665039e-01 -4.090363979339599609e-01 -2.347109466791152954e-02 -2.158823460340499878e-01 3.731166422367095947e-01 -1.055576875805854797e-01 -1.108664646744728088e-01 4.592997133731842041e-01 1.027515232563018799e-01 -3.829060792922973633e-01 1.360587179660797119e-01 3.445896804332733154e-01 -3.437538146972656250e-01 -3.510445654392242432e-01 1.744811981916427612e-01 -1.051852330565452576e-01 -1.757157295942306519e-01 -3.993729352951049805e-01 1.132810562849044800e-01 -1.074397861957550049e-01 -6.193783506751060486e-02 3.390813767910003662e-01 2.858236730098724365e-01 7.402657270431518555e-01 1.186602711677551270e-01 -3.277930021286010742e-01 6.369076371192932129e-01 3.952221572399139404e-01 -1.669524312019348145e-01 -2.560386061668395996e-01 1.093394160270690918e-01 -2.979618310928344727e-01 1.115884333848953247e-01 7.549813985824584961e-01 2.647096812725067139e-01 -2.727993950247764587e-02 3.204580545425415039e-01 5.983248949050903320e-01 -2.933859452605247498e-02 -5.537818074226379395e-01 6.628358960151672363e-01 3.110446780920028687e-02 1.380524933338165283e-01 -9.227429330348968506e-02 -1.393433213233947754e-01 4.226152002811431885e-01 1.554820239543914795e-01 3.021158576011657715e-01 4.054397046566009521e-01 2.438648492097854614e-01 1.872640252113342285e-01 -1.168391555547714233e-01 2.468102574348449707e-01 4.974811375141143799e-01 -3.067510761320590973e-02
-9.093785285949707031e-02 -2.231059968471527100e-01 -4.186004102230072021e-01 -5.504572391510009766e-01 -3.832082152366638184e-01 1.575666517019271851e-01 4.701854884624481201e-01 -4.367060065269470215e-01 -1.503852307796478271e-01 4.578780829906463623e-01 -6.210366487503051758e-01 4.393377900123596191e-02 -7.022015452384948730e-01 9.583078324794769287e-03 -6.984790414571762085e-02 1.507275737822055817e-02 1.686545833945274353e-02 4.031712189316749573e-02 -3.768651783466339111e-01 3.068586252629756927e-02 3.206814527511596680e-01 2.092627286911010742e-01 -4.230349957942962646e-01 7.033601999282836914e-01 -6.825566291809082031e-03 -1.126994341611862183e-01 1.594388186931610107e-01 -4.792647957801818848e-01 3.022975325584411621e-01 -1.694648861885070801e-01 5.127051472663879395e-01 5.928192138671875000e-01 -2.153941690921783447e-01 1.922621726989746094e-01 -9.943733364343643188e-02 9.524451494216918945e-01 4.451928734779357910e-01 -4.267418086528778076e-01 3.987540602684020996e-01 -6.966191530227661133e-01 4.747178256511688232e-01 -3.974058628082275391e-01 2.323339134454727173e-02 2.751688957214355469e-01 3.768524527549743652e-01 1.974537670612335205e-01 8.616083860397338867e-01 5.045905709266662598e-01 -7.286443114280700684e-01 -2.177627682685852051e-01 -1.657084822654724121e-01 1.435208171606063843e-01 -9.773890674114227295e-02 -2.332290560007095337e-01 -2.256005257368087769e-02 2.892176806926727295e-01 7.779480516910552979e-02 4.243963956832885742e-01 1.847778260707855225e-02 -1.902630031108856201e-01 -1.921820640563964844e-01 -2.465173900127410889e-01 6.995239853858947754e-02 4.356654882431030273e-01
-5.275674462318420410e-01 -9.244976192712783813e-02 3.049156665802001953e-01 -2.416231036186218262e-01 1.944783926010131836e-01 1.568789333105087280e-01 -1.403463184833526611e-01 -4.433261454105377197e-01 -2.251236736774444580e-01 5.695031881332397461e-01 -3.304592967033386230e-01 1.160251572728157043e-01 -2.453681677579879761e-01 5.721192955970764160e-01 -2.293066680431365967e-01 -2.227329313755035400e-01 4.565504193305969238e-01 2.702088952064514160e-01 -3.811601102352142334e-01 1.307500600814819336e-01 3.833121061325073242e-01 -3.275783956050872803e-01 -5.844482779502868652e-01 -7.204691320657730103e-02 1.432972550392150879e-01 -3.486100733280181885e-01 -3.023425042629241943e-01 9.381067752838134766e-02 -3.242960870265960693e-01 2.823062241077423096e-01 3.877845704555511475e-01 3.282566070556640625e-01 6.472290754318237305e-01 6.075111031532287598e-02 -3.745770454406738281e-01 5.100691914558410645e-01 3.563639819622039795e-01 -1.397511959075927734e-01 -3.485996127128601074e-01 1.595519185066223145e-01 -2.232903093099594116e-01 1.431173384189605713e-01 5.551431179046630859e-01 1.375332772731781006e-01 -1.246602311730384827e-01 3.322496712207794189e-01 5.573381185531616211e-01 -2.897136211395263672e-01 -5.431654453277587891e-01 5.480117201805114746e-01 4.937924444675445557e-03 2.913132011890411377e-01 -2.311224862933158875e-02 -2.822417318820953369e-01 4.070144891738891602e-01 -3.996936976909637451e-02 3.026544451713562012e-01 4.166399240493774414e-01 4.915390610694885254e-01 2.892538905143737793e-01 -1.699526757001876831e-01 3.342520296573638916e-01 3.213333487510681152e-01 3.210936486721038818e-02
-5.922235846519470215e-01 -4.254357814788818359e-01 1.735033094882965088e-01 -5.294144153594970703e-01 -1.222461313009262085e-01 2.373833954334259033e-01 -4.936908930540084839e-02 -3.159940242767333984e-01 -4.296649694442749023e-01 5.862239599227905273e-01 -4.021846950054168701e-01 2.948258817195892334e-02 -1.314883530139923096e-01 3.021757304668426514e-01 -2.202374041080474854e-01 -7.323962450027465820e-02 3.632509708404541016e-01 -2.376794815063476562e-01 -8.291286975145339966e-02 1.738797277212142944e-01 6.839731335639953613e-01 -2.920757532119750977e-01 -4.023926258087158203e-01 3.056260049343109131e-01 2.252950966358184814e-01 -2.709023654460906982e-01 -2.986935079097747803e-01 -1.015389189124107361e-01 -3.652315214276313782e-02 -9.205380082130432129e-02 3.492304682731628418e-01 3.263884782791137695e-01 6.088006496429443359e-01 2.160529196262359619e-01 -4.190892577171325684e-01 9.199373126029968262e-01 1.518302708864212036e-01 6.053723394870758057e-03 -1.423851847648620605e-01 9.113803505897521973e-02 -2.798615097999572754e-01 -1.319265272468328476e-02 7.095792293548583984e-01 1.752707511186599731e-01 1.610198765993118286e-01 2.837223708629608154e-01 7.648949027061462402e-01 -9.664729982614517212e-02 -6.891844272613525391e-01 5.503535270690917969e-01 2.248051762580871582e-02 9.845352172851562500e-02 1.328404098749160767e-01 -1.337546408176422119e-01 3.832545280456542969e-01 1.187108755111694336e-01 2.709870338439941406e-01 4.629729986190795898e-01 4.168070554733276367e-01 9.109602123498916626e-02 1.827958673238754272e-01 3.544534444808959961e-01 3.639629781246185303e-01 -7.963850349187850952e-02
-2.944050431251525879e-01 -2.941279411315917969e-01 -1.952614635229110718e-01 -4.608136415481567383e-01 -3.720693662762641907e-02 1.929342299699783325e-01 4.736379534006118774e-02 -4.798972308635711670e-01 -4.032107293605804443e-01 3.949650526046752930e-01 -3.888522088527679443e-01 -2.566695958375930786e-02 -5.035982728004455566e-01 3.897215723991394043e-01 3.138427436351776123e-02 -2.061351388692855835e-01 2.834755182266235352e-01 -2.270670086145401001e-01 -3.572103679180145264e-01 1.867128461599349976e-01 1.699994057416915894e-01 -1.241412535309791565e-01 -2.547258138656616211e-01 4.147654175758361816e-01 -1.259672082960605621e-02 -4.458030760288238525e-01 -5.497433617711067200e-02 -1.862386167049407959e-01 1.012618541717529297e-01 -1.407712996006011963e-01 4.956480860710144043e-01 5.079544782638549805e-01 3.001667261123657227e-01 2.364048361778259277e-01 -3.235061764717102051e-01 8.620119094848632812e-01 2.176215648651123047e-01 -4.073709249496459961e-01 -5.583271756768226624e-02 -7.144173234701156616e-02 3.055055141448974609e-01 -3.255858719348907471e-01 5.154439210891723633e-01 7.432243227958679199e-02 3.081962466239929199e-01 2.974857985973358154e-01 6.743811368942260742e-01 1.113803833723068237e-01 -7.860155701637268066e-01 4.141055047512054443e-01 7.284387201070785522e-02 7.677458226680755615e-02 1.056675314903259277e-01 2.943989634513854980e-02 4.153237491846084595e-02 2.135001569986343384e-01 4.464563131332397461e-01 5.401601791381835938e-01 2.153096497058868408e-01 -4.540722072124481201e-02 -1.120026707649230957e-01 1.969058215618133545e-01 1.033575758337974548e-01 1.131678819656372070e-01
-6.022705137729644775e-02 -5.712339282035827637e-02 -3.906641304492950439e-01 -4.145701825618743896e-01 -1.462733745574951172e-01 9.126342087984085083e-02 2.956181764602661133e-01 -4.865447580814361572e-01 -2.741742134094238281e-01 5.130774974822998047e-01 -5.584248304367065430e-01 -1.749264895915985107e-01 -6.004475355148315430e-01 1.057634577155113220e-01 -2.814555913209915161e-02 6.839660555124282837e-02 6.984856724739074707e-02 1.069572567939758301e-02 -5.320892333984375000e-01 4.137267824262380600e-03 2.105661481618881226e-01 3.602666854858398438e-01 -3.239509463310241699e-01 5.338532328605651855e-01 6.745944172143936157e-02 -3.157423734664916992e-01 2.050432115793228149e-01 -6.006021499633789062e-01 3.152463138103485107e-01 -1.824498921632766724e-01 4.906042218208312988e-01 4.906588494777679443e-01 -1.613638699054718018e-01 1.924727261066436768e-01 -1.137491241097450256e-01 6.263814568519592285e-01 5.033281445503234863e-01 -1.637230515480041504e-01 3.298818767070770264e-01 -5.491146445274353027e-01 5.445092320442199707e-01 -3.916235268115997314e-01 3.751439601182937622e-02 1.148860156536102295e-02 5.087051913142204285e-02 3.596926331520080566e-01 8.190907239913940430e-01 4.578269124031066895e-01 -6.519595980644226074e-01 -1.881003379821777344e-03 -2.405919134616851807e-01 3.408727943897247314e-01 4.348428174853324890e-02 -3.095188438892364502e-01 2.219297587871551514e-01 1.798568665981292725e-01 5.169150605797767639e-02 4.050113558769226074e-01 3.792692422866821289e-01 -5.047255009412765503e-02 -2.617962658405303955e-01 -2.836947441101074219e-01 -4.473169334232807159e-03 3.233684003353118896e-01
-5.400692820549011230e-01 -1.327146589756011963e-02 3.075126409530639648e-01 -2.497228533029556274e-01 2.820592522621154785e-01 2.487482875585556030e-01 -2.485853433609008789e-01 -5.210738182067871094e-01 -4.174987077713012695e-01 6.891759634017944336e-01 -2.465360760688781738e-01 1.896866858005523682e-01 -5.932482704520225525e-02 6.141880154609680176e-01 -1.155597195029258728e-01 -5.824789032340049744e-02 4.810979068279266357e-01 5.027466416358947754e-01 -5.783236026763916016e-01 -2.013893276453018188e-01 1.854313910007476807e-01 1.737860962748527527e-03 -4.905390143394470215e-01 -2.537485957145690918e-01 -3.458496183156967163e-02 -3.859027028083801270e-01 -2.163503468036651611e-01 -7.769615948200225830e-02 -8.582396805286407471e-02 5.086882114410400391e-01 3.185421824455261230e-01 3.565357923507690430e-01 5.283215045928955078e-01 -6.817434728145599365e-02 -4.092662930488586426e-01 4.445970654487609863e-01 3.917021751403808594e-01 -3.478431701660156250e-02 -3.490455150604248047e-01 3.047474622726440430e-01 -2.322727590799331665e-01 1.215283870697021484e-01 2.234819829463958740e-01 -2.215029597282409668e-01 -2.134033441543579102e-01 2.792295515537261963e-01 6.212577819824218750e-01 -3.481961488723754883e-01 -6.052411794662475586e-01 4.522384703159332275e-01 -3.810890018939971924e-03 5.253083258867263794e-02 -3.904139995574951172e-01 -3.889796137809753418e-01 3.286592066287994385e-01 -7.966843247413635254e-02 1.620728671550750732e-01 3.373953700065612793e-01 5.505594611167907715e-01 3.444071412086486816e-01 -2.767477929592132568e-01 1.271283030509948730e-01 1.675264984369277954e-01 -1.987604983150959015e-02
-2.616107761859893799e-01 3.236775845289230347e-02 -3.692775070667266846e-01 -3.780310451984405518e-01 -1.730350255966186523e-01 7.079017907381057739e-02 3.778409361839294434e-01 -6.040896773338317871e-01 -1.656263321638107300e-01 4.013567566871643066e-01 -6.428048014640808105e-01 1.555724740028381348e-01 -7.610651254653930664e-01 1.892019212245941162e-01 3.889004886150360107e-02 8.264620602130889893e-02 4.259679466485977173e-02 1.187469810247421265e-01 -5.382613539695739746e-01 6.066860258579254150e-02 -2.386111766099929810e-02 2.247494086623191833e-02 -3.144734203815460205e-01 5.412497520446777344e-01 -4.833409190177917480e-02 -2.987956106662750244e-01 2.432669699192047119e-01 -4.316412508487701416e-01 3.652919232845306396e-01 -1.860537752509117126e-02 5.562345385551452637e-01 4.083066582679748535e-01 -2.968805842101573944e-02 9.204313158988952637e-03 -9.094866365194320679e-02 8.249765634536743164e-01 5.716997385025024414e-01 -4.621675908565521240e-01 -8.334802836179733276e-02 -4.999859035015106201e-01 4.883908629417419434e-01 -5.116157531738281250e-01 1.658154726028442383e-01 9.186328947544097900e-02 3.995205163955688477e-01 4.860462248325347900e-02 7.948400974273681641e-01 3.437582254409790039e-01 -7.479966878890991211e-01 9.276531636714935303e-03 -2.713859081268310547e-02 1.169684901833534241e-01 -1.722688227891921997e-01 -2.391957789659500122e-01 -1.006085872650146484e-01 1.581889986991882324e-01 2.849385738372802734e-01 4.240187108516693115e-01 -1.145847141742706299e-01 -6.826210021972656250e-02 -2.458278834819793701e-01 -3.487085700035095215e-01 1.688352376222610474e-01 3.497331440448760986e-01
-5.130308866500854492e-01 -5.214117467403411865e-02 1.513290107250213623e-01 -6.187672615051269531e-01 1.634240448474884033e-01 7.474143803119659424e-02 -5.030957609415054321e-02 -5.059141516685485840e-01 -4.018936455249786377e-01 6.713976860046386719e-01 -4.561168551445007324e-01 2.681007087230682373e-01 -2.331283837556838989e-01 5.232618451118469238e-01 1.338233798742294312e-02 3.040685690939426422e-02 3.717308044433593750e-01 2.802666127681732178e-01 -3.851516246795654297e-01 8.755274862051010132e-02 3.930119574069976807e-01 -1.042325422167778015e-01 -5.160771012306213379e-01 1.170273125171661377e-01 1.453525573015213013e-01 -4.676002562046051025e-01 -6.001680344343185425e-02 -1.729455590248107910e-01 -9.546595811843872070e-02 1.785769760608673096e-01 3.498448729515075684e-01 5.127207040786743164e-01 5.436248779296875000e-01 -1.449877619743347168e-01 -4.676513075828552246e-01 7.693390250205993652e-01 4.767234325408935547e-01 -1.965916156768798828e-01 -4.091815650463104248e-01 1.408787369728088379e-01 -5.938662588596343994e-02 -3.876482695341110229e-02 2.537662386894226074e-01 -1.666651666164398193e-01 -3.419468551874160767e-02 8.804682642221450806e-02 8.900097012519836426e-01 -2.848172187805175781e-01 -6.224792599678039551e-01 3.106310367584228516e-01 2.701660096645355225e-01 1.003840118646621704e-01 -2.843680381774902344e-01 -4.750840365886688232e-01 1.596325039863586426e-01 4.659714549779891968e-02 2.104536294937133789e-01 4.791862368583679199e-01 3.687026500701904297e-01 2.322759628295898438e-01 -8.188457041978836060e-02 1.423860490322113037e-01 2.663922607898712158e-01 -5.504422634840011597e-02
-2.303923368453979492e-01 -7.037136703729629517e-02 3.031148016452789307e-01 -2.589466273784637451e-01 3.545617461204528809e-01 3.223977386951446533e-01 -2.186113595962524414e-01 -4.120389521121978760e-01 -4.957958757877349854e-01 8.310403823852539062e-01 -2.158285379409790039e-01 1.958049088716506958e-02 1.163627952337265015e-03 5.870263576507568359e-01 -2.011594474315643311e-01 -1.076606139540672302e-01 5.133666992187500000e-01 3.366352021694183350e-01 -5.478609800338745117e-01 -2.127441614866256714e-01 2.215231209993362427e-01 2.760249972343444824e-01 -3.544133305549621582e-01 -2.042463719844818115e-01 9.222086519002914429e-04 -4.749855697154998779e-01 -2.432946711778640747e-01 -1.563027650117874146e-01 -2.621366456151008606e-02 3.659260869026184082e-01 3.646490275859832764e-01 5.646570324897766113e-01 2.773120403289794922e-01 1.077605336904525757e-01 -4.728636741638183594e-01 3.298560976982116699e-01 2.944707274436950684e-01 2.373416125774383545e-01 9.095378965139389038e-02 2.471216917037963867e-01 -2.103600949048995972e-01 2.191811352968215942e-01 -7.954110205173492432e-02 -2.300759851932525635e-01 -4.662949144840240479e-01 5.525746941566467285e-01 5.243086814880371094e-01 -2.081014215946197510e-01 -6.039406061172485352e-01 4.880317747592926025e-01 1.145460456609725952e-02 2.029318511486053467e-01 -2.883686125278472900e-01 -3.283820450305938721e-01 4.677490890026092529e-01 -1.029742211103439331e-01 1.052700877189636230e-01 2.703206539154052734e-01 9.184213280677795410e-01 3.069313764572143555e-01 -3.184344470500946045e-01 1.777555942535400391e-01 -5.460556969046592712e-02 -1.101204939186573029e-02
-5.054943561553955078e-01 -9.022445231676101685e-02 3.224824368953704834e-02 -6.976188421249389648e-01 8.104600757360458374e-02 7.358375191688537598e-02 3.926661610603332520e-02 -4.638813734054565430e-01 -3.459506332874298096e-01 7.180620431900024414e-01 -5.215472579002380371e-01 2.486043870449066162e-01 -3.888634741306304932e-01 4.258192479610443115e-01 1.875616610050201416e-02 1.640305817127227783e-01 3.493980169296264648e-01 1.919702738523483276e-01 -3.028734028339385986e-01 1.239951997995376587e-01 4.299398064613342285e-01 -1.638246774673461914e-01 -4.998521804809570312e-01 2.704843282699584961e-01 1.283946633338928223e-01 -5.334641933441162109e-01 -6.882196664810180664e-02 -1.589564681053161621e-01 -7.337316870689392090e-02 1.931750774383544922e-02 3.071314990520477295e-01 4.856246411800384521e-01 4.254247844219207764e-01 -9.819670021533966064e-02 -4.953108429908752441e-01 7.889799475669860840e-01 6.100612878799438477e-01 -1.846177279949188232e-01 -2.346270382404327393e-01 -1.157547160983085632e-01 -4.466752707958221436e-02 -7.565087080001831055e-02 1.467136740684509277e-01 3.818190097808837891e-02 -6.918691843748092651e-02 6.906016916036605835e-02 8.332373499870300293e-01 -2.082784175872802734e-01 -5.522967576980590820e-01 2.365821599960327148e-01 3.651998639106750488e-01 2.932847738265991211e-01 -1.731012463569641113e-01 -5.229939222335815430e-01 1.350334584712982178e-01 8.132606744766235352e-03 2.836589217185974121e-01 6.446784734725952148e-01 2.684289515018463135e-01 3.931839466094970703e-01 -1.483365297317504883e-01 5.770843476057052612e-02 3.643643856048583984e-01 -3.328277915716171265e-02
-4.087131619453430176e-01 -2.793335914611816406e-02 -8.714967221021652222e-02 -4.055730998516082764e-01 1.970431208610534668e-01 5.751893296837806702e-02 3.908290714025497437e-02 -5.868808627128601074e-01 -3.565305471420288086e-01 3.811769485473632812e-01 -3.822529911994934082e-01 1.641717553138732910e-01 -4.370629489421844482e-01 4.183216392993927002e-01 -7.169523090124130249e-02 -1.428811252117156982e-01 1.373700648546218872e-01 2.234318405389785767e-01 -5.406079292297363281e-01 -3.508696332573890686e-03 1.297488212585449219e-01 -3.232826292514801025e-02 -3.618234395980834961e-01 1.511257290840148926e-01 4.253702610731124878e-02 -4.705401360988616943e-01 9.230500459671020508e-02 -2.437868416309356689e-01 3.942072764039039612e-02 2.620046436786651611e-01 4.315166175365447998e-01 3.372170329093933105e-01 2.058810740709304810e-01 -8.527293801307678223e-02 -2.128702700138092041e-01 7.117906808853149414e-01 5.866827964782714844e-01 -4.135553240776062012e-01 -3.185620009899139404e-01 7.858701050281524658e-03 4.278131127357482910e-01 -3.501875996589660645e-01 3.066295385360717773e-01 -5.092422664165496826e-02 1.134738475084304810e-01 8.208248764276504517e-02 6.845909357070922852e-01 -6.628521531820297241e-02 -6.948623061180114746e-01 9.871178120374679565e-02 -3.791410475969314575e-02 2.749652601778507233e-02 -1.325086951255798340e-01 -4.958478510379791260e-01 2.161395847797393799e-01 1.016620770096778870e-01 2.801927328109741211e-01 4.467806220054626465e-01 2.196138352155685425e-01 5.875455588102340698e-02 -2.391319721937179565e-01 8.546853810548782349e-02 1.312002539634704590e-01 1.441903710365295410e-01
-3.669126331806182861e-01 -3.382910192012786865e-01 -1.942754685878753662e-01 -4.118379354476928711e-01 -1.579169631004333496e-01 -7.639506459236145020e-02 1.964910328388214111e-01 -5.311926007270812988e-01 -1.370733380317687988e-01 2.663790881633758545e-01 -5.328920483589172363e-01 1.786960065364837646e-01 -6.553937196731567383e-01 1.911858618259429932e-01 -1.240820214152336121e-01 -6.650943309068679810e-02 1.567003130912780762e-01 1.891724914312362671e-01 -3.935355842113494873e-01 1.681793332099914551e-01 2.071758210659027100e-01 -2.706874608993530273e-01 -3.664060831069946289e-01 3.357267379760742188e-01 -2.967318333685398102e-02 -4.350066781044006348e-01 3.189624845981597900e-02 -1.139192432165145874e-01 1.273592263460159302e-01 3.068315684795379639e-01 4.349421858787536621e-01 2.864498496055603027e-01 1.887309402227401733e-01 4.021885246038436890e-02 -1.295766532421112061e-01 9.005211591720581055e-01 3.174943625926971436e-01 -4.665408432483673096e-01 -3.639758825302124023e-01 -6.526678055524826050e-02 2.463069707155227661e-01 -3.996319174766540527e-01 4.717881977558135986e-01 3.985754400491714478e-02 3.907661736011505127e-01 -1.267708465456962585e-02 6.212326288223266602e-01 1.289619654417037964e-01 -7.274726033210754395e-01 1.874279975891113281e-01 6.163974851369857788e-02 5.667337030172348022e-02 4.750940576195716858e-02 -1.735430657863616943e-01 1.984596252441406250e-01 1.576522290706634521e-01 4.872453808784484863e-01 5.780415534973144531e-01 -1.179322600364685059e-02 9.216555207967758179e-02 1.168988551944494247e-02 7.667360454797744751e-02 3.621788620948791504e-01 4.198505580425262451e-01
-4.991547763347625732e-01 -2.234696447849273682e-01 3.050037920475006104e-01 -5.035570263862609863e-01 7.073039561510086060e-02 3.297913074493408203e-01 -1.238482668995857239e-01 -3.555226922035217285e-01 -2.922545373439788818e-01 8.149082660675048828e-01 -4.618547260761260986e-01 7.655373215675354004e-02 9.414386004209518433e-03 4.201730191707611084e-01 -1.510077714920043945e-01 -3.717529401183128357e-02 5.714124441146850586e-01 -1.835482567548751831e-02 -2.828961014747619629e-01 1.958005279302597046e-01 6.009472012519836426e-01 -1.257355213165283203e-01 -5.348252654075622559e-01 1.743836253881454468e-01 2.029579877853393555e-01 -2.423547655344009399e-01 -2.916691303253173828e-01 -8.226014673709869385e-02 -1.101518869400024414e-01 -8.415450155735015869e-02 3.176836669445037842e-01 3.841708898544311523e-01 6.315259933471679688e-01 1.471987813711166382e-01 -5.007556676864624023e-01 8.291916847229003906e-01 2.414906620979309082e-01 1.108747571706771851e-01 -1.613077819347381592e-01 1.636220514774322510e-01 -2.823251187801361084e-01 7.766067981719970703e-02 5.189939737319946289e-01 1.485684663057327271e-01 -1.538181677460670471e-02 3.560175001621246338e-01 7.756754755973815918e-01 -1.189649701118469238e-01 -6.110215783119201660e-01 5.294030308723449707e-01 -1.629907637834548950e-02 1.709173172712326050e-01 -1.558209955692291260e-02 -2.004749923944473267e-01 3.632209002971649170e-01 6.668105721473693848e-02 1.662915498018264771e-01 4.220014512538909912e-01 4.897072315216064453e-01 1.865020692348480225e-01 8.850803226232528687e-02 3.202255368232727051e-01 2.928103804588317871e-01 -1.528875231742858887e-01
-4.304721951484680176e-01 -5.006102472543716431e-02 -1.709996759891510010e-01 -4.616384506225585938e-01 -9.009371697902679443e-02 1.014455109834671021e-01 1.138190999627113342e-01 -5.448500514030456543e-01 -2.558686137199401855e-01 4.795772433280944824e-01 -5.676540136337280273e-01 1.158261671662330627e-01 -3.757122457027435303e-01 3.221522569656372070e-01 -1.025764569640159607e-01 -4.567175731062889099e-02 1.792209595441818237e-01 -7.719203829765319824e-02 -5.359590649604797363e-01 7.038029283285140991e-02 2.375962883234024048e-01 7.469488307833671570e-03 -4.106362760066986084e-01 3.856007456779479980e-01 1.090837642550468445e-01 -2.874217331409454346e-01 7.472321391105651855e-02 -2.683057785034179688e-01 1.835288852453231812e-01 -2.339839562773704529e-02 4.806048274040222168e-01 3.831464648246765137e-01 2.637270390987396240e-01 4.278244078159332275e-02 -3.824924826622009277e-01 7.952068448066711426e-01 3.511201441287994385e-01 -3.110466897487640381e-01 -1.890681684017181396e-01 -6.868448108434677124e-02 3.470181822776794434e-01 -2.974553406238555908e-01 4.405024349689483643e-01 9.786440432071685791e-02 3.119009137153625488e-01 2.810769677162170410e-01 7.755016684532165527e-01 2.166305333375930786e-01 -6.700155735015869141e-01 2.921033799648284912e-01 -1.434078067541122437e-01 2.106262370944023132e-02 4.138080403208732605e-02 -2.549003958702087402e-01 1.659792661666870117e-01 2.107073217630386353e-01 2.700833082199096680e-01 4.070510268211364746e-01 2.230225354433059692e-01 -1.646200269460678101e-01 -7.459152489900588989e-02 4.256203025579452515e-02 2.041060924530029297e-01 1.729674041271209717e-01
-5.032644867897033691e-01 -8.512416481971740723e-02 -2.214462757110595703e-01 -3.605444133281707764e-01 4.981362074613571167e-02 -1.562148928642272949e-01 1.927430629730224609e-01 -5.673832297325134277e-01 -3.096552193164825439e-01 3.651668131351470947e-01 -4.818004965782165527e-01 2.120183408260345459e-01 -6.183484196662902832e-01 3.457915484905242920e-01 -1.705860197544097900e-01 -4.461185261607170105e-02 6.755042076110839844e-02 5.024263635277748108e-02 -4.317062199115753174e-01 1.118459105491638184e-01 1.772273331880569458e-01 -1.738343983888626099e-01 -3.667994439601898193e-01 2.818614542484283447e-01 1.655846089124679565e-01 -4.506532847881317139e-01 2.079834640026092529e-01 -3.252872228622436523e-01 1.443548649549484253e-01 2.513652145862579346e-01 5.195115208625793457e-01 2.085587531328201294e-01 1.326283216476440430e-01 -8.295473456382751465e-02 -1.438867151737213135e-01 8.233815431594848633e-01 5.359738469123840332e-01 -3.699625134468078613e-01 -3.865200877189636230e-01 -1.881595849990844727e-01 4.297334551811218262e-01 -4.730859100818634033e-01 3.684494793415069580e-01 4.388272762298583984e-02 2.564628124237060547e-01 -3.434519097208976746e-02 6.817929148674011230e-01 -1.596800237894058228e-02 -7.289491891860961914e-01 8.021124452352523804e-02 2.625615894794464111e-02 1.029746383428573608e-01 1.166341081261634827e-02 -5.077762603759765625e-01 8.552259951829910278e-02 1.691496372222900391e-02 4.335620999336242676e-01 4.854117333889007568e-01 1.124810725450515747e-01 1.105111166834831238e-01 -9.543798118829727173e-02 -2.919881790876388550e-02 1.588389128446578979e-01 2.653583884239196777e-01
-4.066734611988067627e-01 -2.757430076599121094e-01 -4.429268836975097656e-01 -2.837278544902801514e-01 -1.624322533607482910e-01 6.160082295536994934e-02 3.449084460735321045e-01 -5.706939101219177246e-01 -2.677541673183441162e-01 3.121891021728515625e-01 -6.390832662582397461e-01 -3.530701249837875366e-02 -7.390896677970886230e-01 -1.485524326562881470e-02 -1.410389840602874756e-01 9.340444952249526978e-02 -3.020806238055229187e-02 -1.600415557622909546e-01 -5.057311654090881348e-01 6.377163529396057129e-02 8.958271145820617676e-02 -1.151991114020347595e-01 -1.596214175224304199e-01 5.263716578483581543e-01 1.839991472661495209e-02 -3.557727634906768799e-01 8.327780663967132568e-02 -3.305312097072601318e-01 4.159124791622161865e-01 4.348263144493103027e-03 5.443058609962463379e-01 2.258892506361007690e-01 7.574462145566940308e-02 4.210964590311050415e-02 -5.842123180627822876e-02 7.263330221176147461e-01 4.584329724311828613e-01 -3.735036849975585938e-01 -1.869523525238037109e-01 -3.696303069591522217e-01 4.037360548973083496e-01 -4.456195533275604248e-01 4.850127995014190674e-01 1.327044814825057983e-01 3.178993761539459229e-01 1.915288865566253662e-01 5.646987557411193848e-01 4.028341770172119141e-01 -6.558170318603515625e-01 2.066711783409118652e-01 -9.711127728223800659e-02 1.726956665515899658e-01 2.130701839923858643e-01 -2.682916522026062012e-01 2.717579901218414307e-01 2.100855708122253418e-01 5.240976810455322266e-01 4.943134188652038574e-01 7.793070375919342041e-02 -8.446058630943298340e-02 -1.158629730343818665e-01 -1.526306122541427612e-01 3.433465659618377686e-01 3.726198971271514893e-01
-4.468507468700408936e-01 -1.929615736007690430e-01 -2.439961135387420654e-01 -5.554634332656860352e-01 4.765578359365463257e-02 8.316309750080108643e-02 3.593382984399795532e-02 -5.703898668289184570e-01 -4.013864994049072266e-01 4.263742268085479736e-01 -3.419635891914367676e-01 2.198748290538787842e-03 -6.675547361373901367e-01 4.419783651828765869e-01 -4.969768226146697998e-03 5.921620503067970276e-02 4.593860357999801636e-02 3.536690026521682739e-03 -3.788867592811584473e-01 1.357070356607437134e-01 1.252104341983795166e-01 -3.147880136966705322e-01 -2.534188926219940186e-01 4.927209019660949707e-01 -3.971552848815917969e-02 -4.655328392982482910e-01 3.233578428626060486e-02 -1.416507661342620850e-01 1.372260227799415588e-02 -9.870704263448715210e-03 4.014793634414672852e-01 4.039415121078491211e-01 2.595464289188385010e-01 8.708788454532623291e-02 -2.940125763416290283e-01 7.611085176467895508e-01 4.669607281684875488e-01 -5.886442661285400391e-01 -1.314644366502761841e-01 -2.767027318477630615e-01 2.728701829910278320e-01 -3.778964281082153320e-01 4.075325131416320801e-01 1.633360385894775391e-01 1.386748701333999634e-01 -2.378943935036659241e-02 7.096703052520751953e-01 2.484264224767684937e-02 -8.065701127052307129e-01 2.164926826953887939e-01 2.823725640773773193e-01 2.138452827930450439e-01 4.991589859127998352e-02 -2.603986859321594238e-01 -9.954883158206939697e-02 6.097442656755447388e-02 4.402445256710052490e-01 6.702598333358764648e-01 1.493123173713684082e-02 1.796486675739288330e-01 -1.946293711662292480e-01 -1.766271144151687622e-02 2.374793738126754761e-01 8.504576236009597778e-02
-4.728117287158966064e-01 -9.185721725225448608e-02 -1.304458975791931152e-01 -4.503224492073059082e-01 2.350724339485168457e-01 1.653356552124023438e-01 1.208448410034179688e-01 -5.639632344245910645e-01 -5.585762858390808105e-01 4.225388169288635254e-01 -4.375430345535278320e-01 2.477151155471801758e-02 -6.026188135147094727e-01 3.226028084754943848e-01 5.743702501058578491e-02 1.078441962599754333e-01 2.247805446386337280e-01 7.608048617839813232e-02 -4.904291927814483643e-01 5.274552106857299805e-02 8.341524004936218262e-02 -1.561256498098373413e-01 -1.194211915135383606e-01 2.965989410877227783e-01 -5.201480537652969360e-02 -5.425233840942382812e-01 -2.492055296897888184e-02 -3.581917881965637207e-01 3.144557178020477295e-01 -1.738907769322395325e-02 5.105045437812805176e-01 4.281149506568908691e-01 3.070048987865447998e-01 -3.071803599596023560e-02 -2.483982741832733154e-01 4.938759207725524902e-01 6.663787961006164551e-01 -2.547005116939544678e-01 -3.234140276908874512e-01 -1.482822299003601074e-01 6.223244965076446533e-02 -2.454617619514465332e-01 3.147711455821990967e-01 -1.725879907608032227e-01 -5.105181783437728882e-02 1.734122037887573242e-01 7.295645475387573242e-01 2.236273884773254395e-02 -6.970856189727783203e-01 4.541659653186798096e-01 2.486053705215454102e-01 2.066637873649597168e-01 -2.214067876338958740e-01 -3.944536447525024414e-01 1.769104897975921631e-01 -3.032268583774566650e-02 3.776548504829406738e-01 5.333283543586730957e-01 2.754063010215759277e-01 3.202484250068664551e-01 -2.643142044544219971e-01 -1.774171292781829834e-01 2.496773749589920044e-01 -5.969168245792388916e-02
-4.481759369373321533e-01 -6.300104409456253052e-02 -3.193641304969787598e-01 -3.508406877517700195e-01 -6.348755955696105957e-02 2.344781309366226196e-01 2.060196995735168457e-01 -6.777997016906738281e-01 -3.386122584342956543e-01 3.482552170753479004e-01 -6.122968196868896484e-01 3.439028561115264893e-02 -6.036426424980163574e-01 1.445531547069549561e-01 -6.182997673749923706e-02 9.047140926122665405e-02 -2.755819819867610931e-03 -1.095004007220268250e-01 -5.295827388763427734e-01 6.921142339706420898e-02 5.809650197625160217e-02 -1.044977977871894836e-01 -1.900457143783569336e-01 5.634775757789611816e-01 1.560967229306697845e-02 -2.452260553836822510e-01 1.189751029014587402e-01 -4.106097519397735596e-01 3.734083771705627441e-01 -1.534940898418426514e-01 5.384692549705505371e-01 2.860588431358337402e-01 2.023408263921737671e-01 7.840406894683837891e-02 -1.955216377973556519e-02 9.197611808776855469e-01 3.821721673011779785e-01 -4.468476474285125732e-01 -2.243348807096481323e-01 -2.840967476367950439e-01 3.130100965499877930e-01 -5.418682098388671875e-01 5.256030559539794922e-01 9.566187858581542969e-02 4.304373264312744141e-01 1.289177685976028442e-02 8.263180255889892578e-01 2.291254550218582153e-01 -8.927896618843078613e-01 2.026798129081726074e-01 -5.260830372571945190e-02 7.091888785362243652e-02 -8.380237966775894165e-03 -2.502480149269104004e-01 9.462917596101760864e-02 1.442074477672576904e-01 2.805420160293579102e-01 4.394190311431884766e-01 -1.261572688817977905e-01 -6.401722133159637451e-02 -1.192938238382339478e-01 -2.113299667835235596e-01 1.588342934846878052e-01 1.427242904901504517e-01
-3.130981922149658203e-01 1.625658571720123291e-02 -2.695382833480834961e-01 -2.246715277433395386e-01 -1.877946853637695312e-01 7.787390798330307007e-02 3.083428144454956055e-01 -4.612730145454406738e-01 -2.427783794701099396e-02 4.269498884677886963e-01 -6.767097711563110352e-01 -2.384877949953079224e-02 -4.710673987865447998e-01 4.852088540792465210e-02 -3.363502025604248047e-01 -1.389798223972320557e-01 -1.564986631274223328e-02 1.287279278039932251e-02 -6.186127066612243652e-01 7.209566980600357056e-02 3.177225291728973389e-01 9.168127179145812988e-02 -4.614852070808410645e-01 4.198673963546752930e-01 2.221196442842483521e-01 -3.018142282962799072e-02 1.643523573875427246e-01 -3.737349510192871094e-01 1.077153086662292480e-01 -3.712921217083930969e-02 5.488855838775634766e-01 1.776211261749267578e-01 2.967976778745651245e-02 -3.784880042076110840e-03 -1.160637959837913513e-01 6.763872504234313965e-01 4.613178968429565430e-01 -3.020902574062347412e-01 -8.007190376520156860e-02 -2.718792855739593506e-01 4.710417091846466064e-01 -3.164969980716705322e-01 4.696640074253082275e-01 1.969284266233444214e-01 2.904758453369140625e-01 3.151579797267913818e-01 6.740578413009643555e-01 3.939266204833984375e-01 -6.194212436676025391e-01 1.020416989922523499e-01 -5.137829184532165527e-01 1.407960057258605957e-01 1.981999576091766357e-01 -3.767820000648498535e-01 3.988044261932373047e-01 2.383533120155334473e-01 1.374668329954147339e-01 1.707637906074523926e-01 2.417285889387130737e-01 -3.556546270847320557e-01 -9.968778491020202637e-02 -3.498249500989913940e-02 2.266980707645416260e-01 3.744697570800781250e-01
-3.560460507869720459e-01 5.561098456382751465e-03 -6.509438157081604004e-02 -6.186195611953735352e-01 -4.459333792328834534e-02 1.632276475429534912e-01 1.197466924786567688e-01 -4.918705523014068604e-01 -4.516347944736480713e-01 3.938456177711486816e-01 -4.263447821140289307e-01 -6.566064804792404175e-02 -5.264157652854919434e-01 4.318405091762542725e-01 -3.084383904933929443e-03 1.721388287842273712e-02 1.285241544246673584e-01 -5.096481740474700928e-02 -5.049482583999633789e-01 1.149232871830463409e-02 1.750333160161972046e-01 -5.916844308376312256e-02 -1.719424426555633545e-01 4.577955007553100586e-01 -1.025898531079292297e-01 -4.723370373249053955e-01 8.682536333799362183e-02 -2.703219652175903320e-01 2.076358944177627563e-01 -8.381401002407073975e-02 4.563436806201934814e-01 4.831786453723907471e-01 2.535251080989837646e-01 3.628467023372650146e-02 -3.630373477935791016e-01 6.205078959465026855e-01 5.551945567131042480e-01 -3.006159365177154541e-01 -1.113199964165687561e-01 -1.414763629436492920e-01 2.801344394683837891e-01 -2.222288697957992554e-01 3.701886534690856934e-01 -4.043431580066680908e-02 8.153562992811203003e-02 2.164394557476043701e-01 8.162298202514648438e-01 1.666423827409744263e-01 -6.891476511955261230e-01 4.249728620052337646e-01 9.836205095052719116e-02 1.526938378810882568e-01 -1.229294538497924805e-01 -2.570392191410064697e-01 2.578258216381072998e-01 1.082637906074523926e-01 2.373620271682739258e-01 4.641276895999908447e-01 3.424517810344696045e-01 3.516388684511184692e-02 -1.700989156961441040e-01 -5.017638206481933594e-02 2.923693358898162842e-01 1.034942865371704102e-01
-3.812591731548309326e-01 -1.398436427116394043e-01 -1.344601064920425415e-02 -6.199793815612792969e-01 -1.618226617574691772e-02 1.444889158010482788e-01 -3.679177910089492798e-02 -5.158877372741699219e-01 -4.004324674606323242e-01 5.626981258392333984e-01 -3.756635785102844238e-01 1.369570791721343994e-01 -4.452522993087768555e-01 5.014499425888061523e-01 9.793805330991744995e-02 -2.298712357878684998e-02 2.061244845390319824e-01 2.190835624933242798e-01 -3.916937708854675293e-01 5.726819485425949097e-02 2.073299437761306763e-01 -1.038419529795646667e-01 -4.403747916221618652e-01 2.547284066677093506e-01 -5.525060743093490601e-02 -5.071010589599609375e-01 -2.350171096622943878e-02 -1.500390619039535522e-01 -1.244341880083084106e-01 1.021971702575683594e-01 3.576065599918365479e-01 5.444138646125793457e-01 3.485466539859771729e-01 5.913999676704406738e-02 -4.284042716026306152e-01 7.943592667579650879e-01 4.240761399269104004e-01 -3.609850406646728516e-01 -6.344625353813171387e-02 -5.049600452184677124e-02 2.001183927059173584e-01 -2.342050671577453613e-01 2.679308950901031494e-01 -1.907616853713989258e-03 7.854872941970825195e-02 9.158191829919815063e-02 7.799432277679443359e-01 -7.466508448123931885e-02 -6.677254438400268555e-01 2.234539985656738281e-01 2.586543560028076172e-01 1.605703532695770264e-01 -1.472696363925933838e-01 -2.480727136135101318e-01 1.007039844989776611e-02 1.092156320810317993e-01 2.499028742313385010e-01 6.201545000076293945e-01 2.339742928743362427e-01 1.945373415946960449e-01 -1.881798803806304932e-01 1.441263258457183838e-01 2.468123883008956909e-01 1.233474612236022949e-01
-5.043758153915405273e-01 -8.091139048337936401e-02 2.253606617450714111e-01 -6.375079751014709473e-01 5.595137923955917358e-02 8.791710436344146729e-02 -3.489493578672409058e-02 -3.191537559032440186e-01 -1.068587377667427063e-01 8.462058901786804199e-01 -4.320000112056732178e-01 1.572552919387817383e-01 -1.361988782882690430e-01 5.200353860855102539e-01 -1.184040084481239319e-01 1.048846244812011719e-01 5.121174454689025879e-01 1.465616673231124878e-01 -3.373999595642089844e-01 9.801723808050155640e-02 6.017649769783020020e-01 -9.671261161565780640e-02 -6.169676780700683594e-01 1.931453943252563477e-01 2.526788413524627686e-01 -4.336150586605072021e-01 -9.374678134918212891e-02 1.376059651374816895e-02 -2.658655345439910889e-01 8.931377530097961426e-02 1.444158107042312622e-01 3.766352832317352295e-01 5.317239761352539062e-01 -8.699434995651245117e-02 -5.330502390861511230e-01 7.158566117286682129e-01 5.218605995178222656e-01 1.284746639430522919e-02 -2.510669827461242676e-01 4.258521646261215210e-02 -9.694740921258926392e-02 8.930287510156631470e-02 2.521442770957946777e-01 1.429206877946853638e-01 -1.586543470621109009e-01 2.527148723602294922e-01 8.512987494468688965e-01 -1.735512018203735352e-01 -4.923609495162963867e-01 2.640979588031768799e-01 9.107416123151779175e-02 3.097212612628936768e-01 -3.443303331732749939e-02 -4.130632281303405762e-01 3.501759171485900879e-01 -6.188568472862243652e-02 2.838076055049896240e-01 5.955512523651123047e-01 5.490027666091918945e-01 2.439322471618652344e-01 -1.717479526996612549e-02 2.043144702911376953e-01 4.053465127944946289e-01 -1.320347748696804047e-02
-2.754992842674255371e-01 -1.070883274078369141e-01 -3.600213229656219482e-01 -4.548242986202239990e-01 -1.420496106147766113e-01 -4.764943197369575500e-02 3.588879108428955078e-01 -5.242386460304260254e-01 -3.188733160495758057e-01 3.475827872753143311e-01 -5.578450560569763184e-01 9.183259308338165283e-02 -7.601720690727233887e-01 2.501680552959442139e-01 -1.361886262893676758e-01 4.270657524466514587e-02 4.522480815649032593e-02 -4.933777078986167908e-02 -4.727567136287689209e-01 9.744343161582946777e-02 8.227959275245666504e-03 -1.337939947843551636e-01 -2.105579376220703125e-01 5.358133912086486816e-01 4.114798456430435181e-02 -4.609835147857666016e-01 1.850652545690536499e-01 -4.896705448627471924e-01 4.081941246986389160e-01 1.589715853333473206e-02 5.809321999549865723e-01 4.405282139778137207e-01 -9.915337711572647095e-02 1.548150628805160522e-01 -1.916106343269348145e-01 7.738490104675292969e-01 4.100999534130096436e-01 -3.954447805881500244e-01 -3.966227918863296509e-02 -4.182640016078948975e-01 5.201541781425476074e-01 -4.678741097450256348e-01 2.567797601222991943e-01 6.034328043460845947e-02 4.404638111591339111e-01 1.485158205032348633e-01 7.386837005615234375e-01 3.116485476493835449e-01 -8.462401032447814941e-01 1.580559611320495605e-01 8.633964508771896362e-02 1.623144447803497314e-01 -3.038680180907249451e-02 -1.700669527053833008e-01 3.392574191093444824e-02 9.891992062330245972e-02 4.692175388336181641e-01 5.067436099052429199e-01 1.732518225908279419e-01 -9.639021754264831543e-02 -2.008060067892074585e-01 -2.118858993053436279e-01 8.657013624906539917e-02 4.075188338756561279e-01
-3.506860435009002686e-01 -2.033945024013519287e-01 -2.835859060287475586e-01 -4.239740967750549316e-01 -1.091368943452835083e-01 -4.236159846186637878e-02 2.864086925983428955e-01 -5.651917457580566406e-01 -2.912245690822601318e-01 3.020817637443542480e-01 -4.987997412681579590e-01 1.970621645450592041e-01 -7.347907423973083496e-01 2.375482618808746338e-01 -1.036968082189559937e-02 -5.290901288390159607e-02 8.989055454730987549e-02 1.672515422105789185e-01 -4.745229184627532959e-01 8.368048071861267090e-02 6.207523867487907410e-02 -1.100490912795066833e-01 -2.664739787578582764e-01 3.970026373863220215e-01 -7.486765831708908081e-02 -4.062519967555999756e-01 1.696668565273284912e-01 -3.127997517585754395e-01 2.741739749908447266e-01 2.225490510463714600e-01 5.034214854240417480e-01 3.295753598213195801e-01 9.455833584070205688e-02 -1.226241141557693481e-02 -9.533958882093429565e-02 9.009071588516235352e-01 4.994793534278869629e-01 -4.817906022071838379e-01 -2.879582047462463379e-01 -2.395717799663543701e-01 4.214353561401367188e-01 -5.184983015060424805e-01 2.835780680179595947e-01 -1.735338568687438965e-02 3.912816345691680908e-01 -5.093226954340934753e-02 7.068374156951904297e-01 1.805369108915328979e-01 -7.854433059692382812e-01 6.761711090803146362e-02 9.810794144868850708e-02 -4.044794291257858276e-02 -1.367808282375335693e-01 -2.832144796848297119e-01 -2.091293781995773315e-02 1.652230024337768555e-01 4.259585440158843994e-01 5.382367968559265137e-01 -9.569221735000610352e-02 9.020736068487167358e-02 -1.379573047161102295e-01 -1.503046452999114990e-01 1.686726659536361694e-01 3.675786554813385010e-01
-5.921687930822372437e-02 -4.820981323719024658e-01 -2.328940033912658691e-01 -6.540784239768981934e-01 -2.462564110755920410e-01 3.829149603843688965e-01 2.693619579076766968e-02 -5.315365195274353027e-01 -5.831590294837951660e-01 2.061251848936080933e-01 -2.828978002071380615e-01 -4.166425168514251709e-01 -5.285416841506958008e-01 2.410967648029327393e-01 1.320727467536926270e-01 -1.317252218723297119e-01 5.341326817870140076e-02 -2.282128930091857910e-01 -8.965950459241867065e-02 3.643692135810852051e-01 3.881690800189971924e-01 -1.217596903443336487e-01 -1.751378625631332397e-01 8.114521503448486328e-01 -2.399034202098846436e-01 -2.008275389671325684e-01 -2.111151516437530518e-01 -4.095701873302459717e-01 3.253109753131866455e-01 -4.603864550590515137e-01 6.075052618980407715e-01 7.703837156295776367e-01 1.092410013079643250e-01 6.839455962181091309e-01 -3.253766298294067383e-01 7.016471028327941895e-01 2.266423106193542480e-01 -4.506630003452301025e-01 6.146332621574401855e-01 -4.876855313777923584e-01 1.421836912631988525e-01 -3.545372784137725830e-01 6.221357583999633789e-01 1.469068229198455811e-01 8.811707794666290283e-02 3.481312990188598633e-01 7.124872207641601562e-01 6.438652873039245605e-01 -7.976871132850646973e-01 5.338786840438842773e-01 -5.897008255124092102e-02 2.151439934968948364e-01 1.289856731891632080e-01 2.634207904338836670e-01 -9.248300641775131226e-02 4.939495921134948730e-01 -1.335404962301254272e-01 3.662376403808593750e-01 1.035367697477340698e-01 -8.128304779529571533e-02 -2.452945150434970856e-02 9.023591130971908569e-02 1.959081888198852539e-01 -3.281219303607940674e-02
-5.853878259658813477e-01 -1.667404472827911377e-01 1.883786916732788086e-01 -3.044414520263671875e-01 2.943668961524963379e-01 5.583939328789710999e-02 -1.190335527062416077e-01 -4.726783335208892822e-01 -2.969753444194793701e-01 6.150197982788085938e-01 -3.241644799709320068e-01 1.658780574798583984e-01 -2.976633906364440918e-01 5.555568337440490723e-01 -1.280662119388580322e-01 -9.747526794672012329e-02 4.633697867393493652e-01 3.048795759677886963e-01 -4.612267911434173584e-01 9.009663015604019165e-02 2.724388837814331055e-01 -2.471041083335876465e-01 -4.148948192596435547e-01 -8.555627614259719849e-02 1.186066940426826477e-01 -4.504418075084686279e-01 -1.018931269645690918e-01 -4.292322695255279541e-02 -1.462730765342712402e-01 3.996059000492095947e-01 3.537632822990417480e-01 2.003706991672515869e-01 5.361087322235107422e-01 -8.710154891014099121e-02 -3.484981656074523926e-01 6.398847103118896484e-01 4.773700833320617676e-01 -1.245105788111686707e-01 -5.667482018470764160e-01 2.333745360374450684e-01 -5.495570600032806396e-02 -3.853176534175872803e-02 4.618798196315765381e-01 -1.046359539031982422e-01 -4.731176421046257019e-02 1.937775015830993652e-01 6.170264482498168945e-01 -3.371762633323669434e-01 -6.209129095077514648e-01 4.268220067024230957e-01 5.648445338010787964e-02 1.249025389552116394e-01 -1.297820955514907837e-01 -3.901828825473785400e-01 3.305232226848602295e-01 -6.525690853595733643e-02 3.986510038375854492e-01 4.787446856498718262e-01 4.235083460807800293e-01 3.708741664886474609e-01 -8.030904084444046021e-02 1.842270791530609131e-01 2.565076053142547607e-01 2.124507538974285126e-02
-4.520906805992126465e-01 -1.775608658790588379e-01 2.259226739406585693e-01 -3.530570268630981445e-01 2.928511500358581543e-01 2.805787622928619385e-01 -4.938413947820663452e-02 -3.930944502353668213e-01 -4.770916402339935303e-01 7.375586628913879395e-01 -3.197966814041137695e-01 1.932938098907470703e-01 -1.975418925285339355e-01 4.309378564357757568e-01 -1.303901076316833496e-01 -1.168395206332206726e-01 3.860858082771301270e-01 3.928788602352142334e-01 -4.948146641254425049e-01 -1.309289634227752686e-01 3.083687424659729004e-01 2.651298232376575470e-02 -4.392202496528625488e-01 -1.481341719627380371e-01 -2.201190032064914703e-02 -3.333445191383361816e-01 -2.179810404777526855e-01 -5.847811698913574219e-02 -7.180334627628326416e-02 3.761301040649414062e-01 3.863544166088104248e-01 4.379666745662689209e-01 4.605936110019683838e-01 -1.797289252281188965e-01 -3.504687547683715820e-01 5.127455592155456543e-01 5.294501781463623047e-01 -3.209266811609268188e-02 -2.745641767978668213e-01 1.876223385334014893e-01 -2.138968408107757568e-01 1.467314958572387695e-01 1.569198518991470337e-01 -1.386058628559112549e-01 -3.045206367969512939e-01 2.494384646415710449e-01 5.801886320114135742e-01 -2.378188222646713257e-01 -5.623577237129211426e-01 3.317148983478546143e-01 1.181630417704582214e-01 6.327345222234725952e-02 -3.706892728805541992e-01 -5.361446142196655273e-01 3.416112363338470459e-01 -1.938960701227188110e-02 2.201139330863952637e-01 3.609716296195983887e-01 5.515419244766235352e-01 3.308055400848388672e-01 -2.323569804430007935e-01 1.575289070606231689e-01 2.341966927051544189e-01 -2.270062454044818878e-02
-2.225472927093505859e-01 -4.790615141391754150e-01 -3.734418153762817383e-01 -6.265381574630737305e-01 -4.083432257175445557e-01 2.702368497848510742e-01 2.314871549606323242e-01 -3.729168772697448730e-01 -2.444940507411956787e-01 4.822840094566345215e-01 -5.337890386581420898e-01 -1.279464662075042725e-01 -6.996720433235168457e-01 1.827601194381713867e-01 6.242436915636062622e-02 7.193032652139663696e-03 2.167588472366333008e-01 -3.037278950214385986e-01 -1.635555028915405273e-01 3.066651523113250732e-01 3.874301612377166748e-01 -8.609706163406372070e-02 -3.235322237014770508e-01 7.895431518554687500e-01 -1.027799546718597412e-01 -2.047664374113082886e-01 1.530711352825164795e-02 -2.279941737651824951e-01 1.963727474212646484e-01 -4.201609492301940918e-01 4.270542263984680176e-01 5.315143465995788574e-01 1.087430566549301147e-01 3.802774548530578613e-01 -2.481665611267089844e-01 1.011277437210083008e+00 2.340096235275268555e-01 -3.273528516292572021e-01 3.516457080841064453e-01 -5.616204738616943359e-01 2.478680312633514404e-01 -3.787043988704681396e-01 4.949826896190643311e-01 3.456959724426269531e-01 3.260849416255950928e-01 3.425016701221466064e-01 7.761152982711791992e-01 4.384561181068420410e-01 -7.483439445495605469e-01 2.078735530376434326e-01 4.023516923189163208e-02 2.645324468612670898e-01 1.209251135587692261e-01 1.708984524011611938e-01 -8.465220779180526733e-02 3.229049444198608398e-01 2.245677709579467773e-01 6.271471977233886719e-01 4.289181157946586609e-02 6.536903232336044312e-02 5.986827239394187927e-02 -9.620238095521926880e-02 2.174335718154907227e-01 2.165553420782089233e-01
-4.010848999023437500e-01 -1.618284732103347778e-02 -1.700056791305541992e-01 -3.413500785827636719e-01 2.357341349124908447e-01 7.190620899200439453e-02 2.449593245983123779e-01 -6.031638383865356445e-01 -4.002126157283782959e-01 3.265473246574401855e-01 -5.365329384803771973e-01 1.268688738346099854e-01 -6.566079854965209961e-01 1.921110451221466064e-01 -9.570442140102386475e-03 3.611210966482758522e-03 8.359221369028091431e-02 2.156129032373428345e-01 -5.544718503952026367e-01 8.394157886505126953e-02 4.674783721566200256e-02 -8.674281090497970581e-02 -2.139382958412170410e-01 2.745140194892883301e-01 -2.592218853533267975e-02 -4.201972484588623047e-01 1.047273427248001099e-01 -3.585102260112762451e-01 3.093661963939666748e-01 1.277934908866882324e-01 5.695705413818359375e-01 3.152446746826171875e-01 1.752095222473144531e-01 -1.782746165990829468e-01 -4.496514052152633667e-02 6.074862480163574219e-01 7.485984563827514648e-01 -3.898457884788513184e-01 -4.463445842266082764e-01 -1.771301627159118652e-01 2.968055307865142822e-01 -3.988403677940368652e-01 2.949709594249725342e-01 -1.148197799921035767e-01 6.002147868275642395e-02 -3.317768126726150513e-02 6.815049052238464355e-01 8.818000555038452148e-02 -6.621046662330627441e-01 1.597299277782440186e-01 9.391473978757858276e-02 9.413457661867141724e-02 -2.143589556217193604e-01 -5.790121555328369141e-01 1.688710451126098633e-01 5.209943652153015137e-02 3.258815705776214600e-01 4.065020680427551270e-01 4.650453105568885803e-02 1.756029129028320312e-01 -2.308520525693893433e-01 -1.818399429321289062e-01 2.438938468694686890e-01 1.003375723958015442e-01
-2.276841700077056885e-01 -3.800462484359741211e-01 -5.362547039985656738e-01 -3.766217231750488281e-01 -2.516504228115081787e-01 -6.539119780063629150e-02 2.373317480087280273e-01 -5.077782273292541504e-01 -1.433227360248565674e-01 3.065414130687713623e-01 -4.385431408882141113e-01 -7.298216968774795532e-02 -9.312831759452819824e-01 1.961627900600433350e-01 -4.204297065734863281e-02 1.474972930736839771e-03 -3.780741989612579346e-02 -1.424838900566101074e-01 -3.746031224727630615e-01 2.142860293388366699e-01 8.827522397041320801e-03 -2.512236833572387695e-01 -1.627755165100097656e-01 6.346688866615295410e-01 -5.629000812768936157e-02 -3.930975794792175293e-01 2.444556355476379395e-01 -3.169695138931274414e-01 2.199296802282333374e-01 1.322340965270996094e-02 4.777977764606475830e-01 3.189346194267272949e-01 -9.200581908226013184e-02 2.671140730381011963e-01 -6.805635988712310791e-03 8.850095272064208984e-01 2.583013474941253662e-01 -5.349233746528625488e-01 8.580257743597030640e-02 -5.070970058441162109e-01 5.317190885543823242e-01 -6.038216948509216309e-01 4.419989287853240967e-01 2.190759479999542236e-01 4.207216799259185791e-01 7.618323713541030884e-02 6.007577776908874512e-01 3.722355365753173828e-01 -8.878702521324157715e-01 1.054118052124977112e-01 -2.853212505578994751e-02 2.496975958347320557e-01 2.655643522739410400e-01 1.294602453708648682e-01 -1.192450597882270813e-01 1.348018795251846313e-01 5.319951176643371582e-01 6.154552698135375977e-01 -6.451386958360671997e-03 4.341729730367660522e-02 -6.181277334690093994e-02 -1.373110115528106689e-01 1.343370378017425537e-01 4.392671883106231689e-01
-2.578971087932586670e-01 -2.866660952568054199e-01 -1.299313604831695557e-01 -4.193143844604492188e-01 -2.277254313230514526e-02 2.089515775442123413e-01 1.695066839456558228e-01 -3.796159327030181885e-01 -2.061253786087036133e-01 4.395037889480590820e-01 -5.187231898307800293e-01 -5.635581165552139282e-02 -6.081866621971130371e-01 1.899800598621368408e-01 -1.752629578113555908e-01 -1.173022612929344177e-01 2.009286284446716309e-01 5.532694235444068909e-02 -4.624244272708892822e-01 1.333802491426467896e-01 1.741581857204437256e-01 -2.153583168983459473e-01 -3.620396256446838379e-01 3.071342706680297852e-01 -5.207022279500961304e-02 -3.240474164485931396e-01 -1.474608778953552246e-01 -6.685882806777954102e-02 -1.987524330615997314e-02 -2.277026697993278503e-02 4.281403422355651855e-01 3.626722097396850586e-01 2.058906108140945435e-01 1.332469880580902100e-01 -2.130607962608337402e-01 6.492872834205627441e-01 4.443909525871276855e-01 -3.843917846679687500e-01 -3.430268913507461548e-02 -1.784290671348571777e-01 2.302731573581695557e-01 -1.142983287572860718e-01 5.247193574905395508e-01 2.726821899414062500e-01 5.318987742066383362e-02 2.924304008483886719e-01 5.299187898635864258e-01 2.024769634008407593e-01 -6.241558790206909180e-01 2.903348505496978760e-01 8.877985179424285889e-03 3.199777603149414062e-01 1.106037944555282593e-01 -2.491385787725448608e-01 3.571424186229705811e-01 1.516431868076324463e-01 4.545133113861083984e-01 5.256261825561523438e-01 2.812511920928955078e-01 7.085751742124557495e-02 -1.973191648721694946e-01 1.795760393142700195e-01 3.733286559581756592e-01 2.813551723957061768e-01
-2.431895434856414795e-01 -3.911040723323822021e-01 -2.351059317588806152e-01 -3.800582587718963623e-01 -1.990966349840164185e-01 1.276452839374542236e-01 4.549323320388793945e-01 -2.945924103260040283e-01 -2.711096704006195068e-01 3.515256047248840332e-01 -7.108161449432373047e-01 2.934063225984573364e-02 -6.076333522796630859e-01 -1.773444414138793945e-01 -1.193815842270851135e-01 -4.079432412981987000e-02 2.724471986293792725e-01 -1.204315871000289917e-01 -2.840956151485443115e-01 2.084600180387496948e-01 3.415302038192749023e-01 -4.183422774076461792e-02 -3.154921531677246094e-01 3.576961755752563477e-01 5.873946100473403931e-02 -2.960731983184814453e-01 -1.064327284693717957e-01 -3.255641460418701172e-01 3.570419549942016602e-01 -1.744110882282257080e-01 5.100556612014770508e-01 3.314504921436309814e-01 2.067734450101852417e-01 1.102329492568969727e-01 -3.673712164163589478e-02 7.749106884002685547e-01 4.377170205116271973e-01 -8.589879423379898071e-02 -1.580528467893600464e-01 -1.929742097854614258e-01 6.904752552509307861e-02 -2.344123870134353638e-01 4.907653629779815674e-01 5.199460685253143311e-02 1.651075184345245361e-01 3.148660361766815186e-01 6.794754862785339355e-01 3.299270272254943848e-01 -5.833905935287475586e-01 2.952485084533691406e-01 8.223481476306915283e-03 2.482990920543670654e-01 4.884754493832588196e-02 -2.987947762012481689e-01 4.208548963069915771e-01 1.783683747053146362e-01 4.117851853370666504e-01 4.498135447502136230e-01 2.500583827495574951e-01 6.846318393945693970e-02 -4.613992571830749512e-02 -3.224247694015502930e-02 3.870386779308319092e-01 3.125936090946197510e-01
-5.998213887214660645e-01 -4.634732753038406372e-02 1.023614630103111267e-01 -5.073031783103942871e-01 2.154116630554199219e-01 3.936455771327018738e-02 -2.631287872791290283e-01 -4.803385734558105469e-01 -3.332693874835968018e-01 8.361303210258483887e-01 -3.598435521125793457e-01 1.913696825504302979e-01 -1.624277085065841675e-01 6.584440469741821289e-01 -3.109196573495864868e-02 2.160348370671272278e-02 3.248328566551208496e-01 1.521938294172286987e-01 -3.710187971591949463e-01 6.199039518833160400e-02 3.979829549789428711e-01 -1.008418872952461243e-01 -5.791288614273071289e-01 -1.749125123023986816e-02 2.420094311237335205e-01 -4.809585213661193848e-01 6.688217073678970337e-02 -8.709929883480072021e-02 -3.844094872474670410e-01 1.920827031135559082e-01 2.665665745735168457e-01 3.091594874858856201e-01 5.194325447082519531e-01 -1.125503480434417725e-01 -5.450025200843811035e-01 7.994701266288757324e-01 3.526298999786376953e-01 -9.964310377836227417e-02 -3.394195437431335449e-01 2.250874936580657959e-01 3.423151373863220215e-02 -7.025761902332305908e-02 3.246586024761199951e-01 -8.751890063285827637e-02 -8.061579614877700806e-02 1.363498270511627197e-01 7.708876132965087891e-01 -5.146116018295288086e-01 -5.886940956115722656e-01 2.773469388484954834e-01 1.469197273254394531e-01 2.738989591598510742e-01 -3.321499750018119812e-02 -4.496529400348663330e-01 1.442656517028808594e-01 -1.088096946477890015e-01 1.836089342832565308e-01 5.151071548461914062e-01 5.158493518829345703e-01 3.261824250221252441e-01 -1.257699914276599884e-02 2.755592167377471924e-01 2.111272066831588745e-01 -7.289044559001922607e-02
-3.686755895614624023e-01 -2.785347402095794678e-01 3.844557404518127441e-01 -5.925245285034179688e-01 2.242276817560195923e-02 3.913161456584930420e-01 -7.787737995386123657e-02 -2.648512721061706543e-01 -3.094273805618286133e-01 7.109982967376708984e-01 -4.139987826347351074e-01 2.018017321825027466e-02 5.783397704362869263e-03 3.961394727230072021e-01 -1.625159382820129395e-01 -1.192301660776138306e-01 6.057375073432922363e-01 1.691083759069442749e-01 -2.618204653263092041e-01 1.796890646219253540e-01 6.626995801925659180e-01 -9.127709269523620605e-02 -4.972102940082550049e-01 2.091463506221771240e-01 6.169404834508895874e-02 -2.368403375148773193e-01 -4.078399538993835449e-01 9.979717433452606201e-02 -1.923893392086029053e-01 -5.143712833523750305e-02 2.711068987846374512e-01 4.642212986946105957e-01 6.497796773910522461e-01 1.011151224374771118e-01 -5.160496830940246582e-01 7.491275668144226074e-01 3.249206542968750000e-01 -2.609798684716224670e-02 -1.256567388772964478e-01 2.202092111110687256e-01 -3.462617695331573486e-01 1.780792921781539917e-01 4.317936599254608154e-01 1.396142244338989258e-01 -1.110631525516510010e-01 3.231206536293029785e-01 7.638806104660034180e-01 -9.207549691200256348e-02 -5.146821141242980957e-01 5.234593749046325684e-01 1.074956133961677551e-01 6.973972916603088379e-02 -1.218709200620651245e-01 -2.824773192405700684e-01 4.652059376239776611e-01 1.594874113798141479e-01 1.459929347038269043e-01 4.192987084388732910e-01 4.246170222759246826e-01 1.501879394054412842e-01 1.877195760607719421e-02 3.498933613300323486e-01 3.762459456920623779e-01 -8.844288438558578491e-02
-4.444846808910369873e-01 -1.891726851463317871e-01 -2.535290122032165527e-01 -3.745975494384765625e-01 8.225562423467636108e-02 2.868738397955894470e-02 1.800747811794281006e-01 -5.968555212020874023e-01 -3.699060678482055664e-01 3.899967074394226074e-01 -4.767553210258483887e-01 1.519622951745986938e-01 -6.799207329750061035e-01 2.411005496978759766e-01 1.245766878128051758e-03 -3.871429339051246643e-02 7.587951421737670898e-02 7.320880889892578125e-02 -4.905034601688385010e-01 8.204486966133117676e-02 8.255836367607116699e-02 -1.494782418012619019e-01 -2.377525269985198975e-01 3.356737494468688965e-01 3.923753648996353149e-02 -4.626612961292266846e-01 1.157887578010559082e-01 -2.852933406829833984e-01 1.540379077196121216e-01 1.385722905397415161e-01 4.834905266761779785e-01 3.323559761047363281e-01 2.692915201187133789e-01 -4.609234631061553955e-02 -5.906476825475692749e-02 8.477357625961303711e-01 4.946259856224060059e-01 -4.266401529312133789e-01 -3.704625964164733887e-01 -1.495867669582366943e-01 3.039003610610961914e-01 -4.497207999229431152e-01 3.559941947460174561e-01 -2.269601821899414062e-02 2.417025715112686157e-01 -1.613625884056091309e-02 7.249154448509216309e-01 1.319423317909240723e-02 -7.741934061050415039e-01 1.463928818702697754e-01 1.412807106971740723e-01 9.642624855041503906e-02 -2.325273677706718445e-02 -3.712139427661895752e-01 7.318226248025894165e-02 6.328947097063064575e-02 4.582193493843078613e-01 5.796275138854980469e-01 3.344971314072608948e-02 1.765642762184143066e-01 -1.633944213390350342e-01 -6.451566517353057861e-02 1.515187770128250122e-01 1.830977350473403931e-01
-4.449806511402130127e-01 -1.240578889846801758e-01 2.554772496223449707e-01 -3.189890384674072266e-01 2.248579859733581543e-01 6.079429760575294495e-02 -8.321239799261093140e-02 -4.134823977947235107e-01 -3.088365495204925537e-01 5.561756491661071777e-01 -3.778827786445617676e-01 1.765886545181274414e-01 -2.394725531339645386e-01 5.322965383529663086e-01 -1.903722584247589111e-01 -1.696066558361053467e-01 4.952044785022735596e-01 3.694984316825866699e-01 -4.233610332012176514e-01 5.416752398014068604e-02 3.109577894210815430e-01 -1.694012433290481567e-01 -5.030917525291442871e-01 -1.462689638137817383e-01 7.381079345941543579e-02 -3.408232629299163818e-01 -1.282843500375747681e-01 -6.604163348674774170e-02 -1.333125680685043335e-01 3.819889724254608154e-01 4.006534218788146973e-01 2.540401816368103027e-01 4.651075303554534912e-01 -6.383330374956130981e-02 -3.205365240573883057e-01 6.514225006103515625e-01 4.003732502460479736e-01 -1.343327164649963379e-01 -4.682759642601013184e-01 2.477414608001708984e-01 -9.454337507486343384e-02 5.346420407295227051e-02 4.273726642131805420e-01 -1.005782634019851685e-01 -4.641824588179588318e-02 2.086460590362548828e-01 6.489778161048889160e-01 -3.605055212974548340e-01 -6.388178467750549316e-01 4.116190075874328613e-01 4.613094031810760498e-03 7.720605283975601196e-02 -2.824057936668395996e-01 -4.134951233863830566e-01 3.730885684490203857e-01 -4.472129046916961670e-02 2.806538343429565430e-01 3.096474409103393555e-01 4.598935544490814209e-01 2.897361516952514648e-01 -7.398385554552078247e-02 2.174085974693298340e-01 2.368167191743850708e-01 8.079144358634948730e-02
-2.792862653732299805e-01 -3.876787424087524414e-01 -1.868689954280853271e-01 -6.014526486396789551e-01 7.719602435827255249e-02 7.640572637319564819e-02 2.136474996805191040e-01 -4.656414985656738281e-01 -4.088926613330841064e-01 4.038904011249542236e-01 -4.569839239120483398e-01 1.346054971218109131e-01 -6.281280517578125000e-01 2.030460536479949951e-01 4.236664623022079468e-02 -1.711025461554527283e-02 1.938231885433197021e-01 1.270236819982528687e-01 -2.345954775810241699e-01 2.074693590402603149e-01 3.401928842067718506e-01 -1.855151206254959106e-01 -3.270280659198760986e-01 2.913594245910644531e-01 -1.381346024572849274e-02 -3.539848327636718750e-01 -3.525783773511648178e-03 -1.679104715585708618e-01 4.140513017773628235e-02 -1.909860596060752869e-02 4.528376162052154541e-01 3.858460485935211182e-01 3.098581135272979736e-01 -4.207076504826545715e-02 -1.032450571656227112e-01 1.012875080108642578e+00 5.041379928588867188e-01 -4.483697414398193359e-01 -2.891463041305541992e-01 -1.190460249781608582e-01 1.431038677692413330e-01 -3.242104351520538330e-01 3.535609841346740723e-01 7.035215198993682861e-02 1.158409193158149719e-01 -1.067902669310569763e-01 7.748569846153259277e-01 -1.173684448003768921e-01 -7.444471716880798340e-01 8.922421187162399292e-02 2.756527960300445557e-01 1.365304440259933472e-01 -1.646360307931900024e-01 -5.241376757621765137e-01 1.072113439440727234e-01 1.014976054430007935e-01 3.281654715538024902e-01 6.281696557998657227e-01 -2.243897691369056702e-02 3.138563930988311768e-01 -8.117844909429550171e-02 4.553133994340896606e-02 2.788048684597015381e-01 1.210303232073783875e-01
-2.708652615547180176e-01 1.022939756512641907e-01 -2.040877640247344971e-01 -4.591730833053588867e-01 -8.299602568149566650e-02 -9.713572263717651367e-02 1.407843828201293945e-01 -5.793898701667785645e-01 -1.557094603776931763e-01 3.864738345146179199e-01 -4.044814407825469971e-01 1.716539263725280762e-01 -5.282476544380187988e-01 4.551700055599212646e-01 -1.741777360439300537e-02 -3.481916338205337524e-02 1.171231120824813843e-01 2.292117625474929810e-01 -6.020959615707397461e-01 -6.300431489944458008e-02 1.108591780066490173e-01 1.802355945110321045e-01 -3.648903071880340576e-01 3.071384727954864502e-01 3.023336641490459442e-02 -4.914999902248382568e-01 3.328250944614410400e-01 -2.906080186367034912e-01 4.412425309419631958e-02 2.510136961936950684e-01 3.840591311454772949e-01 3.489197492599487305e-01 -4.523861687630414963e-03 -9.782014787197113037e-02 -2.265338003635406494e-01 8.121052384376525879e-01 5.264492630958557129e-01 -4.374729692935943604e-01 -1.618990898132324219e-01 -1.456415951251983643e-01 6.234897375106811523e-01 -5.073304176330566406e-01 4.753066599369049072e-02 -5.301910638809204102e-02 2.252894192934036255e-01 2.899474650621414185e-02 7.879546284675598145e-01 5.483959615230560303e-02 -7.055439949035644531e-01 -7.994459569454193115e-02 -7.550120353698730469e-02 1.375402323901653290e-02 -8.288905024528503418e-02 -4.059978723526000977e-01 4.564476758241653442e-02 8.874002099037170410e-02 2.885072529315948486e-01 4.916629195213317871e-01 1.092936694622039795e-01 -3.111978620290756226e-02 -2.543042004108428955e-01 -7.282078266143798828e-02 2.825869619846343994e-02 3.914782106876373291e-01
5.212984234094619751e-02 -1.015075519680976868e-01 -5.060130953788757324e-01 -4.336027801036834717e-01 -2.998150587081909180e-01 -7.625642418861389160e-02 6.388373374938964844e-01 -2.766837775707244873e-01 -2.426509261131286621e-01 2.697426676750183105e-01 -4.742105007171630859e-01 -2.401441037654876709e-01 -8.515027761459350586e-01 -1.928711682558059692e-02 -1.130112335085868835e-01 -3.238497301936149597e-02 -1.821708083152770996e-01 1.883195713162422180e-02 -3.197084665298461914e-01 9.078720957040786743e-02 1.606584489345550537e-01 3.313739001750946045e-01 -1.242332160472869873e-01 7.332971692085266113e-01 1.154558733105659485e-01 -1.759201735258102417e-01 3.705925643444061279e-01 -6.007151603698730469e-01 4.262296557426452637e-01 -1.810619235038757324e-01 5.427428483963012695e-01 4.648785889148712158e-01 -3.898814320564270020e-01 1.915247142314910889e-01 1.837894171476364136e-01 5.848009586334228516e-01 6.196975708007812500e-01 -3.020138442516326904e-01 4.465251564979553223e-01 -8.343662619590759277e-01 7.444622516632080078e-01 -4.935277998447418213e-01 -3.092344850301742554e-02 1.251922249794006348e-01 6.638177484273910522e-02 2.126254141330718994e-01 8.888773918151855469e-01 6.635940074920654297e-01 -6.085887551307678223e-01 -2.811421453952789307e-01 -1.433263719081878662e-01 2.382600307464599609e-01 3.038928657770156860e-02 -4.728674888610839844e-01 2.949614077806472778e-02 1.599655598402023315e-01 1.556964814662933350e-01 3.955632746219635010e-01 1.767369061708450317e-01 -1.604762375354766846e-01 -2.814148962497711182e-01 -6.087147593498229980e-01 -1.349438279867172241e-01 5.437186360359191895e-01
-3.188281655311584473e-01 -1.098109558224678040e-01 -1.589234918355941772e-01 -4.819980263710021973e-01 -3.424189984798431396e-03 7.834061980247497559e-02 3.052627146244049072e-01 -4.521427452564239502e-01 -2.865463793277740479e-01 4.378238022327423096e-01 -5.486400723457336426e-01 -1.122164204716682434e-01 -6.653945446014404297e-01 2.141406238079071045e-01 -1.718783974647521973e-01 1.451861560344696045e-01 1.455655097961425781e-01 3.468241915106773376e-02 -4.671138823032379150e-01 8.059728145599365234e-02 2.557957768440246582e-01 3.523267060518264771e-02 -2.596800327301025391e-01 4.792582690715789795e-01 1.806106232106685638e-02 -4.755165278911590576e-01 8.895052969455718994e-02 -2.967048287391662598e-01 1.908903717994689941e-01 -1.569465175271034241e-02 4.146153032779693604e-01 3.825107216835021973e-01 4.401149228215217590e-02 6.873255968093872070e-02 -1.867689788341522217e-01 5.364227890968322754e-01 5.791621208190917969e-01 -1.477027833461761475e-01 -2.994772046804428101e-02 -3.666050732135772705e-01 3.366949558258056641e-01 -3.001301586627960205e-01 1.707358062267303467e-01 9.440542757511138916e-02 -2.347711659967899323e-02 2.698270380496978760e-01 7.358908653259277344e-01 2.259862869977951050e-01 -5.827886462211608887e-01 1.017468795180320740e-01 1.340145766735076904e-01 3.660810291767120361e-01 -4.359221085906028748e-02 -4.531837999820709229e-01 3.976809680461883545e-01 -2.690173685550689697e-02 2.947538197040557861e-01 6.135071516036987305e-01 3.983009755611419678e-01 2.048273980617523193e-01 -1.566183269023895264e-01 -2.278952002525329590e-01 2.162565439939498901e-01 3.135678470134735107e-01
-3.890196382999420166e-01 -1.729076355695724487e-02 -3.468849658966064453e-01 -3.505157828330993652e-01 -3.848683089017868042e-02 1.417312622070312500e-01 3.797226250171661377e-01 -6.194089055061340332e-01 -3.437848985195159912e-01 3.588806986808776855e-01 -6.188101172447204590e-01 5.768945068120956421e-02 -6.278870105743408203e-01 4.415010660886764526e-02 -1.518545150756835938e-01 9.274509549140930176e-02 -1.285900175571441650e-01 -1.050033420324325562e-01 -5.974543690681457520e-01 -5.095378309488296509e-02 6.386033445596694946e-02 1.220351643860340118e-02 -1.839897781610488892e-01 5.204131603240966797e-01 1.006304547190666199e-01 -2.311228215694427490e-01 1.737405359745025635e-01 -4.846449196338653564e-01 3.963975608348846436e-01 -9.058994054794311523e-02 5.512680411338806152e-01 3.146847188472747803e-01 1.049137338995933533e-01 -5.888648331165313721e-03 1.242256909608840942e-02 8.044897317886352539e-01 4.745042920112609863e-01 -3.931064605712890625e-01 -1.903969943523406982e-01 -3.307048380374908447e-01 4.233109652996063232e-01 -4.927814006805419922e-01 3.361161947250366211e-01 1.150553226470947266e-01 3.558516204357147217e-01 4.923496395349502563e-02 8.254243135452270508e-01 3.047721385955810547e-01 -8.470602035522460938e-01 4.215083271265029907e-02 -6.981265544891357422e-02 7.126729935407638550e-02 -1.981605216860771179e-02 -4.437272548675537109e-01 1.798836886882781982e-01 8.573207259178161621e-02 3.226030170917510986e-01 4.183430373668670654e-01 3.445782139897346497e-02 -1.824344396591186523e-01 -2.161306589841842651e-01 -2.556264400482177734e-01 1.184530481696128845e-01 2.602697014808654785e-01
-6.129431128501892090e-01 2.549395710229873657e-02 -2.103782445192337036e-02 -5.087011456489562988e-01 1.648768782615661621e-01 7.357226312160491943e-02 5.364342033863067627e-02 -6.146760582923889160e-01 -3.958874642848968506e-01 5.872921943664550781e-01 -4.454888701438903809e-01 2.638838589191436768e-01 -3.912780284881591797e-01 5.045721530914306641e-01 -1.701887696981430054e-02 3.268818929791450500e-02 2.001917958259582520e-01 4.424107447266578674e-02 -4.356624782085418701e-01 1.008413583040237427e-01 2.786850929260253906e-01 -1.092535033822059631e-01 -4.141445457935333252e-01 3.058327436447143555e-01 2.026710063219070435e-01 -4.036710858345031738e-01 1.314516067504882812e-01 -2.819381058216094971e-01 4.619867727160453796e-02 7.982006669044494629e-02 4.747219085693359375e-01 4.050581753253936768e-01 4.204904139041900635e-01 -1.074638515710830688e-01 -3.271085917949676514e-01 9.569991230964660645e-01 4.643149375915527344e-01 -3.326293528079986572e-01 -4.428540766239166260e-01 -2.411098033189773560e-02 2.006451636552810669e-01 -3.796195387840270996e-01 3.145154118537902832e-01 -3.319302201271057129e-02 2.638351023197174072e-01 -7.732302695512771606e-02 9.474613070487976074e-01 -1.958925724029541016e-01 -7.776619195938110352e-01 1.398889422416687012e-01 1.941002011299133301e-01 2.814100868999958038e-02 -1.499496251344680786e-01 -4.914036989212036133e-01 -5.575778335332870483e-02 -4.054425656795501709e-02 2.693174183368682861e-01 5.326094627380371094e-01 9.538057446479797363e-02 1.061988696455955505e-01 -8.570911735296249390e-02 2.194941043853759766e-05 9.160783141851425171e-02 -9.225146844983100891e-03
-2.222038209438323975e-01 -2.790333032608032227e-01 -9.410800039768218994e-02 -5.961415171623229980e-01 -2.757567763328552246e-01 1.371551211923360825e-02 7.569142431020736694e-02 -3.787177503108978271e-01 -2.016004920005798340e-01 7.046410441398620605e-01 -5.266915559768676758e-01 -2.960229665040969849e-02 -3.306317031383514404e-01 3.409869074821472168e-01 -2.547202706336975098e-01 5.943440273404121399e-02 3.485662937164306641e-01 -2.284579724073410034e-02 -3.713027536869049072e-01 2.493313513696193695e-02 4.787451922893524170e-01 1.079257652163505554e-01 -4.900846481323242188e-01 4.136683642864227295e-01 1.332178562879562378e-01 -3.791917562484741211e-01 -1.490310020744800568e-02 -3.512743711471557617e-01 1.172853112220764160e-01 4.823171347379684448e-02 3.563921451568603516e-01 5.130310654640197754e-01 -8.475694805383682251e-03 3.441044390201568604e-01 -5.452228784561157227e-01 8.294410705566406250e-01 1.149233877658843994e-01 -1.534340716898441315e-02 3.159859180450439453e-01 -2.385646998882293701e-01 1.953647285699844360e-01 -9.403498470783233643e-02 1.178156286478042603e-01 8.882652968168258667e-02 1.966695189476013184e-01 4.678514003753662109e-01 7.562949061393737793e-01 2.087766677141189575e-01 -7.337563037872314453e-01 2.439950406551361084e-01 -1.027556061744689941e-01 2.405062019824981689e-01 8.398938179016113281e-02 -3.669230267405509949e-02 3.000707626342773438e-01 1.316342651844024658e-01 2.101870775222778320e-01 4.843736290931701660e-01 6.015369296073913574e-01 1.849582046270370483e-02 4.042125307023525238e-03 9.674575179815292358e-02 9.969917684793472290e-02 3.532376289367675781e-01
-3.477878868579864502e-01 -4.885901510715484619e-02 -2.144756317138671875e-01 -5.334182977676391602e-01 1.069025322794914246e-01 1.887902021408081055e-01 1.023694872856140137e-01 -6.293118596076965332e-01 -3.844471871852874756e-01 4.087224602699279785e-01 -4.356979131698608398e-01 -2.179592847824096680e-04 -6.463795900344848633e-01 4.243340790271759033e-01 6.793511658906936646e-02 2.067247405648231506e-02 1.168107241392135620e-01 4.180440679192543030e-02 -4.995357096195220947e-01 1.001663655042648315e-01 4.562109708786010742e-03 -1.373441368341445923e-01 -2.113731801509857178e-01 4.693703055381774902e-01 -1.097695231437683105e-01 -5.638576745986938477e-01 3.362980857491493225e-02 -2.516463696956634521e-01 1.374426335096359253e-01 -1.869252696633338928e-02 4.557608366012573242e-01 4.917307198047637939e-01 1.875831484794616699e-01 4.532644152641296387e-02 -3.056552112102508545e-01 6.842388510704040527e-01 6.224954724311828613e-01 -5.051518082618713379e-01 -1.274714469909667969e-01 -2.541267573833465576e-01 3.961392939090728760e-01 -3.619627356529235840e-01 2.697729468345642090e-01 1.608737558126449585e-02 1.031945571303367615e-01 6.869786232709884644e-02 6.717849373817443848e-01 1.341909021139144897e-01 -7.314151525497436523e-01 2.638050913810729980e-01 2.243167161941528320e-01 2.057031095027923584e-01 -9.127107262611389160e-02 -2.938067913055419922e-01 5.113778263330459595e-02 1.479018777608871460e-01 3.586871922016143799e-01 5.950798988342285156e-01 7.193356752395629883e-02 1.299771070480346680e-01 -2.903078794479370117e-01 -2.856429666280746460e-02 2.353302240371704102e-01 8.471813797950744629e-02
-3.635047972202301025e-01 -3.719175457954406738e-01 1.872321218252182007e-02 -5.576494932174682617e-01 -9.417139738798141479e-02 4.125193357467651367e-01 2.051882147789001465e-01 -5.077008605003356934e-01 -4.708361923694610596e-01 2.573365867137908936e-01 -5.042269229888916016e-01 -1.980995386838912964e-02 -4.723467528820037842e-01 2.078794687986373901e-02 -3.525663912296295166e-02 -5.027027428150177002e-02 9.374730288982391357e-02 3.123268485069274902e-03 -4.076685607433319092e-01 8.558640629053115845e-02 2.935492992401123047e-01 -1.471140980720520020e-01 -1.712992042303085327e-01 5.016883015632629395e-01 -1.997052580118179321e-01 -2.908206284046173096e-01 -2.441326528787612915e-01 -1.413965076208114624e-01 2.473900318145751953e-01 -8.699283003807067871e-02 4.628541171550750732e-01 5.459959506988525391e-01 3.994227349758148193e-01 1.211232244968414307e-01 -8.234152942895889282e-02 7.699151039123535156e-01 3.995178937911987305e-01 -3.951309919357299805e-01 -8.351261168718338013e-02 -8.256597071886062622e-02 -2.108339779078960419e-02 -2.683502137660980225e-01 5.563989877700805664e-01 1.488903611898422241e-01 9.457940608263015747e-02 1.163481846451759338e-01 7.059735059738159180e-01 3.336581587791442871e-01 -6.882854104042053223e-01 3.142445385456085205e-01 1.511617600917816162e-01 -4.838194698095321655e-03 -6.785835325717926025e-02 -2.236051708459854126e-01 2.901181578636169434e-01 2.645495533943176270e-01 3.252328932285308838e-01 4.947055876255035400e-01 5.504913255572319031e-02 -1.552827656269073486e-03 -8.597445487976074219e-02 1.459191739559173584e-01 3.967371284961700439e-01 1.169992461800575256e-01
-3.978009521961212158e-01 -1.305055469274520874e-01 4.805242270231246948e-02 -2.922772467136383057e-01 2.839293479919433594e-01 5.286101102828979492e-01 -2.988381981849670410e-01 -5.119537711143493652e-01 -6.312170624732971191e-01 8.913550376892089844e-01 -3.222337067127227783e-01 -1.213841140270233154e-03 -1.017606109380722046e-01 4.606249630451202393e-01 2.896600961685180664e-02 -6.578380614519119263e-02 2.713620066642761230e-01 2.205469459295272827e-01 -4.700846970081329346e-01 -1.686257272958755493e-01 2.718128263950347900e-01 1.709882318973541260e-01 -3.918859362602233887e-01 -4.030849039554595947e-02 -1.118705607950687408e-02 -2.941210567951202393e-01 -2.005455195903778076e-01 -1.362227499485015869e-01 -1.259426921606063843e-01 4.892804473638534546e-02 4.065998196601867676e-01 5.258197784423828125e-01 5.299122333526611328e-01 -7.208523899316787720e-02 -3.415811955928802490e-01 5.825159549713134766e-01 3.827765583992004395e-01 -4.803232476115226746e-02 3.828801214694976807e-03 1.371068358421325684e-01 -2.863286733627319336e-01 1.082867980003356934e-01 2.517243921756744385e-01 -2.305726706981658936e-01 -3.803417384624481201e-01 3.439109921455383301e-01 6.756928563117980957e-01 -3.013405501842498779e-01 -6.606332063674926758e-01 4.788927137851715088e-01 1.535028964281082153e-02 2.228410840034484863e-01 -2.319610714912414551e-01 -3.603802919387817383e-01 2.736502885818481445e-01 6.909471750259399414e-02 -2.965868636965751648e-02 2.458827495574951172e-01 5.796939134597778320e-01 2.551903128623962402e-01 -2.634076774120330811e-01 1.472941339015960693e-01 1.678644567728042603e-01 -2.696369886398315430e-01
-5.454986691474914551e-01 -5.652382224798202515e-02 1.386602818965911865e-01 -2.044626921415328979e-01 3.821947872638702393e-01 2.637458443641662598e-01 -2.021757066249847412e-01 -5.625960230827331543e-01 -5.172889828681945801e-01 5.201790928840637207e-01 -2.601139545440673828e-01 1.104308590292930603e-01 -3.072071075439453125e-01 5.277287364006042480e-01 -1.145038753747940063e-02 -1.083081290125846863e-01 2.966104447841644287e-01 3.391968905925750732e-01 -5.818698406219482422e-01 -9.021762758493423462e-02 7.537595927715301514e-03 -1.750516742467880249e-01 -3.076453506946563721e-01 -1.578943431377410889e-01 -1.042241677641868591e-01 -4.185375571250915527e-01 -1.769409626722335815e-01 -3.848022967576980591e-02 -1.513979956507682800e-02 3.360601365566253662e-01 4.465747773647308350e-01 3.271132111549377441e-01 5.508596897125244141e-01 -9.103735536336898804e-02 -3.121926188468933105e-01 3.917849361896514893e-01 4.441087245941162109e-01 -2.377608418464660645e-01 -4.687328338623046875e-01 2.697476744651794434e-01 -1.004782393574714661e-01 -2.196641452610492706e-02 4.511846601963043213e-01 -1.740631759166717529e-01 -1.334985643625259399e-01 2.108128666877746582e-01 5.452600717544555664e-01 -2.762014269828796387e-01 -6.147997975349426270e-01 5.448030829429626465e-01 8.597127348184585571e-02 8.595753461122512817e-02 -2.535967528820037842e-01 -3.497995436191558838e-01 2.518090903759002686e-01 -6.603229045867919922e-02 2.961860001087188721e-01 3.982304334640502930e-01 3.925829231739044189e-01 3.156433701515197754e-01 -2.872186601161956787e-01 9.432781487703323364e-02 2.505038380622863770e-01 -8.613151311874389648e-02
-2.312676310539245605e-01 -5.580379068851470947e-02 -3.197875618934631348e-01 -5.338159203529357910e-01 -1.112120449542999268e-01 -3.600106760859489441e-02 3.726094365119934082e-01 -5.508138537406921387e-01 -4.255733788013458252e-01 3.999873399734497070e-01 -4.866484403610229492e-01 7.156826555728912354e-02 -6.611554622650146484e-01 2.046467065811157227e-01 -7.502181082963943481e-02 5.739644542336463928e-02 -6.625123322010040283e-02 5.370273813605308533e-02 -5.451322197914123535e-01 -1.641595922410488129e-02 1.405974328517913818e-01 1.022513732314109802e-01 -1.963086724281311035e-01 5.013384222984313965e-01 -1.569775678217411041e-02 -3.441415429115295410e-01 2.997899353504180908e-01 -6.085401773452758789e-01 4.069317877292633057e-01 5.473096668720245361e-02 5.833362340927124023e-01 4.806042611598968506e-01 -1.109685823321342468e-01 9.875953197479248047e-03 -1.383814215660095215e-01 7.959698438644409180e-01 5.154343843460083008e-01 -3.571173548698425293e-01 -4.852227866649627686e-03 -3.856785297393798828e-01 4.757838845252990723e-01 -4.907541573047637939e-01 4.797764122486114502e-02 -1.144255548715591431e-01 2.458805143833160400e-01 4.562608897686004639e-03 8.099635243415832520e-01 2.928212881088256836e-01 -8.590940833091735840e-01 7.082276046276092529e-03 4.760163277387619019e-02 5.246236175298690796e-02 -1.694104522466659546e-01 -3.811509609222412109e-01 -2.817101031541824341e-02 1.062694117426872253e-01 2.251895666122436523e-01 3.839581310749053955e-01 1.649085581302642822e-01 -5.154461413621902466e-02 -2.121051102876663208e-01 -2.543873488903045654e-01 1.406471896916627884e-02 3.488480746746063232e-01
-2.487277388572692871e-01 -8.003389835357666016e-02 -1.399211734533309937e-01 -4.602190554141998291e-01 -1.872240304946899414e-01 3.567412868142127991e-02 2.780217528343200684e-01 -4.710206091403961182e-01 -9.907922893762588501e-02 3.033989667892456055e-01 -5.633910894393920898e-01 1.205316185951232910e-02 -5.507878661155700684e-01 2.222540378570556641e-01 -1.381629109382629395e-01 -7.989617437124252319e-02 1.708259582519531250e-01 1.045948714017868042e-01 -5.260081887245178223e-01 1.054020524024963379e-01 2.038329541683197021e-01 -2.400733344256877899e-02 -4.026037156581878662e-01 4.135816991329193115e-01 1.162566244602203369e-03 -3.320294618606567383e-01 3.274520859122276306e-02 -2.402047216892242432e-01 1.165428161621093750e-01 6.383807212114334106e-02 4.441083669662475586e-01 3.945639729499816895e-01 1.072368025779724121e-01 9.405711293220520020e-02 -2.647362947463989258e-01 6.468575000762939453e-01 4.731788039207458496e-01 -3.970559835433959961e-01 -9.130862355232238770e-02 -2.046480178833007812e-01 4.272213578224182129e-01 -2.703720927238464355e-01 3.643674254417419434e-01 1.266233175992965698e-01 2.191385477781295776e-01 2.704594433307647705e-01 6.815455555915832520e-01 3.575467467308044434e-01 -6.029531955718994141e-01 1.829867064952850342e-01 -1.162622198462486267e-01 1.274800151586532593e-01 1.887139864265918732e-02 -2.443007975816726685e-01 2.721917033195495605e-01 2.329996377229690552e-01 3.302640616893768311e-01 4.291119277477264404e-01 2.058329284191131592e-01 -1.541079282760620117e-01 -1.656027585268020630e-01 3.974536806344985962e-02 2.947477102279663086e-01 4.099076390266418457e-01
-5.673607587814331055e-01 -6.190738826990127563e-02 7.123752683401107788e-02 -2.483050227165222168e-01 1.575156748294830322e-01 2.083349227905273438e-01 -1.766207814216613770e-01 -5.168719887733459473e-01 -3.178726732730865479e-01 6.308416724205017090e-01 -4.234991669654846191e-01 1.306911110877990723e-01 -2.422111779451370239e-01 4.361441433429718018e-01 -1.131300553679466248e-01 -5.336014553904533386e-02 3.180382847785949707e-01 2.262454181909561157e-01 -5.412815213203430176e-01 -1.177873611450195312e-01 2.337584197521209717e-01 -7.345775142312049866e-03 -4.779461026191711426e-01 -7.672957330942153931e-02 7.685010880231857300e-02 -3.776790797710418701e-01 -8.845694363117218018e-02 -8.465775102376937866e-02 -1.120367199182510376e-01 2.740429639816284180e-01 3.830278813838958740e-01 2.792312502861022949e-01 4.424984455108642578e-01 -7.785532623529434204e-02 -3.643657267093658447e-01 5.705804824829101562e-01 3.762673735618591309e-01 -1.061379685997962952e-01 -3.171963393688201904e-01 2.122756540775299072e-01 -7.443270087242126465e-02 -2.181030996143817902e-02 4.156229794025421143e-01 -1.126739680767059326e-01 -8.650736510753631592e-02 2.976911962032318115e-01 6.331345438957214355e-01 -2.296460121870040894e-01 -5.612613558769226074e-01 4.272772371768951416e-01 -9.881269186735153198e-02 1.799944192171096802e-01 -7.654033601284027100e-02 -3.893246650695800781e-01 3.711983859539031982e-01 -5.521985888481140137e-02 2.159722745418548584e-01 3.802611231803894043e-01 4.670830965042114258e-01 2.274247407913208008e-01 -1.430183649063110352e-01 1.904990673065185547e-01 2.836370170116424561e-01 2.353463880717754364e-02
-2.848130464553833008e-01 3.958866000175476074e-03 -1.386385262012481689e-01 -5.748872160911560059e-01 -2.180856168270111084e-01 -5.693210288882255554e-02 2.878204584121704102e-01 -5.535567998886108398e-01 -1.563957929611206055e-01 4.735798537731170654e-01 -5.721325874328613281e-01 2.613225877285003662e-01 -4.431398510932922363e-01 2.780473232269287109e-01 -1.040625199675559998e-01 -1.547143678180873394e-03 1.348891407251358032e-01 2.864375710487365723e-01 -6.057820916175842285e-01 -1.011841222643852234e-01 3.214225769042968750e-01 2.591005265712738037e-01 -4.213973581790924072e-01 3.923600912094116211e-01 9.842379391193389893e-02 -3.475479781627655029e-01 2.971421778202056885e-01 -4.931897222995758057e-01 2.121394127607345581e-01 2.544100284576416016e-01 4.345218539237976074e-01 4.782230854034423828e-01 -6.178521364927291870e-02 -4.422010108828544617e-02 -2.694461047649383545e-01 9.369562864303588867e-01 4.726023077964782715e-01 -2.768256962299346924e-01 -6.975146383047103882e-02 -1.848221719264984131e-01 4.814972579479217529e-01 -4.116427004337310791e-01 -3.721937909722328186e-02 -1.171304285526275635e-01 3.780625760555267334e-01 1.197312846779823303e-01 9.266756176948547363e-01 2.052981406450271606e-01 -7.361797690391540527e-01 -1.130179315805435181e-01 -1.540565043687820435e-01 -9.858836233615875244e-02 -2.293791770935058594e-01 -3.764731884002685547e-01 1.642997562885284424e-01 1.603930890560150146e-01 1.225555986166000366e-01 3.912332355976104736e-01 2.142360806465148926e-01 -1.488530635833740234e-01 -1.222212165594100952e-01 -1.018535271286964417e-01 2.316126972436904907e-02 4.491289556026458740e-01
-4.864591658115386963e-01 -1.693599671125411987e-02 3.346415460109710693e-01 -1.797408908605575562e-01 3.877197504043579102e-01 4.508621394634246826e-01 -2.800301313400268555e-01 -5.336415171623229980e-01 -5.031250119209289551e-01 7.643049359321594238e-01 -2.516514956951141357e-01 1.505071520805358887e-01 8.519175648689270020e-02 5.214334130287170410e-01 -9.843989461660385132e-02 -1.056378707289695740e-01 4.127562046051025391e-01 4.793986976146697998e-01 -6.059848070144653320e-01 -2.651874125003814697e-01 2.437073290348052979e-01 1.456255912780761719e-01 -3.709906935691833496e-01 -2.653988897800445557e-01 -3.528227657079696655e-02 -3.168907165527343750e-01 -2.620838880538940430e-01 -4.456470161676406860e-02 -5.017672106623649597e-02 4.246742725372314453e-01 3.536446094512939453e-01 3.856423795223236084e-01 5.828620195388793945e-01 -1.557674407958984375e-01 -3.655690252780914307e-01 3.985702693462371826e-01 4.575557112693786621e-01 8.092116564512252808e-02 -3.070177435874938965e-01 4.146417677402496338e-01 -3.674844801425933838e-01 1.643476635217666626e-01 1.948724687099456787e-01 -2.886119186878204346e-01 -3.629143834114074707e-01 3.322027325630187988e-01 5.722720623016357422e-01 -2.985492944717407227e-01 -5.565054416656494141e-01 5.324003100395202637e-01 -8.812356740236282349e-02 -9.589007124304771423e-03 -3.896750211715698242e-01 -4.439651668071746826e-01 4.795908629894256592e-01 -3.004682064056396484e-02 1.426458358764648438e-02 1.918003261089324951e-01 6.002140641212463379e-01 2.498098611831665039e-01 -2.708717286586761475e-01 1.592932343482971191e-01 2.006656080484390259e-01 -1.805966645479202271e-01
-5.035561323165893555e-01 -2.308801710605621338e-01 1.246829330921173096e-02 -5.613572597503662109e-01 1.383802890777587891e-01 2.351894974708557129e-01 1.456244289875030518e-02 -5.431544780731201172e-01 -4.824377000331878662e-01 4.883471131324768066e-01 -5.009645223617553711e-01 1.208881735801696777e-01 -3.499443233013153076e-01 3.093874156475067139e-01 -2.651482820510864258e-03 -1.239619590342044830e-02 2.195275574922561646e-01 -2.101052552461624146e-03 -2.941145598888397217e-01 2.126210927963256836e-01 4.289453029632568359e-01 -1.261232942342758179e-01 -3.872100412845611572e-01 3.230626881122589111e-01 6.841712445020675659e-02 -3.561676442623138428e-01 -1.133533865213394165e-01 -5.041250586509704590e-02 4.011436179280281067e-02 -6.907689571380615234e-02 4.603259563446044922e-01 4.921527504920959473e-01 5.793701410293579102e-01 -2.963488548994064331e-02 -2.963280379772186279e-01 8.495599627494812012e-01 3.886058926582336426e-01 -2.855497300624847412e-01 -3.453719913959503174e-01 8.848895132541656494e-02 -5.633163452148437500e-02 -2.173359543085098267e-01 5.174843072891235352e-01 5.510403215885162354e-02 1.809147559106349945e-02 9.598826617002487183e-02 8.463671207427978516e-01 -7.955094426870346069e-02 -6.013089418411254883e-01 3.403592407703399658e-01 2.457915842533111572e-01 1.135851070284843445e-01 -6.091742590069770813e-02 -4.732909202575683594e-01 2.073669731616973877e-01 1.189514771103858948e-01 1.901393681764602661e-01 5.335106849670410156e-01 1.652871668338775635e-01 1.834495961666107178e-01 2.191510424017906189e-02 1.298123300075531006e-01 3.241210579872131348e-01 -8.834490925073623657e-02
-4.416752755641937256e-01 -6.849378347396850586e-03 -4.377570003271102905e-02 -5.025570392608642578e-01 1.212409511208534241e-01 9.665836393833160400e-02 -4.958999902009963989e-02 -6.158187389373779297e-01 -3.436193466186523438e-01 4.312247037887573242e-01 -4.256998002529144287e-01 1.333450078964233398e-01 -4.106038212776184082e-01 5.023877620697021484e-01 1.314703971147537231e-01 3.192432597279548645e-02 3.073310852050781250e-01 1.756471544504165649e-01 -5.001045465469360352e-01 1.094996333122253418e-01 3.608644008636474609e-03 -1.497105658054351807e-01 -3.499867916107177734e-01 1.834285706281661987e-01 -4.647425562143325806e-02 -5.633617639541625977e-01 2.480740193277597427e-03 -2.554921805858612061e-01 9.561038017272949219e-02 1.201836094260215759e-01 3.350495696067810059e-01 3.915984928607940674e-01 4.108251631259918213e-01 4.991335421800613403e-02 -3.546705842018127441e-01 6.451470255851745605e-01 5.364742279052734375e-01 -3.163717687129974365e-01 -3.494780361652374268e-01 4.802841693162918091e-02 2.332927584648132324e-01 -2.812132835388183594e-01 4.474566280841827393e-01 -1.380846500396728516e-01 4.006769508123397827e-02 1.927747428417205811e-01 7.583414316177368164e-01 -1.999437808990478516e-03 -7.173653244972229004e-01 3.994128406047821045e-01 1.294983625411987305e-01 1.515885591506958008e-01 -1.874562799930572510e-01 -2.165192514657974243e-01 8.194797486066818237e-02 1.320727169513702393e-01 3.329124152660369873e-01 5.242457985877990723e-01 2.192946821451187134e-01 2.049139738082885742e-01 -2.041815668344497681e-01 2.377232164144515991e-02 2.684625685214996338e-01 2.476283721625804901e-02
-5.574544072151184082e-01 -8.338169008493423462e-02 4.815497249364852905e-02 -2.448747605085372925e-01 2.874836921691894531e-01 3.310073912143707275e-01 -1.452732086181640625e-01 -5.610724687576293945e-01 -4.821468889713287354e-01 6.960569024085998535e-01 -4.466065466403961182e-01 1.205271407961845398e-01 -2.424293011426925659e-01 4.398743808269500732e-01 -1.694872975349426270e-03 -3.941689059138298035e-02 2.984521687030792236e-01 5.089263990521430969e-02 -5.414147377014160156e-01 -3.250612318515777588e-02 6.780990213155746460e-02 -7.520032674074172974e-02 -3.020678162574768066e-01 2.131305634975433350e-02 9.526997059583663940e-02 -4.878627657890319824e-01 -1.556505560874938965e-01 -1.054630577564239502e-01 -1.892547681927680969e-02 1.088843494653701782e-01 4.315395951271057129e-01 3.916696012020111084e-01 5.831458568572998047e-01 -4.951941221952438354e-02 -3.506739735603332520e-01 5.560628771781921387e-01 4.014990925788879395e-01 -7.338590919971466064e-02 -3.340561091899871826e-01 2.057989835739135742e-01 -5.867195129394531250e-02 -5.260232090950012207e-02 4.583530128002166748e-01 -8.148896694183349609e-02 -1.008940339088439941e-01 3.501065671443939209e-01 6.134960651397705078e-01 -1.677286475896835327e-01 -5.622572898864746094e-01 5.623570680618286133e-01 1.034902259707450867e-01 1.971127390861511230e-01 -4.144665226340293884e-02 -3.174741268157958984e-01 3.042723238468170166e-01 -4.085242748260498047e-03 3.746896684169769287e-01 4.269421398639678955e-01 4.888529777526855469e-01 1.581393480300903320e-01 -1.948117017745971680e-01 1.841392815113067627e-01 2.492183893918991089e-01 -1.082198619842529297e-01
-4.500033557415008545e-01 -8.632131665945053101e-02 -5.070333182811737061e-02 -6.005654931068420410e-01 -3.807254508137702942e-02 2.453669458627700806e-01 1.040568947792053223e-02 -5.427399873733520508e-01 -4.057531654834747314e-01 5.678006410598754883e-01 -4.626938402652740479e-01 8.631625026464462280e-02 -4.524113237857818604e-01 4.604326784610748291e-01 1.035112887620925903e-01 7.076576352119445801e-02 2.719143629074096680e-01 -3.236211836338043213e-02 -4.320815503597259521e-01 6.039596349000930786e-02 1.982679218053817749e-01 -1.633546501398086548e-01 -3.418753147125244141e-01 3.936603665351867676e-01 -3.661911934614181519e-02 -4.335463345050811768e-01 -3.861562535166740417e-02 -2.561470270156860352e-01 1.011066883802413940e-01 -1.379758417606353760e-01 4.401885569095611572e-01 5.620337724685668945e-01 3.765741586685180664e-01 1.087788939476013184e-01 -4.320386052131652832e-01 7.675428986549377441e-01 4.022488892078399658e-01 -3.123375773429870605e-01 -6.206120923161506653e-02 -1.653118133544921875e-01 9.094487130641937256e-02 -1.937833875417709351e-01 3.948129415512084961e-01 6.631627678871154785e-02 1.614950001239776611e-01 2.277642488479614258e-01 8.293910622596740723e-01 4.138137400150299072e-02 -7.345227003097534180e-01 4.228839576244354248e-01 1.521058976650238037e-01 1.912019252777099609e-01 -1.300717890262603760e-01 -9.118619561195373535e-02 3.241591155529022217e-03 7.315746694803237915e-02 3.118541836738586426e-01 5.500748157501220703e-01 2.573640644550323486e-01 1.127574965357780457e-01 -1.694641858339309692e-01 5.688747018575668335e-02 2.735364735126495361e-01 -6.924243643879890442e-03
-4.410096406936645508e-01 -1.715328991413116455e-01 9.730651974678039551e-03 -5.985102653503417969e-01 -9.843613207340240479e-02 1.457325965166091919e-01 -1.220708116888999939e-01 -4.163356721401214600e-01 -1.934645622968673706e-01 7.900365591049194336e-01 -4.359923601150512695e-01 2.399564534425735474e-02 -1.889933794736862183e-01 6.129180192947387695e-01 -1.055276766419410706e-01 -3.282965859398245811e-03 4.924083650112152100e-01 -1.605093777179718018e-01 -3.014497160911560059e-01 1.797976493835449219e-01 5.218563079833984375e-01 -1.137190088629722595e-01 -5.681354999542236328e-01 4.204264879226684570e-01 2.559648752212524414e-01 -3.944332599639892578e-01 -1.274429708719253540e-01 -1.770177483558654785e-02 -2.089328169822692871e-01 -1.351387053728103638e-01 2.789214253425598145e-01 5.224372148513793945e-01 5.006507635116577148e-01 2.091765105724334717e-01 -6.421182155609130859e-01 8.568564057350158691e-01 1.829770803451538086e-01 -1.841998994350433350e-01 1.743461191654205322e-02 -7.424348592758178711e-02 1.989854872226715088e-02 7.219906896352767944e-03 4.065798521041870117e-01 2.441180944442749023e-01 1.015052646398544312e-01 4.180602133274078369e-01 8.317163586616516113e-01 -5.373656004667282104e-02 -6.144332885742187500e-01 4.456726014614105225e-01 6.170090287923812866e-02 2.878841459751129150e-01 2.024373710155487061e-01 -7.953423261642456055e-02 1.368557810783386230e-01 1.138952150940895081e-01 3.256843984127044678e-01 5.703614950180053711e-01 4.622575342655181885e-01 9.357400238513946533e-03 -1.918294467031955719e-02 2.817571759223937988e-01 2.043051123619079590e-01 2.218906208872795105e-02
-3.888553977012634277e-01 -6.858587265014648438e-03 -1.961313635110855103e-01 -4.119200706481933594e-01 1.026038303971290588e-01 1.572622209787368774e-01 2.617680430412292480e-01 -6.584134101867675781e-01 -4.846276342868804932e-01 4.194312989711761475e-01 -6.136322021484375000e-01 1.618313491344451904e-01 -5.200167894363403320e-01 1.898410022258758545e-01 -4.559820890426635742e-02 1.727672293782234192e-02 4.671289026737213135e-02 8.815859258174896240e-02 -5.979663133621215820e-01 1.877132989466190338e-02 7.103946059942245483e-02 2.030013315379619598e-02 -2.395751178264617920e-01 3.787601590156555176e-01 2.714483998715877533e-02 -3.817590773105621338e-01 1.068123430013656616e-01 -4.905115365982055664e-01 4.237004518508911133e-01 3.200336173176765442e-02 6.160759925842285156e-01 4.814775586128234863e-01 1.812365651130676270e-01 -9.604543447494506836e-03 -1.506631672382354736e-01 7.409914731979370117e-01 5.280775427818298340e-01 -2.902044653892517090e-01 -2.535536289215087891e-01 -1.577884554862976074e-01 3.142181336879730225e-01 -4.014353454113006592e-01 2.523696720600128174e-01 -9.668894112110137939e-02 2.711630463600158691e-01 9.665776044130325317e-02 8.026300072669982910e-01 1.987517327070236206e-01 -7.115077376365661621e-01 2.193792462348937988e-01 6.518241018056869507e-02 5.641778558492660522e-02 -1.995939016342163086e-01 -4.555011093616485596e-01 1.885917484760284424e-01 1.051582098007202148e-01 1.995166838169097900e-01 3.897505700588226318e-01 1.679802983999252319e-01 -2.523823827505111694e-02 -2.118301689624786377e-01 -1.717906892299652100e-01 1.174729540944099426e-01 1.625688225030899048e-01
-4.484203755855560303e-01 -1.048021763563156128e-01 3.260056078433990479e-01 -3.642609119415283203e-01 1.955671906471252441e-01 1.387392878532409668e-01 -1.073741689324378967e-01 -4.364322125911712646e-01 -3.171450793743133545e-01 6.389522552490234375e-01 -3.462825417518615723e-01 2.181310951709747314e-01 -1.709331721067428589e-01 5.439314246177673340e-01 -1.645424067974090576e-01 -1.173735186457633972e-01 5.021836161613464355e-01 5.411736369132995605e-01 -4.742785394191741943e-01 -7.964191585779190063e-02 2.993170917034149170e-01 -3.023937903344631195e-02 -5.647136569023132324e-01 -1.712830364704132080e-01 -2.083560265600681305e-02 -4.152073562145233154e-01 -2.120866328477859497e-01 -6.362135708332061768e-02 -9.053066372871398926e-02 5.454710721969604492e-01 3.435647785663604736e-01 4.512355625629425049e-01 4.269975721836090088e-01 -1.986224949359893799e-02 -4.509398937225341797e-01 4.918392896652221680e-01 4.292412996292114258e-01 -2.833643183112144470e-02 -3.104345202445983887e-01 2.563157677650451660e-01 -2.181888520717620850e-01 1.679521948099136353e-01 1.810038685798645020e-01 -2.176396548748016357e-01 -1.783343255519866943e-01 2.913400530815124512e-01 6.452600359916687012e-01 -2.377038449048995972e-01 -5.514706373214721680e-01 4.072377681732177734e-01 7.209848612546920776e-02 9.709506481885910034e-02 -4.028442502021789551e-01 -3.842698931694030762e-01 3.782364428043365479e-01 -4.639981687068939209e-02 1.421821266412734985e-01 3.429609239101409912e-01 5.796694755554199219e-01 3.345311582088470459e-01 -1.561077237129211426e-01 1.796875000000000000e-01 2.552818357944488525e-01 1.043532192707061768e-01
-3.098034262657165527e-01 -2.126338481903076172e-01 -2.363865971565246582e-01 -4.237843751907348633e-01 8.959966152906417847e-02 -5.838104709982872009e-02 1.651295125484466553e-01 -5.668333172798156738e-01 -3.652528226375579834e-01 3.019920289516448975e-01 -4.119311273097991943e-01 1.448015719652175903e-01 -5.948997139930725098e-01 3.443000018596649170e-01 -2.722113579511642456e-02 -1.830409169197082520e-01 1.967642456293106079e-01 9.117938578128814697e-02 -4.059822261333465576e-01 2.043832093477249146e-01 1.302214860916137695e-01 -3.347715735435485840e-02 -3.441214859485626221e-01 3.244034647941589355e-01 8.677340298891067505e-02 -5.499303340911865234e-01 7.125499099493026733e-02 -3.799776434898376465e-01 1.855415105819702148e-01 1.856961697340011597e-01 5.232775807380676270e-01 4.030568301677703857e-01 5.018451064825057983e-02 9.362608194351196289e-02 -1.901764869689941406e-01 7.850072383880615234e-01 5.489072203636169434e-01 -3.856742382049560547e-01 -1.588886529207229614e-01 -1.992183923721313477e-01 5.738987326622009277e-01 -5.383424758911132812e-01 2.889552116394042969e-01 4.155933856964111328e-05 1.953769624233245850e-01 9.076672047376632690e-02 6.326707005500793457e-01 2.036588937044143677e-01 -7.002352476119995117e-01 8.420906215906143188e-02 3.591560572385787964e-02 3.672690689563751221e-02 8.584607392549514771e-03 -3.893198966979980469e-01 3.709786385297775269e-02 2.147523164749145508e-01 4.031307399272918701e-01 5.727343559265136719e-01 1.006526201963424683e-01 8.653714507818222046e-02 -1.703008562326431274e-01 7.402244955301284790e-02 2.560533583164215088e-02 2.342371493577957153e-01
-6.985311508178710938e-01 -1.689485311508178711e-01 3.262217640876770020e-01 -7.023478746414184570e-01 1.180661469697952271e-02 1.629299819469451904e-01 -1.525036692619323730e-01 -3.463576436042785645e-01 -3.345679640769958496e-01 8.026503920555114746e-01 -4.263179600238800049e-01 2.567193210124969482e-01 -5.887360498309135437e-02 5.241007208824157715e-01 -6.462097913026809692e-02 8.625060319900512695e-02 4.232477247714996338e-01 1.448345780372619629e-01 -1.461888551712036133e-01 1.631651222705841064e-01 7.066534757614135742e-01 -3.277010619640350342e-01 -6.674180626869201660e-01 8.872867375612258911e-02 2.208896577358245850e-01 -3.385388255119323730e-01 -2.083151936531066895e-01 1.866847276687622070e-02 -3.512535393238067627e-01 4.659492895007133484e-02 2.845494449138641357e-01 4.354096949100494385e-01 7.487293481826782227e-01 -7.144724577665328979e-02 -6.837233304977416992e-01 8.505220413208007812e-01 2.611500918865203857e-01 -4.963491484522819519e-02 -3.888799846172332764e-01 2.777104973793029785e-01 -3.995337188243865967e-01 1.503346562385559082e-01 4.590748250484466553e-01 1.052448898553848267e-02 5.622754991054534912e-02 5.936792492866516113e-02 8.871009945869445801e-01 -4.621344804763793945e-01 -4.940010309219360352e-01 4.746982753276824951e-01 3.081880211830139160e-01 2.191779762506484985e-01 -1.386538296937942505e-01 -3.809068202972412109e-01 2.170996069908142090e-01 -8.507363498210906982e-02 9.878583252429962158e-02 5.579133033752441406e-01 4.310572743415832520e-01 2.925674617290496826e-01 1.344661414623260498e-01 3.590625822544097900e-01 5.107259750366210938e-01 -1.452815830707550049e-01
-3.288228213787078857e-01 -8.804307132959365845e-02 -1.955139040946960449e-01 -3.157472908496856689e-01 2.677726149559020996e-01 4.164916649460792542e-02 3.885977715253829956e-02 -5.154237151145935059e-01 -2.748722136020660400e-01 3.690011799335479736e-01 -3.979316949844360352e-01 4.944727569818496704e-02 -5.069651603698730469e-01 3.380138278007507324e-01 -9.854263812303543091e-02 -9.360764175653457642e-02 8.450800180435180664e-02 2.220402508974075317e-01 -5.296273231506347656e-01 2.389804087579250336e-02 7.090670615434646606e-02 -4.598415642976760864e-02 -3.300925195217132568e-01 1.148593425750732422e-02 5.357880145311355591e-02 -3.707671761512756348e-01 1.461346000432968140e-01 -2.076371014118194580e-01 -9.571117162704467773e-02 1.986515522003173828e-01 4.338880181312561035e-01 1.735409200191497803e-01 1.289977133274078369e-01 -1.502858400344848633e-01 -1.498167514801025391e-01 6.149537563323974609e-01 5.213055610656738281e-01 -4.180145859718322754e-01 -3.821119070053100586e-01 1.071900054812431335e-01 4.063925147056579590e-01 -3.193537294864654541e-01 4.130286872386932373e-01 -1.147799640893936157e-01 -7.036760915070772171e-03 7.687010616064071655e-02 5.897085070610046387e-01 -1.496936380863189697e-01 -7.141575813293457031e-01 1.153964623808860779e-01 -5.824165791273117065e-02 1.526022553443908691e-01 -9.392404556274414062e-02 -5.536674857139587402e-01 2.699132263660430908e-01 -1.515001803636550903e-02 2.881971597671508789e-01 4.071096181869506836e-01 2.622025012969970703e-01 9.459557384252548218e-02 -1.687664985656738281e-01 9.773091226816177368e-02 1.987141221761703491e-01 1.663234531879425049e-01
-4.146504104137420654e-01 -1.372137665748596191e-01 -1.314167678356170654e-01 -3.700627982616424561e-01 1.461896598339080811e-01 2.169681936502456665e-01 5.950457602739334106e-02 -4.475772678852081299e-01 -2.420545518398284912e-01 4.311253726482391357e-01 -4.153895676136016846e-01 -1.496061384677886963e-01 -6.057324409484863281e-01 3.643385767936706543e-01 -2.815837413072586060e-02 -4.439128562808036804e-02 2.384394407272338867e-01 -2.205931767821311951e-02 -4.658970534801483154e-01 1.902533322572708130e-01 1.622766703367233276e-01 -2.533814609050750732e-01 -2.056579887866973877e-01 4.020794034004211426e-01 1.451868377625942230e-02 -4.232765138149261475e-01 -5.041829869151115417e-02 -3.343440592288970947e-02 -2.604015171527862549e-02 -1.321712732315063477e-01 3.872046172618865967e-01 2.236017286777496338e-01 3.666152954101562500e-01 2.081751823425292969e-02 -2.327325940132141113e-01 5.196686983108520508e-01 6.782902479171752930e-01 -3.598585128784179688e-01 -2.626897096633911133e-01 -1.631386578083038330e-01 2.198688536882400513e-01 -2.442912608385086060e-01 6.232063770294189453e-01 1.728219240903854370e-01 -4.159770160913467407e-02 2.496209740638732910e-01 6.281824707984924316e-01 1.524336487054824829e-01 -5.994471311569213867e-01 4.420154392719268799e-01 1.243332773447036743e-02 3.048176467418670654e-01 1.450404077768325806e-01 -2.684582173824310303e-01 3.063435256481170654e-01 4.835542291402816772e-02 4.524363577365875244e-01 5.726314783096313477e-01 2.027821391820907593e-01 1.443191766738891602e-01 -1.646635234355926514e-01 2.234476059675216675e-02 4.148021340370178223e-01 3.948776051402091980e-03
-4.598765075206756592e-01 -1.229421347379684448e-01 -2.203444540500640869e-01 -3.087128102779388428e-01 -8.583557605743408203e-02 2.488400787115097046e-02 1.660284101963043213e-01 -6.330930590629577637e-01 -1.222277805209159851e-01 3.604952096939086914e-01 -5.825450420379638672e-01 1.046928763389587402e-01 -5.332089662551879883e-01 2.250413596630096436e-01 -1.339410841464996338e-01 -7.556300610303878784e-02 1.693083643913269043e-01 -1.929184421896934509e-02 -5.011078119277954102e-01 1.890646964311599731e-01 2.722698152065277100e-01 -1.522714495658874512e-01 -4.380955100059509277e-01 3.905442655086517334e-01 1.114384606480598450e-01 -2.793420851230621338e-01 1.085762530565261841e-01 -2.929414510726928711e-01 1.534555256366729736e-01 7.717566192150115967e-02 4.930049777030944824e-01 2.004573643207550049e-01 2.515719532966613770e-01 3.521533310413360596e-02 -8.021654933691024780e-02 9.372323155403137207e-01 3.789674639701843262e-01 -3.880617916584014893e-01 -3.359761238098144531e-01 -2.148794233798980713e-01 3.939430713653564453e-01 -4.532153904438018799e-01 5.489567518234252930e-01 1.641368567943572998e-01 4.072064757347106934e-01 9.037635475397109985e-02 6.658536195755004883e-01 1.308510154485702515e-01 -7.182705998420715332e-01 1.490102112293243408e-01 -2.388248443603515625e-01 1.204950138926506042e-01 1.369218230247497559e-01 -2.564302086830139160e-01 2.201119065284729004e-01 2.115882784128189087e-01 3.232344985008239746e-01 4.668078422546386719e-01 6.113160401582717896e-03 2.527562528848648071e-02 -4.991077631711959839e-02 2.231348305940628052e-02 2.106131762266159058e-01 2.720701098442077637e-01
4.121088981628417969e-02 -1.561004221439361572e-01 -5.380545854568481445e-01 -4.716416001319885254e-01 -4.104735255241394043e-01 -1.612101644277572632e-01 5.817327499389648438e-01 -3.842416107654571533e-01 -1.115932986140251160e-01 3.377740383148193359e-01 -6.102930903434753418e-01 -9.112150222063064575e-02 -7.906152606010437012e-01 3.458794206380844116e-02 -1.972672343254089355e-01 6.051207706332206726e-02 7.330617308616638184e-02 -2.459156699478626251e-02 -4.632953703403472900e-01 8.073643594980239868e-02 1.908784508705139160e-01 2.771431505680084229e-01 -3.062782883644104004e-01 7.487005591392517090e-01 1.225135698914527893e-01 -2.215848863124847412e-01 2.810516357421875000e-01 -6.836501359939575195e-01 5.454220175743103027e-01 -1.076722294092178345e-01 5.207840800285339355e-01 4.821313023567199707e-01 -4.164072871208190918e-01 3.162344694137573242e-01 -5.705576390027999878e-02 7.217207551002502441e-01 4.088465273380279541e-01 -2.732242047786712646e-01 3.887270390987396240e-01 -8.029032945632934570e-01 7.544077038764953613e-01 -4.596351981163024902e-01 -1.523921266198158264e-02 1.995975077152252197e-01 3.862313628196716309e-01 3.578459322452545166e-01 8.627020716667175293e-01 7.368257641792297363e-01 -7.216500043869018555e-01 -1.474583148956298828e-01 -2.726755440235137939e-01 1.978274881839752197e-01 4.802563041448593140e-02 -2.204035222530364990e-01 1.210936531424522400e-01 2.816609442234039307e-01 2.162823081016540527e-01 4.368510246276855469e-01 2.286472171545028687e-01 -2.415440380573272705e-01 -2.065159231424331665e-01 -4.752021431922912598e-01 -1.305158287286758423e-01 6.431410312652587891e-01
-3.441430032253265381e-01 -2.365076541900634766e-01 3.281294405460357666e-01 -2.919586002826690674e-01 7.843471318483352661e-02 1.702134609222412109e-01 -6.875038892030715942e-02 -3.563391864299774170e-01 -3.007305860519409180e-01 4.996393620967864990e-01 -3.072676062583923340e-01 2.138922363519668579e-02 -3.030465543270111084e-01 4.529543220996856689e-01 -2.435021996498107910e-01 -2.082379609346389771e-01 4.388470053672790527e-01 3.857234418392181396e-01 -4.298051893711090088e-01 4.308439046144485474e-02 2.727839052677154541e-01 -3.060211539268493652e-01 -4.297232031822204590e-01 -6.910019367933273315e-02 -7.485052198171615601e-02 -3.254707753658294678e-01 -3.310410082340240479e-01 4.004845768213272095e-02 -1.134617179632186890e-01 3.753122091293334961e-01 4.000358879566192627e-01 3.786856234073638916e-01 5.122754573822021484e-01 1.532791852951049805e-01 -3.022295236587524414e-01 4.747599661350250244e-01 2.880035638809204102e-01 -1.313410997390747070e-01 -2.432308197021484375e-01 1.879543066024780273e-01 -2.830221056938171387e-01 2.020990550518035889e-01 5.351374149322509766e-01 -2.157986164093017578e-04 -1.116681471467018127e-01 3.397976458072662354e-01 5.494185090065002441e-01 -1.203961744904518127e-01 -6.428446769714355469e-01 6.236298084259033203e-01 1.282628625631332397e-02 2.063419967889785767e-01 -1.471793353557586670e-01 -1.229892969131469727e-01 4.799827039241790771e-01 4.957504570484161377e-03 3.295946717262268066e-01 3.301856219768524170e-01 5.611452460289001465e-01 2.514578402042388916e-01 -1.525090485811233521e-01 2.679736912250518799e-01 3.660089671611785889e-01 1.803567856550216675e-01
-4.653809666633605957e-01 4.779840260744094849e-02 -2.406981214880943298e-02 -4.377558231353759766e-01 1.295913457870483398e-01 4.042243957519531250e-02 -5.445229262113571167e-02 -6.350557208061218262e-01 -3.548904359340667725e-01 5.805719494819641113e-01 -5.359284281730651855e-01 1.752960383892059326e-01 -1.713929921388626099e-01 4.192384183406829834e-01 -9.769836813211441040e-02 -2.464628778398036957e-03 2.580107450485229492e-01 1.177286505699157715e-01 -4.995438754558563232e-01 2.017039805650711060e-03 2.876760363578796387e-01 1.842242181301116943e-01 -5.014621019363403320e-01 1.873579323291778564e-01 2.810993790626525879e-01 -4.831420779228210449e-01 1.176281124353408813e-01 -4.546645581722259521e-01 8.499152958393096924e-02 1.605197936296463013e-01 3.935703635215759277e-01 3.545444011688232422e-01 2.351311892271041870e-01 5.244754999876022339e-02 -3.361516296863555908e-01 8.600115180015563965e-01 3.970315754413604736e-01 -9.536874294281005859e-02 -2.157524675130844116e-01 6.464157998561859131e-02 3.698320090770721436e-01 -3.671928644180297852e-01 2.403476238250732422e-01 -1.347914040088653564e-01 1.781765222549438477e-01 1.828473806381225586e-01 9.038117527961730957e-01 -8.720641583204269409e-02 -6.775093674659729004e-01 1.240712180733680725e-01 -1.299210935831069946e-01 7.262613624334335327e-02 -7.144623994827270508e-02 -5.094908475875854492e-01 2.988558113574981689e-01 6.767502427101135254e-02 7.758617401123046875e-02 4.044854938983917236e-01 3.824761509895324707e-01 2.065449208021163940e-02 -6.285312771797180176e-02 9.538168460130691528e-02 3.857703879475593567e-03 8.083081990480422974e-02
-5.298045873641967773e-01 3.114256262779235840e-02 -3.869570046663284302e-02 -5.082265734672546387e-01 1.714486181735992432e-01 -1.897092163562774658e-02 -7.087332755327224731e-02 -6.221012473106384277e-01 -4.590000212192535400e-01 5.363725423812866211e-01 -4.094228148460388184e-01 2.668356597423553467e-01 -3.308406174182891846e-01 5.888090133666992188e-01 5.211494117975234985e-02 2.169934287667274475e-02 2.447047382593154907e-01 1.290950626134872437e-01 -4.980641901493072510e-01 -1.215846277773380280e-02 1.345477998256683350e-01 -3.558158874511718750e-02 -3.934897184371948242e-01 9.905174374580383301e-02 1.015003696084022522e-01 -5.489299297332763672e-01 1.463436931371688843e-01 -2.861228883266448975e-01 7.749314606189727783e-02 2.401880472898483276e-01 4.206140935420989990e-01 4.277319014072418213e-01 4.003138542175292969e-01 -1.218363568186759949e-01 -3.994808793067932129e-01 7.691665291786193848e-01 4.071287214756011963e-01 -2.550771534442901611e-01 -4.506104588508605957e-01 1.472600996494293213e-01 2.329062223434448242e-01 -2.582967579364776611e-01 2.857304811477661133e-01 -2.277466952800750732e-01 1.293109506368637085e-01 9.617579728364944458e-02 8.518444299697875977e-01 -2.439780980348587036e-01 -7.149444818496704102e-01 3.051524460315704346e-01 1.475178599357604980e-01 3.550759702920913696e-02 -2.345452904701232910e-01 -4.101862013339996338e-01 7.040155678987503052e-02 6.146013736724853516e-03 2.733901143074035645e-01 4.788926839828491211e-01 3.433137238025665283e-01 1.598913371562957764e-01 -1.131783053278923035e-01 4.002597182989120483e-02 1.210610643029212952e-01 2.170970849692821503e-02
-3.984110951423645020e-01 -7.798238843679428101e-02 2.266218364238739014e-01 -2.750683426856994629e-01 1.891718208789825439e-01 2.274838238954544067e-01 -7.958189398050308228e-02 -5.344074964523315430e-01 -4.131861925125122070e-01 5.627779364585876465e-01 -4.562418758869171143e-01 1.117374226450920105e-01 -2.323798090219497681e-01 3.862779140472412109e-01 -1.317255496978759766e-01 -3.565109893679618835e-02 3.651574254035949707e-01 4.128895401954650879e-01 -5.503608584403991699e-01 -9.321875125169754028e-02 1.984811127185821533e-01 5.319892615079879761e-02 -3.923045098781585693e-01 -3.556834161281585693e-02 -5.865444988012313843e-02 -3.819620907306671143e-01 -1.538523733615875244e-01 -1.701056957244873047e-01 1.050450503826141357e-01 3.491070270538330078e-01 4.438730776309967041e-01 3.952059447765350342e-01 3.427397012710571289e-01 1.380059868097305298e-02 -2.905125021934509277e-01 5.066431164741516113e-01 3.835619390010833740e-01 -2.690461836755275726e-02 -2.255825400352478027e-01 1.582059860229492188e-01 -1.179594174027442932e-01 -4.560959339141845703e-02 2.558108270168304443e-01 -1.588239967823028564e-01 -1.157080829143524170e-01 2.935396134853363037e-01 6.526696681976318359e-01 -9.657846391201019287e-02 -6.015706658363342285e-01 4.010542929172515869e-01 -6.159789860248565674e-03 6.650259345769882202e-02 -3.171939551830291748e-01 -3.476806581020355225e-01 4.130634963512420654e-01 -2.810119092464447021e-02 1.543017625808715820e-01 2.984977364540100098e-01 4.813235402107238770e-01 2.483602762222290039e-01 -1.420188397169113159e-01 5.360528081655502319e-02 2.167162150144577026e-01 9.319074451923370361e-02
-2.226548790931701660e-01 -4.002075195312500000e-01 -3.404867053031921387e-01 -4.846748113632202148e-01 -2.307150363922119141e-01 1.001398563385009766e-01 2.964755892753601074e-01 -4.861959218978881836e-01 -3.048441708087921143e-01 2.961549162864685059e-01 -5.935057997703552246e-01 -5.746168643236160278e-02 -6.364324092864990234e-01 -1.901353150606155396e-02 -5.100625753402709961e-02 -2.501082234084606171e-02 6.264005601406097412e-02 -1.310580521821975708e-01 -3.556395769119262695e-01 1.840613782405853271e-01 2.558652460575103760e-01 -8.164329826831817627e-02 -2.652052938938140869e-01 5.632141232490539551e-01 -7.327839732170104980e-03 -2.883944809436798096e-01 -2.691224589943885803e-02 -3.264704346656799316e-01 3.253822326660156250e-01 -1.460516154766082764e-01 4.825315475463867188e-01 3.818975090980529785e-01 1.449997574090957642e-01 2.266039252281188965e-01 -6.428765505552291870e-02 8.475248217582702637e-01 4.066516458988189697e-01 -3.544171750545501709e-01 4.821141809225082397e-02 -3.644956350326538086e-01 3.562458157539367676e-01 -3.885588943958282471e-01 5.337603092193603516e-01 2.499061673879623413e-01 2.306943684816360474e-01 2.457454204559326172e-01 6.799383759498596191e-01 4.778836369514465332e-01 -6.651403307914733887e-01 2.043154537677764893e-01 -1.192633509635925293e-01 1.746733486652374268e-01 1.898227334022521973e-01 -2.011125236749649048e-01 2.531522810459136963e-01 3.586846590042114258e-01 3.552728891372680664e-01 5.070452690124511719e-01 8.991809189319610596e-02 -4.288847744464874268e-02 -6.158818304538726807e-02 -1.560933887958526611e-03 3.088465034961700439e-01 2.939884662628173828e-01
-5.107374787330627441e-01 -5.512440204620361328e-02 -2.163541913032531738e-01 -3.997743129730224609e-01 -6.804648041725158691e-02 6.632255017757415771e-02 2.989716827869415283e-01 -5.915684103965759277e-01 -3.006269037723541260e-01 3.728659451007843018e-01 -6.054872274398803711e-01 1.653155535459518433e-01 -6.587616801261901855e-01 1.622098088264465332e-01 -9.362555295228958130e-02 5.359587445855140686e-02 6.654271855950355530e-04 5.410827696323394775e-03 -5.578446984291076660e-01 4.090587794780731201e-02 7.383599877357482910e-02 -2.435771524906158447e-01 -2.715359926223754883e-01 4.413340389728546143e-01 4.055026918649673462e-02 -4.068778157234191895e-01 4.231246188282966614e-02 -2.905307114124298096e-01 2.530921399593353271e-01 6.620849668979644775e-02 4.851903021335601807e-01 3.819595277309417725e-01 3.272251784801483154e-01 -4.089574515819549561e-02 -1.274112164974212646e-01 6.844983100891113281e-01 5.157799720764160156e-01 -3.942193984985351562e-01 -3.440195024013519287e-01 -2.416222989559173584e-01 2.220922112464904785e-01 -3.106046020984649658e-01 4.202732145786285400e-01 9.739998728036880493e-02 2.717354595661163330e-01 9.215546399354934692e-02 7.164658904075622559e-01 2.121553272008895874e-01 -6.944700479507446289e-01 2.671992778778076172e-01 1.265986561775207520e-01 1.729605495929718018e-01 5.668029189109802246e-05 -3.090545535087585449e-01 1.751562058925628662e-01 1.006627082824707031e-01 4.834760427474975586e-01 5.218076109886169434e-01 1.065758019685745239e-01 5.763120949268341064e-03 -2.187836766242980957e-01 -1.176863610744476318e-01 3.327416181564331055e-01 2.490317374467849731e-01
-3.234142363071441650e-01 -1.092810407280921936e-01 -2.418232262134552002e-01 -3.620483279228210449e-01 -4.623854532837867737e-02 1.310466378927230835e-01 1.532312482595443726e-01 -5.462527275085449219e-01 -1.585638821125030518e-01 5.685992240905761719e-01 -6.346378326416015625e-01 5.474497377872467041e-02 -4.510550200939178467e-01 2.654603719711303711e-01 -1.643807291984558105e-01 -4.161147400736808777e-02 2.344776690006256104e-01 -3.208196163177490234e-02 -5.121313929557800293e-01 2.922357991337776184e-02 2.745195031166076660e-01 2.200265675783157349e-01 -3.833401203155517578e-01 4.231693148612976074e-01 2.020145952701568604e-01 -5.019937753677368164e-01 4.558142274618148804e-02 -2.426528036594390869e-01 6.449392437934875488e-02 4.768300056457519531e-02 4.124845266342163086e-01 4.617302417755126953e-01 8.235266804695129395e-02 6.429445743560791016e-02 -3.345764875411987305e-01 7.139304280281066895e-01 4.566574692726135254e-01 -1.673047244548797607e-01 3.461305052042007446e-02 -1.927660703659057617e-01 3.482488989830017090e-01 -2.744459509849548340e-01 1.375399231910705566e-01 4.385615140199661255e-02 5.670729652047157288e-02 4.469599127769470215e-01 6.634920835494995117e-01 2.273688763380050659e-01 -5.663850307464599609e-01 1.623334884643554688e-01 -6.567877531051635742e-02 2.214342355728149414e-01 1.402359157800674438e-01 -3.376501500606536865e-01 3.526516556739807129e-01 1.733164787292480469e-01 3.247016668319702148e-01 4.681209027767181396e-01 3.785153031349182129e-01 -7.220169156789779663e-02 -1.526441276073455811e-01 7.049492746591567993e-02 1.183320358395576477e-01 2.705124616622924805e-01
-6.811382174491882324e-01 -1.675853431224822998e-01 -2.208447456359863281e-02 -4.091320931911468506e-01 -1.354875117540359497e-01 1.796915233135223389e-01 -3.032372146844863892e-02 -3.681500554084777832e-01 -1.843327730894088745e-01 7.955780029296875000e-01 -5.952051281929016113e-01 1.243423670530319214e-02 -2.554913461208343506e-01 3.898787796497344971e-01 -2.781219780445098877e-01 4.951420798897743225e-02 3.316593170166015625e-01 -3.376269042491912842e-01 -1.388528347015380859e-01 1.983479410409927368e-01 5.879426598548889160e-01 -9.306327253580093384e-02 -5.856305360794067383e-01 4.631998836994171143e-01 4.574023485183715820e-01 -3.501279652118682861e-01 -1.004992350935935974e-01 -1.299309879541397095e-01 -2.353712469339370728e-01 -1.888065636157989502e-01 2.854862809181213379e-01 2.451183497905731201e-01 4.249506294727325439e-01 2.012903988361358643e-01 -5.111154317855834961e-01 9.227557778358459473e-01 2.168776988983154297e-01 3.989317640662193298e-02 -1.839635521173477173e-02 -1.707777976989746094e-01 2.367846481502056122e-02 -1.610517352819442749e-01 5.016690492630004883e-01 2.893059551715850830e-01 1.888512969017028809e-01 3.445748984813690186e-01 8.289738297462463379e-01 -1.052639707922935486e-01 -6.035299301147460938e-01 2.749288082122802734e-01 5.709991604089736938e-02 3.403427302837371826e-01 3.022865951061248779e-01 -2.622981369495391846e-01 2.514978945255279541e-01 -3.310143947601318359e-03 2.674278914928436279e-01 5.638310909271240234e-01 3.769829869270324707e-01 6.634708493947982788e-02 1.537130773067474365e-01 1.896996498107910156e-01 2.208255678415298462e-01 1.194514520466327667e-02
-5.321422815322875977e-01 -2.293860912322998047e-01 8.084855228662490845e-02 -5.060860514640808105e-01 -1.116356998682022095e-02 1.579566672444343567e-02 -1.602030992507934570e-01 -4.014658033847808838e-01 -2.900430858135223389e-01 6.611712574958801270e-01 -3.545687198638916016e-01 9.326032549142837524e-02 -2.670222818851470947e-01 5.443238019943237305e-01 -1.421206295490264893e-01 -8.161351829767227173e-02 3.830139338970184326e-01 6.233539804816246033e-02 -2.969606816768646240e-01 9.703942388296127319e-02 4.917021095752716064e-01 -1.424227207899093628e-01 -4.864401817321777344e-01 2.019179463386535645e-01 1.957650035619735718e-01 -4.719705581665039062e-01 -5.563362687826156616e-02 -2.211954444646835327e-02 -2.795782983303070068e-01 1.667747646570205688e-01 2.542059421539306641e-01 2.939707636833190918e-01 4.601301848888397217e-01 6.240618228912353516e-02 -4.882724881172180176e-01 8.704995512962341309e-01 2.810077667236328125e-01 -1.792317330837249756e-01 -2.126317322254180908e-01 1.092261597514152527e-01 3.808258101344108582e-03 -1.353880316019058228e-01 3.940119445323944092e-01 2.947531640529632568e-02 6.226094439625740051e-02 1.854372620582580566e-01 7.563222646713256836e-01 -2.809270024299621582e-01 -6.806492805480957031e-01 3.237847983837127686e-01 1.198470965027809143e-01 1.291950792074203491e-01 1.032020300626754761e-01 -2.531943619251251221e-01 1.965175569057464600e-01 8.506938815116882324e-03 3.602909743785858154e-01 5.581262111663818359e-01 3.730310499668121338e-01 2.343870401382446289e-01 2.650709263980388641e-02 2.855812907218933105e-01 2.114142328500747681e-01 6.623722612857818604e-02
-1.731830686330795288e-01 -5.515643358230590820e-01 -3.022349774837493896e-01 -5.317519307136535645e-01 -4.116280674934387207e-01 2.281514555215835571e-01 9.732477366924285889e-02 -3.930981755256652832e-01 -2.667421996593475342e-01 5.124695897102355957e-01 -4.213135540485382080e-01 -2.221438586711883545e-01 -5.577750802040100098e-01 2.213540971279144287e-01 -1.743622124195098877e-03 5.844604596495628357e-02 2.507593035697937012e-01 -2.971103489398956299e-01 -2.580866515636444092e-01 2.393035888671875000e-01 2.732310295104980469e-01 -1.986546814441680908e-01 -2.897282242774963379e-01 6.265290379524230957e-01 -1.306458264589309692e-01 -1.775533854961395264e-01 -1.041691601276397705e-01 -2.567166686058044434e-01 2.430662065744400024e-01 -3.116477131843566895e-01 4.286228716373443604e-01 4.504278600215911865e-01 1.523919105529785156e-01 5.435408949851989746e-01 -2.838294506072998047e-01 8.771122694015502930e-01 2.517831325531005859e-02 -2.410714626312255859e-01 4.095997810363769531e-01 -4.390942156314849854e-01 1.408130377531051636e-01 -2.868327200412750244e-01 6.420933008193969727e-01 3.724884986877441406e-01 2.659166157245635986e-01 4.109446108341217041e-01 6.394286751747131348e-01 5.225504636764526367e-01 -8.299068212509155273e-01 4.592249691486358643e-01 -1.120994687080383301e-01 3.016781210899353027e-01 2.625058591365814209e-01 3.618141412734985352e-01 -3.868476301431655884e-02 2.710372805595397949e-01 3.560852408409118652e-01 5.852904319763183594e-01 2.131293565034866333e-01 3.635744005441665649e-02 4.036412388086318970e-02 4.018766433000564575e-02 2.538448274135589600e-01 2.546187341213226318e-01
-3.316484689712524414e-01 9.211730211973190308e-02 -3.009191155433654785e-01 -5.250387787818908691e-01 -2.055554389953613281e-01 1.018406897783279419e-01 2.669416666030883789e-01 -6.078897118568420410e-01 -1.433352082967758179e-01 5.011521577835083008e-01 -5.586950778961181641e-01 1.209103241562843323e-01 -5.868142843246459961e-01 3.474170267581939697e-01 4.747312143445014954e-02 6.222624331712722778e-02 8.804733306169509888e-02 -6.553477048873901367e-02 -5.610399842262268066e-01 2.651558257639408112e-02 1.476957350969314575e-01 1.043027043342590332e-01 -3.724266588687896729e-01 6.402066349983215332e-01 5.348105728626251221e-02 -3.508524596691131592e-01 2.815395891666412354e-01 -4.128791689872741699e-01 2.277620285749435425e-01 -1.192887127399444580e-01 4.565957486629486084e-01 5.019832849502563477e-01 5.608764290809631348e-02 7.682885229587554932e-02 -2.545999288558959961e-01 8.780857920646667480e-01 5.265536308288574219e-01 -3.949379026889801025e-01 4.995632916688919067e-02 -4.630394876003265381e-01 5.499426722526550293e-01 -4.884533286094665527e-01 1.439855843782424927e-01 1.924846172332763672e-01 3.848346471786499023e-01 1.763720214366912842e-01 9.016715884208679199e-01 3.424659371376037598e-01 -7.247662544250488281e-01 2.098402380943298340e-02 -1.190495043992996216e-01 1.404876410961151123e-01 -3.085977956652641296e-02 -1.800931394100189209e-01 -7.979270070791244507e-02 1.455687582492828369e-01 2.222709953784942627e-01 5.073642730712890625e-01 6.219073757529258728e-02 -1.473789513111114502e-01 -2.185309827327728271e-01 -1.972439587116241455e-01 9.274666756391525269e-02 2.594309151172637939e-01
-3.800734877586364746e-01 -6.986447423696517944e-02 -1.550992131233215332e-01 -5.495264530181884766e-01 -1.340632289648056030e-01 2.965587675571441650e-01 6.302006542682647705e-03 -5.358777642250061035e-01 -3.829730451107025146e-01 4.782180786132812500e-01 -3.239752054214477539e-01 -5.014551430940628052e-02 -6.206063628196716309e-01 4.743643105030059814e-01 1.657902002334594727e-01 -1.417092606425285339e-02 1.072191447019577026e-01 4.791536554694175720e-02 -4.202471673488616943e-01 4.631206393241882324e-02 2.005370259284973145e-01 -9.832942485809326172e-02 -3.158288598060607910e-01 4.982558488845825195e-01 -1.626010537147521973e-01 -4.156371653079986572e-01 1.257749740034341812e-03 -1.101126000285148621e-01 -7.764132320880889893e-02 -1.500898003578186035e-01 4.350182116031646729e-01 5.592383146286010742e-01 3.147850930690765381e-01 4.747943580150604248e-02 -3.495084643363952637e-01 7.137265205383300781e-01 4.983831048011779785e-01 -5.258442163467407227e-01 8.043719083070755005e-02 -3.211441338062286377e-01 2.213664948940277100e-01 -3.074234426021575928e-01 3.289717435836791992e-01 1.069051921367645264e-01 8.397772163152694702e-02 9.153225272893905640e-02 7.528070807456970215e-01 8.474479615688323975e-02 -6.649852395057678223e-01 2.722464501857757568e-01 1.722290515899658203e-01 2.213245034217834473e-01 -2.025799080729484558e-02 -1.253676414489746094e-01 -9.333576261997222900e-02 1.561388224363327026e-01 2.385230064392089844e-01 6.223710775375366211e-01 5.050060525536537170e-02 1.237172856926918030e-01 -3.029783070087432861e-01 7.717698812484741211e-03 2.829877436161041260e-01 7.585568726062774658e-02
-2.663550376892089844e-01 -2.738466262817382812e-01 1.174501255154609680e-01 -6.192736625671386719e-01 -3.531746193766593933e-02 4.380539059638977051e-01 -1.407908499240875244e-01 -5.102915167808532715e-01 -5.367053151130676270e-01 5.617779493331909180e-01 -3.380995094776153564e-01 -5.837833136320114136e-02 -1.741045862436294556e-01 4.366626441478729248e-01 8.411042392253875732e-03 -9.137206524610519409e-02 3.620052039623260498e-01 9.481512010097503662e-03 -3.737544417381286621e-01 6.307161599397659302e-02 4.123507738113403320e-01 -2.933176048099994659e-02 -2.903088629245758057e-01 3.840517997741699219e-01 -1.772834509611129761e-01 -2.995858490467071533e-01 -2.512893676757812500e-01 -1.419402658939361572e-01 1.552059352397918701e-01 -1.158143728971481323e-01 4.476751387119293213e-01 6.715811491012573242e-01 4.438916146755218506e-01 2.480225265026092529e-01 -4.418818354606628418e-01 8.103643655776977539e-01 1.753336787223815918e-01 -2.248604595661163330e-01 1.112922206521034241e-01 5.484438687562942505e-02 -1.821956783533096313e-01 -7.231727242469787598e-02 4.013976454734802246e-01 -1.107209920883178711e-02 3.765910863876342773e-02 2.763247191905975342e-01 7.663499116897583008e-01 1.082937121391296387e-01 -8.083950877189636230e-01 6.042144298553466797e-01 5.079676955938339233e-02 9.823303669691085815e-03 -1.488151252269744873e-01 2.807058393955230713e-02 1.930377185344696045e-01 2.394515573978424072e-01 6.918755173683166504e-02 3.890352845191955566e-01 3.160514533519744873e-01 8.682379871606826782e-02 -6.278852373361587524e-02 2.182837128639221191e-01 2.183272391557693481e-01 -1.102866977453231812e-01
-4.844945967197418213e-01 -1.299897730350494385e-01 1.501306593418121338e-01 -3.736126720905303955e-01 2.005288600921630859e-01 1.058069616556167603e-01 -1.257704198360443115e-01 -5.325673222541809082e-01 -4.229418933391571045e-01 4.526081085205078125e-01 -3.173560202121734619e-01 1.418710052967071533e-01 -4.094354808330535889e-01 5.682724714279174805e-01 3.733213990926742554e-02 -1.383132040500640869e-01 3.878101408481597900e-01 2.390720099210739136e-01 -4.480535686016082764e-01 1.024515032768249512e-01 1.028698980808258057e-01 -3.391937017440795898e-01 -3.267802000045776367e-01 -2.837990224361419678e-02 -8.259247988462448120e-02 -4.645679295063018799e-01 -9.406403452157974243e-02 -6.160439550876617432e-02 -6.892465054988861084e-02 2.503412961959838867e-01 4.356934726238250732e-01 3.334575593471527100e-01 5.943399667739868164e-01 1.628600060939788818e-02 -3.119129240512847900e-01 7.184414863586425781e-01 3.427793085575103760e-01 -3.214207291603088379e-01 -5.227717757225036621e-01 2.325870096683502197e-01 -3.345394134521484375e-02 -8.224420249462127686e-02 5.518968105316162109e-01 -1.188038587570190430e-01 1.170239225029945374e-01 1.277596056461334229e-01 6.611006259918212891e-01 -3.669233918190002441e-01 -7.085412144660949707e-01 5.501953363418579102e-01 1.723830699920654297e-01 1.082702502608299255e-01 -2.084991931915283203e-01 -1.897268295288085938e-01 1.792365610599517822e-01 -2.254053950309753418e-03 3.815135955810546875e-01 4.634393751621246338e-01 2.797799706459045410e-01 3.488928675651550293e-01 -1.535249352455139160e-01 1.734771728515625000e-01 2.561372220516204834e-01 3.107698075473308563e-02
-3.138014078140258789e-01 -1.587625443935394287e-01 -2.114393413066864014e-01 -4.492321908473968506e-01 -1.780644059181213379e-01 1.867622733116149902e-01 1.408426761627197266e-01 -5.183018445968627930e-01 -1.934953480958938599e-01 4.562275111675262451e-01 -6.294595003128051758e-01 2.013848721981048584e-02 -5.160514116287231445e-01 2.132947444915771484e-01 -1.551161408424377441e-01 -3.400047495961189270e-02 1.368156671524047852e-01 -5.780000239610671997e-02 -4.992384612560272217e-01 6.700691580772399902e-02 2.012087106704711914e-01 -1.027681902050971985e-01 -3.369309306144714355e-01 5.672827959060668945e-01 2.254888229072093964e-02 -3.207142949104309082e-01 -3.436414152383804321e-02 -2.281256914138793945e-01 2.107735574245452881e-01 -6.970497965812683105e-02 4.577494263648986816e-01 4.176709949970245361e-01 1.143976971507072449e-01 1.279979050159454346e-01 -2.656900584697723389e-01 7.850303649902343750e-01 3.696998357772827148e-01 -3.983295857906341553e-01 3.342735022306442261e-02 -2.980943024158477783e-01 2.973356544971466064e-01 -2.812719047069549561e-01 4.452584683895111084e-01 2.288944274187088013e-01 2.988489568233489990e-01 2.449026703834533691e-01 6.718456149101257324e-01 3.785736560821533203e-01 -7.424084544181823730e-01 2.913627326488494873e-01 -1.271556913852691650e-01 1.025243327021598816e-01 1.149778813123703003e-01 -7.356255501508712769e-02 2.232728600502014160e-01 2.582531571388244629e-01 3.866339921951293945e-01 4.139809608459472656e-01 1.374375671148300171e-01 -1.813675463199615479e-01 -8.308173716068267822e-02 6.772952526807785034e-02 3.100669384002685547e-01 2.131044119596481323e-01
-4.927704036235809326e-01 -1.473429054021835327e-02 -1.942715346813201904e-01 -4.567595720291137695e-01 1.047298386693000793e-01 -1.260786950588226318e-01 9.024865925312042236e-02 -5.142228007316589355e-01 -2.186975628137588501e-01 6.349058151245117188e-01 -4.948551952838897705e-01 2.246394306421279907e-01 -3.838147521018981934e-01 4.319798052310943604e-01 -2.146970033645629883e-01 1.672236993908882141e-02 1.812996119260787964e-01 5.129579827189445496e-02 -4.345485270023345947e-01 -2.395991049706935883e-02 2.992142438888549805e-01 7.011480629444122314e-02 -5.164225697517395020e-01 2.114035487174987793e-01 3.662924170494079590e-01 -6.084324121475219727e-01 1.848905682563781738e-01 -3.662783503532409668e-01 -9.291672706604003906e-02 2.541062235832214355e-01 3.212604820728302002e-01 3.146274685859680176e-01 6.521257013082504272e-02 -4.698703810572624207e-02 -3.977073431015014648e-01 7.607464790344238281e-01 5.400221347808837891e-01 -1.492850184440612793e-01 -1.657064259052276611e-01 -1.111848726868629456e-01 4.466953873634338379e-01 -3.033756315708160400e-01 4.140947014093399048e-02 -1.961122453212738037e-02 9.088043123483657837e-02 1.867847144603729248e-01 7.326923012733459473e-01 -1.328826099634170532e-01 -6.380689740180969238e-01 -1.632374525070190430e-02 2.400638163089752197e-02 2.502456307411193848e-01 3.975417837500572205e-02 -5.939643383026123047e-01 2.385050356388092041e-01 -6.722551584243774414e-02 3.336784839630126953e-01 5.568444132804870605e-01 4.668050706386566162e-01 8.903587609529495239e-02 -1.520318388938903809e-01 1.085754558444023132e-01 6.214535608887672424e-02 2.142802029848098755e-01
-6.096665859222412109e-01 -7.623019814491271973e-02 -5.948000401258468628e-02 -4.149882197380065918e-01 -2.295544445514678955e-01 1.961571127176284790e-01 -8.588229864835739136e-02 -5.076199173927307129e-01 -1.412315070629119873e-01 6.588054299354553223e-01 -4.982730150222778320e-01 -5.323775857686996460e-02 -3.492933213710784912e-01 4.001967012882232666e-01 -9.446489065885543823e-02 1.270662248134613037e-01 1.845345199108123779e-01 -8.734676241874694824e-02 -4.632720053195953369e-01 -8.799279108643531799e-03 3.107339143753051758e-01 -2.548665404319763184e-01 -4.582159817218780518e-01 3.287452459335327148e-01 7.315645366907119751e-02 -1.856919825077056885e-01 -1.769787259399890900e-02 -1.609507948160171509e-01 -1.413459330797195435e-01 -9.224346280097961426e-02 3.034433424472808838e-01 1.576728224754333496e-01 4.491914510726928711e-01 1.535070985555648804e-01 -4.807043075561523438e-01 7.814917564392089844e-01 2.495836019515991211e-01 -2.429411113262176514e-01 -9.658695012331008911e-02 -1.420478224754333496e-01 5.616544187068939209e-02 -1.036930680274963379e-01 6.319552659988403320e-01 2.342131733894348145e-01 2.778262495994567871e-01 2.873148620128631592e-01 7.071390151977539062e-01 -2.932938933372497559e-02 -6.909098029136657715e-01 4.374251663684844971e-01 -1.884342730045318604e-01 2.680085599422454834e-01 1.537899971008300781e-01 -1.020815595984458923e-02 1.858287751674652100e-01 5.949946492910385132e-02 2.476559281349182129e-01 4.592994749546051025e-01 2.561332583427429199e-01 5.075783282518386841e-02 -4.480016604065895081e-02 1.037790998816490173e-01 4.273062348365783691e-01 1.138038188219070435e-01
-2.764823734760284424e-01 -4.308038055896759033e-01 5.564434081315994263e-02 -3.861457705497741699e-01 3.225116431713104248e-02 6.016489267349243164e-01 -7.842134684324264526e-02 -4.105453789234161377e-01 -5.933858752250671387e-01 4.723874330520629883e-01 -2.835654616355895996e-01 -1.410587131977081299e-01 -2.948577702045440674e-01 3.073975145816802979e-01 -3.230128437280654907e-02 -1.712863445281982422e-01 2.828260660171508789e-01 -3.078884631395339966e-02 -3.939782083034515381e-01 4.863254725933074951e-02 2.270055562257766724e-01 -2.153788805007934570e-01 -1.679525375366210938e-01 2.500044405460357666e-01 -2.803118526935577393e-01 -2.357670962810516357e-01 -4.713162481784820557e-01 4.877792298793792725e-02 8.868888020515441895e-02 -1.665539294481277466e-01 4.808252751827239990e-01 5.660262107849121094e-01 5.223429203033447266e-01 2.322045266628265381e-01 -3.329070806503295898e-01 4.300927519798278809e-01 2.140963971614837646e-01 -2.085413932800292969e-01 1.392185986042022705e-01 5.174013227224349976e-02 -3.024744689464569092e-01 1.390304975211620331e-02 6.319693326950073242e-01 1.698767840862274170e-01 -1.673309803009033203e-01 4.530670642852783203e-01 4.182350337505340576e-01 2.623621225357055664e-01 -6.956651210784912109e-01 7.894858717918395996e-01 1.152378246188163757e-01 9.659782797098159790e-02 -5.709698423743247986e-02 1.068050563335418701e-01 2.691298127174377441e-01 2.000486552715301514e-01 3.276612460613250732e-01 4.496584832668304443e-01 3.792073428630828857e-01 9.692259877920150757e-02 -2.003336846828460693e-01 2.507140040397644043e-01 3.846732378005981445e-01 -9.210535883903503418e-02
-5.869622826576232910e-01 -7.617013901472091675e-02 -4.886393249034881592e-02 -5.604608058929443359e-01 1.087132468819618225e-01 9.851770475506782532e-03 -2.062168121337890625e-01 -5.750396847724914551e-01 -3.591453433036804199e-01 5.969414710998535156e-01 -3.597663342952728271e-01 1.193664669990539551e-01 -3.846142590045928955e-01 6.721186041831970215e-01 9.126251935958862305e-02 8.778598904609680176e-02 3.278954327106475830e-01 6.454281508922576904e-02 -3.626976311206817627e-01 1.567399501800537109e-01 2.538514137268066406e-01 -1.896561980247497559e-01 -4.363313019275665283e-01 2.546039819717407227e-01 1.030704006552696228e-01 -4.664469361305236816e-01 1.393757760524749756e-01 -2.220956534147262573e-01 -4.381160065531730652e-02 6.016265600919723511e-02 3.625208735466003418e-01 2.997950017452239990e-01 3.787609338760375977e-01 3.973955661058425903e-02 -4.742916822433471680e-01 8.515345454216003418e-01 3.906821310520172119e-01 -2.903992533683776855e-01 -3.134128749370574951e-01 -8.479006588459014893e-03 1.989032775163650513e-01 -3.458601534366607666e-01 4.948575198650360107e-01 -4.633329808712005615e-02 1.596667617559432983e-01 7.888404279947280884e-02 8.897795081138610840e-01 -2.095339894294738770e-01 -7.649362683296203613e-01 3.391336202621459961e-01 7.892449945211410522e-02 1.369533985853195190e-01 -8.303321897983551025e-02 -2.237772345542907715e-01 -8.472300320863723755e-02 -3.145353496074676514e-02 2.391938865184783936e-01 5.772714614868164062e-01 2.084356397390365601e-01 2.854110896587371826e-01 4.358057305216789246e-02 4.161003977060317993e-02 1.936218291521072388e-01 -9.013096243143081665e-02
-3.100386261940002441e-01 -2.582772076129913330e-02 -3.326196372509002686e-01 -3.932776749134063721e-01 6.377510726451873779e-03 4.575636237859725952e-02 1.120567992329597473e-01 -7.069469094276428223e-01 -2.244411706924438477e-01 3.449861407279968262e-01 -4.575869143009185791e-01 1.587303429841995239e-01 -6.118780374526977539e-01 3.427416682243347168e-01 7.113318890333175659e-02 -5.208709090948104858e-02 9.489578008651733398e-02 1.701093316078186035e-01 -5.436686873435974121e-01 6.670063734054565430e-02 7.772559672594070435e-02 6.383322179317474365e-03 -4.142426252365112305e-01 3.771778941154479980e-01 -5.969325080513954163e-03 -3.549491465091705322e-01 2.134704291820526123e-01 -4.068118035793304443e-01 1.738208234310150146e-01 8.693064749240875244e-02 4.975609779357910156e-01 3.910969495773315430e-01 6.174740195274353027e-02 2.879800647497177124e-02 -7.486455887556076050e-02 8.861435055732727051e-01 4.806373119354248047e-01 -5.559337735176086426e-01 -1.441205590963363647e-01 -3.057743310928344727e-01 5.270673632621765137e-01 -5.760918259620666504e-01 2.680075466632843018e-01 3.795799612998962402e-02 3.237982094287872314e-01 -1.554047316312789917e-02 7.691890597343444824e-01 1.361896544694900513e-01 -8.340163230895996094e-01 -1.157804206013679504e-02 -1.508380174636840820e-01 7.570634037256240845e-02 -9.631928801536560059e-02 -2.768759131431579590e-01 -8.831419795751571655e-02 1.616772413253784180e-01 2.093062400817871094e-01 5.012983083724975586e-01 -9.017970412969589233e-02 5.327340215444564819e-02 -2.381513267755508423e-01 -1.019572019577026367e-01 4.091620817780494690e-02 2.001187205314636230e-01
-5.593089461326599121e-01 -4.675462841987609863e-03 -6.466846913099288940e-02 -3.560128211975097656e-01 1.706258952617645264e-01 2.423746287822723389e-01 -8.260009437799453735e-02 -6.324424147605895996e-01 -3.211064040660858154e-01 5.779798030853271484e-01 -4.534792006015777588e-01 7.267910242080688477e-02 -3.341962993144989014e-01 4.295808970928192139e-01 2.359377592802047729e-02 -2.222918346524238586e-02 2.597295343875885010e-01 1.120271533727645874e-01 -5.759914517402648926e-01 1.221468299627304077e-01 2.388777285814285278e-01 -6.505642086267471313e-02 -4.676172435283660889e-01 1.993543803691864014e-01 1.021407172083854675e-01 -2.883315086364746094e-01 -1.264205574989318848e-02 -2.256847321987152100e-01 -1.271897181868553162e-02 -3.287209942936897278e-02 5.022089481353759766e-01 3.061635494232177734e-01 4.250991344451904297e-01 -1.760879158973693848e-02 -3.691129088401794434e-01 6.995983719825744629e-01 4.997201561927795410e-01 -3.095265328884124756e-01 -2.876851260662078857e-01 -1.745586097240447998e-02 2.316800951957702637e-01 -3.113141357898712158e-01 5.300927162170410156e-01 6.246331334114074707e-02 1.019145622849464417e-01 1.780196726322174072e-01 7.223759889602661133e-01 6.004169583320617676e-03 -5.726325511932373047e-01 3.264001905918121338e-01 -1.287911981344223022e-01 1.631559133529663086e-01 3.988556563854217529e-02 -4.141416251659393311e-01 1.240691319108009338e-01 9.564178436994552612e-02 1.707118451595306396e-01 4.950881302356719971e-01 1.625537574291229248e-01 1.112106814980506897e-01 -1.843421310186386108e-01 9.834817796945571899e-02 2.238696217536926270e-01 -3.055275045335292816e-02
-3.393324017524719238e-01 -4.850780367851257324e-01 -7.296876609325408936e-02 -6.741664409637451172e-01 -3.689477443695068359e-01 2.187401503324508667e-01 -2.612156420946121216e-02 -2.139580547809600830e-01 -2.656529843807220459e-01 8.779894709587097168e-01 -4.615759253501892090e-01 -3.840216249227523804e-02 -2.518637180328369141e-01 2.778457999229431152e-01 -6.860753148794174194e-02 8.129985630512237549e-02 4.246365427970886230e-01 -2.042997926473617554e-01 -1.074540093541145325e-01 1.440564095973968506e-01 6.340152025222778320e-01 -1.730385273694992065e-01 -4.904147088527679443e-01 4.660670757293701172e-01 1.473332941532135010e-01 -3.230810165405273438e-01 -2.282331734895706177e-01 -1.568058133125305176e-01 -1.211503148078918457e-01 -2.757816016674041748e-01 1.864931285381317139e-01 4.585849344730377197e-01 4.088351428508758545e-01 3.377548754215240479e-01 -5.227591991424560547e-01 9.474600553512573242e-01 1.321982890367507935e-01 3.710895776748657227e-02 3.166657984256744385e-01 -2.335809171199798584e-01 -2.146683335304260254e-01 4.831880331039428711e-02 3.988456130027770996e-01 2.545098066329956055e-01 8.785630017518997192e-02 4.135378599166870117e-01 7.631989717483520508e-01 6.605802476406097412e-02 -6.967987418174743652e-01 4.629440009593963623e-01 7.103010267019271851e-02 3.777671754360198975e-01 2.150616943836212158e-01 1.409160196781158447e-01 1.885900199413299561e-01 1.652580946683883667e-01 3.077269494533538818e-01 6.111013889312744141e-01 4.927703738212585449e-01 1.891130208969116211e-01 5.466311797499656677e-02 2.319451570510864258e-01 3.628693222999572754e-01 4.307080805301666260e-02
-3.853377997875213623e-01 3.271736204624176025e-02 -1.083834469318389893e-01 -3.633967339992523193e-01 6.575039774179458618e-02 7.050579786300659180e-02 1.842659711837768555e-01 -5.118959546089172363e-01 -3.212446570396423340e-01 4.352950453758239746e-01 -5.487359166145324707e-01 7.163559645414352417e-02 -4.813273847103118896e-01 2.782221436500549316e-01 -1.755799055099487305e-01 -9.297630935907363892e-02 1.969419270753860474e-01 2.861620113253593445e-02 -5.579844713211059570e-01 3.631543368101119995e-02 1.665120422840118408e-01 8.259742707014083862e-02 -3.318235874176025391e-01 3.473306894302368164e-01 1.762273013591766357e-01 -5.345842242240905762e-01 6.462359428405761719e-02 -4.131425917148590088e-01 2.091297656297683716e-01 8.900187909603118896e-02 5.021418929100036621e-01 4.256286919116973877e-01 1.044266149401664734e-01 4.366242140531539917e-02 -2.199694514274597168e-01 6.362698078155517578e-01 5.313149094581604004e-01 -1.817687451839447021e-01 -1.643250435590744019e-01 -1.413266956806182861e-01 3.991779685020446777e-01 -3.261055946350097656e-01 2.393305301666259766e-01 -7.431790232658386230e-02 1.548878848552703857e-01 2.367034852504730225e-01 7.611861824989318848e-01 1.726078838109970093e-01 -6.362181901931762695e-01 2.109348177909851074e-01 -3.338481485843658447e-02 1.760450750589370728e-01 2.438395097851753235e-02 -4.340265691280364990e-01 3.542264401912689209e-01 6.296392530202865601e-02 3.109923899173736572e-01 4.424109160900115967e-01 3.778104782104492188e-01 -2.644416689872741699e-02 -2.083522379398345947e-01 6.654202938079833984e-03 6.978476792573928833e-02 2.158893793821334839e-01
-4.034780561923980713e-01 -1.412383764982223511e-01 8.940594643354415894e-02 -4.640798866748809814e-01 -9.846951812505722046e-02 -4.105262830853462219e-02 1.914708018302917480e-01 -3.550142645835876465e-01 -1.359920203685760498e-01 5.052495002746582031e-01 -5.208941698074340820e-01 1.645621955394744873e-01 -3.392842113971710205e-01 2.984747588634490967e-01 -3.318056166172027588e-01 -1.556698679924011230e-01 2.451798319816589355e-01 1.821539252996444702e-01 -4.758145511150360107e-01 -1.373014785349369049e-02 4.248566031455993652e-01 -3.177120536565780640e-02 -4.716622531414031982e-01 1.593591123819351196e-01 1.698225736618041992e-01 -2.712409496307373047e-01 8.321578055620193481e-02 -2.381834834814071655e-01 -6.074795499444007874e-02 3.216534554958343506e-01 3.696781694889068604e-01 1.970960795879364014e-01 1.677353531122207642e-01 -6.581784039735794067e-02 -2.827463448047637939e-01 8.986880183219909668e-01 4.296639561653137207e-01 -1.889058947563171387e-01 -2.905959784984588623e-01 4.503352195024490356e-02 2.936492562294006348e-01 -1.435741335153579712e-01 3.331438899040222168e-01 2.793554216623306274e-02 2.638729810714721680e-01 1.435405611991882324e-01 7.206180691719055176e-01 -5.149521678686141968e-02 -6.932045221328735352e-01 7.222291082143783569e-02 -1.683715283870697021e-01 -3.683117777109146118e-02 -9.478949010372161865e-02 -4.403363764286041260e-01 4.437808692455291748e-01 9.332813322544097900e-02 3.023429811000823975e-01 3.248299062252044678e-01 3.733776211738586426e-01 -5.834321677684783936e-02 1.924720406532287598e-02 2.126649022102355957e-01 2.263074815273284912e-01 3.788971304893493652e-01
-4.880707561969757080e-01 -2.176567614078521729e-01 5.443167686462402344e-01 -7.104099392890930176e-01 6.279662996530532837e-02 3.082766532897949219e-01 -8.989904075860977173e-02 -1.521229892969131470e-01 -2.426206171512603760e-01 7.989091277122497559e-01 -3.317195475101470947e-01 3.874974697828292847e-02 2.134578488767147064e-02 5.466294884681701660e-01 -1.329641938209533691e-01 4.370458424091339111e-02 7.074342966079711914e-01 2.246974557638168335e-01 -8.586188405752182007e-02 2.520016431808471680e-01 8.450984954833984375e-01 -2.032965421676635742e-01 -6.530788540840148926e-01 9.911442548036575317e-02 1.217229142785072327e-01 -2.591252923011779785e-01 -4.286932647228240967e-01 2.448500692844390869e-01 -4.483324885368347168e-01 -5.286646261811256409e-02 1.573473811149597168e-01 4.781093597412109375e-01 7.942787408828735352e-01 -1.964250206947326660e-02 -6.540943384170532227e-01 6.058212518692016602e-01 3.906109333038330078e-01 5.887608230113983154e-02 -2.276662290096282959e-01 2.125963866710662842e-01 -5.568557381629943848e-01 3.719397783279418945e-01 3.799792826175689697e-01 1.539584696292877197e-01 -3.702226579189300537e-01 2.835635840892791748e-01 8.242090940475463867e-01 -3.536813855171203613e-01 -3.696480095386505127e-01 4.706662595272064209e-01 3.556500077247619629e-01 2.850870490074157715e-01 -2.255972921848297119e-01 -4.263147413730621338e-01 3.813341557979583740e-01 -3.799054026603698730e-02 1.218884736299514771e-01 5.377601385116577148e-01 5.533017516136169434e-01 3.795271515846252441e-01 4.499561712145805359e-02 3.314117789268493652e-01 5.075412392616271973e-01 -1.495957821607589722e-01
-5.508918762207031250e-01 -7.476173341274261475e-03 2.315508425235748291e-01 -3.687632083892822266e-01 2.482078075408935547e-01 1.091949641704559326e-02 -2.296693027019500732e-01 -5.336693525314331055e-01 -3.101311922073364258e-01 5.946003198623657227e-01 -2.849114537239074707e-01 2.240516543388366699e-01 -2.066871970891952515e-01 7.012822628021240234e-01 -5.452505499124526978e-02 -7.571982592344284058e-02 4.645787477493286133e-01 3.788563013076782227e-01 -4.583699405193328857e-01 1.237620972096920013e-02 2.413811683654785156e-01 -1.565106511116027832e-01 -5.214688181877136230e-01 -1.218815669417381287e-01 1.006902828812599182e-01 -5.079102516174316406e-01 -7.195812463760375977e-02 -3.636606037616729736e-03 -2.339063137769699097e-01 4.243144989013671875e-01 2.990702092647552490e-01 2.974511981010437012e-01 5.699274539947509766e-01 -7.755231857299804688e-02 -4.293722510337829590e-01 6.451565027236938477e-01 4.031756520271301270e-01 -2.007376849651336670e-01 -4.987267851829528809e-01 2.713309526443481445e-01 -1.273838989436626434e-02 -3.289763629436492920e-02 3.469420969486236572e-01 -1.043051779270172119e-01 -5.952048674225807190e-02 1.523791849613189697e-01 7.148091793060302734e-01 -4.480701088905334473e-01 -5.894597172737121582e-01 3.786919116973876953e-01 9.724018722772598267e-02 1.123299226164817810e-01 -1.920040994882583618e-01 -4.139397442340850830e-01 2.299345433712005615e-01 -6.792889535427093506e-02 3.009512424468994141e-01 4.810602068901062012e-01 3.987336456775665283e-01 3.484896123409271240e-01 -1.581000983715057373e-01 2.007798850536346436e-01 1.943123340606689453e-01 2.388126961886882782e-02
-2.348129451274871826e-01 -3.518236875534057617e-01 -4.365097284317016602e-01 -6.686900854110717773e-01 -3.009470999240875244e-01 1.936201155185699463e-01 2.344804108142852783e-01 -5.647076368331909180e-01 -1.855567395687103271e-01 4.240215122699737549e-01 -5.480689406394958496e-01 -6.169243901968002319e-02 -6.601798534393310547e-01 1.901994049549102783e-01 1.239702552556991577e-01 1.807372719049453735e-01 1.629439443349838257e-01 -1.388938724994659424e-01 -2.782783210277557373e-01 2.760274708271026611e-01 2.660312652587890625e-01 -2.170256972312927246e-01 -3.607856035232543945e-01 7.708814740180969238e-01 -6.321913003921508789e-02 -2.188405096530914307e-01 -6.652415264397859573e-03 -3.471910059452056885e-01 2.884096503257751465e-01 -3.780239224433898926e-01 4.477726817131042480e-01 5.799829959869384766e-01 1.034473478794097900e-01 3.951198458671569824e-01 -3.100469410419464111e-01 9.009001255035400391e-01 3.535177707672119141e-01 -5.392038822174072266e-01 2.664907574653625488e-01 -6.067342758178710938e-01 2.727740108966827393e-01 -3.704460263252258301e-01 4.620137512683868408e-01 3.572730422019958496e-01 3.461285829544067383e-01 2.576433718204498291e-01 8.051387667655944824e-01 4.967164397239685059e-01 -7.428528666496276855e-01 2.165840268135070801e-01 -1.231416314840316772e-02 3.252908587455749512e-01 9.859457612037658691e-02 7.644715905189514160e-02 -1.818780750036239624e-01 3.017728924751281738e-01 2.395558655261993408e-01 6.111215353012084961e-01 -5.999832600355148315e-02 -4.843880608677864075e-02 -1.181022599339485168e-01 -1.194001585245132446e-01 3.021163046360015869e-01 1.915659606456756592e-01
-5.203686952590942383e-01 -4.899585247039794922e-02 -5.208303779363632202e-02 -3.668761253356933594e-01 1.770925521850585938e-01 1.596313416957855225e-01 -1.261936426162719727e-01 -5.605937242507934570e-01 -3.054008185863494873e-01 5.554865598678588867e-01 -3.529468178749084473e-01 1.360311806201934814e-01 -3.526547551155090332e-01 5.450106859207153320e-01 -4.069283604621887207e-04 -5.397139117121696472e-02 2.851465940475463867e-01 2.074380069971084595e-01 -5.370045900344848633e-01 2.016866765916347504e-02 1.452425271272659302e-01 -1.302690654993057251e-01 -4.708855152130126953e-01 4.970608279109001160e-02 2.102995477616786957e-02 -4.338679313659667969e-01 -7.119749486446380615e-02 -2.909412235021591187e-02 -1.594946682453155518e-01 1.897900104522705078e-01 3.534138202667236328e-01 3.115875422954559326e-01 4.629094302654266357e-01 -1.171023324131965637e-01 -3.942016065120697021e-01 5.496810674667358398e-01 5.115221738815307617e-01 -3.349688053131103516e-01 -3.342152237892150879e-01 7.595565170049667358e-02 1.577890366315841675e-01 -1.473874300718307495e-01 4.311999976634979248e-01 2.297481894493103027e-02 -8.970965445041656494e-02 2.012965977191925049e-01 5.779774188995361328e-01 -1.209064424037933350e-01 -5.659486055374145508e-01 3.616862893104553223e-01 4.162380844354629517e-02 1.760532259941101074e-01 -5.539619550108909607e-02 -3.928784430027008057e-01 1.597795486450195312e-01 7.170786708593368530e-02 3.469047248363494873e-01 5.509219765663146973e-01 2.740448713302612305e-01 2.141966819763183594e-01 -2.537841498851776123e-01 1.586774587631225586e-01 3.028764128684997559e-01 2.102829329669475555e-02
-4.795872569084167480e-01 -1.142907142639160156e-01 -3.121529817581176758e-01 -3.437938392162322998e-01 9.310839325189590454e-02 -6.225502118468284607e-02 3.200130909681320190e-02 -5.698325037956237793e-01 -3.466852903366088867e-01 3.798266053199768066e-01 -3.838273882865905762e-01 5.617031082510948181e-02 -6.719154119491577148e-01 4.265342056751251221e-01 -3.036601096391677856e-02 3.615174675360321999e-03 8.044907450675964355e-02 -1.275799795985221863e-02 -4.439958035945892334e-01 3.374450653791427612e-02 4.810661077499389648e-03 -2.028996199369430542e-01 -2.483301460742950439e-01 2.350214123725891113e-01 7.628353685140609741e-02 -5.344933271408081055e-01 1.852808296680450439e-01 -3.372907936573028564e-01 7.945707440376281738e-02 1.445688903331756592e-01 4.580169618129730225e-01 1.687717884778976440e-01 8.514758199453353882e-02 -9.108301252126693726e-03 -2.247154414653778076e-01 7.143593430519104004e-01 5.317277312278747559e-01 -4.291732609272003174e-01 -2.650404274463653564e-01 -2.094494700431823730e-01 5.052545070648193359e-01 -4.420121908187866211e-01 4.366373121738433838e-01 -2.073466777801513672e-03 2.110914587974548340e-01 1.008826419711112976e-01 6.124625205993652344e-01 -7.895740866661071777e-02 -7.915254235267639160e-01 1.930049955844879150e-01 -3.354349732398986816e-02 1.785668730735778809e-01 3.610016778111457825e-02 -3.062931299209594727e-01 6.067324429750442505e-02 1.972810178995132446e-02 4.975440502166748047e-01 5.359292030334472656e-01 1.876800805330276489e-01 1.472789049148559570e-01 -1.814865767955780029e-01 -1.095349341630935669e-02 1.812803000211715698e-01 1.533052921295166016e-01
-3.616297543048858643e-01 -7.897159457206726074e-02 -1.076076328754425049e-01 -3.710511624813079834e-01 -9.902310371398925781e-02 3.389362990856170654e-02 3.091663718223571777e-01 -5.370004773139953613e-01 -2.092760205268859863e-01 3.940922021865844727e-01 -6.543801426887512207e-01 1.026372984051704407e-01 -4.776405394077301025e-01 8.509884029626846313e-02 -1.609516739845275879e-01 -2.917823847383260727e-03 1.635056883096694946e-01 1.014252007007598877e-01 -5.522974729537963867e-01 1.150197312235832214e-01 3.134506642818450928e-01 -2.764299325644969940e-02 -3.384517729282379150e-01 3.467326760292053223e-01 9.959851950407028198e-02 -2.783032655715942383e-01 8.690147101879119873e-02 -3.983743190765380859e-01 3.027726709842681885e-01 7.384330034255981445e-02 5.545555353164672852e-01 2.955436706542968750e-01 2.226542383432388306e-01 -3.233246505260467529e-02 -1.288705468177795410e-01 7.975904345512390137e-01 4.361009597778320312e-01 -1.978326737880706787e-01 -3.602236509323120117e-01 -7.858627289533615112e-02 1.985490024089813232e-01 -3.385325074195861816e-01 3.923123478889465332e-01 -8.358930051326751709e-02 3.044707179069519043e-01 1.044404432177543640e-01 7.650510072708129883e-01 2.284011095762252808e-01 -6.814365983009338379e-01 2.661245465278625488e-01 -1.278828978538513184e-01 7.767145335674285889e-02 -2.267670631408691406e-02 -3.522720932960510254e-01 3.745257556438446045e-01 1.289451420307159424e-01 2.492539882659912109e-01 3.536193072795867920e-01 1.812803894281387329e-01 -4.011313617229461670e-02 -4.468679800629615784e-02 -5.951046571135520935e-02 2.869921326637268066e-01 3.079111278057098389e-01
-2.505810260772705078e-01 -2.496445775032043457e-01 -4.405917823314666748e-01 -3.452670276165008545e-01 -8.509301394224166870e-02 -6.906185299158096313e-03 1.901141256093978882e-01 -5.812085270881652832e-01 -3.815479576587677002e-01 3.021572232246398926e-01 -3.567885160446166992e-01 -5.641158670186996460e-02 -8.140738010406494141e-01 2.540081441402435303e-01 -1.811399310827255249e-02 -6.393496692180633545e-02 -1.105195879936218262e-01 7.119458913803100586e-02 -5.033355951309204102e-01 1.265349425375461578e-02 -8.808581531047821045e-02 -4.243516921997070312e-02 -1.159551814198493958e-01 4.666671454906463623e-01 -1.166028603911399841e-01 -4.872604310512542725e-01 2.349579632282257080e-01 -3.549649417400360107e-01 1.593954712152481079e-01 1.962150037288665771e-01 4.658916592597961426e-01 3.290825784206390381e-01 -5.024980753660202026e-02 1.011762171983718872e-01 -1.551393419504165649e-02 8.077678680419921875e-01 4.110704958438873291e-01 -5.724618434906005859e-01 -4.004006832838058472e-02 -3.270871639251708984e-01 5.895394682884216309e-01 -5.970411300659179688e-01 2.384571433067321777e-01 -6.648251414299011230e-02 2.807520627975463867e-01 -2.909709513187408447e-02 6.136298775672912598e-01 1.721430569887161255e-01 -8.763756155967712402e-01 7.972322404384613037e-03 1.049190983176231384e-01 9.307375550270080566e-02 5.242880061268806458e-02 -1.935473978519439697e-01 -5.697780102491378784e-02 1.557181030511856079e-01 4.433919191360473633e-01 5.409146547317504883e-01 9.853459894657135010e-03 4.148112982511520386e-02 -2.264756113290786743e-01 -1.384910941123962402e-01 2.581768482923507690e-02 4.068158268928527832e-01
-5.319274663925170898e-01 -8.770310878753662109e-02 2.564275562763214111e-01 -4.893229603767395020e-01 1.193505302071571350e-01 8.517114818096160889e-02 -1.272970438003540039e-01 -4.230789244174957275e-01 -3.614526391029357910e-01 7.688808441162109375e-01 -3.150475919246673584e-01 2.195166945457458496e-01 -2.377911359071731567e-01 5.909391641616821289e-01 -9.276036173105239868e-02 -1.795690879225730896e-02 4.232919514179229736e-01 3.152243494987487793e-01 -4.160194098949432373e-01 -9.226061403751373291e-02 3.961523473262786865e-01 -1.662969030439853668e-02 -4.866530597209930420e-01 -1.405979692935943604e-02 6.292135268449783325e-02 -4.828851819038391113e-01 -4.286509752273559570e-02 -6.497342884540557861e-02 -2.166173011064529419e-01 3.698811531066894531e-01 2.972999215126037598e-01 4.098103344440460205e-01 4.453602731227874756e-01 -8.103194832801818848e-02 -4.883485436439514160e-01 7.762642502784729004e-01 3.968056738376617432e-01 -7.116182148456573486e-02 -2.675933241844177246e-01 1.658405661582946777e-01 -1.442293673753738403e-01 1.665630750358104706e-02 8.097240328788757324e-02 -1.342483162879943848e-01 -8.217731863260269165e-02 1.155662760138511658e-01 7.663180232048034668e-01 -4.362729787826538086e-01 -6.276844739913940430e-01 2.592529356479644775e-01 2.187817096710205078e-01 1.161574795842170715e-01 -2.407211661338806152e-01 -4.257582724094390869e-01 1.831523180007934570e-01 -1.414524018764495850e-01 2.479006648063659668e-01 4.913113415241241455e-01 4.606785178184509277e-01 4.067860841751098633e-01 -1.265106946229934692e-01 1.821237206459045410e-01 1.672899872064590454e-01 6.538857519626617432e-02
-2.306911051273345947e-01 -3.604418933391571045e-01 2.186807990074157715e-01 -3.047620654106140137e-01 1.109829172492027283e-01 -7.429715245962142944e-03 -1.000833883881568909e-01 -3.902570605278015137e-01 -3.990125060081481934e-01 3.701974153518676758e-01 -3.723341822624206543e-01 1.399950087070465088e-01 -3.489398658275604248e-01 4.195459187030792236e-01 -1.328690946102142334e-01 -2.565135359764099121e-01 4.494951367378234863e-01 5.389504432678222656e-01 -3.718771040439605713e-01 7.468821853399276733e-02 1.092195510864257812e-01 -1.826022565364837646e-01 -4.217540323734283447e-01 -2.126521468162536621e-01 -1.447634994983673096e-01 -4.020314514636993408e-01 -2.064210921525955200e-01 -7.980281114578247070e-02 -3.898702189326286316e-02 5.432532429695129395e-01 3.945485949516296387e-01 3.332713544368743896e-01 3.485729992389678955e-01 1.564508974552154541e-01 -2.174968719482421875e-01 5.746695995330810547e-01 2.279077470302581787e-01 -1.538594067096710205e-01 -2.928724884986877441e-01 3.030793964862823486e-01 -1.114591881632804871e-01 3.238046169281005859e-02 4.712100923061370850e-01 -2.015804648399353027e-01 -9.028038382530212402e-02 2.893355190753936768e-01 5.296465158462524414e-01 -1.987555325031280518e-01 -6.754848957061767578e-01 4.892126023769378662e-01 9.366954118013381958e-02 3.260914236307144165e-02 -3.424402475357055664e-01 -1.804724037647247314e-01 3.460045456886291504e-01 8.485867083072662354e-02 3.103392422199249268e-01 2.696424722671508789e-01 4.711954593658447266e-01 3.600061833858489990e-01 -2.796483784914016724e-02 2.361226975917816162e-01 2.203487604856491089e-01 2.575500011444091797e-01
-5.433228015899658203e-01 -2.464390397071838379e-01 1.718442440032958984e-01 -2.803205847740173340e-01 2.906325757503509521e-01 1.688991189002990723e-01 -1.095783337950706482e-01 -4.291353225708007812e-01 -4.035337865352630615e-01 4.209170639514923096e-01 -3.213081657886505127e-01 1.190376952290534973e-01 -3.819316327571868896e-01 4.815068542957305908e-01 -3.764047473669052124e-02 -1.909425705671310425e-01 4.195223152637481689e-01 2.465943843126296997e-01 -3.225294947624206543e-01 2.484036087989807129e-01 2.146635949611663818e-01 -3.560657799243927002e-01 -3.469626009464263916e-01 -3.367509692907333374e-02 8.583044633269309998e-03 -4.106296896934509277e-01 -2.215033173561096191e-01 1.245895624160766602e-01 -1.357101052999496460e-01 2.324856966733932495e-01 3.774447739124298096e-01 1.738420724868774414e-01 6.872302293777465820e-01 -1.198587045073509216e-01 -1.847860813140869141e-01 6.112384200096130371e-01 5.097904205322265625e-01 -2.415386140346527100e-01 -6.377191543579101562e-01 2.439527511596679688e-01 -7.778847962617874146e-02 -1.180565804243087769e-01 7.492173910140991211e-01 -1.034778356552124023e-02 -1.153456941246986389e-01 1.326697468757629395e-01 5.790125727653503418e-01 -2.662983536720275879e-01 -5.847760438919067383e-01 4.994800388813018799e-01 1.781185567378997803e-01 7.776602357625961304e-02 -1.235201358795166016e-01 -3.815084397792816162e-01 3.124143183231353760e-01 9.255984425544738770e-02 4.431455135345458984e-01 5.026472210884094238e-01 2.072218209505081177e-01 3.805090188980102539e-01 -5.321075767278671265e-02 1.717898249626159668e-01 3.756174147129058838e-01 -7.048036158084869385e-02
-4.362984001636505127e-01 8.308868855237960815e-02 -1.731512993574142456e-01 -4.083992838859558105e-01 8.345185965299606323e-02 -2.787784487009048462e-02 2.433785498142242432e-01 -6.661828756332397461e-01 -3.661715984344482422e-01 3.966664671897888184e-01 -5.690405964851379395e-01 2.591710984706878662e-01 -5.812802314758300781e-01 3.103083372116088867e-01 3.330394625663757324e-02 8.498758822679519653e-02 8.099744468927383423e-02 2.299662679433822632e-01 -5.590614080429077148e-01 -1.980802230536937714e-02 2.312132716178894043e-02 -3.452225029468536377e-02 -2.984298169612884521e-01 2.982523441314697266e-01 5.946136265993118286e-02 -4.677322208881378174e-01 1.935741454362869263e-01 -3.950132429599761963e-01 2.924803197383880615e-01 1.861918866634368896e-01 5.083199143409729004e-01 3.874939978122711182e-01 2.323497980833053589e-01 -1.114544272422790527e-01 -1.630951464176177979e-01 7.357716560363769531e-01 6.304240226745605469e-01 -3.664174377918243408e-01 -4.084122776985168457e-01 -1.738889813423156738e-01 3.524444103240966797e-01 -4.019511938095092773e-01 1.744983196258544922e-01 -8.784925937652587891e-02 2.652802467346191406e-01 1.036701351404190063e-02 8.595213890075683594e-01 2.525023370981216431e-02 -6.624330282211303711e-01 1.158900037407875061e-01 1.145236268639564514e-01 5.500865727663040161e-02 -2.619532346725463867e-01 -5.072105526924133301e-01 8.798793703317642212e-02 2.718119323253631592e-02 2.983539402484893799e-01 4.481361806392669678e-01 8.419689536094665527e-02 5.930601805448532104e-02 -2.476784288883209229e-01 -2.417510151863098145e-01 1.743507683277130127e-01 2.119069397449493408e-01
-4.683888554573059082e-01 -3.127673268318176270e-01 -2.811066508293151855e-01 -4.341925084590911865e-01 -1.574129760265350342e-01 3.369321525096893311e-01 1.109110563993453979e-01 -5.725037455558776855e-01 -2.486425936222076416e-01 5.272707939147949219e-01 -6.430874466896057129e-01 4.194673150777816772e-02 -5.525779128074645996e-01 1.738179624080657959e-01 8.744188398122787476e-02 6.879685819149017334e-02 2.147139757871627808e-01 -2.318601459264755249e-01 -3.305943906307220459e-01 2.772080302238464355e-01 3.052569925785064697e-01 -2.814491987228393555e-01 -3.543611466884613037e-01 5.304843187332153320e-01 -1.131872273981571198e-02 -1.851445585489273071e-01 -8.813213557004928589e-02 -6.939335912466049194e-02 1.061915755271911621e-01 -3.601873517036437988e-01 5.009162425994873047e-01 3.779035508632659912e-01 5.222405195236206055e-01 9.188526868820190430e-02 -2.474116981029510498e-01 9.966492056846618652e-01 2.232266068458557129e-01 -4.148815274238586426e-01 -2.049947381019592285e-01 -2.060895562171936035e-01 -6.440375000238418579e-04 -3.059040904045104980e-01 7.044222354888916016e-01 2.808647155761718750e-01 3.606061935424804688e-01 1.764948666095733643e-01 7.050735950469970703e-01 1.222443580627441406e-01 -6.826084256172180176e-01 4.303419291973114014e-01 8.170097321271896362e-02 2.238883078098297119e-01 1.483761668205261230e-01 -1.910658180713653564e-02 2.470406144857406616e-02 2.231078296899795532e-01 3.575139939785003662e-01 5.843396186828613281e-01 -9.548471868038177490e-02 6.983595341444015503e-02 1.700620166957378387e-03 3.121242672204971313e-02 4.277701079845428467e-01 4.049010574817657471e-02
-4.879354238510131836e-01 -5.098596587777137756e-02 -1.834809333086013794e-01 -4.296320080757141113e-01 -3.306962177157402039e-02 1.088969409465789795e-01 9.210756421089172363e-02 -5.567044019699096680e-01 -2.427592873573303223e-01 4.720585644245147705e-01 -5.399956107139587402e-01 1.089922711253166199e-01 -5.087491869926452637e-01 3.341689407825469971e-01 -1.087754443287849426e-01 3.586257994174957275e-02 1.280774921178817749e-01 -1.114637404680252075e-02 -4.864485561847686768e-01 7.912474125623703003e-02 2.562152147293090820e-01 -1.399567425251007080e-01 -3.724748790264129639e-01 3.985421061515808105e-01 8.797587454319000244e-02 -3.227211833000183105e-01 8.390371501445770264e-02 -1.780793219804763794e-01 1.049431115388870239e-01 -3.340223804116249084e-02 4.646982252597808838e-01 2.799478769302368164e-01 2.597051560878753662e-01 -3.597446531057357788e-02 -2.921153008937835693e-01 7.874345779418945312e-01 4.249265789985656738e-01 -3.583526611328125000e-01 -2.502536177635192871e-01 -1.523121595382690430e-01 2.615986168384552002e-01 -3.618379533290863037e-01 4.604077041149139404e-01 1.611111909151077271e-01 2.774325907230377197e-01 1.144125089049339294e-01 7.485040426254272461e-01 9.099362790584564209e-02 -7.083652615547180176e-01 2.541078627109527588e-01 -4.255111142992973328e-02 1.207266375422477722e-01 4.580491408705711365e-02 -3.024889826774597168e-01 1.731722950935363770e-01 6.192405894398689270e-02 3.174830377101898193e-01 5.275139212608337402e-01 1.029714494943618774e-01 2.372752875089645386e-02 -8.455780148506164551e-02 -3.511200845241546631e-02 2.954152822494506836e-01 1.314043998718261719e-01
-3.501559495925903320e-01 -3.336192071437835693e-01 1.299972534179687500e-01 -4.843437075614929199e-01 3.219309151172637939e-01 4.009680151939392090e-01 -1.089775934815406799e-01 -4.751212596893310547e-01 -4.125393629074096680e-01 3.902256786823272705e-01 -3.271879553794860840e-01 -2.224633842706680298e-02 -3.483962416648864746e-01 3.569615483283996582e-01 3.271042555570602417e-02 -1.626734435558319092e-01 3.362838327884674072e-01 2.884160578250885010e-01 -3.190723359584808350e-01 2.398512959480285645e-01 2.940814793109893799e-01 -2.761277258396148682e-01 -3.846872150897979736e-01 1.241245418787002563e-01 -1.662302464246749878e-01 -2.999646663665771484e-01 -3.911137878894805908e-01 1.940208375453948975e-01 -2.145599424839019775e-01 3.487851470708847046e-03 3.218988180160522461e-01 4.097381532192230225e-01 6.385967731475830078e-01 9.530410170555114746e-03 -2.431542277336120605e-01 5.477373600006103516e-01 5.412585139274597168e-01 -4.389109313488006592e-01 -2.912874519824981689e-01 1.433674544095993042e-01 -1.317233294248580933e-01 -4.071265459060668945e-02 6.186915636062622070e-01 1.701256185770034790e-01 -3.122352659702301025e-01 1.400120854377746582e-01 5.410981178283691406e-01 -7.135122269392013550e-02 -5.492742061614990234e-01 4.083892107009887695e-01 2.459532618522644043e-01 1.526956409215927124e-01 -1.564862728118896484e-01 -4.291737079620361328e-01 2.858996689319610596e-01 1.969780623912811279e-01 2.407720386981964111e-01 5.568860173225402832e-01 9.431470930576324463e-02 3.574720025062561035e-01 -1.627598404884338379e-01 2.755366861820220947e-01 4.441910386085510254e-01 -1.594745665788650513e-01
-6.580858826637268066e-01 -6.432133913040161133e-02 2.781740427017211914e-01 -5.120598077774047852e-01 2.072741687297821045e-01 1.792180687189102173e-01 -2.206006646156311035e-01 -4.501664936542510986e-01 -4.631471931934356689e-01 6.628757119178771973e-01 -3.431887626647949219e-01 1.479260027408599854e-01 -1.672114878892898560e-01 5.825702548027038574e-01 -2.438371628522872925e-02 2.073971368372440338e-02 3.470984995365142822e-01 1.985381394624710083e-01 -3.470826745033264160e-01 5.303650349378585815e-02 3.641566038131713867e-01 -2.624266445636749268e-01 -4.481240808963775635e-01 -3.040838241577148438e-02 9.802342951297760010e-02 -3.894623219966888428e-01 -9.766995161771774292e-02 -9.588521718978881836e-02 -2.215081602334976196e-01 1.412502378225326538e-01 3.487607240676879883e-01 2.713117003440856934e-01 6.286728382110595703e-01 -9.127756953239440918e-02 -4.826831221580505371e-01 7.184624075889587402e-01 4.286238551139831543e-01 -1.207842454314231873e-01 -4.467344582080841064e-01 2.754353582859039307e-01 -1.592643857002258301e-01 -8.071138523519039154e-03 5.477787256240844727e-01 -9.352661669254302979e-02 -5.030853301286697388e-02 6.853478401899337769e-02 7.899237275123596191e-01 -4.486731290817260742e-01 -6.027964949607849121e-01 4.809702336788177490e-01 1.609682440757751465e-01 1.510366499423980713e-01 -1.984382122755050659e-01 -4.408805370330810547e-01 2.353448569774627686e-01 -9.967686235904693604e-02 1.779456883668899536e-01 4.369074106216430664e-01 4.058755040168762207e-01 3.278863131999969482e-01 -9.052583947777748108e-03 2.603864669799804688e-01 3.706341087818145752e-01 -1.571895480155944824e-01
-5.059568881988525391e-01 -1.109470576047897339e-01 3.195429444313049316e-01 -4.929575026035308838e-01 1.549530625343322754e-01 4.910300374031066895e-01 -1.286775767803192139e-01 -4.302084445953369141e-01 -4.525012671947479248e-01 6.274657845497131348e-01 -3.997454345226287842e-01 4.291947931051254272e-02 -7.141746580600738525e-02 3.911887705326080322e-01 -5.532652884721755981e-02 -6.278243660926818848e-02 3.788014054298400879e-01 2.547805607318878174e-01 -4.494230449199676514e-01 -1.647719554603099823e-02 4.205096364021301270e-01 -2.791601605713367462e-02 -4.216555953025817871e-01 1.152873411774635315e-01 -9.219064563512802124e-02 -2.627023458480834961e-01 -3.375395536422729492e-01 6.165583431720733643e-02 -8.833204209804534912e-02 6.080309674143791199e-02 3.210706114768981934e-01 4.771566092967987061e-01 6.761662960052490234e-01 -8.837097138166427612e-02 -4.268004298210144043e-01 5.244642496109008789e-01 4.857391119003295898e-01 -1.175264492630958557e-01 -2.488610148429870605e-01 2.369299829006195068e-01 -3.034738898277282715e-01 1.307487487792968750e-01 4.357573091983795166e-01 -2.113832533359527588e-02 -2.474466562271118164e-01 2.650904357433319092e-01 7.138338685035705566e-01 -7.858738303184509277e-02 -4.844417870044708252e-01 5.108227133750915527e-01 1.076516434550285339e-01 4.188206046819686890e-02 -2.722485065460205078e-01 -4.080850780010223389e-01 4.302140772342681885e-01 1.376223266124725342e-01 6.473128497600555420e-02 3.650217056274414062e-01 3.870167732238769531e-01 1.788293123245239258e-01 -1.204043477773666382e-01 2.111962437629699707e-01 4.373422563076019287e-01 -1.736128181219100952e-01
-5.607360005378723145e-01 6.037420779466629028e-02 -1.721203029155731201e-01 -4.625724554061889648e-01 4.367306828498840332e-04 -1.351577490568161011e-01 -1.556531339883804321e-02 -5.937045812606811523e-01 -2.158476412296295166e-01 5.473330020904541016e-01 -4.785685539245605469e-01 1.930756866931915283e-01 -3.955015242099761963e-01 5.421312451362609863e-01 -8.026339858770370483e-02 8.126670867204666138e-02 2.134552896022796631e-01 -4.521062597632408142e-02 -4.783592522144317627e-01 4.455070942640304565e-02 2.313922047615051270e-01 -1.320481896400451660e-01 -4.799394011497497559e-01 2.449440658092498779e-01 2.672304511070251465e-01 -4.399071335792541504e-01 2.326744496822357178e-01 -3.291272819042205811e-01 6.688069552183151245e-03 1.126186251640319824e-01 3.948630690574645996e-01 1.988489478826522827e-01 2.684628665447235107e-01 -8.231139928102493286e-02 -3.643702268600463867e-01 8.898278474807739258e-01 4.103902876377105713e-01 -3.290238380432128906e-01 -3.715788722038269043e-01 -1.047152206301689148e-01 4.279344677925109863e-01 -3.414162397384643555e-01 4.203775823116302490e-01 5.608548223972320557e-02 2.927858531475067139e-01 7.743365317583084106e-02 8.216657638549804688e-01 -1.653345227241516113e-01 -7.431380748748779297e-01 1.892472207546234131e-01 -1.238409206271171570e-01 1.475188136100769043e-01 5.491090938448905945e-02 -3.828057348728179932e-01 8.009044080972671509e-02 2.220027148723602295e-02 3.856780529022216797e-01 4.895766973495483398e-01 2.404311448335647583e-01 3.348379582166671753e-02 -7.323163002729415894e-02 6.436946243047714233e-02 1.724252700805664062e-01 1.296490132808685303e-01
-4.075312316417694092e-01 -8.627773076295852661e-02 -1.771852672100067139e-01 -2.937525212764739990e-01 4.713891446590423584e-02 -5.208862945437431335e-02 1.816569864749908447e-01 -6.254769563674926758e-01 -2.043820023536682129e-01 2.792416512966156006e-01 -5.434050559997558594e-01 6.376561522483825684e-02 -5.799244642257690430e-01 2.132969498634338379e-01 -1.861426532268524170e-01 -6.123222038149833679e-02 -4.696904681622982025e-03 1.191439479589462280e-01 -5.591999888420104980e-01 1.293855905532836914e-01 1.088578999042510986e-01 -1.763179153203964233e-01 -3.289953470230102539e-01 2.981799840927124023e-01 9.823193401098251343e-02 -3.767917752265930176e-01 1.176415234804153442e-01 -2.764687538146972656e-01 1.311678588390350342e-01 2.393256276845932007e-01 4.857807457447052002e-01 1.890528500080108643e-01 1.995396614074707031e-01 -2.696620672941207886e-02 -3.154834359884262085e-02 7.029218673706054688e-01 5.033717155456542969e-01 -4.028327167034149170e-01 -3.846905827522277832e-01 -1.289489269256591797e-01 4.580184221267700195e-01 -4.174485504627227783e-01 5.402113199234008789e-01 8.259297162294387817e-02 1.941498219966888428e-01 5.776297301054000854e-02 6.120327711105346680e-01 1.718215197324752808e-01 -6.761593818664550781e-01 1.455283164978027344e-01 -1.382724642753601074e-01 1.533212959766387939e-01 1.159548759460449219e-01 -4.263806343078613281e-01 3.335639536380767822e-01 1.618266701698303223e-01 3.792952299118041992e-01 4.169507324695587158e-01 1.368015557527542114e-01 -1.610282063484191895e-02 -9.724399447441101074e-02 2.905205637216567993e-02 2.730681598186492920e-01 3.203891515731811523e-01
-3.945185244083404541e-01 -2.415097951889038086e-01 -1.927724480628967285e-01 -4.657082557678222656e-01 -1.650666445493698120e-02 -2.347312495112419128e-02 1.812476664781570435e-01 -5.104863047599792480e-01 -3.804258108139038086e-01 3.817485272884368896e-01 -4.889349937438964844e-01 1.430132985115051270e-01 -6.854902505874633789e-01 2.687151730060577393e-01 1.777448132634162903e-02 -1.323923096060752869e-02 1.607180237770080566e-01 5.560102686285972595e-02 -3.452033102512359619e-01 1.726583689451217651e-01 1.938173621892929077e-01 -2.452508509159088135e-01 -2.224939167499542236e-01 3.394763469696044922e-01 2.298766933381557465e-02 -4.587677717208862305e-01 8.161713182926177979e-02 -2.945186793804168701e-01 2.225300073623657227e-01 5.660467967391014099e-02 5.265237689018249512e-01 3.512366712093353271e-01 2.462027072906494141e-01 3.024381399154663086e-02 -2.066293954849243164e-01 8.532887697219848633e-01 4.645134806632995605e-01 -3.356404602527618408e-01 -3.197357952594757080e-01 -1.425271332263946533e-01 1.698212474584579468e-01 -3.754892945289611816e-01 4.293520748615264893e-01 -6.743083894252777100e-02 2.743253409862518311e-01 6.538387387990951538e-02 7.528575658798217773e-01 2.623732388019561768e-02 -7.933126688003540039e-01 3.233897387981414795e-01 1.559161543846130371e-01 1.102324351668357849e-01 -6.336934864521026611e-02 -2.093672752380371094e-01 7.991308718919754028e-02 7.784834504127502441e-02 4.214261472225189209e-01 5.293702483177185059e-01 1.029143482446670532e-01 1.989480555057525635e-01 -6.577836722135543823e-02 -6.781794875860214233e-02 2.708422243595123291e-01 1.595997065305709839e-01
-4.268911480903625488e-01 -2.034140527248382568e-01 -1.361017525196075439e-01 -4.294342398643493652e-01 2.833483517169952393e-01 1.158919632434844971e-01 4.766198247671127319e-02 -5.824572443962097168e-01 -5.929350852966308594e-01 3.731757700443267822e-01 -4.925021231174468994e-01 3.623352199792861938e-02 -4.806056916713714600e-01 2.630065977573394775e-01 -7.236199826002120972e-02 -4.113727435469627380e-02 9.038800001144409180e-02 3.168495371937751770e-02 -3.599114120006561279e-01 2.063367664813995361e-01 1.868397891521453857e-01 -2.702593207359313965e-01 -1.991856098175048828e-01 2.559455633163452148e-01 6.758408993482589722e-02 -4.380833208560943604e-01 -9.120829403400421143e-02 -2.828288078308105469e-01 2.071986943483352661e-01 1.144692301750183105e-03 5.616531968116760254e-01 3.667974770069122314e-01 3.920228779315948486e-01 -1.563800871372222900e-02 -2.264210581779479980e-01 6.385417580604553223e-01 5.079466700553894043e-01 -3.362248241901397705e-01 -4.085960984230041504e-01 4.202618449926376343e-02 4.403171688318252563e-02 -2.494667619466781616e-01 5.615026950836181641e-01 -1.495886147022247314e-01 -1.064931228756904602e-02 6.981878727674484253e-02 6.631922721862792969e-01 -2.505886554718017578e-02 -7.559754848480224609e-01 4.981664121150970459e-01 2.172830998897552490e-01 1.430364400148391724e-01 -6.888243556022644043e-02 -4.516019225120544434e-01 2.570763826370239258e-01 1.196809858083724976e-01 3.000877499580383301e-01 3.796714842319488525e-01 2.182106822729110718e-01 1.568883955478668213e-01 -7.767461240291595459e-02 6.119083613157272339e-02 3.163061439990997314e-01 -9.922027587890625000e-02
-2.864891290664672852e-01 -3.673446476459503174e-01 -4.173417687416076660e-01 -4.747515320777893066e-01 -1.066020429134368896e-01 1.029894649982452393e-01 4.189450144767761230e-01 -4.399333596229553223e-01 -3.090037405490875244e-01 4.043188691139221191e-01 -6.492547392845153809e-01 3.854839503765106201e-02 -6.865916252136230469e-01 -5.981735885143280029e-02 -4.493100196123123169e-02 3.938762529287487268e-05 9.441822767257690430e-02 -2.929606139659881592e-01 -3.263271450996398926e-01 1.998028159141540527e-01 2.779721021652221680e-01 -1.135256364941596985e-01 -1.817688047885894775e-01 5.666409730911254883e-01 1.171177700161933899e-01 -3.243248462677001953e-01 4.837203770875930786e-02 -3.876734972000122070e-01 3.753251731395721436e-01 -2.677054703235626221e-01 5.321375727653503418e-01 3.598099946975708008e-01 1.383037269115447998e-01 9.051953256130218506e-02 -9.193501621484756470e-02 9.252298474311828613e-01 5.285753011703491211e-01 -3.031902313232421875e-01 -1.053394526243209839e-01 -3.601412475109100342e-01 2.984967529773712158e-01 -3.896481096744537354e-01 4.440868794918060303e-01 1.783853471279144287e-01 2.820151150226593018e-01 2.236844301223754883e-01 6.968258619308471680e-01 3.519699573516845703e-01 -7.275381088256835938e-01 2.010305821895599365e-01 -1.310469955205917358e-02 1.901285201311111450e-01 1.581563204526901245e-01 -2.726670503616333008e-01 1.895320415496826172e-01 2.230207771062850952e-01 4.807816743850708008e-01 4.990763068199157715e-01 9.962005913257598877e-02 -4.820391163229942322e-02 -8.100131154060363770e-02 -4.738464951515197754e-02 2.946368455886840820e-01 1.860884279012680054e-01
-3.814280033111572266e-01 -1.980505883693695068e-01 2.186682522296905518e-01 -3.102351427078247070e-01 1.545011699199676514e-01 2.780207693576812744e-01 -1.073030903935432434e-01 -5.032224655151367188e-01 -3.263936340808868408e-01 4.771057069301605225e-01 -2.979624867439270020e-01 1.066382005810737610e-01 -2.912438511848449707e-01 4.057057797908782959e-01 -3.815498203039169312e-02 -3.990816697478294373e-02 4.405605792999267578e-01 5.741249322891235352e-01 -5.474583506584167480e-01 -8.830448985099792480e-02 1.787758916616439819e-01 -1.507767736911773682e-01 -4.248067736625671387e-01 -1.519079804420471191e-01 -2.631305456161499023e-01 -3.563227355480194092e-01 -3.407343924045562744e-01 1.104430705308914185e-01 -6.342163681983947754e-02 4.139235913753509521e-01 3.406512141227722168e-01 3.988048732280731201e-01 5.331140756607055664e-01 -4.292884469032287598e-02 -3.127399384975433350e-01 3.794259428977966309e-01 4.233865141868591309e-01 -2.452273964881896973e-01 -3.206115663051605225e-01 2.194217741489410400e-01 -3.043714761734008789e-01 1.237947642803192139e-01 3.226855397224426270e-01 -7.766355574131011963e-02 -2.572458386421203613e-01 2.333801984786987305e-01 4.749268889427185059e-01 -1.415947377681732178e-01 -5.064833760261535645e-01 5.041395425796508789e-01 1.060101464390754700e-01 1.354501843452453613e-01 -3.175820708274841309e-01 -3.127975463867187500e-01 3.698652684688568115e-01 2.694773674011230469e-02 2.798255980014801025e-01 4.667079746723175049e-01 3.275221586227416992e-01 4.163465499877929688e-01 -3.222276568412780762e-01 1.371943354606628418e-01 4.281963407993316650e-01 1.226737350225448608e-01
-5.019580721855163574e-01 3.087391704320907593e-02 1.087683960795402527e-01 -3.940713703632354736e-01 1.150072589516639709e-01 8.377199620008468628e-02 -1.204339191317558289e-01 -5.660439729690551758e-01 -3.409731686115264893e-01 6.383210420608520508e-01 -4.696240127086639404e-01 1.502640247344970703e-01 -2.011524289846420288e-01 5.345370173454284668e-01 -8.662109822034835815e-02 -1.698195561766624451e-02 3.225269913673400879e-01 1.192629337310791016e-01 -5.019329190254211426e-01 -5.724126100540161133e-02 2.414672374725341797e-01 5.069748312234878540e-02 -4.182601273059844971e-01 1.318561434745788574e-01 1.997468471527099609e-01 -4.750907719135284424e-01 6.777916848659515381e-02 -3.107988536357879639e-01 1.808933168649673462e-02 2.010408788919448853e-01 4.014258980751037598e-01 3.701874017715454102e-01 3.148896992206573486e-01 6.283515691757202148e-02 -4.406544566154479980e-01 7.731512188911437988e-01 3.229621052742004395e-01 -7.924016565084457397e-02 -2.318646311759948730e-01 1.242970973253250122e-01 1.716820746660232544e-01 -2.001608163118362427e-01 2.949559092521667480e-01 -1.322061121463775635e-01 1.853875517845153809e-01 2.818041145801544189e-01 8.594006896018981934e-01 -1.814185380935668945e-01 -7.089139819145202637e-01 3.208350241184234619e-01 -8.450282365083694458e-02 5.316282063722610474e-02 -1.209742277860641479e-01 -2.612092196941375732e-01 2.582346498966217041e-01 -4.286007583141326904e-02 1.988857686519622803e-01 3.541001677513122559e-01 4.896991848945617676e-01 2.683099359273910522e-02 -4.147858917713165283e-02 1.280435621738433838e-01 8.959253132343292236e-02 5.163900554180145264e-02
-3.318197429180145264e-01 7.038660347461700439e-03 -1.958231329917907715e-01 -3.706568777561187744e-01 8.385398238897323608e-02 -4.754989966750144958e-02 1.967423856258392334e-01 -6.193389296531677246e-01 -3.505783081054687500e-01 2.648857235908508301e-01 -4.553194046020507812e-01 2.083819806575775146e-01 -7.120862007141113281e-01 3.389196693897247314e-01 8.500599861145019531e-02 5.402800813317298889e-02 1.122892200946807861e-01 3.373491764068603516e-01 -5.438054800033569336e-01 -3.743835538625717163e-02 -1.161441206932067871e-01 -3.180106729269027710e-02 -2.705218195915222168e-01 1.517004668712615967e-01 -1.233090907335281372e-01 -4.814876914024353027e-01 2.049519121646881104e-01 -3.259320259094238281e-01 2.515790164470672607e-01 2.872540950775146484e-01 4.734187126159667969e-01 3.412950038909912109e-01 1.420820951461791992e-01 -1.075318604707717896e-01 -4.366148263216018677e-02 6.794344186782836914e-01 5.479382872581481934e-01 -4.373354613780975342e-01 -4.101372659206390381e-01 -1.308978497982025146e-01 3.903425037860870361e-01 -4.254997074604034424e-01 2.024406194686889648e-01 -1.578773558139801025e-01 1.846875101327896118e-01 -2.509600669145584106e-02 7.809200882911682129e-01 -4.643601924180984497e-02 -7.452672123908996582e-01 7.009499520063400269e-02 1.412463486194610596e-01 6.457822769880294800e-02 -3.701481521129608154e-01 -4.349312782287597656e-01 4.770762473344802856e-02 4.087418317794799805e-03 3.369268476963043213e-01 5.111588239669799805e-01 4.508421197533607483e-02 2.398923635482788086e-01 -2.709802091121673584e-01 -2.772679328918457031e-01 1.361894160509109497e-01 2.898420393466949463e-01
-4.574521481990814209e-01 -3.187935054302215576e-01 2.387918829917907715e-01 -6.587658524513244629e-01 6.264565140008926392e-02 3.395248949527740479e-01 2.092130333185195923e-01 -2.773908376693725586e-01 -2.616221904754638672e-01 7.325007319450378418e-01 -5.447377562522888184e-01 1.023438945412635803e-01 -1.818777620792388916e-01 1.780748665332794189e-01 -1.991637349128723145e-01 4.202365875244140625e-02 5.668847560882568359e-01 1.323721557855606079e-01 -2.876605093479156494e-01 1.451979875564575195e-01 7.980473041534423828e-01 -3.174609690904617310e-02 -5.147066116333007812e-01 2.874372899532318115e-01 1.178036257624626160e-01 -1.895270794630050659e-01 -3.274566829204559326e-01 -8.486516773700714111e-03 -5.925421044230461121e-02 -8.857583999633789062e-02 3.123697340488433838e-01 5.168809890747070312e-01 5.738741159439086914e-01 -3.914491832256317139e-02 -4.381162524223327637e-01 7.669532895088195801e-01 5.068847537040710449e-01 -1.499677356332540512e-02 -2.278432399034500122e-01 3.820434212684631348e-02 -4.350458979606628418e-01 1.879132986068725586e-01 2.031416594982147217e-01 1.276941895484924316e-01 -1.638849973678588867e-01 2.700672447681427002e-01 8.300205469131469727e-01 -6.467393040657043457e-02 -4.731757044792175293e-01 3.061562478542327881e-01 2.362546920776367188e-01 1.768336445093154907e-01 -2.150019407272338867e-01 -5.802063941955566406e-01 4.528995454311370850e-01 1.062870025634765625e-02 1.674636751413345337e-01 5.272513031959533691e-01 3.794919252395629883e-01 2.934287190437316895e-01 -2.853506803512573242e-02 1.556286811828613281e-01 3.902242183685302734e-01 -2.906269766390323639e-02
-3.502166867256164551e-01 -1.601673662662506104e-03 -3.604339957237243652e-01 -4.753761291503906250e-01 1.339944005012512207e-01 5.799238011240959167e-02 2.324034273624420166e-01 -6.126742362976074219e-01 -3.854975104331970215e-01 2.755488753318786621e-01 -4.271615445613861084e-01 1.071205213665962219e-01 -7.097569108009338379e-01 3.568335771560668945e-01 4.748229309916496277e-02 3.250487521290779114e-02 4.661541432142257690e-02 7.648579776287078857e-02 -4.177133142948150635e-01 5.588455498218536377e-02 1.538007706403732300e-02 -6.806118786334991455e-02 -1.992749273777008057e-01 4.390677213668823242e-01 -3.675470128655433655e-03 -4.121595919132232666e-01 1.946543753147125244e-01 -3.578441143035888672e-01 2.238351106643676758e-01 -2.259388938546180725e-02 4.569577574729919434e-01 2.750725150108337402e-01 9.212435781955718994e-02 -1.167454719543457031e-01 -8.911072462797164917e-02 8.137212395668029785e-01 7.359985113143920898e-01 -5.975802540779113770e-01 -3.104426860809326172e-01 -3.255672156810760498e-01 5.207272768020629883e-01 -5.520710945129394531e-01 2.383959889411926270e-01 9.852379560470581055e-03 2.193392068147659302e-01 -1.358933448791503906e-01 8.083562254905700684e-01 3.593701124191284180e-02 -8.694320321083068848e-01 2.083770930767059326e-03 1.361131072044372559e-01 2.655150368809700012e-03 -2.664290666580200195e-01 -5.491675138473510742e-01 -4.737780988216400146e-02 1.050796434283256531e-01 3.232460021972656250e-01 5.386373996734619141e-01 -1.925254464149475098e-01 1.011592373251914978e-01 -2.743609249591827393e-01 -2.659668028354644775e-01 1.167415454983711243e-01 6.842438131570816040e-02
-3.213281631469726562e-01 -2.241417765617370605e-01 4.728132784366607666e-01 -3.608980476856231689e-01 1.703544855117797852e-01 3.543196916580200195e-01 -1.214163824915885925e-01 -2.439810931682586670e-01 -3.181985914707183838e-01 8.440606594085693359e-01 -3.046615123748779297e-01 6.613706797361373901e-02 1.109121143817901611e-01 4.112513959407806396e-01 -2.987401783466339111e-01 -1.485210657119750977e-01 5.390428900718688965e-01 5.408363342285156250e-01 -4.406720697879791260e-01 -1.649631261825561523e-01 5.666377544403076172e-01 1.501571238040924072e-01 -5.836715102195739746e-01 -1.815872490406036377e-01 4.079253226518630981e-02 -2.243912369012832642e-01 -4.151032567024230957e-01 2.898129075765609741e-02 -2.616121470928192139e-01 4.028114676475524902e-01 2.211992293596267700e-01 4.595683515071868896e-01 4.556271135807037354e-01 1.570505648851394653e-02 -4.825969934463500977e-01 3.383604884147644043e-01 4.005701839923858643e-01 2.335938215255737305e-01 2.774079889059066772e-02 2.664631903171539307e-01 -4.283203482627868652e-01 3.896872103214263916e-01 7.810269296169281006e-02 -4.550115764141082764e-02 -4.795855581760406494e-01 4.932099580764770508e-01 5.514064431190490723e-01 -1.175782978534698486e-01 -4.229635000228881836e-01 3.916153013706207275e-01 -4.507948458194732666e-02 1.116636171936988831e-01 -3.224330544471740723e-01 -4.213941395282745361e-01 6.212332248687744141e-01 -1.536131650209426880e-02 1.828220114111900330e-02 2.620225846767425537e-01 8.333912491798400879e-01 2.387115955352783203e-01 -1.533681303262710571e-01 3.034046888351440430e-01 2.721838057041168213e-01 3.947350382804870605e-02
-3.048849999904632568e-01 -2.025662362575531006e-02 -3.612672984600067139e-01 -3.539049029350280762e-01 -1.531083434820175171e-01 -2.343937382102012634e-02 3.113876879215240479e-01 -6.392105221748352051e-01 -3.063922226428985596e-01 3.244826197624206543e-01 -5.347209572792053223e-01 1.360568404197692871e-01 -6.677994728088378906e-01 1.901884078979492188e-01 -8.983432501554489136e-02 2.724786475300788879e-02 -1.795876771211624146e-01 1.609107106924057007e-01 -6.388402581214904785e-01 -1.042893826961517334e-01 -1.507505774497985840e-03 3.519362956285476685e-02 -3.083900511264801025e-01 3.586056232452392578e-01 -4.436994343996047974e-02 -3.411462306976318359e-01 2.222737669944763184e-01 -4.039654433727264404e-01 2.852427959442138672e-01 2.401607185602188110e-01 5.803190469741821289e-01 4.771429896354675293e-01 -1.132208108901977539e-02 -7.175077497959136963e-02 -1.375209391117095947e-01 5.904577970504760742e-01 4.330522418022155762e-01 -4.715934991836547852e-01 -8.982547372579574585e-02 -3.017320930957794189e-01 4.814785122871398926e-01 -3.853955268859863281e-01 1.785112023353576660e-01 -4.186557233333587646e-02 2.358388304710388184e-01 1.197944954037666321e-01 6.342128515243530273e-01 3.168501257896423340e-01 -6.739637851715087891e-01 5.867630988359451294e-02 -4.235525429248809814e-02 1.032311543822288513e-01 -7.402266561985015869e-02 -3.265239298343658447e-01 6.338370591402053833e-02 1.728589534759521484e-01 2.928901314735412598e-01 3.646768033504486084e-01 2.005502432584762573e-01 -1.937224864959716797e-01 -2.836666107177734375e-01 -1.654929816722869873e-01 1.904723197221755981e-01 4.713463485240936279e-01
-3.489682972431182861e-01 6.267160922288894653e-02 -2.937273383140563965e-01 -3.751301765441894531e-01 -4.158750176429748535e-02 1.626666933298110962e-01 2.830806970596313477e-01 -6.448494791984558105e-01 -2.301485538482666016e-01 4.853024482727050781e-01 -6.888533830642700195e-01 1.975274533033370972e-01 -5.789719223976135254e-01 1.999422907829284668e-01 -2.823083847761154175e-02 4.188569262623786926e-02 4.599400237202644348e-02 6.049563363194465637e-02 -6.591058969497680664e-01 -5.784554779529571533e-02 4.458874464035034180e-02 1.316030770540237427e-01 -3.093022406101226807e-01 4.305397272109985352e-01 5.386725813150405884e-02 -3.285046815872192383e-01 2.010945081710815430e-01 -3.726188242435455322e-01 2.587563991546630859e-01 -4.958119243383407593e-03 5.074523091316223145e-01 4.325907826423645020e-01 1.206648051738739014e-01 -1.049508228898048401e-01 -1.390830576419830322e-01 8.178266882896423340e-01 4.789485931396484375e-01 -3.636417984962463379e-01 -1.870689988136291504e-01 -2.525903284549713135e-01 4.435300529003143311e-01 -4.118413925170898438e-01 1.654598861932754517e-01 4.016444087028503418e-02 3.364464044570922852e-01 1.671923398971557617e-01 7.970951199531555176e-01 1.980590075254440308e-01 -7.223621010780334473e-01 4.431747645139694214e-02 -3.604432195425033569e-02 4.870840907096862793e-02 -1.509118080139160156e-01 -3.521152436733245850e-01 1.468570530414581299e-01 1.466307640075683594e-01 2.856393754482269287e-01 4.302638769149780273e-01 8.549083769321441650e-02 -1.244226545095443726e-01 -2.302875667810440063e-01 -2.022381573915481567e-01 1.096365526318550110e-01 2.700430154800415039e-01
-2.995481491088867188e-01 -1.124213784933090210e-01 -4.903446137905120850e-01 -4.424889385700225830e-01 -9.098959714174270630e-02 -7.684762775897979736e-02 3.384660780429840088e-01 -5.896248221397399902e-01 -2.533734440803527832e-01 2.874704003334045410e-01 -5.019872784614562988e-01 1.242745816707611084e-01 -8.067877888679504395e-01 2.493430376052856445e-01 -5.121729522943496704e-02 9.069668501615524292e-02 1.898282207548618317e-03 -1.792294159531593323e-02 -4.289683997631072998e-01 3.937321156263351440e-02 1.008129268884658813e-01 -2.277173660695552826e-02 -1.638188064098358154e-01 5.571057796478271484e-01 4.435747116804122925e-02 -4.135003983974456787e-01 3.220873475074768066e-01 -3.657912015914916992e-01 3.264505565166473389e-01 2.028505131602287292e-02 4.957916438579559326e-01 2.977007031440734863e-01 -8.288974314928054810e-02 -5.517070740461349487e-02 -6.937161833047866821e-02 9.162495136260986328e-01 5.158988237380981445e-01 -5.440553426742553711e-01 -1.990751922130584717e-01 -4.121807813644409180e-01 5.382349491119384766e-01 -6.193920969963073730e-01 1.617077440023422241e-01 4.587836563587188721e-02 4.060298204421997070e-01 -3.207939863204956055e-02 7.987481355667114258e-01 1.431501507759094238e-01 -8.910248279571533203e-01 -5.437378585338592529e-02 5.771126598119735718e-02 3.107703663408756256e-02 -7.918496429920196533e-02 -3.511039316654205322e-01 -3.245035558938980103e-02 7.430814206600189209e-02 4.292230606079101562e-01 5.608718395233154297e-01 -1.113425940275192261e-01 -5.620606243610382080e-03 -1.756402254104614258e-01 -3.305837213993072510e-01 7.102841883897781372e-02 3.236313164234161377e-01
-4.064319431781768799e-01 -2.412810027599334717e-01 -2.252290248870849609e-01 -4.933229088783264160e-01 1.580402851104736328e-01 7.610055804252624512e-02 1.728462576866149902e-01 -5.143752098083496094e-01 -5.580863952636718750e-01 2.421073913574218750e-01 -4.058910608291625977e-01 5.681455135345458984e-02 -7.813106775283813477e-01 3.922720253467559814e-01 1.755583882331848145e-01 -1.304307207465171814e-02 2.340879291296005249e-01 4.387873038649559021e-02 -2.802894115447998047e-01 3.344013988971710205e-01 2.600803971290588379e-03 -3.730480968952178955e-01 -5.656563490629196167e-02 4.197771251201629639e-01 -9.107865393161773682e-02 -4.308687746524810791e-01 5.280621722340583801e-02 -2.793419063091278076e-01 2.506992518901824951e-01 -1.325439363718032837e-01 5.256640911102294922e-01 2.474255710840225220e-01 3.406185209751129150e-01 -2.353730797767639160e-02 -8.716676384210586548e-02 8.027793169021606445e-01 6.752579808235168457e-01 -5.239470601081848145e-01 -4.585319161415100098e-01 -2.372461259365081787e-01 2.854079306125640869e-01 -5.097664594650268555e-01 6.129509210586547852e-01 -1.185226440429687500e-02 1.864681839942932129e-01 -6.633695214986801147e-02 7.644712924957275391e-01 -8.770443499088287354e-03 -8.289502263069152832e-01 3.480998277664184570e-01 3.590446114540100098e-01 9.648669511079788208e-04 -2.609519958496093750e-01 -3.231990337371826172e-01 -1.329014599323272705e-01 1.530991494655609131e-01 5.096794366836547852e-01 5.747227668762207031e-01 -1.880441755056381226e-01 3.066645562648773193e-01 -1.115341261029243469e-01 -2.200697362422943115e-01 2.111641019582748413e-01 -4.076020419597625732e-02
-3.486082553863525391e-01 7.875777035951614380e-02 -3.272352516651153564e-01 -4.270527064800262451e-01 -2.255626022815704346e-03 5.958811193704605103e-02 9.846676141023635864e-02 -6.500704288482666016e-01 -2.753860950469970703e-01 4.746406674385070801e-01 -4.404732584953308105e-01 1.336422860622406006e-01 -5.630123615264892578e-01 4.335565865039825439e-01 2.006854861974716187e-02 5.550348432734608650e-04 -3.120562992990016937e-03 1.377517133951187134e-01 -5.685214996337890625e-01 -4.131080210208892822e-02 2.554973959922790527e-02 7.779087871313095093e-03 -4.140270650386810303e-01 3.395526111125946045e-01 3.456249833106994629e-02 -3.687774538993835449e-01 2.303509861230850220e-01 -4.128537476062774658e-01 4.743014276027679443e-02 5.927810445427894592e-02 4.555038213729858398e-01 3.897500336170196533e-01 3.881664946675300598e-02 -2.433873713016510010e-03 -2.627559006214141846e-01 7.473574876785278320e-01 5.203357934951782227e-01 -5.132781863212585449e-01 -3.152615576982498169e-02 -3.156430423259735107e-01 5.638753175735473633e-01 -4.629555642604827881e-01 1.843189299106597900e-01 4.848318547010421753e-02 2.525911629199981689e-01 7.810198515653610229e-02 7.341914772987365723e-01 7.744255661964416504e-02 -8.098890781402587891e-01 5.558349192142486572e-03 -7.016774266958236694e-02 1.312388479709625244e-01 -1.197506636381149292e-01 -3.010218739509582520e-01 -1.070292145013809204e-01 1.048825383186340332e-01 2.215049266815185547e-01 4.631969928741455078e-01 9.736049175262451172e-02 -4.837623611092567444e-02 -3.256782293319702148e-01 -9.762877225875854492e-02 7.231985777616500854e-02 2.072412073612213135e-01
-5.433011651039123535e-01 -1.960755884647369385e-01 1.626454293727874756e-01 -4.714657664299011230e-01 5.927987396717071533e-03 3.169144392013549805e-01 -3.814125806093215942e-02 -3.346623778343200684e-01 -3.099483549594879150e-01 7.408128976821899414e-01 -4.878718852996826172e-01 9.704392403364181519e-02 -1.756256818771362305e-01 3.315791189670562744e-01 -2.221922278404235840e-01 -9.664423763751983643e-02 3.504427373409271240e-01 -3.673677146434783936e-02 -3.599056601524353027e-01 4.641339927911758423e-02 5.433658361434936523e-01 -7.614409178495407104e-02 -5.030034184455871582e-01 2.197611331939697266e-01 1.882713586091995239e-01 -2.715862989425659180e-01 -1.780627667903900146e-01 -6.543080508708953857e-02 -1.475022733211517334e-01 -3.170884773135185242e-02 3.836265504360198975e-01 3.712320923805236816e-01 4.622330963611602783e-01 1.696699857711791992e-02 -4.417676329612731934e-01 8.514446616172790527e-01 2.822685241699218750e-01 -5.842208489775657654e-02 -1.469338238239288330e-01 1.144713535904884338e-01 -1.037413105368614197e-01 -2.155990153551101685e-02 4.559737741947174072e-01 1.366628110408782959e-01 1.188789010047912598e-01 2.373032867908477783e-01 7.616357207298278809e-01 -1.224732846021652222e-01 -6.149798035621643066e-01 3.603570163249969482e-01 -4.839703440666198730e-03 1.287796795368194580e-01 4.510351270437240601e-02 -3.233359456062316895e-01 3.797087073326110840e-01 6.223902106285095215e-03 2.287845909595489502e-01 4.614408314228057861e-01 4.303071498870849609e-01 6.420700997114181519e-02 2.725016884505748749e-02 3.209267556667327881e-01 3.017034232616424561e-01 -1.150797866284847260e-02
-3.961811661720275879e-01 -1.445360630750656128e-01 -1.829490363597869873e-01 -3.346595764160156250e-01 -1.620898693799972534e-01 1.902999579906463623e-01 2.142649590969085693e-01 -5.352853536605834961e-01 -2.750083208084106445e-01 3.473586440086364746e-01 -6.075135469436645508e-01 -2.299092710018157959e-03 -5.213658809661865234e-01 1.572855114936828613e-01 -1.004419997334480286e-01 -5.024662241339683533e-02 1.370991468429565430e-01 -8.570785075426101685e-02 -4.393167793750762939e-01 1.250753104686737061e-01 2.469090521335601807e-01 -1.814327947795391083e-02 -3.100163638591766357e-01 4.821195602416992188e-01 3.683822602033615112e-02 -3.273493051528930664e-01 -4.062069579958915710e-02 -2.085365504026412964e-01 2.464853227138519287e-01 -4.597612842917442322e-02 5.279216766357421875e-01 3.689532876014709473e-01 2.819831073284149170e-01 2.776993066072463989e-02 -1.854090690612792969e-01 7.273089885711669922e-01 4.105728864669799805e-01 -3.029366135597229004e-01 -1.895957887172698975e-01 -1.749260127544403076e-01 2.180975228548049927e-01 -3.471942842006683350e-01 5.175191164016723633e-01 4.288058727979660034e-02 2.195076644420623779e-01 2.129827737808227539e-01 6.957731842994689941e-01 3.359574675559997559e-01 -6.335756778717041016e-01 3.350290358066558838e-01 -4.839786887168884277e-02 7.359615713357925415e-02 8.967164158821105957e-02 -2.232659757137298584e-01 2.710135281085968018e-01 2.597988247871398926e-01 3.305859267711639404e-01 4.113554954528808594e-01 1.006435006856918335e-01 -1.292177438735961914e-01 -6.202215701341629028e-02 -6.269164383411407471e-03 3.401746451854705811e-01 2.192115783691406250e-01
-2.897788584232330322e-01 -1.758420169353485107e-01 -3.356778919696807861e-01 -4.908978641033172607e-01 -2.190490067005157471e-01 1.122757643461227417e-01 2.962549924850463867e-01 -5.058070421218872070e-01 -1.822618544101715088e-01 4.455922245979309082e-01 -6.011232733726501465e-01 4.238293319940567017e-02 -7.779489755630493164e-01 1.578007638454437256e-01 3.536629304289817810e-02 1.270211935043334961e-01 9.724618494510650635e-02 1.149615496397018433e-01 -4.776509702205657959e-01 5.607029050588607788e-02 6.233503296971321106e-02 -6.566867977380752563e-02 -3.264380395412445068e-01 5.195186138153076172e-01 -9.328528493642807007e-02 -4.109093844890594482e-01 4.704036191105842590e-02 -3.183702826499938965e-01 2.451832294464111328e-01 -1.136152073740959167e-02 4.450396597385406494e-01 4.979258179664611816e-01 2.568892017006874084e-02 1.122859269380569458e-01 -2.409137785434722900e-01 6.311351656913757324e-01 5.839617848396301270e-01 -3.786724805831909180e-01 7.908692210912704468e-02 -4.763580858707427979e-01 2.933347225189208984e-01 -2.930115163326263428e-01 2.463066577911376953e-01 9.578779339790344238e-02 1.243797242641448975e-01 2.415712773799896240e-01 6.945406794548034668e-01 4.370445013046264648e-01 -6.339253187179565430e-01 1.814587414264678955e-01 7.497825473546981812e-02 3.115776181221008301e-01 -3.742646798491477966e-02 -1.617936491966247559e-01 3.932570666074752808e-02 1.732884049415588379e-01 3.703141510486602783e-01 5.623314380645751953e-01 1.205665767192840576e-01 7.005602866411209106e-02 -2.361790686845779419e-01 -1.740128099918365479e-01 3.610550463199615479e-01 3.303537666797637939e-01
-5.082442760467529297e-01 -9.080356359481811523e-02 -1.466839313507080078e-01 -4.999320209026336670e-01 2.268887758255004883e-01 2.350089699029922485e-02 1.270224153995513916e-01 -5.727863907814025879e-01 -3.926158547401428223e-01 5.125758051872253418e-01 -4.834622442722320557e-01 2.486745119094848633e-01 -5.251743793487548828e-01 3.836261034011840820e-01 8.007422834634780884e-02 2.156016603112220764e-02 2.832829356193542480e-01 9.688840806484222412e-02 -4.224939048290252686e-01 1.368649899959564209e-01 2.031872570514678955e-01 -6.391444057226181030e-02 -3.165028989315032959e-01 2.656187713146209717e-01 1.156971827149391174e-01 -5.180981159210205078e-01 1.278400719165802002e-01 -2.864568233489990234e-01 1.066717803478240967e-01 9.141876548528671265e-02 4.117732346057891846e-01 3.266769051551818848e-01 3.467456400394439697e-01 -1.995894312858581543e-01 -2.039175033569335938e-01 8.910015225410461426e-01 6.722883582115173340e-01 -3.309792876243591309e-01 -5.002146363258361816e-01 -8.686216920614242554e-02 2.818305194377899170e-01 -3.966757059097290039e-01 2.317848205566406250e-01 -9.279687702655792236e-02 1.015133410692214966e-01 -3.473780304193496704e-02 8.097733259201049805e-01 -1.773609817028045654e-01 -6.998140811920166016e-01 9.372257441282272339e-02 2.335008084774017334e-01 4.528632760047912598e-02 -2.058742642402648926e-01 -5.790897607803344727e-01 2.816727012395858765e-02 5.735414102673530579e-02 4.029208421707153320e-01 5.858610868453979492e-01 4.728912934660911560e-02 3.003029823303222656e-01 -1.418897807598114014e-01 -6.700881570577621460e-02 1.317855566740036011e-01 -1.048737950623035431e-02
-2.710054218769073486e-01 -3.368051052093505859e-01 -4.941735416650772095e-02 -4.786181449890136719e-01 -2.188220918178558350e-01 2.472541853785514832e-02 6.038697808980941772e-02 -3.457578122615814209e-01 -1.482367217540740967e-01 5.116407871246337891e-01 -4.083932042121887207e-01 2.065124362707138062e-02 -5.772891044616699219e-01 4.171901047229766846e-01 -1.481577455997467041e-01 -1.355738937854766846e-01 3.290231525897979736e-01 3.806731477379798889e-02 -3.870482742786407471e-01 6.484941393136978149e-02 1.806703954935073853e-01 -2.098667025566101074e-01 -3.587341010570526123e-01 2.940670251846313477e-01 -7.274278253316879272e-02 -4.689550399780273438e-01 -4.386000335216522217e-02 -6.008932739496231079e-02 -6.898489594459533691e-02 1.983581781387329102e-01 3.582918643951416016e-01 3.907147943973541260e-01 1.308840811252593994e-01 2.650069594383239746e-01 -4.109663963317871094e-01 8.249384760856628418e-01 2.502214312553405762e-01 -3.124512434005737305e-01 5.830102413892745972e-02 -1.229109689593315125e-01 2.099585235118865967e-01 -1.123595833778381348e-01 3.724540770053863525e-01 1.705603748559951782e-01 2.250673919916152954e-01 3.144552409648895264e-01 5.567689538002014160e-01 7.801847159862518311e-02 -7.233324050903320312e-01 3.436326682567596436e-01 4.190831631422042847e-02 2.066880762577056885e-01 1.055526286363601685e-01 6.236407160758972168e-02 1.564944088459014893e-01 9.087251871824264526e-02 5.490761995315551758e-01 5.313813686370849609e-01 3.485604822635650635e-01 1.093996390700340271e-01 -8.322913944721221924e-02 2.613962590694427490e-01 2.673135697841644287e-01 4.012444317340850830e-01
-3.964242339134216309e-01 -2.947327867150306702e-02 -2.896261811256408691e-01 -3.541442155838012695e-01 -2.965500354766845703e-01 -1.907096430659294128e-02 3.063841164112091064e-01 -5.579218864440917969e-01 1.128973066806793213e-02 4.532739222049713135e-01 -6.865206360816955566e-01 1.504202485084533691e-01 -5.814830660820007324e-01 1.886147558689117432e-01 -1.893752515316009521e-01 1.958546414971351624e-02 1.471833586692810059e-01 -1.014059782028198242e-02 -5.196942090988159180e-01 2.421742863953113556e-02 2.714985609054565430e-01 5.116647109389305115e-02 -4.307412803173065186e-01 5.450546741485595703e-01 1.987260282039642334e-01 -3.084741234779357910e-01 1.929012835025787354e-01 -3.621490001678466797e-01 2.094474434852600098e-01 6.282663345336914062e-02 4.726658463478088379e-01 2.768839299678802490e-01 -9.577427059412002563e-03 5.938838422298431396e-02 -2.411237955093383789e-01 9.431854486465454102e-01 4.343918561935424805e-01 -3.402183055877685547e-01 -9.179680794477462769e-02 -3.748040199279785156e-01 4.658733010292053223e-01 -4.456961452960968018e-01 2.453297972679138184e-01 1.678585857152938843e-01 5.162512063980102539e-01 1.757970750331878662e-01 7.802073955535888672e-01 3.067072629928588867e-01 -6.961044073104858398e-01 2.862796932458877563e-02 -2.502986788749694824e-01 7.117322832345962524e-02 1.254305392503738403e-01 -2.341131418943405151e-01 1.684579253196716309e-01 1.585893481969833374e-01 3.481813967227935791e-01 4.354564845561981201e-01 2.637192606925964355e-02 -2.063404023647308350e-01 -9.203881025314331055e-02 -8.636719733476638794e-02 1.848716586828231812e-01 4.351727068424224854e-01
-5.001170039176940918e-01 -7.390438765287399292e-02 -1.201746538281440735e-01 -4.557521939277648926e-01 1.710513234138488770e-01 1.090962141752243042e-01 3.548359870910644531e-02 -6.299532651901245117e-01 -4.704041779041290283e-01 3.909601569175720215e-01 -4.106698632240295410e-01 1.164172515273094177e-01 -5.855569839477539062e-01 3.979795277118682861e-01 8.202855288982391357e-02 2.891693497076630592e-03 1.051035374402999878e-01 1.807877123355865479e-01 -5.095379352569580078e-01 5.923880636692047119e-02 6.939800083637237549e-02 -2.014178633689880371e-01 -2.794740498065948486e-01 2.501914799213409424e-01 -7.249764353036880493e-02 -5.400731563568115234e-01 2.909576147794723511e-02 -1.903925240039825439e-01 6.268689036369323730e-02 1.463118940591812134e-01 4.505082964897155762e-01 4.169231057167053223e-01 3.954063057899475098e-01 -1.060467436909675598e-01 -2.017970085144042969e-01 6.252357959747314453e-01 6.115831732749938965e-01 -4.499309360980987549e-01 -3.731755316257476807e-01 -8.523914963006973267e-02 2.183637171983718872e-01 -3.011388480663299561e-01 3.824580907821655273e-01 -5.972106754779815674e-02 1.056959852576255798e-02 2.466714382171630859e-02 6.859654188156127930e-01 -7.676111906766891479e-02 -6.220801472663879395e-01 2.840397655963897705e-01 2.303676307201385498e-01 1.834787279367446899e-01 -1.293222308158874512e-01 -4.352878332138061523e-01 1.077515557408332825e-01 6.946203112602233887e-02 3.619405031204223633e-01 5.688017010688781738e-01 1.488910913467407227e-01 2.632725834846496582e-01 -2.550024390220642090e-01 -4.365123808383941650e-03 2.909205853939056396e-01 5.399200320243835449e-02
-2.620640993118286133e-01 -4.585162401199340820e-01 -1.594856381416320801e-01 -5.837337374687194824e-01 -1.791759729385375977e-01 2.900611758232116699e-01 1.910500824451446533e-01 -4.799270033836364746e-01 -3.754030764102935791e-01 3.363513946533203125e-01 -5.250551700592041016e-01 2.102099359035491943e-03 -5.609875321388244629e-01 1.263777613639831543e-01 -2.466688305139541626e-02 -1.230294853448867798e-01 1.606808155775070190e-01 -1.636537909507751465e-01 -3.215057849884033203e-01 2.396108508110046387e-01 2.530128359794616699e-01 -2.636923789978027344e-01 -3.036229908466339111e-01 5.122950077056884766e-01 -1.240683123469352722e-01 -3.052919507026672363e-01 -1.858696341514587402e-01 -1.676521301269531250e-01 1.664640903472900391e-01 -1.850668191909790039e-01 4.982406795024871826e-01 5.492528676986694336e-01 3.075456917285919189e-01 2.879970073699951172e-01 -1.612364053726196289e-01 9.453730583190917969e-01 2.575394809246063232e-01 -4.375279545783996582e-01 7.488348335027694702e-02 -2.257331609725952148e-01 2.057973742485046387e-01 -2.719918191432952881e-01 6.383087635040283203e-01 3.489876687526702881e-01 2.619543969631195068e-01 2.104110717773437500e-01 6.140938401222229004e-01 3.220954537391662598e-01 -6.965805292129516602e-01 3.245288133621215820e-01 8.321567624807357788e-02 1.849263012409210205e-01 1.241706162691116333e-01 -6.834354251623153687e-02 1.658151149749755859e-01 3.390914201736450195e-01 4.041344523429870605e-01 5.808453559875488281e-01 9.056501090526580811e-02 9.136520326137542725e-03 -7.755547761917114258e-02 2.591649293899536133e-01 3.192616999149322510e-01 2.233837991952896118e-01
-4.442471563816070557e-01 -1.590821444988250732e-01 -5.781387537717819214e-02 -3.247849047183990479e-01 8.508101105690002441e-03 3.335574567317962646e-01 4.700257629156112671e-02 -5.407035350799560547e-01 -4.647655487060546875e-01 6.670967340469360352e-01 -5.595986247062683105e-01 9.194942563772201538e-02 -3.400321304798126221e-01 2.523307800292968750e-01 -8.306612819433212280e-02 2.179268375039100647e-02 2.080730944871902466e-01 7.438947260379791260e-02 -5.660732984542846680e-01 -1.305719912052154541e-01 1.561752855777740479e-01 4.480949789285659790e-02 -3.775504827499389648e-01 1.795660406351089478e-01 -1.849355734884738922e-02 -3.781270682811737061e-01 -1.734440475702285767e-01 -2.260106950998306274e-01 1.908798515796661377e-01 1.080382764339447021e-01 5.101628303527832031e-01 5.774132013320922852e-01 3.751907944679260254e-01 4.766366630792617798e-02 -3.627838492393493652e-01 5.417366027832031250e-01 2.969857752323150635e-01 -7.877266407012939453e-02 -4.939448833465576172e-02 -2.315109223127365112e-02 -8.213812857866287231e-02 2.338482066988945007e-03 2.779751718044281006e-01 -6.407427787780761719e-02 4.712186288088560104e-03 4.141533672809600830e-01 6.352987885475158691e-01 1.199695914983749390e-01 -5.631635189056396484e-01 4.856711328029632568e-01 5.859678238630294800e-02 2.080253064632415771e-01 -1.071941703557968140e-01 -2.271468341350555420e-01 3.217019438743591309e-01 7.626704871654510498e-02 2.590498924255371094e-01 3.994969427585601807e-01 5.286742448806762695e-01 4.914491623640060425e-02 -2.137414216995239258e-01 6.328094750642776489e-02 2.841939926147460938e-01 1.216848790645599365e-01
-5.422812104225158691e-01 -1.715640127658843994e-01 2.323365509510040283e-01 -4.660359025001525879e-01 2.526064813137054443e-01 3.926210105419158936e-01 -8.340873569250106812e-02 -4.423359334468841553e-01 -5.342634320259094238e-01 6.873859763145446777e-01 -4.182323217391967773e-01 3.054652363061904907e-02 -1.849227547645568848e-01 3.609647154808044434e-01 -6.118461489677429199e-03 3.485867753624916077e-02 3.354243040084838867e-01 1.826154738664627075e-01 -4.268268048763275146e-01 3.516739606857299805e-02 3.570559620857238770e-01 -2.002666443586349487e-01 -3.542214334011077881e-01 7.316915690898895264e-02 -2.747037447988986969e-02 -2.719008326530456543e-01 -2.798474729061126709e-01 -8.287128061056137085e-02 -7.050275802612304688e-03 2.708170562982559204e-03 4.072699248790740967e-01 4.151043295860290527e-01 6.662818193435668945e-01 -8.780242502689361572e-02 -3.927946984767913818e-01 5.102940797805786133e-01 5.421925783157348633e-01 -9.535121917724609375e-02 -3.167396485805511475e-01 1.286737173795700073e-01 -3.068162500858306885e-01 1.302104443311691284e-01 5.218549966812133789e-01 -2.785328030586242676e-02 -2.414790391921997070e-01 2.527167797088623047e-01 6.867134571075439453e-01 -1.389849185943603516e-01 -5.244266986846923828e-01 5.656479001045227051e-01 1.335686445236206055e-01 1.742614358663558960e-01 -2.381079792976379395e-01 -4.010099768638610840e-01 3.438651263713836670e-01 3.551405668258666992e-02 1.885721385478973389e-01 3.591586947441101074e-01 4.660068154335021973e-01 2.477076053619384766e-01 -1.196696162223815918e-01 1.583292484283447266e-01 4.767743945121765137e-01 -2.155411392450332642e-01
-5.734790563583374023e-01 -9.491877257823944092e-02 5.648305267095565796e-02 -3.823066949844360352e-01 1.003857329487800598e-01 -8.326338231563568115e-02 -6.761678308248519897e-02 -4.885495007038116455e-01 -2.682829201221466064e-01 7.310516834259033203e-01 -4.558239281177520752e-01 1.944974958896636963e-01 -2.924763858318328857e-01 4.596077501773834229e-01 -1.565479338169097900e-01 6.727559119462966919e-02 2.735581696033477783e-01 2.752494513988494873e-01 -4.943228662014007568e-01 -2.866941876709461212e-02 3.598302304744720459e-01 -8.801458030939102173e-02 -4.763104319572448730e-01 -4.206033796072006226e-02 1.702579706907272339e-01 -4.194777309894561768e-01 1.451000124216079712e-01 -2.025951892137527466e-01 -1.365946680307388306e-01 3.950704336166381836e-01 3.603308200836181641e-01 1.586048454046249390e-01 3.585443496704101562e-01 -1.584516018629074097e-01 -4.046314954757690430e-01 7.836533784866333008e-01 3.617926537990570068e-01 -4.275497049093246460e-02 -4.686543047428131104e-01 1.921922564506530762e-01 3.790918737649917603e-02 -1.157900393009185791e-01 2.659076154232025146e-01 -2.006862163543701172e-01 8.517518639564514160e-02 8.620876818895339966e-02 6.983063220977783203e-01 -3.904158473014831543e-01 -6.079010367393493652e-01 2.678633034229278564e-01 1.778327673673629761e-02 1.774537563323974609e-01 -9.050554037094116211e-02 -4.620850086212158203e-01 3.208385407924652100e-01 -1.423385590314865112e-01 2.380579113960266113e-01 4.318054020404815674e-01 4.834786653518676758e-01 3.185483813285827637e-01 2.255932241678237915e-02 1.050139889121055603e-01 2.665499746799468994e-01 1.833160668611526489e-01
-4.317048490047454834e-01 -2.226175367832183838e-01 -1.726316660642623901e-02 -5.373657941818237305e-01 1.082304343581199646e-01 1.270599663257598877e-01 -4.567044228315353394e-02 -4.503838121891021729e-01 -3.163191378116607666e-01 5.562030076980590820e-01 -4.497469663619995117e-01 7.269041985273361206e-02 -4.156349301338195801e-01 4.007705748081207275e-01 -3.958586603403091431e-02 2.154410257935523987e-02 2.732568383216857910e-01 1.273997873067855835e-01 -3.703689277172088623e-01 7.436625659465789795e-02 3.238919377326965332e-01 -1.956727206707000732e-01 -3.769055604934692383e-01 1.598761677742004395e-01 3.246920555830001831e-02 -3.969134986400604248e-01 -3.961910679936408997e-02 -2.516527473926544189e-02 -1.518944650888442993e-01 6.108814105391502380e-02 3.426161408424377441e-01 2.711710035800933838e-01 3.924502432346343994e-01 -1.135411113500595093e-01 -3.404998481273651123e-01 8.106754422187805176e-01 4.700396656990051270e-01 -3.438595831394195557e-01 -3.150567412376403809e-01 4.661423712968826294e-02 1.002732887864112854e-01 -1.114964783191680908e-01 4.611858427524566650e-01 7.558289170265197754e-02 1.120466273277997971e-03 9.273455291986465454e-02 6.839982867240905762e-01 -2.412951141595840454e-01 -6.281141638755798340e-01 2.787340581417083740e-01 1.078032925724983215e-01 1.735353767871856689e-01 -6.565019488334655762e-02 -4.345459640026092529e-01 2.906966507434844971e-01 5.508445203304290771e-02 3.628019094467163086e-01 5.292496085166931152e-01 2.495093196630477905e-01 2.329199910163879395e-01 -5.306832492351531982e-02 2.074179053306579590e-01 4.007480740547180176e-01 3.902362287044525146e-02
-9.803915768861770630e-02 -3.946404159069061279e-01 -4.605527520179748535e-01 -4.943903982639312744e-01 -2.619895935058593750e-01 7.445091009140014648e-02 3.722376823425292969e-01 -5.386614203453063965e-01 -4.459971487522125244e-01 1.627823710441589355e-01 -5.360051393508911133e-01 -7.091527432203292847e-02 -6.648383140563964844e-01 -8.551836013793945312e-03 -3.946814686059951782e-02 -4.159764945507049561e-02 -7.737480849027633667e-02 -1.218094676733016968e-01 -3.747370839118957520e-01 1.965287774801254272e-01 6.104686483740806580e-02 -1.564041711390018463e-02 -1.472266316413879395e-01 6.205115318298339844e-01 -1.212577149271965027e-01 -3.773151040077209473e-01 -2.645149268209934235e-02 -4.475377202033996582e-01 5.252475738525390625e-01 -1.002701073884963989e-01 5.775994062423706055e-01 5.403192043304443359e-01 -4.603091999888420105e-02 3.554612398147583008e-01 -1.826010346412658691e-01 6.343345046043395996e-01 3.615684509277343750e-01 -3.742591440677642822e-01 2.218005657196044922e-01 -3.468120694160461426e-01 4.496702551841735840e-01 -5.311579704284667969e-01 4.069145917892456055e-01 7.686779648065567017e-02 2.060457170009613037e-01 2.908371388912200928e-01 5.637473464012145996e-01 7.757396697998046875e-01 -7.226524949073791504e-01 2.950065135955810547e-01 5.455940216779708862e-02 8.931997418403625488e-02 1.358420401811599731e-01 -7.968566566705703735e-02 5.663333088159561157e-02 4.188314080238342285e-01 3.377082347869873047e-01 4.738754928112030029e-01 9.874922037124633789e-02 -1.997320801019668579e-01 -1.476309746503829956e-01 -8.363457024097442627e-02 2.248660922050476074e-01 3.963617980480194092e-01
-1.675909459590911865e-01 -1.665058135986328125e-01 -4.136781692504882812e-01 -3.592239022254943848e-01 -1.388445198535919189e-01 -5.492697283625602722e-02 4.533553421497344971e-01 -5.302389860153198242e-01 -2.393665313720703125e-01 3.022757470607757568e-01 -5.855017900466918945e-01 1.098063811659812927e-01 -6.924344301223754883e-01 2.595382183790206909e-02 -1.514985263347625732e-01 -5.024516955018043518e-02 -9.925273247063159943e-03 6.894528865814208984e-02 -4.883711636066436768e-01 9.717202186584472656e-02 2.337534427642822266e-01 1.733454465866088867e-01 -2.962549924850463867e-01 4.788484573364257812e-01 1.214544400572776794e-01 -2.813309431076049805e-01 2.524352371692657471e-01 -4.445531368255615234e-01 3.171747624874114990e-01 5.618407204747200012e-02 5.672647953033447266e-01 3.560050129890441895e-01 -8.432716876268386841e-02 -5.687864497303962708e-02 1.053552702069282532e-01 9.151770472526550293e-01 4.768478870391845703e-01 -4.087473452091217041e-01 -1.071406453847885132e-01 -3.856486976146697998e-01 5.749180316925048828e-01 -5.860955715179443359e-01 1.620174795389175415e-01 5.547680705785751343e-02 2.864374816417694092e-01 3.136258572340011597e-02 7.620933651924133301e-01 3.045319914817810059e-01 -7.447855472564697266e-01 -1.866374462842941284e-01 -9.709554165601730347e-02 5.210503935813903809e-02 2.389982342720031738e-02 -5.174200534820556641e-01 1.541984975337982178e-01 2.307466864585876465e-01 3.208298385143280029e-01 4.358926713466644287e-01 1.578225940465927124e-02 -1.200444400310516357e-01 -1.832093894481658936e-01 -2.106919884681701660e-01 -2.319000661373138428e-03 4.823297560214996338e-01
-1.840998828411102295e-01 -4.692186787724494934e-02 -5.053097605705261230e-01 -3.036382794380187988e-01 -1.202032715082168579e-01 -3.562070056796073914e-02 3.919577300548553467e-01 -6.119924783706665039e-01 -2.056031525135040283e-01 1.912651062011718750e-01 -4.572449326515197754e-01 3.501538187265396118e-02 -8.336501717567443848e-01 1.546396315097808838e-01 -4.987476766109466553e-02 1.359952613711357117e-02 -2.075978219509124756e-01 1.358967572450637817e-01 -4.333409368991851807e-01 5.813772976398468018e-02 -9.876894950866699219e-02 -1.673611067235469818e-02 -2.282481789588928223e-01 5.579478740692138672e-01 1.510033570230007172e-02 -3.451449275016784668e-01 2.196706384420394897e-01 -4.524043500423431396e-01 2.417062819004058838e-01 8.000250905752182007e-02 5.090978741645812988e-01 3.011237382888793945e-01 -1.752346605062484741e-01 5.341444909572601318e-02 9.477438777685165405e-02 7.107533812522888184e-01 5.730695724487304688e-01 -6.154593229293823242e-01 3.382427245378494263e-02 -5.767813920974731445e-01 7.192745804786682129e-01 -6.975299119949340820e-01 1.744061857461929321e-01 1.438773870468139648e-01 3.006938397884368896e-01 -1.206078380346298218e-01 6.642184853553771973e-01 4.152177572250366211e-01 -8.371835350990295410e-01 -1.846890002489089966e-01 3.111042082309722900e-03 1.057623699307441711e-01 -7.859732955694198608e-03 -3.590120971202850342e-01 -1.261226087808609009e-01 1.777644455432891846e-01 3.668737709522247314e-01 5.178140401840209961e-01 -2.256754636764526367e-01 -1.158678755164146423e-01 -3.249470293521881104e-01 -3.189413845539093018e-01 6.539779156446456909e-02 4.160435199737548828e-01
-3.315715193748474121e-01 -1.649414002895355225e-01 -1.891982108354568481e-01 -5.728450417518615723e-01 -1.661862432956695557e-01 -1.318094432353973389e-01 2.671890258789062500e-01 -4.606851041316986084e-01 -1.652701348066329956e-01 4.717717170715332031e-01 -5.960602760314941406e-01 1.190018802881240845e-01 -4.405333399772644043e-01 2.624423205852508545e-01 -1.906991600990295410e-01 4.581839963793754578e-02 3.775279819965362549e-01 -1.188562214374542236e-01 -3.362120687961578369e-01 2.214395105838775635e-01 5.087205171585083008e-01 8.099657297134399414e-02 -4.650161266326904297e-01 5.170258283615112305e-01 2.869951426982879639e-01 -4.452876150608062744e-01 9.722544252872467041e-02 -4.131677448749542236e-01 2.700885534286499023e-01 -2.098977193236351013e-02 4.425181448459625244e-01 3.921822309494018555e-01 7.109269499778747559e-02 1.137749254703521729e-01 -3.252809047698974609e-01 9.397118687629699707e-01 3.771497011184692383e-01 -1.356183886528015137e-01 -1.141809001564979553e-01 -2.695301175117492676e-01 3.699757754802703857e-01 -3.930605351924896240e-01 1.978296935558319092e-01 8.824436366558074951e-02 2.875023782253265381e-01 2.039861977100372314e-01 8.687712550163269043e-01 2.389035969972610474e-01 -6.911166906356811523e-01 1.180044189095497131e-01 -6.234256178140640259e-02 1.211167052388191223e-01 1.043557226657867432e-01 -3.728763759136199951e-01 2.312173545360565186e-01 1.540316045284271240e-01 3.434198498725891113e-01 5.764967799186706543e-01 2.411640435457229614e-01 2.871806174516677856e-02 2.372893318533897400e-02 -1.549872756004333496e-02 8.359788358211517334e-02 2.752691507339477539e-01
-4.527285099029541016e-01 3.538364917039871216e-02 -4.010022431612014771e-02 -4.234506487846374512e-01 1.617304384708404541e-01 1.082190424203872681e-01 6.860437244176864624e-02 -5.915430784225463867e-01 -3.974104225635528564e-01 4.944000840187072754e-01 -4.653333723545074463e-01 1.230234429240226746e-01 -5.375633239746093750e-01 4.628455936908721924e-01 -2.825807034969329834e-02 -3.904112800955772400e-02 1.644040346145629883e-01 1.852574199438095093e-01 -5.735454559326171875e-01 2.651479281485080719e-02 3.335032239556312561e-02 -1.156978085637092590e-01 -3.133595287799835205e-01 2.320821285247802734e-01 -1.802861131727695465e-02 -4.810922145843505859e-01 9.019336849451065063e-02 -3.296185135841369629e-01 1.273238062858581543e-01 1.833836734294891357e-01 5.244705677032470703e-01 4.352977275848388672e-01 2.201453447341918945e-01 -2.141102403402328491e-02 -3.127544820308685303e-01 6.539353132247924805e-01 5.798101425170898438e-01 -3.378067314624786377e-01 -2.731988430023193359e-01 -9.701008349657058716e-02 2.862357199192047119e-01 -2.509279847145080566e-01 2.987433373928070068e-01 -1.148763597011566162e-01 1.242821887135505676e-01 1.190252527594566345e-01 7.226667404174804688e-01 -2.289093285799026489e-02 -7.066074609756469727e-01 2.905191779136657715e-01 1.044025942683219910e-01 1.517350673675537109e-01 -2.064871788024902344e-01 -3.566669225692749023e-01 1.091924682259559631e-01 2.039936929941177368e-02 2.841733992099761963e-01 4.060982763767242432e-01 2.794436216354370117e-01 1.272199153900146484e-01 -2.228372097015380859e-01 -5.479596555233001709e-03 1.831528991460800171e-01 1.175500229001045227e-01
-2.233984172344207764e-01 -1.589736640453338623e-01 -2.694958448410034180e-01 -5.721236467361450195e-01 -2.779413759708404541e-02 5.039915442466735840e-03 5.055931210517883301e-01 -5.033067464828491211e-01 -4.545760750770568848e-01 2.404152452945709229e-01 -4.817690849304199219e-01 1.363917440176010132e-02 -6.512324810028076172e-01 6.381433457136154175e-02 -1.304458677768707275e-01 3.258882835507392883e-02 -1.014219131320714951e-02 -3.204217925667762756e-02 -4.653101861476898193e-01 9.121807664632797241e-02 2.822486162185668945e-01 1.301206462085247040e-02 -1.329312622547149658e-01 5.301913022994995117e-01 1.152062974870204926e-02 -2.661025226116180420e-01 2.085897028446197510e-01 -5.395337343215942383e-01 4.709218442440032959e-01 -8.218881487846374512e-02 5.693285465240478516e-01 3.841791749000549316e-01 3.026781976222991943e-02 1.708999276161193848e-02 3.312307596206665039e-02 8.582304716110229492e-01 5.983365178108215332e-01 -3.736698329448699951e-01 -1.720590591430664062e-01 -3.553540408611297607e-01 4.646871984004974365e-01 -5.017735362052917480e-01 2.241514921188354492e-01 5.626384913921356201e-02 2.584280967712402344e-01 -1.616280525922775269e-02 8.569618463516235352e-01 2.817692756652832031e-01 -8.090641498565673828e-01 -3.417969122529029846e-02 2.974637597799301147e-02 4.200623929500579834e-02 -1.494090259075164795e-01 -5.798224210739135742e-01 2.084901630878448486e-01 1.259679645299911499e-01 2.529481053352355957e-01 4.634484648704528809e-01 9.453524649143218994e-02 -1.906246691942214966e-02 -1.996787935495376587e-01 -2.671983838081359863e-01 5.968547239899635315e-02 3.252432346343994141e-01
-1.781035959720611572e-01 -2.093039155006408691e-01 -4.142650663852691650e-01 -4.887324273586273193e-01 -6.283526122570037842e-02 1.245828568935394287e-01 1.890328228473663330e-01 -5.761403441429138184e-01 -3.337951302528381348e-01 2.284005731344223022e-01 -4.823176860809326172e-01 -2.477743476629257202e-02 -7.809938192367553711e-01 2.456807494163513184e-01 2.868858352303504944e-02 -4.752641916275024414e-02 7.673376239836215973e-03 5.632782354950904846e-02 -3.711805939674377441e-01 2.019532024860382080e-01 2.168198674917221069e-02 -2.440008223056793213e-01 -2.818895280361175537e-01 5.832473039627075195e-01 -1.023092642426490784e-01 -3.491075038909912109e-01 -3.505409881472587585e-02 -2.769470810890197754e-01 1.794777661561965942e-01 -1.734820753335952759e-01 5.212432146072387695e-01 4.500594735145568848e-01 2.066804096102714539e-02 1.854275763034820557e-01 -1.511195302009582520e-01 6.781480908393859863e-01 5.250589847564697266e-01 -7.002564668655395508e-01 1.099061444401741028e-01 -5.080940127372741699e-01 4.715370535850524902e-01 -4.696940183639526367e-01 4.337799251079559326e-01 2.932518124580383301e-01 2.073626667261123657e-01 6.074141710996627808e-02 6.085647344589233398e-01 3.845205903053283691e-01 -7.855959534645080566e-01 1.803574264049530029e-01 8.147714287042617798e-02 1.784292310476303101e-01 1.657249405980110168e-02 -1.820009648799896240e-01 -8.839462697505950928e-02 2.833885550498962402e-01 3.843724131584167480e-01 5.604970455169677734e-01 -1.507696360349655151e-01 -1.303647458553314209e-02 -2.797540426254272461e-01 -6.462822109460830688e-02 2.494170516729354858e-01 1.751307696104049683e-01
-4.890293180942535400e-01 -2.200337648391723633e-01 -6.456848978996276855e-02 -4.077987670898437500e-01 2.236285209655761719e-01 2.382238954305648804e-01 -4.877910763025283813e-02 -5.162580609321594238e-01 -5.095748901367187500e-01 5.047471523284912109e-01 -3.432266414165496826e-01 -9.881841391324996948e-02 -4.338712394237518311e-01 3.797392845153808594e-01 2.047394961118698120e-02 -7.935937494039535522e-03 2.367165535688400269e-01 7.035495340824127197e-02 -4.405748546123504639e-01 1.012914776802062988e-01 2.138059735298156738e-01 -2.046028375625610352e-01 -1.923541128635406494e-01 2.364125847816467285e-01 2.008613012731075287e-02 -2.714154422283172607e-01 -5.673760920763015747e-02 -2.480332255363464355e-01 5.760424584150314331e-02 -5.940777435898780823e-02 4.327678382396697998e-01 2.155341207981109619e-01 4.625485539436340332e-01 1.195959746837615967e-02 -2.019288241863250732e-01 6.927213668823242188e-01 6.245176792144775391e-01 -3.468104600906372070e-01 -3.068138659000396729e-01 -6.825182586908340454e-02 6.217406690120697021e-02 -2.101698368787765503e-01 6.523226499557495117e-01 -2.325004339218139648e-02 -7.974983751773834229e-02 1.699950397014617920e-01 7.527521252632141113e-01 -6.903470307588577271e-02 -7.690441608428955078e-01 4.182296693325042725e-01 -2.434249967336654663e-02 1.198275461792945862e-01 -8.226253092288970947e-02 -3.859372138977050781e-01 1.704542934894561768e-01 1.035553440451622009e-01 3.060377240180969238e-01 3.823657929897308350e-01 2.060742676258087158e-01 1.983595192432403564e-01 -1.430886983871459961e-01 2.352540940046310425e-02 2.698571979999542236e-01 -1.379259377717971802e-01
-3.084827959537506104e-01 -3.342808485031127930e-01 5.486427545547485352e-01 -6.569300293922424316e-01 -9.782021492719650269e-02 3.719467222690582275e-01 -1.887194067239761353e-02 -2.372073382139205933e-02 -1.722664982080459595e-01 7.633396983146667480e-01 -2.536062896251678467e-01 6.541951745748519897e-02 1.153135150671005249e-01 4.042521417140960693e-01 -2.543040812015533447e-01 -1.163045689463615417e-02 8.169327378273010254e-01 2.403808385133743286e-01 -1.547750830650329590e-01 -1.122894324362277985e-02 9.162313938140869141e-01 5.577242001891136169e-03 -6.002095341682434082e-01 4.713228344917297363e-02 4.077736288309097290e-02 -2.586185932159423828e-01 -5.485408306121826172e-01 3.179796636104583740e-01 -3.493619263172149658e-01 8.273970335721969604e-03 2.026913315057754517e-02 5.099990367889404297e-01 6.484019756317138672e-01 6.939178705215454102e-02 -5.449198484420776367e-01 4.962626397609710693e-01 2.724534869194030762e-01 2.535551488399505615e-01 7.162644714117050171e-02 1.940833032131195068e-01 -6.609571576118469238e-01 4.519087970256805420e-01 1.297988295555114746e-01 3.099945485591888428e-01 -4.459863603115081787e-01 4.992964863777160645e-01 6.969237327575683594e-01 -1.685256659984588623e-01 -3.606888949871063232e-01 4.248024225234985352e-01 1.883361935615539551e-01 2.104777544736862183e-01 -2.046427726745605469e-01 -3.037540316581726074e-01 6.227974891662597656e-01 -7.916082441806793213e-02 2.205687165260314941e-01 6.261831521987915039e-01 7.072833776473999023e-01 3.899046182632446289e-01 -9.985788166522979736e-02 3.207906484603881836e-01 3.980159461498260498e-01 1.603156141936779022e-02
-4.207172095775604248e-01 -1.779170632362365723e-01 -9.771927446126937866e-02 -5.214846730232238770e-01 1.189188882708549500e-01 8.033551275730133057e-04 1.006979495286941528e-01 -4.898444414138793945e-01 -3.250353932380676270e-01 4.796382188796997070e-01 -4.299836158752441406e-01 1.102413609623908997e-01 -4.578109085559844971e-01 3.304264545440673828e-01 -1.136581823229789734e-01 -6.856311857700347900e-02 2.077352255582809448e-01 1.273311376571655273e-01 -4.420943558216094971e-01 1.035073399543762207e-01 3.159273266792297363e-01 -1.001793220639228821e-01 -4.028842449188232422e-01 2.386953830718994141e-01 1.137035414576530457e-01 -4.957451820373535156e-01 1.930937729775905609e-02 -2.274540811777114868e-01 -4.475173726677894592e-02 1.621700078248977661e-01 3.851478099822998047e-01 3.329000174999237061e-01 2.413511574268341064e-01 -3.898838162422180176e-02 -2.921969592571258545e-01 7.594934105873107910e-01 5.942460894584655762e-01 -3.288384377956390381e-01 -2.517692446708679199e-01 -5.725472420454025269e-02 2.999242246150970459e-01 -2.753667831420898438e-01 2.847647368907928467e-01 2.603706717491149902e-02 1.459151878952980042e-02 6.571000069379806519e-02 6.578950285911560059e-01 -3.668461740016937256e-02 -6.155237555503845215e-01 1.346885263919830322e-01 9.892167896032333374e-02 1.768544316291809082e-01 2.754888311028480530e-02 -5.589438676834106445e-01 2.366664707660675049e-01 7.340230047702789307e-02 3.698487877845764160e-01 5.660839080810546875e-01 2.553198933601379395e-01 1.896974444389343262e-01 -1.670725345611572266e-01 1.832922697067260742e-01 2.260779738426208496e-01 1.631594896316528320e-01
-2.042502909898757935e-01 -3.498223051428794861e-02 -4.011241197586059570e-01 -5.146992802619934082e-01 -9.700441360473632812e-02 8.903931081295013428e-02 2.956106364727020264e-01 -5.801108479499816895e-01 -3.371861875057220459e-01 3.383585810661315918e-01 -5.227804780006408691e-01 3.825772553682327271e-02 -6.945872902870178223e-01 2.086458504199981689e-01 3.195312991738319397e-02 3.670700639486312866e-02 -2.618145197629928589e-02 5.052082240581512451e-03 -4.976385533809661865e-01 5.060598254203796387e-02 1.191647350788116455e-02 -9.845113381743431091e-03 -2.646132707595825195e-01 5.692692995071411133e-01 -5.326683074235916138e-02 -3.649048507213592529e-01 1.725896745920181274e-01 -5.026897192001342773e-01 3.357242345809936523e-01 -1.349545568227767944e-01 5.117553472518920898e-01 4.535171687602996826e-01 -6.862191110849380493e-02 1.154338866472244263e-01 -1.176796630024909973e-01 7.264087796211242676e-01 6.408025622367858887e-01 -4.944501519203186035e-01 1.199308112263679504e-01 -5.302731990814208984e-01 5.749096274375915527e-01 -4.973482787609100342e-01 2.203916907310485840e-01 1.766712516546249390e-01 2.137600630521774292e-01 9.025067836046218872e-02 7.378576397895812988e-01 4.070820808410644531e-01 -7.605217099189758301e-01 5.359537154436111450e-02 -4.720068722963333130e-02 1.855287551879882812e-01 -7.204911112785339355e-02 -3.135483860969543457e-01 -4.592774435877799988e-02 2.056643366813659668e-01 2.685743868350982666e-01 4.624778032302856445e-01 1.389502733945846558e-02 -5.730006471276283264e-02 -3.164804279804229736e-01 -1.920692324638366699e-01 1.458017081022262573e-01 2.275048792362213135e-01
-4.722631871700286865e-01 -1.782738268375396729e-01 -8.914016932249069214e-02 -5.350046753883361816e-01 8.867701143026351929e-02 1.004649698734283447e-01 2.090884149074554443e-01 -5.458432435989379883e-01 -4.801091253757476807e-01 4.269081354141235352e-01 -5.928432941436767578e-01 1.181082502007484436e-01 -5.296334624290466309e-01 2.498878836631774902e-01 -4.224569350481033325e-02 7.420750707387924194e-02 2.062569409608840942e-01 -4.119168967008590698e-03 -4.153132736682891846e-01 1.838124990463256836e-01 1.875079423189163208e-01 -2.276207506656646729e-01 -2.313452959060668945e-01 3.901669383049011230e-01 4.793895035982131958e-02 -4.339296519756317139e-01 -3.884635493159294128e-02 -3.039095997810363770e-01 3.163188099861145020e-01 -3.049794211983680725e-02 5.135681033134460449e-01 4.294709861278533936e-01 3.875135481357574463e-01 3.746139258146286011e-02 -2.648052871227264404e-01 7.439860701560974121e-01 5.163683891296386719e-01 -2.646933495998382568e-01 -3.606319725513458252e-01 -1.086596772074699402e-01 1.175240054726600647e-01 -2.462628036737442017e-01 4.740852415561676025e-01 9.064152836799621582e-03 1.601733565330505371e-01 1.618379652500152588e-01 7.958754897117614746e-01 1.034057438373565674e-01 -6.645423173904418945e-01 3.922359049320220947e-01 2.486754655838012695e-01 1.351186633110046387e-01 -1.243732124567031860e-01 -3.928648829460144043e-01 2.124694585800170898e-01 1.161263138055801392e-01 3.916829824447631836e-01 5.004344582557678223e-01 2.089765667915344238e-01 1.316494345664978027e-01 -8.211818337440490723e-02 -6.832721829414367676e-02 2.957628369331359863e-01 7.993176579475402832e-02
-6.027200222015380859e-01 -6.954231113195419312e-02 3.605307042598724365e-01 -1.889914125204086304e-01 4.044750630855560303e-01 3.402110636234283447e-01 -2.943493425846099854e-01 -4.880111813545227051e-01 -4.556309580802917480e-01 6.883481740951538086e-01 -2.051171958446502686e-01 7.267283648252487183e-02 -5.934417620301246643e-02 6.077881455421447754e-01 -1.178822889924049377e-01 -8.998442441225051880e-02 4.858551919460296631e-01 3.826582431793212891e-01 -5.523950457572937012e-01 -1.327550560235977173e-01 1.690667122602462769e-01 -1.675054728984832764e-01 -3.918070793151855469e-01 -2.560207843780517578e-01 -2.073794044554233551e-02 -3.021966218948364258e-01 -2.912948429584503174e-01 -1.820744574069976807e-02 -1.288039833307266235e-01 3.655174672603607178e-01 3.385121524333953857e-01 2.388057708740234375e-01 6.444351673126220703e-01 8.600056171417236328e-04 -4.041864871978759766e-01 3.983293771743774414e-01 4.248890280723571777e-01 -4.355216771364212036e-02 -4.022367298603057861e-01 3.236491978168487549e-01 -2.841559052467346191e-01 1.626119762659072876e-01 4.623742997646331787e-01 -8.267079293727874756e-02 -2.176309525966644287e-01 3.369996845722198486e-01 5.665031671524047852e-01 -3.770958781242370605e-01 -5.999362468719482422e-01 5.825154185295104980e-01 -5.577176064252853394e-02 8.710620552301406860e-02 -2.929447889328002930e-01 -3.417181968688964844e-01 3.658659160137176514e-01 -1.271527856588363647e-01 2.199532687664031982e-01 3.164372146129608154e-01 5.524891018867492676e-01 3.459967374801635742e-01 -2.478105127811431885e-01 1.808260381221771240e-01 2.300158888101577759e-01 -1.561644524335861206e-01
-4.429579079151153564e-01 7.931619882583618164e-03 3.512518703937530518e-01 -4.460133910179138184e-01 3.067458271980285645e-01 3.063462078571319580e-01 -1.862615644931793213e-01 -5.128647089004516602e-01 -5.151424407958984375e-01 7.171231508255004883e-01 -3.335765004158020020e-01 1.806278526782989502e-01 4.634227603673934937e-03 5.588533282279968262e-01 -5.174461007118225098e-02 -8.382033556699752808e-03 4.658494293689727783e-01 4.454187154769897461e-01 -4.963615834712982178e-01 -1.460003554821014404e-01 3.295826315879821777e-01 1.299156546592712402e-01 -4.729067683219909668e-01 -1.124315634369850159e-01 -6.709719076752662659e-03 -4.200247824192047119e-01 -2.298459410667419434e-01 -1.092611998319625854e-01 -1.812759414315223694e-02 3.283239603042602539e-01 3.285996317863464355e-01 5.406479835510253906e-01 5.506745576858520508e-01 -1.018551215529441833e-01 -4.505568146705627441e-01 5.001509785652160645e-01 4.687680602073669434e-01 2.292170375585556030e-02 -2.649455368518829346e-01 2.816225290298461914e-01 -2.480183094739913940e-01 1.480529308319091797e-01 1.067980229854583740e-01 -2.336811125278472900e-01 -3.140358924865722656e-01 2.671252787113189697e-01 7.668499946594238281e-01 -2.857422828674316406e-01 -5.340524911880493164e-01 4.120728969573974609e-01 1.204167827963829041e-01 5.517245084047317505e-02 -4.591318368911743164e-01 -5.305886864662170410e-01 4.017213284969329834e-01 -7.425025105476379395e-04 1.539404317736625671e-02 3.314123451709747314e-01 5.828694105148315430e-01 3.001664280891418457e-01 -2.244704663753509521e-01 1.213793233036994934e-01 1.921711564064025879e-01 -1.249570399522781372e-01
-3.603856861591339111e-01 4.231155663728713989e-02 -2.909899055957794189e-01 -4.100732803344726562e-01 -1.554968953132629395e-01 -4.248018190264701843e-02 3.066307306289672852e-01 -6.164034605026245117e-01 -2.801743745803833008e-01 3.911532461643218994e-01 -5.372685790061950684e-01 2.002776563167572021e-01 -6.067885756492614746e-01 3.073707520961761475e-01 -1.607481539249420166e-01 5.417291074991226196e-03 5.058214999735355377e-03 9.293736517429351807e-02 -6.237331628799438477e-01 -3.228206932544708252e-02 1.476414054632186890e-01 8.921641856431961060e-02 -3.318372070789337158e-01 4.489752948284149170e-01 7.257965952157974243e-02 -3.315177261829376221e-01 3.297365605831146240e-01 -4.644921720027923584e-01 3.542991280555725098e-01 1.815600842237472534e-01 5.925114750862121582e-01 4.136534035205841064e-01 -2.315023913979530334e-02 -7.196077704429626465e-02 -1.206830069422721863e-01 8.987725973129272461e-01 3.741044700145721436e-01 -3.991828858852386475e-01 -2.026345729827880859e-01 -2.751300632953643799e-01 5.404807329177856445e-01 -5.327548384666442871e-01 1.730000227689743042e-01 -5.586215853691101074e-02 4.831774830818176270e-01 1.060029864311218262e-02 8.600074052810668945e-01 1.979430168867111206e-01 -8.306601643562316895e-01 -1.278623938560485840e-02 -8.618413656949996948e-02 -1.875591836869716644e-02 -1.122334748506546021e-01 -3.543054163455963135e-01 7.245109230279922485e-02 1.065015867352485657e-01 2.566649317741394043e-01 4.277786612510681152e-01 1.168532520532608032e-01 -1.588595509529113770e-01 -1.691161096096038818e-01 -2.388901114463806152e-01 -6.875812076032161713e-03 4.420394003391265869e-01
-3.333897888660430908e-01 -2.793900668621063232e-01 -3.788044750690460205e-01 -5.003330111503601074e-01 -2.408518791198730469e-01 -2.282043918967247009e-02 1.974109113216400146e-01 -5.328472256660461426e-01 -2.254091203212738037e-01 4.117351472377777100e-01 -5.222426652908325195e-01 1.109729036688804626e-01 -6.281429529190063477e-01 2.453143298625946045e-01 -1.187878772616386414e-01 -5.785147100687026978e-02 8.038069307804107666e-02 -1.119537949562072754e-01 -3.778437376022338867e-01 1.583604812622070312e-01 2.621265351772308350e-01 -1.965553909540176392e-01 -4.295499622821807861e-01 5.227391719818115234e-01 9.881300479173660278e-02 -2.821905314922332764e-01 5.895786732435226440e-02 -3.277750909328460693e-01 1.511656194925308228e-01 -3.396476432681083679e-02 5.120835900306701660e-01 4.048278629779815674e-01 9.118209779262542725e-02 1.601923555135726929e-01 -2.528873980045318604e-01 9.731334447860717773e-01 2.678923904895782471e-01 -5.263221859931945801e-01 5.075506865978240967e-03 -3.706054687500000000e-01 3.908234834671020508e-01 -4.051096141338348389e-01 4.365676343441009521e-01 2.389427274465560913e-01 4.231522381305694580e-01 9.045136719942092896e-02 6.816685199737548828e-01 2.668330669403076172e-01 -8.466687202453613281e-01 1.554228365421295166e-01 -5.917441099882125854e-02 1.128154695034027100e-01 1.750231385231018066e-01 -1.231173798441886902e-01 -6.692725419998168945e-02 2.563639283180236816e-01 4.329453110694885254e-01 5.328855514526367188e-01 7.675189524888992310e-03 -9.138435125350952148e-02 -9.585931152105331421e-02 8.378951996564865112e-02 1.789280027151107788e-01 3.021047413349151611e-01
