{"_wandb":{"runtime":2144},"_runtime":2144,"_step":0,"loss_train":2.2778466034680607,"loss_val":2.1535441398620607,"_timestamp":1.7723361981779876e+09}