-6.582353115081787109e-01 -3.754966855049133301e-01 7.862306386232376099e-02 -4.690265357494354248e-01 1.273161768913269043e-01 1.412572413682937622e-01 2.606503963470458984e-01 -3.010129332542419434e-01 -2.413918524980545044e-01 5.643072128295898438e-01 -5.257607698440551758e-01 -9.341375529766082764e-02 -4.244256913661956787e-01 2.259322255849838257e-01 -2.060904502868652344e-01 -8.815311640501022339e-02 -7.463117688894271851e-02 3.175919502973556519e-02 -2.534530460834503174e-01 5.919095277786254883e-01 5.185635387897491455e-02 -5.992625355720520020e-01 8.608474582433700562e-02 3.525681495666503906e-01 3.174320161342620850e-01 -6.478094458580017090e-01 9.107319638133049011e-04 -1.852975189685821533e-01 5.114038586616516113e-01 -6.613691896200180054e-02 5.282615423202514648e-01 5.951514840126037598e-02 1.617456972599029541e-01 7.135484367609024048e-02 -1.973295509815216064e-01 4.442702531814575195e-01 3.769908249378204346e-01 -1.435552090406417847e-01 -1.814835071563720703e-01 -3.748337626457214355e-01 3.876903355121612549e-01 -1.811367720365524292e-01 8.572602272033691406e-01 -1.820680201053619385e-01 -2.308989316225051880e-02 -1.230910643935203552e-01 3.880338668823242188e-01 3.520990014076232910e-01 -7.270985841751098633e-01 1.842997074127197266e-01 3.151072859764099121e-01 2.384115010499954224e-01 1.064859777688980103e-01 -1.621001064777374268e-01 5.363487452268600464e-02 2.018706202507019043e-01 1.009930610656738281e+00 7.080526351928710938e-01 -4.142820090055465698e-02 6.044977158308029175e-02 -3.314567804336547852e-01 -9.989979863166809082e-02 2.269116789102554321e-01 3.224880099296569824e-01
-2.920791506767272949e-01 -4.356741309165954590e-01 -4.176889061927795410e-01 -3.194149434566497803e-01 -2.385993599891662598e-01 6.624984741210937500e-02 7.472819685935974121e-01 -2.527854442596435547e-01 -3.278354108333587646e-01 4.494779706001281738e-01 -4.597108364105224609e-01 -2.240677773952484131e-01 -6.637399196624755859e-01 -1.809229850769042969e-01 -4.644075334072113037e-01 -1.850194185972213745e-01 -3.602571785449981689e-01 9.591463208198547363e-02 -2.269213199615478516e-01 1.396404653787612915e-01 -1.937736868858337402e-01 -7.417340576648712158e-02 1.624340116977691650e-01 5.911700129508972168e-01 4.474807083606719971e-01 -3.876705765724182129e-01 1.661619544029235840e-01 -6.661372780799865723e-01 5.714508891105651855e-01 1.348996162414550781e-01 5.926957726478576660e-01 8.375093340873718262e-02 -3.322287201881408691e-01 -9.063463658094406128e-02 1.001595631241798401e-01 7.506826519966125488e-01 3.036894798278808594e-01 -2.964165806770324707e-01 1.219635382294654846e-01 -4.438846111297607422e-01 1.021130561828613281e+00 -5.174151062965393066e-01 3.351659774780273438e-01 -2.968494892120361328e-01 2.609825134277343750e-01 -2.396107316017150879e-01 5.186561346054077148e-01 7.740722298622131348e-01 -9.537288546562194824e-01 -3.487982749938964844e-01 2.914445400238037109e-01 -2.161221355199813843e-01 1.365070641040802002e-01 -4.652795791625976562e-01 5.137548595666885376e-02 4.772590398788452148e-01 8.211125731468200684e-01 4.707788527011871338e-01 -1.864320635795593262e-01 -4.211289286613464355e-01 -3.617307543754577637e-01 -5.999832749366760254e-01 -1.097917109727859497e-01 7.343294620513916016e-01
-7.930679917335510254e-01 -2.992544472217559814e-01 4.250657856464385986e-01 -2.833280861377716064e-01 4.155779778957366943e-01 2.916809022426605225e-01 -1.263089179992675781e-01 -2.670140862464904785e-01 -4.819173812866210938e-01 1.147626638412475586e+00 -6.138480901718139648e-01 1.398751735687255859e-01 -4.698315635323524475e-02 3.940984606742858887e-01 -1.149917170405387878e-01 1.061702221632003784e-01 1.400006860494613647e-01 2.417479455471038818e-01 -4.154286980628967285e-01 1.160693913698196411e-01 3.008505403995513916e-01 -1.656214445829391479e-01 -3.908174037933349609e-01 -1.502526402473449707e-01 3.558421730995178223e-01 -6.043974161148071289e-01 -1.662035733461380005e-01 -1.095073074102401733e-01 1.608967781066894531e-01 1.733096987009048462e-01 5.153243541717529297e-01 4.034070968627929688e-01 4.258256852626800537e-01 2.488974481821060181e-02 -7.178838849067687988e-01 1.206109523773193359e-01 1.700318753719329834e-01 3.361386060714721680e-01 -2.212971150875091553e-01 -4.613559693098068237e-02 -2.659908831119537354e-01 4.095185101032257080e-01 4.195438623428344727e-01 -4.514204263687133789e-01 -2.239823937416076660e-01 2.610242068767547607e-01 6.765055656433105469e-01 -3.045747280120849609e-01 -3.985436558723449707e-01 2.137599587440490723e-01 3.299664855003356934e-01 4.751598536968231201e-01 -3.464265167713165283e-01 -2.971751689910888672e-01 2.364613413810729980e-01 -1.667622923851013184e-01 3.650719821453094482e-01 4.162220060825347900e-01 7.517397403717041016e-01 4.506733268499374390e-02 -2.363354861736297607e-01 1.952282935380935669e-01 2.514327466487884521e-01 1.083149015903472900e-01
-5.222092866897583008e-01 -2.417113631963729858e-01 3.584873378276824951e-01 -2.421046793460845947e-01 3.970111012458801270e-01 3.189506530761718750e-01 3.939277678728103638e-02 -1.600204408168792725e-01 -6.748434901237487793e-01 1.097363829612731934e+00 -4.510561227798461914e-01 1.089663803577423096e-02 -2.288054078817367554e-01 2.080342918634414673e-01 -2.226468622684478760e-01 1.904692798852920532e-01 1.056534573435783386e-01 2.102831900119781494e-01 -5.508521199226379395e-01 -1.408352851867675781e-01 2.280748188495635986e-01 1.707591563463211060e-01 -1.951712071895599365e-01 -1.858991980552673340e-01 2.847486138343811035e-01 -4.779328405857086182e-01 -2.289582490921020508e-01 -3.160498440265655518e-01 4.033818244934082031e-01 1.847929358482360840e-01 6.414325237274169922e-01 7.129688858985900879e-01 1.391729414463043213e-01 -5.233750492334365845e-02 -5.969995856285095215e-01 6.932487338781356812e-02 1.171161010861396790e-01 4.487649500370025635e-01 -1.728489696979522705e-01 9.075030684471130371e-03 -3.405983746051788330e-01 4.222348928451538086e-01 8.510601520538330078e-02 -6.746467351913452148e-01 -2.891016006469726562e-01 3.824134171009063721e-01 6.855495572090148926e-01 -1.551201045513153076e-01 -4.482757449150085449e-01 2.397410869598388672e-01 2.194735258817672729e-01 3.822546601295471191e-01 -4.223680794239044189e-01 -4.048143923282623291e-01 5.554152131080627441e-01 -2.419734597206115723e-01 1.787757128477096558e-01 3.041612505912780762e-01 1.119486927986145020e+00 3.447476774454116821e-02 -2.236640900373458862e-01 -1.335231661796569824e-01 7.838124036788940430e-02 2.273201644420623779e-01
-5.551068782806396484e-01 -4.563653171062469482e-01 -4.995413869619369507e-02 -4.540098607540130615e-01 -1.783549785614013672e-03 1.346261799335479736e-01 3.941022455692291260e-01 -2.847095131874084473e-01 -3.063108921051025391e-01 4.979327917098999023e-01 -5.434700250625610352e-01 -4.293520748615264893e-02 -5.634850263595581055e-01 2.043330222368240356e-01 -2.169234752655029297e-01 -1.271751672029495239e-01 1.561846118420362473e-03 4.454484581947326660e-02 -1.887879073619842529e-01 5.135861039161682129e-01 -8.064288645982742310e-02 -5.469897985458374023e-01 4.193071275949478149e-02 4.164178371429443359e-01 2.691650986671447754e-01 -6.808369159698486328e-01 -1.464679557830095291e-02 -2.135821580886840820e-01 4.492163360118865967e-01 -1.564031094312667847e-02 5.585010647773742676e-01 1.117341890931129456e-01 1.019611656665802002e-01 2.258472144603729248e-03 -1.837631762027740479e-01 5.195080041885375977e-01 3.346854448318481445e-01 -2.559383213520050049e-01 -1.522095501422882080e-01 -3.658053576946258545e-01 6.283925175666809082e-01 -2.945372462272644043e-01 7.569825053215026855e-01 -1.131670176982879639e-01 9.504343569278717041e-02 -1.158230826258659363e-01 4.363423585891723633e-01 3.999836444854736328e-01 -7.381809949874877930e-01 7.279852777719497681e-02 5.038477182388305664e-01 1.794095486402511597e-01 8.826191723346710205e-02 -2.005483508110046387e-01 -2.136080712080001831e-02 2.532284855842590332e-01 1.057008862495422363e+00 7.312949895858764648e-01 -1.172676607966423035e-01 -5.451221019029617310e-02 -3.293925523757934570e-01 -1.571450978517532349e-01 2.057187408208847046e-01 4.641582965850830078e-01
-7.633846402168273926e-01 -3.206743597984313965e-01 2.739859521389007568e-01 -3.142282664775848389e-01 3.078695833683013916e-01 1.897365897893905640e-01 5.267021059989929199e-02 -2.782835066318511963e-01 -5.122259855270385742e-01 1.082001924514770508e+00 -5.737217664718627930e-01 8.596515655517578125e-02 -2.114469259977340698e-01 3.286091089248657227e-01 -2.015459835529327393e-01 1.290979534387588501e-01 5.293278396129608154e-02 1.826616227626800537e-01 -4.354395270347595215e-01 4.769214615225791931e-02 2.153367102146148682e-01 -1.804890781641006470e-01 -2.642495632171630859e-01 -1.116338372230529785e-02 3.737996816635131836e-01 -6.222784519195556641e-01 -9.805132448673248291e-02 -2.681522667407989502e-01 2.770164012908935547e-01 2.322747111320495605e-01 5.737421512603759766e-01 3.204225897789001465e-01 2.499782443046569824e-01 -7.256602495908737183e-02 -6.515000462532043457e-01 2.512090206146240234e-01 3.023880720138549805e-01 2.114967852830886841e-01 -2.436490356922149658e-01 -1.084780171513557434e-01 4.829429090023040771e-02 1.950275003910064697e-01 4.107882976531982422e-01 -4.877701997756958008e-01 -1.004271358251571655e-01 1.253348290920257568e-01 7.024911642074584961e-01 -8.483267575502395630e-02 -5.851886272430419922e-01 9.403710812330245972e-02 3.530313372611999512e-01 3.220316767692565918e-01 -2.468917071819305420e-01 -3.595255911350250244e-01 1.984250545501708984e-01 -1.164868175983428955e-01 5.252860784530639648e-01 4.080769717693328857e-01 5.973942875862121582e-01 -8.792226016521453857e-02 -2.153028100728988647e-01 6.329347193241119385e-02 2.724058032035827637e-01 2.132761180400848389e-01
-8.038827776908874512e-01 -2.120376825332641602e-01 4.120856225490570068e-01 -2.391624748706817627e-01 4.548802375793457031e-01 3.534362018108367920e-01 -1.862129271030426025e-01 -2.410320639610290527e-01 -5.166097879409790039e-01 1.172146081924438477e+00 -4.988388419151306152e-01 1.174739003181457520e-01 -1.069123595952987671e-01 4.294658899307250977e-01 -1.011598333716392517e-01 2.111575752496719360e-01 1.371669471263885498e-01 1.429782509803771973e-01 -4.788739085197448730e-01 -7.204842753708362579e-03 3.130717873573303223e-01 -7.614086568355560303e-02 -3.606169223785400391e-01 -2.091681361198425293e-01 3.758113682270050049e-01 -4.950956106185913086e-01 -1.842545419931411743e-01 -4.556819424033164978e-02 1.850958466529846191e-01 1.164266318082809448e-01 6.201373934745788574e-01 5.770021080970764160e-01 4.206022918224334717e-01 -5.337236076593399048e-02 -7.374387383460998535e-01 8.588746190071105957e-02 1.068468764424324036e-01 3.526580929756164551e-01 -2.625431418418884277e-01 3.543029353022575378e-02 -4.443188309669494629e-01 4.800872206687927246e-01 4.237834811210632324e-01 -4.661380052566528320e-01 -2.941462099552154541e-01 3.113417923450469971e-01 7.162259221076965332e-01 -3.013610839843750000e-01 -3.433350324630737305e-01 3.137956559658050537e-01 2.420566231012344360e-01 5.068295598030090332e-01 -2.925802767276763916e-01 -3.565990030765533447e-01 2.780106067657470703e-01 -3.178564310073852539e-01 2.770149409770965576e-01 4.058891832828521729e-01 9.027534723281860352e-01 5.962584167718887329e-02 -1.828873902559280396e-01 1.248446553945541382e-01 2.561185657978057861e-01 3.684372827410697937e-02
-2.567870020866394043e-01 -5.076029896736145020e-01 -2.075113952159881592e-01 -5.359684228897094727e-01 -9.118081629276275635e-02 2.434252761304378510e-02 3.775955438613891602e-01 -3.083526194095611572e-01 -2.800755202770233154e-01 5.289287567138671875e-01 -6.063446402549743652e-01 -1.507143974304199219e-01 -5.419406294822692871e-01 1.278946846723556519e-01 -2.235691845417022705e-01 -1.809400767087936401e-01 -8.909597992897033691e-03 1.698428988456726074e-01 -1.335546672344207764e-01 5.678775906562805176e-01 -1.562377810478210449e-01 -4.080826342105865479e-01 4.419865459203720093e-02 5.175330638885498047e-01 2.553818225860595703e-01 -7.231549024581909180e-01 -3.194409236311912537e-02 -3.582215905189514160e-01 4.120154380798339844e-01 -1.727578043937683105e-02 3.515789508819580078e-01 9.997797012329101562e-02 -2.343078330159187317e-02 1.164409443736076355e-01 -1.260803341865539551e-01 5.678828358650207520e-01 3.358845114707946777e-01 -2.774029970169067383e-01 4.725985974073410034e-02 -4.422632753849029541e-01 7.910308837890625000e-01 -3.406610488891601562e-01 5.320758223533630371e-01 -2.509267628192901611e-01 3.882437013089656830e-03 -4.208325594663619995e-02 4.350172281265258789e-01 4.539433121681213379e-01 -9.070686697959899902e-01 3.896526992321014404e-03 4.808023571968078613e-01 2.106954604387283325e-01 1.246701031923294067e-01 -1.017019078135490417e-01 7.689023762941360474e-02 4.746375679969787598e-01 9.574099183082580566e-01 6.581504344940185547e-01 -1.317744255065917969e-01 -1.978860795497894287e-02 -3.775347173213958740e-01 -2.776194810867309570e-01 8.064007759094238281e-02 5.052481293678283691e-01
-9.812618494033813477e-01 -2.879071831703186035e-01 3.794236183166503906e-01 -3.493391275405883789e-01 2.319839000701904297e-01 3.100982010364532471e-01 -1.301193535327911377e-01 -3.272957801818847656e-01 -2.484995871782302856e-01 1.108316659927368164e+00 -6.405307054519653320e-01 1.178810745477676392e-01 -1.184127330780029297e-01 5.301639437675476074e-01 -8.274271339178085327e-02 1.316090673208236694e-01 1.505394428968429565e-01 1.464399695396423340e-01 -3.580960035324096680e-01 2.992914617061614990e-01 2.982916235923767090e-01 -3.934906125068664551e-01 -4.404086172580718994e-01 6.931491196155548096e-02 3.914535939693450928e-01 -6.070780754089355469e-01 -9.011104702949523926e-02 1.183959841728210449e-02 5.134575068950653076e-02 6.671781092882156372e-02 4.580395221710205078e-01 2.031845003366470337e-01 5.187693834304809570e-01 9.083308279514312744e-03 -7.181780338287353516e-01 2.802512347698211670e-01 2.411004006862640381e-01 1.166884452104568481e-01 -2.163802683353424072e-01 -2.050777077674865723e-01 -8.758066594600677490e-02 2.111318111419677734e-01 7.241268157958984375e-01 -2.343462705612182617e-01 -1.018821075558662415e-01 6.522991508245468140e-02 6.712591648101806641e-01 -1.384268701076507568e-01 -4.401989579200744629e-01 1.793950200080871582e-01 3.398077487945556641e-01 4.651664197444915771e-01 -1.427059471607208252e-01 -1.718111634254455566e-01 -4.867850989103317261e-02 -1.138857454061508179e-01 6.097560524940490723e-01 5.878334641456604004e-01 3.328089714050292969e-01 -1.252094656229019165e-02 -1.998076140880584717e-01 2.376660853624343872e-01 3.985976576805114746e-01 1.174471527338027954e-01
-9.765409231185913086e-01 -3.582471013069152832e-01 5.045168995857238770e-01 -3.148950636386871338e-01 4.675685763359069824e-01 3.648521304130554199e-01 -3.836665153503417969e-01 -3.339483141899108887e-01 -2.324193865060806274e-01 1.059314370155334473e+00 -6.001535058021545410e-01 1.798388063907623291e-01 -1.553857699036598206e-02 6.672435402870178223e-01 7.242313772439956665e-02 -2.143983170390129089e-02 3.143338859081268311e-01 1.261513531208038330e-01 -2.518585026264190674e-01 5.138671398162841797e-01 3.605985641479492188e-01 -4.374204874038696289e-01 -5.253775715827941895e-01 -8.795747905969619751e-02 3.859108388423919678e-01 -6.527129411697387695e-01 -1.811797916889190674e-01 2.696488201618194580e-01 -6.467484682798385620e-02 -3.871748596429824829e-02 4.226579666137695312e-01 2.660072743892669678e-01 6.892375349998474121e-01 1.319517195224761963e-01 -7.802190780639648438e-01 1.328927278518676758e-01 1.654010117053985596e-01 1.884743869304656982e-01 -2.466889619827270508e-01 -9.563759714365005493e-02 -3.342750370502471924e-01 3.413884639739990234e-01 8.580863475799560547e-01 -1.064773499965667725e-01 -2.746791541576385498e-01 2.738611996173858643e-01 5.632104873657226562e-01 -3.505013585090637207e-01 -2.309394031763076782e-01 3.899664878845214844e-01 2.636641860008239746e-01 5.962259769439697266e-01 -1.411086320877075195e-01 -8.586832880973815918e-02 -3.081402927637100220e-02 -1.726321280002593994e-01 5.091587901115417480e-01 6.318372488021850586e-01 4.451198577880859375e-01 1.865834891796112061e-01 -1.661140322685241699e-01 4.537779092788696289e-01 3.390022516250610352e-01 -1.190175712108612061e-01
-7.001752257347106934e-01 -3.141122162342071533e-01 -2.818852663040161133e-04 -4.189041256904602051e-01 2.171280086040496826e-01 1.432017236948013306e-01 3.235226869583129883e-01 -2.792657315731048584e-01 -4.482709765434265137e-01 6.255573630332946777e-01 -4.547909200191497803e-01 -9.627529978752136230e-02 -5.345798730850219727e-01 1.976221948862075806e-01 -2.075253427028656006e-01 1.804323121905326843e-02 -1.482930481433868408e-01 -4.258849844336509705e-02 -3.622212409973144531e-01 3.186270594596862793e-01 -2.482926100492477417e-02 -4.670144021511077881e-01 2.040146291255950928e-01 2.920407354831695557e-01 3.149462342262268066e-01 -6.041910648345947266e-01 5.888235941529273987e-02 -2.334898710250854492e-01 6.183421611785888672e-01 -2.982888370752334595e-02 6.398751735687255859e-01 1.842366456985473633e-01 1.630465835332870483e-01 -1.433871984481811523e-01 -1.833610534667968750e-01 3.847144246101379395e-01 4.054211378097534180e-01 -1.467666923999786377e-01 -3.196050822734832764e-01 -3.054218292236328125e-01 3.372311294078826904e-01 -7.519987225532531738e-02 7.355510592460632324e-01 -3.073535263538360596e-01 -7.686524093151092529e-02 -8.271094411611557007e-02 5.281388163566589355e-01 2.564300894737243652e-01 -7.253459692001342773e-01 1.748276650905609131e-01 3.906663656234741211e-01 1.860999017953872681e-01 1.937725022435188293e-02 -3.686144649982452393e-01 1.011963859200477600e-01 7.314437627792358398e-02 9.923766255378723145e-01 6.116987466812133789e-01 1.448428183794021606e-01 1.562531292438507080e-02 -3.551150858402252197e-01 -2.901095747947692871e-01 1.956422179937362671e-01 2.752608060836791992e-01
-3.082092702388763428e-01 -4.743199944496154785e-01 -3.965237140655517578e-01 -4.287082254886627197e-01 -1.496093124151229858e-01 -1.469638757407665253e-02 6.905499696731567383e-01 -3.003248572349548340e-01 -3.212677538394927979e-01 3.698600232601165771e-01 -4.652445614337921143e-01 -2.124266624450683594e-01 -6.666644811630249023e-01 -1.373589932918548584e-01 -3.317991793155670166e-01 -1.293193995952606201e-01 -2.817865312099456787e-01 4.589633643627166748e-02 -1.923851966857910156e-01 3.424666523933410645e-01 -1.687080264091491699e-01 -2.828840017318725586e-01 2.702198922634124756e-01 5.842211246490478516e-01 3.924240767955780029e-01 -5.002877712249755859e-01 1.675477772951126099e-01 -6.271439194679260254e-01 6.661244034767150879e-01 3.896338492631912231e-02 5.725473165512084961e-01 8.563904464244842529e-02 -1.910290718078613281e-01 -8.015044778585433960e-02 1.572927236557006836e-01 7.353917360305786133e-01 3.431961834430694580e-01 -3.451508581638336182e-01 -2.350880950689315796e-02 -4.194468557834625244e-01 9.375487565994262695e-01 -5.243021249771118164e-01 4.940116405487060547e-01 -3.069746494293212891e-01 1.782899349927902222e-01 -2.699131369590759277e-01 4.861904382705688477e-01 7.150542140007019043e-01 -9.438019990921020508e-01 -1.898956298828125000e-01 3.345981240272521973e-01 -1.215381696820259094e-01 1.994092166423797607e-01 -3.599776625633239746e-01 2.074702829122543335e-02 4.522742927074432373e-01 9.786799550056457520e-01 5.495755672454833984e-01 -2.408380657434463501e-01 -2.483433783054351807e-01 -3.614389896392822266e-01 -5.539314746856689453e-01 -3.149243816733360291e-02 6.180419325828552246e-01
-4.469276964664459229e-01 -5.075860023498535156e-01 -1.132035702466964722e-01 -4.804014563560485840e-01 -1.491975039243698120e-02 6.996464729309082031e-02 5.610837340354919434e-01 -2.874664962291717529e-01 -2.977779507637023926e-01 4.774917662143707275e-01 -5.336169004440307617e-01 -1.541700959205627441e-01 -4.990703165531158447e-01 -4.330913722515106201e-02 -2.709434032440185547e-01 -1.889334022998809814e-01 -1.540323197841644287e-01 4.458416253328323364e-03 -2.148675322532653809e-01 5.271798968315124512e-01 2.264050394296646118e-02 -4.380309581756591797e-01 1.433900594711303711e-01 4.779332876205444336e-01 3.403218686580657959e-01 -5.885697603225708008e-01 1.197041422128677368e-01 -4.989900588989257812e-01 5.797879695892333984e-01 -3.665715456008911133e-02 5.523416996002197266e-01 4.474996775388717651e-02 1.470154430717229843e-02 1.359990984201431274e-02 6.361149251461029053e-03 6.746033430099487305e-01 3.524454236030578613e-01 -1.916584968566894531e-01 -1.177480071783065796e-01 -3.402173817157745361e-01 6.549180150032043457e-01 -3.800486326217651367e-01 6.827497482299804688e-01 -3.009679317474365234e-01 9.463116526603698730e-02 -2.257671356201171875e-01 4.302390813827514648e-01 5.445951819419860840e-01 -8.625233769416809082e-01 -1.043841242790222168e-02 3.493281006813049316e-01 5.864583328366279602e-02 1.290441900491714478e-01 -2.146144211292266846e-01 1.139744371175765991e-02 3.554340898990631104e-01 9.865791201591491699e-01 5.627728104591369629e-01 -1.118706241250038147e-01 -1.371655762195587158e-01 -2.934816479682922363e-01 -2.339914739131927490e-01 1.078064963221549988e-01 4.834183156490325928e-01
-4.152205288410186768e-01 -5.811154842376708984e-01 1.661584377288818359e-01 -6.308287382125854492e-01 2.823681384325027466e-02 1.250185370445251465e-01 3.498763740062713623e-01 -2.491338849067687988e-01 -2.502412796020507812e-01 6.002526283264160156e-01 -6.300268769264221191e-01 -5.639697611331939697e-02 -3.245452940464019775e-01 9.213349223136901855e-02 -1.878772675991058350e-01 -1.662275940179824829e-01 1.734440475702285767e-01 7.742156088352203369e-02 -2.014089822769165039e-01 6.958283185958862305e-01 1.325894296169281006e-01 -5.303290486335754395e-01 4.199139773845672607e-03 3.691766262054443359e-01 1.996574848890304565e-01 -7.033022046089172363e-01 -6.961455941200256348e-02 -3.819873631000518799e-01 4.690773785114288330e-01 -9.809397906064987183e-02 3.962181806564331055e-01 7.379916310310363770e-02 1.033668369054794312e-01 1.663813292980194092e-01 -2.761416435241699219e-01 5.481082201004028320e-01 3.168949782848358154e-01 -2.597358822822570801e-02 -1.073121950030326843e-01 -2.549087107181549072e-01 4.399091005325317383e-01 -2.059571892023086548e-01 6.773169040679931641e-01 -2.699693441390991211e-01 -6.768942810595035553e-03 6.782822310924530029e-03 4.213408231735229492e-01 3.405512571334838867e-01 -8.324856162071228027e-01 1.783059537410736084e-01 3.637576699256896973e-01 2.780477404594421387e-01 1.309442892670631409e-02 3.501623123884201050e-02 1.285517513751983643e-01 3.027719259262084961e-01 9.426199793815612793e-01 6.085052490234375000e-01 9.452834725379943848e-02 8.561998605728149414e-03 -2.577412724494934082e-01 5.530953407287597656e-02 2.082837671041488647e-01 3.940025866031646729e-01
-3.923875093460083008e-01 -3.038537502288818359e-01 -3.614010810852050781e-01 -2.232862859964370728e-01 -8.019909262657165527e-02 1.236613467335700989e-01 7.633885145187377930e-01 -3.207253217697143555e-01 -3.502137660980224609e-01 5.507301688194274902e-01 -4.559259712696075439e-01 -2.260622680187225342e-01 -6.519269347190856934e-01 -2.089145183563232422e-01 -4.887321293354034424e-01 -6.475792825222015381e-02 -4.350535273551940918e-01 4.988899081945419312e-02 -4.241109490394592285e-01 2.439875155687332153e-02 -1.553664803504943848e-01 -2.568937465548515320e-02 1.825137436389923096e-01 5.329590439796447754e-01 4.480929374694824219e-01 -3.860643506050109863e-01 2.209309190511703491e-01 -6.771019697189331055e-01 6.610977649688720703e-01 1.612708270549774170e-01 7.021545767784118652e-01 1.151664406061172485e-01 -3.081100285053253174e-01 -1.981124281883239746e-01 8.407957851886749268e-02 6.931093931198120117e-01 3.581210970878601074e-01 -2.293905466794967651e-01 -3.961185365915298462e-02 -4.008048772811889648e-01 8.666355609893798828e-01 -4.508854746818542480e-01 2.950777411460876465e-01 -3.892495632171630859e-01 2.536924481391906738e-01 -3.022327423095703125e-01 5.144197344779968262e-01 7.234680652618408203e-01 -9.250729084014892578e-01 -3.211016058921813965e-01 2.503793835639953613e-01 -1.766338944435119629e-01 7.539314031600952148e-02 -5.728768110275268555e-01 1.322009563446044922e-01 3.435381054878234863e-01 7.691723704338073730e-01 3.987474143505096436e-01 -7.592701166868209839e-02 -4.487020075321197510e-01 -3.650880455970764160e-01 -6.091555953025817871e-01 -5.203084275126457214e-02 6.797657608985900879e-01
-5.431471467018127441e-01 -3.050217926502227783e-01 -7.913359254598617554e-02 -4.138625562191009521e-01 1.157518550753593445e-01 4.784316569566726685e-02 4.702204465866088867e-01 -2.324806153774261475e-01 -3.959265947341918945e-01 7.309855222702026367e-01 -6.391601562500000000e-01 -3.216998279094696045e-02 -4.293884038925170898e-01 4.253317415714263916e-02 -3.234556019306182861e-01 -6.238370016217231750e-02 -2.067098170518875122e-01 5.118901282548904419e-02 -3.205297887325286865e-01 2.520526647567749023e-01 -3.255897015333175659e-02 -2.897515892982482910e-01 1.796814203262329102e-01 3.224800825119018555e-01 4.273637235164642334e-01 -6.507179141044616699e-01 1.179651767015457153e-01 -4.368422031402587891e-01 5.906893014907836914e-01 2.905869483947753906e-02 5.249674916267395020e-01 1.209297478199005127e-01 1.377650815993547440e-02 -9.529570490121841431e-02 -1.533707976341247559e-01 4.891940653324127197e-01 3.988470137119293213e-01 -1.420623622834682465e-03 -1.833332329988479614e-01 -3.029270470142364502e-01 4.997427761554718018e-01 -1.590390354394912720e-01 4.252282381057739258e-01 -4.421005249023437500e-01 3.400771319866180420e-02 -5.953579396009445190e-02 5.756282806396484375e-01 2.802416682243347168e-01 -8.253427147865295410e-01 -2.293959259986877441e-04 4.083540439605712891e-01 1.239784881472587585e-01 -1.691178604960441589e-02 -3.606635928153991699e-01 1.914632916450500488e-01 1.023060753941535950e-01 9.282336235046386719e-01 5.023905038833618164e-01 1.593118906021118164e-01 -1.214756071567535400e-01 -3.673012852668762207e-01 -3.476536870002746582e-01 8.083486557006835938e-02 4.250084459781646729e-01
-5.743666887283325195e-01 -4.290612936019897461e-01 -9.581520408391952515e-02 -4.596137106418609619e-01 -6.426344811916351318e-02 1.650965511798858643e-01 4.166705906391143799e-01 -3.204565644264221191e-01 -2.862684428691864014e-01 5.196302533149719238e-01 -5.115644335746765137e-01 -1.152617931365966797e-01 -5.967203378677368164e-01 2.021925002336502075e-01 -2.316855788230895996e-01 -1.383877843618392944e-01 -8.897278457880020142e-02 2.889098227024078369e-02 -1.968456804752349854e-01 4.833573102951049805e-01 -5.600375682115554810e-02 -5.064160227775573730e-01 3.163676708936691284e-02 5.352417826652526855e-01 2.960810363292694092e-01 -6.250988841056823730e-01 2.973015978932380676e-02 -2.707056105136871338e-01 4.445392191410064697e-01 -1.513448357582092285e-02 5.688400268554687500e-01 1.106267943978309631e-01 6.499665975570678711e-02 -1.721166819334030151e-02 -1.482809484004974365e-01 6.030041575431823730e-01 3.953694403171539307e-01 -3.211582899093627930e-01 -7.207028567790985107e-02 -4.766720235347747803e-01 7.000221610069274902e-01 -3.382707238197326660e-01 7.459797859191894531e-01 -1.084696352481842041e-01 1.334859877824783325e-01 -2.061569988727569580e-01 4.562625885009765625e-01 4.959960579872131348e-01 -7.596761584281921387e-01 9.555205702781677246e-03 4.255968928337097168e-01 1.262854784727096558e-01 1.225426942110061646e-01 -2.277500629425048828e-01 -5.424008518457412720e-02 3.351450860500335693e-01 9.880483746528625488e-01 7.002030611038208008e-01 -1.945021301507949829e-01 -1.183736771345138550e-01 -3.214236497879028320e-01 -2.075876593589782715e-01 2.020424455404281616e-01 4.567144811153411865e-01
-7.202689051628112793e-01 -3.519954085350036621e-01 3.860981762409210205e-02 -2.823110222816467285e-01 2.144379019737243652e-01 1.992473751306533813e-01 3.040177524089813232e-01 -2.975963354110717773e-01 -2.422184199094772339e-01 7.255092859268188477e-01 -5.834758877754211426e-01 -9.790204465389251709e-02 -4.349855780601501465e-01 1.722408086061477661e-01 -2.300865352153778076e-01 -7.647906988859176636e-02 -1.111999526619911194e-01 -8.932922035455703735e-03 -3.509725034236907959e-01 4.185281991958618164e-01 3.818886727094650269e-02 -4.155603349208831787e-01 -6.087943911552429199e-04 2.817729115486145020e-01 3.921446204185485840e-01 -5.837169289588928223e-01 1.144691258668899536e-01 -2.053270637989044189e-01 3.884286880493164062e-01 -2.236295491456985474e-02 5.910837650299072266e-01 2.594210207462310791e-02 2.263847291469573975e-01 -5.860469490289688110e-02 -1.765126585960388184e-01 4.678163230419158936e-01 3.501579463481903076e-01 -8.479803800582885742e-02 -2.582933902740478516e-01 -2.682860493659973145e-01 3.620391190052032471e-01 -1.608176231384277344e-01 7.953991889953613281e-01 -2.610328197479248047e-01 -1.889003813266754150e-02 -1.500325500965118408e-01 4.802111983299255371e-01 2.703638076782226562e-01 -6.647252440452575684e-01 7.332459837198257446e-02 3.320349454879760742e-01 2.388582229614257812e-01 8.739803731441497803e-02 -2.833117544651031494e-01 1.142002642154693604e-03 4.698483645915985107e-02 9.198755621910095215e-01 5.519713759422302246e-01 1.360308937728404999e-02 -7.783374935388565063e-02 -2.630399763584136963e-01 -9.788317233324050903e-02 2.167977541685104370e-01 3.104549944400787354e-01
-3.242592513561248779e-01 -5.605323314666748047e-01 -3.079993724822998047e-01 -4.939574599266052246e-01 -1.721248924732208252e-01 6.084583699703216553e-02 6.431853771209716797e-01 -3.315830826759338379e-01 -2.143240720033645630e-01 3.695837855339050293e-01 -5.057314634323120117e-01 -1.802757978439331055e-01 -6.478680372238159180e-01 -3.061146289110183716e-02 -2.051101028919219971e-01 -1.871914565563201904e-01 -6.188748031854629517e-02 -1.451620832085609436e-02 -9.661968797445297241e-02 5.146500468254089355e-01 -9.230782836675643921e-02 -3.719063401222229004e-01 1.060153618454933167e-01 6.568583250045776367e-01 3.423136174678802490e-01 -5.855231881141662598e-01 1.844385415315628052e-01 -5.975337028503417969e-01 5.365433692932128906e-01 -3.609935939311981201e-02 5.388291478157043457e-01 9.936577081680297852e-02 -6.571746617555618286e-02 2.044244855642318726e-02 6.237601488828659058e-02 8.199508786201477051e-01 3.243254721164703369e-01 -3.255663514137268066e-01 2.864215523004531860e-02 -4.016592800617218018e-01 9.412085413932800293e-01 -5.453642606735229492e-01 5.947751998901367188e-01 -1.796744763851165771e-01 2.400756627321243286e-01 -2.492550909519195557e-01 5.028781890869140625e-01 7.041423916816711426e-01 -8.351674079895019531e-01 -1.124955937266349792e-01 3.615099787712097168e-01 -2.227215841412544250e-02 1.728458702564239502e-01 -1.551545560359954834e-01 -9.198094159364700317e-02 4.710884690284729004e-01 9.287477731704711914e-01 5.992217063903808594e-01 -2.584896385669708252e-01 -2.180091142654418945e-01 -2.568860054016113281e-01 -3.673488497734069824e-01 5.797397345304489136e-02 5.485764145851135254e-01
-9.781839251518249512e-01 -2.897891700267791748e-01 5.070018172264099121e-01 -3.712129294872283936e-01 3.692832589149475098e-01 3.116734921932220459e-01 -3.401984572410583496e-01 -3.303427994251251221e-01 -3.695042133331298828e-01 1.110236048698425293e+00 -6.148715615272521973e-01 1.740750372409820557e-01 5.838212370872497559e-02 5.666652917861938477e-01 3.994923830032348633e-02 1.080646216869354248e-01 1.979890316724777222e-01 1.991817653179168701e-01 -3.288533985614776611e-01 3.465698063373565674e-01 3.186816275119781494e-01 -3.629609644412994385e-01 -3.913083672523498535e-01 -7.377880066633224487e-02 3.768728673458099365e-01 -6.481167674064636230e-01 -1.931706070899963379e-01 8.407848328351974487e-02 1.304341852664947510e-02 3.328954428434371948e-02 3.530845642089843750e-01 2.940162122249603271e-01 6.511051654815673828e-01 1.400066018104553223e-01 -7.616983056068420410e-01 9.569478780031204224e-02 1.902349591255187988e-01 2.974704802036285400e-01 -2.229207605123519897e-01 -9.376601129770278931e-02 -3.641165196895599365e-01 3.571678400039672852e-01 6.763570308685302734e-01 -2.731778621673583984e-01 -3.127256333827972412e-01 3.097535967826843262e-01 6.650851964950561523e-01 -3.603766560554504395e-01 -3.234659433364868164e-01 3.555494248867034912e-01 3.221823573112487793e-01 5.723555684089660645e-01 -1.919575333595275879e-01 -1.437698304653167725e-01 8.189823478460311890e-02 -1.535942554473876953e-01 4.822614490985870361e-01 5.982685685157775879e-01 5.800735354423522949e-01 1.934451460838317871e-01 -2.286649942398071289e-01 3.122017979621887207e-01 2.936325967311859131e-01 -2.555945888161659241e-02
-3.909544646739959717e-01 -3.612661361694335938e-01 -3.516834974288940430e-01 -4.651173055171966553e-01 -1.072618663311004639e-01 -2.200909517705440521e-02 6.381103992462158203e-01 -2.677965462207794189e-01 -4.607763886451721191e-01 3.466993570327758789e-01 -3.813617527484893799e-01 -1.726399958133697510e-01 -7.117471694946289062e-01 -1.574452221393585205e-02 -3.290128409862518311e-01 -1.196125522255897522e-01 -3.319028019905090332e-01 -8.343189954757690430e-03 -1.839214265346527100e-01 2.525186538696289062e-01 -2.053345739841461182e-01 -3.583037555217742920e-01 3.463356494903564453e-01 5.638509392738342285e-01 3.918193280696868896e-01 -5.986247658729553223e-01 1.311948448419570923e-01 -4.888130724430084229e-01 7.062172293663024902e-01 2.410586178302764893e-02 5.997639894485473633e-01 1.646285057067871094e-01 -1.521188169717788696e-01 -1.496927440166473389e-01 9.340228140354156494e-02 6.358939409255981445e-01 4.113318324089050293e-01 -3.883102834224700928e-01 -7.369607686996459961e-02 -4.598455429077148438e-01 8.644009828567504883e-01 -4.075570404529571533e-01 5.041904449462890625e-01 -2.623298764228820801e-01 1.312490552663803101e-01 -2.583849728107452393e-01 4.972642064094543457e-01 5.957249402999877930e-01 -8.776548504829406738e-01 -8.585213124752044678e-02 4.471361041069030762e-01 -1.015882939100265503e-01 1.812531054019927979e-01 -4.620904922485351562e-01 4.644919186830520630e-02 3.850642442703247070e-01 1.073094964027404785e+00 6.139726638793945312e-01 -1.654908210039138794e-01 -1.943927407264709473e-01 -4.444092512130737305e-01 -5.876806378364562988e-01 -8.683046326041221619e-04 5.441207289695739746e-01
-2.830781042575836182e-01 -3.168343603610992432e-01 -5.582660436630249023e-01 -4.054237008094787598e-01 -4.463405013084411621e-01 -4.555962234735488892e-02 6.329516172409057617e-01 -3.340214788913726807e-01 -3.468957543373107910e-01 4.888360798358917236e-01 -5.275643467903137207e-01 -2.679018676280975342e-02 -6.437675952911376953e-01 7.499037683010101318e-02 -3.383347690105438232e-01 -1.390531212091445923e-01 -2.634962797164916992e-01 1.799505352973937988e-01 -2.130925655364990234e-01 2.081383019685745239e-01 -2.606653571128845215e-01 -1.614860147237777710e-01 5.565621703863143921e-02 7.429233789443969727e-01 4.303893148899078369e-01 -5.148698091506958008e-01 1.472571194171905518e-01 -7.321009635925292969e-01 4.441202878952026367e-01 1.697426140308380127e-01 4.695592522621154785e-01 2.566839158535003662e-01 -2.651439011096954346e-01 3.978680074214935303e-02 -4.877474159002304077e-02 6.390835642814636230e-01 2.838594019412994385e-01 -3.299159407615661621e-01 2.495539784431457520e-01 -6.344001293182373047e-01 1.173362731933593750e+00 -6.148592233657836914e-01 1.461613476276397705e-01 -2.154032588005065918e-01 4.050943851470947266e-01 -1.383753716945648193e-01 6.067683696746826172e-01 7.193006277084350586e-01 -9.529911279678344727e-01 -3.268162310123443604e-01 3.789520263671875000e-01 -1.184489727020263672e-01 1.475725769996643066e-01 -1.876632124185562134e-01 -1.088251248002052307e-01 5.144866704940795898e-01 7.922637462615966797e-01 6.553241014480590820e-01 -1.228557974100112915e-01 -3.145242631435394287e-01 -4.485393166542053223e-01 -5.901052951812744141e-01 -1.403748840093612671e-01 7.693130970001220703e-01
-2.491809427738189697e-01 -5.941690206527709961e-01 -1.902828663587570190e-01 -6.575961112976074219e-01 -2.057782709598541260e-01 9.852833300828933716e-02 5.785080194473266602e-01 -2.828188240528106689e-01 -2.256627827882766724e-01 3.721361756324768066e-01 -5.742682814598083496e-01 -1.049270927906036377e-01 -6.020202040672302246e-01 4.818205535411834717e-02 -1.494890749454498291e-01 -2.210093885660171509e-01 1.161828115582466125e-01 7.123275101184844971e-02 -4.520387202501296997e-02 6.393722891807556152e-01 -6.726550310850143433e-02 -4.661200046539306641e-01 6.729219108819961548e-02 6.004080772399902344e-01 2.138097584247589111e-01 -6.615990400314331055e-01 -4.736241884529590607e-03 -4.656471908092498779e-01 5.079565644264221191e-01 -1.291981935501098633e-01 4.406822919845581055e-01 1.635336875915527344e-01 -1.923887431621551514e-02 4.054053872823715210e-02 -7.089816778898239136e-02 7.353928089141845703e-01 3.424603939056396484e-01 -3.303034603595733643e-01 2.951412647962570190e-02 -3.963051438331604004e-01 8.567948341369628906e-01 -4.196646511554718018e-01 6.007394194602966309e-01 -1.637422740459442139e-01 1.500829011201858521e-01 -9.617098420858383179e-02 4.559341669082641602e-01 6.036914587020874023e-01 -8.567872643470764160e-01 1.204901933670043945e-02 4.571270346641540527e-01 7.792481780052185059e-02 7.197289168834686279e-02 -5.625435709953308105e-02 6.066188216209411621e-04 5.309671163558959961e-01 9.906591773033142090e-01 6.920731067657470703e-01 -2.409242391586303711e-01 -9.128101170063018799e-02 -3.352274894714355469e-01 -2.826021909713745117e-01 1.379904299974441528e-01 5.225325822830200195e-01
-4.206965863704681396e-01 -4.083159565925598145e-01 -3.196266889572143555e-01 -5.646898746490478516e-01 -1.682582199573516846e-01 -5.691019445657730103e-02 5.881890654563903809e-01 -3.000430166721343994e-01 -4.542381763458251953e-01 3.242676258087158203e-01 -4.198612868785858154e-01 -8.476136624813079834e-02 -6.684623956680297852e-01 5.718553066253662109e-02 -1.935055553913116455e-01 -6.665968149900436401e-02 -2.072035074234008789e-01 2.372112870216369629e-02 -1.845315098762512207e-01 3.699163198471069336e-01 -2.256505489349365234e-01 -4.757536053657531738e-01 3.594393432140350342e-01 5.595235228538513184e-01 2.849318087100982666e-01 -6.352071166038513184e-01 5.293119326233863831e-02 -4.689671099185943604e-01 7.123268842697143555e-01 1.087568700313568115e-02 5.512410402297973633e-01 1.862339824438095093e-01 -6.394738703966140747e-02 -9.984310716390609741e-02 2.060483396053314209e-02 6.178703904151916504e-01 4.293285012245178223e-01 -4.018479585647583008e-01 -1.574235856533050537e-01 -4.679782092571258545e-01 8.814295530319213867e-01 -4.480728507041931152e-01 5.688942074775695801e-01 -2.589918375015258789e-01 1.674658209085464478e-01 -1.736199259757995605e-01 4.861193895339965820e-01 5.872884988784790039e-01 -9.094310998916625977e-01 -2.183184400200843811e-02 4.947296380996704102e-01 -7.629807293415069580e-02 1.478200554847717285e-01 -3.118298649787902832e-01 -2.243530005216598511e-02 4.512752890586853027e-01 1.165370702743530273e+00 7.323731184005737305e-01 -2.176837623119354248e-01 -1.159627065062522888e-01 -4.373908340930938721e-01 -5.132865309715270996e-01 4.882823675870895386e-02 5.603599548339843750e-01
-3.528091013431549072e-01 -4.557062983512878418e-01 -2.320559918880462646e-01 -3.892165720462799072e-01 -7.674993574619293213e-02 3.463220596313476562e-02 6.353663206100463867e-01 -2.017004787921905518e-01 -2.902579307556152344e-01 6.569525003433227539e-01 -6.514461636543273926e-01 -1.584639847278594971e-01 -5.105012655258178711e-01 -9.706069529056549072e-02 -3.944177031517028809e-01 -2.982645109295845032e-02 -1.604851633310317993e-01 3.575787693262100220e-02 -2.631918489933013916e-01 2.478210479021072388e-01 2.182614058256149292e-02 -1.775957643985748291e-01 8.622420579195022583e-02 4.385313987731933594e-01 3.310587108135223389e-01 -5.065787434577941895e-01 1.132551133632659912e-01 -5.690027475357055664e-01 5.000355243682861328e-01 5.509354919195175171e-02 5.201951265335083008e-01 3.807085007429122925e-02 -1.725973784923553467e-01 2.619723230600357056e-02 -1.027811393141746521e-01 6.232980489730834961e-01 3.451954126358032227e-01 -1.560381613671779633e-02 -3.442461043596267700e-02 -3.148685097694396973e-01 7.333739399909973145e-01 -3.785397410392761230e-01 3.942705988883972168e-01 -4.174212217330932617e-01 1.266432106494903564e-01 -8.938261121511459351e-02 5.683402419090270996e-01 5.420972704887390137e-01 -1.008376121520996094e+00 -2.313809990882873535e-01 4.165675044059753418e-01 9.970584511756896973e-02 2.075074985623359680e-02 -2.915741503238677979e-01 1.321471333503723145e-01 1.945537626743316650e-01 8.091102242469787598e-01 4.928754866123199463e-01 2.794103696942329407e-03 -1.881372034549713135e-01 -2.054004371166229248e-01 -3.658569753170013428e-01 1.081593558192253113e-01 6.180875301361083984e-01
-1.659282147884368896e-01 -4.108728170394897461e-01 -4.049295783042907715e-01 -3.668699562549591064e-01 -2.234888970851898193e-01 7.973091676831245422e-03 7.747970819473266602e-01 -2.564242184162139893e-01 -4.168241024017333984e-01 5.855953097343444824e-01 -5.568544268608093262e-01 -1.944970190525054932e-01 -5.965657234191894531e-01 -2.529845833778381348e-01 -5.292823910713195801e-01 -1.127722039818763733e-01 -3.812930881977081299e-01 1.531505584716796875e-01 -3.686909675598144531e-01 1.131882816553115845e-01 -9.303227812051773071e-02 -2.733832225203514099e-02 1.728263795375823975e-01 6.172493696212768555e-01 3.488287031650543213e-01 -4.972480535507202148e-01 1.153915971517562866e-01 -7.557127475738525391e-01 6.564632654190063477e-01 1.519106328487396240e-01 5.575283765792846680e-01 1.932414919137954712e-01 -3.740192055702209473e-01 -1.689628511667251587e-02 5.386769026517868042e-02 5.970590114593505859e-01 2.938228249549865723e-01 -9.444742649793624878e-02 1.532594263553619385e-01 -4.568164348602294922e-01 9.165048003196716309e-01 -4.834896922111511230e-01 1.006832122802734375e-01 -4.310638904571533203e-01 2.022728174924850464e-01 -1.436038315296173096e-01 5.396048426628112793e-01 7.832779884338378906e-01 -1.040900349617004395e+00 -2.934888899326324463e-01 3.687472343444824219e-01 3.049364313483238220e-04 1.330512166023254395e-01 -3.929208219051361084e-01 2.754248976707458496e-01 3.992215394973754883e-01 6.989094018936157227e-01 4.778175652027130127e-01 4.888439923524856567e-02 -3.495010733604431152e-01 -3.954414427280426025e-01 -6.003581285476684570e-01 -1.040380075573921204e-01 8.003780841827392578e-01
-1.054491043090820312e+00 -2.281313985586166382e-01 3.862267434597015381e-01 -2.639241218566894531e-01 3.810844123363494873e-01 2.805503606796264648e-01 -2.339003980159759521e-01 -3.438533246517181396e-01 -3.396524190902709961e-01 1.115319728851318359e+00 -6.480387449264526367e-01 2.075833380222320557e-01 -6.821805238723754883e-02 5.970403552055358887e-01 -1.561910659074783325e-02 6.493259966373443604e-02 1.261590272188186646e-01 1.171068549156188965e-01 -3.839887380599975586e-01 3.017650842666625977e-01 2.357974350452423096e-01 -4.012430012226104736e-01 -3.972372412681579590e-01 -3.032507747411727905e-02 4.269596040248870850e-01 -6.757180690765380859e-01 -1.013367474079132080e-01 8.341939002275466919e-02 6.706357747316360474e-02 8.385619521141052246e-02 4.789802432060241699e-01 2.694962620735168457e-01 6.445637941360473633e-01 3.371734172105789185e-02 -6.916692852973937988e-01 1.623777747154235840e-01 2.154597938060760498e-01 2.172572910785675049e-01 -3.288031518459320068e-01 -1.243527904152870178e-01 -1.890790313482284546e-01 2.496369779109954834e-01 7.490835189819335938e-01 -2.731182873249053955e-01 -1.269748359918594360e-01 1.782561838626861572e-01 6.602259278297424316e-01 -2.569181621074676514e-01 -3.766845464706420898e-01 2.956218421459197998e-01 3.607171177864074707e-01 4.890503883361816406e-01 -1.495518535375595093e-01 -1.611696183681488037e-01 -9.335972368717193604e-03 -2.098760306835174561e-01 6.047648787498474121e-01 6.159873008728027344e-01 4.419562220573425293e-01 9.503928571939468384e-02 -2.040971517562866211e-01 2.434386759996414185e-01 3.109345138072967529e-01 1.271594315767288208e-02
-9.001128673553466797e-01 -2.978008389472961426e-01 3.869341015815734863e-01 -2.910407781600952148e-01 4.098739922046661377e-01 3.131927847862243652e-01 -1.560062468051910400e-01 -3.566057085990905762e-01 -3.568718731403350830e-01 1.046172738075256348e+00 -6.029098629951477051e-01 1.213818490505218506e-01 -1.007949262857437134e-01 4.377885460853576660e-01 -4.831485450267791748e-02 5.095626041293144226e-02 1.462525576353073120e-01 1.577863097190856934e-01 -4.322270750999450684e-01 3.184622526168823242e-01 2.051704674959182739e-01 -3.111126720905303955e-01 -3.164018094539642334e-01 -2.913464605808258057e-02 3.850010931491851807e-01 -6.491206884384155273e-01 -1.081856638193130493e-01 -4.110921174287796021e-02 1.718927025794982910e-01 6.816971302032470703e-02 4.720801115036010742e-01 2.778793871402740479e-01 5.016873478889465332e-01 4.848807305097579956e-02 -6.205505132675170898e-01 1.766265332698822021e-01 2.115130722522735596e-01 2.464507967233657837e-01 -2.909401059150695801e-01 -7.548580318689346313e-02 -1.920755058526992798e-01 2.379869520664215088e-01 6.572399735450744629e-01 -3.351467549800872803e-01 -2.000424861907958984e-01 2.380346357822418213e-01 6.030366420745849609e-01 -1.883882582187652588e-01 -4.263836145401000977e-01 3.080449998378753662e-01 2.809727787971496582e-01 4.643422365188598633e-01 -1.855888664722442627e-01 -1.844775527715682983e-01 1.475195586681365967e-01 -1.246994584798812866e-01 5.603917241096496582e-01 5.530501008033752441e-01 5.534917116165161133e-01 1.101287528872489929e-01 -2.345145344734191895e-01 1.663076728582382202e-01 2.376031279563903809e-01 5.771497264504432678e-02
-7.741012573242187500e-01 -3.002257049083709717e-01 5.339753031730651855e-01 -4.077648818492889404e-01 3.312004208564758301e-01 2.332011461257934570e-01 -2.488627731800079346e-01 -2.679772078990936279e-01 -4.886072874069213867e-01 1.201144456863403320e+00 -6.572411060333251953e-01 1.846749633550643921e-01 9.288166463375091553e-02 4.629681110382080078e-01 -3.545634448528289795e-02 1.814598739147186279e-01 2.039113640785217285e-01 3.195365369319915771e-01 -3.318358659744262695e-01 1.725769490003585815e-01 3.810286223888397217e-01 -1.957539170980453491e-01 -4.145079851150512695e-01 -1.533391773700714111e-01 3.267205357551574707e-01 -6.443253159523010254e-01 -2.517448365688323975e-01 -1.145295873284339905e-01 9.318403899669647217e-02 1.595457494258880615e-01 3.906486630439758301e-01 4.391711950302124023e-01 4.850024878978729248e-01 1.569595634937286377e-01 -8.224206566810607910e-01 7.598168402910232544e-02 1.631183028221130371e-01 4.501449167728424072e-01 -1.295441091060638428e-01 -5.172112584114074707e-02 -3.695535659790039062e-01 4.480294585227966309e-01 3.713750839233398438e-01 -4.604164958000183105e-01 -3.138488829135894775e-01 3.477602303028106689e-01 7.517475485801696777e-01 -3.696189522743225098e-01 -3.739866018295288086e-01 2.781038582324981689e-01 3.478770256042480469e-01 5.964176654815673828e-01 -3.254567384719848633e-01 -2.057904899120330811e-01 2.525362372398376465e-01 -1.884701848030090332e-01 2.707784473896026611e-01 4.449484646320343018e-01 7.965033054351806641e-01 1.474186480045318604e-01 -2.047660499811172485e-01 2.736859917640686035e-01 2.912594676017761230e-01 7.959541678428649902e-02
-8.606637716293334961e-01 -2.868915200233459473e-01 2.671245336532592773e-01 -2.536464631557464600e-01 3.659027814865112305e-01 3.791450858116149902e-01 4.865549504756927490e-03 -2.854599952697753906e-01 -4.761559367179870605e-01 1.001207828521728516e+00 -4.760891795158386230e-01 2.048938721418380737e-02 -3.852204382419586182e-01 4.130464196205139160e-01 -8.830211311578750610e-02 1.544938832521438599e-01 9.510714560747146606e-02 5.095081031322479248e-02 -4.754468202590942383e-01 8.274848014116287231e-02 1.540569067001342773e-01 -2.167387455701828003e-01 -2.185243964195251465e-01 1.834218949079513550e-02 3.149288594722747803e-01 -5.834554433822631836e-01 -9.023360908031463623e-02 -2.416289225220680237e-02 2.731102406978607178e-01 6.526101380586624146e-02 6.793677806854248047e-01 4.316557347774505615e-01 3.539296686649322510e-01 -1.356312632560729980e-01 -5.712259411811828613e-01 1.776298880577087402e-01 2.598255276679992676e-01 1.200125813484191895e-01 -2.868351936340332031e-01 -1.272598803043365479e-01 -1.133349463343620300e-01 2.636807560920715332e-01 6.252506375312805176e-01 -3.239472210407257080e-01 -1.750217974185943604e-01 1.761271059513092041e-01 6.924318671226501465e-01 -8.871328085660934448e-02 -4.222482442855834961e-01 2.425435483455657959e-01 3.572216629981994629e-01 4.286545813083648682e-01 -2.007866501808166504e-01 -3.773019611835479736e-01 1.781548857688903809e-01 -2.326127886772155762e-01 5.744863748550415039e-01 5.451651811599731445e-01 5.918509960174560547e-01 2.649206668138504028e-02 -2.359519451856613159e-01 -1.659199595451354980e-03 3.048345148563385010e-01 1.200847327709197998e-01
-5.992375016212463379e-01 -3.680051565170288086e-01 4.875891655683517456e-02 -4.332186877727508545e-01 1.295688152313232422e-01 1.254143565893173218e-01 3.346730768680572510e-01 -2.691766023635864258e-01 -3.244706988334655762e-01 6.749844551086425781e-01 -6.233010292053222656e-01 -5.320836603641510010e-02 -3.827367126941680908e-01 1.456234008073806763e-01 -2.113275229930877686e-01 -1.080730110406875610e-01 -1.058616265654563904e-01 2.887356281280517578e-02 -2.930875718593597412e-01 5.073242783546447754e-01 4.287222772836685181e-02 -4.678358733654022217e-01 6.641589850187301636e-02 3.110307455062866211e-01 3.406508564949035645e-01 -6.840321421623229980e-01 2.906845882534980774e-02 -2.688875496387481689e-01 4.646742045879364014e-01 -7.470933347940444946e-02 5.062893033027648926e-01 1.023302674293518066e-01 2.426342070102691650e-01 9.565584361553192139e-03 -1.678424179553985596e-01 4.259848594665527344e-01 3.473330140113830566e-01 -4.394628480076789856e-02 -2.101064622402191162e-01 -2.691031098365783691e-01 3.458458185195922852e-01 -1.634793430566787720e-01 7.322273254394531250e-01 -3.349659144878387451e-01 -6.913161277770996094e-02 -1.008624657988548279e-01 4.891977310180664062e-01 3.011506199836730957e-01 -7.443562150001525879e-01 1.688016057014465332e-01 4.320479035377502441e-01 2.755128443241119385e-01 7.989528775215148926e-02 -1.946099996566772461e-01 7.548940926790237427e-02 1.243681162595748901e-01 9.537749886512756348e-01 5.902086496353149414e-01 4.420845955610275269e-02 -2.706716954708099365e-02 -3.391833901405334473e-01 -1.072679534554481506e-01 2.039519697427749634e-01 3.363330960273742676e-01
-6.066746264696121216e-02 -3.583365976810455322e-01 1.556271314620971680e-01 -3.967208564281463623e-01 1.449259221553802490e-01 1.843659579753875732e-01 4.404200613498687744e-01 -1.050454303622245789e-01 -8.121765851974487305e-01 8.593462705612182617e-01 -4.611706435680389404e-01 -1.946957707405090332e-01 -3.099524378776550293e-01 -2.236695140600204468e-01 -4.650967419147491455e-01 -2.943489328026771545e-02 -4.972223192453384399e-02 1.813797354698181152e-01 -5.389530062675476074e-01 -1.548120677471160889e-01 1.091619953513145447e-01 2.210077941417694092e-01 1.180479899048805237e-01 1.558104157447814941e-01 1.123204082250595093e-01 -6.054793000221252441e-01 -2.552910149097442627e-01 -8.214949965476989746e-01 6.443175673484802246e-01 2.333612143993377686e-01 5.353250503540039062e-01 5.353551506996154785e-01 -3.520092368125915527e-01 1.731031388044357300e-02 -3.154627084732055664e-01 2.337757050991058350e-01 2.946734428405761719e-01 3.980070948600769043e-01 2.782446891069412231e-02 -3.389476984739303589e-02 2.371584624052047729e-01 9.903402626514434814e-02 -2.112301737070083618e-01 -8.789331912994384766e-01 -1.349554806947708130e-01 2.405925393104553223e-01 6.074346899986267090e-01 2.251104265451431274e-01 -1.004213929176330566e+00 5.792216956615447998e-02 3.115897178649902344e-01 1.762557029724121094e-01 -3.385991752147674561e-01 -3.251423239707946777e-01 8.595277667045593262e-01 1.281049251556396484e-01 2.822662591934204102e-01 1.207983419299125671e-01 9.883165955543518066e-01 -1.489851325750350952e-01 -3.054895401000976562e-01 -2.452373206615447998e-01 -3.431915864348411560e-02 4.456382989883422852e-01
-7.649551630020141602e-01 -3.102132081985473633e-01 3.488685488700866699e-01 -2.476769685745239258e-01 3.270486295223236084e-01 3.075673282146453857e-01 -1.330671459436416626e-02 -2.987439334392547607e-01 -3.042914271354675293e-01 1.094363808631896973e+00 -6.540347337722778320e-01 2.845234423875808716e-02 -1.258541196584701538e-01 3.311854004859924316e-01 -1.604725420475006104e-01 1.362672168761491776e-02 1.593814343214035034e-01 1.137625724077224731e-01 -4.469618797302246094e-01 2.915679216384887695e-01 2.443989813327789307e-01 -1.982720941305160522e-01 -3.224151134490966797e-01 5.569377541542053223e-02 3.906824290752410889e-01 -6.028827428817749023e-01 -7.129733264446258545e-02 -2.062832415103912354e-01 1.445855349302291870e-01 6.981435418128967285e-02 5.215553045272827148e-01 2.215780317783355713e-01 3.306646645069122314e-01 8.662047237157821655e-02 -5.918462276458740234e-01 2.924841046333312988e-01 2.186020612716674805e-01 3.228688836097717285e-01 -1.960594207048416138e-01 -5.262608081102371216e-02 -1.705080457031726837e-02 1.104789227247238159e-01 5.643053054809570312e-01 -4.142060875892639160e-01 -1.114128381013870239e-01 1.834307909011840820e-01 6.247780919075012207e-01 -2.901436015963554382e-02 -5.666743516921997070e-01 1.924963593482971191e-01 2.699129581451416016e-01 4.437586963176727295e-01 -1.252617835998535156e-01 -1.504159420728683472e-01 1.796163916587829590e-01 -1.364018768072128296e-01 5.041118264198303223e-01 4.521992504596710205e-01 5.278807878494262695e-01 -4.077889025211334229e-03 -1.334079504013061523e-01 1.732242554426193237e-01 2.207990884780883789e-01 1.666433215141296387e-01
-5.397327542304992676e-01 -3.693469166755676270e-01 1.380125582218170166e-01 -4.704142808914184570e-01 5.627014487981796265e-02 1.091786772012710571e-01 1.202656850218772888e-01 -2.027656137943267822e-01 -3.934777975082397461e-01 1.089973807334899902e+00 -7.559893727302551270e-01 9.675922989845275879e-02 -2.222670167684555054e-01 3.388641476631164551e-01 -1.362742781639099121e-01 9.366440773010253906e-02 1.685080379247665405e-01 2.083081007003784180e-01 -2.806414365768432617e-01 1.708366572856903076e-01 1.199210286140441895e-01 -1.392222940921783447e-01 -2.561978995800018311e-01 1.579502969980239868e-01 3.060668408870697021e-01 -7.630293965339660645e-01 -1.210958063602447510e-01 -2.731580138206481934e-01 1.569250524044036865e-01 1.353096663951873779e-01 3.250669836997985840e-01 2.981498241424560547e-01 1.749183237552642822e-01 1.187526062130928040e-01 -6.396725773811340332e-01 3.313802182674407959e-01 3.196104168891906738e-01 2.541820704936981201e-01 -4.428036510944366455e-03 -2.441111505031585693e-01 3.009275794029235840e-01 7.255665957927703857e-02 2.395430058240890503e-01 -4.559473991394042969e-01 -7.534938305616378784e-02 2.691625058650970459e-01 7.386477589607238770e-01 -1.771019399166107178e-02 -7.017795443534851074e-01 -5.048915743827819824e-03 5.455989837646484375e-01 4.294079542160034180e-01 -2.270248532295227051e-01 -1.449786424636840820e-01 1.952037811279296875e-01 2.634078264236450195e-04 6.232347488403320312e-01 5.762869119644165039e-01 4.817693233489990234e-01 1.848588883876800537e-02 -2.323176711797714233e-01 8.873045444488525391e-03 2.295360714197158813e-01 3.785580694675445557e-01
-8.670404553413391113e-01 -2.424250543117523193e-01 4.415764808654785156e-01 -2.839945852756500244e-01 4.082329273223876953e-01 3.308459818363189697e-01 -1.085330918431282043e-01 -2.910720705986022949e-01 -4.803096652030944824e-01 1.117075204849243164e+00 -5.417405962944030762e-01 1.097906008362770081e-01 -1.099114269018173218e-01 4.112081527709960938e-01 -1.111062392592430115e-01 1.618012785911560059e-01 1.042683944106101990e-01 1.527500450611114502e-01 -4.714894890785217285e-01 8.548277616500854492e-02 2.784065902233123779e-01 -1.546050608158111572e-01 -3.249800801277160645e-01 -1.044685468077659607e-01 3.686408102512359619e-01 -5.706425905227661133e-01 -1.418951451778411865e-01 -8.868422359228134155e-02 2.223807573318481445e-01 1.316767930984497070e-01 5.591652393341064453e-01 4.285451173782348633e-01 4.390908181667327881e-01 -4.476516693830490112e-02 -6.826885342597961426e-01 1.538851857185363770e-01 2.013693451881408691e-01 2.761508226394653320e-01 -2.747208476066589355e-01 -6.995330750942230225e-02 -2.884871065616607666e-01 3.645611703395843506e-01 4.751889705657958984e-01 -4.159396886825561523e-01 -2.242620587348937988e-01 1.943832635879516602e-01 6.944058537483215332e-01 -2.411907762289047241e-01 -3.829677104949951172e-01 2.359062731266021729e-01 2.786309123039245605e-01 4.217084646224975586e-01 -2.937073409557342529e-01 -3.474667072296142578e-01 2.075685560703277588e-01 -2.125171422958374023e-01 4.208246171474456787e-01 4.369774460792541504e-01 7.097075581550598145e-01 5.383767187595367432e-03 -2.357067763805389404e-01 1.443541496992111206e-01 2.559273838996887207e-01 8.515731990337371826e-02
-7.553316950798034668e-01 -3.229813575744628906e-01 3.213441967964172363e-01 -3.154014050960540771e-01 3.473141789436340332e-01 2.048390060663223267e-01 -1.209676265716552734e-02 -2.530702650547027588e-01 -4.666634798049926758e-01 1.055069923400878906e+00 -6.218316555023193359e-01 1.245254576206207275e-01 -1.622189581394195557e-01 3.200721144676208496e-01 -8.804776519536972046e-02 1.308531761169433594e-01 9.988597035408020020e-02 1.947324126958847046e-01 -4.639028906822204590e-01 2.077407389879226685e-01 1.810185611248016357e-01 -2.418628633022308350e-01 -2.128284275531768799e-01 -7.976958900690078735e-02 3.325175344944000244e-01 -5.944231152534484863e-01 -1.312522143125534058e-01 -1.866748034954071045e-01 3.198398351669311523e-01 1.140555888414382935e-01 5.384048819541931152e-01 3.453576862812042236e-01 3.814862072467803955e-01 1.291004568338394165e-02 -5.723542571067810059e-01 1.484185457229614258e-01 2.093192338943481445e-01 3.021397888660430908e-01 -3.223916292190551758e-01 -6.844488531351089478e-02 -1.673288792371749878e-01 2.618110179901123047e-01 5.481997132301330566e-01 -5.016131401062011719e-01 -1.749859899282455444e-01 2.360900044441223145e-01 6.843261718750000000e-01 -1.177522391080856323e-01 -5.565274357795715332e-01 2.626840174198150635e-01 3.309767246246337891e-01 4.270679354667663574e-01 -2.609014213085174561e-01 -2.334183156490325928e-01 2.122263312339782715e-01 -1.474702954292297363e-01 5.556640028953552246e-01 4.692655801773071289e-01 6.283919215202331543e-01 5.396421998739242554e-02 -2.248140722513198853e-01 6.525586545467376709e-02 2.310396581888198853e-01 1.695053577423095703e-01
-4.855842888355255127e-01 -2.851296663284301758e-01 2.827777266502380371e-01 -2.176429480314254761e-01 3.459373414516448975e-01 3.181308805942535400e-01 1.654387414455413818e-01 -1.308248043060302734e-01 -7.462697625160217285e-01 9.837414622306823730e-01 -4.273830652236938477e-01 -4.509362578392028809e-02 -3.502766489982604980e-01 1.181646287441253662e-01 -2.635295093059539795e-01 1.377627551555633545e-01 5.600403249263763428e-02 1.908780932426452637e-01 -5.895199179649353027e-01 -1.860012561082839966e-01 1.568423807621002197e-01 1.331764608621597290e-01 -1.063938811421394348e-01 -1.294715702533721924e-01 1.918628662824630737e-01 -4.975769519805908203e-01 -2.522460520267486572e-01 -3.677012026309967041e-01 4.520763754844665527e-01 2.096732556819915771e-01 6.717714071273803711e-01 6.728960275650024414e-01 1.179886907339096069e-01 -1.008967384696006775e-01 -4.687108397483825684e-01 5.717045068740844727e-02 1.835241615772247314e-01 3.561335504055023193e-01 -2.141838967800140381e-01 -9.973995387554168701e-03 -1.955002099275588989e-01 3.321282267570495605e-01 1.311283409595489502e-01 -6.923924684524536133e-01 -2.425782829523086548e-01 3.081111609935760498e-01 6.510047316551208496e-01 -3.948434814810752869e-02 -5.354894995689392090e-01 1.978928744792938232e-01 2.901849150657653809e-01 3.190954625606536865e-01 -4.003998637199401855e-01 -4.185174107551574707e-01 5.924776196479797363e-01 -1.833529174327850342e-01 2.760742902755737305e-01 3.149875104427337646e-01 1.018452763557434082e+00 -2.102956175804138184e-03 -2.606177926063537598e-01 -1.762741804122924805e-01 1.104072555899620056e-01 3.030402362346649170e-01
-7.194100022315979004e-01 -4.756397008895874023e-01 3.551132082939147949e-01 -4.446533322334289551e-01 2.668164372444152832e-01 2.015079557895660400e-01 -6.796032935380935669e-02 -2.928737998008728027e-01 -2.821882665157318115e-01 8.956757187843322754e-01 -6.496400833129882812e-01 9.375040233135223389e-02 -1.908124238252639771e-01 4.513831138610839844e-01 -3.463201224803924561e-03 -8.555127680301666260e-02 3.125839233398437500e-01 1.258211135864257812e-01 -2.892217040061950684e-01 6.278299093246459961e-01 2.029474526643753052e-01 -5.324641466140747070e-01 -2.686231732368469238e-01 1.365464627742767334e-01 2.608734667301177979e-01 -7.449766993522644043e-01 -1.315363198518753052e-01 -9.866838902235031128e-02 2.034212648868560791e-01 -3.604853898286819458e-02 4.334972500801086426e-01 1.839930415153503418e-01 4.398832619190216064e-01 1.759584248065948486e-01 -5.829392075538635254e-01 2.609211802482604980e-01 2.326859235763549805e-01 1.511190682649612427e-01 -2.446627020835876465e-01 -1.685886979103088379e-01 5.347215756773948669e-02 6.127302348613739014e-02 7.995405197143554688e-01 -2.678577005863189697e-01 -9.206171333789825439e-02 1.937794983386993408e-01 5.429238677024841309e-01 -1.017729938030242920e-02 -5.699594616889953613e-01 3.804284036159515381e-01 3.452761173248291016e-01 4.968098402023315430e-01 -8.070637285709381104e-02 1.113520339131355286e-01 3.424959629774093628e-02 1.785235852003097534e-02 7.466585636138916016e-01 6.335198283195495605e-01 3.529056906700134277e-01 1.171960160136222839e-01 -1.569074243307113647e-01 2.757899761199951172e-01 2.828839123249053955e-01 1.192502528429031372e-01
-2.879593968391418457e-01 -4.229884445667266846e-01 -3.894295096397399902e-01 -3.809592425823211670e-01 -1.928701698780059814e-01 -3.888244926929473877e-02 7.259743213653564453e-01 -3.063401877880096436e-01 -3.131972253322601318e-01 4.783743619918823242e-01 -5.474369525909423828e-01 -1.488233506679534912e-01 -6.121000647544860840e-01 -1.498735547065734863e-01 -3.795389831066131592e-01 -8.283653855323791504e-02 -2.866792082786560059e-01 1.100299358367919922e-01 -2.970263361930847168e-01 2.383840084075927734e-01 -1.396820247173309326e-01 -2.219742834568023682e-01 1.668204069137573242e-01 5.813091993331909180e-01 3.869225084781646729e-01 -5.380254983901977539e-01 1.555187702178955078e-01 -6.737440824508666992e-01 6.172847747802734375e-01 1.018990278244018555e-01 5.572091937065124512e-01 8.553837239742279053e-02 -1.985336989164352417e-01 -2.957690507173538208e-02 5.998758971691131592e-02 6.862560510635375977e-01 3.207245469093322754e-01 -2.502053678035736084e-01 -1.809649914503097534e-02 -4.298854768276214600e-01 9.348288774490356445e-01 -5.201494097709655762e-01 3.727481961250305176e-01 -3.535552620887756348e-01 2.815938591957092285e-01 -2.480006515979766846e-01 5.350386500358581543e-01 7.269514203071594238e-01 -9.911893606185913086e-01 -2.374060750007629395e-01 3.830755949020385742e-01 -5.991825833916664124e-02 1.453806757926940918e-01 -3.320037126541137695e-01 5.094908922910690308e-02 4.186752438545227051e-01 9.047836065292358398e-01 5.429296493530273438e-01 -1.894846856594085693e-01 -3.407134115695953369e-01 -3.611443042755126953e-01 -5.104414224624633789e-01 -1.125233899801969528e-02 7.127519249916076660e-01
-7.476112246513366699e-01 -3.309894204139709473e-01 4.276672303676605225e-01 -3.867529928684234619e-01 3.205564022064208984e-01 2.381711453199386597e-01 -1.475233137607574463e-01 -2.778677642345428467e-01 -5.577191114425659180e-01 1.076134324073791504e+00 -5.403658151626586914e-01 1.345207393169403076e-01 -1.248117089271545410e-01 4.888560175895690918e-01 -5.531019717454910278e-02 1.317762434482574463e-01 2.278289794921875000e-01 1.883046627044677734e-01 -3.996858298778533936e-01 2.049414962530136108e-01 2.423970103263854980e-01 -2.458355426788330078e-01 -3.288758993148803711e-01 -6.379357725381851196e-02 2.601214945316314697e-01 -7.151567339897155762e-01 -2.412148267030715942e-01 -1.107698082923889160e-01 2.275010645389556885e-01 1.464110016822814941e-01 5.049159526824951172e-01 4.943344593048095703e-01 4.064652919769287109e-01 6.330048292875289917e-02 -7.571373581886291504e-01 8.035603910684585571e-02 1.526134610176086426e-01 2.947777509689331055e-01 -2.190712988376617432e-01 -6.887283921241760254e-02 -2.014233916997909546e-01 3.208616077899932861e-01 4.610000252723693848e-01 -4.492951035499572754e-01 -2.129880338907241821e-01 2.982980012893676758e-01 6.899183988571166992e-01 -2.191537767648696899e-01 -4.697921276092529297e-01 3.347251713275909424e-01 4.240612387657165527e-01 4.990028142929077148e-01 -2.779652774333953857e-01 -1.514545679092407227e-01 2.095735371112823486e-01 -1.523025035858154297e-01 4.735302627086639404e-01 5.204781293869018555e-01 7.665457129478454590e-01 8.908373862504959106e-02 -2.287708818912506104e-01 1.786935776472091675e-01 2.502147257328033447e-01 1.140779256820678711e-01
-7.245930433273315430e-01 -3.015171289443969727e-01 8.200518041849136353e-02 -2.341960370540618896e-01 2.611981034278869629e-01 2.262319475412368774e-01 3.647164404392242432e-01 -2.812815606594085693e-01 -3.701748251914978027e-01 7.643117904663085938e-01 -5.123813152313232422e-01 -1.241054534912109375e-01 -4.880547225475311279e-01 1.583647578954696655e-01 -3.409148752689361572e-01 1.281924266368150711e-02 -1.221671476960182190e-01 3.626350313425064087e-02 -4.239163398742675781e-01 1.704453676939010620e-01 3.336337953805923462e-02 -2.812053561210632324e-01 7.600955665111541748e-03 2.120018005371093750e-01 3.996317386627197266e-01 -5.641000270843505859e-01 9.533154964447021484e-02 -2.793235182762145996e-01 4.804614186286926270e-01 1.001552194356918335e-01 6.978076100349426270e-01 1.250761747360229492e-01 9.945318847894668579e-02 -1.277868747711181641e-01 -2.633982002735137939e-01 4.180403649806976318e-01 3.370942771434783936e-01 -4.223605245351791382e-02 -2.407209873199462891e-01 -2.420009076595306396e-01 3.567979335784912109e-01 -5.395038425922393799e-02 6.169856786727905273e-01 -3.151363730430603027e-01 1.459407713264226913e-02 -1.215784624218940735e-01 5.511087775230407715e-01 2.237037271261215210e-01 -6.296905875205993652e-01 2.539210021495819092e-03 3.482770919799804688e-01 1.702224910259246826e-01 -4.746479913592338562e-02 -4.687609076499938965e-01 1.330723166465759277e-01 -3.034812211990356445e-02 8.210185170173645020e-01 4.804407656192779541e-01 2.038893103599548340e-01 -1.418346911668777466e-01 -3.076800107955932617e-01 -2.182236909866333008e-01 1.775623112916946411e-01 3.735007345676422119e-01
-7.648881077766418457e-01 -5.126060247421264648e-01 5.942884683609008789e-01 -4.337128698825836182e-01 3.389368653297424316e-01 2.839465141296386719e-01 -3.660903871059417725e-01 -3.024381101131439209e-01 -1.432804912328720093e-01 1.029411077499389648e+00 -7.046774029731750488e-01 1.710236519575119019e-01 1.135623455047607422e-01 5.814379453659057617e-01 1.204115375876426697e-01 -7.734103500843048096e-02 4.975191950798034668e-01 2.260117232799530029e-01 -1.522676944732666016e-01 7.282061576843261719e-01 4.092519581317901611e-01 -4.910414218902587891e-01 -5.505771040916442871e-01 -4.343587160110473633e-02 2.690566182136535645e-01 -6.973595619201660156e-01 -2.291903197765350342e-01 8.684503287076950073e-02 -1.216186061501502991e-01 -3.662329167127609253e-02 2.914324402809143066e-01 1.653780788183212280e-01 5.929557681083679199e-01 3.554599583148956299e-01 -8.152378201484680176e-01 1.965158581733703613e-01 1.277765929698944092e-01 3.266727626323699951e-01 -1.311942189931869507e-01 -6.147907674312591553e-02 -2.267123311758041382e-01 2.350011467933654785e-01 7.901871800422668457e-01 -1.623748540878295898e-01 -2.502735257148742676e-01 3.419835567474365234e-01 5.130645036697387695e-01 -2.836831212043762207e-01 -3.353884220123291016e-01 4.015575647354125977e-01 2.576024532318115234e-01 6.753456592559814453e-01 -1.408372968435287476e-01 2.011615633964538574e-01 -2.551764994859695435e-02 -4.088348150253295898e-02 4.700331389904022217e-01 6.027227640151977539e-01 4.501481950283050537e-01 2.344804406166076660e-01 -4.642492532730102539e-02 6.201818585395812988e-01 3.485660552978515625e-01 -1.855904236435890198e-02
-2.152960300445556641e-01 -5.224443674087524414e-01 -3.441133797168731689e-01 -3.583475649356842041e-01 -2.600946426391601562e-01 9.793480485677719116e-02 7.554479241371154785e-01 -3.020787835121154785e-01 -2.649911642074584961e-01 5.630644559860229492e-01 -5.777243971824645996e-01 -1.856902539730072021e-01 -5.968348979949951172e-01 -1.906307637691497803e-01 -4.488677680492401123e-01 -1.925653368234634399e-01 -1.879683583974838257e-01 1.511060744524002075e-01 -2.570899426937103271e-01 2.559405863285064697e-01 -5.390308052301406860e-02 -1.063607931137084961e-01 -3.855770081281661987e-02 6.211645603179931641e-01 3.766926825046539307e-01 -4.556496739387512207e-01 1.263189762830734253e-01 -7.424390912055969238e-01 4.797690808773040771e-01 1.335263699293136597e-01 5.921335220336914062e-01 1.145131736993789673e-01 -2.985258400440216064e-01 -2.073127776384353638e-02 -1.157670468091964722e-02 8.114827275276184082e-01 2.560908198356628418e-01 -2.131562083959579468e-01 1.350639164447784424e-01 -3.910847306251525879e-01 9.951208233833312988e-01 -5.398963093757629395e-01 3.010033369064331055e-01 -3.388502001762390137e-01 3.284564614295959473e-01 -2.301430404186248779e-01 5.171218514442443848e-01 7.822145223617553711e-01 -9.877100586891174316e-01 -3.207414746284484863e-01 3.338322639465332031e-01 -6.297060847282409668e-02 1.015680134296417236e-01 -2.927103936672210693e-01 6.362647563219070435e-02 4.932858049869537354e-01 7.128222584724426270e-01 4.487806260585784912e-01 -1.302630752325057983e-01 -4.330938756465911865e-01 -2.664549052715301514e-01 -4.206176400184631348e-01 -6.297859363257884979e-03 7.604019641876220703e-01
-7.619376182556152344e-01 -3.945684731006622314e-01 2.251354157924652100e-01 -3.680668771266937256e-01 3.081223964691162109e-01 2.578429579734802246e-01 1.499065458774566650e-01 -3.083396553993225098e-01 -3.449681997299194336e-01 6.820255517959594727e-01 -5.171833634376525879e-01 -9.640659391880035400e-02 -4.435096979141235352e-01 3.178068399429321289e-01 -1.499278545379638672e-01 -1.100863795727491379e-02 4.592689126729965210e-02 2.368672192096710205e-02 -2.950090765953063965e-01 5.047224760055541992e-01 1.134869083762168884e-01 -5.265346765518188477e-01 -3.633727878332138062e-02 2.100550234317779541e-01 2.934017479419708252e-01 -6.186726689338684082e-01 -2.410378679633140564e-02 -4.308670386672019958e-02 4.139190316200256348e-01 -6.297448277473449707e-02 6.484586596488952637e-01 1.701305806636810303e-01 3.306336998939514160e-01 6.587333977222442627e-03 -2.814379632472991943e-01 3.541978895664215088e-01 2.876678705215454102e-01 -8.426058292388916016e-02 -2.725634276866912842e-01 -2.764509916305541992e-01 1.454858034849166870e-01 9.988605976104736328e-03 9.006743431091308594e-01 -1.543178558349609375e-01 -1.593438088893890381e-01 -6.292235106229782104e-02 5.155351758003234863e-01 1.139677613973617554e-01 -5.465139150619506836e-01 2.231256365776062012e-01 4.020023345947265625e-01 3.839042186737060547e-01 5.206268280744552612e-03 -3.013286292552947998e-01 3.930402547121047974e-02 -8.170545101165771484e-03 8.853288292884826660e-01 6.551992893218994141e-01 1.361241191625595093e-01 1.262055337429046631e-01 -2.767734229564666748e-01 -1.799808442592620850e-02 2.629004418849945068e-01 2.154640704393386841e-01
-4.408322274684906006e-01 -2.149979174137115479e-01 3.655759394168853760e-01 -2.076654732227325439e-01 3.801520764827728271e-01 3.310043513774871826e-01 -2.029349654912948608e-02 -9.065782278776168823e-02 -6.008672714233398438e-01 1.219496726989746094e+00 -4.793227910995483398e-01 2.555613964796066284e-02 -1.292179673910140991e-01 1.971152573823928833e-01 -1.727261543273925781e-01 2.617141008377075195e-01 1.262018680572509766e-01 2.749185562133789062e-01 -4.740372300148010254e-01 -2.085395902395248413e-01 4.273720681667327881e-01 3.235496282577514648e-01 -3.111227452754974365e-01 -2.936164140701293945e-01 3.482793867588043213e-01 -2.857722640037536621e-01 -2.426417022943496704e-01 -3.106726706027984619e-01 2.054159939289093018e-01 1.117488220334053040e-01 5.784484744071960449e-01 7.473262548446655273e-01 2.085332274436950684e-01 -4.315648227930068970e-02 -6.293722987174987793e-01 9.442692995071411133e-02 1.524612307548522949e-01 5.482865571975708008e-01 -8.472947776317596436e-02 4.901624470949172974e-02 -5.531692504882812500e-01 5.112424492835998535e-01 -4.714027047157287598e-02 -7.217110395431518555e-01 -4.570938348770141602e-01 4.056860804557800293e-01 7.087348699569702148e-01 -2.306677997112274170e-01 -2.988914847373962402e-01 1.995242834091186523e-01 9.761686623096466064e-02 4.885247051715850830e-01 -4.234166443347930908e-01 -4.521202147006988525e-01 5.417559742927551270e-01 -2.934223413467407227e-01 -1.027663946151733398e-01 2.244371771812438965e-01 1.177296996116638184e+00 2.018994837999343872e-02 -1.140330284833908081e-01 -6.060992181301116943e-02 1.603230834007263184e-01 2.077798247337341309e-01
-3.451676070690155029e-01 -3.038159608840942383e-01 -4.537038207054138184e-01 -2.177173644304275513e-01 -1.988265812397003174e-01 7.498854398727416992e-02 7.870401144027709961e-01 -2.924544811248779297e-01 -2.904895544052124023e-01 5.401911735534667969e-01 -5.103796720504760742e-01 -2.148247361183166504e-01 -6.752074956893920898e-01 -1.774161458015441895e-01 -5.285565853118896484e-01 -8.494770526885986328e-02 -3.958531320095062256e-01 9.592071175575256348e-02 -3.528310954570770264e-01 7.600545883178710938e-02 -1.713581085205078125e-01 -6.133852526545524597e-02 1.695495545864105225e-01 6.400439739227294922e-01 5.134414434432983398e-01 -3.823707103729248047e-01 2.476993501186370850e-01 -6.892125010490417480e-01 6.085786819458007812e-01 1.462228596210479736e-01 6.773752570152282715e-01 9.440686553716659546e-02 -3.504895567893981934e-01 -1.173576936125755310e-01 1.032258495688438416e-01 7.375879287719726562e-01 2.766579091548919678e-01 -2.547538578510284424e-01 6.254915148019790649e-02 -4.883154332637786865e-01 9.790238142013549805e-01 -5.029721260070800781e-01 2.590276002883911133e-01 -3.139366507530212402e-01 3.649320900440216064e-01 -3.079886138439178467e-01 5.626626014709472656e-01 7.379204630851745605e-01 -9.283834695816040039e-01 -3.684531748294830322e-01 2.993811964988708496e-01 -1.515317708253860474e-01 1.566901355981826782e-01 -5.118808150291442871e-01 5.319745093584060669e-02 3.685646653175354004e-01 8.090599775314331055e-01 4.722295999526977539e-01 -1.480267494916915894e-01 -4.334913194179534912e-01 -3.710348010063171387e-01 -6.719285845756530762e-01 -1.168943941593170166e-01 7.643376588821411133e-01
-3.081980347633361816e-01 -3.240660727024078369e-01 -5.328877568244934082e-01 -2.323766946792602539e-01 -3.138679862022399902e-01 3.196601569652557373e-02 7.661805152893066406e-01 -3.057481348514556885e-01 -3.223658502101898193e-01 5.408327579498291016e-01 -5.124889612197875977e-01 -1.762385070323944092e-01 -6.574463844299316406e-01 -1.166488826274871826e-01 -4.791407883167266846e-01 -1.004750058054924011e-01 -3.938971161842346191e-01 1.396109163761138916e-01 -3.518421947956085205e-01 9.969666600227355957e-02 -2.195124626159667969e-01 -4.721102491021156311e-02 1.127562001347541809e-01 6.838800907135009766e-01 4.983864128589630127e-01 -3.399459719657897949e-01 2.490607351064682007e-01 -7.700662612915039062e-01 5.277440547943115234e-01 1.841189265251159668e-01 6.190681457519531250e-01 1.290572732686996460e-01 -3.050352632999420166e-01 -1.141741126775741577e-02 6.320255249738693237e-02 7.123088240623474121e-01 2.521713078022003174e-01 -2.830081582069396973e-01 1.484865546226501465e-01 -5.464351773262023926e-01 1.073957324028015137e+00 -5.518006682395935059e-01 2.347498387098312378e-01 -2.870297431945800781e-01 4.055067300796508789e-01 -2.719999253749847412e-01 6.078974604606628418e-01 7.771427631378173828e-01 -9.405053257942199707e-01 -4.075708389282226562e-01 2.920136451721191406e-01 -1.600238531827926636e-01 1.684248894453048706e-01 -4.197831749916076660e-01 -7.329035550355911255e-02 4.512389898300170898e-01 7.392193675041198730e-01 4.720276892185211182e-01 -1.412540823221206665e-01 -4.532559812068939209e-01 -3.905416131019592285e-01 -6.285206675529479980e-01 -1.580534875392913818e-01 8.159536719322204590e-01
-6.342887878417968750e-01 -2.894210815429687500e-01 2.774052619934082031e-01 -3.126911818981170654e-01 3.072512447834014893e-01 1.836807578802108765e-01 8.641373366117477417e-02 -2.281380891799926758e-01 -5.729370117187500000e-01 1.084577083587646484e+00 -5.703431367874145508e-01 8.432865142822265625e-02 -2.406474500894546509e-01 2.903539538383483887e-01 -1.537589728832244873e-01 2.064457684755325317e-01 1.321900486946105957e-01 2.131819427013397217e-01 -5.199647545814514160e-01 1.497247349470853806e-02 1.252922117710113525e-01 -5.457806214690208435e-02 -2.011127471923828125e-01 -6.068537384271621704e-02 3.292643129825592041e-01 -6.093697547912597656e-01 -1.388777941465377808e-01 -3.457184135913848877e-01 3.343903720378875732e-01 1.865110397338867188e-01 5.329368710517883301e-01 4.530088603496551514e-01 2.600287497043609619e-01 -1.267435401678085327e-02 -6.371609568595886230e-01 1.866802573204040527e-01 2.572185397148132324e-01 3.061544299125671387e-01 -2.705697119235992432e-01 -9.573861211538314819e-02 -6.365265697240829468e-02 2.325518131256103516e-01 2.713704109191894531e-01 -5.945200324058532715e-01 -1.303621977567672729e-01 2.599696218967437744e-01 7.177760601043701172e-01 -9.324160218238830566e-02 -5.628454685211181641e-01 1.685301959514617920e-01 3.671546578407287598e-01 3.304637968540191650e-01 -3.758074045181274414e-01 -3.082122802734375000e-01 2.947230935096740723e-01 -1.069243997335433960e-01 4.764178693294525146e-01 4.058981835842132568e-01 7.865141034126281738e-01 -4.957427084445953369e-02 -2.318560630083084106e-01 -5.203554034233093262e-02 1.628047525882720947e-01 2.856998145580291748e-01
3.922122716903686523e-02 -2.776822149753570557e-01 2.140776515007019043e-01 -2.317298650741577148e-01 3.281124234199523926e-01 3.138961195945739746e-01 3.501432240009307861e-01 -3.541648387908935547e-03 -8.077718019485473633e-01 9.506394863128662109e-01 -4.410401284694671631e-01 -2.168957889080047607e-01 -1.793597489595413208e-01 -2.954928874969482422e-01 -4.285064637660980225e-01 8.466548286378383636e-03 -2.509725093841552734e-02 2.552693784236907959e-01 -5.074061751365661621e-01 -3.719875812530517578e-01 3.301987648010253906e-01 5.984039306640625000e-01 -1.622080057859420776e-02 -1.445442736148834229e-01 1.380110681056976318e-01 -3.364880084991455078e-01 -3.059633076190948486e-01 -7.653343081474304199e-01 4.808506369590759277e-01 1.848055422306060791e-01 5.214204788208007812e-01 7.046548724174499512e-01 -2.890896201133728027e-01 -3.687917068600654602e-02 -3.239018917083740234e-01 1.097750663757324219e-01 2.509000897407531738e-01 5.963034629821777344e-01 6.065861135721206665e-02 1.046156436204910278e-01 -1.803534179925918579e-01 3.534211218357086182e-01 -5.046388506889343262e-01 -1.032200455665588379e+00 -4.012984335422515869e-01 4.066254198551177979e-01 5.628749728202819824e-01 -1.305081695318222046e-02 -7.262560725212097168e-01 1.501276344060897827e-02 8.310884237289428711e-02 2.079256474971771240e-01 -5.646995306015014648e-01 -4.795711934566497803e-01 1.030874848365783691e+00 -6.293512880802154541e-03 -2.066876441240310669e-01 -6.398733705282211304e-02 1.269487500190734863e+00 -7.327082753181457520e-02 -2.300656139850616455e-01 -2.850467562675476074e-01 -5.178008228540420532e-02 3.293389976024627686e-01
-8.642114996910095215e-01 -3.726270496845245361e-01 4.057497084140777588e-01 -4.105067551136016846e-01 3.014790713787078857e-01 2.509543597698211670e-01 -1.548997163772583008e-01 -2.969103455543518066e-01 -3.203729391098022461e-01 9.532527327537536621e-01 -6.453144550323486328e-01 1.534976363182067871e-01 -9.368528425693511963e-02 4.672224521636962891e-01 -2.643596380949020386e-02 1.709581539034843445e-02 2.002961635589599609e-01 1.618741154670715332e-01 -3.177182078361511230e-01 4.593150615692138672e-01 2.300203144550323486e-01 -4.767774343490600586e-01 -3.110342621803283691e-01 1.945105940103530884e-02 3.268821835517883301e-01 -6.942771077156066895e-01 -1.833106726408004761e-01 3.442786633968353271e-02 1.399428248405456543e-01 9.365752339363098145e-04 3.792200684547424316e-01 2.082123458385467529e-01 5.692248344421386719e-01 1.331988871097564697e-01 -6.097089648246765137e-01 1.934562027454376221e-01 2.300583124160766602e-01 1.579318791627883911e-01 -2.664082348346710205e-01 -1.480066478252410889e-01 -1.423086971044540405e-01 2.042534351348876953e-01 7.842344045639038086e-01 -2.260440587997436523e-01 -1.856384575366973877e-01 1.894265413284301758e-01 5.939497351646423340e-01 -1.632103919982910156e-01 -4.748792648315429688e-01 3.214519619941711426e-01 3.616573810577392578e-01 4.936746954917907715e-01 -1.356057077646255493e-01 -9.131924808025360107e-02 7.442340999841690063e-02 -5.411101877689361572e-02 6.964196562767028809e-01 6.442972421646118164e-01 3.685120046138763428e-01 1.334975957870483398e-01 -2.545032203197479248e-01 2.805405259132385254e-01 3.090769946575164795e-01 8.728836476802825928e-02
-2.366724908351898193e-01 -4.510702490806579590e-01 -4.652138352394104004e-01 -3.952319622039794922e-01 -3.028375208377838135e-01 2.702664025127887726e-02 7.261240482330322266e-01 -3.143184781074523926e-01 -2.969681918621063232e-01 4.794186949729919434e-01 -5.429236292839050293e-01 -1.491487324237823486e-01 -6.480880975723266602e-01 -1.186961233615875244e-01 -3.763647377490997314e-01 -1.182958036661148071e-01 -2.580540180206298828e-01 1.292003095149993896e-01 -2.147937715053558350e-01 2.769648134708404541e-01 -1.605644822120666504e-01 -1.521252989768981934e-01 1.233161464333534241e-01 6.786300539970397949e-01 4.344653785228729248e-01 -4.798783063888549805e-01 1.282002180814743042e-01 -6.954121589660644531e-01 5.428710579872131348e-01 8.650668710470199585e-02 5.539194941520690918e-01 1.524865478277206421e-01 -2.799768447875976562e-01 -1.251184195280075073e-02 3.443434089422225952e-02 7.634278535842895508e-01 3.123267292976379395e-01 -3.002144992351531982e-01 1.150254979729652405e-01 -4.841741621494293213e-01 1.016037821769714355e+00 -5.802217125892639160e-01 3.156490325927734375e-01 -3.065654933452606201e-01 3.244451582431793213e-01 -2.310989499092102051e-01 5.576040744781494141e-01 7.753610014915466309e-01 -9.728860855102539062e-01 -2.765155136585235596e-01 3.542914986610412598e-01 -1.099585369229316711e-01 1.612674444913864136e-01 -3.213816881179809570e-01 -9.131506085395812988e-04 5.035364627838134766e-01 8.248249888420104980e-01 5.421168208122253418e-01 -2.086557447910308838e-01 -3.848111927509307861e-01 -3.447182774543762207e-01 -5.223140716552734375e-01 -4.226717352867126465e-02 7.279188036918640137e-01
-6.646795868873596191e-01 -3.198965787887573242e-01 4.070569276809692383e-01 -4.478759765625000000e-01 3.242077827453613281e-01 1.682002395391464233e-01 -1.047411337494850159e-01 -2.791781127452850342e-01 -5.571849942207336426e-01 1.026675701141357422e+00 -6.213245987892150879e-01 1.611432135105133057e-01 -5.967509001493453979e-03 3.684213161468505859e-01 -1.107101514935493469e-01 2.880480512976646423e-02 1.954085826873779297e-01 2.363575100898742676e-01 -3.734187483787536621e-01 2.724455296993255615e-01 2.485286593437194824e-01 -2.552635669708251953e-01 -2.523353695869445801e-01 -4.197204858064651489e-02 2.896707355976104736e-01 -7.487036585807800293e-01 -2.664717435836791992e-01 -2.435395419597625732e-01 2.765270769596099854e-01 1.344368457794189453e-01 3.802045583724975586e-01 4.021556675434112549e-01 3.702366650104522705e-01 1.332554221153259277e-01 -6.817727088928222656e-01 1.212658211588859558e-01 2.150928378105163574e-01 3.683757483959197998e-01 -2.135834097862243652e-01 -3.787747025489807129e-02 -1.325257271528244019e-01 2.562292218208312988e-01 3.646918535232543945e-01 -5.310612916946411133e-01 -2.116834819316864014e-01 3.424329757690429688e-01 6.279799938201904297e-01 -2.059680223464965820e-01 -6.124498248100280762e-01 3.137505650520324707e-01 3.957511782646179199e-01 4.291250109672546387e-01 -2.963802814483642578e-01 -1.162265539169311523e-01 3.454771041870117188e-01 -2.225691080093383789e-02 4.889077246189117432e-01 4.994904994964599609e-01 7.356733679771423340e-01 1.500611603260040283e-01 -2.763378918170928955e-01 1.412057727575302124e-01 1.664207726716995239e-01 1.197344809770584106e-01
-8.841752409934997559e-01 -4.736550152301788330e-01 5.458868145942687988e-01 -2.973158061504364014e-01 4.238640666007995605e-01 3.351482450962066650e-01 -2.814065515995025635e-01 -3.024888634681701660e-01 -1.229069083929061890e-01 1.055535793304443359e+00 -6.998356580734252930e-01 1.123164519667625427e-01 4.724355041980743408e-02 5.139835476875305176e-01 3.580217808485031128e-02 -9.134609997272491455e-02 3.588421344757080078e-01 1.426759064197540283e-01 -2.278717756271362305e-01 6.304046511650085449e-01 4.091897308826446533e-01 -4.422317147254943848e-01 -5.416059494018554688e-01 -7.751170545816421509e-02 3.660621941089630127e-01 -5.950087308883666992e-01 -1.019165366888046265e-01 1.075481399893760681e-01 -7.320169359445571899e-02 -4.704414308071136475e-02 4.064387679100036621e-01 8.292766660451889038e-02 6.434091329574584961e-01 2.132754027843475342e-01 -6.971784830093383789e-01 2.406327128410339355e-01 1.013204231858253479e-01 2.760004699230194092e-01 -2.245025634765625000e-01 -5.578619241714477539e-02 -2.627193927764892578e-01 2.707311809062957764e-01 8.873389959335327148e-01 -1.642886400222778320e-01 -2.310857772827148438e-01 2.117041945457458496e-01 5.340153574943542480e-01 -2.866950035095214844e-01 -3.022259473800659180e-01 3.402835428714752197e-01 1.935387700796127319e-01 6.103733777999877930e-01 -1.185189783573150635e-01 3.789865970611572266e-02 -6.664993613958358765e-02 -1.307750642299652100e-01 5.076477527618408203e-01 5.202676057815551758e-01 3.889248073101043701e-01 1.347856223583221436e-01 -6.441696733236312866e-02 5.328258275985717773e-01 3.387807011604309082e-01 -3.536418452858924866e-02
-8.166688084602355957e-01 -3.886533379554748535e-01 2.184003889560699463e-01 -4.514389336109161377e-01 1.972438395023345947e-01 1.764444559812545776e-01 1.167286187410354614e-01 -3.027740716934204102e-01 -2.775310575962066650e-01 7.174274921417236328e-01 -5.920433402061462402e-01 2.920232713222503662e-02 -3.151461780071258545e-01 4.146780967712402344e-01 -1.088719293475151062e-01 -1.214760616421699524e-01 8.348343521356582642e-02 1.192823052406311035e-02 -2.219703793525695801e-01 6.155739426612854004e-01 1.144540384411811829e-01 -6.719952225685119629e-01 -8.429368585348129272e-02 2.651349306106567383e-01 3.301407992839813232e-01 -7.252403497695922852e-01 7.862987928092479706e-03 -8.245044946670532227e-02 3.406504392623901367e-01 -5.210286378860473633e-02 5.454418659210205078e-01 1.004369482398033142e-01 3.948883712291717529e-01 5.058775097131729126e-02 -3.864015936851501465e-01 4.134706258773803711e-01 2.925339341163635254e-01 -8.577640354633331299e-02 -2.615759372711181641e-01 -2.851285040378570557e-01 2.822211980819702148e-01 -5.742000788450241089e-02 9.151946902275085449e-01 -1.632910966873168945e-01 -6.769010797142982483e-04 -6.960935145616531372e-02 4.750348925590515137e-01 1.136017590761184692e-01 -5.781899094581604004e-01 2.708893120288848877e-01 4.341301321983337402e-01 3.367956578731536865e-01 5.105516687035560608e-02 -6.591687351465225220e-02 -1.113513186573982239e-01 8.573745191097259521e-02 1.002984404563903809e+00 7.026692032814025879e-01 6.062494218349456787e-02 5.129312723875045776e-02 -2.670616209506988525e-01 1.052400320768356323e-01 2.826166450977325439e-01 2.149134278297424316e-01
-5.359613299369812012e-01 -2.791164517402648926e-01 -1.826068311929702759e-01 -2.965376675128936768e-01 -1.788297295570373535e-02 1.235210523009300232e-01 5.664725303649902344e-01 -2.497926354408264160e-01 -3.667669892311096191e-01 6.878094077110290527e-01 -5.000564455986022949e-01 -1.302696764469146729e-01 -6.451618671417236328e-01 6.857262551784515381e-02 -3.866691291332244873e-01 6.994643807411193848e-02 -2.043864130973815918e-01 3.946612775325775146e-02 -4.149050116539001465e-01 -3.183581680059432983e-02 -1.450807750225067139e-01 -1.491620689630508423e-01 1.070842966437339783e-01 4.145085215568542480e-01 3.354305326938629150e-01 -5.995129942893981934e-01 1.278081834316253662e-01 -4.461496472358703613e-01 5.470395684242248535e-01 1.963371634483337402e-01 6.063764095306396484e-01 1.576012969017028809e-01 -1.820818632841110229e-01 -1.225719079375267029e-01 -2.041057646274566650e-01 5.041424036026000977e-01 4.221178293228149414e-01 -1.154044270515441895e-01 -6.763268262147903442e-02 -4.090252518653869629e-01 7.497527003288269043e-01 -2.445550113916397095e-01 3.198252320289611816e-01 -3.054642379283905029e-01 2.058184891939163208e-01 -1.192278787493705750e-01 5.801771283149719238e-01 4.645850062370300293e-01 -7.902594804763793945e-01 -2.103736400604248047e-01 4.091863036155700684e-01 3.930051624774932861e-02 -4.622422531247138977e-02 -4.494241178035736084e-01 1.762465834617614746e-01 1.163014248013496399e-01 8.575341105461120605e-01 5.597491860389709473e-01 1.225121840834617615e-01 -2.474742531776428223e-01 -3.388151526451110840e-01 -4.514067769050598145e-01 1.251316815614700317e-01 6.088659763336181641e-01
-6.963188648223876953e-01 -1.879705339670181274e-01 4.428588747978210449e-01 -2.435874938964843750e-01 4.179356694221496582e-01 3.311522006988525391e-01 -1.227294281125068665e-01 -1.983893811702728271e-01 -5.516005754470825195e-01 1.162222504615783691e+00 -4.898652136325836182e-01 8.091986179351806641e-02 -7.731433212757110596e-02 3.353610634803771973e-01 -1.738613545894622803e-01 2.170599997043609619e-01 1.263653337955474854e-01 2.106043398380279541e-01 -5.072268843650817871e-01 -7.844324409961700439e-02 3.158686459064483643e-01 4.266177117824554443e-02 -3.167678713798522949e-01 -2.277165055274963379e-01 3.956048786640167236e-01 -4.820100665092468262e-01 -2.198575288057327271e-01 -1.833299398422241211e-01 2.426349520683288574e-01 1.459783911705017090e-01 5.879176259040832520e-01 6.091587543487548828e-01 3.188004791736602783e-01 -1.094461232423782349e-02 -7.187665700912475586e-01 8.341219276189804077e-02 9.363309293985366821e-02 4.246157407760620117e-01 -1.978662610054016113e-01 3.731212019920349121e-02 -4.499596655368804932e-01 4.818243384361267090e-01 2.574023008346557617e-01 -5.742728710174560547e-01 -2.848004400730133057e-01 3.304466009140014648e-01 7.162025570869445801e-01 -2.663949728012084961e-01 -3.800674080848693848e-01 2.804039418697357178e-01 1.922179311513900757e-01 4.333955347537994385e-01 -3.560869097709655762e-01 -3.720162808895111084e-01 4.055881798267364502e-01 -2.768802642822265625e-01 2.179439961910247803e-01 3.478428423404693604e-01 1.000938296318054199e+00 1.566129922866821289e-02 -2.198246419429779053e-01 5.200752615928649902e-02 1.683005988597869873e-01 1.214393228292465210e-01
-3.015445172786712646e-01 -3.787678480148315430e-01 -4.227719902992248535e-01 -3.141273558139801025e-01 -1.602773070335388184e-01 4.478546231985092163e-02 7.539261579513549805e-01 -3.599036335945129395e-01 -2.647272050380706787e-01 5.214830040931701660e-01 -4.697223007678985596e-01 -2.402375638484954834e-01 -6.427131891250610352e-01 -1.767709553241729736e-01 -4.044310152530670166e-01 -7.906877249479293823e-02 -3.371326029300689697e-01 4.750185459852218628e-02 -3.502287864685058594e-01 2.195483744144439697e-01 -1.680623292922973633e-01 -7.000508904457092285e-02 1.481642425060272217e-01 6.202566623687744141e-01 4.657129943370819092e-01 -3.847692012786865234e-01 2.460694313049316406e-01 -7.194119691848754883e-01 6.365375518798828125e-01 8.145165443420410156e-02 6.183329820632934570e-01 9.218708425760269165e-02 -2.698585093021392822e-01 -1.014501377940177917e-01 9.968350827693939209e-02 8.153013586997985840e-01 3.070706725120544434e-01 -2.855187058448791504e-01 -3.643646836280822754e-03 -4.317095577716827393e-01 9.446318149566650391e-01 -5.447273850440979004e-01 3.609681725502014160e-01 -3.590933680534362793e-01 2.771992087364196777e-01 -2.860863804817199707e-01 5.200127959251403809e-01 7.908955812454223633e-01 -9.738953113555908203e-01 -3.017760217189788818e-01 2.512984275817871094e-01 -1.712446659803390503e-01 1.451860517263412476e-01 -4.412309825420379639e-01 -3.608040511608123779e-03 4.749109447002410889e-01 8.103956580162048340e-01 4.366598427295684814e-01 -1.933586597442626953e-01 -4.154436290264129639e-01 -3.245612978935241699e-01 -6.266433596611022949e-01 -1.177771985530853271e-01 6.837186813354492188e-01
-9.132521748542785645e-01 -3.410274982452392578e-01 3.375861644744873047e-01 -2.357878088951110840e-01 3.330051898956298828e-01 3.288841843605041504e-01 -1.682105660438537598e-02 -3.093897700309753418e-01 -4.048217535018920898e-01 1.029697060585021973e+00 -5.782054662704467773e-01 7.031426578760147095e-02 -2.284709364175796509e-01 3.939186930656433105e-01 -1.739683747291564941e-01 8.180174231529235840e-02 7.124292105436325073e-02 1.196900457143783569e-01 -4.091285467147827148e-01 2.019205838441848755e-01 2.296497225761413574e-01 -3.050626516342163086e-01 -3.255755603313446045e-01 8.241042494773864746e-03 3.597082495689392090e-01 -5.599547624588012695e-01 -9.656366705894470215e-02 -7.316240668296813965e-02 1.723690032958984375e-01 1.371858716011047363e-01 6.209472417831420898e-01 2.482486963272094727e-01 3.834053277969360352e-01 -5.916025489568710327e-02 -6.093869209289550781e-01 2.466417253017425537e-01 2.416622638702392578e-01 1.427521258592605591e-01 -2.879801392555236816e-01 -1.039911285042762756e-01 -5.650684982538223267e-02 1.589252650737762451e-01 6.867360472679138184e-01 -3.136321902275085449e-01 -1.101950109004974365e-01 7.655841857194900513e-02 6.359007954597473145e-01 -8.741262555122375488e-02 -4.778084158897399902e-01 1.684013009071350098e-01 3.365252017974853516e-01 3.960095345973968506e-01 -1.576486825942993164e-01 -3.129480779170989990e-01 7.938411086797714233e-02 -1.845405101776123047e-01 5.588592290878295898e-01 4.713452458381652832e-01 4.456687271595001221e-01 -6.496459245681762695e-02 -1.667095273733139038e-01 1.699810475111007690e-01 3.387391269207000732e-01 1.597237288951873779e-01
-3.297294080257415771e-01 -2.866798937320709229e-01 3.828666210174560547e-01 -3.222655355930328369e-01 2.954353094100952148e-01 2.836998403072357178e-01 1.011438146233558655e-01 -6.413493305444717407e-02 -6.930138468742370605e-01 1.128084063529968262e+00 -5.508626699447631836e-01 1.710566133260726929e-02 -1.266140192747116089e-01 8.573323488235473633e-02 -2.513290643692016602e-01 1.547591686248779297e-01 1.852798908948898315e-01 2.868815660476684570e-01 -4.957720637321472168e-01 -1.163511648774147034e-01 3.227429091930389404e-01 2.360029369592666626e-01 -2.025365829467773438e-01 -1.923820078372955322e-01 2.494520097970962524e-01 -4.456508755683898926e-01 -3.189693987369537354e-01 -4.378898739814758301e-01 3.314829766750335693e-01 1.322456300258636475e-01 5.562297701835632324e-01 7.430052757263183594e-01 1.249945610761642456e-01 2.063106745481491089e-02 -5.802524089813232422e-01 1.221724525094032288e-01 1.064972355961799622e-01 5.401902198791503906e-01 -8.654763549566268921e-02 5.430765450000762939e-02 -3.432882428169250488e-01 4.229919314384460449e-01 -7.184578478336334229e-02 -7.701537013053894043e-01 -3.273347914218902588e-01 4.336730837821960449e-01 7.080854177474975586e-01 -1.634053885936737061e-01 -5.153304338455200195e-01 1.997622549533843994e-01 2.588315010070800781e-01 4.257624149322509766e-01 -4.309979081153869629e-01 -3.570385873317718506e-01 6.528609395027160645e-01 -1.766857504844665527e-01 9.728738665580749512e-02 2.414904236793518066e-01 1.153398990631103516e+00 4.062362760305404663e-02 -2.159772217273712158e-01 -7.254310697317123413e-02 6.313342601060867310e-02 3.106957972049713135e-01
-6.894671320915222168e-01 -3.471467196941375732e-01 3.121718764305114746e-01 -3.531478643417358398e-01 3.333247900009155273e-01 2.223361134529113770e-01 1.012695059180259705e-01 -2.980735599994659424e-01 -4.297049641609191895e-01 8.769998550415039062e-01 -5.487269759178161621e-01 -1.542086899280548096e-02 -2.474687248468399048e-01 2.633084654808044434e-01 -1.801343560218811035e-01 7.006584107875823975e-02 4.795316606760025024e-02 1.365077644586563110e-01 -4.217217564582824707e-01 3.095209598541259766e-01 1.422276198863983154e-01 -2.932398021221160889e-01 -1.208472922444343567e-01 4.745019972324371338e-02 3.249903917312622070e-01 -6.443654894828796387e-01 -8.382904529571533203e-02 -1.960368901491165161e-01 3.937627673149108887e-01 7.530409842729568481e-02 5.601995587348937988e-01 2.584526836872100830e-01 2.899364233016967773e-01 5.834918469190597534e-02 -4.608336687088012695e-01 2.440213263034820557e-01 2.423990070819854736e-01 1.649079471826553345e-01 -2.303315252065658569e-01 -1.361913979053497314e-01 1.445849612355232239e-02 1.302511543035507202e-01 6.028659939765930176e-01 -3.696404099464416504e-01 -2.036886513233184814e-01 9.092877060174942017e-02 5.793079137802124023e-01 3.181786835193634033e-02 -5.649394392967224121e-01 2.055619657039642334e-01 3.630098104476928711e-01 3.811408877372741699e-01 -1.409995406866073608e-01 -3.108923733234405518e-01 1.988070607185363770e-01 -3.894969820976257324e-02 6.797931194305419922e-01 5.177627205848693848e-01 4.617693126201629639e-01 3.849170356988906860e-02 -3.027833402156829834e-01 3.804321587085723877e-02 1.973221451044082642e-01 2.543646097183227539e-01
-6.333783268928527832e-01 -3.111689090728759766e-01 -3.115098178386688232e-02 -2.848044037818908691e-01 1.513453722000122070e-01 1.636172980070114136e-01 3.977886140346527100e-01 -2.673125565052032471e-01 -3.841470479965209961e-01 7.683476209640502930e-01 -5.138092637062072754e-01 -1.064866930246353149e-01 -5.474135279655456543e-01 1.549855619668960571e-01 -3.488933742046356201e-01 3.825790807604789734e-02 -1.240080371499061584e-01 5.950741469860076904e-02 -4.240198135375976562e-01 1.547288745641708374e-01 -2.690310031175613403e-02 -2.877997756004333496e-01 5.255930870771408081e-02 2.876788973808288574e-01 3.582749068737030029e-01 -5.681642293930053711e-01 7.008844614028930664e-02 -3.462468683719635010e-01 5.187047719955444336e-01 1.272176355123519897e-01 6.851747632026672363e-01 1.601068079471588135e-01 -3.945228457450866699e-02 -1.450337469577789307e-01 -2.867265939712524414e-01 4.370973706245422363e-01 3.730016350746154785e-01 -8.853030949831008911e-02 -2.064713388681411743e-01 -3.107163012027740479e-01 4.974387884140014648e-01 -1.268504112958908081e-01 5.229699611663818359e-01 -3.550096154212951660e-01 9.457574784755706787e-02 -9.466787427663803101e-02 5.433010458946228027e-01 3.072059154510498047e-01 -7.465104460716247559e-01 -1.710684224963188171e-02 3.555282354354858398e-01 1.433157324790954590e-01 -2.770344540476799011e-02 -3.980471491813659668e-01 1.482748389244079590e-01 4.426881670951843262e-02 8.504763841629028320e-01 5.034571886062622070e-01 1.990934610366821289e-01 -1.788511276245117188e-01 -3.008538186550140381e-01 -2.829518914222717285e-01 1.754404157400131226e-01 4.410883486270904541e-01
-6.739430427551269531e-01 -3.636993169784545898e-01 -5.692143738269805908e-02 -5.249397754669189453e-01 8.890963345766067505e-02 7.366441190242767334e-02 2.995491623878479004e-01 -3.142395615577697754e-01 -3.161451816558837891e-01 5.759181976318359375e-01 -5.583554506301879883e-01 -1.991654932498931885e-02 -4.766763746738433838e-01 2.603849768638610840e-01 -1.597445905208587646e-01 -1.378722768276929855e-02 -8.657170087099075317e-02 3.077678382396697998e-02 -2.263064086437225342e-01 5.215203166007995605e-01 -4.018638283014297485e-02 -6.216298937797546387e-01 1.298063099384307861e-01 3.773554861545562744e-01 3.215846121311187744e-01 -6.790358424186706543e-01 5.370234325528144836e-02 -1.786370277404785156e-01 5.208746790885925293e-01 -7.132258266210556030e-02 4.954505562782287598e-01 9.551557898521423340e-02 2.193857729434967041e-01 -2.442344278097152710e-02 -2.133683264255523682e-01 4.473823010921478271e-01 3.842466175556182861e-01 -2.143712192773818970e-01 -2.373928129673004150e-01 -3.929473459720611572e-01 4.558580815792083740e-01 -1.704443842172622681e-01 7.847008109092712402e-01 -1.799221038818359375e-01 -2.906437963247299194e-02 -7.663171738386154175e-02 4.736112952232360840e-01 2.784826755523681641e-01 -7.316085100173950195e-01 1.567194163799285889e-01 4.833066463470458984e-01 2.423643320798873901e-01 7.146415114402770996e-02 -2.250826060771942139e-01 -2.988138049840927124e-02 2.141501009464263916e-01 1.093348979949951172e+00 7.608854174613952637e-01 -5.262094736099243164e-02 7.594702392816543579e-02 -3.848011493682861328e-01 -2.463848590850830078e-01 2.212279438972473145e-01 3.468240797519683838e-01
-9.351304173469543457e-01 -3.255048692226409912e-01 4.813564419746398926e-01 -2.717119455337524414e-01 4.343330264091491699e-01 2.928931117057800293e-01 -2.892599999904632568e-01 -2.800433337688446045e-01 -3.002551198005676270e-01 1.160968780517578125e+00 -6.723681688308715820e-01 1.894687712192535400e-01 2.431112527847290039e-02 5.416316986083984375e-01 2.657117694616317749e-02 6.664372980594635010e-02 2.510534822940826416e-01 1.293852925300598145e-01 -3.487020134925842285e-01 3.412176966667175293e-01 3.369435966014862061e-01 -3.344666957855224609e-01 -4.564111232757568359e-01 -1.235254332423210144e-01 3.917243778705596924e-01 -6.392341852188110352e-01 -1.181929558515548706e-01 5.890195816755294800e-02 1.823902130126953125e-05 4.504159837961196899e-02 4.417140483856201172e-01 2.732787728309631348e-01 6.239766478538513184e-01 1.543672382831573486e-01 -7.508252859115600586e-01 1.301071345806121826e-01 1.279922127723693848e-01 3.758374154567718506e-01 -2.745831608772277832e-01 -1.852936297655105591e-02 -3.441336154937744141e-01 3.462959825992584229e-01 7.086367607116699219e-01 -3.078711330890655518e-01 -2.102302461862564087e-01 2.937635779380798340e-01 6.800392270088195801e-01 -3.377705216407775879e-01 -3.451829552650451660e-01 3.443234860897064209e-01 2.931572794914245605e-01 6.048977971076965332e-01 -1.977024972438812256e-01 -6.420208513736724854e-02 4.441750794649124146e-02 -2.757462561130523682e-01 4.598060548305511475e-01 5.299481749534606934e-01 6.184462308883666992e-01 1.335164606571197510e-01 -9.630627185106277466e-02 3.890656232833862305e-01 3.127723336219787598e-01 -2.491965889930725098e-02
-6.584486961364746094e-01 -3.323911130428314209e-01 5.960217863321304321e-02 -3.348307311534881592e-01 1.337844431400299072e-01 1.823342740535736084e-01 3.832520544528961182e-01 -2.973877489566802979e-01 -2.544111013412475586e-01 7.282081246376037598e-01 -5.909591317176818848e-01 -1.212662011384963989e-01 -4.000559151172637939e-01 1.456485539674758911e-01 -3.011180460453033447e-01 -9.507746994495391846e-02 -9.011621028184890747e-02 3.067386150360107422e-02 -3.649068772792816162e-01 3.610430359840393066e-01 6.988800317049026489e-02 -3.994486033916473389e-01 3.918461501598358154e-03 3.481842875480651855e-01 3.737358748912811279e-01 -5.805428028106689453e-01 9.723773598670959473e-02 -3.632647991180419922e-01 4.192434251308441162e-01 1.783724874258041382e-02 6.013642549514770508e-01 8.242785930633544922e-03 1.357019841670989990e-01 -5.644675344228744507e-02 -2.510453164577484131e-01 5.240682959556579590e-01 3.898721933364868164e-01 -1.002086400985717773e-01 -2.007215321063995361e-01 -2.807742357254028320e-01 5.147774219512939453e-01 -1.926297098398208618e-01 6.833109259605407715e-01 -3.150545954704284668e-01 8.728441596031188965e-02 -1.932043731212615967e-01 5.032719373703002930e-01 3.530788421630859375e-01 -7.499776482582092285e-01 2.407497912645339966e-02 3.134908080101013184e-01 1.560966521501541138e-01 6.537529826164245605e-02 -2.626523375511169434e-01 2.815978974103927612e-02 1.450126916170120239e-01 8.801270127296447754e-01 4.847869575023651123e-01 -1.894959248602390289e-02 -2.077465653419494629e-01 -2.865997254848480225e-01 -9.335087984800338745e-02 2.206175327301025391e-01 3.737661838531494141e-01
-5.767928361892700195e-01 -2.969769835472106934e-01 -1.373933553695678711e-01 -3.651628494262695312e-01 1.146318987011909485e-01 6.951702386140823364e-02 4.832928478717803955e-01 -2.463940083980560303e-01 -4.025252163410186768e-01 5.959563851356506348e-01 -4.849606156349182129e-01 -1.440676748752593994e-01 -5.907730460166931152e-01 1.068119555711746216e-01 -3.625769913196563721e-01 -6.326188147068023682e-02 -2.462574392557144165e-01 -2.782203257083892822e-03 -3.042268455028533936e-01 2.467155456542968750e-01 -7.036017626523971558e-02 -3.543938994407653809e-01 2.079718410968780518e-01 3.954919576644897461e-01 3.896705210208892822e-01 -5.833714008331298828e-01 1.163676381111145020e-01 -3.450808823108673096e-01 6.057547926902770996e-01 5.077905207872390747e-02 6.285299062728881836e-01 9.051483869552612305e-02 -4.028871282935142517e-02 -1.387817263603210449e-01 -1.023785099387168884e-01 4.987075030803680420e-01 4.568498730659484863e-01 -1.865531206130981445e-01 -1.719684600830078125e-01 -4.042471647262573242e-01 6.438745260238647461e-01 -2.273824363946914673e-01 5.619026422500610352e-01 -2.821839451789855957e-01 3.655658662319183350e-02 -1.797065138816833496e-01 4.967326521873474121e-01 4.037843346595764160e-01 -7.971971631050109863e-01 -5.699295923113822937e-02 3.985781669616699219e-01 5.626227334141731262e-02 7.292228937149047852e-02 -4.729078114032745361e-01 1.093254461884498596e-01 1.686372160911560059e-01 9.788046479225158691e-01 5.667904615402221680e-01 -5.915891379117965698e-03 -1.040204614400863647e-01 -3.724337220191955566e-01 -4.059183597564697266e-01 1.044455394148826599e-01 4.353824555873870850e-01
-3.206734359264373779e-01 -5.393968820571899414e-01 -2.601633369922637939e-01 -4.271823167800903320e-01 -1.055927798151969910e-01 6.287080794572830200e-02 6.393726468086242676e-01 -3.353060483932495117e-01 -2.999926805496215820e-01 4.131376147270202637e-01 -5.081434249877929688e-01 -2.434924542903900146e-01 -5.837929844856262207e-01 -1.496882289648056030e-01 -2.958475947380065918e-01 -1.639221161603927612e-01 -2.185669988393783569e-01 1.611898839473724365e-02 -2.558256983757019043e-01 4.762873351573944092e-01 -7.169648259878158569e-02 -3.459157943725585938e-01 1.850571632385253906e-01 5.591241717338562012e-01 2.832763791084289551e-01 -5.140067338943481445e-01 1.176529824733734131e-01 -6.100121736526489258e-01 5.890471339225769043e-01 -1.424650847911834717e-02 5.586824417114257812e-01 4.475304484367370605e-02 -7.980902493000030518e-02 2.078535407781600952e-02 1.113087832927703857e-01 7.077454924583435059e-01 3.296213150024414062e-01 -2.523798346519470215e-01 -8.335700631141662598e-02 -3.179688453674316406e-01 7.765570282936096191e-01 -5.258396863937377930e-01 6.500135064125061035e-01 -3.523944318294525146e-01 1.213351339101791382e-01 -2.406895756721496582e-01 4.312064051628112793e-01 7.175365090370178223e-01 -9.737976193428039551e-01 -6.036742031574249268e-02 3.190490007400512695e-01 3.263519331812858582e-02 2.152532190084457397e-01 -2.068299949169158936e-01 3.634830564260482788e-02 4.100168347358703613e-01 8.971891403198242188e-01 4.942526221275329590e-01 -1.978630572557449341e-01 -2.169952988624572754e-01 -2.572646141052246094e-01 -3.457659482955932617e-01 8.073263615369796753e-02 5.615052580833435059e-01
-7.165380120277404785e-01 -3.728149533271789551e-01 3.016048669815063477e-02 -4.788303077220916748e-01 8.924176543951034546e-02 1.626960635185241699e-01 1.683888286352157593e-01 -2.693693041801452637e-01 -3.079796731472015381e-01 6.547836661338806152e-01 -5.123342871665954590e-01 -4.770989716053009033e-02 -4.888150393962860107e-01 3.769733905792236328e-01 -1.334860324859619141e-01 -8.073137700557708740e-02 -1.809412613511085510e-02 -1.547964662313461304e-02 -2.127534151077270508e-01 5.517171025276184082e-01 1.707127690315246582e-02 -6.153692603111267090e-01 3.571780025959014893e-02 3.724303841590881348e-01 3.260001242160797119e-01 -6.634920835494995117e-01 -1.084938365966081619e-02 -5.060067772865295410e-02 3.966302871704101562e-01 -1.009425595402717590e-01 5.578830242156982422e-01 1.628285944461822510e-01 2.456861138343811035e-01 -2.813958376646041870e-02 -2.811894416809082031e-01 4.334867894649505615e-01 3.452527821063995361e-01 -2.308368086814880371e-01 -1.858206093311309814e-01 -4.045500159263610840e-01 3.894591331481933594e-01 -1.180934607982635498e-01 8.794509768486022949e-01 -1.379542946815490723e-01 -4.047705233097076416e-02 -8.215364068746566772e-02 4.851100444793701172e-01 2.419367879629135132e-01 -6.726861596107482910e-01 2.210138738155364990e-01 4.329186081886291504e-01 2.967891097068786621e-01 1.475276350975036621e-01 -1.606079339981079102e-01 -7.285621017217636108e-02 1.495301425457000732e-01 1.064521074295043945e+00 7.612917423248291016e-01 -1.236710883677005768e-02 4.844345897436141968e-02 -3.247652649879455566e-01 -8.193863928318023682e-02 2.487220019102096558e-01 2.647295892238616943e-01
-7.992482781410217285e-01 -2.724488973617553711e-01 1.842123866081237793e-01 -3.677495121955871582e-01 2.447087764739990234e-01 2.150933295488357544e-01 1.447618305683135986e-01 -3.155005872249603271e-01 -5.768424868583679199e-01 8.238348960876464844e-01 -4.674757122993469238e-01 -8.830130100250244141e-03 -4.072698354721069336e-01 3.508886694908142090e-01 -1.813485324382781982e-01 8.287252485752105713e-02 -4.886663705110549927e-02 7.339403778314590454e-02 -4.216151833534240723e-01 1.787582039833068848e-01 3.110853582620620728e-02 -3.382927179336547852e-01 9.096793830394744873e-03 1.643412709236145020e-01 3.021575212478637695e-01 -6.838726997375488281e-01 -8.100636303424835205e-02 -1.728908121585845947e-01 4.647025167942047119e-01 1.046963334083557129e-01 6.274938583374023438e-01 3.558580875396728516e-01 2.738713920116424561e-01 -1.115521565079689026e-01 -4.204102158546447754e-01 2.362111061811447144e-01 3.243616819381713867e-01 5.506857298314571381e-03 -2.720750570297241211e-01 -2.347452640533447266e-01 1.669518053531646729e-01 6.222818791866302490e-02 5.824697017669677734e-01 -3.631614446640014648e-01 -1.258891075849533081e-01 5.678813904523849487e-02 6.231155991554260254e-01 6.089273095130920410e-02 -5.777364373207092285e-01 2.022835016250610352e-01 4.715347290039062500e-01 2.824595570564270020e-01 -9.026816487312316895e-02 -3.838702440261840820e-01 1.660557985305786133e-01 -4.754805564880371094e-02 7.991588711738586426e-01 6.043313741683959961e-01 4.013675451278686523e-01 2.097339183092117310e-02 -3.687232732772827148e-01 -1.644047349691390991e-01 1.949551254510879517e-01 2.588852047920227051e-01
-5.216625928878784180e-01 -4.224788546562194824e-01 -9.249041229486465454e-02 -3.564369976520538330e-01 1.844868063926696777e-02 2.165006995201110840e-01 5.218103528022766113e-01 -3.293707966804504395e-01 -1.382585316896438599e-01 6.461468338966369629e-01 -5.701592564582824707e-01 -1.468921303749084473e-01 -5.106945633888244629e-01 1.166582107543945312e-03 -2.858313024044036865e-01 -1.270997226238250732e-01 -1.212980970740318298e-01 -3.500585630536079407e-02 -3.768025636672973633e-01 4.531561136245727539e-01 -5.912370979785919189e-03 -3.130836188793182373e-01 1.373887062072753906e-04 4.843566417694091797e-01 3.623162806034088135e-01 -4.810635447502136230e-01 1.655653417110443115e-01 -4.144067168235778809e-01 4.921309947967529297e-01 -4.171188175678253174e-02 5.906707644462585449e-01 3.905839473009109497e-02 1.499637309461832047e-02 -3.244542330503463745e-02 -7.351254671812057495e-02 7.069792151451110840e-01 3.346663117408752441e-01 -1.717814803123474121e-01 -1.299517750740051270e-01 -3.493595421314239502e-01 6.147853136062622070e-01 -3.480640053749084473e-01 6.845417618751525879e-01 -2.158944010734558105e-01 1.676019579172134399e-01 -2.200773656368255615e-01 4.473522305488586426e-01 5.770676136016845703e-01 -8.098655939102172852e-01 -5.951190367341041565e-02 2.190383821725845337e-01 9.711983054876327515e-02 1.189554780721664429e-01 -2.317830622196197510e-01 -9.193934500217437744e-03 2.811724543571472168e-01 8.779730200767517090e-01 5.185403823852539062e-01 -1.134871393442153931e-01 -2.525039613246917725e-01 -2.449051141738891602e-01 -1.867792010307312012e-01 1.265806108713150024e-01 4.773562252521514893e-01
-2.463354766368865967e-01 -4.682192206382751465e-01 -3.552240729331970215e-01 -3.498062491416931152e-01 -1.687448322772979736e-01 3.881434351205825806e-02 7.663861513137817383e-01 -2.738706767559051514e-01 -3.392987251281738281e-01 6.284927725791931152e-01 -5.428070425987243652e-01 -2.340267002582550049e-01 -5.795724391937255859e-01 -2.578736245632171631e-01 -4.574998319149017334e-01 -9.937673062086105347e-02 -3.038390278816223145e-01 1.010756194591522217e-01 -3.728809356689453125e-01 1.994358748197555542e-01 -1.685524731874465942e-02 -7.231824100017547607e-02 1.192455068230628967e-01 5.904005169868469238e-01 4.117890298366546631e-01 -3.527256846427917480e-01 1.742606014013290405e-01 -8.256018757820129395e-01 5.902917981147766113e-01 8.632291108369827271e-02 6.154515147209167480e-01 7.687538117170333862e-02 -2.985591292381286621e-01 -6.756735593080520630e-02 3.223613649606704712e-02 7.682628035545349121e-01 3.602648377418518066e-01 -1.567538231611251831e-01 1.638521254062652588e-02 -3.977996110916137695e-01 8.695402145385742188e-01 -4.959155917167663574e-01 3.114334940910339355e-01 -4.674488902091979980e-01 2.527851760387420654e-01 -2.301048934459686279e-01 5.672225356101989746e-01 7.642894983291625977e-01 -1.067418813705444336e+00 -2.912856042385101318e-01 2.364456504583358765e-01 -8.822827786207199097e-02 1.022097319364547729e-01 -3.898923099040985107e-01 1.175435855984687805e-01 4.363357424736022949e-01 6.945977807044982910e-01 3.330284059047698975e-01 -5.294299870729446411e-02 -4.405403435230255127e-01 -2.568761110305786133e-01 -4.889863133430480957e-01 -4.085914045572280884e-02 6.881141662597656250e-01
-8.785027265548706055e-01 -3.201313614845275879e-01 2.171967327594757080e-01 -3.336534798145294189e-01 2.499494254589080811e-01 2.932017445564270020e-01 1.208881288766860962e-01 -2.991303503513336182e-01 -4.133940935134887695e-01 7.893968820571899414e-01 -4.623231887817382812e-01 -4.811564087867736816e-02 -4.125544428825378418e-01 4.020019173622131348e-01 -2.225472331047058105e-01 -1.307484786957502365e-02 -6.419241428375244141e-02 -2.200382947921752930e-02 -3.262982666492462158e-01 2.900340557098388672e-01 1.016753092408180237e-01 -4.116726815700531006e-01 -8.374390751123428345e-02 1.991610229015350342e-01 3.387698829174041748e-01 -6.541206240653991699e-01 -2.985693141818046570e-02 -2.609264850616455078e-02 3.664378821849822998e-01 5.976961553096771240e-02 6.344832777976989746e-01 2.347745001316070557e-01 2.648700475692749023e-01 -6.182038038969039917e-02 -4.279972910881042480e-01 3.173332512378692627e-01 3.198294043540954590e-01 -6.539746373891830444e-02 -2.004333138465881348e-01 -2.832134664058685303e-01 1.927826255559921265e-01 2.211065590381622314e-02 7.613103389739990234e-01 -1.910672187805175781e-01 -8.082215487957000732e-02 -4.279520362615585327e-02 5.280959606170654297e-01 9.944286942481994629e-02 -5.137069225311279297e-01 1.625080406665802002e-01 3.885028362274169922e-01 2.806249856948852539e-01 -1.401089504361152649e-02 -3.367311954498291016e-01 5.008227378129959106e-02 -7.415559887886047363e-02 8.280508518218994141e-01 6.248263120651245117e-01 2.500032186508178711e-01 -3.400964289903640747e-02 -2.974064350128173828e-01 -7.013998925685882568e-03 2.662604749202728271e-01 2.280524075031280518e-01
-7.728535532951354980e-01 -3.729172945022583008e-01 2.246480584144592285e-01 -3.738836944103240967e-01 2.104473114013671875e-01 2.276085317134857178e-01 7.347165048122406006e-02 -2.791247963905334473e-01 -3.496786355972290039e-01 8.890309333801269531e-01 -6.004632711410522461e-01 3.510761260986328125e-02 -2.963373363018035889e-01 3.714634776115417480e-01 -1.567959785461425781e-01 2.623980864882469177e-02 8.265282213687896729e-02 9.619747102260589600e-02 -3.420315980911254883e-01 3.227432668209075928e-01 1.148686110973358154e-01 -4.039909541606903076e-01 -1.754110157489776611e-01 1.483661532402038574e-01 3.110230565071105957e-01 -6.834955215454101562e-01 -7.274597883224487305e-02 -1.104369908571243286e-01 2.603060603141784668e-01 7.354500889778137207e-02 5.131557583808898926e-01 1.893197894096374512e-01 2.941596508026123047e-01 4.662256687879562378e-02 -5.279692411422729492e-01 2.968513369560241699e-01 2.905883193016052246e-01 6.450923532247543335e-02 -1.940911710262298584e-01 -2.195449173450469971e-01 1.864894926548004150e-01 4.627759754657745361e-02 6.723349690437316895e-01 -2.680092751979827881e-01 -6.930930167436599731e-02 8.607368916273117065e-02 5.799851417541503906e-01 4.973179101943969727e-02 -5.978814363479614258e-01 1.645317971706390381e-01 4.124869704246520996e-01 3.820126950740814209e-01 -8.241049945354461670e-02 -1.805103719234466553e-01 7.635850459337234497e-02 -2.665656805038452148e-02 7.839055657386779785e-01 6.252989768981933594e-01 3.169739842414855957e-01 1.264587044715881348e-04 -2.517144680023193359e-01 9.525407850742340088e-02 2.933427393436431885e-01 2.688672542572021484e-01
-8.758924007415771484e-01 -2.855930924415588379e-01 3.753764629364013672e-01 -4.345743656158447266e-01 3.204370737075805664e-01 3.082859814167022705e-01 -7.303280383348464966e-02 -3.199950754642486572e-01 -3.064467310905456543e-01 1.040182828903198242e+00 -5.512800812721252441e-01 4.800334572792053223e-04 -1.876856535673141479e-01 4.972269535064697266e-01 -6.679490953683853149e-02 1.269017308950424194e-01 1.463535279035568237e-01 5.223903805017471313e-03 -3.901811242103576660e-01 3.240677714347839355e-01 3.008373975753784180e-01 -3.245364725589752197e-01 -2.742110192775726318e-01 1.300829648971557617e-01 3.369640409946441650e-01 -6.420375704765319824e-01 -5.067388340830802917e-02 -4.161275923252105713e-03 2.095634639263153076e-01 -4.684510827064514160e-02 4.634359478950500488e-01 2.633317112922668457e-01 4.688649475574493408e-01 1.573554426431655884e-02 -6.542891860008239746e-01 2.721707522869110107e-01 3.040705025196075439e-01 1.144234314560890198e-01 -2.013271152973175049e-01 -2.258310019969940186e-01 -8.328988403081893921e-02 2.275193929672241211e-01 6.741412878036499023e-01 -2.437807917594909668e-01 -2.326538115739822388e-01 1.010617539286613464e-01 6.690165400505065918e-01 -8.943268656730651855e-02 -4.673154354095458984e-01 2.292201220989227295e-01 3.173212409019470215e-01 4.727438688278198242e-01 -1.155023425817489624e-01 -2.191665768623352051e-01 4.125317186117172241e-02 -1.149150729179382324e-01 6.370822787284851074e-01 5.827497839927673340e-01 4.055016040802001953e-01 5.514334887266159058e-02 -2.441151738166809082e-01 1.602061837911605835e-01 3.217103183269500732e-01 5.260450765490531921e-02
-3.826494216918945312e-01 -3.327216506004333496e-01 -2.774951159954071045e-01 -3.316755592823028564e-01 -3.473563119769096375e-02 -1.518606953322887421e-02 6.549676656723022461e-01 -2.633676528930664062e-01 -3.315321803092956543e-01 5.483942627906799316e-01 -5.696518421173095703e-01 -1.561709642410278320e-01 -6.039267778396606445e-01 -9.779989719390869141e-03 -4.005542099475860596e-01 -9.890803694725036621e-02 -2.108669728040695190e-01 1.002742499113082886e-01 -2.541413605213165283e-01 2.401849478483200073e-01 -1.339799165725708008e-01 -2.390441596508026123e-01 1.735417246818542480e-01 4.895125031471252441e-01 4.119368195533752441e-01 -5.949841141700744629e-01 1.561451703310012817e-01 -5.604520440101623535e-01 5.660837888717651367e-01 1.055362299084663391e-01 5.848615169525146484e-01 3.137186169624328613e-02 -1.895296126604080200e-01 -7.409996539354324341e-02 -5.100934952497482300e-02 6.117462515830993652e-01 4.240613579750061035e-01 -1.828681081533432007e-01 -6.472483277320861816e-02 -4.212147891521453857e-01 9.206877946853637695e-01 -4.177564382553100586e-01 3.628585338592529297e-01 -3.490028679370880127e-01 2.030484080314636230e-01 -1.953910589218139648e-01 5.025566220283508301e-01 5.430873036384582520e-01 -8.895878195762634277e-01 -2.238333821296691895e-01 4.496906399726867676e-01 -3.687877580523490906e-02 5.389961972832679749e-02 -4.169421195983886719e-01 8.144227415323257446e-02 3.053383827209472656e-01 9.314476847648620605e-01 5.264074206352233887e-01 -1.304713934659957886e-01 -2.262567579746246338e-01 -3.562794923782348633e-01 -5.106576085090637207e-01 1.120279822498559952e-02 6.227627992630004883e-01
-5.767336487770080566e-01 -3.335444331169128418e-01 -1.980912685394287109e-01 -4.344191253185272217e-01 -3.231499344110488892e-02 1.132954955101013184e-01 4.721021950244903564e-01 -3.080390095710754395e-01 -3.737543821334838867e-01 4.534536004066467285e-01 -4.450236260890960693e-01 -8.948701620101928711e-02 -6.127850413322448730e-01 1.371227651834487915e-01 -2.971096932888031006e-01 -9.836411476135253906e-02 -2.065720260143280029e-01 -2.813763543963432312e-02 -2.732993066310882568e-01 3.409861326217651367e-01 -1.570957601070404053e-01 -4.829409122467041016e-01 2.159615457057952881e-01 4.923068881034851074e-01 3.128739297389984131e-01 -6.323949098587036133e-01 6.050189211964607239e-02 -3.041762709617614746e-01 6.072895526885986328e-01 1.419353485107421875e-02 6.009229421615600586e-01 1.558559834957122803e-01 -2.065353840589523315e-02 -1.123147085309028625e-01 -9.106969088315963745e-02 5.287520885467529297e-01 3.652390539646148682e-01 -3.262965381145477295e-01 -1.606803536415100098e-01 -4.056592881679534912e-01 7.110038995742797852e-01 -3.328483104705810547e-01 6.414781212806701660e-01 -1.891348958015441895e-01 1.509498208761215210e-01 -1.649781167507171631e-01 4.238240718841552734e-01 4.874296188354492188e-01 -8.200961351394653320e-01 3.807318955659866333e-02 4.389403462409973145e-01 3.672175481915473938e-02 1.449233293533325195e-01 -2.946883141994476318e-01 3.627829998731613159e-02 2.842847704887390137e-01 1.088346004486083984e+00 7.118565440177917480e-01 -9.773243218660354614e-02 -1.319380402565002441e-01 -4.164995551109313965e-01 -3.805467486381530762e-01 1.160733178257942200e-01 4.832101464271545410e-01
-3.542491495609283447e-01 -6.424919962882995605e-01 3.752256631851196289e-01 -6.275920867919921875e-01 1.252419352531433105e-01 1.276042014360427856e-01 3.623954206705093384e-02 -2.222572863101959229e-01 -3.933379054069519043e-01 7.489804029464721680e-01 -7.401645183563232422e-01 4.779937863349914551e-02 -1.050781756639480591e-01 2.811457514762878418e-01 -5.128730088472366333e-02 -2.685770392417907715e-01 3.899712562561035156e-01 2.417679429054260254e-01 -8.675017207860946655e-02 7.149896025657653809e-01 1.594353318214416504e-01 -4.850342273712158203e-01 -1.606571674346923828e-01 2.001211047172546387e-01 9.692527353763580322e-02 -9.065111279487609863e-01 -2.494233846664428711e-01 -3.169272840023040771e-01 2.619778215885162354e-01 -5.481421947479248047e-03 2.615709304809570312e-01 2.076458334922790527e-01 2.066343575716018677e-01 3.518600463867187500e-01 -5.402025580406188965e-01 3.057235181331634521e-01 1.898779869079589844e-01 1.875164955854415894e-01 -2.075655013322830200e-02 -1.646242737770080566e-01 2.614206373691558838e-01 1.415503025054931641e-02 4.807178378105163574e-01 -4.172966480255126953e-01 -9.262172877788543701e-02 2.895662486553192139e-01 4.794936776161193848e-01 -4.128273576498031616e-02 -7.303767800331115723e-01 3.428864181041717529e-01 4.565932750701904297e-01 4.687918722629547119e-01 -1.818783432245254517e-01 2.988173663616180420e-01 2.350631058216094971e-01 2.292957901954650879e-01 7.236253619194030762e-01 5.545811057090759277e-01 4.387426972389221191e-01 1.147756502032279968e-01 -2.097243517637252808e-01 3.208520412445068359e-01 1.805866062641143799e-01 2.585986852645874023e-01
-8.786638379096984863e-01 -2.985209822654724121e-01 3.373377323150634766e-01 -3.242285549640655518e-01 4.277113676071166992e-01 2.329393476247787476e-01 -9.999091178178787231e-02 -3.122774064540863037e-01 -5.056619048118591309e-01 9.828182458877563477e-01 -5.506187677383422852e-01 1.267608702182769775e-01 -1.899745464324951172e-01 4.482865333557128906e-01 -1.156229302287101746e-01 7.527847588062286377e-02 8.857194334268569946e-02 1.264196187257766724e-01 -4.009263515472412109e-01 2.544499933719635010e-01 1.899919360876083374e-01 -3.563338816165924072e-01 -2.205420136451721191e-01 -3.246972709894180298e-02 3.638638257980346680e-01 -6.686903238296508789e-01 -1.364526897668838501e-01 -5.633883178234100342e-02 3.161215186119079590e-01 1.021755561232566833e-01 5.466824769973754883e-01 3.485880196094512939e-01 4.320401549339294434e-01 9.188629686832427979e-03 -6.041744947433471680e-01 1.367816925048828125e-01 2.238418757915496826e-01 2.014201879501342773e-01 -3.340587019920349121e-01 -1.142943426966667175e-01 -1.669997870922088623e-01 2.588179707527160645e-01 6.321235895156860352e-01 -3.605953156948089600e-01 -1.721459627151489258e-01 2.178388237953186035e-01 6.313637495040893555e-01 -1.982393413782119751e-01 -4.920413494110107422e-01 3.143047392368316650e-01 3.621279001235961914e-01 4.145876765251159668e-01 -2.262818217277526855e-01 -2.659418582916259766e-01 1.912846863269805908e-01 -1.588356494903564453e-01 6.065332293510437012e-01 5.539988875389099121e-01 5.988588929176330566e-01 1.199637874960899353e-01 -2.567588090896606445e-01 6.486462056636810303e-02 2.179273515939712524e-01 6.920434534549713135e-02
-5.926403403282165527e-01 -2.040581852197647095e-01 3.645167648792266846e-01 -2.389796078205108643e-01 3.729304671287536621e-01 3.213323354721069336e-01 7.810878008604049683e-02 -2.031052112579345703e-01 -6.307573318481445312e-01 1.080588340759277344e+00 -5.129382610321044922e-01 6.183695793151855469e-02 -1.893213987350463867e-01 2.134260088205337524e-01 -2.399239242076873779e-01 1.530014723539352417e-01 9.145519137382507324e-02 2.171075344085693359e-01 -5.804319381713867188e-01 -1.446854770183563232e-01 1.984365582466125488e-01 9.693369269371032715e-02 -2.203506827354431152e-01 -1.528239250183105469e-01 2.927687466144561768e-01 -5.480813384056091309e-01 -2.180261909961700439e-01 -3.307234644889831543e-01 3.707140684127807617e-01 2.092913389205932617e-01 6.089932322502136230e-01 6.147692203521728516e-01 2.127369493246078491e-01 -6.966742128133773804e-02 -6.127541661262512207e-01 9.550229460000991821e-02 1.743597984313964844e-01 3.980175256729125977e-01 -2.203686833381652832e-01 1.843564957380294800e-02 -2.284287065267562866e-01 3.626151084899902344e-01 1.259557753801345825e-01 -6.445573568344116211e-01 -1.946085691452026367e-01 3.048856854438781738e-01 6.743857264518737793e-01 -1.240332201123237610e-01 -4.805647730827331543e-01 2.076522707939147949e-01 2.658211588859558105e-01 3.361259400844573975e-01 -4.127825200557708740e-01 -3.878191709518432617e-01 5.144394040107727051e-01 -1.943386793136596680e-01 2.683480978012084961e-01 3.250229656696319580e-01 9.701108932495117188e-01 -4.960362613201141357e-02 -2.785802185535430908e-01 -6.714950501918792725e-02 1.363125294446945190e-01 2.493546307086944580e-01
-2.575941979885101318e-01 -5.953989028930664062e-01 -1.706943809986114502e-01 -7.323119640350341797e-01 -1.668963432312011719e-01 2.118113264441490173e-02 3.867896795272827148e-01 -3.086696565151214600e-01 -2.153428941965103149e-01 4.583131670951843262e-01 -6.496357321739196777e-01 8.790045976638793945e-04 -4.991894662380218506e-01 1.540579944849014282e-01 -5.095919221639633179e-02 -2.466626614332199097e-01 1.429889947175979614e-01 1.530784368515014648e-01 -2.026186138391494751e-02 7.189405560493469238e-01 -1.215863153338432312e-01 -5.446844100952148438e-01 1.375233381986618042e-02 5.826489925384521484e-01 2.048104554414749146e-01 -7.934855818748474121e-01 -5.342483147978782654e-02 -3.941822648048400879e-01 4.175016880035400391e-01 -1.068776622414588928e-01 2.164328992366790771e-01 1.183166429400444031e-01 1.006747856736183167e-01 1.093009635806083679e-01 -1.535741984844207764e-01 6.521325707435607910e-01 4.355375170707702637e-01 -3.238297402858734131e-01 2.419773489236831665e-02 -4.709454476833343506e-01 8.097749352455139160e-01 -3.481412529945373535e-01 5.657337903976440430e-01 -1.505174338817596436e-01 9.028160572052001953e-02 -2.187647670507431030e-02 4.351781010627746582e-01 4.507641196250915527e-01 -8.419462442398071289e-01 8.549755066633224487e-02 4.429757595062255859e-01 1.496941000223159790e-01 2.960634604096412659e-02 7.035008817911148071e-02 2.261645346879959106e-02 6.125172376632690430e-01 9.945890307426452637e-01 7.058073878288269043e-01 -2.157113254070281982e-01 -1.683733612298965454e-02 -3.719744086265563965e-01 -1.640981137752532959e-01 1.587966382503509521e-01 4.067241549491882324e-01
-6.831893920898437500e-01 -2.363927215337753296e-01 -4.303245991468429565e-02 -3.043674528598785400e-01 1.840810775756835938e-01 2.283700257539749146e-01 4.390291273593902588e-01 -3.070397377014160156e-01 -3.766312599182128906e-01 6.635444164276123047e-01 -4.718486964702606201e-01 -1.337395161390304565e-01 -5.554021000862121582e-01 1.078321635723114014e-01 -3.822078406810760498e-01 -7.142144255340099335e-03 -2.431832700967788696e-01 -3.444628417491912842e-02 -4.039156436920166016e-01 1.964627355337142944e-01 3.898777067661285400e-03 -3.249232470989227295e-01 1.080503836274147034e-01 3.443160653114318848e-01 3.833279907703399658e-01 -5.295736789703369141e-01 1.073396652936935425e-01 -2.679868936538696289e-01 5.842938423156738281e-01 2.114117890596389771e-02 7.061020135879516602e-01 1.665432155132293701e-01 4.273689538240432739e-02 -2.453295588493347168e-01 -1.388535797595977783e-01 4.692290127277374268e-01 3.707008659839630127e-01 -1.838685721158981323e-01 -2.392848134040832520e-01 -3.125121295452117920e-01 4.255181252956390381e-01 -1.342680305242538452e-01 5.987668633460998535e-01 -2.706023454666137695e-01 5.741110071539878845e-04 -2.170047461986541748e-01 5.015191435813903809e-01 3.373422026634216309e-01 -7.115691900253295898e-01 7.327742874622344971e-03 3.540367484092712402e-01 1.199313774704933167e-01 5.155285075306892395e-02 -5.157024860382080078e-01 1.364999413490295410e-01 5.483171343803405762e-02 8.841376304626464844e-01 5.209254622459411621e-01 6.805036216974258423e-02 -1.510262638330459595e-01 -3.806328773498535156e-01 -3.568857610225677490e-01 1.751029640436172485e-01 3.628939688205718994e-01
-3.187702298164367676e-01 -4.633339047431945801e-01 -4.821422398090362549e-01 -6.423749923706054688e-01 -2.293770015239715576e-01 -1.141363829374313354e-01 5.125573873519897461e-01 -3.106786310672760010e-01 -4.224082231521606445e-01 2.755551338195800781e-01 -4.426007568836212158e-01 -6.838789582252502441e-02 -6.613046526908874512e-01 9.192924201488494873e-02 -1.501391232013702393e-01 -5.034238472580909729e-02 -1.617287844419479370e-01 2.234102785587310791e-02 -9.211473912000656128e-02 4.308446049690246582e-01 -2.671324014663696289e-01 -4.836014509201049805e-01 3.884782791137695312e-01 6.039482355117797852e-01 2.828102409839630127e-01 -6.745698451995849609e-01 -1.292632240802049637e-02 -4.748923778533935547e-01 6.763597130775451660e-01 -4.765906929969787598e-02 4.227390289306640625e-01 2.166287750005722046e-01 -1.140199080109596252e-01 9.127847850322723389e-03 -3.137683123350143433e-02 5.761302709579467773e-01 4.059208333492279053e-01 -4.126431941986083984e-01 -6.937848031520843506e-02 -4.469442665576934814e-01 9.389583468437194824e-01 -5.261492133140563965e-01 5.308603644371032715e-01 -2.773213386535644531e-01 1.572175323963165283e-01 -2.967797219753265381e-03 4.885684251785278320e-01 6.268868446350097656e-01 -1.034515857696533203e+00 3.090725094079971313e-02 4.921295046806335449e-01 -5.522890761494636536e-02 1.873218715190887451e-01 -1.516728103160858154e-01 3.417179733514785767e-02 5.010108947753906250e-01 1.142886042594909668e+00 8.169950246810913086e-01 -2.135378569364547729e-01 -5.897907912731170654e-02 -4.350322782993316650e-01 -5.623478293418884277e-01 1.926197484135627747e-02 5.336355566978454590e-01
-5.794907808303833008e-01 -3.672672510147094727e-01 -3.167282789945602417e-02 -3.865508139133453369e-01 1.145100370049476624e-01 1.134763136506080627e-01 3.372550010681152344e-01 -3.097032606601715088e-01 -1.393340229988098145e-01 8.018875122070312500e-01 -6.821457743644714355e-01 -9.691491723060607910e-03 -4.095235466957092285e-01 2.130355983972549438e-01 -2.379214763641357422e-01 -4.117448255419731140e-02 3.342547640204429626e-02 7.548278570175170898e-02 -3.187983036041259766e-01 4.075052440166473389e-01 1.049266755580902100e-02 -3.618336021900177002e-01 -7.574740797281265259e-02 3.298439979553222656e-01 3.760299384593963623e-01 -6.640803813934326172e-01 9.355604648590087891e-02 -2.741426825523376465e-01 3.458079695701599121e-01 3.395031392574310303e-02 4.817675948143005371e-01 1.438941806554794312e-02 6.530749797821044922e-02 -7.138855755329132080e-03 -3.589767515659332275e-01 5.371932983398437500e-01 4.161433577537536621e-01 -5.901771783828735352e-02 -1.513487845659255981e-01 -3.130502402782440186e-01 6.117957830429077148e-01 -2.282367795705795288e-01 5.558746457099914551e-01 -2.369436323642730713e-01 8.664818108081817627e-02 -3.045170754194259644e-02 4.796147346496582031e-01 3.136268258094787598e-01 -7.420205473899841309e-01 -3.996159508824348450e-02 3.519459962844848633e-01 2.402640134096145630e-01 4.437134042382240295e-02 -2.032155394554138184e-01 3.403887152671813965e-02 1.375716477632522583e-01 9.139262437820434570e-01 6.070152521133422852e-01 1.428993418812751770e-03 -1.088249161839485168e-01 -2.647592723369598389e-01 -9.592163562774658203e-02 2.242446392774581909e-01 4.231440722942352295e-01
-5.718005895614624023e-01 -5.185450315475463867e-01 6.830473989248275757e-02 -4.114074409008026123e-01 6.052181869745254517e-02 2.179947495460510254e-01 4.380023777484893799e-01 -2.108123004436492920e-01 -3.158890604972839355e-01 5.691894292831420898e-01 -5.486636161804199219e-01 -1.718315780162811279e-01 -4.811119735240936279e-01 7.418738305568695068e-02 -3.397786319255828857e-01 -1.775908768177032471e-01 -4.636128991842269897e-02 -5.762644112110137939e-03 -1.795133352279663086e-01 4.975547492504119873e-01 1.438538134098052979e-01 -4.841238260269165039e-01 1.972504705190658569e-02 3.814669251441955566e-01 2.874786555767059326e-01 -5.709950923919677734e-01 2.753016725182533264e-02 -2.807565033435821533e-01 3.967722058296203613e-01 -6.019495427608489990e-02 6.079015135765075684e-01 1.949895173311233521e-02 7.814752310514450073e-02 -3.346691280603408813e-02 -1.582379937171936035e-01 5.387098789215087891e-01 3.128001093864440918e-01 -1.621047705411911011e-01 -1.161349713802337646e-01 -2.802959382534027100e-01 4.806084632873535156e-01 -2.336637824773788452e-01 7.707414031028747559e-01 -2.102078199386596680e-01 -1.439958158880472183e-02 -2.001911401748657227e-01 4.453592300415039062e-01 3.512260317802429199e-01 -7.443253397941589355e-01 3.246162086725234985e-02 4.329895973205566406e-01 2.094003409147262573e-01 1.064950376749038696e-01 -2.504558861255645752e-01 2.346137911081314087e-02 1.459764242172241211e-01 9.340097308158874512e-01 5.414643883705139160e-01 -3.093875385820865631e-02 -1.247513741254806519e-01 -2.479185461997985840e-01 -5.207573622465133667e-02 2.534851729869842529e-01 4.133537709712982178e-01
-9.180423617362976074e-01 -2.983901500701904297e-01 4.148522317409515381e-01 -3.109782040119171143e-01 3.919342458248138428e-01 2.894232273101806641e-01 -1.838113963603973389e-01 -3.118198513984680176e-01 -4.132323861122131348e-01 1.151405096054077148e+00 -5.945394039154052734e-01 1.721331477165222168e-01 -9.316423535346984863e-02 4.905937314033508301e-01 -1.876048743724822998e-03 1.664377599954605103e-01 1.796446293592453003e-01 1.330545842647552490e-01 -4.465260505676269531e-01 2.040643393993377686e-01 2.279280424118041992e-01 -2.700872123241424561e-01 -3.704831600189208984e-01 -9.012527018785476685e-02 3.546088337898254395e-01 -6.215128302574157715e-01 -1.066798120737075806e-01 -2.586703002452850342e-02 1.502268016338348389e-01 1.083377748727798462e-01 4.888746738433837891e-01 3.604341149330139160e-01 5.385148525238037109e-01 1.506087929010391235e-02 -7.189410328865051270e-01 1.593873351812362671e-01 1.809574663639068604e-01 2.833049595355987549e-01 -3.186087608337402344e-01 -6.174257397651672363e-02 -2.755015194416046143e-01 3.470883965492248535e-01 6.099560260772705078e-01 -3.568084836006164551e-01 -1.985221654176712036e-01 2.511227726936340332e-01 7.114294767379760742e-01 -2.753750979900360107e-01 -3.890755772590637207e-01 2.934181392192840576e-01 3.316805958747863770e-01 5.053520202636718750e-01 -2.591902315616607666e-01 -2.065550982952117920e-01 8.332376927137374878e-02 -2.111160457134246826e-01 5.061460137367248535e-01 5.051339268684387207e-01 6.641592383384704590e-01 7.063589245080947876e-02 -1.780412495136260986e-01 2.142726033926010132e-01 2.905273139476776123e-01 4.687162861227989197e-02
-8.891549110412597656e-01 -3.698040544986724854e-01 5.334019660949707031e-01 -2.661172151565551758e-01 3.917312622070312500e-01 3.802639245986938477e-01 -1.957217752933502197e-01 -3.291057944297790527e-01 -1.355454176664352417e-01 1.176520228385925293e+00 -7.138143777847290039e-01 1.444324851036071777e-01 2.788612619042396545e-02 4.933703541755676270e-01 -4.123099148273468018e-03 -7.692540995776653290e-03 3.292731940746307373e-01 1.601504683494567871e-01 -3.627849817276000977e-01 4.724613130092620850e-01 3.814915418624877930e-01 -3.245907127857208252e-01 -5.754406452178955078e-01 -5.918014794588088989e-02 3.864803314208984375e-01 -5.799443721771240234e-01 -7.845656573772430420e-02 2.027581632137298584e-02 -5.489534139633178711e-02 1.844319701194763184e-02 4.806321859359741211e-01 1.863786280155181885e-01 5.932187438011169434e-01 1.057599112391471863e-01 -7.447673678398132324e-01 2.951237261295318604e-01 1.404977738857269287e-01 2.826017141342163086e-01 -2.372663617134094238e-01 -3.533173352479934692e-02 -2.121895849704742432e-01 2.670562267303466797e-01 7.458044886589050293e-01 -2.393813431262969971e-01 -1.470199525356292725e-01 1.562126874923706055e-01 5.988666415214538574e-01 -2.217472940683364868e-01 -3.113438487052917480e-01 2.560933530330657959e-01 2.212137132883071899e-01 5.642321705818176270e-01 -1.596584916114807129e-01 -5.753584951162338257e-02 -5.217076092958450317e-02 -1.509883701801300049e-01 4.553302228450775146e-01 4.600121676921844482e-01 4.299191832542419434e-01 -3.079667687416076660e-03 -9.202184528112411499e-02 4.884644746780395508e-01 3.514093458652496338e-01 3.784552216529846191e-02
-5.940993428230285645e-01 -3.036754131317138672e-01 -7.434992492198944092e-02 -3.675827085971832275e-01 1.475509703159332275e-01 1.371716558933258057e-01 3.277083933353424072e-01 -3.119060695171356201e-01 -3.657757639884948730e-01 6.996130943298339844e-01 -5.396041870117187500e-01 -6.642657518386840820e-02 -5.496203899383544922e-01 1.982931047677993774e-01 -2.628709375858306885e-01 6.293487548828125000e-02 -9.247305989265441895e-02 4.384534060955047607e-02 -3.619939088821411133e-01 2.898471653461456299e-01 -1.141105070710182190e-01 -3.700740039348602295e-01 9.190417081117630005e-02 3.129589259624481201e-01 3.494161069393157959e-01 -6.093026399612426758e-01 4.205692186951637268e-02 -2.530627846717834473e-01 5.336996912956237793e-01 2.898381650447845459e-02 6.152491569519042969e-01 1.901305019855499268e-01 3.634728863835334778e-02 -1.057832762598991394e-01 -2.458740472793579102e-01 4.468725025653839111e-01 3.309534788131713867e-01 -1.503170728683471680e-01 -2.369001209735870361e-01 -3.146859407424926758e-01 4.518110752105712891e-01 -1.385470479726791382e-01 5.959322452545166016e-01 -2.932209968566894531e-01 1.033972110599279404e-02 -4.962452501058578491e-02 5.463432669639587402e-01 2.715956568717956543e-01 -7.811582684516906738e-01 7.589264959096908569e-02 4.266953468322753906e-01 2.130415588617324829e-01 8.086372166872024536e-03 -3.560786545276641846e-01 1.095266714692115784e-01 9.199235588312149048e-02 9.421426653861999512e-01 6.022197008132934570e-01 1.280461400747299194e-01 -6.074674054980278015e-02 -3.360121846199035645e-01 -3.157980740070343018e-01 1.568843275308609009e-01 3.928947746753692627e-01
-8.207336664199829102e-01 -2.328423261642456055e-01 2.657551467418670654e-01 -2.777501642704010010e-01 3.314445018768310547e-01 2.678748667240142822e-01 7.426542043685913086e-02 -2.692659497261047363e-01 -4.446853101253509521e-01 1.025402307510375977e+00 -5.822427272796630859e-01 9.943085908889770508e-02 -2.300993651151657104e-01 3.238661885261535645e-01 -2.432874739170074463e-01 1.060159802436828613e-01 2.327590063214302063e-02 1.398331671953201294e-01 -4.566461443901062012e-01 1.126418262720108032e-01 2.220617830753326416e-01 -2.697504162788391113e-01 -2.329808771610260010e-01 6.677627563476562500e-03 4.248442649841308594e-01 -5.589380264282226562e-01 -9.144148230552673340e-02 -1.809749007225036621e-01 3.185237050056457520e-01 1.189617887139320374e-01 6.590601205825805664e-01 3.279845714569091797e-01 2.879783809185028076e-01 -9.823652356863021851e-02 -5.867128372192382812e-01 2.503218054771423340e-01 2.519636750221252441e-01 1.811317503452301025e-01 -2.868191897869110107e-01 -1.041120961308479309e-01 -3.724504262208938599e-02 2.122124731540679932e-01 5.388462543487548828e-01 -4.008562564849853516e-01 -6.793642044067382812e-02 9.506119042634963989e-02 6.604879498481750488e-01 -4.747589677572250366e-02 -5.659025907516479492e-01 1.749073565006256104e-01 3.366615176200866699e-01 3.408635258674621582e-01 -1.997356265783309937e-01 -3.858512938022613525e-01 2.074406743049621582e-01 -1.424637138843536377e-01 5.818753838539123535e-01 4.804074168205261230e-01 5.249187350273132324e-01 -6.131032109260559082e-02 -2.659270465373992920e-01 1.317591965198516846e-02 2.674060165882110596e-01 2.021157741546630859e-01
-6.923535466194152832e-01 -2.962096631526947021e-01 -8.587627112865447998e-02 -4.035763144493103027e-01 -4.841881245374679565e-02 1.609825640916824341e-01 3.873252570629119873e-01 -2.824204564094543457e-01 -3.044217824935913086e-01 6.764611601829528809e-01 -5.485660433769226074e-01 -4.488825798034667969e-02 -5.331599712371826172e-01 2.359332591295242310e-01 -2.952504456043243408e-01 1.230792421847581863e-02 -1.467694640159606934e-01 7.081259787082672119e-02 -2.716288268566131592e-01 2.221949249505996704e-01 -2.167607843875885010e-02 -4.105088710784912109e-01 -3.171611577272415161e-02 4.215858578681945801e-01 3.795906305313110352e-01 -6.108425259590148926e-01 4.172599688172340393e-02 -2.477577924728393555e-01 3.902777433395385742e-01 6.256822496652603149e-02 5.489694476127624512e-01 1.131123229861259460e-01 9.045594185590744019e-02 -1.072169914841651917e-01 -2.867867052555084229e-01 4.999661147594451904e-01 3.983119726181030273e-01 -2.242728173732757568e-01 -9.687706828117370605e-02 -4.300754070281982422e-01 5.896281599998474121e-01 -1.977934092283248901e-01 6.178247928619384766e-01 -1.797754168510437012e-01 1.198248267173767090e-01 -1.765390634536743164e-01 5.728464722633361816e-01 3.772636651992797852e-01 -7.377343773841857910e-01 -6.042967736721038818e-02 4.670467376708984375e-01 1.321199536323547363e-01 2.235972508788108826e-02 -3.552707135677337646e-01 -9.800441563129425049e-03 1.846675276756286621e-01 9.362352490425109863e-01 6.784461140632629395e-01 -7.553432136774063110e-02 -1.696524918079376221e-01 -3.636623024940490723e-01 -2.688512802124023438e-01 2.625128030776977539e-01 4.614618420600891113e-01
-5.008922219276428223e-01 -2.692740261554718018e-01 -3.202074468135833740e-01 -2.534052133560180664e-01 -6.874207407236099243e-02 8.704308420419692993e-02 6.427169442176818848e-01 -3.132614493370056152e-01 -3.731175959110260010e-01 6.398738622665405273e-01 -5.038117766380310059e-01 -1.099271625280380249e-01 -6.291409134864807129e-01 -2.285961806774139404e-02 -4.326619803905487061e-01 -3.895866684615612030e-03 -3.545071482658386230e-01 8.060522377490997314e-02 -3.792960345745086670e-01 -6.454935669898986816e-02 -2.094185948371887207e-01 -7.341895997524261475e-02 1.265868544578552246e-01 4.739015996456146240e-01 4.453137218952178955e-01 -5.333727002143859863e-01 1.810900270938873291e-01 -5.685397386550903320e-01 5.525168180465698242e-01 2.498198449611663818e-01 6.216211318969726562e-01 1.145254373550415039e-01 -2.682268917560577393e-01 -1.609346270561218262e-01 -1.278447508811950684e-01 6.142981052398681641e-01 4.471638202667236328e-01 -1.814050972461700439e-01 -3.256294876337051392e-02 -4.229438900947570801e-01 9.119543433189392090e-01 -3.890594840049743652e-01 2.421291619539260864e-01 -3.339748382568359375e-01 2.811280786991119385e-01 -1.834236085414886475e-01 5.608443617820739746e-01 5.713565349578857422e-01 -8.543874621391296387e-01 -3.198482990264892578e-01 3.545873761177062988e-01 -1.220005601644515991e-01 -7.174562662839889526e-03 -5.460150241851806641e-01 1.265140175819396973e-01 2.563422322273254395e-01 8.112514019012451172e-01 4.931973516941070557e-01 -2.029964700341224670e-03 -3.924246430397033691e-01 -3.571416139602661133e-01 -5.306786298751831055e-01 3.474720939993858337e-02 6.604773998260498047e-01
-2.686554193496704102e-01 -3.370336294174194336e-01 -5.301628112792968750e-01 -2.229664027690887451e-01 -3.387053012847900391e-01 3.471362590789794922e-02 7.391260266304016113e-01 -2.636732757091522217e-01 -3.388631343841552734e-01 4.096968173980712891e-01 -4.212578237056732178e-01 -2.276968061923980713e-01 -7.007707357406616211e-01 -1.202271431684494019e-01 -5.370943546295166016e-01 -2.313373535871505737e-01 -4.228790104389190674e-01 1.297579556703567505e-01 -2.745382487773895264e-01 1.503947526216506958e-01 -2.598333358764648438e-01 -4.390623047947883606e-02 1.508430838584899902e-01 7.064572572708129883e-01 4.920402467250823975e-01 -2.636933922767639160e-01 2.257883101701736450e-01 -7.561824321746826172e-01 5.596940517425537109e-01 1.835085153579711914e-01 6.274690032005310059e-01 1.407786011695861816e-01 -3.829098045825958252e-01 2.897556871175765991e-02 1.786443293094635010e-01 6.977539062500000000e-01 1.887418925762176514e-01 -3.220062851905822754e-01 2.709251046180725098e-01 -5.825839638710021973e-01 1.152537584304809570e+00 -5.916438102722167969e-01 2.665871381759643555e-01 -1.653017699718475342e-01 3.514478206634521484e-01 -2.556490302085876465e-01 5.536338686943054199e-01 8.463743925094604492e-01 -9.358695149421691895e-01 -4.306305646896362305e-01 1.992747932672500610e-01 -2.190240174531936646e-01 2.591346800327301025e-01 -4.309737086296081543e-01 -3.069259971380233765e-02 4.756310284137725830e-01 7.227980494499206543e-01 4.972601830959320068e-01 -1.533742100000381470e-01 -3.653123378753662109e-01 -4.201793968677520752e-01 -6.978705525398254395e-01 -2.891792654991149902e-01 8.215213418006896973e-01
-4.659835994243621826e-01 -3.243719637393951416e-01 -2.365896999835968018e-01 -3.729787766933441162e-01 -2.411330491304397583e-02 5.352660268545150757e-02 6.015716791152954102e-01 -2.392700314521789551e-01 -4.070350229740142822e-01 6.826449036598205566e-01 -5.606552362442016602e-01 -1.392019689083099365e-01 -6.136826872825622559e-01 -1.138947904109954834e-02 -3.732506334781646729e-01 6.921693682670593262e-02 -2.746717929840087891e-01 5.861397087574005127e-02 -3.444643318653106689e-01 2.002608403563499451e-02 -9.098378568887710571e-02 -1.362560093402862549e-01 1.798976063728332520e-01 4.325309097766876221e-01 3.303271532058715820e-01 -6.083878874778747559e-01 1.381456106901168823e-01 -4.990830123424530029e-01 5.794365406036376953e-01 1.519874632358551025e-01 5.405681133270263672e-01 1.395842880010604858e-01 -1.926179379224777222e-01 -1.111044511198997498e-01 -1.342332065105438232e-01 5.013548731803894043e-01 4.773766398429870605e-01 -7.033421844244003296e-02 -4.303251951932907104e-02 -4.287821352481842041e-01 7.271093130111694336e-01 -2.718304395675659180e-01 2.589276432991027832e-01 -3.896326422691345215e-01 8.888128399848937988e-02 -9.673634916543960571e-02 6.000517010688781738e-01 4.549773335456848145e-01 -8.576709032058715820e-01 -2.313835322856903076e-01 4.418627023696899414e-01 7.984671741724014282e-02 -4.127497598528862000e-02 -4.687216281890869141e-01 2.206723690032958984e-01 1.285438388586044312e-01 8.334347605705261230e-01 5.390698909759521484e-01 1.151703670620918274e-01 -1.730594635009765625e-01 -3.377315402030944824e-01 -5.010009407997131348e-01 1.292270421981811523e-01 5.933519005775451660e-01
-4.669635593891143799e-01 -2.536022067070007324e-01 -3.839279115200042725e-01 -2.951723039150238037e-01 -1.152761653065681458e-01 6.955311447381973267e-02 7.141695618629455566e-01 -3.350080251693725586e-01 -4.178845882415771484e-01 5.993900895118713379e-01 -4.401091635227203369e-01 -1.500366032123565674e-01 -6.423877477645874023e-01 -1.348713189363479614e-01 -4.337745606899261475e-01 2.688179537653923035e-02 -4.572160243988037109e-01 2.395220100879669189e-03 -4.499967098236083984e-01 -6.326798349618911743e-02 -2.097821235656738281e-01 -3.365546464920043945e-02 2.359048128128051758e-01 5.593515038490295410e-01 4.478418529033660889e-01 -4.725508987903594971e-01 2.366508245468139648e-01 -6.581865549087524414e-01 6.805604100227355957e-01 1.748125255107879639e-01 6.111473441123962402e-01 1.634775251150131226e-01 -2.565561830997467041e-01 -2.254163324832916260e-01 1.785380393266677856e-02 6.478234529495239258e-01 3.978125452995300293e-01 -2.155706584453582764e-01 -7.092308998107910156e-02 -4.282822012901306152e-01 8.436319828033447266e-01 -4.328011572360992432e-01 2.200310379266738892e-01 -3.885967731475830078e-01 2.480182796716690063e-01 -2.429481744766235352e-01 5.906392931938171387e-01 6.533859968185424805e-01 -9.179763197898864746e-01 -2.858621478080749512e-01 3.154597878456115723e-01 -1.650106459856033325e-01 6.880490481853485107e-02 -5.569025874137878418e-01 1.215504780411720276e-01 2.898311316967010498e-01 8.296572566032409668e-01 4.586438536643981934e-01 7.358176633715629578e-03 -4.320815503597259521e-01 -3.921815156936645508e-01 -6.566706895828247070e-01 -5.126255378127098083e-02 6.477155685424804688e-01
-7.491739392280578613e-01 -2.516531944274902344e-01 1.330911517143249512e-01 -3.148615062236785889e-01 2.370475232601165771e-01 2.325663417577743530e-01 2.441661357879638672e-01 -3.087973892688751221e-01 -3.370562195777893066e-01 8.695994019508361816e-01 -5.758185386657714844e-01 -3.923805058002471924e-02 -4.069764912128448486e-01 2.820546627044677734e-01 -2.253280580043792725e-01 5.910233780741691589e-02 -3.440496698021888733e-02 6.071376055479049683e-02 -4.354623556137084961e-01 2.575427293777465820e-01 2.485498040914535522e-02 -3.150922656059265137e-01 -5.208440870046615601e-02 2.234470844268798828e-01 3.936530649662017822e-01 -5.990142226219177246e-01 5.940440669655799866e-02 -2.155607044696807861e-01 4.321672320365905762e-01 3.811627626419067383e-02 6.306576132774353027e-01 1.950652301311492920e-01 2.102525830268859863e-01 -8.697005361318588257e-02 -3.760328590869903564e-01 3.965078294277191162e-01 3.187968730926513672e-01 -7.528810296207666397e-03 -2.427406907081604004e-01 -2.823981940746307373e-01 2.721245288848876953e-01 1.543683558702468872e-02 6.130731105804443359e-01 -3.050532937049865723e-01 -1.059404108673334122e-02 -3.909494727849960327e-02 6.064774394035339355e-01 1.515913605690002441e-01 -6.128740906715393066e-01 9.534602612257003784e-02 3.759595751762390137e-01 2.627001702785491943e-01 -8.193698525428771973e-02 -3.623618185520172119e-01 7.485897094011306763e-02 4.102230072021484375e-03 8.224636316299438477e-01 5.508787035942077637e-01 2.347759902477264404e-01 -8.670125156641006470e-02 -3.262447714805603027e-01 -1.587974131107330322e-01 1.820654869079589844e-01 3.188385367393493652e-01
-5.685908794403076172e-01 -3.640958964824676514e-01 2.848999500274658203e-01 -3.519003689289093018e-01 1.833359599113464355e-01 3.237893581390380859e-01 2.167779952287673950e-01 -2.510076761245727539e-01 -4.567573070526123047e-01 9.548863768577575684e-01 -5.281875133514404297e-01 -6.484729051589965820e-02 -3.641521036624908447e-01 1.859992295503616333e-01 -2.337261140346527100e-01 1.107212007045745850e-01 1.331437975168228149e-01 1.507415920495986938e-01 -4.920592904090881348e-01 1.571741998195648193e-01 1.168471202254295349e-01 -1.392847001552581787e-01 -1.803083717823028564e-01 1.261285245418548584e-01 2.442024797201156616e-01 -5.698804855346679688e-01 -1.158743053674697876e-01 -3.219828009605407715e-01 3.946320414543151855e-01 1.079942807555198669e-01 6.265377998352050781e-01 3.891642689704895020e-01 1.089714765548706055e-01 -5.365984886884689331e-02 -4.789162874221801758e-01 3.361614048480987549e-01 1.980540752410888672e-01 1.426063179969787598e-01 -1.501202434301376343e-01 -1.483368575572967529e-01 9.259767830371856689e-02 1.440065503120422363e-01 4.225859045982360840e-01 -4.362494349479675293e-01 -9.243141114711761475e-02 8.835262805223464966e-02 6.475126147270202637e-01 1.040965616703033447e-01 -6.287338137626647949e-01 1.295071244239807129e-01 3.671072721481323242e-01 3.456947803497314453e-01 -2.202166020870208740e-01 -2.996085584163665771e-01 2.729024887084960938e-01 -8.252710103988647461e-03 5.885214805603027344e-01 4.328205287456512451e-01 5.766586065292358398e-01 -9.060260653495788574e-02 -2.648123800754547119e-01 -4.851085692644119263e-02 1.999350935220718384e-01 3.602202236652374268e-01
-5.543023347854614258e-01 -4.063633978366851807e-01 7.227458059787750244e-03 -4.187818765640258789e-01 1.341988742351531982e-01 1.401508003473281860e-01 3.718661963939666748e-01 -2.903304398059844971e-01 -3.198933303356170654e-01 6.770117878913879395e-01 -5.494946837425231934e-01 -1.395033895969390869e-01 -5.051228404045104980e-01 1.599400788545608521e-01 -2.757022380828857422e-01 -2.446946874260902405e-02 -7.251327484846115112e-02 1.096244156360626221e-02 -2.966575026512145996e-01 3.841494619846343994e-01 8.962266147136688232e-03 -3.671375513076782227e-01 6.809831410646438599e-02 3.536977171897888184e-01 3.143095672130584717e-01 -6.444070935249328613e-01 5.561492219567298889e-02 -2.951885759830474854e-01 4.964847564697265625e-01 8.708532899618148804e-03 5.624654293060302734e-01 1.089882329106330872e-01 2.909137681126594543e-02 -2.773098647594451904e-03 -2.402195036411285400e-01 4.991031587123870850e-01 3.886078894138336182e-01 -1.103097349405288696e-01 -1.381540894508361816e-01 -3.349399268627166748e-01 4.985979497432708740e-01 -1.921071112155914307e-01 6.212509870529174805e-01 -2.737658321857452393e-01 -1.377298031002283096e-02 -9.253459423780441284e-02 5.032340288162231445e-01 3.313093185424804688e-01 -7.600049376487731934e-01 3.171630948781967163e-02 3.803375959396362305e-01 2.231342494487762451e-01 4.259181395173072815e-02 -2.934744060039520264e-01 1.071878448128700256e-01 1.114556789398193359e-01 8.997396826744079590e-01 5.592656135559082031e-01 8.141308277845382690e-02 -7.999348640441894531e-02 -2.843809723854064941e-01 -1.737026572227478027e-01 1.921769529581069946e-01 3.974498510360717773e-01
-6.743005514144897461e-01 -4.639207422733306885e-01 2.012827098369598389e-01 -4.928412735462188721e-01 1.212399974465370178e-01 2.078157365322113037e-01 5.519415438175201416e-02 -2.827244997024536133e-01 -2.525306344032287598e-01 7.621792554855346680e-01 -6.448433995246887207e-01 8.509497344493865967e-02 -3.154818117618560791e-01 4.099541306495666504e-01 -3.471603244543075562e-02 -8.534429967403411865e-02 2.158444374799728394e-01 1.440077871084213257e-01 -2.235827445983886719e-01 6.349464058876037598e-01 6.081534177064895630e-02 -5.980765819549560547e-01 -1.719796657562255859e-01 2.159597277641296387e-01 2.283704131841659546e-01 -7.142050266265869141e-01 -1.430385410785675049e-01 -3.902791440486907959e-02 2.391230762004852295e-01 -3.937499225139617920e-02 4.485569596290588379e-01 1.705984771251678467e-01 3.438557684421539307e-01 1.229648664593696594e-01 -4.746521115303039551e-01 3.506902754306793213e-01 3.036756813526153564e-01 -3.360659629106521606e-02 -1.841894388198852539e-01 -2.743941843509674072e-01 2.720918655395507812e-01 -3.585178405046463013e-02 8.308103084564208984e-01 -1.525190472602844238e-01 -6.085479259490966797e-02 1.242192164063453674e-01 4.549176692962646484e-01 1.259503811597824097e-01 -5.992617011070251465e-01 2.735087573528289795e-01 4.405491948127746582e-01 4.292571544647216797e-01 -2.057859674096107483e-02 1.592621207237243652e-03 -4.798345267772674561e-03 1.630567610263824463e-01 9.060156941413879395e-01 7.535811066627502441e-01 1.282918751239776611e-01 1.236799582839012146e-01 -2.638718485832214355e-01 1.563522666692733765e-01 3.164826333522796631e-01 2.791361510753631592e-01
-6.731990575790405273e-01 -2.474446892738342285e-01 4.359820485115051270e-01 -3.310048878192901611e-01 3.223253786563873291e-01 3.087400794029235840e-01 -1.022845283150672913e-01 -2.054383754730224609e-01 -6.135917305946350098e-01 1.177620172500610352e+00 -5.555526018142700195e-01 1.116077899932861328e-01 -1.079066842794418335e-01 3.580073714256286621e-01 -1.076880767941474915e-01 1.873036623001098633e-01 1.493907868862152100e-01 2.022314071655273438e-01 -4.743720293045043945e-01 -4.222814366221427917e-02 2.238617241382598877e-01 2.085106447339057922e-02 -2.510021626949310303e-01 -1.242231205105781555e-01 2.882123589515686035e-01 -5.929637551307678223e-01 -2.439122349023818970e-01 -1.949818432331085205e-01 2.628123760223388672e-01 1.604716628789901733e-01 5.148106813430786133e-01 6.214832067489624023e-01 2.978334128856658936e-01 2.799057215452194214e-02 -7.050051093101501465e-01 8.846129477024078369e-02 1.505402326583862305e-01 4.399589598178863525e-01 -1.517372280359268188e-01 -3.222807496786117554e-02 -3.190686702728271484e-01 4.270552098751068115e-01 2.114253491163253784e-01 -5.614616870880126953e-01 -2.531106770038604736e-01 3.984643518924713135e-01 7.773309946060180664e-01 -2.664958536624908447e-01 -4.342256784439086914e-01 2.729956805706024170e-01 3.091548681259155273e-01 4.801366329193115234e-01 -3.548019826412200928e-01 -2.925314605236053467e-01 4.211171865463256836e-01 -2.611049115657806396e-01 2.758526206016540527e-01 3.864655196666717529e-01 9.794606566429138184e-01 4.993381351232528687e-02 -2.214267104864120483e-01 5.810345709323883057e-02 1.612019985914230347e-01 1.528063714504241943e-01
-7.843596935272216797e-01 -2.761992216110229492e-01 2.977277338504791260e-01 -2.100002467632293701e-01 3.672805428504943848e-01 3.189864754676818848e-01 -3.218658268451690674e-03 -2.797364294528961182e-01 -5.795681476593017578e-01 1.053594708442687988e+00 -5.179399847984313965e-01 9.707421064376831055e-02 -2.743004858493804932e-01 3.371511101722717285e-01 -1.797431409358978271e-01 1.519479006528854370e-01 8.506117761135101318e-02 1.612678915262222290e-01 -5.314134955406188965e-01 -4.373595491051673889e-02 1.407659351825714111e-01 -1.141389459371566772e-01 -2.636618316173553467e-01 -7.858435064554214478e-02 3.095272481441497803e-01 -6.314281225204467773e-01 -1.683061271905899048e-01 -1.532789468765258789e-01 2.948043942451477051e-01 2.065234184265136719e-01 6.203506588935852051e-01 4.913887083530426025e-01 3.058270215988159180e-01 -1.101357862353324890e-01 -6.110067367553710938e-01 1.021376922726631165e-01 1.618445515632629395e-01 2.284724563360214233e-01 -2.998602986335754395e-01 -3.542173653841018677e-02 -1.644057929515838623e-01 2.927967309951782227e-01 3.960747718811035156e-01 -4.835059642791748047e-01 -1.162539124488830566e-01 2.319102883338928223e-01 6.980316638946533203e-01 -1.764944791793823242e-01 -4.823746681213378906e-01 2.245727479457855225e-01 3.674945831298828125e-01 3.860160708427429199e-01 -3.003071844577789307e-01 -3.402876853942871094e-01 3.219560980796813965e-01 -2.477124929428100586e-01 4.688648283481597900e-01 4.417383670806884766e-01 7.755725383758544922e-01 -4.952161759138107300e-02 -2.603366971015930176e-01 7.403865456581115723e-04 2.226837724447250366e-01 1.823282837867736816e-01
-5.516204237937927246e-01 -2.985699176788330078e-01 -1.662656068801879883e-01 -2.423086166381835938e-01 1.636958122253417969e-02 1.233204826712608337e-01 5.816701054573059082e-01 -2.467322945594787598e-01 -3.118433356285095215e-01 6.437584161758422852e-01 -5.784392356872558594e-01 -9.827923774719238281e-02 -5.505954623222351074e-01 2.142553031444549561e-02 -4.422383010387420654e-01 -1.071048155426979065e-01 -2.514466941356658936e-01 7.743224501609802246e-02 -3.165319859981536865e-01 1.120134219527244568e-01 -5.920133739709854126e-02 -2.436008155345916748e-01 5.655080825090408325e-02 3.737282752990722656e-01 3.998963534832000732e-01 -5.783677101135253906e-01 1.264778375625610352e-01 -4.387080967426300049e-01 4.705808162689208984e-01 1.754297614097595215e-01 6.482573151588439941e-01 4.506088048219680786e-02 -1.267713159322738647e-01 -1.477187275886535645e-01 -1.424308419227600098e-01 5.306223034858703613e-01 4.131802618503570557e-01 -1.156667023897171021e-01 -9.187211096286773682e-02 -3.211830258369445801e-01 7.727577090263366699e-01 -3.142111897468566895e-01 4.326724410057067871e-01 -3.229579329490661621e-01 1.942755877971649170e-01 -2.094206213951110840e-01 4.796702265739440918e-01 4.841794371604919434e-01 -7.894333004951477051e-01 -1.967328488826751709e-01 3.963790535926818848e-01 2.241090312600135803e-02 4.501214995980262756e-02 -4.357380270957946777e-01 1.246042028069496155e-01 1.372683048248291016e-01 8.570160269737243652e-01 5.024080872535705566e-01 -3.816918283700942993e-02 -2.780426442623138428e-01 -3.223744630813598633e-01 -3.418713212013244629e-01 1.703585535287857056e-01 5.745448470115661621e-01
-4.743735492229461670e-01 -3.807130753993988037e-01 -2.282925248146057129e-01 -4.053067862987518311e-01 -8.074460178613662720e-02 4.018673300743103027e-02 5.962822437286376953e-01 -2.911821305751800537e-01 -3.113822340965270996e-01 5.816964507102966309e-01 -5.355679392814636230e-01 -8.866313099861145020e-02 -5.946449637413024902e-01 3.914336860179901123e-02 -3.051946461200714111e-01 -6.497637927532196045e-02 -1.819355636835098267e-01 4.529915750026702881e-02 -2.880936861038208008e-01 2.554315328598022461e-01 -6.686865538358688354e-02 -3.271780610084533691e-01 9.808250516653060913e-02 4.835355877876281738e-01 3.581182062625885010e-01 -5.654176473617553711e-01 1.179700940847396851e-01 -5.137408375740051270e-01 5.531011223793029785e-01 1.015290319919586182e-01 6.249127388000488281e-01 1.043559983372688293e-01 -9.960194677114486694e-02 -1.174090132117271423e-01 -1.197807416319847107e-01 6.617422103881835938e-01 4.441599249839782715e-01 -2.358160465955734253e-01 -1.225817799568176270e-01 -4.013381898403167725e-01 8.417964577674865723e-01 -3.938224911689758301e-01 5.097094178199768066e-01 -3.090773224830627441e-01 2.391305714845657349e-01 -2.351959645748138428e-01 5.175806283950805664e-01 5.893681645393371582e-01 -8.819554448127746582e-01 -1.528814733028411865e-01 3.729997277259826660e-01 -1.566438935697078705e-02 7.903371751308441162e-02 -3.380500972270965576e-01 3.596730530261993408e-03 3.079000413417816162e-01 9.362536072731018066e-01 5.592330694198608398e-01 -1.410382986068725586e-01 -2.681919336318969727e-01 -2.958044409751892090e-01 -3.391960859298706055e-01 1.622382104396820068e-01 5.584080219268798828e-01
