-6.111956238746643066e-01 -4.497904479503631592e-01 6.077415496110916138e-02 -5.051701068878173828e-01 1.497620642185211182e-01 1.592212617397308350e-01 2.664384841918945312e-01 -2.920289039611816406e-01 -2.335954457521438599e-01 6.852570176124572754e-01 -5.821992158889770508e-01 -1.130544692277908325e-01 -4.428144991397857666e-01 2.725024819374084473e-01 -1.597653925418853760e-01 -8.585376292467117310e-02 2.803086489439010620e-02 2.427412569522857666e-02 -2.155421376228332520e-01 6.264865994453430176e-01 1.042240411043167114e-01 -5.516744256019592285e-01 -4.826657474040985107e-03 3.571217358112335205e-01 3.066716194152832031e-01 -6.212437748908996582e-01 4.377030208706855774e-02 -1.779463887214660645e-01 4.062372446060180664e-01 -1.290581524372100830e-01 5.312652587890625000e-01 5.846200883388519287e-02 2.113608866930007935e-01 -2.156622707843780518e-03 -2.985862493515014648e-01 4.952200055122375488e-01 3.985722064971923828e-01 -1.777292490005493164e-01 -1.768347322940826416e-01 -3.594828546047210693e-01 4.103362262248992920e-01 -1.315451562404632568e-01 8.339739441871643066e-01 -2.085649669170379639e-01 -9.299790859222412109e-02 -9.433425217866897583e-02 4.624241590499877930e-01 2.827166914939880371e-01 -7.011657953262329102e-01 1.604037880897521973e-01 3.753704428672790527e-01 3.060992360115051270e-01 7.706680893898010254e-02 -1.734001040458679199e-01 -5.083280056715011597e-02 1.991617083549499512e-01 9.533537030220031738e-01 6.158199310302734375e-01 -3.987237811088562012e-02 1.733966171741485596e-03 -2.836881279945373535e-01 -5.372472107410430908e-02 2.784491777420043945e-01 2.754741907119750977e-01
-1.952087879180908203e-01 -4.425678253173828125e-01 -5.821919441223144531e-01 -3.436090946197509766e-01 -3.382149338722229004e-01 5.492420867085456848e-03 7.482202649116516113e-01 -2.865046858787536621e-01 -3.133339285850524902e-01 4.678138494491577148e-01 -5.190241336822509766e-01 -1.594901680946350098e-01 -7.034940123558044434e-01 -1.381712853908538818e-01 -4.134387075901031494e-01 -1.027197688817977905e-01 -3.277592062950134277e-01 1.729111969470977783e-01 -2.405826449394226074e-01 2.039941996335983276e-01 -2.361951172351837158e-01 -1.164102852344512939e-01 1.682873368263244629e-01 6.564744114875793457e-01 4.266665875911712646e-01 -4.094411432743072510e-01 1.644828319549560547e-01 -6.963502168655395508e-01 5.442800521850585938e-01 1.357799917459487915e-01 5.809667110443115234e-01 1.645646840333938599e-01 -3.770227730274200439e-01 -3.269200772047042847e-02 5.850069969892501831e-02 6.993752121925354004e-01 2.788343131542205811e-01 -3.369509577751159668e-01 1.613042354583740234e-01 -5.233184695243835449e-01 1.080288529396057129e+00 -5.696752667427062988e-01 2.482210546731948853e-01 -3.050277233123779297e-01 3.155142962932586670e-01 -1.870031356811523438e-01 5.328249931335449219e-01 7.774931788444519043e-01 -9.758561849594116211e-01 -3.345774710178375244e-01 3.418738245964050293e-01 -1.090993955731391907e-01 1.821942627429962158e-01 -3.536568880081176758e-01 -2.012325078248977661e-02 5.025164484977722168e-01 8.277379274368286133e-01 5.464423894882202148e-01 -1.566937863826751709e-01 -3.800296783447265625e-01 -3.959179520606994629e-01 -6.083868145942687988e-01 -8.333736658096313477e-02 8.131675720214843750e-01
-8.647739887237548828e-01 -2.296208739280700684e-01 4.083315730094909668e-01 -2.774182856082916260e-01 3.975852429866790771e-01 3.169786930084228516e-01 -1.519083082675933838e-01 -3.085688054561614990e-01 -4.911108613014221191e-01 1.132002234458923340e+00 -5.872538685798645020e-01 1.598451137542724609e-01 -6.702630221843719482e-02 4.312377572059631348e-01 -1.113805845379829407e-01 8.945067226886749268e-02 1.004777476191520691e-01 1.555743068456649780e-01 -4.805117845535278320e-01 1.129052191972732544e-01 2.255093455314636230e-01 -1.750690340995788574e-01 -3.331156671047210693e-01 -8.307231217622756958e-02 3.662075102329254150e-01 -6.604891419410705566e-01 -1.685921400785446167e-01 -7.711654901504516602e-02 1.899838745594024658e-01 1.436624974012374878e-01 4.870518445968627930e-01 4.291839599609375000e-01 4.653117954730987549e-01 1.393171399831771851e-02 -6.849583983421325684e-01 1.065381392836570740e-01 1.816211342811584473e-01 3.311516642570495605e-01 -2.549303174018859863e-01 -3.805173188447952271e-02 -2.571097016334533691e-01 3.314961493015289307e-01 4.544361829757690430e-01 -4.243907928466796875e-01 -1.979249417781829834e-01 2.797637581825256348e-01 6.714210510253906250e-01 -2.484494447708129883e-01 -4.244011044502258301e-01 2.863425314426422119e-01 3.220090866088867188e-01 4.603898525238037109e-01 -2.560173571109771729e-01 -2.513382732868194580e-01 2.646739780902862549e-01 -2.069881856441497803e-01 4.331069886684417725e-01 4.823375046253204346e-01 7.423634529113769531e-01 4.774897545576095581e-02 -2.590484321117401123e-01 1.529918760061264038e-01 2.147577106952667236e-01 7.643714547157287598e-02
-5.609846115112304688e-01 -2.636212408542633057e-01 3.978961110115051270e-01 -2.605873644351959229e-01 3.403593003749847412e-01 3.402804434299468994e-01 3.317882865667343140e-02 -1.667656600475311279e-01 -6.535376310348510742e-01 1.110085844993591309e+00 -4.552517831325531006e-01 1.035658270120620728e-02 -1.935433298349380493e-01 1.866707652807235718e-01 -2.269951701164245605e-01 2.126842290163040161e-01 9.199708700180053711e-02 2.352963387966156006e-01 -5.632085800170898438e-01 -1.593679189682006836e-01 2.662099897861480713e-01 1.364013403654098511e-01 -2.300091981887817383e-01 -1.848911046981811523e-01 2.345924824476242065e-01 -4.725119173526763916e-01 -2.544001936912536621e-01 -2.857663631439208984e-01 3.642684221267700195e-01 2.262269556522369385e-01 6.205148696899414062e-01 6.809372901916503906e-01 1.655607074499130249e-01 -5.141166597604751587e-02 -5.914403796195983887e-01 6.748118996620178223e-02 1.193136051297187805e-01 4.458311796188354492e-01 -1.416786164045333862e-01 1.678777486085891724e-02 -3.331292271614074707e-01 4.335813522338867188e-01 1.229988783597946167e-01 -6.250255107879638672e-01 -3.092738091945648193e-01 3.441439270973205566e-01 6.830056905746459961e-01 -1.384768784046173096e-01 -4.333159327507019043e-01 1.924096941947937012e-01 2.384205311536788940e-01 4.265995919704437256e-01 -3.703658282756805420e-01 -4.222663044929504395e-01 5.521308183670043945e-01 -2.422674596309661865e-01 1.840011179447174072e-01 3.259890377521514893e-01 1.068230271339416504e+00 5.428019911050796509e-02 -2.401553094387054443e-01 -6.622180342674255371e-02 1.499436646699905396e-01 2.595973312854766846e-01
-5.985001325607299805e-01 -4.537058174610137939e-01 -4.549537599086761475e-02 -4.849828481674194336e-01 9.358391165733337402e-03 2.218540161848068237e-01 3.403334617614746094e-01 -3.317741751670837402e-01 -2.624202370643615723e-01 5.993067026138305664e-01 -5.188066363334655762e-01 -1.273312419652938843e-01 -5.386167168617248535e-01 2.035479694604873657e-01 -2.193328738212585449e-01 -1.014365777373313904e-01 -4.119670391082763672e-02 -3.721082955598831177e-02 -2.644368708133697510e-01 5.414745211601257324e-01 4.576361924409866333e-02 -5.246813297271728516e-01 -4.716150462627410889e-03 4.924460649490356445e-01 2.533626556396484375e-01 -5.782201290130615234e-01 3.974440507590770721e-03 -2.041174471378326416e-01 4.140824079513549805e-01 -1.060477569699287415e-01 5.543428659439086914e-01 1.198096945881843567e-01 1.574198901653289795e-01 -4.656072705984115601e-02 -1.989966630935668945e-01 5.629154443740844727e-01 3.684442043304443359e-01 -2.894971668720245361e-01 -1.451206803321838379e-01 -3.757731914520263672e-01 5.204678177833557129e-01 -2.769904732704162598e-01 8.295040726661682129e-01 -1.295865178108215332e-01 1.327037718147039413e-02 -1.576482057571411133e-01 4.526228904724121094e-01 4.503862857818603516e-01 -7.823747992515563965e-01 1.083122715353965759e-01 3.763918280601501465e-01 2.434246689081192017e-01 1.789755523204803467e-01 -1.798100918531417847e-01 -2.669953554868698120e-02 2.499941587448120117e-01 9.421334862709045410e-01 6.580154895782470703e-01 -1.272724419832229614e-01 -8.768751472234725952e-02 -2.842749953269958496e-01 -1.107961833477020264e-01 2.719788253307342529e-01 3.493970334529876709e-01
-7.444699406623840332e-01 -2.682539820671081543e-01 3.136536777019500732e-01 -2.255501449108123779e-01 3.193530440330505371e-01 3.042455017566680908e-01 6.200087815523147583e-02 -2.460244596004486084e-01 -4.474252164363861084e-01 1.111489892005920410e+00 -6.208076477050781250e-01 6.833821535110473633e-02 -1.883434057235717773e-01 2.772479653358459473e-01 -2.149221003055572510e-01 8.592957258224487305e-02 6.945978850126266479e-02 1.751977205276489258e-01 -5.003706812858581543e-01 3.043096140027046204e-02 1.844781339168548584e-01 -1.025769859552383423e-01 -2.815703153610229492e-01 -2.685032039880752563e-02 3.887110054492950439e-01 -5.856214165687561035e-01 -8.466340601444244385e-02 -2.609311640262603760e-01 2.510269582271575928e-01 1.643264889717102051e-01 5.803902149200439453e-01 3.534983694553375244e-01 2.733014822006225586e-01 -4.237286001443862915e-02 -5.997614264488220215e-01 2.312549352645874023e-01 1.957525014877319336e-01 2.802218198776245117e-01 -2.244022786617279053e-01 -6.849160045385360718e-02 -7.482044398784637451e-02 2.579289376735687256e-01 3.923555612564086914e-01 -5.141919255256652832e-01 -5.555214732885360718e-02 1.652399301528930664e-01 7.041438817977905273e-01 -1.101690232753753662e-01 -5.368252396583557129e-01 1.542674601078033447e-01 2.983878850936889648e-01 3.545359075069427490e-01 -2.877942025661468506e-01 -2.892513871192932129e-01 2.652749717235565186e-01 -1.682566404342651367e-01 4.659107029438018799e-01 3.680888712406158447e-01 6.731625795364379883e-01 -1.352842003107070923e-01 -2.274513542652130127e-01 5.620908737182617188e-02 2.100245654582977295e-01 2.255235016345977783e-01
-7.832562327384948730e-01 -2.288126647472381592e-01 4.226790964603424072e-01 -2.609236538410186768e-01 4.291605353355407715e-01 3.844268321990966797e-01 -1.562376916408538818e-01 -2.653434574604034424e-01 -4.764683246612548828e-01 1.167837619781494141e+00 -4.822253882884979248e-01 1.042997837066650391e-01 -9.201197326183319092e-02 4.092538952827453613e-01 -1.402518153190612793e-01 2.038856148719787598e-01 1.526378244161605835e-01 1.637561172246932983e-01 -4.627794027328491211e-01 1.869704201817512512e-02 3.239969313144683838e-01 -4.079003259539604187e-02 -4.271241426467895508e-01 -1.981750726699829102e-01 3.879842460155487061e-01 -4.587906002998352051e-01 -1.819540560245513916e-01 -7.152266055345535278e-02 1.708023250102996826e-01 1.277866661548614502e-01 5.955004692077636719e-01 5.431524515151977539e-01 3.703470230102539062e-01 -7.669926434755325317e-02 -7.732392549514770508e-01 1.417416930198669434e-01 1.045649126172065735e-01 3.235162496566772461e-01 -2.268021404743194580e-01 4.161026328802108765e-02 -4.099155962467193604e-01 4.591265022754669189e-01 3.978476524353027344e-01 -4.459881186485290527e-01 -3.019693195819854736e-01 2.858310341835021973e-01 6.735365390777587891e-01 -2.630257010459899902e-01 -3.536418676376342773e-01 2.624107301235198975e-01 2.231432944536209106e-01 4.475619196891784668e-01 -3.326924145221710205e-01 -3.855032026767730713e-01 2.536238431930541992e-01 -2.321546375751495361e-01 2.481814920902252197e-01 3.734522163867950439e-01 8.732913732528686523e-01 1.326729357242584229e-02 -1.903993785381317139e-01 1.114681661128997803e-01 2.532423734664916992e-01 5.915748700499534607e-02
-3.360587656497955322e-01 -4.091826081275939941e-01 -2.580346763134002686e-01 -5.123966336250305176e-01 -1.014616712927818298e-01 -1.882116310298442841e-02 4.721850454807281494e-01 -2.695297896862030029e-01 -3.070280551910400391e-01 5.073003768920898438e-01 -6.532263159751892090e-01 -7.597497105598449707e-02 -5.463826656341552734e-01 1.033091247081756592e-01 -3.095434606075286865e-01 -1.354162693023681641e-01 -8.722493797540664673e-02 1.669725477695465088e-01 -1.062758639454841614e-01 4.313599169254302979e-01 -1.596768498420715332e-01 -4.460986256599426270e-01 1.265055239200592041e-01 5.172870755195617676e-01 3.274414539337158203e-01 -7.121000289916992188e-01 1.750792935490608215e-02 -3.993682265281677246e-01 4.706510007381439209e-01 1.668965071439743042e-02 4.119440317153930664e-01 5.584438145160675049e-02 -9.397460520267486572e-02 5.137505382299423218e-02 -1.344002485275268555e-01 5.697702765464782715e-01 3.817213773727416992e-01 -2.466906756162643433e-01 2.934962511062622070e-03 -4.540918469429016113e-01 8.556014895439147949e-01 -3.487620353698730469e-01 4.527252316474914551e-01 -2.441714406013488770e-01 1.151419281959533691e-01 -6.524980813264846802e-02 4.833805561065673828e-01 4.212607145309448242e-01 -9.346383213996887207e-01 -6.798881292343139648e-02 5.474527478218078613e-01 1.406274586915969849e-01 6.894956529140472412e-02 -2.163295745849609375e-01 1.004851832985877991e-01 3.970531225204467773e-01 1.009908437728881836e+00 6.844964623451232910e-01 -1.550170332193374634e-01 -4.845528304576873779e-02 -3.966656625270843506e-01 -3.926540017127990723e-01 9.432796388864517212e-02 5.590143203735351562e-01
-8.602012991905212402e-01 -3.233928382396697998e-01 3.177959322929382324e-01 -2.966491878032684326e-01 2.897907495498657227e-01 2.662526965141296387e-01 -1.240086629986763000e-01 -3.359105288982391357e-01 -2.321763783693313599e-01 1.093204259872436523e+00 -6.761031746864318848e-01 1.169925108551979065e-01 -1.606978476047515869e-01 5.314149260520935059e-01 -4.217296093702316284e-02 6.252612173557281494e-02 2.341525703668594360e-01 1.829965859651565552e-01 -3.276076018810272217e-01 3.461301922798156738e-01 1.775906533002853394e-01 -3.398968279361724854e-01 -4.524301886558532715e-01 5.222913622856140137e-02 4.369257390499114990e-01 -6.880814433097839355e-01 -4.520165547728538513e-02 -3.833872452378273010e-02 3.497014194726943970e-02 8.281078934669494629e-02 4.606005549430847168e-01 2.037193179130554199e-01 4.598408639430999756e-01 7.943872362375259399e-02 -7.054897546768188477e-01 3.059173524379730225e-01 1.907993853092193604e-01 1.472008228302001953e-01 -1.928027868270874023e-01 -1.786753535270690918e-01 1.594111695885658264e-02 1.856847107410430908e-01 6.613018512725830078e-01 -2.706445157527923584e-01 -6.121452152729034424e-02 1.426847279071807861e-01 6.662047505378723145e-01 -1.632412075996398926e-01 -4.467574357986450195e-01 1.867712140083312988e-01 3.776242733001708984e-01 4.642001390457153320e-01 -1.912608742713928223e-01 -1.153907552361488342e-01 -5.204584449529647827e-02 -6.718705594539642334e-02 6.345501542091369629e-01 5.857615470886230469e-01 3.923118710517883301e-01 4.808731377124786377e-03 -1.833081543445587158e-01 2.067195028066635132e-01 2.893717885017395020e-01 1.442804038524627686e-01
-1.033784627914428711e+00 -3.329301476478576660e-01 5.378098487854003906e-01 -3.173045217990875244e-01 3.890469968318939209e-01 3.559237718582153320e-01 -4.038017690181732178e-01 -3.269433081150054932e-01 -2.169263511896133423e-01 1.087925910949707031e+00 -6.445575952529907227e-01 2.173416018486022949e-01 6.759802997112274170e-02 6.322166323661804199e-01 8.878064155578613281e-02 8.004476316273212433e-03 2.802871763706207275e-01 1.515495181083679199e-01 -2.586448192596435547e-01 5.338546037673950195e-01 3.520067036151885986e-01 -4.898783564567565918e-01 -5.158295035362243652e-01 -8.225143700838088989e-02 3.989007174968719482e-01 -6.038429141044616699e-01 -1.679793596267700195e-01 2.094452679157257080e-01 -8.348278701305389404e-02 -2.232342958450317383e-02 4.010999798774719238e-01 2.291463762521743774e-01 7.270748615264892578e-01 1.617833971977233887e-01 -7.445936799049377441e-01 1.631091833114624023e-01 1.127645447850227356e-01 2.563027441501617432e-01 -2.659251093864440918e-01 -7.502893358469009399e-02 -3.880426287651062012e-01 3.253594040870666504e-01 8.978511691093444824e-01 -1.467357575893402100e-01 -2.446003109216690063e-01 2.477358877658843994e-01 5.890712738037109375e-01 -3.506261110305786133e-01 -2.688704729080200195e-01 4.081477224826812744e-01 2.657990455627441406e-01 6.070429086685180664e-01 -1.270296275615692139e-01 -1.627941057085990906e-02 -8.015068620443344116e-02 -1.621046960353851318e-01 5.249212980270385742e-01 6.332640647888183594e-01 4.455249011516571045e-01 2.036397457122802734e-01 -1.220031753182411194e-01 4.650504589080810547e-01 3.454043865203857422e-01 -8.786654472351074219e-02
-6.890003681182861328e-01 -3.151912093162536621e-01 -4.840031266212463379e-03 -3.730793297290802002e-01 2.194683849811553955e-01 1.680812835693359375e-01 3.026306629180908203e-01 -2.826980352401733398e-01 -4.290572404861450195e-01 6.236879229545593262e-01 -4.467197358608245850e-01 -1.097162663936614990e-01 -5.378060340881347656e-01 1.946406215429306030e-01 -2.307539880275726318e-01 -1.097382884472608566e-02 -1.342913657426834106e-01 -1.558870449662208557e-02 -3.747822940349578857e-01 3.187322914600372314e-01 -5.092857033014297485e-02 -4.288324117660522461e-01 1.818193495273590088e-01 2.801548838615417480e-01 3.261312842369079590e-01 -5.817011594772338867e-01 2.999547496438026428e-02 -2.122592926025390625e-01 5.887011289596557617e-01 -1.132424920797348022e-02 6.416224241256713867e-01 1.739674508571624756e-01 1.281699240207672119e-01 -1.442211568355560303e-01 -1.782357990741729736e-01 3.852462768554687500e-01 3.838607668876647949e-01 -1.670121401548385620e-01 -3.065085411071777344e-01 -3.039936721324920654e-01 3.644837737083435059e-01 -9.316022694110870361e-02 7.250158786773681641e-01 -3.011463284492492676e-01 -6.493209302425384521e-02 -6.844007223844528198e-02 4.958123564720153809e-01 2.587218880653381348e-01 -7.339323759078979492e-01 1.468765139579772949e-01 3.598306179046630859e-01 1.540515869855880737e-01 2.693438902497291565e-02 -3.751789927482604980e-01 1.176711693406105042e-01 9.911435097455978394e-02 9.918896555900573730e-01 6.135084033012390137e-01 1.296924352645874023e-01 9.045228362083435059e-04 -3.671427965164184570e-01 -2.898533940315246582e-01 1.544169783592224121e-01 2.932697832584381104e-01
-2.821051478385925293e-01 -5.093195438385009766e-01 -3.793999254703521729e-01 -4.828425943851470947e-01 -1.648215651512145996e-01 -2.183732204139232635e-02 7.065274119377136230e-01 -2.854166328907012939e-01 -3.762011528015136719e-01 3.497459888458251953e-01 -4.660504460334777832e-01 -1.836228370666503906e-01 -6.868604421615600586e-01 -1.385903656482696533e-01 -3.211792409420013428e-01 -1.530115753412246704e-01 -2.321966290473937988e-01 1.925371587276458740e-03 -1.840319633483886719e-01 4.053899049758911133e-01 -1.793392896652221680e-01 -3.348073363304138184e-01 2.984350621700286865e-01 6.199968457221984863e-01 3.479824364185333252e-01 -5.262095928192138672e-01 1.340018361806869507e-01 -6.241917610168457031e-01 6.953051686286926270e-01 1.095637679100036621e-02 5.783736705780029297e-01 1.316659301519393921e-01 -1.778879463672637939e-01 -5.134748667478561401e-02 1.800960004329681396e-01 7.729723453521728516e-01 3.454247117042541504e-01 -3.343240320682525635e-01 -4.389912635087966919e-02 -4.185040891170501709e-01 9.479600787162780762e-01 -5.502857565879821777e-01 5.150327086448669434e-01 -2.610912024974822998e-01 1.884534507989883423e-01 -2.413349151611328125e-01 4.814673066139221191e-01 7.172383069992065430e-01 -9.660737514495849609e-01 -1.528672873973846436e-01 3.973338603973388672e-01 -8.976581692695617676e-02 2.178816944360733032e-01 -3.381342291831970215e-01 3.801640868186950684e-02 4.643656611442565918e-01 1.022703766822814941e+00 5.879558920860290527e-01 -2.103247344493865967e-01 -1.895370334386825562e-01 -3.408641219139099121e-01 -5.257190465927124023e-01 -5.069085583090782166e-02 6.299033164978027344e-01
-5.015462040901184082e-01 -4.590953290462493896e-01 -1.517603695392608643e-01 -4.940095245838165283e-01 -5.387000739574432373e-03 3.721752017736434937e-02 5.135548710823059082e-01 -3.267586231231689453e-01 -3.591911792755126953e-01 5.021449327468872070e-01 -4.839272201061248779e-01 -1.662687361240386963e-01 -5.212973952293395996e-01 3.377617895603179932e-02 -2.854047715663909912e-01 -1.466443091630935669e-01 -1.694189459085464478e-01 -1.067982986569404602e-02 -2.238163650035858154e-01 4.911890923976898193e-01 8.585400879383087158e-03 -4.449848532676696777e-01 1.618542969226837158e-01 5.152907371520996094e-01 3.601222336292266846e-01 -5.967420339584350586e-01 1.277659237384796143e-01 -4.751728177070617676e-01 5.746006965637207031e-01 -3.137668967247009277e-02 5.360782742500305176e-01 5.923079699277877808e-02 4.706316813826560974e-02 -6.297344714403152466e-02 -2.904917299747467041e-02 6.489555835723876953e-01 3.726182579994201660e-01 -2.498782873153686523e-01 -1.453558951616287231e-01 -3.574330508708953857e-01 6.791312098503112793e-01 -3.885419368743896484e-01 6.552765369415283203e-01 -2.938128113746643066e-01 4.326013475656509399e-02 -2.217490673065185547e-01 4.602630734443664551e-01 5.054823756217956543e-01 -8.598074913024902344e-01 -3.752112388610839844e-03 3.946586251258850098e-01 5.110152810811996460e-02 1.834926009178161621e-01 -2.738654017448425293e-01 -1.944955438375473022e-02 3.438520729541778564e-01 1.000799298286437988e+00 5.751920342445373535e-01 -1.163883432745933533e-01 -1.102765500545501709e-01 -3.227466344833374023e-01 -3.376252055168151855e-01 8.331392705440521240e-02 4.339296817779541016e-01
-4.348498284816741943e-01 -5.107127428054809570e-01 1.519092321395874023e-01 -5.836443901062011719e-01 9.233035892248153687e-02 1.703537702560424805e-01 3.395058214664459229e-01 -2.537478804588317871e-01 -3.124260008335113525e-01 6.313933134078979492e-01 -5.812448263168334961e-01 -1.883687674999237061e-01 -3.944129645824432373e-01 9.501165151596069336e-02 -2.430003881454467773e-01 -1.112170740962028503e-01 6.180431321263313293e-02 5.671901255846023560e-02 -2.381774485111236572e-01 6.035526394844055176e-01 9.823366254568099976e-02 -4.443904757499694824e-01 6.679046899080276489e-02 3.883159160614013672e-01 2.142093926668167114e-01 -6.150649189949035645e-01 -2.365605160593986511e-02 -3.299834430217742920e-01 5.058473944664001465e-01 -1.318803429603576660e-01 4.370014667510986328e-01 7.921751588582992554e-02 1.173287183046340942e-01 5.956473201513290405e-02 -2.038797736167907715e-01 5.182662606239318848e-01 3.128879070281982422e-01 -1.176522225141525269e-01 -1.059885323047637939e-01 -3.198794424533843994e-01 3.786323964595794678e-01 -1.086718589067459106e-01 6.670413017272949219e-01 -2.879523336887359619e-01 -1.479850113391876221e-01 -7.382497936487197876e-02 4.924585223197937012e-01 2.826721668243408203e-01 -8.142892122268676758e-01 1.399461328983306885e-01 3.709621429443359375e-01 2.824696898460388184e-01 2.193137630820274353e-02 -1.509188860654830933e-01 1.248387470841407776e-01 2.692615389823913574e-01 9.068276286125183105e-01 5.169486999511718750e-01 7.255467027425765991e-02 -8.014611899852752686e-03 -3.220772147178649902e-01 -9.043960273265838623e-02 1.646365523338317871e-01 3.423936963081359863e-01
-3.471355140209197998e-01 -3.511641025543212891e-01 -3.379580080509185791e-01 -2.326429188251495361e-01 -5.044969543814659119e-02 1.202033832669258118e-01 7.772746086120605469e-01 -2.916821837425231934e-01 -3.624494373798370361e-01 5.420840978622436523e-01 -4.458586573600769043e-01 -2.566245496273040771e-01 -6.619042158126831055e-01 -2.374558150768280029e-01 -4.833995401859283447e-01 -8.413308858871459961e-02 -4.345044195652008057e-01 6.036529690027236938e-02 -3.998170197010040283e-01 4.130207374691963196e-02 -1.278360486030578613e-01 -3.861836716532707214e-02 1.779583692550659180e-01 4.978847503662109375e-01 4.379517138004302979e-01 -3.710719645023345947e-01 2.218654006719589233e-01 -6.925112009048461914e-01 6.597214937210083008e-01 1.610655784606933594e-01 7.309832572937011719e-01 1.048690751194953918e-01 -3.126008808612823486e-01 -1.801231205463409424e-01 9.200767427682876587e-02 7.042152881622314453e-01 3.819507360458374023e-01 -2.255003601312637329e-01 -2.495872229337692261e-02 -3.861044943332672119e-01 8.496541380882263184e-01 -4.097619652748107910e-01 3.376824855804443359e-01 -3.972653746604919434e-01 2.125400006771087646e-01 -3.284539580345153809e-01 5.059968829154968262e-01 7.305926084518432617e-01 -9.085857868194580078e-01 -3.140982687473297119e-01 2.368804663419723511e-01 -1.567865014076232910e-01 6.407156586647033691e-02 -5.995337963104248047e-01 1.354568004608154297e-01 3.593158125877380371e-01 7.421035170555114746e-01 3.468123376369476318e-01 -6.193997710943222046e-02 -4.505744278430938721e-01 -3.446344733238220215e-01 -5.479640364646911621e-01 -1.293463166803121567e-02 6.715584993362426758e-01
-5.296934843063354492e-01 -3.195215463638305664e-01 -1.098749265074729919e-01 -4.094618260860443115e-01 8.926198631525039673e-02 2.398891188204288483e-02 4.033800363540649414e-01 -2.729557752609252930e-01 -4.278002083301544189e-01 7.131496667861938477e-01 -5.800392031669616699e-01 -7.990740239620208740e-02 -4.452120065689086914e-01 1.126563102006912231e-01 -3.284232616424560547e-01 -6.416012346744537354e-02 -1.899269223213195801e-01 3.191556036472320557e-02 -3.288105130195617676e-01 2.606632113456726074e-01 -3.378472477197647095e-02 -3.295788764953613281e-01 1.263521909713745117e-01 3.705217838287353516e-01 3.814361393451690674e-01 -6.717165112495422363e-01 5.411686375737190247e-02 -4.193314015865325928e-01 4.988954365253448486e-01 5.991657823324203491e-02 5.043038725852966309e-01 9.854733198881149292e-02 5.203228071331977844e-02 -7.762480527162551880e-02 -2.047874927520751953e-01 4.815964698791503906e-01 4.343405365943908691e-01 -1.072329729795455933e-01 -1.822697222232818604e-01 -3.050790429115295410e-01 5.964838862419128418e-01 -2.354872524738311768e-01 4.853836297988891602e-01 -4.178653359413146973e-01 2.424347400665283203e-02 -1.163072064518928528e-01 5.523635149002075195e-01 3.334454298019409180e-01 -8.907369971275329590e-01 -5.541510879993438721e-03 4.377542734146118164e-01 1.248686239123344421e-01 7.882015407085418701e-02 -3.274388313293457031e-01 1.332264244556427002e-01 1.698721647262573242e-01 9.224697351455688477e-01 5.002623796463012695e-01 6.483455747365951538e-02 -1.608497947454452515e-01 -3.492375910282135010e-01 -2.574913501739501953e-01 1.306614726781845093e-01 3.974659740924835205e-01
-5.577985644340515137e-01 -4.296473860740661621e-01 -1.055689081549644470e-01 -4.382009208202362061e-01 -7.260327041149139404e-02 1.962811797857284546e-01 4.044052064418792725e-01 -3.381843566894531250e-01 -2.722289562225341797e-01 5.287508368492126465e-01 -4.893327951431274414e-01 -1.383050084114074707e-01 -6.270927786827087402e-01 2.175337523221969604e-01 -2.267024219036102295e-01 -1.073395237326622009e-01 -6.450442224740982056e-02 3.194694221019744873e-02 -2.178327441215515137e-01 4.682110249996185303e-01 -7.695884257555007935e-02 -4.752807021141052246e-01 1.947440207004547119e-03 5.394508838653564453e-01 2.665665447711944580e-01 -5.932088494300842285e-01 1.720150187611579895e-02 -2.520483434200286865e-01 4.110404253005981445e-01 -9.089641273021697998e-03 5.850490927696228027e-01 1.213077679276466370e-01 4.645678773522377014e-02 -3.006795793771743774e-02 -1.761397123336791992e-01 5.917577743530273438e-01 3.919837772846221924e-01 -3.341260850429534912e-01 -6.009348109364509583e-02 -4.612927138805389404e-01 7.150484323501586914e-01 -3.522379994392395020e-01 7.491585016250610352e-01 -8.367379009723663330e-02 1.071743071079254150e-01 -1.908391714096069336e-01 4.514311552047729492e-01 5.313398838043212891e-01 -7.492675185203552246e-01 5.199797451496124268e-03 4.204673171043395996e-01 1.507610827684402466e-01 1.404490619897842407e-01 -2.409077882766723633e-01 -6.259990483522415161e-02 3.317719101905822754e-01 9.427136778831481934e-01 6.928271055221557617e-01 -1.989270150661468506e-01 -1.255073845386505127e-01 -3.005659580230712891e-01 -2.129718363285064697e-01 2.242762446403503418e-01 4.644879698753356934e-01
-7.192660570144653320e-01 -3.327252268791198730e-01 1.949301362037658691e-02 -3.664383888244628906e-01 1.772883832454681396e-01 1.641235202550888062e-01 3.200184106826782227e-01 -2.964869737625122070e-01 -2.616069912910461426e-01 7.150267958641052246e-01 -5.707570910453796387e-01 -8.956684172153472900e-02 -4.772069752216339111e-01 2.381383031606674194e-01 -2.357576489448547363e-01 -1.686771586537361145e-02 -8.689165860414505005e-02 -3.036098927259445190e-02 -3.063140213489532471e-01 4.104374051094055176e-01 2.912780642509460449e-02 -4.535860419273376465e-01 3.332675248384475708e-02 3.373565673828125000e-01 3.707638084888458252e-01 -6.021121144294738770e-01 1.180758625268936157e-01 -1.931737363338470459e-01 4.450461268424987793e-01 -2.389288693666458130e-02 5.954601764678955078e-01 5.815542489290237427e-02 1.665404438972473145e-01 -6.700105220079421997e-02 -2.348175644874572754e-01 5.013667941093444824e-01 3.837445974349975586e-01 -1.326665580272674561e-01 -2.341660559177398682e-01 -3.519731760025024414e-01 4.385719597339630127e-01 -1.556287407875061035e-01 7.454644441604614258e-01 -2.107477188110351562e-01 8.093266747891902924e-03 -1.472901403903961182e-01 5.079348683357238770e-01 2.614961862564086914e-01 -6.873275637626647949e-01 4.333727806806564331e-02 3.885053992271423340e-01 2.284134179353713989e-01 5.503844842314720154e-02 -3.077422976493835449e-01 -2.481501549482345581e-02 6.775465607643127441e-02 9.667885899543762207e-01 6.103066802024841309e-01 -8.200388401746749878e-04 -4.577827453613281250e-02 -2.749488651752471924e-01 -1.623645126819610596e-01 2.231831848621368408e-01 3.315212428569793701e-01
-3.231071829795837402e-01 -5.682367682456970215e-01 -2.817589342594146729e-01 -5.377589464187622070e-01 -1.816492825746536255e-01 5.869186669588088989e-02 6.326354146003723145e-01 -3.459035754203796387e-01 -2.419852465391159058e-01 3.791426718235015869e-01 -5.343976616859436035e-01 -1.308054924011230469e-01 -6.340329051017761230e-01 -9.868033230304718018e-03 -1.812043488025665283e-01 -1.913549453020095825e-01 -1.688484102487564087e-02 3.597065806388854980e-03 -9.939295798540115356e-02 5.086743235588073730e-01 -1.087654158473014832e-01 -3.871875703334808350e-01 9.989169985055923462e-02 6.572982072830200195e-01 3.051861226558685303e-01 -6.211150288581848145e-01 1.508254557847976685e-01 -5.903752446174621582e-01 5.412839055061340332e-01 -2.846509218215942383e-02 5.060651898384094238e-01 1.223043650388717651e-01 -4.248577728867530823e-02 -3.636851906776428223e-04 3.046616911888122559e-02 8.263093829154968262e-01 3.510412275791168213e-01 -3.442935347557067871e-01 1.257725059986114502e-03 -4.069113731384277344e-01 9.560382962226867676e-01 -5.331281423568725586e-01 5.606585741043090820e-01 -1.687582135200500488e-01 2.571698427200317383e-01 -2.256156504154205322e-01 5.163062214851379395e-01 6.575726270675659180e-01 -8.370630145072937012e-01 -1.056538373231887817e-01 3.879519104957580566e-01 -1.850724220275878906e-02 1.366814225912094116e-01 -1.471630781888961792e-01 -7.826662808656692505e-02 4.854553639888763428e-01 9.390756487846374512e-01 5.996456742286682129e-01 -2.640663087368011475e-01 -2.242469489574432373e-01 -2.693225443363189697e-01 -3.408030271530151367e-01 7.290759682655334473e-02 5.404852032661437988e-01
-1.012749671936035156e+00 -3.570370674133300781e-01 4.197700023651123047e-01 -2.864576876163482666e-01 4.713923931121826172e-01 1.961472332477569580e-01 -3.333228230476379395e-01 -2.993248105049133301e-01 -3.760770559310913086e-01 1.069167852401733398e+00 -6.599057912826538086e-01 2.547782957553863525e-01 8.166693150997161865e-04 6.179715394973754883e-01 5.300018936395645142e-02 2.567204460501670837e-02 2.021588385105133057e-01 1.739938408136367798e-01 -2.186574041843414307e-01 4.431857168674468994e-01 2.904925644397735596e-01 -4.433578550815582275e-01 -4.078055322170257568e-01 -1.524081230163574219e-01 4.582502841949462891e-01 -6.927335262298583984e-01 -1.165233552455902100e-01 1.437215209007263184e-01 3.590373694896697998e-02 6.051121652126312256e-02 4.292600154876708984e-01 2.578117847442626953e-01 6.729393005371093750e-01 1.513823866844177246e-01 -7.125490307807922363e-01 7.602296024560928345e-02 1.158573105931282043e-01 3.303050994873046875e-01 -3.173524439334869385e-01 -6.418347358703613281e-02 -3.387908935546875000e-01 3.102762103080749512e-01 7.807818651199340820e-01 -2.695543766021728516e-01 -2.550930678844451904e-01 3.339419364929199219e-01 6.490087509155273438e-01 -4.156929254531860352e-01 -3.029919266700744629e-01 3.707901537418365479e-01 3.929871320724487305e-01 5.657428503036499023e-01 -2.002849578857421875e-01 -1.126400530338287354e-01 -3.084462136030197144e-02 -2.598425745964050293e-01 5.692278742790222168e-01 6.416601538658142090e-01 5.682617425918579102e-01 2.635518014430999756e-01 -1.384146213531494141e-01 2.732377648353576660e-01 2.452556043863296509e-01 -4.870431497693061829e-02
-4.436560869216918945e-01 -3.939558863639831543e-01 -3.394383788108825684e-01 -4.530350863933563232e-01 -1.382109224796295166e-01 -4.597058147192001343e-02 6.819096207618713379e-01 -2.484670579433441162e-01 -4.357141852378845215e-01 4.151978790760040283e-01 -4.556950330734252930e-01 -1.350474953651428223e-01 -6.336290836334228516e-01 -3.735342621803283691e-02 -3.405442833900451660e-01 -1.362411230802536011e-01 -3.010255992412567139e-01 -3.075769729912281036e-02 -2.373250126838684082e-01 2.837173342704772949e-01 -1.308317780494689941e-01 -3.912613689899444580e-01 3.247177600860595703e-01 5.737507343292236328e-01 3.845948874950408936e-01 -5.653297901153564453e-01 1.652985066175460815e-01 -5.682535171508789062e-01 6.824620962142944336e-01 2.985968440771102905e-02 6.186003684997558594e-01 1.066015586256980896e-01 -9.712740033864974976e-02 -1.030023172497749329e-01 5.936900526285171509e-02 6.546592116355895996e-01 3.848033249378204346e-01 -2.877900004386901855e-01 -1.149896085262298584e-01 -4.144365787506103516e-01 9.022051095962524414e-01 -4.667283892631530762e-01 5.354543328285217285e-01 -3.042952120304107666e-01 2.185650467872619629e-01 -2.318416833877563477e-01 5.213222503662109375e-01 6.457313299179077148e-01 -9.333581328392028809e-01 -1.054656207561492920e-01 4.563366174697875977e-01 -8.494760841131210327e-02 2.121499776840209961e-01 -3.623282909393310547e-01 -1.244824379682540894e-02 3.583813905715942383e-01 1.081524968147277832e+00 6.225687265396118164e-01 -1.652755588293075562e-01 -2.257509231567382812e-01 -3.809913694858551025e-01 -5.178062319755554199e-01 2.327819354832172394e-03 5.988569855690002441e-01
-2.836474776268005371e-01 -3.376641869544982910e-01 -5.808394551277160645e-01 -3.973803818225860596e-01 -4.060211479663848877e-01 -5.601730942726135254e-02 6.608276367187500000e-01 -3.216776847839355469e-01 -3.118546307086944580e-01 4.932020604610443115e-01 -5.172929167747497559e-01 -3.902462124824523926e-02 -6.160742044448852539e-01 -2.468720078468322754e-03 -3.902264833450317383e-01 -1.001114249229431152e-01 -2.733583450317382812e-01 1.429958194494247437e-01 -2.393080294132232666e-01 2.536136806011199951e-01 -2.458269894123077393e-01 -1.499152630567550659e-01 1.230820193886756897e-01 7.383248805999755859e-01 4.955829083919525146e-01 -5.086958408355712891e-01 1.665950566530227661e-01 -7.170461416244506836e-01 5.264005064964294434e-01 1.535307168960571289e-01 4.449082016944885254e-01 2.155238538980484009e-01 -2.503567039966583252e-01 -5.183659493923187256e-03 1.560681313276290894e-02 6.550780534744262695e-01 2.392216920852661133e-01 -2.978404760360717773e-01 1.871572732925415039e-01 -5.519602298736572266e-01 1.113829851150512695e+00 -6.207312941551208496e-01 1.633531898260116577e-01 -2.340123057365417480e-01 3.557797670364379883e-01 -1.934121251106262207e-01 5.790101289749145508e-01 7.573925852775573730e-01 -9.274439215660095215e-01 -3.070129752159118652e-01 3.704324364662170410e-01 -1.469857543706893921e-01 2.446742951869964600e-01 -2.399774789810180664e-01 -8.617096394300460815e-02 5.041944980621337891e-01 8.708319664001464844e-01 6.579416394233703613e-01 -1.324853897094726562e-01 -3.078257143497467041e-01 -4.565635323524475098e-01 -6.349068284034729004e-01 -1.638288050889968872e-01 7.566598653793334961e-01
-3.645071089267730713e-01 -6.614359021186828613e-01 -2.672494947910308838e-01 -6.814659833908081055e-01 -2.487603425979614258e-01 1.036682501435279846e-01 4.259429275989532471e-01 -3.143431544303894043e-01 -1.403931975364685059e-01 4.239478111267089844e-01 -6.158859133720397949e-01 -2.869996428489685059e-02 -5.431182980537414551e-01 8.523991703987121582e-02 -5.570817738771438599e-02 -1.397667676210403442e-01 1.033937856554985046e-01 -6.885759532451629639e-03 -1.966807991266250610e-02 7.574939727783203125e-01 -6.040670722723007202e-02 -5.870270729064941406e-01 5.978941172361373901e-02 6.303037405014038086e-01 2.376990169286727905e-01 -6.367167234420776367e-01 2.196374349296092987e-03 -3.773122131824493408e-01 4.013841450214385986e-01 -1.884482204914093018e-01 3.505638241767883301e-01 1.368050426244735718e-01 7.142870128154754639e-02 9.499191492795944214e-02 -7.194512337446212769e-02 7.546364665031433105e-01 3.016864955425262451e-01 -3.400338292121887207e-01 -2.967484295368194580e-03 -3.843485116958618164e-01 7.428901791572570801e-01 -5.005575418472290039e-01 7.469817399978637695e-01 -9.828117489814758301e-02 1.492530852556228638e-01 -5.421642214059829712e-02 4.511935710906982422e-01 5.619126558303833008e-01 -8.841409683227539062e-01 7.850559800863265991e-02 4.140852093696594238e-01 1.713052541017532349e-01 1.983410120010375977e-01 1.147328391671180725e-01 -8.946087211370468140e-02 4.683304727077484131e-01 1.044303417205810547e+00 7.796466946601867676e-01 -2.478387802839279175e-01 -5.022860318422317505e-02 -2.401961833238601685e-01 -1.495718061923980713e-01 1.980647295713424683e-01 4.581460058689117432e-01
-3.581135571002960205e-01 -4.113858938217163086e-01 -3.260751068592071533e-01 -5.143052339553833008e-01 -1.135659068822860718e-01 1.727171428501605988e-02 5.784098505973815918e-01 -3.081172406673431396e-01 -3.541539907455444336e-01 3.312258720397949219e-01 -4.588887393474578857e-01 -1.565245091915130615e-01 -7.167077660560607910e-01 4.342967271804809570e-02 -2.577131092548370361e-01 -1.190419644117355347e-01 -1.837843209505081177e-01 1.300121098756790161e-02 -1.442294716835021973e-01 4.215072989463806152e-01 -1.835956573486328125e-01 -4.479852616786956787e-01 2.759005427360534668e-01 5.974436998367309570e-01 3.229072093963623047e-01 -6.121296882629394531e-01 6.615158915519714355e-02 -4.162841737270355225e-01 6.658252477645874023e-01 -5.325173586606979370e-02 5.831657648086547852e-01 1.683193147182464600e-01 -1.209504678845405579e-01 -6.982672959566116333e-02 5.624163895845413208e-02 6.705595850944519043e-01 3.900113105773925781e-01 -4.194602966308593750e-01 -8.153956383466720581e-02 -4.835482537746429443e-01 8.539365530014038086e-01 -4.318715333938598633e-01 6.008423566818237305e-01 -1.977313160896301270e-01 1.580601483583450317e-01 -2.072191238403320312e-01 4.771828651428222656e-01 5.944405794143676758e-01 -9.164552092552185059e-01 -2.955426275730133057e-02 4.375383853912353516e-01 -3.342916257679462433e-03 1.682473719120025635e-01 -3.208943009376525879e-01 3.583364188671112061e-02 4.134474396705627441e-01 1.078625798225402832e+00 6.944982409477233887e-01 -2.562004029750823975e-01 -1.068130135536193848e-01 -3.959746658802032471e-01 -5.070492029190063477e-01 5.859167128801345825e-02 5.171927213668823242e-01
-3.847277760505676270e-01 -4.479987323284149170e-01 -1.994495391845703125e-01 -4.621331393718719482e-01 -1.267477273941040039e-01 2.197401411831378937e-02 5.997126698493957520e-01 -2.280016839504241943e-01 -3.159959316253662109e-01 6.789679527282714844e-01 -6.688672304153442383e-01 -8.320006728172302246e-02 -4.605946838855743408e-01 -7.420194149017333984e-02 -3.543635904788970947e-01 -5.363123491406440735e-02 -1.653793156147003174e-01 6.933103501796722412e-02 -2.841935753822326660e-01 2.732798457145690918e-01 1.785407215356826782e-02 -2.412384748458862305e-01 6.899448484182357788e-02 4.628785252571105957e-01 3.117146193981170654e-01 -5.722975730895996094e-01 8.028863370418548584e-02 -5.706636905670166016e-01 5.071551799774169922e-01 6.138069927692413330e-02 4.530663490295410156e-01 7.127006351947784424e-02 -8.557610213756561279e-02 -1.754280179738998413e-02 -1.167769506573677063e-01 6.159095168113708496e-01 3.602420091629028320e-01 -6.451863050460815430e-02 -6.262210756540298462e-02 -3.455865681171417236e-01 7.095460295677185059e-01 -3.581681847572326660e-01 3.798856139183044434e-01 -4.290124177932739258e-01 1.458299160003662109e-01 -1.227175965905189514e-01 5.706450939178466797e-01 5.113127231597900391e-01 -1.000927209854125977e+00 -1.776045858860015869e-01 4.257548451423645020e-01 9.208913892507553101e-02 2.521857991814613342e-02 -2.267236113548278809e-01 1.160800233483314514e-01 2.595874667167663574e-01 8.607712388038635254e-01 5.095819830894470215e-01 -1.187120564281940460e-02 -2.241686284542083740e-01 -2.720702886581420898e-01 -3.117414116859436035e-01 1.325114220380783081e-01 5.921960473060607910e-01
-1.859506666660308838e-01 -4.133023321628570557e-01 -3.930615782737731934e-01 -3.563028872013092041e-01 -2.322848141193389893e-01 1.042243279516696930e-02 7.524678111076354980e-01 -2.859513759613037109e-01 -4.563615322113037109e-01 5.538259744644165039e-01 -5.503446459770202637e-01 -2.057151496410369873e-01 -6.022875308990478516e-01 -2.415293008089065552e-01 -5.067274570465087891e-01 -8.052786439657211304e-02 -3.780526816844940186e-01 1.671248376369476318e-01 -3.794146180152893066e-01 1.126651912927627563e-01 -1.197984293103218079e-01 -3.969676420092582703e-02 1.946977972984313965e-01 6.359083652496337891e-01 3.291431665420532227e-01 -5.225307941436767578e-01 7.788564264774322510e-02 -7.759824395179748535e-01 6.510326266288757324e-01 1.702224910259246826e-01 5.353348255157470703e-01 1.959458589553833008e-01 -3.456420004367828369e-01 3.936176747083663940e-02 6.499937176704406738e-02 5.774979591369628906e-01 3.093519806861877441e-01 -9.957625716924667358e-02 1.350820064544677734e-01 -4.702989161014556885e-01 8.969995379447937012e-01 -5.126011371612548828e-01 1.223776042461395264e-01 -4.432659745216369629e-01 2.229182869195938110e-01 -1.445196866989135742e-01 5.596843361854553223e-01 7.662348151206970215e-01 -1.053307652473449707e+00 -2.780553400516510010e-01 3.840507268905639648e-01 -3.818524070084095001e-03 1.116245388984680176e-01 -3.733935952186584473e-01 2.889106273651123047e-01 4.020874202251434326e-01 6.905827522277832031e-01 4.863742291927337646e-01 4.546303302049636841e-02 -3.285709023475646973e-01 -3.885785043239593506e-01 -5.892729759216308594e-01 -1.022151187062263489e-01 7.957929372787475586e-01
-1.009094715118408203e+00 -2.869376540184020996e-01 3.633868098258972168e-01 -2.407774627208709717e-01 4.128468036651611328e-01 3.092862069606781006e-01 -1.851296126842498779e-01 -3.239266276359558105e-01 -3.130542039871215820e-01 1.085696578025817871e+00 -6.211403012275695801e-01 1.762263476848602295e-01 -1.478072255849838257e-01 5.236961245536804199e-01 -1.873072236776351929e-02 9.008988738059997559e-02 1.409851312637329102e-01 1.175436228513717651e-01 -4.019944965839385986e-01 2.759785652160644531e-01 2.288649380207061768e-01 -3.677656650543212891e-01 -3.899122476577758789e-01 -5.616895854473114014e-02 4.048226177692413330e-01 -6.128765940666198730e-01 -7.526427507400512695e-02 6.691800802946090698e-02 1.131462305784225464e-01 8.207630366086959839e-02 5.245121717453002930e-01 2.610809206962585449e-01 5.635926127433776855e-01 7.551021873950958252e-03 -6.549916863441467285e-01 1.692985594272613525e-01 2.151464223861694336e-01 2.207600474357604980e-01 -3.416570425033569336e-01 -1.103818640112876892e-01 -2.173083573579788208e-01 2.701002359390258789e-01 7.667782306671142578e-01 -2.604221701622009277e-01 -1.375388056039810181e-01 1.919592022895812988e-01 6.523297429084777832e-01 -2.178681343793869019e-01 -3.770892024040222168e-01 2.825489044189453125e-01 2.934047579765319824e-01 4.877299070358276367e-01 -1.962395906448364258e-01 -1.942751705646514893e-01 3.198097646236419678e-02 -2.285313010215759277e-01 5.715856552124023438e-01 5.843770503997802734e-01 4.865555167198181152e-01 9.648387879133224487e-02 -1.590689569711685181e-01 2.063553482294082642e-01 3.326521515846252441e-01 2.242496237158775330e-02
-8.594008088111877441e-01 -3.119486570358276367e-01 3.915819227695465088e-01 -2.897115349769592285e-01 4.251829981803894043e-01 2.396564930677413940e-01 -8.668638020753860474e-02 -3.038673698902130127e-01 -4.387801289558410645e-01 1.070690870285034180e+00 -6.097371578216552734e-01 1.204452216625213623e-01 -9.639480710029602051e-02 4.128211736679077148e-01 -1.167058721184730530e-01 1.075015217065811157e-01 1.086721792817115784e-01 1.634455174207687378e-01 -3.851636350154876709e-01 2.757818102836608887e-01 2.843700945377349854e-01 -3.042371273040771484e-01 -3.219910562038421631e-01 -8.158788830041885376e-02 3.954066932201385498e-01 -6.035021543502807617e-01 -9.336705505847930908e-02 -9.439870715141296387e-02 2.106389403343200684e-01 1.199198886752128601e-01 5.758723616600036621e-01 3.020465373992919922e-01 4.508332312107086182e-01 5.030425637960433960e-02 -6.448225975036621094e-01 1.801102310419082642e-01 1.876559853553771973e-01 3.074286580085754395e-01 -2.840957939624786377e-01 -5.831226706504821777e-02 -1.919466257095336914e-01 2.629823386669158936e-01 6.143441200256347656e-01 -3.723694980144500732e-01 -2.261990457773208618e-01 1.829345822334289551e-01 6.480804085731506348e-01 -1.916545629501342773e-01 -4.417225122451782227e-01 2.384166717529296875e-01 3.741903901100158691e-01 4.866298139095306396e-01 -2.138732075691223145e-01 -2.984797060489654541e-01 1.130097880959510803e-01 -1.824812591075897217e-01 5.076422691345214844e-01 4.975499510765075684e-01 6.001257896423339844e-01 1.053575798869132996e-01 -1.862070411443710327e-01 1.685022264719009399e-01 2.613306343555450439e-01 1.179665923118591309e-01
-7.605431079864501953e-01 -3.067239224910736084e-01 5.373967289924621582e-01 -4.037861526012420654e-01 3.546355962753295898e-01 2.297979742288589478e-01 -2.444838285446166992e-01 -2.607302069664001465e-01 -4.726912975311279297e-01 1.195389389991760254e+00 -6.345435380935668945e-01 1.786783635616302490e-01 1.018772423267364502e-01 4.488944411277770996e-01 -2.262447029352188110e-02 1.626811325550079346e-01 2.132910341024398804e-01 2.691039144992828369e-01 -3.320724964141845703e-01 2.061227113008499146e-01 3.800884485244750977e-01 -1.828768253326416016e-01 -4.161210060119628906e-01 -1.653409600257873535e-01 3.509748280048370361e-01 -6.469718813896179199e-01 -2.180887013673782349e-01 -1.244824677705764771e-01 1.130071952939033508e-01 1.390871554613113403e-01 3.987150192260742188e-01 4.376985728740692139e-01 4.769175350666046143e-01 1.651842594146728516e-01 -8.043978214263916016e-01 9.841994196176528931e-02 1.255025267601013184e-01 4.787372946739196777e-01 -1.407368779182434082e-01 -1.222388073801994324e-02 -3.939723968505859375e-01 4.491125941276550293e-01 3.963205218315124512e-01 -4.739829301834106445e-01 -3.206726908683776855e-01 3.454321622848510742e-01 7.411506772041320801e-01 -3.609271049499511719e-01 -3.858398795127868652e-01 3.006767332553863525e-01 3.361654281616210938e-01 5.829967856407165527e-01 -3.228567242622375488e-01 -1.803366541862487793e-01 2.270869016647338867e-01 -1.909415721893310547e-01 2.943640947341918945e-01 4.352337419986724854e-01 8.335517048835754395e-01 1.524616181850433350e-01 -1.814109981060028076e-01 2.830764055252075195e-01 2.595735490322113037e-01 5.477319285273551941e-02
-8.723209500312805176e-01 -2.382164746522903442e-01 3.060190081596374512e-01 -3.130856454372406006e-01 4.215803146362304688e-01 3.165821135044097900e-01 7.998958230018615723e-03 -3.284603357315063477e-01 -4.329826235771179199e-01 9.877809882164001465e-01 -5.082152485847473145e-01 4.756031185388565063e-02 -2.894222140312194824e-01 4.311943054199218750e-01 -1.812349259853363037e-01 1.490471065044403076e-01 4.438289627432823181e-02 5.219305306673049927e-02 -4.251384735107421875e-01 1.769186109304428101e-01 1.884472370147705078e-01 -2.511986792087554932e-01 -2.226003408432006836e-01 2.328009158372879028e-02 3.895943164825439453e-01 -5.868358016014099121e-01 -5.029271170496940613e-02 -9.268641471862792969e-03 3.710989058017730713e-01 6.017491221427917480e-02 6.348019838333129883e-01 3.731772005558013916e-01 3.378935158252716064e-01 -1.079082265496253967e-01 -5.848851203918457031e-01 2.347119599580764771e-01 2.228783071041107178e-01 9.377436339855194092e-02 -2.869910895824432373e-01 -1.812061071395874023e-01 -1.141365244984626770e-01 2.744518220424652100e-01 5.805810093879699707e-01 -2.744719982147216797e-01 -1.797946691513061523e-01 1.061585769057273865e-01 6.512193679809570312e-01 -1.385927200317382812e-01 -4.439919590950012207e-01 1.936105191707611084e-01 3.475164771080017090e-01 3.719777762889862061e-01 -2.271388173103332520e-01 -4.417431056499481201e-01 1.424262821674346924e-01 -1.809127926826477051e-01 6.106487512588500977e-01 5.328526496887207031e-01 5.185370445251464844e-01 2.412197738885879517e-02 -2.998434901237487793e-01 -3.753001987934112549e-02 2.207296043634414673e-01 1.155250966548919678e-01
-5.597273707389831543e-01 -4.031904041767120361e-01 6.348053365945816040e-02 -4.160408675670623779e-01 1.561744511127471924e-01 1.796863973140716553e-01 3.427035212516784668e-01 -2.906512320041656494e-01 -2.948564887046813965e-01 6.536194086074829102e-01 -5.908003449440002441e-01 -1.169106364250183105e-01 -4.355628192424774170e-01 9.218655526638031006e-02 -2.775733172893524170e-01 -1.801664009690284729e-02 -6.389892846345901489e-02 1.198263019323348999e-01 -3.056509494781494141e-01 4.423299729824066162e-01 4.656887799501419067e-02 -3.934299349784851074e-01 7.880515605211257935e-02 2.926366627216339111e-01 2.937180995941162109e-01 -5.900246500968933105e-01 -9.379011578857898712e-03 -2.529355585575103760e-01 4.937716722488403320e-01 -4.044048488140106201e-03 5.424690842628479004e-01 9.231257438659667969e-02 5.122583732008934021e-02 1.658723503351211548e-02 -1.868080198764801025e-01 4.447104334831237793e-01 3.736618459224700928e-01 -5.574439838528633118e-02 -1.438726931810379028e-01 -3.242456912994384766e-01 3.930225074291229248e-01 -1.496717333793640137e-01 6.218717098236083984e-01 -2.515741288661956787e-01 -1.048064008355140686e-01 -3.993547707796096802e-02 4.404829740524291992e-01 2.867620587348937988e-01 -7.234432101249694824e-01 3.242775052785873413e-02 3.592686653137207031e-01 2.753208279609680176e-01 2.077205851674079895e-02 -3.378628194332122803e-01 1.998624503612518311e-01 1.439971625804901123e-01 8.825811743736267090e-01 6.172511577606201172e-01 8.404254168272018433e-02 5.698900669813156128e-02 -3.419293165206909180e-01 -1.826503276824951172e-01 1.856559365987777710e-01 4.275067746639251709e-01
-3.310122340917587280e-02 -3.767977654933929443e-01 7.870865613222122192e-02 -3.810161650180816650e-01 1.489012539386749268e-01 1.541391164064407349e-01 5.142245888710021973e-01 -1.068744286894798279e-01 -7.817395925521850586e-01 8.536659479141235352e-01 -5.100960135459899902e-01 -1.667530238628387451e-01 -3.139196932315826416e-01 -2.881494164466857910e-01 -4.948188960552215576e-01 -3.928469493985176086e-02 -3.805612772703170776e-02 2.030488550662994385e-01 -5.176204442977905273e-01 -1.855154782533645630e-01 1.155147477984428406e-01 2.430995404720306396e-01 1.046058461070060730e-01 1.452297568321228027e-01 1.626770049333572388e-01 -5.763309001922607422e-01 -2.193159610033035278e-01 -8.756253123283386230e-01 6.135590076446533203e-01 2.248918414115905762e-01 5.284904241561889648e-01 4.631900489330291748e-01 -3.653176128864288330e-01 -5.562605708837509155e-02 -3.072680234909057617e-01 2.883357405662536621e-01 3.218897581100463867e-01 3.678366839885711670e-01 -1.722429692745208740e-02 2.235568314790725708e-02 3.125236928462982178e-01 5.321995913982391357e-02 -2.481373101472854614e-01 -9.003230333328247070e-01 -1.075262874364852905e-01 2.317369580268859863e-01 6.255522370338439941e-01 2.252506464719772339e-01 -1.044993162155151367e+00 -1.130981370806694031e-02 3.255417346954345703e-01 1.238990351557731628e-01 -3.453633487224578857e-01 -3.842577040195465088e-01 8.424072265625000000e-01 1.399514377117156982e-01 2.928321063518524170e-01 7.305183261632919312e-02 9.111811518669128418e-01 -2.128826826810836792e-01 -3.014202713966369629e-01 -2.881557643413543701e-01 -2.207320556044578552e-02 4.585815370082855225e-01
-6.857898831367492676e-01 -4.164572358131408691e-01 3.121300637722015381e-01 -2.784436345100402832e-01 3.739284276962280273e-01 2.295078337192535400e-01 7.519090175628662109e-02 -2.540122866630554199e-01 -2.799651324748992920e-01 1.097735643386840820e+00 -7.236303687095642090e-01 6.297376751899719238e-02 -1.287366896867752075e-01 2.178820520639419556e-01 -1.703889667987823486e-01 2.517070993781089783e-02 1.753810942173004150e-01 1.778554022312164307e-01 -3.964145481586456299e-01 3.145198225975036621e-01 3.123117685317993164e-01 -2.061868309974670410e-01 -3.574599027633666992e-01 -1.846726983785629272e-02 4.209522604942321777e-01 -5.452073812484741211e-01 -2.605457231402397156e-02 -2.736628353595733643e-01 1.811119318008422852e-01 6.190068274736404419e-02 5.103084444999694824e-01 1.421025693416595459e-01 3.238027393817901611e-01 5.332752317190170288e-02 -5.597444176673889160e-01 3.386991918087005615e-01 2.370327413082122803e-01 3.290483355522155762e-01 -2.516739666461944580e-01 -3.917666524648666382e-02 -5.390977114439010620e-02 1.654169857501983643e-01 5.600386261940002441e-01 -4.475110173225402832e-01 -1.278746426105499268e-01 1.569418013095855713e-01 6.534135937690734863e-01 -6.860052049160003662e-02 -5.935258269309997559e-01 1.275561451911926270e-01 2.506398558616638184e-01 4.310615062713623047e-01 -2.286884486675262451e-01 -2.173603773117065430e-01 1.705899834632873535e-01 -1.109881997108459473e-01 4.845281541347503662e-01 3.600144088268280029e-01 5.074187517166137695e-01 -2.553126215934753418e-02 -1.037117168307304382e-01 1.695649772882461548e-01 2.585576176643371582e-01 1.725243628025054932e-01
-5.389396548271179199e-01 -4.135603904724121094e-01 1.347686350345611572e-01 -3.937575519084930420e-01 1.537039577960968018e-01 9.711463004350662231e-02 1.085454374551773071e-01 -2.220446467399597168e-01 -3.357157707214355469e-01 1.050122618675231934e+00 -8.181472420692443848e-01 1.151513829827308655e-01 -2.040157020092010498e-01 2.706910371780395508e-01 -1.244403496384620667e-01 4.981768317520618439e-03 1.277864426374435425e-01 2.170203328132629395e-01 -2.610234618186950684e-01 2.963682115077972412e-01 7.422327995300292969e-02 -1.678972542285919189e-01 -2.217991054058074951e-01 1.365736126899719238e-01 3.789131641387939453e-01 -7.897519469261169434e-01 -5.620795115828514099e-02 -2.859666049480438232e-01 1.848769485950469971e-01 1.119272261857986450e-01 3.178083896636962891e-01 2.157595753669738770e-01 1.675816625356674194e-01 2.119532227516174316e-01 -5.269257426261901855e-01 3.359638154506683350e-01 2.819635868072509766e-01 3.316326737403869629e-01 -3.701258450746536255e-02 -2.292814552783966064e-01 2.352391034364700317e-01 2.200579643249511719e-02 3.126018047332763672e-01 -4.600510597229003906e-01 -5.044451355934143066e-02 2.916988134384155273e-01 6.869232654571533203e-01 -3.791892156004905701e-02 -6.935796141624450684e-01 5.134262144565582275e-02 4.702716469764709473e-01 4.462020397186279297e-01 -2.276738882064819336e-01 -7.977554202079772949e-02 2.241078913211822510e-01 -3.228713572025299072e-02 6.370507478713989258e-01 5.592925548553466797e-01 5.005413293838500977e-01 5.258923023939132690e-02 -1.823247671127319336e-01 2.941919863224029541e-02 1.514629423618316650e-01 3.535858690738677979e-01
-8.370459675788879395e-01 -2.707082331180572510e-01 4.425406455993652344e-01 -2.279701530933380127e-01 4.105225205421447754e-01 3.597126305103302002e-01 -1.358527243137359619e-01 -2.867327928543090820e-01 -4.642132520675659180e-01 1.111892104148864746e+00 -5.684404373168945312e-01 1.180214732885360718e-01 -1.217496395111083984e-01 4.095364809036254883e-01 -4.838968068361282349e-02 1.341468989849090576e-01 1.529101580381393433e-01 2.086758017539978027e-01 -4.916770458221435547e-01 9.364282339811325073e-02 1.904904246330261230e-01 -1.228686720132827759e-01 -3.279012143611907959e-01 -1.531486511230468750e-01 3.418372273445129395e-01 -5.980270504951477051e-01 -1.652789115905761719e-01 -7.199544459581375122e-02 1.706252992153167725e-01 1.464733034372329712e-01 5.390403270721435547e-01 4.488999247550964355e-01 4.659672081470489502e-01 3.627009689807891846e-03 -6.659288406372070312e-01 1.154131367802619934e-01 1.708043217658996582e-01 2.970341742038726807e-01 -2.724981904029846191e-01 -4.606708139181137085e-02 -2.965723276138305664e-01 3.683024644851684570e-01 4.753242731094360352e-01 -4.410179853439331055e-01 -2.098331004381179810e-01 2.728176116943359375e-01 6.681139469146728516e-01 -2.664076685905456543e-01 -3.236918449401855469e-01 2.708350419998168945e-01 2.720836400985717773e-01 4.460321962833404541e-01 -3.194822967052459717e-01 -2.766058146953582764e-01 2.287359237670898438e-01 -2.095733582973480225e-01 4.208132326602935791e-01 4.519172012805938721e-01 7.477212548255920410e-01 1.582368463277816772e-02 -2.406517267227172852e-01 1.694603115320205688e-01 2.296783328056335449e-01 1.243518143892288208e-01
-7.415509819984436035e-01 -3.026058077812194824e-01 3.109700679779052734e-01 -3.273881971836090088e-01 3.517518043518066406e-01 1.849285811185836792e-01 4.933558404445648193e-03 -2.551327347755432129e-01 -4.807885885238647461e-01 1.057194590568542480e+00 -6.038124561309814453e-01 1.415939480066299438e-01 -1.362507641315460205e-01 2.946732044219970703e-01 -1.056976988911628723e-01 1.395258307456970215e-01 5.668576806783676147e-02 1.932977586984634399e-01 -4.885920286178588867e-01 1.939953714609146118e-01 1.785422861576080322e-01 -2.070909887552261353e-01 -2.016420066356658936e-01 -9.595743566751480103e-02 3.661370873451232910e-01 -5.954663753509521484e-01 -1.131928712129592896e-01 -2.163663208484649658e-01 3.337466716766357422e-01 1.198527738451957703e-01 5.090824365615844727e-01 3.655864894390106201e-01 3.947266340255737305e-01 1.694304496049880981e-02 -5.701248049736022949e-01 1.499058902263641357e-01 2.197188735008239746e-01 3.244488835334777832e-01 -3.164705932140350342e-01 -6.262110918760299683e-02 -1.898443698883056641e-01 2.457822859287261963e-01 4.926645755767822266e-01 -5.152241587638854980e-01 -2.104024589061737061e-01 2.353003323078155518e-01 6.494213342666625977e-01 -9.205909073352813721e-02 -5.272555947303771973e-01 2.623072266578674316e-01 3.148553371429443359e-01 4.040756523609161377e-01 -2.544923126697540283e-01 -2.599550783634185791e-01 2.208682894706726074e-01 -1.218394041061401367e-01 5.479519367218017578e-01 4.714228510856628418e-01 6.774300932884216309e-01 3.935077041387557983e-02 -2.508402764797210693e-01 4.940830171108245850e-02 2.024657726287841797e-01 1.994044184684753418e-01
-4.893204867839813232e-01 -2.999429702758789062e-01 2.964008748531341553e-01 -2.736466526985168457e-01 3.339009582996368408e-01 2.838838994503021240e-01 1.332096159458160400e-01 -1.959396898746490479e-01 -7.304745912551879883e-01 1.006836056709289551e+00 -4.505890309810638428e-01 -3.205226361751556396e-02 -2.976477146148681641e-01 1.173066645860671997e-01 -2.222946584224700928e-01 1.712728887796401978e-01 7.717993110418319702e-02 1.924211382865905762e-01 -5.896672010421752930e-01 -1.165250018239021301e-01 1.457085907459259033e-01 9.799003601074218750e-02 -7.914317399263381958e-02 -7.796611636877059937e-02 1.956143528223037720e-01 -5.639808177947998047e-01 -2.308522462844848633e-01 -4.086613059043884277e-01 4.823236465454101562e-01 2.043109834194183350e-01 6.315476298332214355e-01 6.351249217987060547e-01 8.228940516710281372e-02 -7.029352337121963501e-02 -4.894804954528808594e-01 7.834844291210174561e-02 1.713802516460418701e-01 3.841376602649688721e-01 -2.123199999332427979e-01 1.718178391456604004e-03 -1.761598438024520874e-01 2.996305525302886963e-01 1.216176897287368774e-01 -7.087685465812683105e-01 -2.389240413904190063e-01 3.305749297142028809e-01 6.898442506790161133e-01 -6.432756036520004272e-02 -6.060912013053894043e-01 2.205779850482940674e-01 3.143375515937805176e-01 3.558784127235412598e-01 -3.687162697315216064e-01 -3.660902380943298340e-01 5.848568081855773926e-01 -1.724207401275634766e-01 3.235618174076080322e-01 3.250741958618164062e-01 1.023516058921813965e+00 2.390182763338088989e-02 -2.616810798645019531e-01 -1.635011732578277588e-01 8.845510333776473999e-02 2.726835310459136963e-01
-7.054277062416076660e-01 -4.930745065212249756e-01 3.759040832519531250e-01 -4.709751307964324951e-01 2.611334919929504395e-01 2.113164216279983521e-01 -6.406930834054946899e-02 -2.744190692901611328e-01 -2.754918336868286133e-01 8.654317259788513184e-01 -6.403443217277526855e-01 9.362827986478805542e-02 -1.485691964626312256e-01 4.263816475868225098e-01 -2.331844717264175415e-02 -1.091435924172401428e-01 2.911638617515563965e-01 1.127634495496749878e-01 -2.673605978488922119e-01 6.285695433616638184e-01 2.482803165912628174e-01 -5.562453866004943848e-01 -2.711453437805175781e-01 1.115864738821983337e-01 2.529090642929077148e-01 -7.619964480400085449e-01 -1.509886384010314941e-01 -7.796858251094818115e-02 1.866974532604217529e-01 -5.000088363885879517e-02 4.144786596298217773e-01 1.712299585342407227e-01 4.535471200942993164e-01 1.948485374450683594e-01 -5.978798866271972656e-01 2.430768013000488281e-01 2.289918065071105957e-01 1.463129967451095581e-01 -2.166132628917694092e-01 -1.300500035285949707e-01 2.724656835198402405e-02 8.049318939447402954e-02 8.180491924285888672e-01 -2.545663416385650635e-01 -1.226713806390762329e-01 1.781396865844726562e-01 5.112460255622863770e-01 -4.142537713050842285e-03 -5.603613853454589844e-01 3.950115144252777100e-01 3.449857234954833984e-01 5.094591975212097168e-01 -5.210809782147407532e-02 1.162577942013740540e-01 4.956202954053878784e-02 1.832281798124313354e-02 7.510885596275329590e-01 6.299647092819213867e-01 3.477433621883392334e-01 8.959009498357772827e-02 -1.848172843456268311e-01 3.558977842330932617e-01 3.266016542911529541e-01 1.191960424184799194e-01
-2.805845439434051514e-01 -4.556374549865722656e-01 -3.679281175136566162e-01 -3.763450682163238525e-01 -1.597639620304107666e-01 -1.350014470517635345e-02 7.349063158035278320e-01 -2.820245921611785889e-01 -3.264411091804504395e-01 5.052098035812377930e-01 -5.709704160690307617e-01 -1.630838215351104736e-01 -6.398673057556152344e-01 -1.495058238506317139e-01 -3.748081326484680176e-01 -1.017113402485847473e-01 -2.417582273483276367e-01 1.337979882955551147e-01 -2.872416079044342041e-01 2.422514408826828003e-01 -1.333707869052886963e-01 -2.326284646987915039e-01 1.642805337905883789e-01 5.578509569168090820e-01 3.467874228954315186e-01 -5.149364471435546875e-01 1.493999063968658447e-01 -6.728335618972778320e-01 5.991102457046508789e-01 1.070261076092720032e-01 5.904606580734252930e-01 6.290154159069061279e-02 -2.177243232727050781e-01 -8.335604518651962280e-02 3.832349926233291626e-02 6.895664334297180176e-01 3.720183670520782471e-01 -2.650607228279113770e-01 -4.612580686807632446e-02 -4.312698245048522949e-01 9.593425989151000977e-01 -4.837778508663177490e-01 3.746805191040039062e-01 -3.754869997501373291e-01 2.635330259799957275e-01 -2.420369684696197510e-01 5.272037982940673828e-01 6.832509040832519531e-01 -9.855086207389831543e-01 -2.500438690185546875e-01 3.884083032608032227e-01 -5.305157974362373352e-02 9.458202123641967773e-02 -3.495130538940429688e-01 5.661212652921676636e-02 4.235749840736389160e-01 8.987179398536682129e-01 4.948218762874603271e-01 -1.841806620359420776e-01 -3.371299803256988525e-01 -3.381283581256866455e-01 -4.871222376823425293e-01 3.414084762334823608e-02 6.982329487800598145e-01
-7.701290249824523926e-01 -3.023409843444824219e-01 3.694728016853332520e-01 -3.701998293399810791e-01 3.673128485679626465e-01 2.461984753608703613e-01 -9.985471516847610474e-02 -3.167163431644439697e-01 -5.081385374069213867e-01 1.025969147682189941e+00 -5.985635519027709961e-01 1.405035257339477539e-01 -1.316254287958145142e-01 3.846619129180908203e-01 -5.689803510904312134e-02 1.046327799558639526e-01 1.806756705045700073e-01 1.735384166240692139e-01 -4.436275959014892578e-01 2.487587630748748779e-01 1.791572570800781250e-01 -2.872004210948944092e-01 -2.258745729923248291e-01 -2.293760329484939575e-02 3.023845255374908447e-01 -6.915230154991149902e-01 -1.803163886070251465e-01 -1.447953879833221436e-01 2.910317778587341309e-01 8.659739047288894653e-02 4.884636402130126953e-01 4.117054641246795654e-01 4.290441274642944336e-01 3.394303470849990845e-02 -6.041455864906311035e-01 1.518509089946746826e-01 1.872386336326599121e-01 2.719824016094207764e-01 -3.093880116939544678e-01 -6.349600106477737427e-02 -1.860716044902801514e-01 2.690296769142150879e-01 5.032612681388854980e-01 -4.403780698776245117e-01 -1.937777698040008545e-01 2.824103236198425293e-01 6.709949970245361328e-01 -2.159106284379959106e-01 -5.298302769660949707e-01 3.316698968410491943e-01 3.830550312995910645e-01 4.719198346138000488e-01 -2.506474554538726807e-01 -1.835144609212875366e-01 2.576713562011718750e-01 -1.176724731922149658e-01 5.666847825050354004e-01 5.389319062232971191e-01 6.808970570564270020e-01 1.407209336757659912e-01 -2.606362104415893555e-01 9.158611297607421875e-02 1.999097168445587158e-01 1.019774824380874634e-01
-6.657192111015319824e-01 -2.893101871013641357e-01 3.793160617351531982e-02 -3.037580251693725586e-01 1.848219633102416992e-01 2.077806740999221802e-01 3.887713253498077393e-01 -3.027137815952301025e-01 -3.529303073883056641e-01 8.081486225128173828e-01 -5.590742230415344238e-01 -1.247353255748748779e-01 -4.724660217761993408e-01 1.205972582101821899e-01 -3.310022056102752686e-01 1.018134206533432007e-01 -1.010715141892433167e-01 4.312143474817276001e-02 -4.177150726318359375e-01 1.887441277503967285e-01 7.274786382913589478e-02 -2.803034782409667969e-01 -3.542624413967132568e-03 2.764742672443389893e-01 3.938726484775543213e-01 -5.269926190376281738e-01 1.003379225730895996e-01 -3.526938855648040771e-01 4.744299352169036865e-01 4.388375580310821533e-02 6.811496019363403320e-01 1.451769471168518066e-01 7.987197488546371460e-02 -1.733165979385375977e-01 -2.710381150245666504e-01 4.874925017356872559e-01 3.175676465034484863e-01 -6.718615442514419556e-02 -2.458299100399017334e-01 -2.456151247024536133e-01 3.427730202674865723e-01 -7.906101644039154053e-02 5.591709017753601074e-01 -3.753969371318817139e-01 1.016988418996334076e-03 -1.589206457138061523e-01 6.190459728240966797e-01 2.308223396539688110e-01 -7.318124175071716309e-01 -8.749876171350479126e-03 3.877406716346740723e-01 2.101888209581375122e-01 -4.018260166049003601e-02 -4.440663456916809082e-01 1.013698950409889221e-01 -1.226514577865600586e-04 8.076820969581604004e-01 4.558239281177520752e-01 1.756571382284164429e-01 -1.635495275259017944e-01 -2.842936813831329346e-01 -2.567088007926940918e-01 2.163421958684921265e-01 3.778207600116729736e-01
-7.236626744270324707e-01 -4.632930159568786621e-01 4.926846623420715332e-01 -5.123993158340454102e-01 3.034786283969879150e-01 2.384094297885894775e-01 -3.932984471321105957e-01 -3.302402496337890625e-01 -1.506183743476867676e-01 1.028293967247009277e+00 -6.917794942855834961e-01 2.198894172906875610e-01 1.192585378885269165e-01 6.082400083541870117e-01 1.414889544248580933e-01 7.231207564473152161e-04 4.338217377662658691e-01 2.005229890346527100e-01 -1.800331771373748779e-01 6.843985915184020996e-01 3.552007973194122314e-01 -4.995215535163879395e-01 -5.435829162597656250e-01 -5.240010470151901245e-02 2.555636763572692871e-01 -7.581692934036254883e-01 -2.676447927951812744e-01 1.391698420047760010e-01 -9.300500899553298950e-02 -5.913703143596649170e-02 1.965994834899902344e-01 2.253726124763488770e-01 6.258887648582458496e-01 3.255392909049987793e-01 -8.612951636314392090e-01 1.528778076171875000e-01 1.467238366603851318e-01 2.399113327264785767e-01 -1.512967348098754883e-01 -5.933138728141784668e-02 -2.569645643234252930e-01 2.620026469230651855e-01 7.595475912094116211e-01 -1.912013292312622070e-01 -2.852136194705963135e-01 3.492372632026672363e-01 5.055283904075622559e-01 -2.738676071166992188e-01 -4.081000089645385742e-01 4.423131048679351807e-01 2.968047857284545898e-01 6.811607480049133301e-01 -1.355018913745880127e-01 2.153866291046142578e-01 -1.238460093736648560e-02 5.722641944885253906e-04 5.177759528160095215e-01 6.355834603309631348e-01 4.316566288471221924e-01 1.962246894836425781e-01 -1.404837816953659058e-01 6.017236709594726562e-01 3.992439210414886475e-01 -4.173206165432929993e-02
-2.762860059738159180e-01 -5.089824199676513672e-01 -3.625338077545166016e-01 -4.018301665782928467e-01 -2.680664062500000000e-01 3.089087642729282379e-02 7.234238386154174805e-01 -2.755914628505706787e-01 -2.316967397928237915e-01 5.681037902832031250e-01 -6.452224254608154297e-01 -1.329977810382843018e-01 -5.902304053306579590e-01 -1.357713639736175537e-01 -3.651741445064544678e-01 -9.993137419223785400e-02 -1.562101691961288452e-01 1.091211736202239990e-01 -2.297261953353881836e-01 3.216549754142761230e-01 -5.824316293001174927e-02 -2.315386533737182617e-01 4.565995186567306519e-02 6.311800479888916016e-01 3.641653060913085938e-01 -4.914559721946716309e-01 1.437012255191802979e-01 -6.948910355567932129e-01 4.807159900665283203e-01 5.572014302015304565e-02 5.543286800384521484e-01 6.871353834867477417e-02 -1.967783570289611816e-01 -2.261988073587417603e-02 -9.336143732070922852e-03 7.699147462844848633e-01 2.916146218776702881e-01 -2.282435297966003418e-01 4.278977960348129272e-02 -4.206044077873229980e-01 9.596881270408630371e-01 -5.523467659950256348e-01 3.827467560768127441e-01 -3.281333446502685547e-01 3.338296711444854736e-01 -2.426705956459045410e-01 5.793421864509582520e-01 7.199337482452392578e-01 -9.981238245964050293e-01 -2.682483196258544922e-01 3.964594602584838867e-01 -3.083684947341680527e-03 1.330073475837707520e-01 -2.140045762062072754e-01 -1.413933187723159790e-02 4.057783782482147217e-01 8.377120494842529297e-01 5.065748691558837891e-01 -2.142427116632461548e-01 -3.977779150009155273e-01 -2.531408071517944336e-01 -3.868479728698730469e-01 6.048115342855453491e-02 7.194691300392150879e-01
-7.572847008705139160e-01 -4.083561897277832031e-01 2.237990200519561768e-01 -3.648322224617004395e-01 2.494569122791290283e-01 2.794581949710845947e-01 1.515432298183441162e-01 -2.674826383590698242e-01 -3.825044929981231689e-01 6.634995341300964355e-01 -4.667036831378936768e-01 -9.893602132797241211e-02 -4.327967762947082520e-01 3.205007314682006836e-01 -2.268894016742706299e-01 -7.414098083972930908e-02 1.113700121641159058e-02 1.360271871089935303e-02 -2.661880850791931152e-01 4.929520487785339355e-01 1.368619501590728760e-01 -5.073570013046264648e-01 -7.330151647329330444e-02 2.102493345737457275e-01 3.032143414020538330e-01 -5.956718921661376953e-01 -6.972213089466094971e-02 -7.347084581851959229e-03 3.827916383743286133e-01 -5.082571506500244141e-02 6.473639011383056641e-01 1.889934837818145752e-01 3.026880323886871338e-01 -1.462686806917190552e-02 -3.009266555309295654e-01 3.222256898880004883e-01 2.292695343494415283e-01 -1.026652827858924866e-01 -2.089574635028839111e-01 -2.571395635604858398e-01 1.533804386854171753e-01 -1.613035798072814941e-03 8.962602019309997559e-01 -1.318329274654388428e-01 -1.816208660602569580e-01 -6.946835666894912720e-02 4.795539975166320801e-01 1.567088067531585693e-01 -5.535966157913208008e-01 2.164371311664581299e-01 4.261402487754821777e-01 3.445988893508911133e-01 5.380116775631904602e-02 -3.120175898075103760e-01 2.893749624490737915e-02 1.280879974365234375e-02 8.825485110282897949e-01 6.630061268806457520e-01 1.487720310688018799e-01 7.347539812326431274e-02 -3.074378669261932373e-01 -9.294323623180389404e-03 2.387142181396484375e-01 2.446697205305099487e-01
-4.616070985794067383e-01 -2.272778451442718506e-01 3.638656735420227051e-01 -1.852975338697433472e-01 3.827929198741912842e-01 3.255193531513214111e-01 -2.740678936243057251e-02 -8.143881708383560181e-02 -5.973178148269653320e-01 1.227589607238769531e+00 -4.772216975688934326e-01 8.574746549129486084e-03 -1.405533105134963989e-01 1.966185718774795532e-01 -1.869028806686401367e-01 2.614271640777587891e-01 1.386242508888244629e-01 2.846385538578033447e-01 -4.827299714088439941e-01 -2.241563946008682251e-01 4.001079201698303223e-01 3.188432157039642334e-01 -3.344358503818511963e-01 -3.105361461639404297e-01 3.710313737392425537e-01 -3.093933761119842529e-01 -2.376997172832489014e-01 -3.053060770034790039e-01 1.933747828006744385e-01 1.521956324577331543e-01 6.127775311470031738e-01 7.456727027893066406e-01 1.906639635562896729e-01 -3.478579968214035034e-02 -6.412559747695922852e-01 1.000569164752960205e-01 1.051358059048652649e-01 5.502070784568786621e-01 -8.284550160169601440e-02 6.701675802469253540e-02 -5.181275010108947754e-01 5.208135843276977539e-01 -1.291409134864807129e-03 -7.267800569534301758e-01 -4.170196950435638428e-01 4.093500375747680664e-01 7.306785583496093750e-01 -2.311766743659973145e-01 -3.206512928009033203e-01 1.746752262115478516e-01 1.214476972818374634e-01 4.707676172256469727e-01 -4.195560812950134277e-01 -4.647210240364074707e-01 5.321207642555236816e-01 -3.095924258232116699e-01 -5.488235875964164734e-02 2.284587323665618896e-01 1.186375975608825684e+00 4.185434430837631226e-02 -1.171575412154197693e-01 -7.042646408081054688e-02 1.429534405469894409e-01 2.166591137647628784e-01
-3.521666824817657471e-01 -2.871957719326019287e-01 -4.665074646472930908e-01 -2.458741366863250732e-01 -1.702566742897033691e-01 7.953859865665435791e-02 7.781689167022705078e-01 -3.164236545562744141e-01 -2.721484899520874023e-01 5.443210601806640625e-01 -4.845540523529052734e-01 -2.137278020381927490e-01 -6.495305299758911133e-01 -1.894502192735671997e-01 -5.022386908531188965e-01 -8.100920170545578003e-02 -4.359183609485626221e-01 8.724178373813629150e-02 -3.508964478969573975e-01 4.028769209980964661e-02 -1.905781328678131104e-01 -1.053162291646003723e-02 1.729300022125244141e-01 6.004514098167419434e-01 5.333025455474853516e-01 -3.698200583457946777e-01 2.838660180568695068e-01 -6.662685871124267578e-01 6.161099076271057129e-01 1.366198062896728516e-01 6.301255226135253906e-01 8.973789960145950317e-02 -3.204472362995147705e-01 -1.784841418266296387e-01 1.029406785964965820e-01 7.459346652030944824e-01 2.969248294830322266e-01 -2.750525772571563721e-01 6.130813807249069214e-02 -4.514970779418945312e-01 9.597225189208984375e-01 -4.624745845794677734e-01 2.355923503637313843e-01 -3.175632953643798828e-01 2.773528993129730225e-01 -2.908161878585815430e-01 5.494741201400756836e-01 7.264718413352966309e-01 -8.870431780815124512e-01 -3.771706223487854004e-01 2.651391625404357910e-01 -1.807806193828582764e-01 1.533602625131607056e-01 -5.765697956085205078e-01 4.821937531232833862e-02 3.921796083450317383e-01 7.974101901054382324e-01 4.466180205345153809e-01 -1.548806428909301758e-01 -4.391774237155914307e-01 -4.143161475658416748e-01 -7.173684835433959961e-01 -1.213243454694747925e-01 7.245872020721435547e-01
-3.190542161464691162e-01 -3.602707386016845703e-01 -5.452156066894531250e-01 -2.626116871833801270e-01 -3.452792167663574219e-01 5.425430834293365479e-02 7.616411447525024414e-01 -3.194677531719207764e-01 -3.153529763221740723e-01 5.171238183975219727e-01 -4.848548471927642822e-01 -1.678259074687957764e-01 -6.604778766632080078e-01 -1.333895176649093628e-01 -4.798978865146636963e-01 -1.065226793289184570e-01 -3.908438086509704590e-01 1.053972989320755005e-01 -3.463702499866485596e-01 1.297968327999114990e-01 -2.262403964996337891e-01 -4.405787959694862366e-02 1.430276930332183838e-01 7.080894708633422852e-01 5.063152313232421875e-01 -3.360621929168701172e-01 2.246529012918472290e-01 -7.419700026512145996e-01 5.454276204109191895e-01 1.572855412960052490e-01 5.915490388870239258e-01 1.511965095996856689e-01 -3.112929165363311768e-01 -2.339308708906173706e-02 8.564047515392303467e-02 7.453082799911499023e-01 2.305547893047332764e-01 -3.100154101848602295e-01 1.445484459400177002e-01 -5.257240533828735352e-01 1.049354672431945801e+00 -5.918484330177307129e-01 2.559459209442138672e-01 -2.656652927398681641e-01 4.101767838001251221e-01 -2.467791438102722168e-01 5.883093476295471191e-01 7.953535914421081543e-01 -9.426390528678894043e-01 -3.786732554435729980e-01 2.664421796798706055e-01 -1.886858493089675903e-01 2.209882736206054688e-01 -4.023975729942321777e-01 -6.476483494043350220e-02 4.570379853248596191e-01 7.759120464324951172e-01 4.956296384334564209e-01 -1.485342234373092651e-01 -4.665443897247314453e-01 -3.943089246749877930e-01 -6.355963945388793945e-01 -1.827935129404067993e-01 8.087655305862426758e-01
-7.032966017723083496e-01 -2.737877368927001953e-01 2.530809938907623291e-01 -3.263375461101531982e-01 2.855637967586517334e-01 1.471111029386520386e-01 4.473254084587097168e-02 -2.457118034362792969e-01 -5.717581510543823242e-01 1.096365928649902344e+00 -6.245800256729125977e-01 1.037783324718475342e-01 -1.947194635868072510e-01 3.264855742454528809e-01 -1.437443792819976807e-01 1.311569213867187500e-01 8.775169402360916138e-02 1.869326978921890259e-01 -4.566886425018310547e-01 3.177982196211814880e-02 1.156635060906410217e-01 -1.122732907533645630e-01 -1.694997251033782959e-01 -7.838010787963867188e-05 3.491651415824890137e-01 -7.076429128646850586e-01 -1.065984368324279785e-01 -3.133787512779235840e-01 3.233143389225006104e-01 2.032941579818725586e-01 4.864703416824340820e-01 3.971001505851745605e-01 2.703679800033569336e-01 1.798937469720840454e-02 -5.984086394309997559e-01 1.736532449722290039e-01 2.431870996952056885e-01 3.532992899417877197e-01 -2.229427993297576904e-01 -9.957646578550338745e-02 1.607788354158401489e-02 2.172740399837493896e-01 2.904180884361267090e-01 -5.825830101966857910e-01 -1.100011318922042847e-01 2.895317673683166504e-01 7.674406766891479492e-01 -1.385925114154815674e-01 -6.145452857017517090e-01 1.603349149227142334e-01 4.373493790626525879e-01 3.723195493221282959e-01 -2.972057759761810303e-01 -2.575933635234832764e-01 2.976537644863128662e-01 -1.538310348987579346e-01 5.406298637390136719e-01 4.679618179798126221e-01 7.383849024772644043e-01 4.130912572145462036e-02 -2.447243332862854004e-01 -7.527548074722290039e-02 1.369696706533432007e-01 2.346720397472381592e-01
3.241766244173049927e-02 -2.792853116989135742e-01 2.284553349018096924e-01 -2.371436506509780884e-01 3.359319567680358887e-01 3.160274028778076172e-01 3.576944768428802490e-01 -1.055173575878143311e-03 -8.187631964683532715e-01 9.244427680969238281e-01 -4.461892247200012207e-01 -2.178642153739929199e-01 -1.948972195386886597e-01 -2.915923595428466797e-01 -4.408037364482879639e-01 -8.682508952915668488e-03 -2.745776250958442688e-02 2.493395507335662842e-01 -4.968077540397644043e-01 -3.742127120494842529e-01 3.164217472076416016e-01 5.857464671134948730e-01 -1.458972692489624023e-03 -1.348882615566253662e-01 1.370540410280227661e-01 -3.778710663318634033e-01 -3.116601109504699707e-01 -7.634729146957397461e-01 4.980151653289794922e-01 2.007838487625122070e-01 5.314177274703979492e-01 7.201839685440063477e-01 -3.050112426280975342e-01 -2.280043810606002808e-02 -3.208298385143280029e-01 1.145329996943473816e-01 2.535269260406494141e-01 5.839177370071411133e-01 6.286340206861495972e-02 8.388724923133850098e-02 -1.543640196323394775e-01 3.368219435214996338e-01 -5.073507428169250488e-01 -1.027028441429138184e+00 -3.682506978511810303e-01 3.903633654117584229e-01 5.610556006431579590e-01 -1.595855504274368286e-02 -7.278847098350524902e-01 7.419988512992858887e-03 9.676666557788848877e-02 1.846363097429275513e-01 -5.826655030250549316e-01 -4.718604087829589844e-01 1.040646672248840332e+00 -1.607447862625122070e-02 -1.811692118644714355e-01 -5.400229245424270630e-02 1.262019753456115723e+00 -7.784192264080047607e-02 -2.351765036582946777e-01 -2.717249691486358643e-01 -5.602543056011199951e-02 3.368090987205505371e-01
-8.383368253707885742e-01 -3.987275063991546631e-01 3.882222771644592285e-01 -4.179975092411041260e-01 2.691614329814910889e-01 2.654322683811187744e-01 -2.016773819923400879e-01 -2.786655426025390625e-01 -2.990749180316925049e-01 9.797982573509216309e-01 -6.210088133811950684e-01 1.030614152550697327e-01 -1.492068618535995483e-01 5.538693666458129883e-01 6.181713193655014038e-02 -1.220258884131908417e-03 2.452604621648788452e-01 1.556166112422943115e-01 -2.699812948703765869e-01 4.542638063430786133e-01 2.244423627853393555e-01 -4.684830605983734131e-01 -3.236834108829498291e-01 4.330651462078094482e-02 2.902733683586120605e-01 -7.040999531745910645e-01 -1.724394410848617554e-01 5.733507126569747925e-02 7.825834304094314575e-02 -8.099079132080078125e-04 4.206433892250061035e-01 2.465731501579284668e-01 5.370383858680725098e-01 1.342023909091949463e-01 -6.681519150733947754e-01 1.958076059818267822e-01 2.646957039833068848e-01 1.212551444768905640e-01 -1.952891051769256592e-01 -1.946820616722106934e-01 -6.461581587791442871e-02 2.249124646186828613e-01 8.046346902847290039e-01 -2.443663477897644043e-01 -1.853233128786087036e-01 2.047276198863983154e-01 6.187270879745483398e-01 -1.421451568603515625e-01 -4.411736726760864258e-01 3.395603895187377930e-01 3.338987231254577637e-01 5.263072848320007324e-01 -1.126447319984436035e-01 -1.602677628397941589e-02 5.827464163303375244e-03 -4.724331200122833252e-02 6.732088327407836914e-01 6.490395665168762207e-01 3.618707358837127686e-01 1.234474107623100281e-01 -2.039401680231094360e-01 3.297662734985351562e-01 3.675206303596496582e-01 5.589826777577400208e-02
-2.513511180877685547e-01 -4.533592462539672852e-01 -4.070519804954528809e-01 -3.947933316230773926e-01 -3.008373081684112549e-01 6.950369477272033691e-02 6.647217273712158203e-01 -3.316916823387145996e-01 -2.858335971832275391e-01 4.087527990341186523e-01 -4.961431920528411865e-01 -1.342893540859222412e-01 -6.754189729690551758e-01 -4.125468432903289795e-02 -3.425297141075134277e-01 -2.075966149568557739e-01 -1.914381831884384155e-01 1.275911033153533936e-01 -1.616058349609375000e-01 2.881247699260711670e-01 -2.339437603950500488e-01 -1.954762637615203857e-01 4.658918827772140503e-02 6.547176241874694824e-01 3.635192811489105225e-01 -5.829106569290161133e-01 8.370991051197052002e-02 -5.947571992874145508e-01 4.920174777507781982e-01 1.163826212286949158e-01 5.221240520477294922e-01 1.643375903367996216e-01 -2.727002799510955811e-01 -2.793214470148086548e-02 -5.072042346000671387e-03 7.355266809463500977e-01 2.878518104553222656e-01 -3.531923294067382812e-01 1.370360255241394043e-01 -4.583154618740081787e-01 1.071381211280822754e+00 -5.761814117431640625e-01 3.461000323295593262e-01 -2.294921278953552246e-01 3.265671133995056152e-01 -1.990383565425872803e-01 4.681289196014404297e-01 7.576618790626525879e-01 -9.164530634880065918e-01 -2.309651970863342285e-01 3.982971310615539551e-01 -1.145190969109535217e-01 1.346223205327987671e-01 -2.518630027770996094e-01 1.640038192272186279e-02 5.302754640579223633e-01 8.622655868530273438e-01 6.076896190643310547e-01 -2.233831435441970825e-01 -3.560783565044403076e-01 -3.565803766250610352e-01 -4.981519579887390137e-01 -2.354830875992774963e-02 7.083455324172973633e-01
-6.428292393684387207e-01 -3.768604099750518799e-01 4.620719552040100098e-01 -4.330458641052246094e-01 3.071755170822143555e-01 1.888567805290222168e-01 -6.071314960718154907e-02 -2.392333149909973145e-01 -6.588773727416992188e-01 1.011768937110900879e+00 -6.179864406585693359e-01 1.177357435226440430e-01 -1.529453694820404053e-02 2.962864637374877930e-01 -1.013598516583442688e-01 3.986313566565513611e-02 1.739888340234756470e-01 2.377513051033020020e-01 -3.658474981784820557e-01 2.175797671079635620e-01 2.392276227474212646e-01 -2.194745838642120361e-01 -2.013843059539794922e-01 -5.729106813669204712e-02 2.325761169195175171e-01 -7.147474884986877441e-01 -2.697609961032867432e-01 -3.114523291587829590e-01 2.749494910240173340e-01 1.467404365539550781e-01 4.106630086898803711e-01 4.022128582000732422e-01 3.868177235126495361e-01 1.330468356609344482e-01 -6.345017552375793457e-01 1.033231988549232483e-01 1.978406906127929688e-01 4.016788005828857422e-01 -2.211281359195709229e-01 -2.026543021202087402e-03 -1.789467781782150269e-01 2.768003940582275391e-01 3.639376759529113770e-01 -5.878996253013610840e-01 -2.551193237304687500e-01 3.181568980216979980e-01 7.001786828041076660e-01 -2.323084026575088501e-01 -6.055611371994018555e-01 3.123551905155181885e-01 4.476611018180847168e-01 4.398430883884429932e-01 -3.343406915664672852e-01 -1.492939144372940063e-01 3.419470787048339844e-01 -5.978806316852569580e-02 4.423884451389312744e-01 4.017219245433807373e-01 7.859185934066772461e-01 9.856598824262619019e-02 -2.357903569936752319e-01 1.739302128553390503e-01 1.787982732057571411e-01 1.418071836233139038e-01
-9.564427137374877930e-01 -4.318003058433532715e-01 5.844804644584655762e-01 -3.323986232280731201e-01 4.074338078498840332e-01 3.945128917694091797e-01 -3.133219182491302490e-01 -3.455421924591064453e-01 -1.505608856678009033e-01 1.056972503662109375e+00 -6.411006450653076172e-01 8.284794539213180542e-02 5.335675925016403198e-02 5.476287007331848145e-01 4.261548817157745361e-02 -2.333067730069160461e-02 3.125569820404052734e-01 1.155627965927124023e-01 -2.371320426464080811e-01 6.003794670104980469e-01 4.562287032604217529e-01 -4.611750543117523193e-01 -5.492215752601623535e-01 -3.551860898733139038e-02 3.337373435497283936e-01 -5.786757469177246094e-01 -1.149397194385528564e-01 1.431760191917419434e-01 -8.839751780033111572e-02 -4.641512036323547363e-02 4.163994789123535156e-01 1.410354226827621460e-01 6.766572594642639160e-01 1.584893763065338135e-01 -7.089697718620300293e-01 2.548772394657135010e-01 1.261488497257232666e-01 2.011985629796981812e-01 -2.248757183551788330e-01 -7.172331959009170532e-02 -3.265399932861328125e-01 2.787095904350280762e-01 9.062399864196777344e-01 -1.546126306056976318e-01 -2.791638076305389404e-01 1.255184412002563477e-01 5.454819798469543457e-01 -2.953331470489501953e-01 -2.805840373039245605e-01 3.269608020782470703e-01 2.214006334543228149e-01 6.095743179321289062e-01 -1.088494807481765747e-01 -6.712488830089569092e-03 -1.117377057671546936e-01 -1.347827017307281494e-01 4.805095493793487549e-01 5.202476382255554199e-01 3.627473413944244385e-01 1.285920441150665283e-01 -7.124988734722137451e-02 5.461782217025756836e-01 4.014538228511810303e-01 -7.717074453830718994e-02
-7.660120725631713867e-01 -4.626217484474182129e-01 2.001130580902099609e-01 -4.258612096309661865e-01 1.923199295997619629e-01 2.033624351024627686e-01 7.712272554636001587e-02 -3.066976070404052734e-01 -2.617340683937072754e-01 6.651059389114379883e-01 -5.503814816474914551e-01 -4.465645551681518555e-02 -3.636187613010406494e-01 3.957569003105163574e-01 -8.331205695867538452e-02 -1.585671752691268921e-01 7.739618420600891113e-02 1.493249088525772095e-03 -2.022473514080047607e-01 6.597717404365539551e-01 8.102025091648101807e-02 -6.440564393997192383e-01 -7.056840509176254272e-02 2.836186289787292480e-01 2.869362533092498779e-01 -7.172939181327819824e-01 -2.224525436758995056e-02 -3.126728534698486328e-02 2.826194465160369873e-01 -7.079095393419265747e-02 5.086365938186645508e-01 6.892037391662597656e-02 3.770906031131744385e-01 9.959397464990615845e-02 -3.334022462368011475e-01 3.896299898624420166e-01 3.074538409709930420e-01 -1.208724156022071838e-01 -2.104307115077972412e-01 -2.881904840469360352e-01 2.951430082321166992e-01 -1.146126538515090942e-01 9.811121225357055664e-01 -1.228877604007720947e-01 -8.056637644767761230e-02 -4.993502050638198853e-02 4.339838027954101562e-01 1.669591218233108521e-01 -5.721710920333862305e-01 2.809846997261047363e-01 3.874621987342834473e-01 3.701357245445251465e-01 1.350121647119522095e-01 -4.127535223960876465e-02 -9.531589597463607788e-02 9.353571385145187378e-02 9.795915484428405762e-01 6.988089680671691895e-01 2.139935456216335297e-02 6.622748821973800659e-02 -2.362158298492431641e-01 1.524811238050460815e-01 2.874821722507476807e-01 2.013043463230133057e-01
-4.468613266944885254e-01 -3.797892332077026367e-01 -2.379223108291625977e-01 -3.906483054161071777e-01 -9.580047428607940674e-02 1.288630664348602295e-01 5.697613358497619629e-01 -2.828482985496520996e-01 -3.862152695655822754e-01 6.830691695213317871e-01 -4.759610593318939209e-01 -1.079489588737487793e-01 -6.243221759796142578e-01 1.121520996093750000e-03 -3.615792691707611084e-01 5.953727290034294128e-02 -2.091564685106277466e-01 6.848888099193572998e-02 -3.795813322067260742e-01 4.950657486915588379e-02 -8.877066522836685181e-02 -1.286148130893707275e-01 8.430417627096176147e-02 4.384686052799224854e-01 3.462914526462554932e-01 -5.053647756576538086e-01 5.143027380108833313e-02 -5.146347880363464355e-01 5.539671778678894043e-01 1.558375060558319092e-01 6.175307631492614746e-01 2.224022150039672852e-01 -2.511340975761413574e-01 -1.566732227802276611e-01 -2.258411347866058350e-01 6.080592274665832520e-01 4.338321089744567871e-01 -1.912516802549362183e-01 -5.006221681833267212e-02 -3.851500153541564941e-01 7.405181527137756348e-01 -3.140657842159271240e-01 3.295519351959228516e-01 -3.573215603828430176e-01 1.895115822553634644e-01 -1.062423363327980042e-01 5.667601227760314941e-01 5.511485934257507324e-01 -8.985689282417297363e-01 -1.979579031467437744e-01 3.221150636672973633e-01 -1.872033253312110901e-02 -1.111231371760368347e-02 -4.448506832122802734e-01 1.660211682319641113e-01 2.504451870918273926e-01 8.016470670700073242e-01 5.104005932807922363e-01 9.517417103052139282e-02 -3.358836770057678223e-01 -3.150132000446319580e-01 -3.952265977859497070e-01 1.377486437559127808e-01 5.992096066474914551e-01
-6.733994483947753906e-01 -2.360609620809555054e-01 4.173779487609863281e-01 -2.359097301959991455e-01 4.326701760292053223e-01 3.337564766407012939e-01 -7.957083731889724731e-02 -1.908948719501495361e-01 -5.687960386276245117e-01 1.152779340744018555e+00 -5.186914801597595215e-01 7.609106600284576416e-02 -1.058900803327560425e-01 3.208265900611877441e-01 -1.817803382873535156e-01 1.796423494815826416e-01 1.454847007989883423e-01 2.070511579513549805e-01 -4.720736145973205566e-01 -6.203910335898399353e-02 3.393330872058868408e-01 4.745873808860778809e-02 -3.254363536834716797e-01 -2.279735803604125977e-01 3.785955309867858887e-01 -4.844577312469482422e-01 -2.157546579837799072e-01 -1.975939273834228516e-01 2.212589085102081299e-01 1.403389275074005127e-01 6.167291402816772461e-01 6.022244095802307129e-01 3.103271126747131348e-01 -4.260826855897903442e-02 -7.175095677375793457e-01 1.046452522277832031e-01 1.183533892035484314e-01 4.004539549350738525e-01 -2.136860042810440063e-01 4.559521377086639404e-02 -4.008472561836242676e-01 4.442509114742279053e-01 2.440361529588699341e-01 -5.995022058486938477e-01 -2.802680432796478271e-01 3.246211409568786621e-01 7.039054036140441895e-01 -2.717003226280212402e-01 -3.868535757064819336e-01 2.519587576389312744e-01 2.222929447889328003e-01 4.240523278713226318e-01 -3.736677467823028564e-01 -3.747806847095489502e-01 3.898283243179321289e-01 -2.810557186603546143e-01 2.129474282264709473e-01 3.235277235507965088e-01 9.766443371772766113e-01 -1.025655120611190796e-02 -1.927794218063354492e-01 6.903158128261566162e-02 1.933646947145462036e-01 1.299299597740173340e-01
-2.955215573310852051e-01 -4.070556461811065674e-01 -4.317102134227752686e-01 -2.903899550437927246e-01 -1.716853082180023193e-01 7.033930718898773193e-02 7.756756544113159180e-01 -3.031189739704132080e-01 -3.412730097770690918e-01 4.796868562698364258e-01 -4.593594372272491455e-01 -2.429007887840270996e-01 -6.685595512390136719e-01 -2.172801047563552856e-01 -4.750239551067352295e-01 -1.067528054118156433e-01 -3.946344256401062012e-01 6.204992532730102539e-02 -3.249738216400146484e-01 1.420925706624984741e-01 -1.585378050804138184e-01 -9.463368356227874756e-02 2.015044391155242920e-01 5.893230438232421875e-01 4.325450360774993896e-01 -3.845503330230712891e-01 2.059117406606674194e-01 -6.960881948471069336e-01 6.438424587249755859e-01 1.141738668084144592e-01 6.849941015243530273e-01 1.110135316848754883e-01 -3.442485928535461426e-01 -1.179235056042671204e-01 9.655226022005081177e-02 7.314553856849670410e-01 2.865945100784301758e-01 -2.733248472213745117e-01 3.348491340875625610e-02 -4.037879705429077148e-01 9.445841908454895020e-01 -5.235083103179931641e-01 3.437942266464233398e-01 -3.621506392955780029e-01 2.590883672237396240e-01 -2.638805508613586426e-01 5.076371431350708008e-01 7.879256010055541992e-01 -9.824573397636413574e-01 -2.918656766414642334e-01 2.954834699630737305e-01 -1.424246579408645630e-01 1.660897731781005859e-01 -4.748005568981170654e-01 6.939207762479782104e-02 4.120904207229614258e-01 8.119814991950988770e-01 4.492751657962799072e-01 -1.269798129796981812e-01 -4.344227910041809082e-01 -3.434899449348449707e-01 -6.042570471763610840e-01 -7.575741410255432129e-02 7.331892251968383789e-01
-9.365959167480468750e-01 -2.771363258361816406e-01 3.721002936363220215e-01 -2.207132875919342041e-01 3.528310954570770264e-01 3.386600613594055176e-01 -7.509306818246841431e-02 -3.309209048748016357e-01 -3.488208651542663574e-01 1.074528455734252930e+00 -5.791743993759155273e-01 4.778018593788146973e-02 -1.656804382801055908e-01 4.422307014465332031e-01 -1.611860990524291992e-01 3.531874343752861023e-02 8.780903369188308716e-02 7.476837933063507080e-02 -4.319609403610229492e-01 2.709175944328308105e-01 2.422665655612945557e-01 -2.891632318496704102e-01 -3.398003578186035156e-01 4.763828963041305542e-02 4.135544002056121826e-01 -5.856978893280029297e-01 -6.023755297064781189e-02 -9.127366542816162109e-02 1.611014306545257568e-01 9.794528037309646606e-02 5.928847789764404297e-01 2.441293746232986450e-01 4.033058583736419678e-01 -4.933848977088928223e-04 -6.160346865653991699e-01 2.655265033245086670e-01 2.051932513713836670e-01 2.080169022083282471e-01 -2.617902159690856934e-01 -1.039723679423332214e-01 -7.981321215629577637e-02 1.467011272907257080e-01 6.909141540527343750e-01 -3.440671861171722412e-01 -8.949823677539825439e-02 9.252061694860458374e-02 6.222611665725708008e-01 -8.237314969301223755e-02 -4.862481355667114258e-01 2.255574166774749756e-01 2.779852747917175293e-01 3.993713557720184326e-01 -1.208163052797317505e-01 -2.088624835014343262e-01 6.813531368970870972e-02 -1.800711154937744141e-01 5.508276820182800293e-01 4.795179069042205811e-01 4.807466268539428711e-01 -3.689531236886978149e-02 -1.479793637990951538e-01 1.693868786096572876e-01 2.625072896480560303e-01 1.036874204874038696e-01
-4.077162146568298340e-01 -3.198750019073486328e-01 3.657930493354797363e-01 -3.083999454975128174e-01 3.179045915603637695e-01 2.729369699954986572e-01 4.667944461107254028e-02 -1.198324486613273621e-01 -7.321580052375793457e-01 1.081847786903381348e+00 -5.206573605537414551e-01 6.719581782817840576e-03 -1.339642256498336792e-01 7.868194580078125000e-02 -2.069885432720184326e-01 1.386075168848037720e-01 1.245205104351043701e-01 2.570229470729827881e-01 -5.064520239830017090e-01 -1.089139357209205627e-01 2.625993192195892334e-01 1.811254471540451050e-01 -1.443288922309875488e-01 -1.690877676010131836e-01 2.253683656454086304e-01 -5.205190181732177734e-01 -3.088854253292083740e-01 -4.254029691219329834e-01 3.643259406089782715e-01 1.646728813648223877e-01 5.176472663879394531e-01 6.761576533317565918e-01 1.338624954223632812e-01 2.626007050275802612e-02 -5.258687734603881836e-01 5.537082254886627197e-02 1.126920357346534729e-01 5.441112518310546875e-01 -1.293704956769943237e-01 8.579251170158386230e-02 -3.510474860668182373e-01 3.897083997726440430e-01 2.367042005062103271e-02 -7.890008687973022461e-01 -3.440749943256378174e-01 4.517671465873718262e-01 7.243438959121704102e-01 -1.769424080848693848e-01 -5.849596858024597168e-01 2.499652206897735596e-01 2.709677815437316895e-01 4.285658001899719238e-01 -3.972604572772979736e-01 -3.094775676727294922e-01 6.713802218437194824e-01 -2.044647932052612305e-01 1.579026579856872559e-01 2.611576020717620850e-01 1.148512125015258789e+00 8.927350491285324097e-02 -2.126362621784210205e-01 -8.301877975463867188e-02 6.634495407342910767e-02 2.297733277082443237e-01
-6.761980652809143066e-01 -4.005143046379089355e-01 2.837370634078979492e-01 -3.503404855728149414e-01 3.026173710823059082e-01 1.978884935379028320e-01 1.190616264939308167e-01 -2.587358653545379639e-01 -4.670233726501464844e-01 9.148721694946289062e-01 -5.628987550735473633e-01 4.184874892234802246e-02 -3.063210248947143555e-01 2.938277125358581543e-01 -1.607707142829895020e-01 2.446451410651206970e-02 1.119575425982475281e-01 1.239160597324371338e-01 -4.028893411159515381e-01 3.265557587146759033e-01 1.431911289691925049e-01 -3.270170986652374268e-01 -1.593449711799621582e-01 4.858029633760452271e-02 3.130756020545959473e-01 -6.519519686698913574e-01 -8.821389079093933105e-02 -2.197934091091156006e-01 3.974748551845550537e-01 9.094718843698501587e-02 6.313560009002685547e-01 3.245149552822113037e-01 2.745270133018493652e-01 1.030566543340682983e-02 -4.809736013412475586e-01 2.641039788722991943e-01 2.077552676200866699e-01 1.768236309289932251e-01 -2.655750215053558350e-01 -1.138015463948249817e-01 4.580114781856536865e-02 1.175075322389602661e-01 6.243253350257873535e-01 -4.012376666069030762e-01 -1.186856031417846680e-01 1.145149543881416321e-01 6.112649440765380859e-01 4.515722393989562988e-02 -5.823580026626586914e-01 2.506213784217834473e-01 3.901383280754089355e-01 3.888198733329772949e-01 -1.376877427101135254e-01 -2.320665121078491211e-01 1.603615283966064453e-01 -7.981853187084197998e-02 6.906715035438537598e-01 5.091021060943603516e-01 5.149899721145629883e-01 1.559588313102722168e-02 -2.265114486217498779e-01 4.773682355880737305e-02 2.129420489072799683e-01 2.513238787651062012e-01
-5.916243791580200195e-01 -2.701573967933654785e-01 -3.292357921600341797e-02 -3.047623336315155029e-01 1.594670712947845459e-01 1.766029298305511475e-01 4.385460913181304932e-01 -2.985818684101104736e-01 -3.738543987274169922e-01 7.849605679512023926e-01 -5.196103453636169434e-01 -1.453534662723541260e-01 -5.460765361785888672e-01 1.054066419601440430e-01 -3.485217392444610596e-01 4.603486880660057068e-02 -1.544852703809738159e-01 3.301603347063064575e-02 -4.399305582046508789e-01 1.272713989019393921e-01 -1.066143065690994263e-02 -2.040261924266815186e-01 4.288060218095779419e-02 3.331723809242248535e-01 3.850927352905273438e-01 -5.625572204589843750e-01 1.020829081535339355e-01 -3.866832256317138672e-01 5.193045735359191895e-01 8.998159319162368774e-02 6.552510261535644531e-01 1.643233299255371094e-01 -8.685847744345664978e-03 -1.919643878936767578e-01 -2.233815491199493408e-01 5.134145021438598633e-01 4.175752997398376465e-01 -1.162699908018112183e-01 -1.938545256853103638e-01 -3.221477270126342773e-01 5.025473237037658691e-01 -1.313957571983337402e-01 4.656313657760620117e-01 -3.661184310913085938e-01 3.903040289878845215e-02 -1.762190759181976318e-01 5.871443748474121094e-01 3.232661485671997070e-01 -7.538791298866271973e-01 -7.245191931724548340e-02 3.456651568412780762e-01 1.248148307204246521e-01 -2.114750072360038757e-02 -4.870985150337219238e-01 1.578541100025177002e-01 7.726641744375228882e-02 8.124899864196777344e-01 4.420671164989471436e-01 1.401869803667068481e-01 -2.077986001968383789e-01 -3.247182369232177734e-01 -3.109611272811889648e-01 1.655180752277374268e-01 4.054502546787261963e-01
-6.272064447402954102e-01 -4.279810488224029541e-01 2.713432908058166504e-02 -5.502880811691284180e-01 5.666900426149368286e-02 5.798693001270294189e-02 2.878356873989105225e-01 -2.651194930076599121e-01 -3.069684803485870361e-01 5.332462191581726074e-01 -5.437440276145935059e-01 -1.399797946214675903e-02 -4.441481530666351318e-01 2.331870347261428833e-01 -1.662854552268981934e-01 -4.959907755255699158e-02 -1.898549962788820267e-03 4.712138324975967407e-02 -1.797952651977539062e-01 5.742102265357971191e-01 2.235206216573715210e-02 -6.443453431129455566e-01 8.914876729249954224e-02 3.387275934219360352e-01 2.860765159130096436e-01 -6.869214177131652832e-01 -1.961452886462211609e-02 -2.055193036794662476e-01 5.091770291328430176e-01 -5.175401270389556885e-02 4.790299534797668457e-01 8.278575539588928223e-02 1.829403042793273926e-01 3.674932569265365601e-02 -2.222151160240173340e-01 4.482146203517913818e-01 3.506717085838317871e-01 -1.546360403299331665e-01 -2.202645540237426758e-01 -3.420996367931365967e-01 4.305577278137207031e-01 -1.861062496900558472e-01 8.152279853820800781e-01 -1.923508048057556152e-01 -2.268875390291213989e-02 -7.195673137903213501e-02 4.465760588645935059e-01 3.015785813331604004e-01 -7.700775861740112305e-01 1.737670600414276123e-01 4.566413760185241699e-01 2.321387827396392822e-01 5.791770294308662415e-02 -1.394607424736022949e-01 2.814747393131256104e-03 2.159507870674133301e-01 1.090751290321350098e+00 7.637057304382324219e-01 -2.451463602483272552e-02 1.103811636567115784e-01 -3.205993175506591797e-01 -1.543793827295303345e-01 2.451923340559005737e-01 3.518705666065216064e-01
-9.695529937744140625e-01 -2.943210899829864502e-01 5.239906311035156250e-01 -3.155197799205780029e-01 4.048977196216583252e-01 3.337423801422119141e-01 -3.802716135978698730e-01 -3.489913940429687500e-01 -2.574231326580047607e-01 1.188093900680541992e+00 -6.220146417617797852e-01 1.869598776102066040e-01 5.313443019986152649e-02 6.091072559356689453e-01 3.519799187779426575e-02 8.816600590944290161e-02 2.590873241424560547e-01 1.416290402412414551e-01 -3.605597317218780518e-01 4.289762377738952637e-01 3.608809709548950195e-01 -3.710876107215881348e-01 -5.335584878921508789e-01 -7.423008233308792114e-02 4.066955149173736572e-01 -6.078853607177734375e-01 -1.645923703908920288e-01 1.045418158173561096e-01 -2.109540253877639771e-02 2.341675758361816406e-02 4.115810990333557129e-01 3.003645241260528564e-01 6.423798203468322754e-01 1.422548592090606689e-01 -7.958998084068298340e-01 1.743958294391632080e-01 1.283913254737854004e-01 2.973824143409729004e-01 -2.568996250629425049e-01 -6.836006790399551392e-02 -4.022789001464843750e-01 3.435972034931182861e-01 7.641682028770446777e-01 -2.495320439338684082e-01 -2.240253090858459473e-01 2.426818013191223145e-01 6.378204822540283203e-01 -3.187924623489379883e-01 -3.375425338745117188e-01 3.883685469627380371e-01 2.203486114740371704e-01 5.983461737632751465e-01 -1.591802090406417847e-01 -4.739829525351524353e-02 9.397245943546295166e-03 -1.902225017547607422e-01 4.258235394954681396e-01 5.315086841583251953e-01 5.696767568588256836e-01 1.246651932597160339e-01 -1.095661297440528870e-01 4.200891256332397461e-01 3.223887383937835693e-01 -8.420968055725097656e-02
-6.612800359725952148e-01 -3.596192002296447754e-01 3.429380804300308228e-02 -3.679572939872741699e-01 8.984168618917465210e-02 1.873634457588195801e-01 3.821850419044494629e-01 -3.183164894580841064e-01 -2.891665101051330566e-01 6.785779595375061035e-01 -5.434439778327941895e-01 -1.224053949117660522e-01 -4.328783750534057617e-01 1.596888452768325806e-01 -3.019779920578002930e-01 -7.783269137144088745e-02 -1.134869828820228577e-01 1.547472178936004639e-02 -3.530828356742858887e-01 3.439540863037109375e-01 4.769060760736465454e-02 -4.060035049915313721e-01 9.404219686985015869e-03 3.810363113880157471e-01 3.408797681331634521e-01 -6.043862104415893555e-01 7.380326092243194580e-02 -3.569256961345672607e-01 4.522928297519683838e-01 4.225279390811920166e-02 5.864326953887939453e-01 5.635298043489456177e-02 1.040701046586036682e-01 -1.984911412000656128e-02 -2.623625099658966064e-01 5.094119310379028320e-01 3.708948493003845215e-01 -1.222834214568138123e-01 -1.597731560468673706e-01 -3.068696260452270508e-01 5.244190692901611328e-01 -2.199796289205551147e-01 6.795507669448852539e-01 -2.830223143100738525e-01 1.046893596649169922e-01 -1.677190959453582764e-01 4.925973415374755859e-01 3.962649703025817871e-01 -7.612242698669433594e-01 3.400712460279464722e-02 3.260663747787475586e-01 1.447112709283828735e-01 5.790257826447486877e-02 -2.386696934700012207e-01 4.268417507410049438e-02 1.655974686145782471e-01 8.725369572639465332e-01 5.388702750205993652e-01 1.180070824921131134e-02 -1.982984393835067749e-01 -2.932241559028625488e-01 -1.216732636094093323e-01 2.160862982273101807e-01 3.992160558700561523e-01
-6.027845740318298340e-01 -2.547602355480194092e-01 -1.156420409679412842e-01 -4.168950021266937256e-01 1.018994525074958801e-01 1.002556830644607544e-01 3.984856307506561279e-01 -3.266982436180114746e-01 -4.270094037055969238e-01 5.619245767593383789e-01 -4.225797653198242188e-01 -1.562200486660003662e-01 -5.764953494071960449e-01 1.867499500513076782e-01 -2.679554522037506104e-01 1.992921158671379089e-02 -2.330451756715774536e-01 2.313114702701568604e-03 -3.617901206016540527e-01 2.859862148761749268e-01 -1.638769507408142090e-01 -4.054529666900634766e-01 2.738778889179229736e-01 4.049272537231445312e-01 3.204948902130126953e-01 -6.218881011009216309e-01 6.459148228168487549e-02 -3.065810501575469971e-01 6.358657479286193848e-01 3.068911284208297729e-02 5.995900630950927734e-01 1.539574563503265381e-01 8.607064373791217804e-03 -1.076054796576499939e-01 -1.627030372619628906e-01 4.446872770786285400e-01 4.684127569198608398e-01 -2.559992671012878418e-01 -2.013199329376220703e-01 -4.136067032814025879e-01 6.049265861511230469e-01 -2.172353565692901611e-01 6.036143898963928223e-01 -2.841259539127349854e-01 2.642094157636165619e-03 -1.309133172035217285e-01 4.574158787727355957e-01 3.966232538223266602e-01 -7.739146947860717773e-01 5.679632723331451416e-02 4.054974913597106934e-01 7.645616680383682251e-02 7.991917431354522705e-02 -4.156312346458435059e-01 9.500522166490554810e-02 2.371143102645874023e-01 1.019052267074584961e+00 6.223019957542419434e-01 4.837295040488243103e-03 -8.130539208650588989e-02 -4.452756345272064209e-01 -3.973612785339355469e-01 1.119922101497650146e-01 4.196187853813171387e-01
-3.048082590103149414e-01 -5.527510046958923340e-01 -2.049704790115356445e-01 -4.797032773494720459e-01 -4.462561383843421936e-02 6.374941766262054443e-02 6.516862511634826660e-01 -3.537267446517944336e-01 -2.427526265382766724e-01 4.633818864822387695e-01 -5.360438823699951172e-01 -2.240579724311828613e-01 -5.552548766136169434e-01 -1.519512385129928589e-01 -2.620850503444671631e-01 -1.282315254211425781e-01 -1.183778271079063416e-01 -2.712105214595794678e-02 -2.684111297130584717e-01 5.509135723114013672e-01 -3.455183655023574829e-02 -3.181234896183013916e-01 1.471921801567077637e-01 5.606586337089538574e-01 3.116273880004882812e-01 -5.165212154388427734e-01 1.730656325817108154e-01 -6.434847712516784668e-01 6.344138383865356445e-01 -6.941512972116470337e-02 5.339146256446838379e-01 5.212251096963882446e-02 -4.908788204193115234e-02 1.434908062219619751e-02 9.491450339555740356e-02 7.894862294197082520e-01 3.086310923099517822e-01 -2.211852222681045532e-01 -1.215106248855590820e-01 -3.100741207599639893e-01 7.224029898643493652e-01 -4.903901517391204834e-01 6.175800561904907227e-01 -3.378469944000244141e-01 1.179723739624023438e-01 -2.471033036708831787e-01 4.661626815795898438e-01 6.658418178558349609e-01 -9.533808231353759766e-01 -6.328068673610687256e-02 2.918536663055419922e-01 2.924777567386627197e-02 1.433343589305877686e-01 -1.938951015472412109e-01 8.483894169330596924e-03 4.111752510070800781e-01 9.028680324554443359e-01 4.628248214721679688e-01 -1.557287126779556274e-01 -2.067699134349822998e-01 -2.344387769699096680e-01 -3.339427113533020020e-01 3.886760398745536804e-02 5.143378973007202148e-01
-7.912308573722839355e-01 -3.404368162155151367e-01 7.916227728128433228e-02 -4.795379340648651123e-01 1.514974534511566162e-01 1.666207164525985718e-01 1.881079226732254028e-01 -3.426583409309387207e-01 -2.969492077827453613e-01 6.277878880500793457e-01 -5.103818774223327637e-01 -1.787173748016357422e-02 -4.761308133602142334e-01 4.055256247520446777e-01 -1.608820557594299316e-01 -2.381024137139320374e-02 -1.720843464136123657e-02 -3.069408237934112549e-03 -2.346220612525939941e-01 5.195012688636779785e-01 -5.346901714801788330e-03 -6.380727887153625488e-01 2.427916973829269409e-02 3.613974452018737793e-01 3.122936785221099854e-01 -7.133895754814147949e-01 3.009024634957313538e-02 -4.689872264862060547e-02 4.458407759666442871e-01 -2.954263985157012939e-02 5.495947003364562988e-01 1.271941661834716797e-01 2.470977008342742920e-01 -7.283367216587066650e-03 -3.331759274005889893e-01 4.210453927516937256e-01 3.762598037719726562e-01 -2.061994075775146484e-01 -2.085389494895935059e-01 -4.105780422687530518e-01 4.178541600704193115e-01 -1.233326196670532227e-01 8.366692662239074707e-01 -5.274873971939086914e-02 -2.100711315870285034e-02 -8.055021613836288452e-02 4.517391324043273926e-01 2.174484878778457642e-01 -5.948274135589599609e-01 1.820373535156250000e-01 4.573058485984802246e-01 2.913980484008789062e-01 7.793352007865905762e-02 -2.285245656967163086e-01 -5.631939321756362915e-02 1.277234405279159546e-01 1.049338817596435547e+00 7.943032383918762207e-01 -1.096623018383979797e-03 8.672150224447250366e-02 -3.456757664680480957e-01 -1.168371662497520447e-01 2.607416808605194092e-01 2.940704524517059326e-01
-7.517583966255187988e-01 -3.434516191482543945e-01 1.839999556541442871e-01 -3.487038314342498779e-01 2.414143383502960205e-01 1.832127571105957031e-01 1.670723855495452881e-01 -2.741600275039672852e-01 -5.869983434677124023e-01 8.217281103134155273e-01 -4.755795598030090332e-01 -4.969462752342224121e-03 -4.085424542427062988e-01 2.906481027603149414e-01 -1.951754093170166016e-01 3.920939192175865173e-02 -4.961293190717697144e-02 9.837168455123901367e-02 -3.898215889930725098e-01 2.009241282939910889e-01 6.861896067857742310e-02 -3.351016938686370850e-01 -1.684049516916275024e-02 1.353605687618255615e-01 3.232201933860778809e-01 -6.702499985694885254e-01 -7.554452121257781982e-02 -2.194908857345581055e-01 4.473094046115875244e-01 1.298661530017852783e-01 6.530447006225585938e-01 3.366078734397888184e-01 2.410525977611541748e-01 -8.637659996747970581e-02 -3.864526748657226562e-01 2.466416358947753906e-01 3.007487058639526367e-01 6.029215827584266663e-02 -2.503823935985565186e-01 -2.038520574569702148e-01 1.619732081890106201e-01 4.356715083122253418e-02 5.986815690994262695e-01 -3.876109123229980469e-01 -1.358301937580108643e-01 4.514775425195693970e-02 6.224300265312194824e-01 9.193447232246398926e-02 -5.918973088264465332e-01 1.903728842735290527e-01 4.598744511604309082e-01 2.943703830242156982e-01 -7.357785105705261230e-02 -3.724071085453033447e-01 1.667058467864990234e-01 -5.452525615692138672e-02 7.787389159202575684e-01 5.768120288848876953e-01 4.399050474166870117e-01 1.992350071668624878e-02 -3.117815554141998291e-01 -1.162883788347244263e-01 1.989196389913558960e-01 2.819302976131439209e-01
-5.220189094543457031e-01 -4.231322407722473145e-01 -1.160498112440109253e-01 -3.835178315639495850e-01 -8.769035339355468750e-03 2.459644526243209839e-01 5.016648769378662109e-01 -3.448633551597595215e-01 -2.609772086143493652e-01 6.156230568885803223e-01 -4.927336871623992920e-01 -1.989538073539733887e-01 -5.659722089767456055e-01 6.808149814605712891e-02 -3.158035576343536377e-01 -1.366056650876998901e-01 -1.260065585374832153e-01 -5.813842266798019409e-02 -3.353615999221801758e-01 3.837352991104125977e-01 1.155915111303329468e-02 -2.999217510223388672e-01 -2.952196449041366577e-02 5.218967795372009277e-01 3.134715259075164795e-01 -4.966291785240173340e-01 1.132419854402542114e-01 -3.845624625682830811e-01 4.642698466777801514e-01 -2.704060822725296021e-02 6.238447427749633789e-01 1.304390430450439453e-01 3.649400547146797180e-02 -9.307039529085159302e-02 -1.159077212214469910e-01 6.655676364898681641e-01 3.097140789031982422e-01 -2.480921149253845215e-01 -8.250833302736282349e-02 -3.359341919422149658e-01 6.477582454681396484e-01 -3.322764635086059570e-01 6.643054485321044922e-01 -2.127254009246826172e-01 9.273692965507507324e-02 -2.237704098224639893e-01 4.830819964408874512e-01 5.781360864639282227e-01 -8.151798844337463379e-01 -4.935991019010543823e-02 3.236865997314453125e-01 1.053180918097496033e-01 1.415662169456481934e-01 -2.839856445789337158e-01 -1.799506694078445435e-02 2.909187376499176025e-01 8.289418220520019531e-01 5.322813391685485840e-01 -9.435567259788513184e-02 -2.390177547931671143e-01 -2.724021077156066895e-01 -2.452055066823959351e-01 1.502337008714675903e-01 4.458012878894805908e-01
-3.077826201915740967e-01 -3.910635709762573242e-01 -3.373905718326568604e-01 -3.215746879577636719e-01 -1.922428011894226074e-01 6.283862143754959106e-02 7.377267479896545410e-01 -3.517639338970184326e-01 -3.677188754081726074e-01 6.051304340362548828e-01 -4.931041002273559570e-01 -2.437716424465179443e-01 -5.369562506675720215e-01 -2.210659831762313843e-01 -4.538922011852264404e-01 -9.664823114871978760e-02 -4.081288874149322510e-01 1.055558323860168457e-01 -3.773378133773803711e-01 1.109805181622505188e-01 -9.596083313226699829e-02 1.150684431195259094e-02 8.971204608678817749e-02 5.926676988601684570e-01 4.233348667621612549e-01 -3.778207302093505859e-01 1.972022801637649536e-01 -8.166958689689636230e-01 6.031793951988220215e-01 1.824357807636260986e-01 5.836932063102722168e-01 1.138584390282630920e-01 -2.508607208728790283e-01 -8.546163886785507202e-02 5.058010667562484741e-02 7.667292952537536621e-01 3.098565936088562012e-01 -1.896409094333648682e-01 5.736144632101058960e-02 -4.004546403884887695e-01 8.997457027435302734e-01 -4.962529540061950684e-01 2.541521787643432617e-01 -4.698607921600341797e-01 2.284722477197647095e-01 -3.035506308078765869e-01 5.692998170852661133e-01 7.791384458541870117e-01 -1.001886367797851562e+00 -3.421317338943481445e-01 2.467276602983474731e-01 -1.679716557264328003e-01 9.324449300765991211e-02 -4.499258995056152344e-01 6.227920204401016235e-02 4.811585545539855957e-01 6.553221344947814941e-01 3.296569287776947021e-01 -8.999551832675933838e-02 -4.787907302379608154e-01 -3.149996995925903320e-01 -5.456443428993225098e-01 -8.346030116081237793e-02 6.930844783782958984e-01
-8.880460858345031738e-01 -2.902266979217529297e-01 1.673426926136016846e-01 -3.390164673328399658e-01 2.877828180789947510e-01 2.527731955051422119e-01 1.104097440838813782e-01 -3.151587545871734619e-01 -3.783113062381744385e-01 8.323107957839965820e-01 -5.576567649841308594e-01 1.946170628070831299e-02 -3.477385640144348145e-01 3.361418247222900391e-01 -1.610246300697326660e-01 -2.160129323601722717e-02 -1.250591278076171875e-01 3.831111639738082886e-02 -3.515034317970275879e-01 3.299579918384552002e-01 7.098107039928436279e-02 -4.165776073932647705e-01 -3.093811124563217163e-02 1.696506738662719727e-01 4.135157465934753418e-01 -6.275948882102966309e-01 2.167879417538642883e-02 -5.425427854061126709e-02 3.932349681854248047e-01 1.188348233699798584e-02 5.838533043861389160e-01 2.005580067634582520e-01 3.456084728240966797e-01 -8.498174697160720825e-02 -3.421224653720855713e-01 3.236452639102935791e-01 3.394786119461059570e-01 -2.215053141117095947e-02 -2.659032642841339111e-01 -2.818188667297363281e-01 1.203897446393966675e-01 5.327509343624114990e-02 7.576590776443481445e-01 -2.545185387134552002e-01 -1.202952861785888672e-01 -6.615407764911651611e-03 5.581797361373901367e-01 5.342996120452880859e-02 -5.258060693740844727e-01 1.884936392307281494e-01 3.421714305877685547e-01 2.951999902725219727e-01 -2.171824127435684204e-02 -3.517507314682006836e-01 6.208202987909317017e-02 -4.327638447284698486e-02 8.524937629699707031e-01 6.191631555557250977e-01 2.279338836669921875e-01 1.208371669054031372e-02 -3.412785828113555908e-01 -6.598720699548721313e-02 2.227368205785751343e-01 1.940142214298248291e-01
-7.893584370613098145e-01 -2.982711195945739746e-01 2.542903423309326172e-01 -3.784064054489135742e-01 2.792719304561614990e-01 2.066655009984970093e-01 4.241248220205307007e-02 -3.129908740520477295e-01 -3.049969673156738281e-01 9.459761381149291992e-01 -6.508749127388000488e-01 6.851612776517868042e-02 -2.439912110567092896e-01 4.072793722152709961e-01 -8.862061053514480591e-02 5.564978346228599548e-02 1.146609336137771606e-01 1.107234209775924683e-01 -3.845594227313995361e-01 3.622265756130218506e-01 8.036649972200393677e-02 -3.788062632083892822e-01 -1.402134299278259277e-01 1.316954642534255981e-01 3.690998256206512451e-01 -7.258589863777160645e-01 -2.177045866847038269e-02 -1.252144873142242432e-01 3.083190321922302246e-01 3.632409870624542236e-02 4.878699779510498047e-01 2.096563428640365601e-01 3.385916352272033691e-01 9.415610879659652710e-02 -5.369356274604797363e-01 2.993904650211334229e-01 2.942704856395721436e-01 1.453276127576828003e-01 -2.221982777118682861e-01 -2.369664013385772705e-01 1.339965164661407471e-01 9.419932216405868530e-02 6.263290643692016602e-01 -2.991325557231903076e-01 -5.827598273754119873e-02 1.540789902210235596e-01 6.092697978019714355e-01 -1.566114276647567749e-02 -5.506811141967773438e-01 2.097803354263305664e-01 3.827201128005981445e-01 4.053905010223388672e-01 -1.322818249464035034e-01 -1.614139974117279053e-01 9.555018693208694458e-02 -4.099695384502410889e-02 7.954366207122802734e-01 6.485635042190551758e-01 3.699641227722167969e-01 6.530243903398513794e-02 -2.840092778205871582e-01 4.521493613719940186e-02 2.110970318317413330e-01 2.387854307889938354e-01
-8.539947271347045898e-01 -3.761687278747558594e-01 3.830820322036743164e-01 -2.133821249008178711e-01 4.093012511730194092e-01 3.260048329830169678e-01 -8.931366354227066040e-02 -2.786914706230163574e-01 -2.781150639057159424e-01 1.001804471015930176e+00 -6.756736636161804199e-01 9.458847343921661377e-02 -1.131987422704696655e-01 3.484207391738891602e-01 -1.057297214865684509e-01 -7.761818170547485352e-02 8.502749353647232056e-02 1.670029163360595703e-01 -3.477068245410919189e-01 4.283619225025177002e-01 2.760289609432220459e-01 -3.838167786598205566e-01 -3.706747293472290039e-01 -4.430299252271652222e-02 4.111086428165435791e-01 -5.750784873962402344e-01 -9.775640070438385010e-02 -3.141035884618759155e-02 1.105970665812492371e-01 3.954105079174041748e-02 5.479206442832946777e-01 1.665649563074111938e-01 4.926211535930633545e-01 1.098875626921653748e-01 -5.106087327003479004e-01 2.241366803646087646e-01 2.083603143692016602e-01 2.534672319889068604e-01 -2.601117193698883057e-01 -7.866542041301727295e-02 -1.882180869579315186e-01 1.964793354272842407e-01 8.313831090927124023e-01 -3.029339909553527832e-01 -1.597017049789428711e-01 1.127684637904167175e-01 5.481920838356018066e-01 -9.662006795406341553e-02 -4.477070569992065430e-01 2.797608077526092529e-01 2.422596067190170288e-01 4.885025322437286377e-01 -1.394281834363937378e-01 -1.676879823207855225e-01 1.054626032710075378e-01 -1.267919838428497314e-01 5.281669497489929199e-01 4.816523194313049316e-01 4.074080884456634521e-01 5.139420181512832642e-02 -1.476108878850936890e-01 3.091431260108947754e-01 3.139956295490264893e-01 8.466175198554992676e-02
-3.770567774772644043e-01 -3.729654252529144287e-01 -3.115555346012115479e-01 -3.995539844036102295e-01 -8.665151894092559814e-02 -3.841520100831985474e-02 6.254277825355529785e-01 -3.293988108634948730e-01 -3.457174301147460938e-01 5.413590073585510254e-01 -5.405061841011047363e-01 -1.183381378650665283e-01 -6.196479201316833496e-01 1.060523092746734619e-02 -3.232559263706207275e-01 -2.599905803799629211e-02 -2.113526165485382080e-01 6.021453440189361572e-02 -2.957288324832916260e-01 2.418821901082992554e-01 -1.787273883819580078e-01 -2.435514926910400391e-01 1.678704023361206055e-01 5.313762426376342773e-01 3.688355982303619385e-01 -6.233513951301574707e-01 1.389189511537551880e-01 -5.821306705474853516e-01 6.063648462295532227e-01 1.213021874427795410e-01 5.510531663894653320e-01 1.013455167412757874e-01 -1.686301529407501221e-01 -2.194807678461074829e-02 -7.983192056417465210e-02 6.413614749908447266e-01 4.183284938335418701e-01 -2.059461772441864014e-01 -7.857242971658706665e-02 -4.294580221176147461e-01 9.187760353088378906e-01 -4.748456478118896484e-01 3.880044817924499512e-01 -3.337349891662597656e-01 2.338691502809524536e-01 -1.696463823318481445e-01 5.402076244354248047e-01 6.181122064590454102e-01 -9.449307322502136230e-01 -1.870239675045013428e-01 4.266016483306884766e-01 -2.448128163814544678e-02 7.267151772975921631e-02 -3.441456854343414307e-01 5.274698883295059204e-02 3.335897624492645264e-01 9.294682741165161133e-01 5.738135576248168945e-01 -1.134256497025489807e-01 -2.468836307525634766e-01 -3.228470385074615479e-01 -4.723808765411376953e-01 3.133831173181533813e-02 6.237357854843139648e-01
-5.533972978591918945e-01 -3.402252197265625000e-01 -1.546129882335662842e-01 -4.553965628147125244e-01 9.424559772014617920e-03 8.745919913053512573e-02 4.593288600444793701e-01 -2.963969409465789795e-01 -3.656609356403350830e-01 4.432988464832305908e-01 -4.479170143604278564e-01 -1.066277474164962769e-01 -6.273955106735229492e-01 1.458603590726852417e-01 -2.756021916866302490e-01 -7.489747554063796997e-02 -1.594960838556289673e-01 8.493784815073013306e-03 -2.877732813358306885e-01 3.707969486713409424e-01 -1.672433316707611084e-01 -5.391123294830322266e-01 2.550489902496337891e-01 4.700494110584259033e-01 2.927321195602416992e-01 -6.740320920944213867e-01 5.218817666172981262e-02 -3.143050372600555420e-01 6.392554044723510742e-01 8.567996323108673096e-03 5.940369367599487305e-01 1.325384080410003662e-01 -2.123947069048881531e-02 -6.577294319868087769e-02 -1.030684933066368103e-01 4.977876543998718262e-01 4.098194837570190430e-01 -3.063679337501525879e-01 -1.741061508655548096e-01 -4.190145432949066162e-01 6.935074925422668457e-01 -2.874339818954467773e-01 6.704348921775817871e-01 -1.861938834190368652e-01 1.395999044179916382e-01 -1.466463804244995117e-01 4.155786633491516113e-01 4.661996960639953613e-01 -7.982323169708251953e-01 8.769818395376205444e-02 4.267309308052062988e-01 8.152689039707183838e-02 1.257365942001342773e-01 -2.780615389347076416e-01 8.838099986314773560e-02 2.801205217838287354e-01 1.113927960395812988e+00 7.154366970062255859e-01 -6.967867910861968994e-02 -7.615129649639129639e-02 -4.279720187187194824e-01 -3.642650246620178223e-01 1.388317197561264038e-01 4.779174625873565674e-01
-3.529877364635467529e-01 -6.636228561401367188e-01 3.283354043960571289e-01 -6.057687997817993164e-01 1.291549503803253174e-01 1.824383288621902466e-01 5.469147861003875732e-02 -2.110167443752288818e-01 -3.569054603576660156e-01 7.292718887329101562e-01 -7.194021344184875488e-01 4.396984726190567017e-02 -2.033735662698745728e-01 2.537081837654113770e-01 -9.227209538221359253e-02 -2.305744439363479614e-01 3.897164463996887207e-01 2.218265831470489502e-01 -1.353762447834014893e-01 6.913881897926330566e-01 1.448951363563537598e-01 -5.195450186729431152e-01 -1.630884110927581787e-01 2.018878161907196045e-01 4.723112657666206360e-02 -8.043531775474548340e-01 -2.720263898372650146e-01 -2.503947615623474121e-01 2.982420325279235840e-01 -2.304027229547500610e-02 3.305094838142395020e-01 2.199468612670898438e-01 1.553537547588348389e-01 2.946975827217102051e-01 -5.136705636978149414e-01 2.995528876781463623e-01 1.844138503074645996e-01 1.326656639575958252e-01 -6.401235610246658325e-02 -1.680988669395446777e-01 2.295183837413787842e-01 2.812498062849044800e-02 5.643460750579833984e-01 -3.380020856857299805e-01 -7.682024687528610229e-02 2.964641451835632324e-01 4.584655761718750000e-01 2.009020745754241943e-02 -7.656794190406799316e-01 3.579650819301605225e-01 3.984199166297912598e-01 5.004733204841613770e-01 -1.645969748497009277e-01 2.669644653797149658e-01 2.701893448829650879e-01 1.967545151710510254e-01 7.084652781486511230e-01 5.620328783988952637e-01 4.155118465423583984e-01 1.191828474402427673e-01 -1.801080405712127686e-01 2.888445854187011719e-01 2.420119792222976685e-01 2.633432447910308838e-01
-7.955945730209350586e-01 -3.427218794822692871e-01 3.686994016170501709e-01 -3.206700980663299561e-01 3.743374347686767578e-01 2.675500512123107910e-01 -2.655666321516036987e-02 -2.559240460395812988e-01 -5.342855453491210938e-01 9.946758151054382324e-01 -5.465626120567321777e-01 6.932424753904342651e-02 -2.214128524065017700e-01 3.659632205963134766e-01 -8.474356681108474731e-02 1.457856446504592896e-01 1.083521172404289246e-01 1.790322065353393555e-01 -4.368199706077575684e-01 1.598101705312728882e-01 2.007339298725128174e-01 -2.693399488925933838e-01 -2.096150517463684082e-01 -8.402777463197708130e-02 2.754766643047332764e-01 -6.076369285583496094e-01 -1.670086979866027832e-01 -9.653966873884201050e-02 3.016910552978515625e-01 1.160805672407150269e-01 5.847941637039184570e-01 3.829337656497955322e-01 4.203991889953613281e-01 -1.948613673448562622e-02 -5.881367921829223633e-01 1.113882437348365784e-01 2.273806929588317871e-01 2.050604671239852905e-01 -3.062978684902191162e-01 -9.644501656293869019e-02 -1.854561716318130493e-01 3.233568668365478516e-01 5.915700793266296387e-01 -4.191357493400573730e-01 -2.308037877082824707e-01 1.967943310737609863e-01 6.855353116989135742e-01 -1.726176142692565918e-01 -4.627270698547363281e-01 2.561847269535064697e-01 3.900225758552551270e-01 4.422477483749389648e-01 -2.749307453632354736e-01 -3.279272019863128662e-01 2.036755084991455078e-01 -1.608615815639495850e-01 5.583906173706054688e-01 4.911625087261199951e-01 6.136159896850585938e-01 6.553388386964797974e-02 -2.711846530437469482e-01 9.756644070148468018e-02 2.824005782604217529e-01 1.512126028537750244e-01
-5.964698195457458496e-01 -2.187888324260711670e-01 3.517237305641174316e-01 -2.494648694992065430e-01 3.675419092178344727e-01 3.071093857288360596e-01 7.487999647855758667e-02 -1.983209252357482910e-01 -6.526896357536315918e-01 1.086213946342468262e+00 -5.085228085517883301e-01 5.496338009834289551e-02 -1.958976387977600098e-01 2.126795500516891479e-01 -2.387264668941497803e-01 1.484901607036590576e-01 7.731172442436218262e-02 2.105306982994079590e-01 -5.843025445938110352e-01 -1.559845805168151855e-01 2.016678750514984131e-01 8.727431297302246094e-02 -2.059859633445739746e-01 -1.446208953857421875e-01 2.809351086616516113e-01 -5.515816807746887207e-01 -2.210765331983566284e-01 -3.370804190635681152e-01 3.686248660087585449e-01 2.144848704338073730e-01 5.982346534729003906e-01 6.082870364189147949e-01 2.246978729963302612e-01 -7.752332836389541626e-02 -6.083607077598571777e-01 9.121148288249969482e-02 1.972592473030090332e-01 3.850236237049102783e-01 -2.264953404664993286e-01 1.356742531061172485e-02 -2.151360660791397095e-01 3.587136864662170410e-01 1.349047571420669556e-01 -6.561537384986877441e-01 -2.027373313903808594e-01 3.020765781402587891e-01 6.828135848045349121e-01 -1.209393143653869629e-01 -4.968599081039428711e-01 2.074527740478515625e-01 2.665351629257202148e-01 3.370493948459625244e-01 -3.931703865528106689e-01 -3.852200210094451904e-01 5.159586071968078613e-01 -1.931305527687072754e-01 2.741487622261047363e-01 3.157573938369750977e-01 9.651823043823242188e-01 -5.373596400022506714e-02 -2.762715816497802734e-01 -6.047537177801132202e-02 1.484229862689971924e-01 2.399716377258300781e-01
-3.729220926761627197e-01 -6.673094630241394043e-01 -1.307859718799591064e-01 -7.175791263580322266e-01 -1.917125135660171509e-01 1.049322262406349182e-01 3.495869338512420654e-01 -2.767183780670166016e-01 -1.975143402814865112e-01 4.928300976753234863e-01 -6.445200443267822266e-01 -4.254218935966491699e-02 -5.201787948608398438e-01 1.915145069360733032e-01 8.651889860630035400e-03 -2.187739461660385132e-01 1.796556115150451660e-01 5.006521195173263550e-02 1.430180668830871582e-02 7.295173406600952148e-01 -4.300283640623092651e-02 -6.027677059173583984e-01 1.365169882774353027e-04 5.981990694999694824e-01 1.910398453474044800e-01 -7.013812661170959473e-01 -4.410083219408988953e-02 -3.565260469913482666e-01 3.240371942520141602e-01 -1.617389619350433350e-01 3.011638522148132324e-01 1.106362789869308472e-01 1.757764518260955811e-01 1.220822110772132874e-01 -1.673268377780914307e-01 7.327974438667297363e-01 4.324275851249694824e-01 -3.441522419452667236e-01 5.426928400993347168e-03 -4.443480074405670166e-01 7.519079446792602539e-01 -3.505403101444244385e-01 7.626661658287048340e-01 -1.160952448844909668e-01 1.274578571319580078e-01 -5.414289981126785278e-02 5.132818222045898438e-01 4.376276135444641113e-01 -8.245068192481994629e-01 1.010033860802650452e-01 4.142009615898132324e-01 1.866221278905868530e-01 8.028349280357360840e-02 1.153557077050209045e-01 -8.416157215833663940e-02 5.137916803359985352e-01 9.842618107795715332e-01 6.874704360961914062e-01 -2.514343261718750000e-01 -4.966817796230316162e-02 -2.358362227678298950e-01 -2.170996367931365967e-02 2.607232332229614258e-01 3.541406691074371338e-01
-6.245164275169372559e-01 -2.970225214958190918e-01 -7.905316352844238281e-02 -3.318693339824676514e-01 1.832308173179626465e-01 1.533699482679367065e-01 4.544279873371124268e-01 -2.767209708690643311e-01 -3.845950365066528320e-01 6.431275606155395508e-01 -4.674051702022552490e-01 -1.298366189002990723e-01 -5.717015266418457031e-01 6.494152545928955078e-02 -3.232428729534149170e-01 -4.013804718852043152e-04 -2.457688599824905396e-01 -1.300693303346633911e-02 -3.898257613182067871e-01 2.105313390493392944e-01 -2.570510655641555786e-02 -3.147349655628204346e-01 1.763755679130554199e-01 3.105505704879760742e-01 3.839708864688873291e-01 -5.482792854309082031e-01 1.214280277490615845e-01 -3.154613971710205078e-01 6.342994570732116699e-01 3.371524065732955933e-02 6.775465607643127441e-01 1.606764942407608032e-01 3.444901667535305023e-03 -2.087689936161041260e-01 -1.003869697451591492e-01 4.719841778278350830e-01 4.011655151844024658e-01 -1.635389775037765503e-01 -2.469469308853149414e-01 -3.273312747478485107e-01 4.393374919891357422e-01 -1.376848518848419189e-01 5.882533788681030273e-01 -3.304091691970825195e-01 -5.061188712716102600e-04 -1.785806119441986084e-01 5.023140907287597656e-01 3.432761430740356445e-01 -7.322898507118225098e-01 6.602235138416290283e-03 3.164761066436767578e-01 9.564797580242156982e-02 3.257577493786811829e-02 -4.836586117744445801e-01 1.486071944236755371e-01 7.771843671798706055e-02 9.297052621841430664e-01 5.204670429229736328e-01 1.023285761475563049e-01 -1.281188726425170898e-01 -3.688732385635375977e-01 -3.624834418296813965e-01 1.496497094631195068e-01 3.796499669551849365e-01
-2.675533592700958252e-01 -4.702882766723632812e-01 -4.034781754016876221e-01 -6.465059518814086914e-01 -1.681388020515441895e-01 -1.096388101577758789e-01 5.765748023986816406e-01 -3.271639347076416016e-01 -4.289519786834716797e-01 3.065366148948669434e-01 -4.811708331108093262e-01 -1.081635355949401855e-01 -6.543255448341369629e-01 3.769598901271820068e-02 -1.810475289821624756e-01 -1.236256882548332214e-01 -1.584667265415191650e-01 5.847204476594924927e-03 -1.088910922408103943e-01 5.139083862304687500e-01 -1.962723135948181152e-01 -4.540486335754394531e-01 3.516414165496826172e-01 6.406700611114501953e-01 2.755374014377593994e-01 -6.567822098731994629e-01 2.934876456856727600e-02 -4.908674657344818115e-01 7.018001079559326172e-01 -9.653473645448684692e-02 4.507085680961608887e-01 1.931849122047424316e-01 -6.745634973049163818e-02 -5.321003496646881104e-03 5.223639309406280518e-02 6.601387858390808105e-01 4.178904592990875244e-01 -3.920868635177612305e-01 -9.802259504795074463e-02 -4.680036604404449463e-01 9.088151454925537109e-01 -5.180391073226928711e-01 5.347357988357543945e-01 -2.645269334316253662e-01 1.004545241594314575e-01 -8.470470458269119263e-02 4.956472516059875488e-01 6.205332279205322266e-01 -1.020850300788879395e+00 7.089324295520782471e-03 4.997597336769104004e-01 -4.376764409244060516e-03 2.027792036533355713e-01 -2.311124503612518311e-01 2.543703466653823853e-02 5.072225928306579590e-01 1.097007513046264648e+00 7.294769287109375000e-01 -2.609713375568389893e-01 -3.948817402124404907e-02 -4.075419306755065918e-01 -5.474260449409484863e-01 -1.190339308232069016e-02 5.080006122589111328e-01
-5.521661639213562012e-01 -4.003611803054809570e-01 -6.351035833358764648e-02 -4.472457468509674072e-01 -2.457614988088607788e-02 1.831311732530593872e-01 3.529927134513854980e-01 -2.747595012187957764e-01 -1.736128777265548706e-01 7.701724767684936523e-01 -6.783359050750732422e-01 -8.024334907531738281e-02 -4.177148044109344482e-01 1.296287626028060913e-01 -2.268916368484497070e-01 -8.679303340613842010e-03 -1.428218558430671692e-02 4.368368536233901978e-02 -2.869390547275543213e-01 4.135140776634216309e-01 4.777026176452636719e-02 -3.588688671588897705e-01 -4.808192700147628784e-02 4.116243720054626465e-01 3.290508985519409180e-01 -5.696793198585510254e-01 4.075664654374122620e-02 -2.797141075134277344e-01 3.144163787364959717e-01 -7.602915912866592407e-02 4.355603456497192383e-01 5.870141834020614624e-02 1.123873144388198853e-01 -1.445109397172927856e-02 -2.490560114383697510e-01 5.852382779121398926e-01 3.467735648155212402e-01 -1.288291662931442261e-01 -1.068136766552925110e-01 -3.363166153430938721e-01 4.943846166133880615e-01 -2.157958894968032837e-01 6.143571734428405762e-01 -2.708582878112792969e-01 3.543293476104736328e-02 -7.102028280496597290e-02 5.499128103256225586e-01 3.232202529907226562e-01 -8.324588537216186523e-01 -2.851316332817077637e-02 3.916570544242858887e-01 2.651662230491638184e-01 6.661370396614074707e-02 -1.739211380481719971e-01 2.852677553892135620e-02 1.839348673820495605e-01 9.025302529335021973e-01 6.007316112518310547e-01 -4.512649774551391602e-02 -1.131836920976638794e-01 -2.712580561637878418e-01 -1.330396682024002075e-01 2.409517019987106323e-01 4.233770072460174561e-01
-5.410007834434509277e-01 -4.310844540596008301e-01 1.465038657188415527e-01 -4.076842069625854492e-01 1.119202002882957458e-01 2.615023255348205566e-01 4.259954392910003662e-01 -2.711845934391021729e-01 -2.355309873819351196e-01 5.790071487426757812e-01 -4.962144196033477783e-01 -1.728737652301788330e-01 -4.850644767284393311e-01 1.146186739206314087e-01 -2.938495278358459473e-01 -1.598861664533615112e-01 -3.311248496174812317e-02 2.893567085266113281e-02 -2.819828093051910400e-01 5.014933943748474121e-01 6.595254689455032349e-02 -3.819210231304168701e-01 -6.433390080928802490e-03 3.546754121780395508e-01 3.063275516033172607e-01 -5.817836523056030273e-01 3.768390789628028870e-02 -2.490422725677490234e-01 4.937927722930908203e-01 -4.158058762550354004e-02 6.216478347778320312e-01 9.719316661357879639e-02 6.913805752992630005e-02 -3.267042338848114014e-03 -1.734375059604644775e-01 5.366578102111816406e-01 3.215481936931610107e-01 -1.512213051319122314e-01 -7.469578832387924194e-02 -3.339420258998870850e-01 4.711472988128662109e-01 -1.698543131351470947e-01 7.299243211746215820e-01 -1.442471444606781006e-01 -2.422301471233367920e-02 -1.999430358409881592e-01 4.085482954978942871e-01 4.346553683280944824e-01 -6.274416446685791016e-01 4.559957981109619141e-02 3.078000545501708984e-01 1.737646460533142090e-01 6.399978697299957275e-02 -3.127359747886657715e-01 5.690164119005203247e-02 2.161459773778915405e-01 8.976385593414306641e-01 5.648667216300964355e-01 -2.110305242240428925e-02 -1.325015872716903687e-01 -3.440230190753936768e-01 -7.523913681507110596e-02 1.770898401737213135e-01 4.283812344074249268e-01
-9.077025651931762695e-01 -2.742817699909210205e-01 4.356572628021240234e-01 -2.540873289108276367e-01 4.117666780948638916e-01 3.073649406433105469e-01 -1.953052580356597900e-01 -3.258038461208343506e-01 -3.947730064392089844e-01 1.161912918090820312e+00 -6.182905435562133789e-01 1.633123755455017090e-01 -8.221815526485443115e-02 5.370808243751525879e-01 -1.371359080076217651e-02 7.859395444393157959e-02 2.275100201368331909e-01 1.487553715705871582e-01 -4.261911511421203613e-01 2.442066520452499390e-01 2.233848273754119873e-01 -2.528635263442993164e-01 -4.178132414817810059e-01 -7.920105010271072388e-02 3.839984238147735596e-01 -6.591685414314270020e-01 -1.096602082252502441e-01 -3.445284068584442139e-02 1.008649095892906189e-01 1.178067326545715332e-01 5.289874076843261719e-01 3.669127821922302246e-01 5.368157029151916504e-01 4.198021441698074341e-02 -7.352800965309143066e-01 1.696959137916564941e-01 1.535872519016265869e-01 3.086694180965423584e-01 -2.861874103546142578e-01 -4.207620769739151001e-02 -2.061895132064819336e-01 3.123613595962524414e-01 5.984509587287902832e-01 -3.666003644466400146e-01 -1.508139669895172119e-01 2.596191763877868652e-01 6.929453015327453613e-01 -2.689802050590515137e-01 -3.631145358085632324e-01 3.035367131233215332e-01 3.426476716995239258e-01 5.020399689674377441e-01 -2.386203706264495850e-01 -1.662604212760925293e-01 7.485529035329818726e-02 -2.114660739898681641e-01 4.793417155742645264e-01 5.010784268379211426e-01 6.472387313842773438e-01 6.341586261987686157e-02 -1.660323143005371094e-01 2.318307608366012573e-01 2.473683804273605347e-01 4.490353539586067200e-02
-8.973740935325622559e-01 -4.109475314617156982e-01 4.791583418846130371e-01 -2.812539339065551758e-01 3.395022451877593994e-01 3.674035072326660156e-01 -2.098642587661743164e-01 -3.093919157981872559e-01 -1.884599030017852783e-01 1.111207962036132812e+00 -6.608018279075622559e-01 9.629752486944198608e-02 -4.269618913531303406e-02 4.978308081626892090e-01 -6.964333355426788330e-03 -4.652279429137706757e-03 3.080236315727233887e-01 1.273161172866821289e-01 -3.452547490596771240e-01 4.772281050682067871e-01 3.421405255794525146e-01 -3.676323294639587402e-01 -5.009933710098266602e-01 -4.193462431430816650e-03 3.325500190258026123e-01 -5.918341875076293945e-01 -1.118414252996444702e-01 2.972585707902908325e-02 -4.850366711616516113e-02 2.094797044992446899e-02 4.526588916778564453e-01 1.753791719675064087e-01 5.489093065261840820e-01 1.437604427337646484e-01 -7.057483196258544922e-01 2.559274435043334961e-01 1.647987365722656250e-01 2.676966190338134766e-01 -2.153111696243286133e-01 -6.650891900062561035e-02 -1.713788062334060669e-01 1.982826292514801025e-01 7.959113121032714844e-01 -2.292384505271911621e-01 -1.656022518873214722e-01 2.021303176879882812e-01 5.766856074333190918e-01 -1.697870492935180664e-01 -3.776710629463195801e-01 2.773052752017974854e-01 2.501760125160217285e-01 5.695952177047729492e-01 -1.111268401145935059e-01 -5.316678434610366821e-03 -1.953778415918350220e-02 -1.459281146526336670e-01 5.039612054824829102e-01 5.336830019950866699e-01 4.443521499633789062e-01 7.738000899553298950e-02 -6.461264938116073608e-02 4.305927753448486328e-01 3.512521386146545410e-01 5.326011031866073608e-02
-6.630391478538513184e-01 -3.401547074317932129e-01 -1.355729252099990845e-02 -3.407486975193023682e-01 1.180642321705818176e-01 1.806617528200149536e-01 3.782039880752563477e-01 -2.289717793464660645e-01 -4.048968851566314697e-01 7.445182800292968750e-01 -4.903751015663146973e-01 -9.710732102394104004e-02 -5.534176826477050781e-01 1.689156442880630493e-01 -3.254721462726593018e-01 5.739557370543479919e-02 -1.398800164461135864e-01 3.721575438976287842e-02 -3.799431324005126953e-01 1.928989440202713013e-01 2.267133444547653198e-02 -3.426489233970642090e-01 3.899209946393966675e-02 2.830268740653991699e-01 3.327744305133819580e-01 -5.306935906410217285e-01 2.155852690339088440e-02 -2.686269581317901611e-01 4.826148748397827148e-01 7.987347990274429321e-02 6.611680984497070312e-01 1.626272946596145630e-01 2.640306949615478516e-02 -1.259793639183044434e-01 -2.877930104732513428e-01 4.115228950977325439e-01 4.129274189472198486e-01 -8.560804277658462524e-02 -1.899094581604003906e-01 -3.239907324314117432e-01 4.197889864444732666e-01 -1.063482016324996948e-01 6.297043561935424805e-01 -2.813308537006378174e-01 1.178978942334651947e-03 -8.905116468667984009e-02 5.426810979843139648e-01 3.355144262313842773e-01 -7.301486730575561523e-01 5.809538066387176514e-03 3.915572166442871094e-01 1.887657046318054199e-01 -1.234997436404228210e-02 -4.340726137161254883e-01 1.301093101501464844e-01 5.116596072912216187e-02 8.465520143508911133e-01 5.575731992721557617e-01 1.710607260465621948e-01 -1.066374257206916809e-01 -2.902720570564270020e-01 -2.429224997758865356e-01 2.487370520830154419e-01 4.203117787837982178e-01
-7.518565058708190918e-01 -2.989683449268341064e-01 2.389837801456451416e-01 -2.730746865272521973e-01 3.374065160751342773e-01 2.632981538772583008e-01 1.252801418304443359e-01 -2.756887078285217285e-01 -5.323808193206787109e-01 1.016209959983825684e+00 -5.541963577270507812e-01 1.911443471908569336e-02 -3.085537254810333252e-01 2.777110934257507324e-01 -2.457553446292877197e-01 1.040315181016921997e-01 1.689416542649269104e-02 1.024650037288665771e-01 -4.706768393516540527e-01 9.920088201761245728e-02 1.780078411102294922e-01 -1.960069090127944946e-01 -2.011630237102508545e-01 4.521771520376205444e-02 3.540751636028289795e-01 -5.594878792762756348e-01 -7.397843897342681885e-02 -2.436335384845733643e-01 3.609283864498138428e-01 1.238963454961776733e-01 6.549159288406372070e-01 3.497764468193054199e-01 2.687438130378723145e-01 -1.274709403514862061e-01 -5.165475010871887207e-01 2.559067904949188232e-01 2.385785877704620361e-01 1.593021601438522339e-01 -2.998685836791992188e-01 -9.980375319719314575e-02 -1.950530894100666046e-02 1.860418766736984253e-01 5.073125958442687988e-01 -4.687117934226989746e-01 -1.149042546749114990e-01 8.335158973932266235e-02 6.986227035522460938e-01 -3.685685992240905762e-02 -6.112185120582580566e-01 1.620140075683593750e-01 3.812825083732604980e-01 3.354948163032531738e-01 -2.218189835548400879e-01 -3.923936784267425537e-01 2.157431542873382568e-01 -1.473665833473205566e-01 5.438119769096374512e-01 3.866903781890869141e-01 5.633460879325866699e-01 -8.161573112010955811e-02 -2.296912372112274170e-01 -5.681378394365310669e-02 2.278033345937728882e-01 1.936136484146118164e-01
-6.659574508666992188e-01 -2.980735301971435547e-01 -1.169919520616531372e-01 -4.345394968986511230e-01 -6.593316793441772461e-03 1.155053079128265381e-01 3.794699907302856445e-01 -2.799423336982727051e-01 -2.618512511253356934e-01 6.646074652671813965e-01 -6.411920785903930664e-01 5.188107490539550781e-03 -5.075734257698059082e-01 2.035705000162124634e-01 -2.498832046985626221e-01 2.785828895866870880e-03 -1.459307521581649780e-01 4.347702860832214355e-02 -2.535712718963623047e-01 3.293167650699615479e-01 -1.004988625645637512e-01 -4.772246479988098145e-01 6.171060353517532349e-02 4.156138896942138672e-01 3.626417815685272217e-01 -6.388213634490966797e-01 8.999463915824890137e-02 -2.085475921630859375e-01 4.520418047904968262e-01 -4.575036466121673584e-03 4.854120016098022461e-01 7.479166984558105469e-02 1.267470121383666992e-01 -9.617706388235092163e-02 -1.931656897068023682e-01 5.177106261253356934e-01 3.688202798366546631e-01 -2.193966954946517944e-01 -1.797752678394317627e-01 -4.319728314876556396e-01 5.525355339050292969e-01 -1.880586594343185425e-01 6.310276985168457031e-01 -1.830447018146514893e-01 1.045150458812713623e-01 -1.428180038928985596e-01 5.543720722198486328e-01 2.854318618774414062e-01 -7.666557431221008301e-01 -1.150424405932426453e-02 4.901692271232604980e-01 1.861370354890823364e-01 2.715974673628807068e-02 -2.870073318481445312e-01 -1.532024890184402466e-02 1.618216633796691895e-01 1.044268846511840820e+00 6.890456080436706543e-01 -1.007202938199043274e-01 -9.234532713890075684e-02 -3.699043095111846924e-01 -2.936607599258422852e-01 2.198320180177688599e-01 4.383109509944915771e-01
-4.852125942707061768e-01 -3.003632724285125732e-01 -3.153763115406036377e-01 -2.340632528066635132e-01 -9.753381460905075073e-02 1.441639810800552368e-01 6.686867475509643555e-01 -3.058128356933593750e-01 -3.535040020942687988e-01 6.294225454330444336e-01 -4.988535344600677490e-01 -1.371357142925262451e-01 -6.279448866844177246e-01 -8.367267251014709473e-02 -4.569980800151824951e-01 -3.024480119347572327e-02 -3.665283620357513428e-01 5.280417203903198242e-02 -3.778376281261444092e-01 -5.487393960356712341e-02 -1.466745734214782715e-01 -4.613632336258888245e-02 7.631436735391616821e-02 4.944899082183837891e-01 4.413071572780609131e-01 -5.079575181007385254e-01 1.783818900585174561e-01 -5.814313888549804688e-01 5.178398489952087402e-01 2.152118980884552002e-01 6.311237812042236328e-01 1.209184527397155762e-01 -2.697172164916992188e-01 -1.712787449359893799e-01 -9.049167484045028687e-02 6.237771511077880859e-01 3.946763575077056885e-01 -1.692239940166473389e-01 -4.642911255359649658e-03 -3.858569264411926270e-01 8.479106426239013672e-01 -4.115806818008422852e-01 2.634454369544982910e-01 -3.468804359436035156e-01 2.691155374050140381e-01 -2.196579277515411377e-01 5.567496418952941895e-01 6.126499772071838379e-01 -8.711144328117370605e-01 -3.125544190406799316e-01 3.392320871353149414e-01 -1.043433323502540588e-01 1.181927695870399475e-02 -5.114594697952270508e-01 1.349557936191558838e-01 2.369107156991958618e-01 7.635249495506286621e-01 4.695217013359069824e-01 9.081808850169181824e-03 -4.327284097671508789e-01 -3.259702920913696289e-01 -4.976489543914794922e-01 6.163733452558517456e-02 6.539316177368164062e-01
-1.988091468811035156e-01 -4.270169138908386230e-01 -6.180939078330993652e-01 -3.110982775688171387e-01 -3.972572088241577148e-01 3.114914335310459137e-02 7.623413205146789551e-01 -2.764749526977539062e-01 -3.151437044143676758e-01 4.270707368850708008e-01 -4.219126701354980469e-01 -2.368818819522857666e-01 -6.705082654953002930e-01 -2.117036283016204834e-01 -4.918202459812164307e-01 -1.803697645664215088e-01 -4.353119730949401855e-01 1.322994977235794067e-01 -2.306399643421173096e-01 2.078035324811935425e-01 -1.461887359619140625e-01 2.687901630997657776e-02 1.550277471542358398e-01 7.316663265228271484e-01 5.440223813056945801e-01 -1.857959628105163574e-01 2.601673603057861328e-01 -8.256030082702636719e-01 5.771688222885131836e-01 1.137581393122673035e-01 5.710224509239196777e-01 1.949790418148040771e-01 -3.928076326847076416e-01 6.815336644649505615e-03 2.177254855632781982e-01 7.607768177986145020e-01 1.557060182094573975e-01 -3.276380896568298340e-01 3.167180716991424561e-01 -5.580202341079711914e-01 1.050255179405212402e+00 -5.884400010108947754e-01 2.188336104154586792e-01 -2.332088351249694824e-01 2.541033327579498291e-01 -2.570360302925109863e-01 6.053926348686218262e-01 8.559910655021667480e-01 -9.380500316619873047e-01 -4.472404122352600098e-01 1.078529506921768188e-01 -2.098052650690078735e-01 3.084114491939544678e-01 -4.289401173591613770e-01 -6.206894665956497192e-02 4.939085841178894043e-01 6.581012606620788574e-01 4.648848474025726318e-01 -1.089272126555442810e-01 -3.467120230197906494e-01 -4.059141576290130615e-01 -7.222701907157897949e-01 -2.716495096683502197e-01 7.806417942047119141e-01
-5.174583792686462402e-01 -2.379832863807678223e-01 -2.382563054561614990e-01 -3.626258671283721924e-01 -1.193656623363494873e-01 9.521586447954177856e-02 5.422735214233398438e-01 -3.291828036308288574e-01 -3.676924109458923340e-01 6.969624161720275879e-01 -5.789520144462585449e-01 -1.107234209775924683e-01 -5.231053233146667480e-01 1.860621571540832520e-02 -4.072114825248718262e-01 8.839733898639678955e-02 -2.892311811447143555e-01 8.940859138965606689e-02 -3.610903620719909668e-01 5.299498513340950012e-02 -8.528495579957962036e-02 -1.719360947608947754e-01 8.893939107656478882e-02 4.961597323417663574e-01 3.846488893032073975e-01 -5.918482542037963867e-01 9.379717707633972168e-02 -5.167793035507202148e-01 4.974760115146636963e-01 1.415016204118728638e-01 5.237004756927490234e-01 1.542244553565979004e-01 -1.333930492401123047e-01 -1.136309280991554260e-01 -1.637232303619384766e-01 5.486968755722045898e-01 3.745420873165130615e-01 -1.187723353505134583e-01 -3.126381337642669678e-02 -3.873666524887084961e-01 7.082071304321289062e-01 -3.459409773349761963e-01 2.793619036674499512e-01 -3.909091949462890625e-01 1.405577212572097778e-01 -1.594658493995666504e-01 6.053465008735656738e-01 4.853706955909729004e-01 -9.167668223381042480e-01 -2.010422646999359131e-01 4.681944251060485840e-01 7.640742510557174683e-02 3.984418883919715881e-02 -4.133482277393341064e-01 1.621595323085784912e-01 1.888535022735595703e-01 8.159938454627990723e-01 5.677208304405212402e-01 2.659718506038188934e-02 -2.333135008811950684e-01 -3.655439317226409912e-01 -4.960013628005981445e-01 1.257066726684570312e-01 6.016300320625305176e-01
-4.419281780719757080e-01 -2.658565044403076172e-01 -3.951739966869354248e-01 -2.487746626138687134e-01 -7.244865596294403076e-02 7.241985201835632324e-02 7.443425059318542480e-01 -3.004805445671081543e-01 -3.311990201473236084e-01 6.478474736213684082e-01 -5.147401690483093262e-01 -1.562413275241851807e-01 -6.432989835739135742e-01 -1.447947174310684204e-01 -4.534192383289337158e-01 4.304510541260242462e-03 -4.144659340381622314e-01 4.866043478250503540e-02 -4.443466067314147949e-01 -2.721264585852622986e-02 -1.468784213066101074e-01 -4.899120703339576721e-02 1.802745163440704346e-01 5.249483585357666016e-01 4.722982347011566162e-01 -4.513553380966186523e-01 2.655361592769622803e-01 -6.408407688140869141e-01 6.343926787376403809e-01 1.521826684474945068e-01 6.524698734283447266e-01 1.084459498524665833e-01 -2.641254365444183350e-01 -2.290841341018676758e-01 1.004844903945922852e-03 6.485508084297180176e-01 4.065326452255249023e-01 -2.022044062614440918e-01 -6.842769682407379150e-02 -4.405506253242492676e-01 8.574440479278564453e-01 -3.958982229232788086e-01 2.335210293531417847e-01 -3.932449221611022949e-01 2.756117284297943115e-01 -2.552778422832489014e-01 5.724530816078186035e-01 6.349063515663146973e-01 -8.940805196762084961e-01 -3.231891095638275146e-01 3.034403324127197266e-01 -1.184344068169593811e-01 4.922563210129737854e-02 -5.544148087501525879e-01 1.125079765915870667e-01 2.697776854038238525e-01 8.194968104362487793e-01 4.414499700069427490e-01 -3.427774831652641296e-02 -4.401127099990844727e-01 -3.856122493743896484e-01 -6.191321015357971191e-01 -1.203644182533025742e-02 6.672892570495605469e-01
-7.486002445220947266e-01 -2.980740666389465332e-01 8.359561115503311157e-02 -2.669071555137634277e-01 2.272834479808807373e-01 1.878217160701751709e-01 2.458785176277160645e-01 -3.018993437290191650e-01 -3.453867435455322266e-01 8.465716838836669922e-01 -5.889258384704589844e-01 -2.428105473518371582e-02 -4.470042586326599121e-01 2.730574607849121094e-01 -2.415975928306579590e-01 1.370134670287370682e-02 -4.201486706733703613e-02 8.145628869533538818e-02 -4.075979590415954590e-01 2.721733152866363525e-01 2.565584331750869751e-02 -3.739778995513916016e-01 -5.762865394353866577e-02 2.354123294353485107e-01 3.971880078315734863e-01 -6.059752106666564941e-01 5.250074341893196106e-02 -2.459422051906585693e-01 4.085562527179718018e-01 9.040760993957519531e-02 6.791787147521972656e-01 1.567378640174865723e-01 1.633300632238388062e-01 -8.636587113142013550e-02 -3.502446413040161133e-01 4.048776328563690186e-01 3.367365300655364990e-01 -2.196419984102249146e-02 -2.657599449157714844e-01 -2.858457863330841064e-01 3.546802401542663574e-01 -6.774142384529113770e-02 6.554360389709472656e-01 -3.175425827503204346e-01 6.312109529972076416e-02 -6.869658082723617554e-02 5.858526229858398438e-01 1.892479509115219116e-01 -6.634297370910644531e-01 8.273645490407943726e-02 3.649217486381530762e-01 2.522802054882049561e-01 -3.342327848076820374e-02 -3.171014189720153809e-01 6.167320162057876587e-02 -7.648915052413940430e-03 8.380402326583862305e-01 5.521674752235412598e-01 1.942180991172790527e-01 -9.913900494575500488e-02 -2.563483417034149170e-01 -1.241668164730072021e-01 2.130546122789382935e-01 3.314949572086334229e-01
-6.242025494575500488e-01 -3.781007826328277588e-01 2.877587676048278809e-01 -3.694379329681396484e-01 1.160490289330482483e-01 3.391598761081695557e-01 2.015300393104553223e-01 -2.271137833595275879e-01 -5.168044567108154297e-01 9.256744384765625000e-01 -5.254423022270202637e-01 -5.436295270919799805e-02 -3.537249267101287842e-01 1.961634308099746704e-01 -2.607191503047943115e-01 5.942089483141899109e-02 8.709172159433364868e-02 1.176863610744476318e-01 -4.559318423271179199e-01 1.496654301881790161e-01 1.305585503578186035e-01 -2.020592242479324341e-01 -1.501012742519378662e-01 1.770068705081939697e-01 2.248271852731704712e-01 -6.052983999252319336e-01 -1.522218734025955200e-01 -3.149140775203704834e-01 3.640344440937042236e-01 9.796738624572753906e-02 5.986106991767883301e-01 3.825686573982238770e-01 1.321112960577011108e-01 -4.625792056322097778e-02 -4.738487601280212402e-01 2.997134923934936523e-01 1.938277781009674072e-01 1.358639448881149292e-01 -1.308337897062301636e-01 -1.487567722797393799e-01 8.488537371158599854e-02 1.047301888465881348e-01 4.597949981689453125e-01 -4.403967857360839844e-01 -6.720888614654541016e-02 8.706022053956985474e-02 6.565111279487609863e-01 1.051841676235198975e-01 -6.656616330146789551e-01 1.784119307994842529e-01 4.102323651313781738e-01 3.454144299030303955e-01 -1.730894148349761963e-01 -2.283676862716674805e-01 2.827669382095336914e-01 -3.559334576129913330e-02 6.142944097518920898e-01 4.550296962261199951e-01 5.771192312240600586e-01 -1.167366132140159607e-01 -2.588236331939697266e-01 -1.970008760690689087e-02 2.263862490653991699e-01 3.478133380413055420e-01
-5.361759066581726074e-01 -3.910546898841857910e-01 2.592493593692779541e-02 -3.768726885318756104e-01 1.287909150123596191e-01 1.683503687381744385e-01 3.669621646404266357e-01 -2.979699373245239258e-01 -2.541671097278594971e-01 7.358798980712890625e-01 -5.816170573234558105e-01 -1.407598555088043213e-01 -4.264916181564331055e-01 1.117842197418212891e-01 -2.734177708625793457e-01 -7.852181047201156616e-02 -4.553932696580886841e-02 4.840759932994842529e-02 -3.641573786735534668e-01 4.218083918094635010e-01 3.556660562753677368e-02 -3.295159339904785156e-01 1.135284453630447388e-02 3.496024012565612793e-01 3.400804400444030762e-01 -6.032882332801818848e-01 5.756008997559547424e-02 -3.545490205287933350e-01 4.118403196334838867e-01 -3.798790276050567627e-04 5.343782305717468262e-01 4.848150908946990967e-02 6.494863331317901611e-02 4.725404083728790283e-03 -2.402271032333374023e-01 5.178561210632324219e-01 4.056303501129150391e-01 -5.255844071507453918e-02 -1.358040124177932739e-01 -2.802622914314270020e-01 5.154035687446594238e-01 -2.249593585729598999e-01 6.187466979026794434e-01 -3.092437386512756348e-01 -1.950660347938537598e-02 -8.721929043531417847e-02 4.620704054832458496e-01 3.864440917968750000e-01 -7.705728411674499512e-01 2.488913387060165405e-02 3.168169260025024414e-01 2.208083570003509521e-01 8.483235538005828857e-02 -2.534447610378265381e-01 1.097158417105674744e-01 1.818134933710098267e-01 8.563290238380432129e-01 5.193009972572326660e-01 6.287590414285659790e-02 -1.099561378359794617e-01 -2.795206010341644287e-01 -1.092939600348472595e-01 1.798608452081680298e-01 4.037348330020904541e-01
-6.898195743560791016e-01 -4.352088570594787598e-01 1.593072712421417236e-01 -4.899738430976867676e-01 1.623246669769287109e-01 1.865366995334625244e-01 5.223333090543746948e-02 -3.211256861686706543e-01 -1.897343248128890991e-01 7.834405899047851562e-01 -6.289504766464233398e-01 7.347784936428070068e-03 -3.143627643585205078e-01 3.802682757377624512e-01 -7.606308907270431519e-02 8.639273233711719513e-03 1.281876116991043091e-01 1.026519984006881714e-01 -2.654718160629272461e-01 5.808833241462707520e-01 8.911923319101333618e-02 -5.660952329635620117e-01 -1.023995652794837952e-01 2.528022527694702148e-01 2.597802877426147461e-01 -6.778973340988159180e-01 -6.595815718173980713e-02 -6.226023286581039429e-02 2.836479544639587402e-01 -4.829097539186477661e-02 4.332422614097595215e-01 8.980482071638107300e-02 2.605694830417633057e-01 1.239521875977516174e-01 -4.810025691986083984e-01 3.702158033847808838e-01 3.574498295783996582e-01 -6.416496634483337402e-02 -1.752307415008544922e-01 -3.235636353492736816e-01 2.809099853038787842e-01 -5.340506136417388916e-02 7.995616793632507324e-01 -1.647791862487792969e-01 -8.026595413684844971e-02 7.794388383626937866e-02 4.662878513336181641e-01 1.407802104949951172e-01 -6.528142094612121582e-01 2.164953052997589111e-01 3.352981805801391602e-01 4.268067479133605957e-01 2.483300492167472839e-02 -4.311864823102951050e-02 1.134625822305679321e-02 1.221258640289306641e-01 8.947033882141113281e-01 7.111082077026367188e-01 1.008913442492485046e-01 7.545595616102218628e-02 -2.544785141944885254e-01 1.267116218805313110e-01 3.314315080642700195e-01 2.596045732498168945e-01
-6.363317370414733887e-01 -2.457845211029052734e-01 4.016255736351013184e-01 -3.310442268848419189e-01 3.679007291793823242e-01 2.658218741416931152e-01 -7.947555929422378540e-02 -2.215451300144195557e-01 -5.607525110244750977e-01 1.220180988311767578e+00 -5.610156059265136719e-01 1.168427169322967529e-01 -6.165913119912147522e-02 3.198441863059997559e-01 -1.804628074169158936e-01 2.239036560058593750e-01 1.409500688314437866e-01 2.393880486488342285e-01 -4.756094813346862793e-01 -2.451520785689353943e-02 3.519592881202697754e-01 4.924219474196434021e-02 -3.428816199302673340e-01 -1.664296984672546387e-01 3.545163571834564209e-01 -5.239934921264648438e-01 -2.147876173257827759e-01 -2.494299411773681641e-01 2.539386451244354248e-01 1.696283519268035889e-01 5.192312598228454590e-01 6.052641868591308594e-01 2.711008489131927490e-01 -6.582029163837432861e-03 -7.487694621086120605e-01 1.278906166553497314e-01 1.496444046497344971e-01 4.494596123695373535e-01 -1.630734205245971680e-01 -1.379299163818359375e-02 -3.614738285541534424e-01 4.173396229743957520e-01 1.443397253751754761e-01 -6.019439101219177246e-01 -2.847372591495513916e-01 3.543711900711059570e-01 7.182360291481018066e-01 -2.488830983638763428e-01 -4.417726993560791016e-01 2.173363864421844482e-01 2.401969879865646362e-01 4.634150266647338867e-01 -3.707986772060394287e-01 -3.370395600795745850e-01 4.139403700828552246e-01 -2.331214845180511475e-01 1.877023577690124512e-01 3.380244672298431396e-01 9.966140389442443848e-01 3.428224474191665649e-02 -1.950325667858123779e-01 3.795228898525238037e-02 1.819162368774414062e-01 1.571440994739532471e-01
-7.540978789329528809e-01 -2.567231059074401855e-01 3.563590943813323975e-01 -2.453906089067459106e-01 3.486579656600952148e-01 3.151192069053649902e-01 7.358022034168243408e-03 -2.720909118652343750e-01 -5.555408000946044922e-01 1.050956368446350098e+00 -4.705132544040679932e-01 4.237207025289535522e-02 -2.854480445384979248e-01 3.486065864562988281e-01 -1.536239087581634521e-01 1.938801407814025879e-01 9.636133164167404175e-02 1.622858196496963501e-01 -5.586808323860168457e-01 -2.278506383299827576e-02 1.337950229644775391e-01 -8.833929896354675293e-02 -2.428117096424102783e-01 -7.192262262105941772e-02 3.049851059913635254e-01 -5.960112214088439941e-01 -1.612521260976791382e-01 -1.815491020679473877e-01 3.329600691795349121e-01 1.917958855628967285e-01 6.292747259140014648e-01 5.001755952835083008e-01 3.054470717906951904e-01 -7.822396606206893921e-02 -6.131976246833801270e-01 1.339453160762786865e-01 1.918137371540069580e-01 2.242067307233810425e-01 -2.700674533843994141e-01 -7.662855833768844604e-02 -1.637675762176513672e-01 3.088385760784149170e-01 4.234340786933898926e-01 -4.744049310684204102e-01 -1.548323482275009155e-01 1.859305799007415771e-01 7.051674127578735352e-01 -1.005369722843170166e-01 -4.535782337188720703e-01 2.277635037899017334e-01 3.135316371917724609e-01 3.676675558090209961e-01 -2.938326001167297363e-01 -3.649662733078002930e-01 2.902856171131134033e-01 -1.974312961101531982e-01 4.680033028125762939e-01 4.288128316402435303e-01 7.548832297325134277e-01 -5.763438344001770020e-02 -2.664741873741149902e-01 4.968188703060150146e-03 2.175091058015823364e-01 2.034680545330047607e-01
-4.943002760410308838e-01 -3.604153394699096680e-01 -1.895696520805358887e-01 -3.063047826290130615e-01 -3.864111751317977905e-02 1.002923026680946350e-01 6.116752028465270996e-01 -2.620605230331420898e-01 -3.050947785377502441e-01 5.624554157257080078e-01 -5.320194959640502930e-01 -1.377571523189544678e-01 -5.847105383872985840e-01 -1.149384677410125732e-02 -3.936735689640045166e-01 -1.250069439411163330e-01 -2.603650689125061035e-01 3.860373795032501221e-02 -2.992805242538452148e-01 1.509730070829391479e-01 -7.711317390203475952e-02 -2.485518455505371094e-01 9.635094553232192993e-02 4.369774460792541504e-01 3.665573894977569580e-01 -5.909724831581115723e-01 1.359542310237884521e-01 -4.897229373455047607e-01 5.327062010765075684e-01 1.540141403675079346e-01 6.185603737831115723e-01 6.442089378833770752e-02 -1.366431266069412231e-01 -8.412119001150131226e-02 -7.972558587789535522e-02 5.865509510040283203e-01 4.071419239044189453e-01 -1.602501869201660156e-01 -5.395436286926269531e-02 -3.544636666774749756e-01 8.120274543762207031e-01 -3.627595901489257812e-01 4.747242331504821777e-01 -3.108051121234893799e-01 2.193486094474792480e-01 -2.328278720378875732e-01 4.883088469505310059e-01 5.820488333702087402e-01 -8.281548619270324707e-01 -1.811280101537704468e-01 3.460170030593872070e-01 -1.185787003487348557e-02 7.416926324367523193e-02 -3.687236309051513672e-01 1.052035167813301086e-01 2.085486352443695068e-01 8.748328089714050293e-01 5.189942717552185059e-01 -7.847648859024047852e-02 -2.921826541423797607e-01 -3.099949359893798828e-01 -3.387879133224487305e-01 1.496793329715728760e-01 5.795707702636718750e-01
-4.336832165718078613e-01 -3.798038363456726074e-01 -2.030462622642517090e-01 -3.506796658039093018e-01 -3.777172416448593140e-02 7.069390267133712769e-02 6.106235980987548828e-01 -2.917710244655609131e-01 -2.626378238201141357e-01 5.597988963127136230e-01 -5.685887336730957031e-01 -1.542563140392303467e-01 -5.634632110595703125e-01 -3.194516897201538086e-02 -3.671955168247222900e-01 -8.174306154251098633e-02 -1.880836337804794312e-01 5.383340269327163696e-02 -2.786669731140136719e-01 3.214567303657531738e-01 -9.114148467779159546e-02 -3.042609691619873047e-01 1.066186353564262390e-01 4.746717214584350586e-01 3.901119530200958252e-01 -5.168935060501098633e-01 1.484161466360092163e-01 -5.137196183204650879e-01 5.230547785758972168e-01 4.737653583288192749e-02 5.970811843872070312e-01 5.799919366836547852e-03 -9.688057750463485718e-02 -8.308040350675582886e-02 -4.852794855833053589e-02 6.787714362144470215e-01 3.756714761257171631e-01 -2.225127518177032471e-01 -1.191606298089027405e-01 -3.529591560363769531e-01 7.904383540153503418e-01 -3.996477127075195312e-01 5.391258597373962402e-01 -2.959647178649902344e-01 1.735592484474182129e-01 -2.598978877067565918e-01 4.948498010635375977e-01 5.572780966758728027e-01 -8.859366774559020996e-01 -1.596843600273132324e-01 3.815520405769348145e-01 9.978760965168476105e-03 9.937894344329833984e-02 -3.735952973365783691e-01 9.548492729663848877e-03 3.013882339000701904e-01 9.245851635932922363e-01 4.851593077182769775e-01 -1.788998097181320190e-01 -2.724075317382812500e-01 -2.980034947395324707e-01 -3.619609475135803223e-01 1.037502959370613098e-01 5.693255066871643066e-01
