-5.565868020057678223e-01 -3.169970512390136719e-01 -1.922399699687957764e-01 -6.157935261726379395e-01 -2.333577722311019897e-01 1.341758668422698975e-02 1.930212676525115967e-01 -4.110252261161804199e-01 -5.309789180755615234e-01 2.691080272197723389e-01 -4.333932399749755859e-01 7.210537791252136230e-03 -2.473588287830352783e-01 5.400729924440383911e-02 -1.394571065902709961e-01 2.967499569058418274e-02 1.496218442916870117e-01 -4.921522736549377441e-02 -2.437245547771453857e-01 -1.925089582800865173e-02 1.218544989824295044e-01 -2.274867296218872070e-01 -6.436382234096527100e-02 1.307131797075271606e-01 4.074505716562271118e-02 -5.665013790130615234e-01 -2.796312272548675537e-01 -3.055104017257690430e-01 3.526728749275207520e-01 7.584439218044281006e-02 6.159982085227966309e-01 2.718597352504730225e-01 1.145721375942230225e-01 2.235868871212005615e-01 -3.772346973419189453e-01 3.250330090522766113e-01 -1.035744920372962952e-01 -6.749840825796127319e-02 -5.578151717782020569e-02 3.556892275810241699e-02 2.121436595916748047e-01 -2.193450331687927246e-01 3.397900462150573730e-01 -1.134777516126632690e-01 3.307958245277404785e-01 2.249141782522201538e-01 4.875188767910003662e-01 2.399868518114089966e-01 -6.895039081573486328e-01 3.329553604125976562e-01 4.933021962642669678e-03 8.446338772773742676e-02 -2.870473638176918030e-02 -1.772048771381378174e-01 5.503152012825012207e-01 1.256784498691558838e-01 4.244734644889831543e-01 5.771847367286682129e-01 5.325687527656555176e-01 -9.744098782539367676e-02 -2.058984339237213135e-01 6.646975874900817871e-03 3.118462562561035156e-01 2.775309979915618896e-01
-2.569635510444641113e-01 -6.214213967323303223e-01 -2.826574742794036865e-01 -6.278170943260192871e-01 -4.805402159690856934e-01 9.398636966943740845e-02 4.959915280342102051e-01 -2.083022892475128174e-01 -6.610950827598571777e-01 5.594322085380554199e-02 -6.280652284622192383e-01 1.294030547142028809e-01 -3.166156113147735596e-01 -1.146851852536201477e-01 -6.733421236276626587e-02 -2.062165588140487671e-01 5.283955484628677368e-02 2.211426794528961182e-01 -9.599386155605316162e-02 1.986731290817260742e-01 1.114558801054954529e-01 1.285975985229015350e-02 2.271367609500885010e-02 1.958043873310089111e-01 7.027582079172134399e-02 -2.549735307693481445e-01 -3.850955963134765625e-01 -4.376941919326782227e-01 3.035544157028198242e-01 9.638933837413787842e-02 5.366123318672180176e-01 4.117686152458190918e-01 1.693423539400100708e-01 2.284006774425506592e-01 -1.960064321756362915e-01 4.562394022941589355e-01 1.766875535249710083e-01 -2.476849704980850220e-01 2.028100490570068359e-01 -1.801036298274993896e-01 3.840040564537048340e-01 -4.901671111583709717e-01 2.003978937864303589e-01 -2.166954129934310913e-01 2.748775184154510498e-01 4.259933531284332275e-02 4.792868793010711670e-01 6.254038810729980469e-01 -4.972420632839202881e-01 -7.555529475212097168e-03 1.493629962205886841e-01 -5.325452685356140137e-01 -1.034370660781860352e-01 -2.111209332942962646e-01 1.666690260171890259e-01 5.390007495880126953e-01 5.575275421142578125e-01 5.726377367973327637e-01 3.435149788856506348e-02 -1.889558136463165283e-01 -1.719365864992141724e-01 -3.939874470233917236e-02 2.344986498355865479e-01 5.613443851470947266e-01
-5.322634577751159668e-01 -5.186507701873779297e-01 4.103149175643920898e-01 -4.037003219127655029e-01 8.449973165988922119e-02 1.388146877288818359e-01 1.132101714611053467e-01 -1.315743029117584229e-01 -6.785684227943420410e-01 3.157235980033874512e-01 -4.102383852005004883e-01 1.200651377439498901e-01 -2.883119285106658936e-01 8.815874904394149780e-02 1.059325039386749268e-02 -3.480743765830993652e-01 3.182118535041809082e-01 1.961854100227355957e-01 7.528138160705566406e-02 1.813317090272903442e-02 4.087740480899810791e-01 -6.458391994237899780e-02 -3.818605542182922363e-01 -3.558069467544555664e-01 4.200652986764907837e-02 -5.470526814460754395e-01 -4.492100775241851807e-01 -1.254490911960601807e-01 -2.689861953258514404e-01 3.736933171749114990e-01 4.814162552356719971e-01 3.649087250232696533e-01 5.859931707382202148e-01 1.375167071819305420e-02 -2.292279750108718872e-01 4.055923819541931152e-01 2.566760778427124023e-01 2.259001284837722778e-01 -2.742496430873870850e-01 2.686756849288940430e-01 -2.320331186056137085e-01 -2.090522348880767822e-01 2.958487272262573242e-01 -4.623919129371643066e-01 -1.360345780849456787e-01 1.282406598329544067e-01 5.517776012420654297e-01 -1.601363122463226318e-01 -4.738686978816986084e-01 2.115880250930786133e-01 3.502848148345947266e-01 -1.352493315935134888e-01 -4.653333127498626709e-01 -2.130410671234130859e-01 5.589711070060729980e-01 2.721930295228958130e-02 1.293120831251144409e-01 4.826071262359619141e-01 5.673378109931945801e-01 2.293638288974761963e-01 2.656685709953308105e-01 3.595703840255737305e-01 4.110670983791351318e-01 2.076217085123062134e-01
-3.429309427738189697e-01 -4.129342436790466309e-01 4.274687170982360840e-01 -2.482551485300064087e-01 3.823179006576538086e-01 5.591260269284248352e-03 1.666156947612762451e-02 -1.380942761898040771e-01 -7.313256263732910156e-01 2.701420485973358154e-01 -2.742003798484802246e-01 -8.461213111877441406e-02 -4.895909428596496582e-01 2.583621740341186523e-01 -6.690371781587600708e-02 -3.007529079914093018e-01 4.556314945220947266e-01 3.668574094772338867e-01 -8.862313628196716309e-02 1.268907338380813599e-01 1.010257229208946228e-01 -2.642113864421844482e-01 -5.948341637849807739e-02 -4.631434679031372070e-01 -4.084099829196929932e-02 -6.575320959091186523e-01 -5.186341404914855957e-01 -1.302123069763183594e-01 -6.099653989076614380e-02 4.649607837200164795e-01 5.250868797302246094e-01 2.978215813636779785e-01 5.297814607620239258e-01 1.933832168579101562e-01 -1.753924041986465454e-01 1.158156543970108032e-01 3.192127943038940430e-01 1.959909051656723022e-01 -4.523182809352874756e-01 2.384367883205413818e-01 -1.369916796684265137e-01 -1.548167467117309570e-01 3.042093515396118164e-01 -5.355647802352905273e-01 -2.761480808258056641e-01 2.678837776184082031e-01 3.077940940856933594e-01 -2.428706586360931396e-01 -3.639783561229705811e-01 5.127931833267211914e-01 3.647956848144531250e-01 4.488007724285125732e-02 -4.656333029270172119e-01 -9.228876233100891113e-02 7.396965026855468750e-01 1.070163398981094360e-02 1.406657844781875610e-01 5.471670627593994141e-01 6.854436397552490234e-01 4.017435610294342041e-01 1.209020838141441345e-01 2.249634861946105957e-01 2.337957471609115601e-01 3.305976688861846924e-01
-4.997188150882720947e-01 -4.774193763732910156e-01 -3.166472017765045166e-01 -6.142840385437011719e-01 -2.261472344398498535e-01 1.428682804107666016e-01 3.218073248863220215e-01 -4.422575831413269043e-01 -6.933695077896118164e-01 2.264557629823684692e-01 -5.239621996879577637e-01 1.437792479991912842e-01 -3.022499978542327881e-01 -4.950352013111114502e-03 6.903328001499176025e-03 -4.106237366795539856e-02 1.234953105449676514e-01 -9.355110675096511841e-02 -1.714306771755218506e-01 2.467018067836761475e-01 2.541834115982055664e-02 -1.401818990707397461e-01 1.019913703203201294e-02 2.975455224514007568e-01 8.034969121217727661e-02 -4.670527577400207520e-01 -3.256877064704895020e-01 -3.929341733455657959e-01 3.919507563114166260e-01 -2.578321844339370728e-02 6.381692886352539062e-01 5.018228888511657715e-01 2.692283987998962402e-01 2.766906917095184326e-01 -1.700534969568252563e-01 4.471154808998107910e-01 -4.473812133073806763e-02 -1.883018463850021362e-01 2.106957882642745972e-02 -1.025133356451988220e-01 2.489935606718063354e-01 -4.660227000713348389e-01 3.195152878761291504e-01 -8.973249793052673340e-02 2.867377400398254395e-01 5.825914442539215088e-02 5.494160652160644531e-01 3.999916911125183105e-01 -6.217351555824279785e-01 1.790933907032012939e-01 2.298187166452407837e-01 -9.150779247283935547e-02 2.221981808543205261e-02 -1.567074358463287354e-01 4.023067653179168701e-02 2.469602525234222412e-01 5.633686184883117676e-01 6.409808397293090820e-01 2.185046076774597168e-01 -5.196390300989151001e-02 -2.036006301641464233e-01 2.282214164733886719e-02 1.694694012403488159e-01 2.113533616065979004e-01
-4.951542019844055176e-01 -3.201408982276916504e-01 1.352989673614501953e-01 -3.629560470581054688e-01 1.070265024900436401e-01 -8.800266683101654053e-02 1.556477844715118408e-01 -1.573389023542404175e-01 -4.508333802223205566e-01 5.481300354003906250e-01 -4.626754522323608398e-01 1.031468734145164490e-01 -1.878286451101303101e-01 1.508028805255889893e-01 -1.796645522117614746e-01 -1.434432119131088257e-01 3.642172515392303467e-01 2.086757123470306396e-01 -5.879288911819458008e-02 1.747346669435501099e-02 5.982323288917541504e-01 1.229848861694335938e-01 -5.381095409393310547e-01 -3.192781209945678711e-01 5.354506373405456543e-01 -4.532754421234130859e-01 -2.080874294042587280e-01 -2.739027738571166992e-01 -4.327536821365356445e-01 3.639283180236816406e-01 4.289307296276092529e-01 2.582013309001922607e-01 4.743811190128326416e-01 -1.162183582782745361e-01 -3.405669927597045898e-01 4.796507358551025391e-01 3.551713228225708008e-01 2.926742732524871826e-01 -2.693772912025451660e-01 1.068874895572662354e-01 -2.752792648971080780e-02 -2.590631842613220215e-01 1.536892354488372803e-02 -4.248581528663635254e-01 -1.991680562496185303e-01 2.337015718221664429e-01 4.938300251960754395e-01 -2.213103324174880981e-01 -2.380290925502777100e-01 -4.886989668011665344e-02 1.284000873565673828e-01 -8.168264478445053101e-02 -2.648214399814605713e-01 -4.519701004028320312e-01 6.184594035148620605e-01 1.157787591218948364e-01 3.102147206664085388e-02 4.623340368270874023e-01 7.124361991882324219e-01 7.120422273874282837e-02 2.941256165504455566e-01 1.893621683120727539e-01 2.657635509967803955e-01 4.204895496368408203e-01
-4.541374742984771729e-01 -4.554421305656433105e-01 3.148776590824127197e-01 -1.964585185050964355e-01 2.694627046585083008e-01 7.183249294757843018e-02 1.081627607345581055e-01 -2.380728721618652344e-02 -5.526335239410400391e-01 3.197976052761077881e-01 -3.478000164031982422e-01 6.095163524150848389e-02 -4.103932380676269531e-01 5.959060043096542358e-02 -1.235782727599143982e-01 -3.216561079025268555e-01 4.616782963275909424e-01 2.597554624080657959e-01 -3.054204583168029785e-02 4.981556534767150879e-02 3.281724154949188232e-01 -2.683698832988739014e-01 -3.624591827392578125e-01 -5.799607634544372559e-01 2.951478399336338043e-02 -3.898353278636932373e-01 -4.416874945163726807e-01 -4.266046360135078430e-02 -2.258353233337402344e-01 3.637770712375640869e-01 5.537104606628417969e-01 1.648356616497039795e-01 5.591909289360046387e-01 -3.943791240453720093e-02 -1.713972240686416626e-01 2.445682734251022339e-01 2.502403259277343750e-01 2.027877122163772583e-01 -5.750507712364196777e-01 4.430157542228698730e-01 -2.994021475315093994e-01 -3.085047006607055664e-02 4.682427644729614258e-01 -4.038839340209960938e-01 -2.001837641000747681e-01 2.961419224739074707e-01 2.787727713584899902e-01 -2.911605238914489746e-01 -3.044106066226959229e-01 4.702421426773071289e-01 1.989816278219223022e-01 3.714090585708618164e-02 -5.008996725082397461e-01 -2.461714446544647217e-01 7.862612605094909668e-01 -1.873653382062911987e-02 1.026751399040222168e-01 4.977400898933410645e-01 7.768691182136535645e-01 3.679645657539367676e-01 1.985307782888412476e-01 3.052621483802795410e-01 4.532292485237121582e-01 2.564269900321960449e-01
-5.436924695968627930e-01 -3.158070743083953857e-01 -2.340870201587677002e-01 -9.585198163986206055e-01 -1.654233187437057495e-01 -1.268298178911209106e-02 3.000487089157104492e-01 -3.604034483432769775e-01 -4.925819039344787598e-01 4.243282079696655273e-01 -5.797207355499267578e-01 2.953471541404724121e-01 -3.148911520838737488e-02 1.832377016544342041e-01 8.053940534591674805e-02 -6.402435153722763062e-02 2.929229736328125000e-01 -2.066555321216583252e-01 9.126393496990203857e-02 2.543230056762695312e-01 4.274602234363555908e-01 -9.733977168798446655e-02 -4.432782530784606934e-02 2.525843977928161621e-01 3.820302486419677734e-01 -5.099994540214538574e-01 -2.088164240121841431e-01 -1.878529191017150879e-01 1.655678004026412964e-01 -2.360122799873352051e-01 3.909916579723358154e-01 3.599127531051635742e-01 4.014965295791625977e-01 6.599894165992736816e-02 -3.560633659362792969e-01 7.396078109741210938e-01 1.338218301534652710e-01 -5.373413860797882080e-02 2.037136256694793701e-02 -1.129201427102088928e-01 1.387035250663757324e-01 -2.716230452060699463e-01 2.707619965076446533e-02 -2.765640616416931152e-03 2.728788554668426514e-01 9.354256093502044678e-02 7.540632486343383789e-01 -7.792456448078155518e-02 -7.013530731201171875e-01 -6.681785732507705688e-02 2.112730890512466431e-01 -1.479875296354293823e-01 -4.981946200132369995e-03 -3.631110489368438721e-01 1.453927457332611084e-01 7.951409369707107544e-02 5.672077536582946777e-01 7.002443075180053711e-01 7.807579636573791504e-02 1.849224865436553955e-01 -1.803272813558578491e-01 -1.103082448244094849e-01 1.615328192710876465e-01 -1.663578487932682037e-02
-6.679220199584960938e-01 -3.151476085186004639e-01 5.415014177560806274e-02 -7.090254426002502441e-01 -2.066428959369659424e-01 8.822802454233169556e-02 1.476726830005645752e-01 -2.613362371921539307e-01 -3.005093932151794434e-01 6.604408621788024902e-01 -4.926234483718872070e-01 1.706711351871490479e-01 7.584311068058013916e-02 1.183069720864295959e-01 -1.026550009846687317e-01 4.623097553849220276e-02 3.819636106491088867e-01 -2.159579396247863770e-01 -3.895847499370574951e-02 -4.566100612282752991e-02 6.013039350509643555e-01 4.927171021699905396e-02 -5.488289594650268555e-01 -4.652269929647445679e-02 4.296512007713317871e-01 -4.942768216133117676e-01 -1.770472675561904907e-01 -2.236636877059936523e-01 -2.901850640773773193e-01 7.612695544958114624e-02 3.186446726322174072e-01 2.567352652549743652e-01 3.679948449134826660e-01 3.363292664289474487e-02 -5.606257915496826172e-01 6.653036475181579590e-01 2.797003835439682007e-02 3.194313943386077881e-01 -4.053092747926712036e-02 2.307308912277221680e-01 -9.283539652824401855e-02 -1.205733940005302429e-01 1.643781363964080811e-01 -1.389283984899520874e-01 9.793399274349212646e-02 2.652354836463928223e-01 7.252867221832275391e-01 -1.607003957033157349e-01 -5.786078572273254395e-01 -2.022104710340499878e-02 6.562630832195281982e-02 1.245033517479896545e-01 -9.105937182903289795e-02 -2.838805317878723145e-01 4.873939156532287598e-01 -7.497166842222213745e-02 1.279426366090774536e-01 4.466320872306823730e-01 6.865189671516418457e-01 -8.740971982479095459e-02 2.327831238508224487e-01 3.166362941265106201e-01 4.305215775966644287e-01 1.936639398336410522e-01
-6.554766297340393066e-01 -3.842803239822387695e-01 9.995720535516738892e-02 -4.214376211166381836e-01 9.408871829509735107e-02 2.753926217555999756e-01 1.687397956848144531e-01 -1.660221517086029053e-01 -4.551907777786254883e-01 3.547208607196807861e-01 -4.890219271183013916e-01 1.411262303590774536e-01 -2.142354249954223633e-01 -4.487707465887069702e-02 -8.544714003801345825e-02 -1.959705650806427002e-01 4.060975015163421631e-01 -6.768787652254104614e-02 -1.056218147277832031e-02 1.136217787861824036e-01 3.173711001873016357e-01 -2.659899592399597168e-01 -4.374274611473083496e-01 -2.341661453247070312e-01 -5.919965356588363647e-02 -2.746001482009887695e-01 -4.025929570198059082e-01 2.177398651838302612e-02 -1.151975691318511963e-01 -2.333468943834304810e-02 5.393639802932739258e-01 1.218465715646743774e-01 4.499667882919311523e-01 4.398989677429199219e-02 -2.574763894081115723e-01 3.195243477821350098e-01 9.608210623264312744e-02 6.648281216621398926e-02 -4.632645845413208008e-01 4.473060667514801025e-01 -3.091428279876708984e-01 -3.926204144954681396e-02 6.430690884590148926e-01 -5.725860595703125000e-02 1.036938466131687164e-02 1.920415312051773071e-01 3.868572711944580078e-01 -1.318700909614562988e-01 -5.162738561630249023e-01 3.855015039443969727e-01 8.023218810558319092e-02 2.238722443580627441e-01 -4.511460363864898682e-01 -3.830834031105041504e-01 5.411236882209777832e-01 -9.296811372041702271e-02 1.368738859891891479e-01 3.986388444900512695e-01 6.926613450050354004e-01 1.740485727787017822e-01 1.073662266135215759e-01 3.450523316860198975e-01 6.099265217781066895e-01 -8.891724050045013428e-02
-7.163111567497253418e-01 -1.848082244396209717e-01 -1.677748262882232666e-01 -4.094160497188568115e-01 7.434557378292083740e-02 -7.054560631513595581e-02 1.503835618495941162e-01 -4.747641086578369141e-01 -4.942107200622558594e-01 2.708765268325805664e-01 -4.161324799060821533e-01 1.453165411949157715e-01 -4.295481443405151367e-01 2.598412036895751953e-01 -9.200768917798995972e-02 7.821871340274810791e-02 2.176228761672973633e-01 -5.281452089548110962e-02 -2.273814082145690918e-01 1.066023409366607666e-01 1.784084886312484741e-01 -3.422516584396362305e-01 -8.321955800056457520e-02 6.093550473451614380e-03 2.937212586402893066e-01 -6.235549449920654297e-01 -1.885664165019989014e-01 -1.797194480895996094e-01 1.098066568374633789e-01 1.790722757577896118e-01 6.159124970436096191e-01 2.185547649860382080e-01 4.442137181758880615e-01 -9.153974801301956177e-02 -2.246655672788619995e-01 3.448037505149841309e-01 1.223399043083190918e-01 -7.582475990056991577e-02 -5.143818259239196777e-01 -3.824599832296371460e-02 1.077595427632331848e-01 -3.315580487251281738e-01 3.472002744674682617e-01 -1.488088518381118774e-01 1.987514644861221313e-01 2.715367823839187622e-02 5.139435529708862305e-01 -1.216815486550331116e-01 -5.513104200363159180e-01 2.930004596710205078e-01 1.373950988054275513e-01 9.542800486087799072e-02 -2.282325178384780884e-03 -2.734959423542022705e-01 4.454325437545776367e-01 -6.411551684141159058e-02 5.074303150177001953e-01 6.875972747802734375e-01 3.395456969738006592e-01 1.407537460327148438e-01 -2.732567489147186279e-02 -6.178288534283638000e-02 3.420409560203552246e-01 1.937163770198822021e-01
-5.259950160980224609e-01 -3.738729953765869141e-01 -4.187822937965393066e-01 -6.778585910797119141e-01 -3.539891839027404785e-01 6.172472983598709106e-02 4.908656477928161621e-01 -3.838176131248474121e-01 -6.083171963691711426e-01 8.889042586088180542e-02 -5.811945199966430664e-01 1.734215319156646729e-01 -2.656656801700592041e-01 -1.281486451625823975e-02 -1.627574265003204346e-01 2.571285143494606018e-02 1.428138744086027145e-02 1.392062753438949585e-03 -1.776687204837799072e-01 2.183789759874343872e-01 1.202202737331390381e-01 -1.780717968940734863e-01 1.738554388284683228e-01 3.152500987052917480e-01 2.565784752368927002e-01 -2.646329700946807861e-01 -2.808533608913421631e-01 -4.270396828651428223e-01 4.191642701625823975e-01 -3.161601722240447998e-03 5.382826328277587891e-01 3.234021961688995361e-01 2.598604559898376465e-01 1.533833891153335571e-01 -1.502941399812698364e-01 4.624019861221313477e-01 1.550834327936172485e-01 -2.978017628192901611e-01 -3.754974901676177979e-02 -2.420037984848022461e-01 3.232220113277435303e-01 -4.781757891178131104e-01 2.496956139802932739e-01 -7.712350785732269287e-02 3.808283209800720215e-01 -6.179042160511016846e-02 4.923076033592224121e-01 3.878219127655029297e-01 -5.662230253219604492e-01 9.237661957740783691e-03 6.828559935092926025e-02 -3.461772203445434570e-01 4.319033399224281311e-02 -3.312846720218658447e-01 9.616450965404510498e-02 3.251883983612060547e-01 6.695227622985839844e-01 6.433680653572082520e-01 1.748574338853359222e-02 -8.627422153949737549e-02 -2.776220738887786865e-01 -1.924879252910614014e-01 2.442890703678131104e-01 3.793483674526214600e-01
-5.927599668502807617e-01 -3.324347436428070068e-01 -2.145684063434600830e-01 -4.698572754859924316e-01 -2.807970345020294189e-02 5.082115158438682556e-02 3.482515811920166016e-01 -3.782855272293090820e-01 -6.684886813163757324e-01 1.699355244636535645e-01 -5.032629966735839844e-01 1.441076844930648804e-01 -4.248476624488830566e-01 6.453380733728408813e-02 -1.135531142354011536e-01 -1.058953404426574707e-01 1.137753576040267944e-01 4.711203277111053467e-03 -6.149977445602416992e-02 2.824971973896026611e-01 1.462879478931427002e-01 -2.623021304607391357e-01 9.360611438751220703e-03 1.578671336174011230e-01 2.294394671916961670e-01 -4.252823889255523682e-01 -2.738641202449798584e-01 -2.976825535297393799e-01 2.490003705024719238e-01 4.412021487951278687e-02 6.961986422538757324e-01 3.251390755176544189e-01 3.670847415924072266e-01 7.420989871025085449e-02 -5.039294064044952393e-02 4.421762228012084961e-01 1.161106824874877930e-01 -1.507113128900527954e-01 -2.860121428966522217e-01 -9.758939594030380249e-02 1.435120552778244019e-01 -4.841816723346710205e-01 3.327288031578063965e-01 -1.521619409322738647e-01 1.989295184612274170e-01 -8.092504739761352539e-02 4.974886476993560791e-01 1.317935436964035034e-01 -5.673720836639404297e-01 1.750535070896148682e-01 3.131381869316101074e-01 -1.136461198329925537e-01 -1.292112320661544800e-01 -3.667606115341186523e-01 1.797078996896743774e-01 1.175342574715614319e-01 5.086303949356079102e-01 6.605198383331298828e-01 1.652895212173461914e-01 1.271161139011383057e-01 -1.042873188853263855e-01 -1.188241094350814819e-01 1.805588603019714355e-01 2.062898725271224976e-01
-4.988327920436859131e-01 -4.428664743900299072e-01 -2.165995538234710693e-01 -4.898192882537841797e-01 -2.073410302400588989e-01 2.645987644791603088e-02 2.435891181230545044e-01 -3.501293659210205078e-01 -4.534024000167846680e-01 1.577472388744354248e-01 -4.172298610210418701e-01 7.163619995117187500e-02 -4.123663306236267090e-01 -2.534031867980957031e-03 -1.498911976814270020e-01 -6.070917472243309021e-02 1.656181365251541138e-01 -9.678900241851806641e-03 -1.566174924373626709e-01 9.462068974971771240e-02 1.608509272336959839e-01 -3.230143189430236816e-01 -1.671590954065322876e-01 3.943013399839401245e-02 2.900574170053005219e-02 -6.367086768150329590e-01 -3.514528572559356689e-01 -2.140524983406066895e-01 1.807799488306045532e-01 1.142041534185409546e-01 6.535642147064208984e-01 2.602394521236419678e-01 8.447448909282684326e-02 1.631501615047454834e-01 -2.554237246513366699e-01 2.812394499778747559e-01 -2.693118900060653687e-02 -8.492027968168258667e-02 -1.172946244478225708e-01 2.484468370676040649e-02 1.983440220355987549e-01 -3.377263844013214111e-01 4.548243880271911621e-01 -6.573253870010375977e-02 2.730396687984466553e-01 1.713266819715499878e-01 3.471083045005798340e-01 2.584429979324340820e-01 -6.463090777397155762e-01 3.258329331874847412e-01 3.429068624973297119e-02 2.011610120534896851e-01 1.610707119107246399e-02 -1.268918067216873169e-01 6.085853576660156250e-01 1.134507209062576294e-01 4.865186810493469238e-01 6.717934608459472656e-01 5.083546042442321777e-01 -6.139835715293884277e-02 -1.411726772785186768e-01 1.859762966632843018e-01 4.451880753040313721e-01 3.435316085815429688e-01
-3.836952745914459229e-01 -3.580999970436096191e-01 -2.043665945529937744e-01 -3.445863127708435059e-01 -4.439962655305862427e-02 8.810872584581375122e-02 3.730993270874023438e-01 -3.595841526985168457e-01 -6.257571578025817871e-01 3.123216629028320312e-01 -6.125408411026000977e-01 7.906928658485412598e-02 -4.683235883712768555e-01 4.012132436037063599e-02 -1.289365291595458984e-01 -3.704794868826866150e-02 1.497958451509475708e-01 3.894163668155670166e-01 -2.528195977210998535e-01 1.350150406360626221e-01 7.026769220829010010e-02 3.429927676916122437e-02 6.407141685485839844e-03 1.083421483635902405e-01 2.143916189670562744e-01 -3.209693133831024170e-01 -2.621058821678161621e-01 -4.226766824722290039e-01 1.313835382461547852e-01 2.735607922077178955e-01 5.224711894989013672e-01 3.492423892021179199e-01 2.948732078075408936e-01 1.058603823184967041e-01 -1.606097966432571411e-01 3.544435501098632812e-01 3.349272608757019043e-01 -1.396038532257080078e-01 -1.668512821197509766e-01 -1.422619521617889404e-01 2.081112712621688843e-01 -4.436461031436920166e-01 6.228491663932800293e-03 -3.930972218513488770e-01 1.225110217928886414e-01 3.334552794694900513e-02 5.308034420013427734e-01 1.925250142812728882e-01 -4.249921739101409912e-01 4.747800529003143311e-02 2.816329002380371094e-01 -2.812538146972656250e-01 -2.956788241863250732e-01 -3.462703526020050049e-01 2.332262247800827026e-01 2.911571860313415527e-01 3.421228826045989990e-01 5.442299246788024902e-01 2.610704600811004639e-01 8.734434098005294800e-02 -1.211855858564376831e-01 -2.168840020895004272e-01 1.473610103130340576e-01 4.211162328720092773e-01
-6.127872467041015625e-01 -2.084144502878189087e-01 -1.029841527342796326e-01 -3.557026088237762451e-01 -3.220780566334724426e-02 -1.366961896419525146e-01 1.514016687870025635e-01 -4.220734834671020508e-01 -4.292754530906677246e-01 4.196009933948516846e-01 -5.182896852493286133e-01 1.864499449729919434e-01 -3.389929234981536865e-01 2.987025380134582520e-01 -1.385606229305267334e-01 3.033748641610145569e-02 2.642321586608886719e-01 1.956325471401214600e-01 -2.030840814113616943e-01 6.226329877972602844e-02 2.901521325111389160e-01 -5.524371564388275146e-02 -3.150311708450317383e-01 -5.278784781694412231e-02 4.864054322242736816e-01 -4.681811332702636719e-01 -1.173457354307174683e-01 -3.367019593715667725e-01 -1.200950145721435547e-01 3.850607872009277344e-01 5.507915616035461426e-01 2.613678276538848877e-01 4.022284448146820068e-01 -1.034590825438499451e-01 -3.606470227241516113e-01 5.536505579948425293e-01 1.750867515802383423e-01 -3.295506164431571960e-02 -4.087410271167755127e-01 -5.099388211965560913e-02 1.947876065969467163e-01 -3.927932679653167725e-01 1.194377541542053223e-01 -3.583608269691467285e-01 2.011505365371704102e-01 2.638737112283706665e-02 6.189357042312622070e-01 -9.354650974273681641e-02 -4.719125330448150635e-01 5.160497874021530151e-02 1.161340028047561646e-01 -2.122969031333923340e-01 -1.644833385944366455e-01 -2.967281341552734375e-01 2.966575622558593750e-01 1.817731857299804688e-01 3.234862089157104492e-01 5.093535184860229492e-01 3.491742014884948730e-01 -5.131345614790916443e-02 1.593500375747680664e-01 -2.939909696578979492e-02 2.265566885471343994e-01 3.904936313629150391e-01
-4.018397629261016846e-01 -4.499855339527130127e-01 -2.006882131099700928e-01 -6.706885099411010742e-01 -1.454414874315261841e-01 5.936104059219360352e-02 3.210666775703430176e-01 -2.682631611824035645e-01 -6.141985058784484863e-01 2.889566421508789062e-01 -5.339739322662353516e-01 1.492832154035568237e-01 -1.931535303592681885e-01 6.435600668191909790e-02 -3.283474594354629517e-02 -1.277451664209365845e-01 2.975774705410003662e-01 -4.702754318714141846e-03 3.092058748006820679e-02 2.543966770172119141e-01 3.656506240367889404e-01 -1.087928786873817444e-01 -8.979329466819763184e-02 9.720752388238906860e-02 2.977493703365325928e-01 -3.313122689723968506e-01 -3.518098294734954834e-01 -2.975014746189117432e-01 5.973222851753234863e-02 -1.316033899784088135e-01 5.635390877723693848e-01 3.655222356319427490e-01 3.977265655994415283e-01 2.015703022480010986e-01 -3.265552520751953125e-01 6.023471355438232422e-01 9.591519832611083984e-02 -1.308645606040954590e-01 -4.650126397609710693e-02 -1.629382371902465820e-02 3.536494076251983643e-02 -3.383856117725372314e-01 1.674827635288238525e-01 -1.562965065240859985e-01 2.728959023952484131e-01 7.538430392742156982e-03 5.914279818534851074e-01 5.823947489261627197e-02 -5.874031186103820801e-01 1.225758418440818787e-01 1.640617698431015015e-01 -2.213593125343322754e-01 -9.928095340728759766e-02 -3.085407018661499023e-01 1.661341339349746704e-01 1.567031294107437134e-01 4.501608312129974365e-01 5.863714218139648438e-01 2.134761661291122437e-01 6.462121754884719849e-02 -1.013548970222473145e-01 4.523013532161712646e-02 2.418091595172882080e-01 1.470787227153778076e-01
-6.375946998596191406e-01 -3.188130855560302734e-01 -8.472671359777450562e-02 -4.411232471466064453e-01 2.503810822963714600e-02 6.661567091941833496e-02 2.165464460849761963e-01 -4.136739373207092285e-01 -6.485102772712707520e-01 3.649476766586303711e-01 -5.111474990844726562e-01 1.978436112403869629e-01 -2.968382537364959717e-01 8.055708557367324829e-02 -1.083707064390182495e-02 -1.907059177756309509e-02 2.346466332674026489e-01 1.008930802345275879e-02 -1.867409348487854004e-01 5.851317197084426880e-02 1.355907320976257324e-01 -1.235161498188972473e-01 -1.483583003282546997e-01 -4.608456045389175415e-02 2.515828609466552734e-01 -4.289588332176208496e-01 -2.736268639564514160e-01 -3.269618749618530273e-01 1.020402982831001282e-01 1.505136191844940186e-01 6.087523698806762695e-01 2.610564827919006348e-01 4.701489806175231934e-01 -2.315022051334381104e-02 -2.500397562980651855e-01 5.496197342872619629e-01 1.638086289167404175e-01 -4.146710783243179321e-02 -3.617868423461914062e-01 3.157649189233779907e-02 9.427148848772048950e-02 -4.018410742282867432e-01 2.428169995546340942e-01 -2.082501500844955444e-01 1.693153232336044312e-01 3.270944207906723022e-02 5.017894506454467773e-01 -2.638265490531921387e-03 -5.295870304107666016e-01 1.114757880568504333e-01 2.510020732879638672e-01 -2.277411222457885742e-01 -2.485331147909164429e-01 -3.657965064048767090e-01 2.189498394727706909e-01 1.813812851905822754e-01 4.090973734855651855e-01 5.345868468284606934e-01 2.242976129055023193e-01 3.435760736465454102e-04 2.609978988766670227e-02 1.994556188583374023e-02 2.227712422609329224e-01 2.299222946166992188e-01
-3.607469797134399414e-01 -3.500758111476898193e-01 -5.560905933380126953e-01 -8.361995220184326172e-01 -6.534129381179809570e-01 -4.586624354124069214e-02 3.495548069477081299e-01 -4.080534875392913818e-01 -4.852243065834045410e-01 4.078634977340698242e-01 -7.147128582000732422e-01 1.719279885292053223e-01 -1.674443483352661133e-01 2.271771728992462158e-01 -5.576170980930328369e-03 1.096196919679641724e-01 1.398210674524307251e-01 6.969212740659713745e-02 -3.810259699821472168e-02 3.811169266700744629e-01 2.132343202829360962e-01 3.295477479696273804e-02 7.142217457294464111e-02 5.521137118339538574e-01 4.228323101997375488e-01 -5.546190142631530762e-01 -2.354165464639663696e-01 -4.803056120872497559e-01 3.333795666694641113e-01 -7.091272622346878052e-02 3.901003301143646240e-01 5.195799469947814941e-01 6.077642738819122314e-02 2.673036754131317139e-01 -3.362141251564025879e-01 4.227368235588073730e-01 -4.828237742185592651e-02 -8.152928203344345093e-02 4.755093157291412354e-01 -4.806502759456634521e-01 4.458073675632476807e-01 -3.609408438205718994e-01 -7.054606080055236816e-02 -1.673363596200942993e-01 3.829461634159088135e-01 4.819548875093460083e-02 8.000506758689880371e-01 3.182224035263061523e-01 -5.742666125297546387e-01 -4.355593770742416382e-02 5.053922533988952637e-02 -2.232157066464424133e-02 3.387577533721923828e-01 -2.921756729483604431e-02 9.696204960346221924e-02 2.485635876655578613e-01 5.889396667480468750e-01 7.058725357055664062e-01 1.341235935688018799e-01 -1.340664923191070557e-03 -3.172049224376678467e-01 -2.631005942821502686e-01 1.695367991924285889e-01 3.520782589912414551e-01
-6.195811033248901367e-01 -1.993983685970306396e-01 1.194823309779167175e-01 -3.941116631031036377e-01 -1.566522568464279175e-02 4.955430328845977783e-02 2.348691225051879883e-02 -1.732610017061233521e-01 -4.875916838645935059e-01 6.176077127456665039e-01 -4.042699635028839111e-01 4.986684396862983704e-02 -2.142350003123283386e-02 1.838821172714233398e-01 -1.883722841739654541e-01 -5.553729087114334106e-02 3.595483303070068359e-01 -2.036693990230560303e-01 -3.241087496280670166e-02 -1.812619715929031372e-01 5.032770037651062012e-01 3.893924504518508911e-02 -4.486741423606872559e-01 -3.542285263538360596e-01 5.830217599868774414e-01 -4.092469215393066406e-01 -2.642806172370910645e-01 -2.577408850193023682e-01 -3.571873903274536133e-01 1.261011362075805664e-01 3.867594301700592041e-01 1.303136795759201050e-01 5.531440973281860352e-01 -4.980549216270446777e-02 -5.038344860076904297e-01 5.764007568359375000e-01 -1.024889945983886719e-02 3.719727694988250732e-01 -2.169555127620697021e-01 2.609171271324157715e-01 -2.230390310287475586e-01 2.289174683392047882e-02 2.077892273664474487e-01 -3.264463543891906738e-01 2.447261661291122437e-02 2.600463628768920898e-01 6.242442727088928223e-01 -4.502955079078674316e-01 -5.506995916366577148e-01 1.779920756816864014e-01 2.242630720138549805e-02 -3.420100547373294830e-03 -1.199099868535995483e-01 -3.062421679496765137e-01 6.377239227294921875e-01 -4.765886813402175903e-02 1.191955953836441040e-01 3.524672985076904297e-01 7.206979990005493164e-01 -3.407388180494308472e-02 2.511271536350250244e-01 2.237895131111145020e-01 2.999989092350006104e-01 2.068369835615158081e-01
-5.028932690620422363e-01 -3.401882946491241455e-01 -3.081722855567932129e-01 -5.734705924987792969e-01 -1.370946317911148071e-01 -1.093846783041954041e-01 3.893324136734008789e-01 -3.709332346916198730e-01 -6.038738489151000977e-01 2.747544348239898682e-01 -5.977990627288818359e-01 2.154620885848999023e-01 -3.017117977142333984e-01 9.341474622488021851e-02 -1.288001239299774170e-01 -1.844504103064537048e-02 8.196550607681274414e-02 2.262387573719024658e-01 -1.270082145929336548e-01 3.112760186195373535e-01 2.374562919139862061e-01 -1.512064933776855469e-01 6.468448042869567871e-02 2.161318659782409668e-01 4.157446026802062988e-01 -3.593918979167938232e-01 -2.393054217100143433e-01 -4.308861792087554932e-01 2.274999916553497314e-01 1.782981157302856445e-01 4.550957083702087402e-01 3.139097690582275391e-01 3.970496356487274170e-01 6.421518325805664062e-02 -9.530247747898101807e-02 4.724109172821044922e-01 3.437494635581970215e-01 -2.027770876884460449e-01 -1.742024123668670654e-01 -3.276172876358032227e-01 2.967287600040435791e-01 -5.413718223571777344e-01 2.337920665740966797e-02 -2.003321200609207153e-01 1.442157328128814697e-01 -1.491043567657470703e-01 4.766383171081542969e-01 1.817557364702224731e-01 -3.871084749698638916e-01 -5.408707261085510254e-02 2.036078125238418579e-01 -3.072909712791442871e-01 5.596302449703216553e-03 -3.839773833751678467e-01 3.343093395233154297e-02 2.898282110691070557e-01 5.613653659820556641e-01 6.933802962303161621e-01 1.749430038034915924e-02 1.219306662678718567e-01 -1.798310428857803345e-01 -1.782128810882568359e-01 1.444543004035949707e-01 3.795938789844512939e-01
-3.369609117507934570e-01 -2.977317869663238525e-01 -6.460274457931518555e-01 -6.775317192077636719e-01 -4.093425273895263672e-01 9.227627515792846680e-02 3.613261580467224121e-01 -5.229377150535583496e-01 -4.421916902065277100e-01 5.739225149154663086e-01 -7.219060659408569336e-01 1.411437243223190308e-01 -8.134230971336364746e-02 1.358090639114379883e-01 -2.081113308668136597e-02 1.321169137954711914e-01 1.931614428758621216e-01 2.256799638271331787e-01 -2.560138702392578125e-01 3.229536116123199463e-01 2.427076101303100586e-01 3.981639444828033447e-01 4.055519402027130127e-02 5.189623236656188965e-01 5.192139148712158203e-01 -2.678832709789276123e-01 -8.784221112728118896e-02 -5.225594639778137207e-01 1.003317609429359436e-01 4.408478736877441406e-03 3.613491356372833252e-01 5.483995676040649414e-01 1.122082471847534180e-01 1.669274568557739258e-01 -2.919985055923461914e-01 5.322301983833312988e-01 1.096915602684020996e-01 -1.653954535722732544e-01 3.768566548824310303e-01 -3.604739308357238770e-01 4.287287592887878418e-01 -4.552721977233886719e-01 -3.605772852897644043e-01 -2.784515619277954102e-01 2.318750619888305664e-01 6.706432998180389404e-02 6.754485368728637695e-01 2.000571936368942261e-01 -3.643215596675872803e-01 -3.453272283077239990e-01 1.338705420494079590e-03 -2.368890345096588135e-01 1.290911436080932617e-01 -3.099358081817626953e-01 -1.488130390644073486e-01 4.483043849468231201e-01 3.668098151683807373e-01 4.658243060111999512e-01 1.855839341878890991e-01 -3.616750985383987427e-02 -3.161447942256927490e-01 -3.230786025524139404e-01 -3.784263506531715393e-02 3.112783432006835938e-01
-3.162834048271179199e-01 -5.336709022521972656e-01 -1.889876127243041992e-01 -9.919470548629760742e-01 -5.220688581466674805e-01 1.257605254650115967e-01 4.102289080619812012e-01 -2.993980050086975098e-01 -7.148874998092651367e-01 1.891576796770095825e-01 -4.845966398715972900e-01 8.129356801509857178e-02 -1.377884298563003540e-01 9.672167152166366577e-02 -5.304456502199172974e-02 -1.567133814096450806e-01 2.121745198965072632e-01 4.791899770498275757e-02 -4.581129550933837891e-02 2.593147754669189453e-01 3.512999117374420166e-01 -3.072232007980346680e-03 1.895930618047714233e-01 5.382104516029357910e-01 4.387415200471878052e-02 -5.444439649581909180e-01 -4.263414740562438965e-01 -3.950515985488891602e-01 3.973766863346099854e-01 -4.682993143796920776e-02 4.449741244316101074e-01 6.804976463317871094e-01 1.410613209009170532e-01 4.375515878200531006e-01 -3.246677517890930176e-01 4.217786192893981934e-01 -6.887186318635940552e-02 -1.338144987821578979e-01 3.959816396236419678e-01 -1.902562677860260010e-01 1.975167393684387207e-01 -3.671183288097381592e-01 -7.721462100744247437e-02 -2.372145801782608032e-01 4.580832123756408691e-01 2.839407324790954590e-02 7.898929715156555176e-01 3.465147018432617188e-01 -7.335902452468872070e-01 7.146134227514266968e-02 2.455317527055740356e-01 -2.809214890003204346e-01 -2.623863890767097473e-02 4.398634284734725952e-02 1.506637185811996460e-01 1.745040416717529297e-01 4.285576343536376953e-01 6.475202441215515137e-01 1.978823095560073853e-01 -3.423489630222320557e-02 -3.037200868129730225e-01 -3.201652318239212036e-02 1.135617569088935852e-01 2.524082064628601074e-01
-3.532373011112213135e-01 -2.907454371452331543e-01 -3.020468056201934814e-01 -8.720210194587707520e-01 -1.113819032907485962e-01 3.185393661260604858e-02 4.918479919433593750e-01 -3.121709823608398438e-01 -6.186768412590026855e-01 1.486212611198425293e-01 -5.068632960319519043e-01 9.643211960792541504e-02 -2.088952660560607910e-01 9.936199337244033813e-02 -3.100953996181488037e-02 -1.470304578542709351e-01 2.667932212352752686e-01 -8.488579094409942627e-02 -2.357391268014907837e-02 4.962681829929351807e-01 1.220122724771499634e-01 -2.293933033943176270e-01 3.207860589027404785e-01 3.996587097644805908e-01 2.994844019412994385e-01 -4.547193944454193115e-01 -3.315888047218322754e-01 -3.399968147277832031e-01 4.657492339611053467e-01 -2.710019946098327637e-01 4.563278555870056152e-01 4.195703566074371338e-01 3.240894079208374023e-01 3.016898632049560547e-01 -5.426523089408874512e-02 4.854189157485961914e-01 1.928218454122543335e-01 -2.301755547523498535e-01 -2.664633095264434814e-02 -1.916295886039733887e-01 3.193521201610565186e-01 -4.309727251529693604e-01 1.451242715120315552e-01 -6.530217826366424561e-02 1.993367224931716919e-01 6.151095032691955566e-03 5.661529898643493652e-01 2.241002172231674194e-01 -6.180371046066284180e-01 6.232406944036483765e-02 3.485374450683593750e-01 -1.438302099704742432e-01 1.126394048333168030e-02 -3.382755815982818604e-01 6.399837136268615723e-02 2.170470952987670898e-01 7.093707919120788574e-01 8.102256655693054199e-01 2.157167904078960419e-02 1.548900902271270752e-01 -4.035928845405578613e-01 -2.168766409158706665e-01 -5.343735218048095703e-02 1.899167895317077637e-01
-5.162715911865234375e-01 -4.196871221065521240e-01 -3.594860136508941650e-01 -4.419309198856353760e-01 -3.560783863067626953e-01 1.113787591457366943e-01 3.418825864791870117e-01 -4.235031306743621826e-01 -5.667612552642822266e-01 3.266127705574035645e-01 -6.040600538253784180e-01 1.104122698307037354e-01 -3.649525642395019531e-01 -1.064892262220382690e-01 -8.124101907014846802e-02 7.721292972564697266e-02 3.550835698843002319e-02 1.083096116781234741e-02 -2.305761277675628662e-01 3.192336112260818481e-02 1.438856720924377441e-01 -7.214069366455078125e-03 -5.037085711956024170e-02 1.006962731480598450e-01 1.578165292739868164e-01 -3.710041344165802002e-01 -2.134084552526473999e-01 -4.726360738277435303e-01 1.787952780723571777e-01 1.059033721685409546e-01 6.396324634552001953e-01 3.740201592445373535e-01 2.658836841583251953e-01 8.494591712951660156e-02 -1.592158526182174683e-01 5.654183030128479004e-01 -7.492713630199432373e-02 -9.213902801275253296e-02 -7.235866785049438477e-02 -9.301427751779556274e-02 1.652401983737945557e-01 -3.647870719432830811e-01 2.347407490015029907e-01 -3.037292361259460449e-01 2.856433987617492676e-01 8.554525673389434814e-02 5.240498185157775879e-01 1.564326584339141846e-01 -6.063104271888732910e-01 1.223336681723594666e-01 3.808446228504180908e-02 -1.815893501043319702e-02 -3.556433692574501038e-02 -2.089738845825195312e-01 3.081873655319213867e-01 3.079789578914642334e-01 4.189590811729431152e-01 4.747526049613952637e-01 3.539105057716369629e-01 -1.125711500644683838e-01 -1.382263898849487305e-01 3.473512828350067139e-03 2.876389920711517334e-01 4.344714283943176270e-01
-4.243155419826507568e-01 -2.505730092525482178e-01 -3.450683355331420898e-01 -5.606299042701721191e-01 -2.188626080751419067e-01 1.190293058753013611e-01 4.043870568275451660e-01 -4.906941652297973633e-01 -6.640430092811584473e-01 4.349748194217681885e-01 -6.430796384811401367e-01 1.343377828598022461e-01 -2.842438817024230957e-01 1.383313536643981934e-01 -3.106138110160827637e-02 6.399226188659667969e-02 2.090322524309158325e-01 2.864116430282592773e-01 -4.420636296272277832e-01 1.878413856029510498e-01 1.331388652324676514e-01 2.252455949783325195e-01 1.433230042457580566e-01 4.046282768249511719e-01 2.912198901176452637e-01 -4.451876878738403320e-01 -2.598062753677368164e-01 -5.200199484825134277e-01 2.586604058742523193e-01 1.841357946395874023e-01 3.837437331676483154e-01 5.585651993751525879e-01 3.181691169738769531e-01 1.237354427576065063e-01 -2.046325653791427612e-01 2.161975353956222534e-01 4.063594937324523926e-01 -8.639409393072128296e-02 2.830383926630020142e-02 -3.601667582988739014e-01 3.802560269832611084e-01 -4.955159425735473633e-01 -2.468815296888351440e-01 -3.227401375770568848e-01 8.301533013582229614e-02 1.474891901016235352e-01 5.420101881027221680e-01 2.791094183921813965e-01 -1.953007578849792480e-01 -6.198709830641746521e-02 1.781695932149887085e-01 -1.910678297281265259e-01 -1.107666939496994019e-01 -2.922587096691131592e-01 1.368137896060943604e-01 3.986465036869049072e-01 2.898316383361816406e-01 6.035322546958923340e-01 3.000536561012268066e-01 -6.002732738852500916e-02 -2.965792715549468994e-01 -1.912322938442230225e-01 4.278727620840072632e-02 4.585244655609130859e-01
-7.147755026817321777e-01 -3.541433215141296387e-01 1.861261129379272461e-01 -3.208791017532348633e-01 1.642545461654663086e-01 1.171147450804710388e-01 5.906742811203002930e-02 -2.726460993289947510e-01 -4.830952286720275879e-01 3.830588161945343018e-01 -4.363848865032196045e-01 1.729226410388946533e-01 -1.801637113094329834e-01 1.918713748455047607e-01 -9.261605888605117798e-02 -1.832686364650726318e-01 2.689404785633087158e-01 7.150358706712722778e-02 -3.519316017627716064e-02 1.360903773456811905e-02 3.382584154605865479e-01 -7.922921329736709595e-02 -5.425908565521240234e-01 -3.217607736587524414e-01 2.487369477748870850e-01 -3.627152144908905029e-01 -2.502211332321166992e-01 -1.318618357181549072e-01 -3.728058934211730957e-01 3.301533460617065430e-01 4.814130067825317383e-01 2.699899673461914062e-01 6.295647025108337402e-01 2.724526822566986084e-02 -4.056795239448547363e-01 5.002297759056091309e-01 1.598194092512130737e-01 7.625295966863632202e-02 -4.474233686923980713e-01 3.632297813892364502e-01 -1.556960493326187134e-01 -2.734359800815582275e-01 4.021677374839782715e-01 -3.624880909919738770e-01 4.897051025182008743e-03 1.509458869695663452e-01 5.526592731475830078e-01 -1.186357885599136353e-01 -4.973009824752807617e-01 1.676435768604278564e-01 2.001578658819198608e-01 -1.573755592107772827e-01 -3.873484730720520020e-01 -2.926809489727020264e-01 3.342675566673278809e-01 1.993222534656524658e-02 1.243164241313934326e-01 4.263191223144531250e-01 5.784931182861328125e-01 2.461995929479598999e-02 3.226698637008666992e-01 2.638619542121887207e-01 3.877057731151580811e-01 1.522850543260574341e-01
-5.931631922721862793e-01 -3.120476603507995605e-01 2.570294737815856934e-01 -2.050476223230361938e-01 3.062110543251037598e-01 1.488984525203704834e-01 1.003557145595550537e-01 -2.270199954509735107e-01 -5.420302748680114746e-01 2.901121377944946289e-01 -4.435074925422668457e-01 9.371937811374664307e-02 -3.657536506652832031e-01 1.212401762604713440e-01 -1.040206626057624817e-01 -2.331491708755493164e-01 3.592372834682464600e-01 2.762137949466705322e-01 -1.241614967584609985e-01 3.186912834644317627e-02 1.657114923000335693e-01 -1.816971302032470703e-01 -3.665963411331176758e-01 -3.823832869529724121e-01 6.909228116273880005e-02 -4.298819303512573242e-01 -3.713211715221405029e-01 -1.142080277204513550e-01 -1.930862814188003540e-01 3.193917572498321533e-01 6.201110482215881348e-01 2.151625603437423706e-01 4.841490983963012695e-01 2.051532268524169922e-03 -3.196040987968444824e-01 2.550143003463745117e-01 2.834456562995910645e-01 2.077891305088996887e-02 -5.489068031311035156e-01 3.603358864784240723e-01 -1.155108734965324402e-01 -1.695402562618255615e-01 4.197046160697937012e-01 -3.787115216255187988e-01 -1.574835740029811859e-02 1.675667911767959595e-01 4.308991134166717529e-01 -1.175321042537689209e-01 -4.373723566532135010e-01 3.557298183441162109e-01 2.170477956533432007e-01 -7.926098257303237915e-02 -5.110026001930236816e-01 -3.754319250583648682e-01 5.627360939979553223e-01 1.076563447713851929e-02 2.101492434740066528e-01 4.215006828308105469e-01 6.230009794235229492e-01 1.434713304042816162e-01 1.128432005643844604e-01 1.944567561149597168e-01 4.095032215118408203e-01 1.159746646881103516e-01
-4.219247996807098389e-01 -4.962405264377593994e-01 4.201329052448272705e-01 -5.620555281639099121e-01 -3.551339730620384216e-02 -3.726162016391754150e-02 3.816850483417510986e-02 -3.244802355766296387e-04 -4.672596156597137451e-01 5.395855307579040527e-01 -3.405996263027191162e-01 1.119319722056388855e-01 -4.058614745736122131e-02 2.876611053943634033e-01 -3.010366111993789673e-02 -3.571947216987609863e-01 5.545228719711303711e-01 6.168200820684432983e-02 2.210244536399841309e-01 1.124302521347999573e-01 7.568626999855041504e-01 -3.440926969051361084e-02 -5.625331401824951172e-01 -4.471452832221984863e-01 3.393454551696777344e-01 -5.654824376106262207e-01 -3.882775008678436279e-01 8.321098983287811279e-03 -5.869301557540893555e-01 2.676697671413421631e-01 2.693944573402404785e-01 2.538905143737792969e-01 6.335370540618896484e-01 3.905588388442993164e-02 -4.529992341995239258e-01 5.489435791969299316e-01 1.506598442792892456e-01 4.788332581520080566e-01 -1.225655376911163330e-01 3.587519824504852295e-01 -3.369262814521789551e-01 -4.680016636848449707e-02 1.795625239610671997e-01 -3.782888054847717285e-01 -1.698773801326751709e-01 2.857392430305480957e-01 5.513167381286621094e-01 -4.705178141593933105e-01 -3.707013428211212158e-01 1.663262546062469482e-01 2.506525516510009766e-01 1.682108640670776367e-02 -2.305409461259841919e-01 -1.152587234973907471e-01 6.745327115058898926e-01 -7.959138602018356323e-02 2.083941921591758728e-02 5.258989334106445312e-01 7.395600080490112305e-01 3.246701061725616455e-01 3.929710388183593750e-01 4.648390412330627441e-01 3.999439477920532227e-01 2.835528552532196045e-01
-5.684392452239990234e-01 -3.331725597381591797e-01 2.282018065452575684e-01 -1.520277410745620728e-01 3.237383961677551270e-01 1.373687088489532471e-01 1.515721529722213745e-01 -1.515864431858062744e-01 -6.069642901420593262e-01 3.407877683639526367e-01 -4.058564901351928711e-01 1.384752541780471802e-01 -5.268101096153259277e-01 2.093006670475006104e-01 -4.672536253929138184e-02 -2.806943058967590332e-01 4.798876643180847168e-01 2.012950778007507324e-01 -8.176539838314056396e-02 1.121596992015838623e-01 -1.257459074258804321e-02 -3.192803561687469482e-01 -2.964597940444946289e-01 -4.244615733623504639e-01 4.366671666502952576e-03 -4.484559893608093262e-01 -4.158364534378051758e-01 -2.727565914392471313e-02 -1.585760414600372314e-01 2.912086844444274902e-01 6.011845469474792480e-01 1.390439271926879883e-01 5.577712059020996094e-01 2.249722182750701904e-02 -2.398930937051773071e-01 2.963766455650329590e-01 2.726446986198425293e-01 5.976173654198646545e-02 -6.566374301910400391e-01 3.136956989765167236e-01 -8.981000632047653198e-02 -1.698041558265686035e-01 4.459511041641235352e-01 -2.564462423324584961e-01 3.208661451935768127e-02 1.471266299486160278e-01 3.103716671466827393e-01 -2.474709451198577881e-01 -3.954389393329620361e-01 4.164937138557434082e-01 4.214714169502258301e-01 -2.784640341997146606e-02 -6.019603610038757324e-01 -2.918862402439117432e-01 4.412937760353088379e-01 -1.095010340213775635e-02 3.217671811580657959e-01 5.680375695228576660e-01 5.455955862998962402e-01 3.208303451538085938e-01 9.762222319841384888e-02 1.377713084220886230e-01 3.301093876361846924e-01 1.789068579673767090e-01
-4.373568594455718994e-01 -4.015368223190307617e-01 -8.281257748603820801e-02 -6.073345541954040527e-01 -9.847023338079452515e-02 1.288574039936065674e-01 4.287016391754150391e-01 -3.031327128410339355e-01 -6.994046568870544434e-01 2.009801268577575684e-01 -6.016606092453002930e-01 8.057524263858795166e-02 -4.147371053695678711e-01 -8.695017546415328979e-02 -3.079544007778167725e-02 4.445654526352882385e-02 2.243385165929794312e-01 -7.047171145677566528e-02 -1.457906961441040039e-01 1.929840147495269775e-01 5.495125800371170044e-02 -1.878288686275482178e-01 7.581453025341033936e-02 1.803850829601287842e-01 -6.333077326416969299e-03 -5.349025130271911621e-01 -3.871937394142150879e-01 -3.556806445121765137e-01 4.953365921974182129e-01 -8.216730505228042603e-02 5.999652147293090820e-01 3.596360981464385986e-01 2.743099033832550049e-01 1.847073137760162354e-01 -1.142171174287796021e-01 2.733491659164428711e-01 2.212506085634231567e-01 5.512513592839241028e-02 -8.119050413370132446e-02 -1.762369871139526367e-01 1.417089253664016724e-01 -4.034262001514434814e-01 2.677504420280456543e-01 -3.709779679775238037e-02 4.455374926328659058e-02 1.688762158155441284e-01 4.740414619445800781e-01 3.718674182891845703e-01 -4.849567115306854248e-01 2.594934403896331787e-01 3.917704224586486816e-01 3.171351179480552673e-02 -2.080984562635421753e-01 -3.013139665126800537e-01 3.843220472335815430e-01 1.002089902758598328e-01 4.913067817687988281e-01 7.057682275772094727e-01 2.623146474361419678e-01 1.100733354687690735e-01 -1.345950216054916382e-01 -8.572362363338470459e-02 2.688165307044982910e-01 3.231675326824188232e-01
-4.300892055034637451e-01 -2.136610895395278931e-01 1.256601512432098389e-01 -2.820932269096374512e-01 1.499895006418228149e-01 -8.392855525016784668e-04 2.250961810350418091e-01 -1.463015079498291016e-01 -7.012329697608947754e-01 2.770043313503265381e-01 -2.320304214954376221e-01 2.420593798160552979e-02 -5.304597020149230957e-01 1.986398398876190186e-01 -1.463845074176788330e-01 -2.711386382579803467e-01 4.253551065921783447e-01 7.883779704570770264e-03 -2.961102128028869629e-01 -4.521319270133972168e-02 1.844297945499420166e-01 -1.639009714126586914e-01 3.665468096733093262e-02 -3.234610855579376221e-01 1.190769746899604797e-01 -6.488242149353027344e-01 -4.176310896873474121e-01 -1.852852404117584229e-01 2.066284716129302979e-01 2.635312676429748535e-01 6.955279111862182617e-01 2.970989644527435303e-01 3.224022984504699707e-01 -1.551976799964904785e-01 -1.905602067708969116e-01 5.755508691072463989e-02 1.793582588434219360e-01 2.418799996376037598e-01 -4.737579524517059326e-01 1.098768487572669983e-01 8.076353371143341064e-02 -7.112462818622589111e-02 2.180733531713485718e-01 -3.688727617263793945e-01 -1.277418993413448334e-02 3.080359697341918945e-01 2.778460085391998291e-01 -1.792022138833999634e-01 -4.218257963657379150e-01 4.660830497741699219e-01 1.228249818086624146e-01 6.603252142667770386e-02 -2.611571252346038818e-01 -2.184306681156158447e-01 8.729466795921325684e-01 6.323400139808654785e-02 3.689116835594177246e-01 6.389492154121398926e-01 7.821996212005615234e-01 1.514505743980407715e-01 -1.057547777891159058e-01 7.681685686111450195e-02 1.691302359104156494e-01 3.743264079093933105e-01
-5.143843293190002441e-01 -2.783561646938323975e-01 4.199805110692977905e-02 -3.074258565902709961e-01 -1.918151602149009705e-02 6.619503349065780640e-02 1.974827051162719727e-01 -2.534054815769195557e-01 -7.125740051269531250e-01 3.535565733909606934e-01 -3.893590569496154785e-01 3.590691089630126953e-02 -2.673628926277160645e-01 1.940605789422988892e-02 -1.537757217884063721e-01 -1.149957478046417236e-01 3.285774886608123779e-01 -7.504548877477645874e-02 -2.329150736331939697e-01 -1.252309679985046387e-01 2.721181809902191162e-01 1.123474538326263428e-02 -2.213228046894073486e-01 -2.340626716613769531e-01 3.206044733524322510e-01 -3.231228590011596680e-01 -3.498365879058837891e-01 -4.390046894550323486e-01 1.212688386440277100e-01 1.611930876970291138e-01 6.758469343185424805e-01 2.625014781951904297e-01 4.251324832439422607e-01 1.335395872592926025e-02 -3.083261251449584961e-01 3.963401913642883301e-01 2.007529139518737793e-03 2.128794342279434204e-01 -3.369790613651275635e-01 2.220753431320190430e-01 -2.548330090939998627e-02 -1.840458065271377563e-01 3.311837315559387207e-01 -3.431242704391479492e-01 7.131121307611465454e-02 2.821223735809326172e-01 5.092906951904296875e-01 6.515935063362121582e-03 -4.935269653797149658e-01 3.464130759239196777e-01 5.972696840763092041e-02 -1.580162197351455688e-01 -2.887859046459197998e-01 -3.433255851268768311e-01 5.798931717872619629e-01 2.117836624383926392e-01 1.566836237907409668e-01 4.191409945487976074e-01 6.736502051353454590e-01 -1.541144400835037231e-01 1.147212833166122437e-01 1.395735740661621094e-01 1.558198928833007812e-01 3.475049734115600586e-01
-4.117094576358795166e-01 -4.341477155685424805e-01 4.983120411634445190e-02 -6.826082468032836914e-01 -1.498001217842102051e-01 1.267609894275665283e-01 1.961757540702819824e-01 -3.281454443931579590e-01 -5.392352342605590820e-01 6.729947924613952637e-01 -4.735962748527526855e-01 6.316089630126953125e-02 -7.803528010845184326e-02 1.618695855140686035e-01 8.326222002506256104e-02 -1.045186817646026611e-01 4.237502515316009521e-01 -1.055304706096649170e-02 -1.378865242004394531e-01 6.862996518611907959e-02 4.123280346393585205e-01 2.877255380153656006e-01 -2.615420818328857422e-01 4.478010535240173340e-02 2.934625744819641113e-01 -6.371569633483886719e-01 -2.703034281730651855e-01 -3.016264736652374268e-01 -1.837916076183319092e-01 1.519877314567565918e-01 3.115122020244598389e-01 4.742257893085479736e-01 3.580965995788574219e-01 1.254460811614990234e-01 -4.014301896095275879e-01 5.598637461662292480e-01 1.374932378530502319e-01 3.062683939933776855e-01 1.234731748700141907e-01 7.657548785209655762e-02 9.000515192747116089e-02 -2.737516164779663086e-01 -9.976944327354431152e-02 -3.879015445709228516e-01 -5.896925181150436401e-02 3.469523191452026367e-01 7.285631299018859863e-01 -1.003274396061897278e-01 -5.382333397865295410e-01 -1.084584295749664307e-01 3.058308959007263184e-01 3.910035640001296997e-02 -1.621511131525039673e-01 -1.798801124095916748e-01 3.963965773582458496e-01 1.444526016712188721e-01 1.186355203390121460e-01 5.082989931106567383e-01 5.912117958068847656e-01 -1.973946392536163330e-02 8.538193255662918091e-02 2.293180823326110840e-01 9.546346217393875122e-02 3.389773368835449219e-01
-5.628672838211059570e-01 -3.793770968914031982e-01 3.710409998893737793e-01 -5.438000559806823730e-01 1.430762261152267456e-01 -5.426257848739624023e-03 9.057709574699401855e-02 -1.529544591903686523e-01 -4.597241878509521484e-01 6.037304401397705078e-01 -5.077030658721923828e-01 1.562367677688598633e-01 -1.198907643556594849e-01 1.761538684368133545e-01 -7.614208012819290161e-02 -1.642728000879287720e-01 4.687377214431762695e-01 1.866792142391204834e-01 2.481047809123992920e-02 7.080039381980895996e-02 5.409081578254699707e-01 -2.203913778066635132e-02 -5.251231789588928223e-01 -2.880763709545135498e-01 2.790659666061401367e-01 -6.107550263404846191e-01 -3.109309077262878418e-01 -1.335318684577941895e-01 -3.674106895923614502e-01 3.775108456611633301e-01 2.822897732257843018e-01 2.309025526046752930e-01 5.319433212280273438e-01 -5.799061432480812073e-02 -3.513271808624267578e-01 4.976503252983093262e-01 3.993691802024841309e-01 3.491469919681549072e-01 -2.700555026531219482e-01 1.823477149009704590e-01 -1.089921817183494568e-01 -1.288465112447738647e-01 7.124117016792297363e-02 -3.195421099662780762e-01 -2.270764559507369995e-01 2.341464906930923462e-01 5.848735570907592773e-01 -3.494576215744018555e-01 -3.533817231655120850e-01 -6.373886018991470337e-03 3.225464820861816406e-01 1.665519177913665771e-02 -3.768521547317504883e-01 -3.644169569015502930e-01 6.467788219451904297e-01 -2.685295790433883667e-02 6.649330258369445801e-02 4.736425280570983887e-01 6.241340637207031250e-01 3.124989867210388184e-01 2.801975607872009277e-01 2.962635159492492676e-01 3.838120102882385254e-01 2.248793840408325195e-01
-5.135104060173034668e-01 -3.140300512313842773e-01 2.835448980331420898e-01 -2.658707499504089355e-01 2.475335150957107544e-01 1.427455246448516846e-01 2.982975542545318604e-02 -2.140621244907379150e-01 -4.527318179607391357e-01 3.034109175205230713e-01 -3.857159018516540527e-01 -1.111692190170288086e-02 -2.650313973426818848e-01 2.999008595943450928e-01 -8.551148325204849243e-02 -2.636297643184661865e-01 4.617770016193389893e-01 1.504929959774017334e-01 2.800166606903076172e-03 9.828124195337295532e-02 3.332884311676025391e-01 -7.164742797613143921e-02 -4.602149128913879395e-01 -4.190995395183563232e-01 1.221525743603706360e-01 -4.035703539848327637e-01 -3.295187354087829590e-01 -7.985346019268035889e-03 -3.817663788795471191e-01 2.560408413410186768e-01 5.389777421951293945e-01 2.463600635528564453e-01 5.529901981353759766e-01 7.016123831272125244e-02 -4.763375520706176758e-01 3.357124030590057373e-01 1.278978139162063599e-01 1.019017025828361511e-01 -4.359941482543945312e-01 4.220721125602722168e-01 -2.009570896625518799e-01 -1.246166527271270752e-01 3.814297318458557129e-01 -4.466143250465393066e-01 -4.948324710130691528e-02 2.493647187948226929e-01 4.582087099552154541e-01 -2.463944703340530396e-01 -4.560080170631408691e-01 3.516481220722198486e-01 2.030758112668991089e-01 -7.783692330121994019e-02 -4.945137798786163330e-01 -2.165124118328094482e-01 5.338866114616394043e-01 -1.362749934196472168e-02 6.493802368640899658e-02 4.012053012847900391e-01 6.634870171546936035e-01 1.668471693992614746e-01 2.692214548587799072e-01 2.106833159923553467e-01 3.876473009586334229e-01 1.414384245872497559e-01
-3.075210750102996826e-01 -2.763723433017730713e-01 3.785943090915679932e-01 -2.004656791687011719e-01 2.478739470243453979e-01 1.389911472797393799e-01 9.023635089397430420e-02 -2.108010500669479370e-01 -7.746662497520446777e-01 3.469074666500091553e-01 -3.220132291316986084e-01 -2.327497154474258423e-01 -4.709814190864562988e-01 1.426098644733428955e-01 -3.836522251367568970e-02 -2.934671640396118164e-01 3.279851078987121582e-01 3.512030541896820068e-01 -2.710272073745727539e-01 -1.115811895579099655e-02 1.207417920231819153e-01 2.854847535490989685e-02 -5.627644062042236328e-02 -2.555295228958129883e-01 -1.942613720893859863e-02 -6.388496160507202148e-01 -4.836732745170593262e-01 -2.837812304496765137e-01 -4.499673843383789062e-03 4.362020492553710938e-01 5.008162260055541992e-01 3.647723495960235596e-01 4.950857758522033691e-01 6.865958869457244873e-02 -1.340250372886657715e-01 -3.021679818630218506e-02 4.065279364585876465e-01 2.508468031883239746e-01 -2.953939735889434814e-01 1.148006170988082886e-01 -1.982446573674678802e-02 -1.807059198617935181e-01 1.198131889104843140e-01 -6.303431987762451172e-01 -4.090643823146820068e-01 2.514284253120422363e-01 3.679868280887603760e-01 -1.622788608074188232e-02 -2.568168044090270996e-01 4.592887163162231445e-01 3.863127827644348145e-01 2.879895642399787903e-02 -4.478286206722259521e-01 -1.919203102588653564e-01 7.722345590591430664e-01 1.496459394693374634e-01 -4.445371776819229126e-02 4.876702427864074707e-01 6.682223677635192871e-01 1.823617517948150635e-01 3.614944592118263245e-02 1.622731387615203857e-01 1.784942299127578735e-01 3.976444303989410400e-01
-5.323532223701477051e-01 -5.548371672630310059e-01 -3.038205951452255249e-02 -3.722318112850189209e-01 -3.649510070681571960e-02 1.465752124786376953e-01 1.524873673915863037e-01 -2.421048581600189209e-01 -5.029803514480590820e-01 1.488188207149505615e-01 -2.622278928756713867e-01 4.934613406658172607e-02 -3.122137784957885742e-01 2.530572563409805298e-02 -4.517144709825515747e-02 -2.331775724887847900e-01 3.766491711139678955e-01 -1.557158827781677246e-01 -7.042361795902252197e-02 1.390630304813385010e-01 1.636987626552581787e-01 -3.934283554553985596e-01 -2.202603965997695923e-01 -2.405487895011901855e-01 -7.056915014982223511e-02 -4.886271357536315918e-01 -3.789515495300292969e-01 -4.862248152494430542e-02 6.875757128000259399e-02 3.019791468977928162e-02 6.319871544837951660e-01 2.213643491268157959e-01 3.531924486160278320e-01 3.155983984470367432e-01 -2.992912530899047852e-01 3.280674219131469727e-01 -3.441792726516723633e-01 -7.218812592327594757e-03 -3.444191515445709229e-01 4.458586871623992920e-01 -1.633263230323791504e-01 -1.212740391492843628e-01 6.804397106170654297e-01 -1.239773482084274292e-01 3.217184543609619141e-01 3.107809424400329590e-01 3.400689661502838135e-01 -7.809258997440338135e-02 -6.626995205879211426e-01 5.858495831489562988e-01 1.010810434818267822e-01 1.936145722866058350e-01 -1.820071786642074585e-01 3.694181889295578003e-02 5.212996602058410645e-01 -2.301282435655593872e-02 4.621797800064086914e-01 6.879158616065979004e-01 7.875922322273254395e-01 9.768239408731460571e-02 -6.015172973275184631e-02 3.549249172210693359e-01 3.226625621318817139e-01 2.070766389369964600e-01
-6.072223782539367676e-01 -2.373813986778259277e-01 -4.988799691200256348e-01 -6.298747062683105469e-01 -3.307191133499145508e-01 1.139514967799186707e-01 3.427751064300537109e-01 -5.407280325889587402e-01 -6.287414431571960449e-01 3.503327071666717529e-01 -5.750324726104736328e-01 1.373999714851379395e-01 -2.310861945152282715e-01 8.488810807466506958e-02 -5.752564221620559692e-02 9.972317516803741455e-02 1.679116487503051758e-02 -4.582069814205169678e-02 -2.740331590175628662e-01 1.628065556287765503e-01 3.133305162191390991e-02 -2.561248838901519775e-03 1.789212375879287720e-01 3.908690810203552246e-01 2.803178131580352783e-01 -3.396687507629394531e-01 -2.122345566749572754e-01 -4.476373493671417236e-01 4.126157462596893311e-01 -1.456588506698608398e-03 5.515058040618896484e-01 3.516397178173065186e-01 2.069714069366455078e-01 1.476070284843444824e-01 -2.070369869470596313e-01 4.440516829490661621e-01 1.113752871751785278e-01 -1.895858496427536011e-01 6.642112880945205688e-02 -2.938834130764007568e-01 3.933856189250946045e-01 -4.706642031669616699e-01 1.206018477678298950e-01 -8.632294833660125732e-02 2.675647437572479248e-01 2.809590101242065430e-02 4.665575325489044189e-01 3.011056780815124512e-01 -4.941894412040710449e-01 -9.432658553123474121e-03 1.226523518562316895e-02 -1.570572853088378906e-01 7.640238106250762939e-02 -3.475622236728668213e-01 2.108446508646011353e-02 3.705093860626220703e-01 4.976777434349060059e-01 5.926526784896850586e-01 1.263823062181472778e-01 -7.756908237934112549e-02 -3.287528455257415771e-01 -2.000335603952407837e-01 1.398906558752059937e-01 2.817623615264892578e-01
-4.390867948532104492e-01 -2.502691447734832764e-01 2.860977649688720703e-01 -2.402713149785995483e-01 2.713717818260192871e-01 3.293943703174591064e-01 1.375339478254318237e-01 -1.675917804241180420e-01 -6.398476362228393555e-01 4.391174912452697754e-01 -3.876748979091644287e-01 -9.842312335968017578e-02 -2.430799305438995361e-01 1.544035673141479492e-01 -8.803943544626235962e-02 -2.698562443256378174e-01 4.507447779178619385e-01 1.331205070018768311e-01 -1.341482549905776978e-01 3.452368453145027161e-02 2.238192558288574219e-01 4.272850230336189270e-02 -3.346452116966247559e-01 -3.144935667514801025e-01 3.757581859827041626e-02 -2.557567656040191650e-01 -4.095819592475891113e-01 -1.667223423719406128e-01 -1.277590245008468628e-01 1.321819424629211426e-01 6.349777579307556152e-01 3.406401872634887695e-01 4.750128090381622314e-01 1.138012558221817017e-01 -4.040372967720031738e-01 1.392625570297241211e-01 1.821532398462295532e-01 2.181500196456909180e-01 -3.440826833248138428e-01 4.409821033477783203e-01 -2.786176800727844238e-01 -4.748193919658660889e-02 3.355813622474670410e-01 -4.986613392829895020e-01 -1.580106914043426514e-01 3.232423663139343262e-01 4.489387273788452148e-01 -4.514945670962333679e-02 -4.085935652256011963e-01 4.719094038009643555e-01 2.403833121061325073e-01 -5.753823556005954742e-03 -6.544985175132751465e-01 -3.043852448463439941e-01 5.295754075050354004e-01 2.050012350082397461e-03 -1.304028481245040894e-01 3.021044731140136719e-01 8.554295301437377930e-01 4.260984808206558228e-02 1.618473827838897705e-01 1.496203541755676270e-01 3.009673655033111572e-01 8.815449476242065430e-02
-6.406537890434265137e-01 -2.913707494735717773e-01 -1.715090125799179077e-02 -3.050470054149627686e-01 1.141972690820693970e-01 4.153843596577644348e-02 2.516471147537231445e-01 -3.627376556396484375e-01 -6.380669474601745605e-01 3.615394830703735352e-01 -5.211931467056274414e-01 1.354647278785705566e-01 -4.909234046936035156e-01 1.120679005980491638e-01 -1.157477721571922302e-01 -1.735549792647361755e-02 1.438911706209182739e-01 1.991541087627410889e-01 -2.177028954029083252e-01 -2.798356115818023682e-03 1.041064485907554626e-01 -1.385594606399536133e-01 -1.777412891387939453e-01 -4.784331470727920532e-02 2.127007842063903809e-01 -4.705590307712554932e-01 -2.325133234262466431e-01 -3.236195445060729980e-01 6.261200457811355591e-02 3.552326560020446777e-01 5.953208804130554199e-01 2.633766829967498779e-01 3.993456959724426270e-01 -6.555998325347900391e-02 -1.715462952852249146e-01 3.739680647850036621e-01 3.729318380355834961e-01 -3.597500547766685486e-02 -4.324946403503417969e-01 -7.894530147314071655e-02 1.273364126682281494e-01 -3.887460529804229736e-01 2.164344340562820435e-01 -3.003334999084472656e-01 7.173032313585281372e-02 3.526657074689865112e-02 5.132583975791931152e-01 2.050240337848663330e-02 -4.282594621181488037e-01 1.175348088145256042e-01 2.925353050231933594e-01 -1.163563132286071777e-01 -3.743662536144256592e-01 -4.173613488674163818e-01 3.913688659667968750e-01 1.234441101551055908e-01 2.864269912242889404e-01 5.319167375564575195e-01 3.939933776855468750e-01 1.899529248476028442e-02 7.672172039747238159e-02 -3.873971104621887207e-02 2.797635495662689209e-01 3.382092118263244629e-01
-5.963179469108581543e-01 -5.141534209251403809e-01 3.081673979759216309e-01 -4.785268008708953857e-01 -7.043579220771789551e-02 -1.750525087118148804e-02 -3.371715545654296875e-02 -1.213559508323669434e-01 -4.944805502891540527e-01 2.944181561470031738e-01 -3.214088976383209229e-01 1.813458800315856934e-01 -1.291643828153610229e-01 2.334016263484954834e-01 -1.019230559468269348e-01 -2.636440992355346680e-01 4.135890007019042969e-01 -1.360487639904022217e-01 2.646846771240234375e-01 9.062734991312026978e-02 4.894775748252868652e-01 -3.956453800201416016e-01 -4.440754055976867676e-01 -3.242248296737670898e-01 2.129064202308654785e-01 -5.269693136215209961e-01 -3.438799381256103516e-01 6.499923765659332275e-03 -1.768713146448135376e-01 1.544898599386215210e-01 5.017668008804321289e-01 1.261700391769409180e-01 4.603486955165863037e-01 2.384393215179443359e-01 -5.045867562294006348e-01 6.034384369850158691e-01 -2.981526553630828857e-01 2.634650468826293945e-01 -2.176721096038818359e-01 3.798348903656005859e-01 -3.700732588768005371e-01 -2.201459929347038269e-02 5.210336446762084961e-01 -9.696294367313385010e-02 3.161316215991973877e-01 2.068875283002853394e-01 5.959277153015136719e-01 -4.081443548202514648e-01 -6.594356298446655273e-01 4.934540390968322754e-01 1.992029696702957153e-01 -6.218531355261802673e-02 -2.208112925291061401e-01 4.469393938779830933e-02 5.328363776206970215e-01 -1.605142951011657715e-01 2.863590717315673828e-01 5.717459321022033691e-01 6.133748888969421387e-01 2.521008551120758057e-01 3.006547689437866211e-01 3.900938034057617188e-01 3.655287325382232666e-01 1.113549470901489258e-01
-3.951630294322967529e-01 -3.093000054359436035e-01 -4.510719180107116699e-01 -6.270690560340881348e-01 -4.856249094009399414e-01 2.026408910751342773e-02 4.925213456153869629e-01 -3.461734652519226074e-01 -3.968110680580139160e-01 1.436298191547393799e-01 -5.758209228515625000e-01 7.028180360794067383e-02 -3.070353269577026367e-01 4.440341144800186157e-02 -1.935817599296569824e-01 8.176752924919128418e-02 1.484695672988891602e-01 1.093078181147575378e-01 -2.009041607379913330e-01 2.043272256851196289e-01 3.091422319412231445e-01 2.712056785821914673e-02 5.592603981494903564e-02 3.173390924930572510e-01 3.550376892089843750e-01 -2.651638686656951904e-01 -1.609879583120346069e-01 -4.195311069488525391e-01 2.178117632865905762e-01 1.584943383932113647e-03 5.537671446800231934e-01 3.879302144050598145e-01 1.115294247865676880e-01 1.936810314655303955e-01 -2.616709470748901367e-01 4.294934272766113281e-01 8.659118413925170898e-02 -1.586713939905166626e-01 8.860103040933609009e-02 -1.955103278160095215e-01 2.994482517242431641e-01 -4.593301117420196533e-01 1.273437589406967163e-01 -1.832355707883834839e-01 3.078015446662902832e-01 9.495544433593750000e-02 5.235075354576110840e-01 4.119549989700317383e-01 -4.007654488086700439e-01 4.368913918733596802e-02 -8.192281424999237061e-02 -1.681484133005142212e-01 5.950929597020149231e-02 -2.819829285144805908e-01 2.609414458274841309e-01 3.166911900043487549e-01 4.685362577438354492e-01 6.566662788391113281e-01 3.346297740936279297e-01 -1.079152077436447144e-01 -1.929215043783187866e-01 -1.841042637825012207e-01 2.676039338111877441e-01 5.540156960487365723e-01
-5.766035318374633789e-01 -3.609135746955871582e-01 -7.717788964509963989e-02 -3.625318706035614014e-01 8.909343183040618896e-02 4.952817410230636597e-02 1.450844705104827881e-01 -3.837236166000366211e-01 -5.745180249214172363e-01 2.749183475971221924e-01 -4.529238939285278320e-01 8.584067225456237793e-02 -3.367120921611785889e-01 5.295870453119277954e-02 -2.828053385019302368e-02 -1.910413429141044617e-02 2.229126244783401489e-01 -3.639006614685058594e-02 -1.314308792352676392e-01 4.729975759983062744e-02 1.723175942897796631e-01 -2.044685781002044678e-01 -2.596629858016967773e-01 -1.158317998051643372e-01 1.620531529188156128e-01 -5.707773566246032715e-01 -3.465134203433990479e-01 -2.643989920616149902e-01 -4.553160816431045532e-02 9.289129078388214111e-02 5.671906471252441406e-01 2.366491854190826416e-01 5.027176141738891602e-01 9.761871397495269775e-02 -2.990344762802124023e-01 3.965038657188415527e-01 1.449895203113555908e-01 -5.840568616986274719e-02 -3.304652273654937744e-01 5.070884525775909424e-02 5.720846354961395264e-02 -3.693890869617462158e-01 3.216986060142517090e-01 -1.709117442369461060e-01 1.124663129448890686e-01 9.329999983310699463e-02 4.479622244834899902e-01 2.814559638500213623e-02 -5.753498077392578125e-01 2.774032652378082275e-01 1.973229199647903442e-01 1.766986399888992310e-02 -1.164193004369735718e-01 -2.757845222949981689e-01 4.237106442451477051e-01 6.894128024578094482e-02 4.287863373756408691e-01 6.269709467887878418e-01 3.686601519584655762e-01 6.935254484415054321e-02 -3.302482888102531433e-02 1.473332047462463379e-01 3.638032972812652588e-01 1.685196310281753540e-01
-2.037017047405242920e-01 -5.109630227088928223e-01 4.959828257560729980e-01 -2.560137510299682617e-01 2.326766699552536011e-01 1.467808485031127930e-01 7.696954160928726196e-02 -2.927109599113464355e-04 -6.549372076988220215e-01 3.160643577575683594e-01 -2.295690476894378662e-01 -1.430459469556808472e-01 -3.489293158054351807e-01 1.960055828094482422e-01 -5.531906336545944214e-02 -4.688343405723571777e-01 4.889909923076629639e-01 3.393117785453796387e-01 2.053359895944595337e-02 9.634108841419219971e-02 3.510047495365142822e-01 -2.611148357391357422e-02 -1.637685000896453857e-01 -5.119845271110534668e-01 6.086481735110282898e-03 -5.681266188621520996e-01 -5.296939611434936523e-01 -2.955438196659088135e-02 -3.092493712902069092e-01 4.265196323394775391e-01 4.449809491634368896e-01 3.498633801937103271e-01 5.315858721733093262e-01 1.177097558975219727e-01 -1.124146729707717896e-01 1.352158039808273315e-01 3.608469367027282715e-01 3.793129324913024902e-01 -1.975408792495727539e-01 3.481548428535461426e-01 -2.960602641105651855e-01 -7.366555184125900269e-02 2.703747153282165527e-01 -5.965184569358825684e-01 -5.041438341140747070e-01 4.026013612747192383e-01 3.295867741107940674e-01 -2.147697359323501587e-01 -3.022509217262268066e-01 4.311062991619110107e-01 3.011459112167358398e-01 4.491825401782989502e-02 -4.542386233806610107e-01 -9.715124964714050293e-02 8.697591423988342285e-01 4.038953781127929688e-02 -1.587006263434886932e-02 4.414885044097900391e-01 8.096956610679626465e-01 3.477828502655029297e-01 2.016543298959732056e-01 3.478988111019134521e-01 2.915344834327697754e-01 3.768720328807830811e-01
-3.508935570716857910e-01 -3.196276426315307617e-01 -3.242673277854919434e-01 -4.893105030059814453e-01 -3.928969502449035645e-01 -6.276652961969375610e-02 3.341957926750183105e-01 -4.669690728187561035e-01 -4.966629743576049805e-01 3.082421422004699707e-01 -6.385866403579711914e-01 9.818151593208312988e-02 -3.336259126663208008e-01 1.782552301883697510e-01 -1.772428750991821289e-01 4.555257037281990051e-02 1.267386525869369507e-01 4.405966699123382568e-01 -3.442939817905426025e-01 1.781661510467529297e-01 2.631949484348297119e-01 2.336693406105041504e-01 -7.866978645324707031e-02 3.757614195346832275e-01 4.139047265052795410e-01 -4.219611287117004395e-01 -1.327124387025833130e-01 -5.473512411117553711e-01 1.363033950328826904e-01 4.072214961051940918e-01 4.889582097530364990e-01 5.507571697235107422e-01 9.402921795845031738e-02 1.165303885936737061e-01 -2.619708180427551270e-01 3.432018160820007324e-01 2.306017130613327026e-01 -1.167798414826393127e-01 1.308404505252838135e-01 -3.449421823024749756e-01 4.499425888061523438e-01 -5.453730225563049316e-01 -1.356672048568725586e-01 -4.120423793792724609e-01 1.734843701124191284e-01 8.142299950122833252e-02 6.467455029487609863e-01 4.223901629447937012e-01 -2.712677419185638428e-01 -9.766301512718200684e-02 3.955118358135223389e-02 -3.081280887126922607e-01 7.350776344537734985e-03 -2.091627120971679688e-01 1.917094141244888306e-01 4.760745763778686523e-01 2.737097144126892090e-01 4.966775774955749512e-01 3.357556760311126709e-01 -1.899987459182739258e-01 -4.936354607343673706e-02 -1.608508080244064331e-01 1.094599589705467224e-01 6.343451738357543945e-01
-4.172597825527191162e-01 -2.258771061897277832e-01 -5.221928954124450684e-01 -6.074472665786743164e-01 -5.046120285987854004e-01 2.756973505020141602e-01 4.057018756866455078e-01 -5.106827616691589355e-01 -6.027197241783142090e-01 4.499784708023071289e-01 -6.724008321762084961e-01 3.416522592306137085e-02 -1.499125510454177856e-01 7.180566340684890747e-02 -4.723585397005081177e-02 4.314419999718666077e-02 5.540544912219047546e-02 1.660357415676116943e-01 -3.510825634002685547e-01 1.369680464267730713e-01 1.132161170244216919e-01 4.634201526641845703e-01 1.164851635694503784e-01 5.913488864898681641e-01 3.339273929595947266e-01 -2.414537370204925537e-01 -1.908891946077346802e-01 -5.373659729957580566e-01 2.071800231933593750e-01 1.334841549396514893e-02 4.282310009002685547e-01 5.537306666374206543e-01 1.188544929027557373e-01 2.127323746681213379e-01 -2.615910172462463379e-01 3.580894470214843750e-01 1.814693063497543335e-01 -1.461923271417617798e-01 4.110396206378936768e-01 -3.416258096694946289e-01 4.421583712100982666e-01 -4.879548549652099609e-01 -2.054501920938491821e-01 -2.878496050834655762e-01 1.917834281921386719e-01 1.136703789234161377e-01 6.669718623161315918e-01 4.495741128921508789e-01 -3.595658540725708008e-01 -2.074915468692779541e-01 2.016641199588775635e-02 -2.934705615043640137e-01 9.615208953619003296e-03 -3.468164503574371338e-01 -4.289573431015014648e-02 5.054137706756591797e-01 2.458309382200241089e-01 4.409088492393493652e-01 2.077806293964385986e-01 -2.169245481491088867e-01 -3.458603322505950928e-01 -2.684275507926940918e-01 2.034588158130645752e-02 3.522877991199493408e-01
-5.755356550216674805e-01 -2.676712274551391602e-01 2.101478278636932373e-01 -4.039022624492645264e-01 9.511823952198028564e-02 2.151145040988922119e-01 1.703249216079711914e-01 -2.619299292564392090e-01 -6.269517540931701660e-01 4.859124422073364258e-01 -3.824285864830017090e-01 -5.877764523029327393e-02 -2.517926692962646484e-01 1.230927482247352600e-01 -8.350908011198043823e-02 -1.060477048158645630e-01 3.420341610908508301e-01 5.274596810340881348e-02 -2.167952060699462891e-01 -7.563510537147521973e-02 2.789083123207092285e-01 4.832433909177780151e-02 -1.903317719697952271e-01 -1.540572643280029297e-01 1.638630330562591553e-01 -4.750855863094329834e-01 -3.343450427055358887e-01 -2.399171292781829834e-01 -5.841641128063201904e-02 2.535472512245178223e-01 4.880560338497161865e-01 2.914454042911529541e-01 4.212633669376373291e-01 -2.193263173103332520e-02 -3.000634312629699707e-01 2.533971965312957764e-01 2.078874260187149048e-01 2.536400854587554932e-01 -2.897846400737762451e-01 2.311227023601531982e-01 -1.148898527026176453e-01 -1.629104316234588623e-01 1.866876333951950073e-01 -4.655728936195373535e-01 -1.094593033194541931e-01 2.413813620805740356e-01 5.699765086174011230e-01 -1.377461850643157959e-01 -4.965671002864837646e-01 1.946605145931243896e-01 2.878970503807067871e-01 3.414507955312728882e-05 -4.230654537677764893e-01 -2.958290278911590576e-01 5.951382517814636230e-01 -3.535785526037216187e-02 3.584937378764152527e-02 4.387599229812622070e-01 6.783047318458557129e-01 1.491204649209976196e-02 1.437167227268218994e-01 1.146526634693145752e-01 2.640037536621093750e-01 2.646341025829315186e-01
-1.519091129302978516e-01 -3.446402847766876221e-01 3.680956065654754639e-01 -1.639280915260314941e-01 1.271475851535797119e-01 4.904466867446899414e-02 2.593566775321960449e-01 1.266971230506896973e-04 -6.925198435783386230e-01 1.861226558685302734e-01 -2.596078515052795410e-01 -2.054340690374374390e-01 -4.606074690818786621e-01 -1.901049166917800903e-02 -2.219778001308441162e-01 -4.009736180305480957e-01 4.241562187671661377e-01 3.000333607196807861e-01 -1.863532364368438721e-01 -4.579010605812072754e-02 3.865288496017456055e-01 1.285168528556823730e-01 -8.347927778959274292e-02 -4.124518930912017822e-01 6.600623577833175659e-02 -5.681138634681701660e-01 -5.073572993278503418e-01 -2.949516475200653076e-01 3.209101781249046326e-02 4.313031733036041260e-01 5.244373679161071777e-01 3.399560749530792236e-01 3.394246101379394531e-01 -2.147746086120605469e-02 2.675013244152069092e-02 -1.015288680791854858e-01 3.286726474761962891e-01 4.843072891235351562e-01 -2.414170503616333008e-01 1.534963250160217285e-01 -5.954104661941528320e-02 -6.224213540554046631e-02 1.088666915893554688e-01 -5.890368819236755371e-01 -5.192006230354309082e-01 4.538517594337463379e-01 2.834421396255493164e-01 1.993849873542785645e-04 -2.340692877769470215e-01 4.237949252128601074e-01 1.556777209043502808e-01 7.933180779218673706e-02 -4.303593337535858154e-01 -2.787682414054870605e-01 1.145112991333007812e+00 1.930776685476303101e-01 -2.017724327743053436e-02 4.797703027725219727e-01 9.478586912155151367e-01 2.307493984699249268e-01 3.242588788270950317e-02 1.454625427722930908e-01 1.468838006258010864e-01 5.592855811119079590e-01
-6.036948561668395996e-01 -4.530997574329376221e-01 1.799480020999908447e-01 -3.708263039588928223e-01 3.172351419925689697e-02 2.666914761066436768e-01 1.229614391922950745e-01 -1.213012635707855225e-01 -5.709972977638244629e-01 1.628326922655105591e-01 -3.817459940910339355e-01 1.032589524984359741e-01 -2.864477634429931641e-01 7.187937945127487183e-02 -3.919351100921630859e-02 -2.000107020139694214e-01 4.755324423313140869e-01 -1.311571896076202393e-01 2.661979198455810547e-02 -4.999637603759765625e-04 1.262114346027374268e-01 -3.255714774131774902e-01 -3.223102092742919922e-01 -3.421808779239654541e-01 -1.119639631360769272e-02 -3.894673287868499756e-01 -4.865258932113647461e-01 -3.812418878078460693e-02 -8.389317244291305542e-02 -1.600503921508789062e-03 6.129151582717895508e-01 2.063685953617095947e-01 5.165675878524780273e-01 2.006457746028900146e-01 -4.033579230308532715e-01 3.854507207870483398e-01 -9.838171303272247314e-02 3.976360335946083069e-02 -3.749426901340484619e-01 4.749249219894409180e-01 -2.515676915645599365e-01 -6.223535537719726562e-02 6.687723994255065918e-01 -1.160212606191635132e-01 2.632322907447814941e-01 2.851693034172058105e-01 4.926880598068237305e-01 -1.134079545736312866e-01 -5.824689865112304688e-01 5.250525474548339844e-01 2.319033592939376831e-01 -8.705305308103561401e-02 -4.082083404064178467e-01 -1.250860244035720825e-01 4.954726696014404297e-01 -1.053015366196632385e-01 3.852829933166503906e-01 5.420474410057067871e-01 5.507876276969909668e-01 9.519671648740768433e-02 1.104277074337005615e-01 2.810734510421752930e-01 4.622373580932617188e-01 7.603116333484649658e-02
-3.240166306495666504e-01 -3.533708453178405762e-01 -3.762060999870300293e-01 -8.969955444335937500e-01 -3.852590322494506836e-01 1.628980040550231934e-01 5.001669526100158691e-01 -4.099811613559722900e-01 -5.920255780220031738e-01 3.580135107040405273e-01 -6.094523668289184570e-01 1.642336845397949219e-01 -4.934933409094810486e-02 7.732004672288894653e-02 4.792300611734390259e-02 3.735723905265331268e-03 2.132809460163116455e-01 9.641803056001663208e-02 -2.351868152618408203e-01 2.294680923223495483e-01 2.385523021221160889e-01 2.459079623222351074e-01 1.456348448991775513e-01 4.393461942672729492e-01 4.395637810230255127e-01 -3.705390989780426025e-01 -2.839551270008087158e-01 -5.763921737670898438e-01 2.468475401401519775e-01 -6.367450207471847534e-02 3.261884748935699463e-01 6.508181691169738770e-01 3.184433579444885254e-01 2.257525622844696045e-01 -2.859324812889099121e-01 4.835069179534912109e-01 2.533452510833740234e-01 -9.603636711835861206e-02 2.901892960071563721e-01 -2.138106822967529297e-01 3.127717673778533936e-01 -4.269925653934478760e-01 -1.854405999183654785e-01 -3.525904417037963867e-01 2.588340044021606445e-01 1.407252401113510132e-01 8.252902626991271973e-01 3.804457783699035645e-01 -5.512936115264892578e-01 -1.947340965270996094e-01 1.578751057386398315e-01 -3.707559704780578613e-01 -2.303857728838920593e-02 -2.381509542465209961e-01 4.857158660888671875e-02 3.829548656940460205e-01 4.198794662952423096e-01 6.191083788871765137e-01 1.593319177627563477e-01 -1.785213947296142578e-01 -3.056041002273559570e-01 -2.043279409408569336e-01 1.700999215245246887e-02 3.566277921199798584e-01
-6.248736977577209473e-01 -3.310957551002502441e-01 5.345793813467025757e-02 -2.815662920475006104e-01 7.019530236721038818e-02 -2.328113466501235962e-02 1.287379413843154907e-01 -1.340489387512207031e-01 -5.054703950881958008e-01 3.412225544452667236e-01 -4.125584363937377930e-01 2.245830893516540527e-01 -3.413473367691040039e-01 1.467655599117279053e-01 -1.847189366817474365e-01 -2.306070774793624878e-01 4.537827074527740479e-01 -1.103691011667251587e-02 -3.940467536449432373e-02 2.433832734823226929e-02 4.517320990562438965e-01 -3.208503127098083496e-01 -4.398857951164245605e-01 -4.135304987430572510e-01 3.049361109733581543e-01 -4.891473948955535889e-01 -3.593362867832183838e-01 -7.618745416402816772e-02 -2.161637991666793823e-01 1.855546832084655762e-01 5.927863717079162598e-01 1.691135913133621216e-01 5.522189736366271973e-01 -1.149809062480926514e-01 -3.042677640914916992e-01 3.568258285522460938e-01 1.545345783233642578e-02 1.967655420303344727e-01 -5.659511685371398926e-01 3.102035522460937500e-01 -2.126332223415374756e-01 -6.321035325527191162e-02 4.304296374320983887e-01 -2.091187685728073120e-01 1.290540099143981934e-01 2.505666613578796387e-01 3.870120942592620850e-01 -3.582165837287902832e-01 -4.186939895153045654e-01 4.564741849899291992e-01 1.141362190246582031e-01 1.044926121830940247e-01 -2.613920569419860840e-01 -2.352505624294281006e-01 7.273662686347961426e-01 -7.150169461965560913e-02 2.937494814395904541e-01 5.961932539939880371e-01 7.490025162696838379e-01 1.888845562934875488e-01 1.470616161823272705e-01 2.363312840461730957e-01 4.232276976108551025e-01 2.270721197128295898e-01
-8.064718246459960938e-01 -4.094815254211425781e-01 1.585417985916137695e-01 -6.205691099166870117e-01 -1.236168593168258667e-01 3.233993425965309143e-02 -1.067593544721603394e-01 -2.568337321281433105e-01 -5.658874511718750000e-01 4.454754590988159180e-01 -3.485086262226104736e-01 1.970129311084747314e-01 -9.032122790813446045e-02 2.246566414833068848e-01 1.780407130718231201e-02 -1.229456346482038498e-02 1.731589436531066895e-01 -2.727420330047607422e-01 5.221510306000709534e-02 -1.129580363631248474e-01 2.975298464298248291e-01 -3.246567547321319580e-01 -3.103873729705810547e-01 -8.539178222417831421e-02 2.034948915243148804e-01 -6.395192146301269531e-01 -2.093410044908523560e-01 -1.612152457237243652e-01 -1.284247636795043945e-02 1.225090026855468750e-01 4.265204966068267822e-01 3.005134463310241699e-01 5.421513319015502930e-01 2.424283623695373535e-01 -5.116926431655883789e-01 5.734373927116394043e-01 -2.492162436246871948e-01 1.948871463537216187e-01 -1.307060718536376953e-01 2.347396612167358398e-01 -3.205863237380981445e-01 -7.066391408443450928e-02 4.758084416389465332e-01 -1.780180186033248901e-01 3.151111900806427002e-01 2.550977468490600586e-01 8.050925731658935547e-01 -2.191659808158874512e-01 -7.419869899749755859e-01 4.782415032386779785e-01 1.514174044132232666e-01 -1.187293883413076401e-02 -8.978176116943359375e-02 1.406364440917968750e-01 3.905674219131469727e-01 -1.920435130596160889e-01 3.204371035099029541e-01 5.914296507835388184e-01 6.392765045166015625e-01 7.510485500097274780e-02 2.116073369979858398e-01 2.774926722049713135e-01 3.672949969768524170e-01 1.249981671571731567e-02
-5.389772653579711914e-01 -4.205451607704162598e-01 -1.228972598910331726e-01 -5.033659338951110840e-01 -1.152708455920219421e-01 1.541926860809326172e-01 1.202177479863166809e-01 -3.474722802639007568e-01 -6.545789241790771484e-01 2.904965281486511230e-01 -4.013042449951171875e-01 4.396490752696990967e-02 -1.841714233160018921e-01 2.289814054965972900e-01 -7.393438369035720825e-02 -1.691716462373733521e-01 3.191393613815307617e-01 -8.543754369020462036e-02 -9.305067360401153564e-02 1.520565301179885864e-01 2.330795228481292725e-01 -8.904892951250076294e-02 -1.794797629117965698e-01 6.721591949462890625e-02 2.237303853034973145e-01 -4.284557700157165527e-01 -3.462320566177368164e-01 -2.080422341823577881e-01 -6.872209161520004272e-02 9.737163782119750977e-05 5.982285141944885254e-01 4.328888058662414551e-01 4.301780462265014648e-01 3.362768888473510742e-01 -4.485626816749572754e-01 4.754404425621032715e-01 -1.505644023418426514e-01 -1.112523004412651062e-01 -7.207624614238739014e-02 2.011750638484954834e-01 8.831052109599113464e-03 -3.391251862049102783e-01 3.514844179153442383e-01 -2.260303050279617310e-01 3.213525414466857910e-01 1.696331650018692017e-01 6.066432595252990723e-01 4.014708101749420166e-02 -6.011191010475158691e-01 3.006951212882995605e-01 1.846176236867904663e-01 -1.407625675201416016e-01 -6.079209223389625549e-02 -9.574003517627716064e-02 1.915489882230758667e-01 8.004958927631378174e-02 3.552458882331848145e-01 5.410106182098388672e-01 4.890973567962646484e-01 -9.070882201194763184e-02 4.114530049264431000e-03 1.826588213443756104e-01 1.744868755340576172e-01 1.644579619169235229e-01
-2.250483632087707520e-01 -2.287771999835968018e-01 -2.385486662387847900e-01 -5.798115730285644531e-01 -1.721716672182083130e-01 1.030231341719627380e-01 2.595596313476562500e-01 -4.637873470783233643e-01 -6.194779276847839355e-01 4.794589579105377197e-01 -4.986053407192230225e-01 -1.049124151468276978e-01 -2.741587758064270020e-01 2.326702475547790527e-01 9.213562309741973877e-02 3.188662603497505188e-02 4.291046559810638428e-01 1.555780470371246338e-01 -3.514684438705444336e-01 1.727799922227859497e-01 1.241117045283317566e-01 2.531573474407196045e-01 1.600636541843414307e-02 3.250286579132080078e-01 3.570714592933654785e-01 -5.952433347702026367e-01 -3.642056584358215332e-01 -5.007817745208740234e-01 2.101173996925354004e-01 5.031475052237510681e-02 4.459030330181121826e-01 5.271267294883728027e-01 2.145856022834777832e-01 1.985741257667541504e-01 -3.376882672309875488e-01 1.445311456918716431e-01 3.048592209815979004e-01 6.951286643743515015e-02 1.916224360466003418e-01 -2.765318453311920166e-01 3.881312608718872070e-01 -3.391101658344268799e-01 -1.410251557826995850e-01 -3.224997520446777344e-01 -4.005284607410430908e-02 2.910301089286804199e-01 6.461747884750366211e-01 2.952274084091186523e-01 -3.094405829906463623e-01 1.153785213828086853e-01 1.696378737688064575e-01 7.849239744246006012e-03 -3.497226908802986145e-02 -2.209825217723846436e-01 3.297349810600280762e-01 3.280160129070281982e-01 2.038535326719284058e-01 6.351403594017028809e-01 4.151357412338256836e-01 -8.447121083736419678e-02 -2.196541428565979004e-01 -7.738967239856719971e-02 4.986972361803054810e-02 3.686318993568420410e-01
-3.905328214168548584e-01 -3.410173952579498291e-01 3.487058281898498535e-01 -8.851543068885803223e-02 2.728205919265747070e-01 4.213775694370269775e-02 4.457116127014160156e-03 -1.309902369976043701e-01 -5.511496067047119141e-01 2.858787775039672852e-01 -2.570798695087432861e-01 -1.504303514957427979e-02 -4.237885475158691406e-01 3.143604993820190430e-01 -1.161280497908592224e-01 -3.668526709079742432e-01 5.391071438789367676e-01 3.027165830135345459e-01 -5.625224113464355469e-02 6.824470311403274536e-02 2.147834300994873047e-01 -1.492612957954406738e-01 -3.239742517471313477e-01 -5.624100565910339355e-01 2.114248573780059814e-01 -5.173554420471191406e-01 -4.476230144500732422e-01 -9.550648182630538940e-02 -3.030196130275726318e-01 4.840779602527618408e-01 5.779690146446228027e-01 2.292946577072143555e-01 5.246305465698242188e-01 3.496620059013366699e-02 -2.657845020294189453e-01 2.167278826236724854e-01 2.015962749719619751e-01 2.481862455606460571e-01 -4.888811111450195312e-01 3.658588826656341553e-01 -1.448087543249130249e-01 -1.388249397277832031e-01 3.783277869224548340e-01 -5.072988867759704590e-01 -2.260389626026153564e-01 2.793765664100646973e-01 3.295394182205200195e-01 -2.273083776235580444e-01 -3.630470633506774902e-01 4.902514815330505371e-01 2.243770211935043335e-01 -7.326612621545791626e-02 -4.538165032863616943e-01 -1.269653290510177612e-01 6.596651673316955566e-01 7.289107888936996460e-02 1.417571604251861572e-01 4.768982529640197754e-01 7.048866748809814453e-01 2.135889232158660889e-01 2.504937350749969482e-01 2.671015262603759766e-01 2.714366912841796875e-01 3.424564003944396973e-01
-4.849698245525360107e-01 -3.116622567176818848e-01 -3.219550848007202148e-01 -5.226638913154602051e-01 -2.459874898195266724e-01 1.603630781173706055e-01 5.073989629745483398e-01 -2.866866588592529297e-01 -7.110226154327392578e-01 3.180066049098968506e-01 -6.667970418930053711e-01 2.244277000427246094e-01 -3.981891572475433350e-01 -3.534594923257827759e-02 -1.067919805645942688e-01 -4.294086620211601257e-02 1.561631858348846436e-01 8.047215640544891357e-03 -2.095960676670074463e-01 2.113661915063858032e-02 9.498619288206100464e-02 3.863923624157905579e-02 4.599831998348236084e-03 1.944201290607452393e-01 3.263283371925354004e-01 -2.038051187992095947e-01 -2.578367888927459717e-01 -4.703270792961120605e-01 3.225588798522949219e-01 1.339595764875411987e-03 6.070138812065124512e-01 3.628852069377899170e-01 3.274863660335540771e-01 -4.153594374656677246e-02 -1.638047844171524048e-01 5.623043179512023926e-01 2.293063253164291382e-01 -9.690385311841964722e-02 -1.318878233432769775e-01 -1.835251450538635254e-01 2.129710316658020020e-01 -3.808635175228118896e-01 9.989587962627410889e-02 -1.892752796411514282e-01 3.110208511352539062e-01 6.920860707759857178e-02 6.254240870475769043e-01 2.532318234443664551e-01 -5.198466181755065918e-01 1.035106182098388672e-02 2.649230957031250000e-01 -4.411849379539489746e-01 -3.309803307056427002e-01 -4.271509945392608643e-01 1.632792502641677856e-01 3.552838861942291260e-01 4.545482397079467773e-01 5.517514348030090332e-01 1.367031335830688477e-01 -1.289785355329513550e-01 -1.011335924267768860e-01 -2.676390409469604492e-01 1.271822154521942139e-01 3.826552033424377441e-01
-5.824919939041137695e-01 -3.562228381633758545e-01 3.190890550613403320e-01 -4.369117021560668945e-01 1.871742755174636841e-01 8.353108167648315430e-02 1.511290222406387329e-01 -1.955281496047973633e-01 -5.396791696548461914e-01 4.682037532329559326e-01 -4.613201916217803955e-01 1.753095984458923340e-01 -2.179987132549285889e-01 2.287612557411193848e-01 -4.776896536350250244e-02 -2.330807000398635864e-01 4.801384806632995605e-01 1.573344469070434570e-01 -3.480184078216552734e-02 8.815848827362060547e-02 3.580972850322723389e-01 -6.007312238216400146e-02 -4.783833026885986328e-01 -2.806927561759948730e-01 2.120574414730072021e-01 -4.852128624916076660e-01 -3.152569830417633057e-01 -1.516967117786407471e-01 -2.361752688884735107e-01 3.148821592330932617e-01 4.940112829208374023e-01 3.154204487800598145e-01 5.236728787422180176e-01 -8.918195962905883789e-03 -4.115476012229919434e-01 4.489208459854125977e-01 2.734821438789367676e-01 2.019281834363937378e-01 -4.019379913806915283e-01 2.881062328815460205e-01 -8.443944901227951050e-02 -1.705330908298492432e-01 2.259471565485000610e-01 -3.539049625396728516e-01 -1.189254783093929291e-02 2.041221708059310913e-01 6.101763248443603516e-01 -1.815489828586578369e-01 -4.395307302474975586e-01 1.526995301246643066e-01 3.511762619018554688e-01 -1.320123374462127686e-01 -5.181158781051635742e-01 -3.332013189792633057e-01 4.388191699981689453e-01 2.216689288616180420e-03 1.439742296934127808e-01 4.590039253234863281e-01 6.176107525825500488e-01 1.353253424167633057e-01 2.512261569499969482e-01 2.134309411048889160e-01 3.023315668106079102e-01 1.730760633945465088e-01
-2.001418173313140869e-01 -3.060171008110046387e-01 4.366887211799621582e-01 -2.158832699060440063e-01 1.708434820175170898e-01 9.087355434894561768e-02 4.637216031551361084e-02 -5.075534060597419739e-02 -6.714046001434326172e-01 3.885335922241210938e-01 -1.656955331563949585e-01 -2.239866107702255249e-01 -3.308959305286407471e-01 3.015586137771606445e-01 -1.653116941452026367e-01 -3.913059830665588379e-01 5.436361432075500488e-01 3.187708854675292969e-01 -1.452186703681945801e-01 1.021990925073623657e-02 2.575940787792205811e-01 5.454856902360916138e-03 -8.161167800426483154e-02 -3.628094196319580078e-01 8.904979377985000610e-02 -6.264742016792297363e-01 -5.363657474517822266e-01 -1.573926061391830444e-01 -1.263734549283981323e-01 4.346724152565002441e-01 4.537776410579681396e-01 3.355619311332702637e-01 3.898900449275970459e-01 2.284913957118988037e-01 -2.158723920583724976e-01 -2.945609390735626221e-02 2.998458743095397949e-01 4.313865005970001221e-01 -1.417954564094543457e-01 2.442257106304168701e-01 -1.415739804506301880e-01 -6.769094616174697876e-02 1.494401991367340088e-01 -5.311864614486694336e-01 -4.393663406372070312e-01 4.517889618873596191e-01 2.936953902244567871e-01 -8.946193754673004150e-02 -2.658644020557403564e-01 5.634039044380187988e-01 2.059528976678848267e-01 1.125805601477622986e-01 -4.034321010112762451e-01 -6.184639781713485718e-02 8.988121747970581055e-01 7.439312338829040527e-02 -4.633753001689910889e-02 4.702790379524230957e-01 9.676417708396911621e-01 1.849669516086578369e-01 6.521923840045928955e-02 2.745186388492584229e-01 1.459560692310333252e-01 4.407390356063842773e-01
-5.369130373001098633e-01 -3.290092349052429199e-01 2.407615184783935547e-01 -5.753393173217773438e-01 1.640473455190658569e-01 -2.913322672247886658e-02 2.594951987266540527e-01 -1.432398557662963867e-01 -5.429663658142089844e-01 4.692893326282501221e-01 -5.289011001586914062e-01 2.490434795618057251e-01 -2.655729353427886963e-01 1.824276447296142578e-01 -1.165693476796150208e-01 -1.187678128480911255e-01 4.721728265285491943e-01 1.126578673720359802e-01 -2.252918481826782227e-02 1.889934986829757690e-01 3.712205588817596436e-01 -1.796856224536895752e-01 -3.085777759552001953e-01 -1.657852530479431152e-01 2.180996388196945190e-01 -6.123846173286437988e-01 -3.362041413784027100e-01 -1.694952398538589478e-01 -1.198161095380783081e-01 1.798996627330780029e-01 4.215115606784820557e-01 2.844032347202301025e-01 4.880916774272918701e-01 6.187665462493896484e-02 -3.241602778434753418e-01 4.504231214523315430e-01 3.914911150932312012e-01 2.394679635763168335e-01 -3.604754507541656494e-01 5.997814983129501343e-02 -4.962920397520065308e-02 -2.798171639442443848e-01 8.474145829677581787e-02 -1.783172935247421265e-01 -1.570215635001659393e-02 1.586696356534957886e-01 4.894075989723205566e-01 -1.865496933460235596e-01 -3.940894007682800293e-01 1.025013849139213562e-01 3.909382820129394531e-01 2.174737304449081421e-02 -4.105023145675659180e-01 -3.523160815238952637e-01 5.146661400794982910e-01 -5.292762070894241333e-02 2.760537564754486084e-01 6.082571744918823242e-01 5.522438883781433105e-01 2.632985115051269531e-01 1.308318972587585449e-01 1.498083174228668213e-01 2.984225749969482422e-01 2.600570917129516602e-01
-5.130414366722106934e-01 -2.975399494171142578e-01 -7.309637963771820068e-03 -2.402913719415664673e-01 1.464963704347610474e-01 1.497752219438552856e-02 1.815305650234222412e-01 -3.846445083618164062e-01 -5.367977619171142578e-01 2.913510501384735107e-01 -4.571298062801361084e-01 7.030189037322998047e-02 -3.632599115371704102e-01 1.978206634521484375e-01 -1.222015544772148132e-01 -1.351629346609115601e-01 2.700110077857971191e-01 3.010885417461395264e-01 -2.408462464809417725e-01 6.872247159481048584e-02 1.898824721574783325e-01 -5.863650888204574585e-02 -3.013833165168762207e-01 -2.073341608047485352e-01 2.955767214298248291e-01 -4.253345727920532227e-01 -2.784136831760406494e-01 -2.545246183872222900e-01 -1.904366463422775269e-01 3.708235919475555420e-01 5.858297944068908691e-01 2.116500735282897949e-01 4.384995102882385254e-01 -4.752801358699798584e-02 -3.290949463844299316e-01 3.471273779869079590e-01 3.293162584304809570e-01 -8.176799863576889038e-02 -4.303189814090728760e-01 1.102260127663612366e-01 1.465670764446258545e-01 -3.716612160205841064e-01 2.362696975469589233e-01 -3.985934853553771973e-01 8.369208872318267822e-02 9.473668038845062256e-02 4.350928366184234619e-01 -1.549024879932403564e-02 -4.293624758720397949e-01 1.218514665961265564e-01 1.564306467771530151e-01 -2.335385233163833618e-01 -2.930387556552886963e-01 -3.993583023548126221e-01 4.585312008857727051e-01 2.334734499454498291e-01 2.840429544448852539e-01 4.729955196380615234e-01 4.251860976219177246e-01 -1.705304533243179321e-02 7.303532958030700684e-02 4.238213598728179932e-02 2.865814864635467529e-01 3.541520833969116211e-01
-4.635399878025054932e-01 -4.659472703933715820e-01 -2.470550835132598877e-01 -4.374237060546875000e-01 -2.119018137454986572e-02 -1.333678662776947021e-01 3.510447740554809570e-01 -2.590020298957824707e-01 -4.387816786766052246e-01 1.716238260269165039e-01 -4.818069040775299072e-01 2.068111747503280640e-01 -4.506136178970336914e-01 -2.569959312677383423e-02 -1.843168437480926514e-01 -8.225795626640319824e-02 1.861983388662338257e-01 1.734488457441329956e-02 -1.131147891283035278e-02 2.485794275999069214e-01 3.135117590427398682e-01 -3.820221424102783203e-01 -2.429669797420501709e-01 -8.896546810865402222e-02 2.885933220386505127e-01 -3.887722194194793701e-01 -1.964807361364364624e-01 -3.136244714260101318e-01 6.419807672500610352e-02 1.083639785647392273e-01 6.699205636978149414e-01 2.691872417926788330e-01 3.691451847553253174e-01 6.431746482849121094e-02 -1.268540471792221069e-01 6.440944671630859375e-01 8.961990475654602051e-03 -1.645508110523223877e-01 -4.437023997306823730e-01 4.067359119653701782e-02 7.551277428865432739e-02 -3.845390975475311279e-01 3.897901177406311035e-01 -1.659363657236099243e-01 2.736521959304809570e-01 -4.438136518001556396e-02 4.415713548660278320e-01 5.354537069797515869e-02 -6.245676875114440918e-01 2.249661087989807129e-01 1.607777923345565796e-01 -1.426061335951089859e-02 -8.921861648559570312e-02 -2.687636017799377441e-01 3.227962255477905273e-01 1.247381418943405151e-01 5.304254889488220215e-01 6.565750241279602051e-01 3.399783968925476074e-01 8.608571439981460571e-02 3.221820667386054993e-02 6.446957588195800781e-02 3.042666316032409668e-01 3.475449383258819580e-01
-6.407337784767150879e-01 -4.044396877288818359e-01 2.473470568656921387e-01 -4.706664681434631348e-01 7.734876871109008789e-02 1.621360778808593750e-01 -9.263440966606140137e-03 -1.084820851683616638e-01 -5.748116374015808105e-01 5.027788281440734863e-01 -3.980278968811035156e-01 1.135703325271606445e-01 -1.275364905595779419e-01 1.842050552368164062e-01 -6.849882751703262329e-02 -1.793173104524612427e-01 3.981891274452209473e-01 -1.437007486820220947e-01 6.959287077188491821e-02 -1.833693683147430420e-02 3.672032654285430908e-01 -1.391782164573669434e-01 -4.796791076660156250e-01 -3.170440793037414551e-01 1.640182584524154663e-01 -4.575191736221313477e-01 -3.997561931610107422e-01 -8.536949008703231812e-02 -2.583865225315093994e-01 1.378588378429412842e-01 4.699621796607971191e-01 2.956672012805938721e-01 5.758151412010192871e-01 1.102972030639648438e-01 -4.659450650215148926e-01 4.725919365882873535e-01 4.597908258438110352e-02 2.267426103353500366e-01 -2.152034342288970947e-01 3.259043097496032715e-01 -2.495846003293991089e-01 -6.757916510105133057e-02 3.882514238357543945e-01 -2.245444804430007935e-01 -1.377213560044765472e-02 2.758858203887939453e-01 5.358084440231323242e-01 -2.343883216381072998e-01 -4.864377379417419434e-01 3.139371573925018311e-01 2.048275619745254517e-01 -1.127719227224588394e-02 -2.872555553913116455e-01 -1.427942812442779541e-01 4.657131433486938477e-01 -1.103665307164192200e-01 1.314790695905685425e-01 4.730875492095947266e-01 6.565589308738708496e-01 1.484524905681610107e-01 2.583943605422973633e-01 3.790299594402313232e-01 4.325536191463470459e-01 5.088274925947189331e-02
-6.292834877967834473e-01 -2.195528447628021240e-01 -1.274740397930145264e-01 -5.186408162117004395e-01 -1.273344904184341431e-01 6.428982317447662354e-02 2.045661658048629761e-01 -4.449735879898071289e-01 -5.711015462875366211e-01 4.006062746047973633e-01 -5.280319452285766602e-01 1.325203478336334229e-01 -1.600767970085144043e-01 1.637513339519500732e-01 -1.457548141479492188e-01 1.479143183678388596e-02 1.690961867570877075e-01 5.103256553411483765e-03 -2.406981587409973145e-01 1.880510151386260986e-02 2.845719754695892334e-01 2.440238371491432190e-02 -2.201974242925643921e-01 1.330227553844451904e-01 4.064931273460388184e-01 -4.180154204368591309e-01 -1.875995546579360962e-01 -4.078920781612396240e-01 6.587285548448562622e-02 1.388638764619827271e-01 5.929496884346008301e-01 3.984996676445007324e-01 3.593634366989135742e-01 8.037623763084411621e-02 -4.238954186439514160e-01 4.816760420799255371e-01 5.935336649417877197e-02 9.001805447041988373e-03 -1.350442916154861450e-01 4.768302291631698608e-02 1.094287261366844177e-01 -3.776828348636627197e-01 1.794550269842147827e-01 -3.017471432685852051e-01 2.410075366497039795e-01 1.367333084344863892e-01 7.091305851936340332e-01 1.669981330633163452e-01 -5.780830383300781250e-01 1.357122957706451416e-01 1.190771311521530151e-01 -1.996543556451797485e-01 -1.030339151620864868e-01 -3.050185441970825195e-01 2.941625118255615234e-01 1.524627804756164551e-01 2.647056281566619873e-01 4.753518104553222656e-01 4.499976634979248047e-01 -2.030843794345855713e-01 4.212453588843345642e-02 -1.936614513397216797e-02 1.941913664340972900e-01 2.610009908676147461e-01
-5.857754945755004883e-01 -2.648859322071075439e-01 -1.808594465255737305e-01 -3.908222317695617676e-01 4.175922274589538574e-02 -7.751275599002838135e-02 1.628111153841018677e-01 -4.193760752677917480e-01 -4.746404886245727539e-01 3.904212713241577148e-01 -4.739612638950347900e-01 1.373858749866485596e-01 -3.380993306636810303e-01 3.156278729438781738e-01 -1.513524949550628662e-01 7.215532474219799042e-03 1.952062547206878662e-01 1.773735284805297852e-01 -1.339282244443893433e-01 1.552735418081283569e-01 2.573365271091461182e-01 -1.505259871482849121e-01 -1.997725814580917358e-01 -1.475029438734054565e-02 4.677056968212127686e-01 -4.679546654224395752e-01 -1.929665654897689819e-01 -2.298078536987304688e-01 -1.707403361797332764e-01 2.807018160820007324e-01 5.316145420074462891e-01 1.915756165981292725e-01 3.639143705368041992e-01 -2.220844477415084839e-02 -3.708082437515258789e-01 4.725917577743530273e-01 2.920244932174682617e-01 -1.152844503521919250e-01 -2.897919118404388428e-01 -1.144252195954322815e-01 1.845294088125228882e-01 -4.269900023937225342e-01 1.347435861825942993e-01 -2.444297820329666138e-01 1.916054040193557739e-01 -6.225021556019783020e-02 5.013260245323181152e-01 -1.074262261390686035e-01 -4.906621277332305908e-01 1.131132245063781738e-02 1.236523687839508057e-01 -1.541624814271926880e-01 -3.637506440281867981e-02 -3.562007546424865723e-01 2.636207342147827148e-01 9.226514399051666260e-02 4.029609560966491699e-01 5.592293739318847656e-01 2.521964013576507568e-01 5.587641149759292603e-02 5.528683960437774658e-02 -3.762535750865936279e-02 3.062943518161773682e-01 2.860800027847290039e-01
-5.906055569648742676e-01 -2.169166505336761475e-01 -3.879567980766296387e-01 -4.910990297794342041e-01 -1.876746565103530884e-01 -1.137685999274253845e-01 3.749024868011474609e-01 -4.161484241485595703e-01 -5.670005679130554199e-01 1.824277937412261963e-01 -5.399736166000366211e-01 1.909183710813522339e-01 -4.024619162082672119e-01 -1.187834888696670532e-02 -2.075986862182617188e-01 8.145105838775634766e-02 5.896172672510147095e-02 -1.055279150605201721e-01 -1.878615915775299072e-01 1.821814179420471191e-01 7.560185343027114868e-02 -3.446291983127593994e-01 8.865523338317871094e-02 1.830292046070098877e-01 2.965084314346313477e-01 -3.660711646080017090e-01 -1.677925586700439453e-01 -4.630601406097412109e-01 5.693228244781494141e-01 3.369004279375076294e-02 7.246529459953308105e-01 2.235240638256072998e-01 2.266618460416793823e-01 1.579640060663223267e-02 -6.289216876029968262e-02 5.257108211517333984e-01 -6.472963839769363403e-02 -1.686260253190994263e-01 -3.300890922546386719e-01 -1.855455040931701660e-01 2.964708507061004639e-01 -3.782461285591125488e-01 3.420155048370361328e-01 -4.454244673252105713e-02 3.548111617565155029e-01 -5.899283289909362793e-02 4.420954585075378418e-01 2.004617601633071899e-01 -6.223571300506591797e-01 2.464683949947357178e-01 8.519770205020904541e-02 -9.986504167318344116e-02 4.322846606373786926e-02 -3.441148102283477783e-01 2.202142328023910522e-01 2.411710321903228760e-01 6.775339841842651367e-01 6.517817378044128418e-01 1.607662141323089600e-01 4.628448933362960815e-02 -2.235406041145324707e-01 -2.396115511655807495e-01 1.465326249599456787e-01 3.139879405498504639e-01
-5.583468079566955566e-01 -4.071541428565979004e-01 -3.492435067892074585e-02 -5.222437381744384766e-01 6.827841699123382568e-02 -4.110961407423019409e-02 1.810650080442428589e-01 -3.484501242637634277e-01 -5.976030230522155762e-01 2.674878537654876709e-01 -4.893775284290313721e-01 1.953853219747543335e-01 -3.669743835926055908e-01 2.547745704650878906e-01 -9.522206336259841919e-02 -1.048244312405586243e-01 2.698908746242523193e-01 1.019253656268119812e-01 -2.419407665729522705e-02 2.274976670742034912e-01 1.579520255327224731e-01 -2.819976210594177246e-01 -1.490243077278137207e-01 6.772379577159881592e-02 2.291402965784072876e-01 -6.485807299613952637e-01 -3.417314887046813965e-01 -2.079969942569732666e-01 1.638352870941162109e-02 2.118937671184539795e-01 4.711797535419464111e-01 3.219371736049652100e-01 4.058372378349304199e-01 1.885556578636169434e-01 -2.917471528053283691e-01 4.822544455528259277e-01 2.256663888692855835e-01 -1.519131958484649658e-01 -2.523101568222045898e-01 -1.088006123900413513e-01 1.888238638639450073e-01 -4.625599086284637451e-01 1.885745078325271606e-01 -1.357572823762893677e-01 2.379859387874603271e-01 -9.783975780010223389e-03 5.619972348213195801e-01 -2.042643725872039795e-02 -5.981053113937377930e-01 1.060748174786567688e-01 3.790369629859924316e-01 -1.517179012298583984e-01 -1.458490192890167236e-01 -1.919680237770080566e-01 2.243776470422744751e-01 5.721291527152061462e-02 5.381124019622802734e-01 6.946762800216674805e-01 1.986672282218933105e-01 1.296725273132324219e-01 -8.994457311928272247e-03 7.399897277355194092e-02 2.080698609352111816e-01 2.150362730026245117e-01
-5.639712810516357422e-01 -2.561070322990417480e-01 2.331529259681701660e-01 -3.613511025905609131e-01 2.313334494829177856e-01 9.560639411211013794e-02 1.447309553623199463e-01 -3.536220192909240723e-01 -7.618936896324157715e-01 2.606925070285797119e-01 -3.563174307346343994e-01 1.596097648143768311e-02 -4.989325404167175293e-01 3.292465209960937500e-01 -3.325936943292617798e-02 -1.718159914016723633e-01 3.777035176753997803e-01 1.446557044982910156e-01 -1.674020290374755859e-01 1.035483404994010925e-01 8.240599930286407471e-02 -2.420363128185272217e-01 -7.134754955768585205e-02 -1.362896710634231567e-02 3.874272853136062622e-02 -6.992961764335632324e-01 -4.132702648639678955e-01 -1.751017868518829346e-01 1.002715006470680237e-01 2.916612625122070312e-01 5.748305916786193848e-01 3.666990101337432861e-01 5.048447847366333008e-01 1.294112205505371094e-01 -2.500900626182556152e-01 1.747889518737792969e-01 2.951679825782775879e-01 4.355853423476219177e-02 -4.297699928283691406e-01 5.717811733484268188e-02 2.777001261711120605e-02 -3.266827762126922607e-01 2.479700893163681030e-01 -3.146205544471740723e-01 6.116822734475135803e-02 1.174749284982681274e-01 5.704449415206909180e-01 -7.270646840333938599e-02 -4.788852632045745850e-01 4.111332297325134277e-01 5.033143162727355957e-01 -3.073798865079879761e-02 -4.298687279224395752e-01 -1.928133368492126465e-01 4.987307190895080566e-01 -4.789250344038009644e-02 2.478113919496536255e-01 6.784977912902832031e-01 4.816806316375732422e-01 2.165253162384033203e-01 3.174633160233497620e-02 3.383539617061614990e-02 1.939942240715026855e-01 1.927255392074584961e-01
-4.826107621192932129e-01 -2.733614146709442139e-01 -2.521670460700988770e-01 -5.895795226097106934e-01 -6.681498885154724121e-02 3.168068826198577881e-02 2.171319425106048584e-01 -4.614382088184356689e-01 -5.855022668838500977e-01 1.779781132936477661e-01 -5.325038433074951172e-01 1.040715575218200684e-01 -2.810628414154052734e-01 1.109998002648353577e-01 3.039211779832839966e-02 -4.913562908768653870e-02 1.673067361116409302e-01 -4.582765698432922363e-02 -1.488401144742965698e-01 1.786630749702453613e-01 -3.465106338262557983e-02 -1.724538803100585938e-01 4.308147728443145752e-02 1.302316784858703613e-01 2.277476638555526733e-01 -4.364639520645141602e-01 -2.959900498390197754e-01 -3.451350927352905273e-01 4.028498232364654541e-01 -3.247702866792678833e-02 6.152167916297912598e-01 3.210484385490417480e-01 3.315525949001312256e-01 1.001657396554946899e-01 -2.143949121236801147e-01 4.514004588127136230e-01 4.597719013690948486e-02 -2.099942862987518311e-01 -1.790919601917266846e-01 -5.278781801462173462e-02 2.749617397785186768e-01 -3.663364350795745850e-01 3.642338514328002930e-01 -1.927927285432815552e-01 2.091932296752929688e-01 1.173936873674392700e-01 6.017677783966064453e-01 2.761141657829284668e-01 -7.338937520980834961e-01 2.220291197299957275e-01 1.743836551904678345e-01 -2.474188059568405151e-01 -8.307982981204986572e-02 -2.494912147521972656e-01 1.717147976160049438e-01 2.880695760250091553e-01 5.678738951683044434e-01 5.979325175285339355e-01 2.027983032166957855e-02 -6.222654506564140320e-02 -1.570380926132202148e-01 -1.647793948650360107e-01 1.260670870542526245e-01 1.536063253879547119e-01
-4.130261242389678955e-01 -2.334765493869781494e-01 -4.150986671447753906e-01 -5.378282666206359863e-01 -3.499543666839599609e-01 3.455664962530136108e-02 3.605188727378845215e-01 -3.939130306243896484e-01 -4.899530410766601562e-01 2.816592156887054443e-01 -5.418514013290405273e-01 2.436627447605133057e-02 -1.011722981929779053e-01 -1.422647386789321899e-02 -2.154866158962249756e-01 -1.391740515828132629e-04 1.207831948995590210e-01 8.679179102182388306e-02 -3.025026023387908936e-01 3.731048852205276489e-02 3.352465033531188965e-01 1.914979219436645508e-01 -7.760849595069885254e-02 1.325917243957519531e-01 4.774215817451477051e-01 -2.168820798397064209e-01 -2.174556106328964233e-01 -4.661896228790283203e-01 1.396568119525909424e-01 7.243983447551727295e-03 6.042885780334472656e-01 2.662177979946136475e-01 9.669718891382217407e-02 3.973643481731414795e-02 -3.491799235343933105e-01 3.372318744659423828e-01 1.041521430015563965e-01 -2.642162144184112549e-02 9.696263819932937622e-02 -6.408604234457015991e-02 2.927112579345703125e-01 -3.459430634975433350e-01 1.264072805643081665e-01 -2.526646256446838379e-01 1.853826642036437988e-01 2.351171821355819702e-01 4.523758292198181152e-01 3.388612866401672363e-01 -4.425424039363861084e-01 -1.689279079437255859e-02 -2.466988414525985718e-01 -2.207954227924346924e-01 5.236880853772163391e-02 -4.926122426986694336e-01 4.659655094146728516e-01 4.317393004894256592e-01 2.847361862659454346e-01 4.081569910049438477e-01 4.475816488265991211e-01 -3.133717775344848633e-01 -1.732084006071090698e-01 -1.356384158134460449e-01 2.047856599092483521e-01 4.496247470378875732e-01
-5.523306131362915039e-01 -3.186343312263488770e-01 1.038730219006538391e-01 -4.722027778625488281e-01 4.750676453113555908e-02 1.826930940151214600e-01 1.822592914104461670e-01 -3.437304496765136719e-01 -6.763995885848999023e-01 3.412397503852844238e-01 -5.201615095138549805e-01 -3.850789368152618408e-02 -2.861450910568237305e-01 7.462457567453384399e-02 -1.407691836357116699e-01 4.010369256138801575e-02 1.688398271799087524e-01 1.749677956104278564e-01 -2.276528179645538330e-01 -2.895509451627731323e-02 2.072516977787017822e-01 -2.572833374142646790e-02 -1.128930002450942993e-01 9.799825400114059448e-02 5.981449037790298462e-02 -5.385172963142395020e-01 -3.589133620262145996e-01 -3.070963323116302490e-01 9.155069291591644287e-02 1.831917464733123779e-01 5.201529264450073242e-01 3.585092723369598389e-01 2.917540371417999268e-01 1.904849112033843994e-01 -3.950935602188110352e-01 1.456242203712463379e-01 3.283570408821105957e-01 3.529304638504981995e-02 -6.992329657077789307e-02 -2.844207733869552612e-02 -4.422271624207496643e-03 -3.418439328670501709e-01 1.250313520431518555e-01 -2.966140508651733398e-01 1.682951487600803375e-02 1.363162249326705933e-01 5.754088759422302246e-01 2.050787061452865601e-01 -4.654932916164398193e-01 2.235485613346099854e-01 2.515197992324829102e-01 -5.900382995605468750e-02 -2.785625755786895752e-01 -3.069036900997161865e-01 5.034310817718505859e-01 -2.874689549207687378e-02 1.769204884767532349e-01 4.771339893341064453e-01 5.275344252586364746e-01 -1.780458539724349976e-02 6.926628760993480682e-03 3.509072959423065186e-02 3.828828632831573486e-01 2.074799537658691406e-01
-5.368160605430603027e-01 -3.851009309291839600e-01 1.226082667708396912e-01 -4.711409807205200195e-01 6.267020106315612793e-02 1.221177503466606140e-01 1.910584568977355957e-01 -2.940124869346618652e-01 -5.503792762756347656e-01 4.461017251014709473e-01 -5.461428165435791016e-01 1.523240655660629272e-01 -2.420891225337982178e-01 1.506700813770294189e-01 -5.030450969934463501e-02 -1.543425768613815308e-01 3.154560625553131104e-01 1.154936775565147400e-01 -8.422338962554931641e-02 6.967995315790176392e-02 2.793735265731811523e-01 3.837827593088150024e-03 -4.107865691184997559e-01 -8.030571788549423218e-02 1.971177160739898682e-01 -5.223033428192138672e-01 -3.020167350769042969e-01 -2.097630202770233154e-01 -1.874559819698333740e-01 2.345568239688873291e-01 4.416222572326660156e-01 3.478014469146728516e-01 4.633838534355163574e-01 6.292429566383361816e-02 -3.766688108444213867e-01 4.830116629600524902e-01 2.700483202934265137e-01 9.274721890687942505e-02 -2.090834081172943115e-01 1.242713928222656250e-01 1.850441843271255493e-02 -3.504939973354339600e-01 1.537683457136154175e-01 -3.095611333847045898e-01 3.331059962511062622e-02 1.788226366043090820e-01 6.146925091743469238e-01 1.775239408016204834e-02 -5.403630137443542480e-01 6.048168987035751343e-02 3.900595307350158691e-01 -1.447645574808120728e-01 -3.841871321201324463e-01 -2.765623629093170166e-01 3.724066615104675293e-01 1.008436977863311768e-01 2.113946825265884399e-01 5.217482447624206543e-01 4.569860100746154785e-01 2.649595588445663452e-02 1.746947914361953735e-01 1.443608999252319336e-01 2.822420001029968262e-01 2.470473796129226685e-01
-5.136634707450866699e-01 -4.059598445892333984e-01 2.107186913490295410e-01 -6.782415509223937988e-01 3.844523429870605469e-02 -8.426189422607421875e-03 2.121778130531311035e-01 -1.312517970800399780e-01 -3.134882450103759766e-01 5.341554880142211914e-01 -5.536230802536010742e-01 1.929712146520614624e-01 -1.184401661157608032e-01 3.628282994031906128e-02 -1.179944351315498352e-01 -8.651585876941680908e-02 5.426520705223083496e-01 8.244186639785766602e-03 1.134949922561645508e-02 1.516076326370239258e-01 6.773002743721008301e-01 -1.446139439940452576e-02 -5.269204378128051758e-01 -1.105311736464500427e-01 2.065663933753967285e-01 -6.369888186454772949e-01 -2.434114962816238403e-01 -1.299574077129364014e-01 -2.000319212675094604e-01 1.219119057059288025e-01 3.723859190940856934e-01 3.348471224308013916e-01 3.232530653476715088e-01 -1.094823330640792847e-02 -3.729043006896972656e-01 4.960525035858154297e-01 2.068570703268051147e-01 2.891712486743927002e-01 -2.103414237499237061e-01 1.476967036724090576e-01 -7.646159082651138306e-02 -1.105885580182075500e-01 4.589121043682098389e-02 -1.319627910852432251e-01 -1.063502356410026550e-01 2.376010566949844360e-01 6.039991974830627441e-01 -1.939596384763717651e-01 -4.209922254085540771e-01 2.888773381710052490e-02 1.839536279439926147e-01 2.215661704540252686e-01 -2.570681869983673096e-01 -3.619722127914428711e-01 6.381438374519348145e-01 -1.183750703930854797e-01 2.119570523500442505e-01 5.162868499755859375e-01 7.457934021949768066e-01 2.405325472354888916e-01 1.595586240291595459e-01 3.307217955589294434e-01 4.221420884132385254e-01 1.383586674928665161e-01
-4.617521464824676514e-01 -4.196871817111968994e-01 -2.795457541942596436e-01 -5.002719759941101074e-01 -1.851346194744110107e-01 8.532520383596420288e-02 4.149215221405029297e-01 -4.302033185958862305e-01 -6.685974597930908203e-01 3.031286001205444336e-01 -5.845192670822143555e-01 1.564662754535675049e-01 -3.049602508544921875e-01 9.317792207002639771e-02 -1.388756930828094482e-01 -1.136362273246049881e-02 1.721610575914382935e-01 2.410978674888610840e-01 -2.716193497180938721e-01 2.725951969623565674e-01 1.504418253898620605e-01 -2.963680773973464966e-02 -2.044196426868438721e-02 1.910131573677062988e-01 2.986050844192504883e-01 -3.559600114822387695e-01 -3.052582740783691406e-01 -4.840090572834014893e-01 1.449017822742462158e-01 2.282182276248931885e-01 5.545281171798706055e-01 4.417259991168975830e-01 3.188078403472900391e-01 1.653508245944976807e-01 -2.263779193162918091e-01 3.919868469238281250e-01 2.309324294328689575e-01 -1.323706656694412231e-01 -9.281738102436065674e-02 -1.650874316692352295e-01 2.612563669681549072e-01 -5.130127668380737305e-01 8.313570916652679443e-02 -3.131614327430725098e-01 2.523038983345031738e-01 4.275128245353698730e-03 4.903408288955688477e-01 2.373011857271194458e-01 -4.128598868846893311e-01 -1.288985833525657654e-02 2.125315815210342407e-01 -2.480875253677368164e-01 -1.144469231367111206e-01 -2.754647135734558105e-01 1.186881810426712036e-01 3.280704915523529053e-01 3.993072211742401123e-01 5.397645831108093262e-01 2.750907540321350098e-01 -7.363693416118621826e-02 -1.178786754608154297e-01 -6.425427645444869995e-02 1.801677346229553223e-01 4.709843993186950684e-01
-5.211109519004821777e-01 -3.976319432258605957e-01 -1.628468632698059082e-01 -5.584931969642639160e-01 -1.521240025758743286e-01 -3.819300234317779541e-02 3.328192830085754395e-01 -3.689477443695068359e-01 -5.373703837394714355e-01 2.076707184314727783e-01 -5.240303277969360352e-01 2.013114690780639648e-01 -3.577269911766052246e-01 1.103717610239982605e-01 -8.585468679666519165e-02 -1.027399301528930664e-01 1.496546268463134766e-01 2.354762256145477295e-01 -1.718495488166809082e-01 1.982811540365219116e-01 1.944183409214019775e-01 -2.040782272815704346e-01 -7.788448035717010498e-02 1.197427436709403992e-01 1.906587481498718262e-01 -4.170895516872406006e-01 -2.525810599327087402e-01 -2.976233959197998047e-01 1.439332962036132812e-01 2.539167702198028564e-01 5.342342257499694824e-01 3.127210438251495361e-01 3.526853919029235840e-01 5.988132953643798828e-02 -2.056746333837509155e-01 4.985831975936889648e-01 2.476166933774948120e-01 -2.332860380411148071e-01 -2.722659707069396973e-01 -7.266924530267715454e-02 2.329082936048507690e-01 -5.097466111183166504e-01 2.109566479921340942e-01 -2.395533770322799683e-01 2.563844025135040283e-01 -7.227960228919982910e-02 4.898420572280883789e-01 2.371533662080764771e-01 -5.243716835975646973e-01 7.220163196325302124e-02 2.180393487215042114e-01 -3.200483322143554688e-01 -1.743865907192230225e-01 -2.552648484706878662e-01 1.747798770666122437e-01 2.740484178066253662e-01 4.993548393249511719e-01 6.544233560562133789e-01 1.374889016151428223e-01 -2.607740461826324463e-03 -6.267164647579193115e-02 -1.896706223487854004e-02 2.722043097019195557e-01 3.931116759777069092e-01
-3.396009802818298340e-01 -4.002229571342468262e-01 5.703862756490707397e-02 -9.033204913139343262e-01 -1.818630695343017578e-01 2.071648538112640381e-01 1.953160166740417480e-01 -3.571361303329467773e-01 -9.220530986785888672e-01 8.920501917600631714e-02 -4.278635680675506592e-01 -4.589967429637908936e-02 -1.529447138309478760e-01 1.194594874978065491e-01 1.721493899822235107e-01 -2.175419926643371582e-01 9.707666933536529541e-02 -1.251817941665649414e-01 5.010027438402175903e-02 1.039351150393486023e-01 9.237532317638397217e-02 -9.945810586214065552e-02 1.524121761322021484e-01 3.787559568881988525e-01 -1.520208120346069336e-01 -5.651758909225463867e-01 -5.119375586509704590e-01 -3.654110431671142578e-01 6.150215864181518555e-01 -2.311891913414001465e-01 6.162447929382324219e-01 6.752575039863586426e-01 3.018248081207275391e-01 5.040210485458374023e-01 -3.649073839187622070e-01 2.521942257881164551e-01 3.966870903968811035e-02 -9.357107430696487427e-02 3.127361536026000977e-01 -9.334888309240341187e-02 5.127217993140220642e-02 -2.723794877529144287e-01 2.853158116340637207e-01 -2.280295044183731079e-01 2.158938497304916382e-01 2.169892638921737671e-01 7.993705272674560547e-01 5.457031726837158203e-01 -7.894918918609619141e-01 4.746022820472717285e-01 2.851122617721557617e-01 -2.053713947534561157e-01 -2.753237783908843994e-01 -4.626069962978363037e-02 2.703341245651245117e-01 1.923280358314514160e-01 2.192128151655197144e-01 5.880089998245239258e-01 2.554967403411865234e-01 -1.246985346078872681e-01 -1.938983798027038574e-01 -1.460970938205718994e-02 1.430619806051254272e-01 -5.062387138605117798e-02
-6.086745858192443848e-01 -3.498384356498718262e-01 1.313426792621612549e-01 -1.444416046142578125e-01 2.441588789224624634e-01 -1.131824180483818054e-01 5.394110083580017090e-02 -2.473983168601989746e-01 -4.096450209617614746e-01 3.079660534858703613e-01 -3.799373209476470947e-01 1.424957960844039917e-01 -4.224019944667816162e-01 1.712962388992309570e-01 -1.733813285827636719e-01 -1.701311022043228149e-01 3.270361423492431641e-01 3.004635274410247803e-01 -1.329763531684875488e-01 8.127763867378234863e-02 3.225848078727722168e-01 -3.297547101974487305e-01 -3.887952566146850586e-01 -4.975047111511230469e-01 1.217290535569190979e-01 -4.791795313358306885e-01 -2.504391670227050781e-01 -4.191467911005020142e-02 -2.613624930381774902e-01 4.858974516391754150e-01 5.638283491134643555e-01 8.383792638778686523e-02 5.022078752517700195e-01 -1.023299992084503174e-01 -2.454601675271987915e-01 3.031161725521087646e-01 1.664630621671676636e-01 5.958558991551399231e-02 -7.078561186790466309e-01 3.077197968959808350e-01 -1.124833449721336365e-01 -1.805307418107986450e-01 4.000517725944519043e-01 -3.529503345489501953e-01 -2.684832550585269928e-02 1.224297136068344116e-01 2.236074656248092651e-01 -3.262942433357238770e-01 -3.537301123142242432e-01 3.620212972164154053e-01 8.200822770595550537e-02 9.401968866586685181e-02 -3.023676574230194092e-01 -2.715311050415039062e-01 6.530838012695312500e-01 5.494207143783569336e-04 2.595222592353820801e-01 5.175491571426391602e-01 6.893279552459716797e-01 3.211365640163421631e-01 1.639734804630279541e-01 2.032905817031860352e-01 4.558396637439727783e-01 3.046339452266693115e-01
-3.458038270473480225e-01 -4.335159063339233398e-01 3.616694509983062744e-01 -2.535056471824645996e-01 2.387704998254776001e-01 -5.455727130174636841e-02 1.347126066684722900e-01 -8.848646283149719238e-02 -5.469367504119873047e-01 2.435927987098693848e-01 -3.564806282520294189e-01 7.057060301303863525e-02 -4.172047972679138184e-01 1.958417296409606934e-01 -1.291100084781646729e-01 -4.070147573947906494e-01 4.849451184272766113e-01 3.503791391849517822e-01 -4.269458353519439697e-02 1.688150614500045776e-01 3.616721630096435547e-01 -1.489010155200958252e-01 -2.958585023880004883e-01 -4.642480611801147461e-01 7.572711259126663208e-02 -5.809581279754638672e-01 -4.372323155403137207e-01 -7.198636978864669800e-02 -2.178649604320526123e-01 4.791207611560821533e-01 4.679324030876159668e-01 2.652280926704406738e-01 5.452378988265991211e-01 -6.114289164543151855e-03 -1.161998659372329712e-01 2.194341570138931274e-01 3.449367284774780273e-01 2.253292649984359741e-01 -5.030702352523803711e-01 2.334389984607696533e-01 -1.025970950722694397e-01 -1.968402564525604248e-01 2.743569016456604004e-01 -4.562299847602844238e-01 -3.067437410354614258e-01 2.419019192457199097e-01 3.176467418670654297e-01 -1.716732084751129150e-01 -3.601645827293395996e-01 3.538062572479248047e-01 2.505546212196350098e-01 -1.849848777055740356e-02 -4.550568759441375732e-01 -1.961575746536254883e-01 7.457067370414733887e-01 1.176237538456916809e-01 1.917732506990432739e-01 5.242565870285034180e-01 6.711639165878295898e-01 3.233854472637176514e-01 1.823054850101470947e-01 2.808597385883331299e-01 2.963895797729492188e-01 3.768541812896728516e-01
-3.625760674476623535e-01 -4.280276298522949219e-01 -2.071737349033355713e-01 -9.111047387123107910e-01 -4.384784698486328125e-01 1.443165242671966553e-01 3.879034519195556641e-01 -3.206848502159118652e-01 -6.853103637695312500e-01 2.588115036487579346e-01 -4.824205338954925537e-01 1.330183446407318115e-01 -1.886640489101409912e-01 1.136927381157875061e-01 3.264555335044860840e-02 -1.519698351621627808e-01 2.326668947935104370e-01 -1.545942723751068115e-01 -4.352624714374542236e-02 1.586423218250274658e-01 1.563725024461746216e-01 1.690101623535156250e-02 1.354769617319107056e-01 4.167394936084747314e-01 1.354786753654479980e-01 -6.181425452232360840e-01 -3.880595564842224121e-01 -3.271555006504058838e-01 3.797593414783477783e-01 -1.230647042393684387e-01 4.329700469970703125e-01 5.354909300804138184e-01 1.539186686277389526e-01 3.267920911312103271e-01 -2.940135598182678223e-01 5.158101320266723633e-01 7.164284586906433105e-03 1.909662969410419464e-03 3.692738413810729980e-01 -1.721673905849456787e-01 2.966921627521514893e-01 -3.840681910514831543e-01 3.383102267980575562e-02 -8.258919417858123779e-02 3.523966372013092041e-01 1.897294968366622925e-01 7.137061357498168945e-01 3.291172981262207031e-01 -7.563164234161376953e-01 2.100978791713714600e-02 3.160549998283386230e-01 -2.119035422801971436e-01 -2.602367475628852844e-02 -7.788457721471786499e-02 2.242906242609024048e-01 2.492339611053466797e-01 5.472117662429809570e-01 7.456405162811279297e-01 1.821084469556808472e-01 -1.761738210916519165e-02 -2.665066719055175781e-01 -7.495872676372528076e-02 4.856558889150619507e-02 2.747746706008911133e-01
-5.555546879768371582e-01 -2.654345929622650146e-01 -3.525126725435256958e-02 -3.381037414073944092e-01 2.029220908880233765e-01 1.908283680677413940e-02 3.588511347770690918e-01 -2.806814312934875488e-01 -7.118736505508422852e-01 2.505134940147399902e-01 -5.238748788833618164e-01 1.306472569704055786e-01 -4.514784514904022217e-01 3.384188562631607056e-02 -1.442594528198242188e-01 -6.791120767593383789e-02 2.223583906888961792e-01 1.879561543464660645e-01 -1.664910018444061279e-01 1.192829310894012451e-01 1.406873762607574463e-01 -1.588667035102844238e-01 -8.569455146789550781e-02 -4.071884602308273315e-02 2.811047732830047607e-01 -3.419854938983917236e-01 -3.231800198554992676e-01 -4.097891449928283691e-01 1.859554797410964966e-01 1.903863847255706787e-01 6.029437184333801270e-01 2.616393268108367920e-01 4.911265969276428223e-01 4.842847585678100586e-03 -9.860871732234954834e-02 3.256466388702392578e-01 4.311536550521850586e-01 -7.808540761470794678e-02 -4.986242651939392090e-01 -1.004434749484062195e-01 1.131458356976509094e-01 -4.143917262554168701e-01 1.784840673208236694e-01 -2.563390135765075684e-01 3.106525726616382599e-02 -2.030052989721298218e-02 4.759038984775543213e-01 8.887945115566253662e-02 -3.749682009220123291e-01 1.496364474296569824e-01 3.072856664657592773e-01 -2.366191297769546509e-01 -4.206676185131072998e-01 -5.387963652610778809e-01 3.034861087799072266e-01 1.506678909063339233e-01 3.418888449668884277e-01 5.972253680229187012e-01 2.972696423530578613e-01 9.013143926858901978e-02 -3.184165805578231812e-02 -1.186450719833374023e-01 1.717782467603683472e-01 2.699376940727233887e-01
-4.607388675212860107e-01 -5.021799802780151367e-01 -5.036750435829162598e-01 -5.354887247085571289e-01 -3.112095594406127930e-01 -8.456892520189285278e-02 2.766088843345642090e-01 -4.651752114295959473e-01 -5.104911327362060547e-01 1.998154222965240479e-01 -4.607170522212982178e-01 1.911840140819549561e-01 -3.636330366134643555e-01 1.382699608802795410e-01 -1.440393626689910889e-01 -1.824288442730903625e-02 2.371217682957649231e-02 1.150511577725410461e-01 -1.767892539501190186e-01 3.187832534313201904e-01 1.256244331598281860e-01 -2.129834294319152832e-01 1.256801784038543701e-01 2.614632248878479004e-01 3.238215744495391846e-01 -5.434241890907287598e-01 -2.387394458055496216e-01 -3.682115077972412109e-01 1.553104221820831299e-01 2.545429766178131104e-01 4.705727398395538330e-01 4.159176945686340332e-01 2.033065259456634521e-01 2.005064189434051514e-01 -1.113556027412414551e-01 5.125046372413635254e-01 -3.045324236154556274e-02 -3.321303129196166992e-01 -1.128296554088592529e-02 -2.669950723648071289e-01 3.932149708271026611e-01 -5.312181711196899414e-01 1.507662087678909302e-01 -2.062782794237136841e-01 3.853747844696044922e-01 -1.163369715213775635e-01 4.631916284561157227e-01 1.206221729516983032e-01 -6.299108266830444336e-01 -2.488562464714050293e-02 4.606454074382781982e-02 -1.133701950311660767e-01 3.671129941940307617e-01 -1.631717011332511902e-02 4.822714626789093018e-02 2.858923673629760742e-01 7.427031993865966797e-01 6.847169995307922363e-01 1.008068323135375977e-01 2.348033338785171509e-02 -2.597433030605316162e-01 1.897738873958587646e-02 1.528305411338806152e-01 4.204502701759338379e-01
-4.993997514247894287e-01 -3.709767460823059082e-01 -2.453860640525817871e-01 -4.120060205459594727e-01 -3.103092685341835022e-02 2.082075476646423340e-01 3.110538423061370850e-01 -3.239177763462066650e-01 -4.723957777023315430e-01 2.944850623607635498e-01 -4.874925911426544189e-01 4.088944196701049805e-02 -3.109664022922515869e-01 -2.328612655401229858e-02 -1.488937735557556152e-01 -6.272448599338531494e-02 2.461682260036468506e-01 -2.665558084845542908e-02 -2.063136398792266846e-01 1.367665827274322510e-01 1.600275337696075439e-01 -7.846642285585403442e-02 -2.416503429412841797e-01 2.002719789743423462e-02 1.651059389114379883e-01 -4.717418551445007324e-01 -3.519763946533203125e-01 -2.120367884635925293e-01 -4.108586907386779785e-02 -2.125948667526245117e-03 5.797984004020690918e-01 2.626574635505676270e-01 1.831291168928146362e-01 1.076293587684631348e-01 -2.618470191955566406e-01 2.460900247097015381e-01 1.984207183122634888e-01 -7.072814553976058960e-02 -1.199462711811065674e-01 3.493235260248184204e-02 1.778608858585357666e-01 -3.646300733089447021e-01 3.299241662025451660e-01 -8.799578249454498291e-02 9.552384912967681885e-02 1.979552358388900757e-01 3.077711164951324463e-01 1.904716044664382935e-01 -4.837898313999176025e-01 9.417512267827987671e-02 7.242085039615631104e-02 1.555473059415817261e-01 -9.555764496326446533e-02 -3.768054544925689697e-01 4.871901869773864746e-01 1.392665505409240723e-01 3.941049575805664062e-01 5.647819638252258301e-01 5.604984164237976074e-01 -1.042662113904953003e-01 -1.259977221488952637e-01 1.629353165626525879e-01 3.900592625141143799e-01 2.677510380744934082e-01
-3.483040034770965576e-01 -4.889400005340576172e-01 -1.772755086421966553e-01 -5.083335041999816895e-01 -2.639978229999542236e-01 6.241441518068313599e-02 3.630487918853759766e-01 -2.762653231620788574e-01 -4.683680534362792969e-01 3.105633705854415894e-02 -4.487572312355041504e-01 3.046469390392303467e-02 -3.901087641716003418e-01 -4.582189023494720459e-03 -3.888325393199920654e-02 -6.307621300220489502e-02 3.139195442199707031e-01 -7.229140400886535645e-02 -6.519728899002075195e-02 1.873252838850021362e-01 2.439233660697937012e-01 -1.531985104084014893e-01 -2.562876939773559570e-01 -7.718928158283233643e-03 1.629579663276672363e-01 -4.437634944915771484e-01 -3.143127560615539551e-01 -2.666141688823699951e-01 4.405385628342628479e-02 -5.852536857128143311e-02 7.296835184097290039e-01 3.714147806167602539e-01 2.669846117496490479e-01 1.753398180007934570e-01 -2.620251774787902832e-01 4.467805027961730957e-01 -8.149599283933639526e-02 -3.655035793781280518e-02 -1.066753119230270386e-01 1.070994213223457336e-01 7.515505701303482056e-02 -4.223703444004058838e-01 4.914866685867309570e-01 -1.650020629167556763e-01 2.559785842895507812e-01 1.664632558822631836e-01 5.146597027778625488e-01 3.669207096099853516e-01 -5.892874002456665039e-01 2.793970704078674316e-01 1.525461822748184204e-01 -4.505081474781036377e-02 -9.639750421047210693e-02 -1.595005393028259277e-01 4.297218918800354004e-01 1.562455594539642334e-01 4.578721523284912109e-01 6.509157419204711914e-01 3.908177614212036133e-01 -1.220662891864776611e-01 9.379050135612487793e-02 8.377388119697570801e-02 3.892895281314849854e-01 4.444168210029602051e-01
-6.401215195655822754e-01 -2.722057700157165527e-01 1.958880722522735596e-01 -3.769247829914093018e-01 2.012500911951065063e-01 -2.641589194536209106e-02 -1.334409415721893311e-02 -2.485948950052261353e-01 -4.653246700763702393e-01 6.830905079841613770e-01 -4.505981504917144775e-01 8.642444014549255371e-02 -8.409066498279571533e-02 2.206726074218750000e-01 -1.589498221874237061e-01 -5.492308735847473145e-02 3.051202595233917236e-01 1.758110821247100830e-01 -8.687807619571685791e-02 8.312897756695747375e-03 4.780503213405609131e-01 1.557769253849983215e-03 -5.075502395629882812e-01 -3.224394023418426514e-01 4.086963832378387451e-01 -4.662286341190338135e-01 -2.078718990087509155e-01 -1.969303935766220093e-01 -4.147453010082244873e-01 3.632674515247344971e-01 4.279260933399200439e-01 2.027166187763214111e-01 5.157428979873657227e-01 -3.289490193128585815e-02 -4.486472010612487793e-01 4.573771357536315918e-01 2.531237602233886719e-01 2.754105031490325928e-01 -2.965243756771087646e-01 2.358720898628234863e-01 -1.512961983680725098e-01 -1.848224252462387085e-01 1.161099523305892944e-01 -4.234452843666076660e-01 -1.594517678022384644e-01 2.104034274816513062e-01 5.131624937057495117e-01 -3.300706744194030762e-01 -3.660912513732910156e-01 7.074550539255142212e-02 1.387593895196914673e-01 2.797630056738853455e-02 -2.207454293966293335e-01 -3.714514076709747314e-01 5.422231554985046387e-01 -5.589566379785537720e-02 -7.060054689645767212e-03 3.809000849723815918e-01 7.196706533432006836e-01 1.607742309570312500e-01 2.713912725448608398e-01 2.086181938648223877e-01 3.423407375812530518e-01 2.053562104701995850e-01
-5.040699243545532227e-01 -4.427294135093688965e-01 2.844052910804748535e-01 -5.295750498771667480e-01 -5.458870902657508850e-02 2.183063328266143799e-01 1.448559314012527466e-01 -2.673241123557090759e-02 -4.488901197910308838e-01 3.681192100048065186e-01 -3.930720984935760498e-01 8.078569173812866211e-02 -7.933634519577026367e-02 9.267445653676986694e-02 -8.731471747159957886e-02 -2.690966725349426270e-01 5.234815478324890137e-01 -3.043927066028118134e-02 5.953052267432212830e-02 3.908455744385719299e-02 4.699678421020507812e-01 -6.267214566469192505e-02 -5.286094546318054199e-01 -2.952763438224792480e-01 4.292168468236923218e-02 -2.965100109577178955e-01 -3.727761805057525635e-01 1.414015889167785645e-03 -3.101670444011688232e-01 6.485404074192047119e-02 4.761220812797546387e-01 2.684150636196136475e-01 4.742726683616638184e-01 1.320645064115524292e-01 -4.647623896598815918e-01 4.824192523956298828e-01 -5.954839289188385010e-03 2.082288563251495361e-01 -2.049460858106613159e-01 5.500123500823974609e-01 -3.188806772232055664e-01 -4.465405642986297607e-02 4.340579509735107422e-01 -2.365530282258987427e-01 7.470081001520156860e-02 3.266394138336181641e-01 5.325312614440917969e-01 -1.273431032896041870e-01 -4.713809788227081299e-01 2.789029181003570557e-01 1.775007992982864380e-01 -1.103118509054183960e-01 -4.528454840183258057e-01 -1.915415227413177490e-01 5.547839403152465820e-01 -5.387934297323226929e-02 6.437900662422180176e-02 4.221628308296203613e-01 7.391515374183654785e-01 1.349439024925231934e-01 2.682463228702545166e-01 3.278186619281768799e-01 4.647199511528015137e-01 1.305887401103973389e-01
-5.213981270790100098e-01 -3.854956626892089844e-01 -1.513200700283050537e-01 -3.791304230690002441e-01 2.724505960941314697e-02 1.408359967172145844e-02 2.355861067771911621e-01 -3.823180794715881348e-01 -5.380187034606933594e-01 2.608100771903991699e-01 -4.589043855667114258e-01 1.485121101140975952e-01 -4.036944508552551270e-01 1.345243453979492188e-01 -3.479091823101043701e-02 -7.342167198657989502e-02 2.454530745744705200e-01 3.952503949403762817e-02 -1.586276590824127197e-01 1.398901194334030151e-01 1.411314159631729126e-01 -1.772070229053497314e-01 -2.096839696168899536e-01 -1.002412810921669006e-01 2.272107750177383423e-01 -4.421736896038055420e-01 -2.453178912401199341e-01 -2.141098082065582275e-01 1.119390688836574554e-02 1.840546727180480957e-01 6.317942738533020020e-01 2.573232352733612061e-01 4.190635979175567627e-01 -5.387862026691436768e-02 -2.336158901453018188e-01 4.975022673606872559e-01 9.646220505237579346e-02 -1.029523089528083801e-01 -3.850021958351135254e-01 6.755334883928298950e-02 1.069291159510612488e-01 -4.108617007732391357e-01 3.202179074287414551e-01 -2.591125965118408203e-01 1.980464458465576172e-01 2.772171795368194580e-02 4.776576757431030273e-01 3.599938750267028809e-02 -6.195871233940124512e-01 1.380332708358764648e-01 2.546517848968505859e-01 -1.912009567022323608e-01 -1.725180298089981079e-01 -2.484845519065856934e-01 2.638303041458129883e-01 1.441507339477539062e-01 4.977089166641235352e-01 6.068048477172851562e-01 2.374520599842071533e-01 5.878061801195144653e-02 7.474916428327560425e-02 -2.743945270776748657e-02 2.763071656227111816e-01 2.932924926280975342e-01
-5.717386603355407715e-01 -2.878057062625885010e-01 1.363025307655334473e-01 -1.840476840734481812e-01 1.510397940874099731e-01 -4.317930340766906738e-02 3.828719258308410645e-02 -2.090621590614318848e-01 -2.843131422996520996e-01 3.154235482215881348e-01 -4.479075968265533447e-01 1.312764734029769897e-01 -2.920514941215515137e-01 2.441956400871276855e-01 -1.312661767005920410e-01 -1.883452981710433960e-01 4.142719209194183350e-01 2.802987992763519287e-01 -9.222555160522460938e-02 7.593678683042526245e-02 3.505694270133972168e-01 -1.398454904556274414e-01 -5.465288758277893066e-01 -5.334204435348510742e-01 2.484961748123168945e-01 -3.048557937145233154e-01 -2.158797681331634521e-01 -5.489443987607955933e-02 -4.625778794288635254e-01 4.086355566978454590e-01 5.307896733283996582e-01 1.258040070533752441e-01 5.629092454910278320e-01 -1.151934415102005005e-01 -3.818012475967407227e-01 4.318529963493347168e-01 1.521059423685073853e-01 1.696044206619262695e-02 -6.665327548980712891e-01 3.846368789672851562e-01 -1.083975806832313538e-01 -1.534782946109771729e-01 4.388276338577270508e-01 -4.507802128791809082e-01 -1.424650289118289948e-02 1.732089370489120483e-01 3.478042483329772949e-01 -2.776856422424316406e-01 -3.589899539947509766e-01 2.664524614810943604e-01 -2.555400133132934570e-02 -9.104103595018386841e-02 -4.083739817142486572e-01 -2.735879719257354736e-01 5.207750201225280762e-01 1.293933540582656860e-01 1.560099869966506958e-01 3.582554459571838379e-01 6.286698579788208008e-01 8.008401840925216675e-02 3.102279305458068848e-01 2.407440245151519775e-01 4.771841466426849365e-01 3.143295347690582275e-01
-4.648612737655639648e-01 -4.426654279232025146e-01 -3.384957462549209595e-02 -5.566049814224243164e-01 5.282200872898101807e-03 8.401889353990554810e-03 2.775771617889404297e-01 -2.411297410726547241e-01 -4.970372915267944336e-01 2.548771202564239502e-01 -4.886396229267120361e-01 7.423757016658782959e-02 -3.044228553771972656e-01 1.069803312420845032e-01 -3.540094941854476929e-02 -8.954165875911712646e-02 3.046108782291412354e-01 1.449390649795532227e-01 1.100597530603408813e-01 1.784541010856628418e-01 4.042728543281555176e-01 -1.178827658295631409e-01 -2.180080413818359375e-01 -3.204666078090667725e-03 2.623013556003570557e-01 -3.619674146175384521e-01 -2.689651548862457275e-01 -1.881454288959503174e-01 -2.017298340797424316e-01 6.283792108297348022e-02 4.238183200359344482e-01 2.344348430633544922e-01 4.880400598049163818e-01 1.715644001960754395e-01 -2.529706358909606934e-01 6.290541887283325195e-01 2.628104090690612793e-01 -1.366118937730789185e-01 -2.465543746948242188e-01 2.248276025056838989e-02 -4.063379764556884766e-02 -3.716526925563812256e-01 1.665653139352798462e-01 -2.207135111093521118e-01 1.468289494514465332e-01 -5.482906103134155273e-02 6.517794728279113770e-01 -1.155214011669158936e-01 -5.485007166862487793e-01 1.074318587779998779e-02 2.651836276054382324e-01 -1.770030409097671509e-01 -3.058448135852813721e-01 -3.968803584575653076e-01 2.679071426391601562e-01 2.539106458425521851e-02 3.167815208435058594e-01 6.028974652290344238e-01 2.421612143516540527e-01 2.053097486495971680e-01 8.311955630779266357e-02 2.557615935802459717e-02 3.120510876178741455e-01 1.887141466140747070e-01
-3.602130711078643799e-01 -2.843051850795745850e-01 -1.633541584014892578e-01 -3.946067988872528076e-01 -1.743854284286499023e-01 -3.613047301769256592e-03 3.703988790512084961e-01 -4.029782414436340332e-01 -5.403300523757934570e-01 3.903580307960510254e-01 -5.971862077713012695e-01 9.293849766254425049e-02 -3.506508171558380127e-01 7.596267014741897583e-02 -9.416236728429794312e-02 -2.160501107573509216e-02 2.648944854736328125e-01 3.845884799957275391e-01 -3.251185119152069092e-01 1.354954093694686890e-01 2.992168366909027100e-01 2.286394536495208740e-01 -1.300943791866302490e-01 1.285492032766342163e-01 4.222837686538696289e-01 -3.702008426189422607e-01 -2.229080796241760254e-01 -5.140950679779052734e-01 -1.167592406272888184e-02 3.709680438041687012e-01 4.370300471782684326e-01 3.563510179519653320e-01 3.413170874118804932e-01 -7.528503984212875366e-02 -1.349922418594360352e-01 4.099494814872741699e-01 4.084573388099670410e-01 1.706529036164283752e-02 -1.727031171321868896e-01 -1.971832811832427979e-01 2.917639315128326416e-01 -4.582022726535797119e-01 -1.130647361278533936e-01 -4.374088644981384277e-01 -1.475579291582107544e-02 3.129221498966217041e-02 5.856894254684448242e-01 1.300642639398574829e-01 -2.851283252239227295e-01 -1.219614967703819275e-01 1.471144109964370728e-01 -2.805399298667907715e-01 -2.059872895479202271e-01 -4.168895483016967773e-01 3.301517963409423828e-01 4.376171827316284180e-01 1.947627216577529907e-01 4.722539186477661133e-01 2.796792089939117432e-01 -2.205249667167663574e-02 -6.565925665199756622e-03 -8.217006921768188477e-02 1.412650048732757568e-01 5.423467159271240234e-01
-2.596735954284667969e-01 -2.389646172523498535e-01 -5.263835787773132324e-01 -6.428876519203186035e-01 -4.288324117660522461e-01 1.560298204421997070e-01 6.123495101928710938e-01 -3.085082173347473145e-01 -6.773945093154907227e-01 2.797696888446807861e-01 -6.334935426712036133e-01 -5.719354748725891113e-02 -2.643203735351562500e-01 -2.674048393964767456e-02 -1.052616313099861145e-01 4.209878854453563690e-03 1.003735214471817017e-01 2.698260843753814697e-01 -3.155987858772277832e-01 2.363864481449127197e-01 7.814670354127883911e-02 3.166002631187438965e-01 3.650234937667846680e-01 5.299091935157775879e-01 3.537927865982055664e-01 -1.789582371711730957e-01 -2.722011208534240723e-01 -5.434892177581787109e-01 3.340337574481964111e-01 -8.814331144094467163e-02 3.742646276950836182e-01 4.288555979728698730e-01 1.560510843992233276e-01 2.347282469272613525e-01 -5.690842866897583008e-03 1.843822896480560303e-01 4.006828665733337402e-01 -1.543767005205154419e-01 2.926466763019561768e-01 -4.563160538673400879e-01 4.337806403636932373e-01 -4.296777546405792236e-01 -1.904729753732681274e-01 -2.507002949714660645e-01 8.713202923536300659e-02 7.276877760887145996e-02 5.554857254028320312e-01 4.247936606407165527e-01 -2.305312454700469971e-01 -2.020314335823059082e-01 5.655407905578613281e-02 -2.433023154735565186e-01 -3.534549102187156677e-02 -5.368693470954895020e-01 1.356494724750518799e-01 4.564812779426574707e-01 3.810817003250122070e-01 5.567790865898132324e-01 1.996937990188598633e-01 -4.731508344411849976e-02 -4.839861690998077393e-01 -4.593220949172973633e-01 -2.741701528429985046e-02 4.899209439754486084e-01
-4.913828372955322266e-01 -2.733095288276672363e-01 -1.632797718048095703e-01 -4.933959245681762695e-01 -7.988301664590835571e-02 1.536396741867065430e-01 3.159453868865966797e-01 -3.964095115661621094e-01 -5.311901569366455078e-01 4.564011394977569580e-01 -6.302188634872436523e-01 -1.760765910148620605e-03 -3.073965609073638916e-01 6.029487401247024536e-02 -1.741864979267120361e-01 1.154893264174461365e-01 2.383114546537399292e-01 1.965914666652679443e-01 -2.805286943912506104e-01 1.143513992428779602e-01 2.071519792079925537e-01 9.078764170408248901e-02 -6.356875598430633545e-02 2.542110979557037354e-01 2.201359868049621582e-01 -5.968225598335266113e-01 -2.993625104427337646e-01 -3.563524484634399414e-01 6.571501493453979492e-02 1.601328700780868530e-01 3.897580504417419434e-01 3.391797840595245361e-01 1.679718494415283203e-01 1.215336769819259644e-01 -2.530933618545532227e-01 1.799583137035369873e-01 3.778890967369079590e-01 3.272802755236625671e-02 3.049024194478988647e-02 -2.572828829288482666e-01 2.508723735809326172e-01 -3.644637167453765869e-01 -9.446284174919128418e-02 -2.090074568986892700e-01 1.744872657582163811e-03 1.732361763715744019e-01 5.235627293586730957e-01 8.531729876995086670e-02 -3.524789810180664062e-01 -4.536761343479156494e-02 2.225437313318252563e-01 1.206465139985084534e-01 -1.188396513462066650e-01 -3.829167187213897705e-01 5.000458359718322754e-01 9.219571202993392944e-02 2.871368527412414551e-01 5.578519701957702637e-01 4.780345559120178223e-01 6.799990683794021606e-02 -1.912933290004730225e-01 -6.559908390045166016e-02 2.705974280834197998e-01 3.438637852668762207e-01
-4.937890172004699707e-01 -2.994788885116577148e-01 -3.495866358280181885e-01 -5.411237478256225586e-01 -1.409536004066467285e-01 1.199295595288276672e-01 4.197614192962646484e-01 -4.057099223136901855e-01 -6.839988231658935547e-01 3.424111008644104004e-01 -5.721855163574218750e-01 1.723203063011169434e-01 -3.346700668334960938e-01 4.148931056261062622e-02 -1.760653406381607056e-02 -1.644923165440559387e-02 8.041524887084960938e-02 3.311084955930709839e-02 -2.555457651615142822e-01 1.107006222009658813e-01 1.449847519397735596e-01 6.777645647525787354e-02 7.490761578083038330e-02 2.217334210872650146e-01 3.960366249084472656e-01 -2.904421687126159668e-01 -2.091916203498840332e-01 -4.725093245506286621e-01 2.553364038467407227e-01 4.005153477191925049e-02 6.078317761421203613e-01 4.571546018123626709e-01 3.896869719028472900e-01 -6.907912343740463257e-02 -1.567170172929763794e-01 5.175107121467590332e-01 2.525603771209716797e-01 -1.664999276399612427e-01 -1.323100030422210693e-01 -2.037016153335571289e-01 2.281035482883453369e-01 -4.911176860332489014e-01 3.085733205080032349e-02 -3.313066959381103516e-01 1.980206668376922607e-01 -3.607185184955596924e-02 6.257526278495788574e-01 2.553554773330688477e-01 -5.313343405723571777e-01 -3.789125010371208191e-02 2.299125641584396362e-01 -4.047490656375885010e-01 -1.186667531728744507e-01 -3.702252507209777832e-01 2.729566395282745361e-02 3.048016726970672607e-01 4.761216640472412109e-01 5.920963287353515625e-01 6.411807239055633545e-02 -1.320052146911621094e-01 -1.258908212184906006e-01 -2.226175218820571899e-01 9.765188395977020264e-02 3.212824761867523193e-01
-6.593589186668395996e-01 -3.194486796855926514e-01 3.744444996118545532e-02 -4.102860093116760254e-01 5.460907518863677979e-02 5.386304482817649841e-02 2.128778100013732910e-01 -3.361024260520935059e-01 -7.336492538452148438e-01 4.568995535373687744e-01 -5.037408471107482910e-01 2.017174363136291504e-01 -2.882461547851562500e-01 1.000490114092826843e-01 -7.158469408750534058e-02 -7.961979508399963379e-02 1.676543653011322021e-01 6.476807594299316406e-02 -1.262111067771911621e-01 -4.003255069255828857e-02 3.178942799568176270e-01 -6.132337450981140137e-02 -2.587108612060546875e-01 -7.006510347127914429e-02 3.774072825908660889e-01 -4.263535439968109131e-01 -2.967222929000854492e-01 -3.767316937446594238e-01 -7.872986048460006714e-02 2.767280936241149902e-01 5.245391726493835449e-01 2.855562269687652588e-01 6.048030853271484375e-01 -1.280019581317901611e-01 -2.346179634332656860e-01 5.714420080184936523e-01 3.095171451568603516e-01 4.553244635462760925e-02 -3.773336112499237061e-01 -3.246138244867324829e-02 -2.340410463511943817e-02 -3.826482594013214111e-01 1.015429496765136719e-01 -3.396413326263427734e-01 1.066248193383216858e-01 -8.334993571043014526e-02 6.322718858718872070e-01 -1.271102130413055420e-01 -5.305658578872680664e-01 3.123845905065536499e-02 3.321117758750915527e-01 -3.123462796211242676e-01 -3.168296813964843750e-01 -4.015609323978424072e-01 2.837058901786804199e-01 1.138949766755104065e-01 2.404058724641799927e-01 4.860774874687194824e-01 2.407124042510986328e-01 -1.242354512214660645e-02 1.596007496118545532e-01 6.221890449523925781e-02 2.529830932617187500e-01 2.319012582302093506e-01
-3.547975122928619385e-01 -4.127601087093353271e-01 -3.608042746782302856e-02 -6.041889786720275879e-01 -2.199538797140121460e-01 -4.792404919862747192e-02 1.086557358503341675e-01 -3.524817228317260742e-01 -6.075091361999511719e-01 4.551313817501068115e-01 -4.368037283420562744e-01 -6.387908756732940674e-02 -1.863155961036682129e-01 2.331547141075134277e-01 -1.117810681462287903e-01 4.895007982850074768e-02 3.493821918964385986e-01 1.629824936389923096e-02 -2.074835598468780518e-01 8.090273290872573853e-02 2.965739965438842773e-01 5.454677343368530273e-02 -1.834604144096374512e-01 7.364791631698608398e-02 3.225141763687133789e-01 -6.058692336082458496e-01 -3.620533049106597900e-01 -4.588100016117095947e-01 1.351542472839355469e-01 2.309426069259643555e-01 4.788628220558166504e-01 4.356055259704589844e-01 2.175353765487670898e-01 2.853628695011138916e-01 -4.997923374176025391e-01 2.944693565368652344e-01 1.075133681297302246e-03 2.172700017690658569e-01 1.465024948120117188e-01 -1.025041863322257996e-01 1.892347037792205811e-01 -2.627576887607574463e-01 9.834145009517669678e-02 -3.151162862777709961e-01 4.551592096686363220e-02 2.898943424224853516e-01 6.492238640785217285e-01 1.976345628499984741e-01 -5.221782326698303223e-01 2.208201289176940918e-01 8.337078988552093506e-02 1.386662106961011887e-02 5.248835310339927673e-02 -2.705614268779754639e-02 4.485849142074584961e-01 1.482100784778594971e-01 1.840289831161499023e-01 5.067539811134338379e-01 5.745024085044860840e-01 -1.334905624389648438e-01 1.009357720613479614e-01 1.656546890735626221e-01 2.082695811986923218e-01 4.368075728416442871e-01
-5.122622847557067871e-01 -2.714305222034454346e-01 -1.094226613640785217e-01 -4.403027892112731934e-01 1.200799942016601562e-01 1.614015996456146240e-01 3.041308522224426270e-01 -3.555799722671508789e-01 -6.525077819824218750e-01 4.155855774879455566e-01 -5.673347711563110352e-01 9.062407910823822021e-02 -3.687976598739624023e-01 1.250392496585845947e-01 -1.010766401886940002e-01 -3.560189530253410339e-02 2.931091785430908203e-01 9.158950299024581909e-02 -2.134706377983093262e-01 2.586652636528015137e-01 9.918909519910812378e-02 -1.488506793975830078e-01 2.481320500373840332e-02 1.165984198451042175e-01 1.831489503383636475e-01 -3.902994990348815918e-01 -3.470889329910278320e-01 -2.964071631431579590e-01 1.273421645164489746e-01 4.686924815177917480e-02 5.223937034606933594e-01 2.889788746833801270e-01 4.447334408760070801e-01 1.193450838327407837e-01 -2.040968090295791626e-01 3.518878817558288574e-01 3.398069739341735840e-01 -1.102498397231101990e-01 -3.360896408557891846e-01 -6.783291697502136230e-02 8.978071063756942749e-02 -3.522630035877227783e-01 1.667878478765487671e-01 -2.020479589700698853e-01 7.797882705926895142e-02 -3.893278539180755615e-03 4.819479584693908691e-01 -3.217198327183723450e-02 -4.619553983211517334e-01 1.922731995582580566e-01 3.085679411888122559e-01 -2.354817092418670654e-02 -2.427169829607009888e-01 -3.745611906051635742e-01 2.201912254095077515e-01 9.158468246459960938e-02 3.539422452449798584e-01 5.324009060859680176e-01 2.891854047775268555e-01 1.317405700683593750e-01 -1.387861371040344238e-01 8.857361972332000732e-03 2.231467217206954956e-01 1.548157334327697754e-01
-4.472031891345977783e-01 -6.319181919097900391e-01 -5.359910428524017334e-03 -5.325937271118164062e-01 -1.139647960662841797e-01 2.739938199520111084e-01 3.673819899559020996e-01 -2.058929800987243652e-01 -7.255374193191528320e-01 3.340505808591842651e-02 -3.449737429618835449e-01 2.179366350173950195e-02 -4.113925695419311523e-01 -1.768653392791748047e-01 -4.369656741619110107e-02 -2.423864156007766724e-01 1.977529227733612061e-01 -1.663685888051986694e-01 9.197480976581573486e-03 1.106938496232032776e-01 2.379705607891082764e-01 -2.249368429183959961e-01 -1.896168291568756104e-02 5.300188809633255005e-02 -2.004839032888412476e-01 -3.776310086250305176e-01 -4.225304126739501953e-01 -1.689993143081665039e-01 1.949152797460556030e-01 -5.852039903402328491e-02 6.403276324272155762e-01 3.598059713840484619e-01 3.306925892829895020e-01 2.877216637134552002e-01 -6.737639009952545166e-02 5.112969875335693359e-01 -5.703818053007125854e-02 -1.333321332931518555e-01 -1.808148324489593506e-01 2.147091627120971680e-01 -1.330520659685134888e-01 -3.697912096977233887e-01 5.046250224113464355e-01 -1.135170608758926392e-01 2.316204607486724854e-01 3.379324078559875488e-02 4.446001946926116943e-01 1.435561627149581909e-01 -7.094167470932006836e-01 2.885733544826507568e-01 2.858295440673828125e-01 -6.509075313806533813e-02 -3.194831311702728271e-01 -1.826552450656890869e-01 3.868682384490966797e-01 8.589603006839752197e-02 3.784740567207336426e-01 6.025410294532775879e-01 4.343631863594055176e-01 6.122604757547378540e-02 -1.382922101765871048e-02 2.822770178318023682e-01 3.148826658725738525e-01 1.984328478574752808e-01
-3.479684889316558838e-01 -3.510581254959106445e-01 3.281383812427520752e-01 -2.581956684589385986e-01 2.370494455099105835e-01 2.973626255989074707e-01 1.044467240571975708e-01 -1.622703671455383301e-01 -8.239676952362060547e-01 4.984994530677795410e-01 -3.993713259696960449e-01 -8.373497426509857178e-02 -3.192425668239593506e-01 7.191852480173110962e-02 1.735260337591171265e-02 -4.113236367702484131e-01 4.308510124683380127e-01 1.573028564453125000e-01 -1.600850522518157959e-01 1.704188436269760132e-02 1.630402505397796631e-01 1.133060529828071594e-01 -1.885386556386947632e-01 -3.009979426860809326e-01 6.445808708667755127e-02 -4.412420094013214111e-01 -5.093592405319213867e-01 -2.240773439407348633e-01 -4.822002351284027100e-02 2.088385820388793945e-01 5.693591833114624023e-01 3.579783439636230469e-01 5.116481184959411621e-01 1.883612573146820068e-02 -1.776580065488815308e-01 1.815983057022094727e-01 2.650031447410583496e-01 3.195586204528808594e-01 -2.395279705524444580e-01 3.267025053501129150e-01 -1.797290593385696411e-01 -6.101029366254806519e-02 2.646570801734924316e-01 -5.285128355026245117e-01 -3.328714966773986816e-01 3.469417095184326172e-01 4.852829873561859131e-01 -1.173374950885772705e-01 -3.991326987743377686e-01 4.064836204051971436e-01 3.767086267471313477e-01 -3.526298701763153076e-02 -5.335003137588500977e-01 -2.994399964809417725e-01 6.283352375030517578e-01 1.599828451871871948e-01 -6.419777125120162964e-02 3.282948136329650879e-01 6.889085173606872559e-01 1.175234690308570862e-01 1.042116358876228333e-01 2.375700473785400391e-01 1.388276219367980957e-01 1.504169255495071411e-01
-5.592237710952758789e-01 -3.434630334377288818e-01 2.989397644996643066e-01 -1.476090997457504272e-01 3.198261260986328125e-01 1.020295694470405579e-01 1.176318973302841187e-01 -1.769900172948837280e-01 -7.022382020950317383e-01 2.695098817348480225e-01 -3.041720986366271973e-01 4.632899910211563110e-02 -4.967171549797058105e-01 1.413518488407135010e-01 -4.820793122053146362e-02 -2.561937868595123291e-01 3.615984022617340088e-01 2.739770412445068359e-01 -1.545386612415313721e-01 3.622484952211380005e-02 9.183248877525329590e-02 -2.685683071613311768e-01 -1.191039830446243286e-01 -4.835030436515808105e-01 -1.138908695429563522e-02 -4.534518122673034668e-01 -4.228230118751525879e-01 -1.078595668077468872e-01 -9.709393978118896484e-02 3.929496407508850098e-01 6.293280720710754395e-01 1.980820894241333008e-01 5.892921686172485352e-01 -2.375502884387969971e-02 -1.229404509067535400e-01 2.047086358070373535e-01 2.551754117012023926e-01 1.103398203849792480e-01 -6.711947321891784668e-01 3.448460698127746582e-01 -2.128825485706329346e-01 -1.850499808788299561e-01 4.264022707939147949e-01 -4.860253334045410156e-01 -9.076116979122161865e-02 1.189253032207489014e-01 2.886906862258911133e-01 -2.841925024986267090e-01 -3.788394331932067871e-01 4.363562464714050293e-01 2.974242568016052246e-01 -3.774743154644966125e-02 -5.279756188392639160e-01 -2.617124915122985840e-01 5.892360210418701172e-01 -1.377315074205398560e-02 2.154321521520614624e-01 5.107013583183288574e-01 6.307176351547241211e-01 3.039232492446899414e-01 1.146609336137771606e-01 1.610451340675354004e-01 3.215449452400207520e-01 2.600614428520202637e-01
-3.955067694187164307e-01 -3.784203827381134033e-01 -1.011182591319084167e-01 -4.154394865036010742e-01 -7.641829550266265869e-02 1.082051098346710205e-01 3.260195255279541016e-01 -3.681695759296417236e-01 -7.053790092468261719e-01 3.289386630058288574e-01 -5.715615749359130859e-01 1.922516524791717529e-02 -3.101309835910797119e-01 3.576750308275222778e-02 -1.053334102034568787e-01 -6.706164777278900146e-02 2.095453292131423950e-01 3.763966858386993408e-01 -2.604374885559082031e-01 7.072915881872177124e-02 1.817899048328399658e-01 2.099490761756896973e-01 -6.038314104080200195e-02 1.268614828586578369e-01 2.385710775852203369e-01 -3.711538910865783691e-01 -3.451316952705383301e-01 -4.958555102348327637e-01 8.554209768772125244e-02 2.995385825634002686e-01 4.702531695365905762e-01 3.940768539905548096e-01 2.901991903781890869e-01 1.689233928918838501e-01 -2.525650262832641602e-01 2.956336438655853271e-01 4.036779403686523438e-01 -5.877517163753509521e-02 -1.527870446443557739e-02 -1.831406056880950928e-01 2.926187813282012939e-01 -4.729498922824859619e-01 -1.098059266805648804e-01 -3.735085725784301758e-01 1.597482152283191681e-02 1.173444539308547974e-01 5.110001564025878906e-01 2.473910003900527954e-01 -2.857565879821777344e-01 -6.216995790600776672e-02 2.152529209852218628e-01 -3.564038872718811035e-01 -3.161288797855377197e-01 -4.212475419044494629e-01 2.777518033981323242e-01 3.880350887775421143e-01 1.965797394514083862e-01 4.884134531021118164e-01 3.217769265174865723e-01 -4.985766112804412842e-02 -1.104474440217018127e-01 -6.734044849872589111e-02 9.854485094547271729e-02 4.428467750549316406e-01
-4.521906375885009766e-01 -2.855729162693023682e-01 -2.465744614601135254e-01 -4.796056151390075684e-01 -2.806049585342407227e-01 1.511941552162170410e-01 4.183594584465026855e-01 -3.265205025672912598e-01 -5.428817272186279297e-01 2.917467653751373291e-01 -5.653858780860900879e-01 -7.097870111465454102e-03 -3.446479439735412598e-01 -3.750605881214141846e-02 -1.864386796951293945e-01 1.683800294995307922e-02 1.865460574626922607e-01 5.567011982202529907e-02 -2.804612517356872559e-01 4.218148440122604370e-02 3.053283393383026123e-01 4.043156653642654419e-02 -5.478654801845550537e-02 1.718697249889373779e-01 2.456308901309967041e-01 -2.840142846107482910e-01 -2.549239695072174072e-01 -3.911590278148651123e-01 1.667521446943283081e-01 4.121501743793487549e-02 6.066993474960327148e-01 3.013168871402740479e-01 2.254888117313385010e-01 2.015978097915649414e-04 -2.114028483629226685e-01 3.333945274353027344e-01 1.614091843366622925e-01 -3.169040754437446594e-02 -1.164919734001159668e-01 -5.436637252569198608e-02 1.133646890521049500e-01 -2.780386805534362793e-01 2.151690870523452759e-01 -2.663544416427612305e-01 1.687198281288146973e-01 1.209789663553237915e-01 5.671938657760620117e-01 2.011969834566116333e-01 -4.719521105289459229e-01 1.612373888492584229e-01 1.618966460227966309e-02 -5.648830533027648926e-02 -1.434967517852783203e-01 -3.921150863170623779e-01 5.180287957191467285e-01 2.128263711929321289e-01 2.602284848690032959e-01 4.675341844558715820e-01 4.697980284690856934e-01 -1.287773847579956055e-01 -9.715127944946289062e-02 -5.649928748607635498e-02 3.451774120330810547e-01 3.974684476852416992e-01
-5.477668046951293945e-01 -2.556895613670349121e-01 1.760737001895904541e-01 -1.604476720094680786e-01 1.875454336404800415e-01 1.568981409072875977e-01 6.332438439130783081e-02 -1.518534421920776367e-01 -5.574837923049926758e-01 4.545387625694274902e-01 -3.345084488391876221e-01 -2.187608182430267334e-02 -3.996414840221405029e-01 2.313690781593322754e-01 -1.221418008208274841e-01 -2.508696913719177246e-01 3.624026179313659668e-01 8.552552014589309692e-02 -1.218206584453582764e-01 -8.776936680078506470e-02 2.447398602962493896e-01 -5.754236876964569092e-02 -3.884122967720031738e-01 -4.075322449207305908e-01 2.710202038288116455e-01 -4.804759621620178223e-01 -3.359639346599578857e-01 -8.347452431917190552e-02 -3.276991844177246094e-01 3.148126006126403809e-01 5.473527312278747559e-01 2.109761834144592285e-01 5.250937938690185547e-01 -1.113124638795852661e-01 -3.170247673988342285e-01 2.593449950218200684e-01 2.170974761247634888e-01 2.366797029972076416e-01 -3.759701550006866455e-01 3.028058707714080811e-01 -1.465065032243728638e-01 -9.861223399639129639e-02 3.239196538925170898e-01 -4.348957538604736328e-01 -1.257619857788085938e-01 2.967714071273803711e-01 4.176569581031799316e-01 -2.568216323852539062e-01 -3.574995696544647217e-01 3.474009633064270020e-01 2.484160214662551880e-01 -9.320621378719806671e-03 -3.537666797637939453e-01 -2.465474307537078857e-01 6.943687796592712402e-01 -1.551202684640884399e-02 1.048291623592376709e-01 5.291516780853271484e-01 7.310441732406616211e-01 1.590839326381683350e-01 1.942126154899597168e-01 1.489600241184234619e-01 3.386116921901702881e-01 2.762488722801208496e-01
-4.424098432064056396e-01 -2.422567307949066162e-01 -8.647089451551437378e-02 -4.647871553897857666e-01 -1.862346827983856201e-01 7.694780826568603516e-02 2.934752106666564941e-01 -4.554284214973449707e-01 -5.798768401145935059e-01 3.957262337207794189e-01 -6.008825302124023438e-01 6.656399369239807129e-02 -1.984800100326538086e-01 9.115340560674667358e-02 -8.966783434152603149e-02 2.194145694375038147e-02 2.070022374391555786e-01 3.472000956535339355e-01 -4.196282029151916504e-01 1.797375828027725220e-02 2.524422109127044678e-01 2.958672642707824707e-01 -1.527372151613235474e-01 1.483080387115478516e-01 3.484151363372802734e-01 -3.464600145816802979e-01 -2.286853939294815063e-01 -5.673763155937194824e-01 8.393314480781555176e-02 3.297914862632751465e-01 5.113237500190734863e-01 4.670904874801635742e-01 3.248252868652343750e-01 3.673385083675384521e-02 -3.529863357543945312e-01 3.115836083889007568e-01 3.107463717460632324e-01 2.322322875261306763e-02 -8.049259334802627563e-02 -6.711477786302566528e-02 2.490427941083908081e-01 -4.251882135868072510e-01 -4.992545396089553833e-02 -5.088735818862915039e-01 5.008493736386299133e-02 1.650141179561614990e-01 6.882551312446594238e-01 3.458447456359863281e-01 -3.550346195697784424e-01 4.583843052387237549e-03 6.200914084911346436e-02 -3.552171289920806885e-01 -2.373927980661392212e-01 -3.574993312358856201e-01 3.163102865219116211e-01 4.015989601612091064e-01 1.022460311651229858e-01 3.720038533210754395e-01 3.999707698822021484e-01 -2.618789374828338623e-01 -6.114416755735874176e-03 -6.103802844882011414e-02 1.598476469516754150e-01 4.655537307262420654e-01
-3.204628825187683105e-01 -3.601038157939910889e-01 3.824592530727386475e-01 -9.490239620208740234e-02 3.335641026496887207e-01 1.520133614540100098e-01 8.915064483880996704e-02 -5.439721792936325073e-02 -7.352289557456970215e-01 3.733680844306945801e-01 -2.467863857746124268e-01 -1.032891273498535156e-01 -4.136777222156524658e-01 1.592171192169189453e-01 -1.657602488994598389e-01 -3.769177794456481934e-01 4.100603759288787842e-01 2.631778120994567871e-01 -4.530023038387298584e-02 -1.583923026919364929e-02 2.593739330768585205e-01 -1.101570501923561096e-01 -1.348124742507934570e-01 -5.535977482795715332e-01 7.845959812402725220e-02 -4.099672436714172363e-01 -4.891206026077270508e-01 -1.533342748880386353e-01 -1.693570762872695923e-01 3.917748630046844482e-01 6.161755919456481934e-01 2.570131123065948486e-01 5.479880571365356445e-01 1.801604777574539185e-02 -1.145949810743331909e-01 2.009913027286529541e-01 2.683759331703186035e-01 3.106075525283813477e-01 -4.260695576667785645e-01 3.443062007427215576e-01 -3.403257429599761963e-01 -2.379908971488475800e-02 2.929518222808837891e-01 -6.018104553222656250e-01 -3.259578943252563477e-01 2.898759245872497559e-01 3.029123842716217041e-01 -3.292428255081176758e-01 -4.185881316661834717e-01 5.287055969238281250e-01 2.365172058343887329e-01 -8.759592659771442413e-03 -5.576973557472229004e-01 -2.103802561759948730e-01 8.225387334823608398e-01 2.972210198640823364e-02 -1.256132498383522034e-02 3.484354019165039062e-01 8.046587705612182617e-01 2.917071878910064697e-01 1.487646698951721191e-01 1.965324878692626953e-01 2.503955960273742676e-01 2.744947373867034912e-01
-5.587817430496215820e-01 -3.948934972286224365e-01 1.327916979789733887e-01 -5.843369364738464355e-01 -1.613960415124893188e-02 2.707213461399078369e-01 2.645330429077148438e-01 -2.032589614391326904e-01 -6.970127820968627930e-01 4.265286922454833984e-01 -4.590155184268951416e-01 8.997021615505218506e-02 -2.008600831031799316e-01 4.604697227478027344e-03 -2.730439603328704834e-02 -1.655740290880203247e-01 3.484171628952026367e-01 -1.578242778778076172e-01 -3.102353215217590332e-02 4.707936197519302368e-03 3.671478033065795898e-01 -7.844450324773788452e-02 -2.056406289339065552e-01 -2.012648433446884155e-02 4.737789183855056763e-02 -3.363051116466522217e-01 -3.976536393165588379e-01 -1.480331718921661377e-01 1.680926419794559479e-02 -5.640438944101333618e-02 4.917451739311218262e-01 2.456978559494018555e-01 4.783616364002227783e-01 7.507500052452087402e-02 -2.949251532554626465e-01 4.951611161231994629e-01 1.742068082094192505e-01 1.431511193513870239e-01 -2.260711640119552612e-01 2.346745133399963379e-01 -2.369803339242935181e-01 -1.948741078376770020e-01 3.091716170310974121e-01 -1.395736485719680786e-01 7.170995324850082397e-02 1.390498578548431396e-01 5.721428394317626953e-01 -9.553535282611846924e-02 -5.911505222320556641e-01 2.144147157669067383e-01 3.156991600990295410e-01 -5.965060740709304810e-02 -4.525956809520721436e-01 -3.588187992572784424e-01 4.459653496742248535e-01 -1.606158167123794556e-02 1.078707873821258545e-01 4.655309915542602539e-01 4.907173514366149902e-01 6.565488129854202271e-02 1.287603974342346191e-01 2.077437937259674072e-01 3.574870526790618896e-01 7.194705307483673096e-02
-5.385137200355529785e-01 -3.542062938213348389e-01 7.593252509832382202e-02 -3.372592031955718994e-01 1.368179321289062500e-01 3.540621697902679443e-02 8.855980634689331055e-02 -3.197134435176849365e-01 -4.651664793491363525e-01 3.605411350727081299e-01 -4.596851170063018799e-01 1.107449680566787720e-01 -3.078385293483734131e-01 2.436333596706390381e-01 -1.813476532697677612e-02 -7.317206263542175293e-02 4.225987493991851807e-01 3.031358122825622559e-03 -8.412130177021026611e-02 1.453718841075897217e-01 1.355371773242950439e-01 -1.636040508747100830e-01 -3.629838228225708008e-01 -2.729330658912658691e-01 2.055628299713134766e-01 -4.660679996013641357e-01 -3.220712840557098389e-01 -1.604692041873931885e-01 -1.377798318862915039e-01 2.065246999263763428e-01 5.040544867515563965e-01 1.892006248235702515e-01 5.157305598258972168e-01 1.114785969257354736e-01 -4.125788211822509766e-01 4.454012513160705566e-01 1.522882580757141113e-01 6.875565648078918457e-02 -4.038811028003692627e-01 1.874542236328125000e-01 5.296317487955093384e-02 -3.118371367454528809e-01 4.086580276489257812e-01 -2.053080946207046509e-01 1.623101998120546341e-03 2.354649752378463745e-01 4.306389689445495605e-01 -4.531113803386688232e-02 -4.791225492954254150e-01 2.716895341873168945e-01 2.376276105642318726e-01 -4.077786207199096680e-02 -2.705319821834564209e-01 -2.001802325248718262e-01 3.241587877273559570e-01 1.052530258893966675e-01 3.099352419376373291e-01 5.618708729743957520e-01 4.159793555736541748e-01 7.956447452306747437e-02 2.006120979785919189e-01 2.116870880126953125e-01 3.194933533668518066e-01 2.662418186664581299e-01
-6.264492869377136230e-01 -2.338115274906158447e-01 2.042384147644042969e-01 -1.948148310184478760e-01 3.201116323471069336e-01 1.220755651593208313e-01 -1.980473101139068604e-02 -2.667471468448638916e-01 -6.476631760597229004e-01 4.048216938972473145e-01 -3.880570828914642334e-01 2.277883887290954590e-02 -3.473575711250305176e-01 2.877780199050903320e-01 -1.182165965437889099e-01 -1.940584629774093628e-01 3.371334075927734375e-01 5.280590802431106567e-02 -1.264179050922393799e-01 5.075495690107345581e-02 1.420740783214569092e-01 -1.371621191501617432e-01 -2.581088542938232422e-01 -3.355535864830017090e-01 2.359152734279632568e-01 -5.581383109092712402e-01 -3.680550456047058105e-01 -1.427977383136749268e-01 -2.063761502504348755e-01 2.902394831180572510e-01 5.772088170051574707e-01 2.886999845504760742e-01 5.639994144439697266e-01 3.161972761154174805e-02 -3.139203190803527832e-01 2.600521743297576904e-01 1.917807906866073608e-01 1.272750645875930786e-01 -4.556074738502502441e-01 2.024431526660919189e-01 -7.887775450944900513e-02 -2.241653800010681152e-01 3.494957089424133301e-01 -4.101842641830444336e-01 -1.336476355791091919e-01 2.020144313573837280e-01 4.019135236740112305e-01 -2.569028735160827637e-01 -4.186655580997467041e-01 3.617638945579528809e-01 2.692327499389648438e-01 2.994825690984725952e-02 -2.976745069026947021e-01 -2.293672859668731689e-01 4.909129142761230469e-01 -1.221207529306411743e-02 2.078246921300888062e-01 4.646348953247070312e-01 6.353172063827514648e-01 1.046921983361244202e-01 1.770736873149871826e-01 2.285382747650146484e-01 2.502911090850830078e-01 1.753609925508499146e-01
-6.164353489875793457e-01 -2.678537070751190186e-01 1.758136749267578125e-01 -5.871695280075073242e-01 -5.127638578414916992e-03 2.105240523815155029e-01 1.810320615768432617e-01 -3.090456426143646240e-01 -7.239568829536437988e-01 4.103673398494720459e-01 -4.307478070259094238e-01 1.753832399845123291e-01 -2.753407955169677734e-01 2.604753375053405762e-01 9.551014751195907593e-02 -1.178529337048530579e-01 4.698581993579864502e-01 -1.863834559917449951e-01 -1.221562325954437256e-01 -1.513292547315359116e-02 1.420242786407470703e-01 -4.947012662887573242e-02 -1.999681144952774048e-01 1.198920607566833496e-02 1.431797891855239868e-01 -5.887312889099121094e-01 -3.552755415439605713e-01 -2.358446419239044189e-01 1.261946260929107666e-01 5.287409201264381409e-02 5.932505726814270020e-01 4.714556634426116943e-01 5.064082741737365723e-01 4.274038970470428467e-02 -4.017887115478515625e-01 4.944350719451904297e-01 6.856425106525421143e-02 1.684033423662185669e-01 -2.503101825714111328e-01 1.451172232627868652e-01 -2.257016114890575409e-02 -2.156464010477066040e-01 2.282418459653854370e-01 -2.217594534158706665e-01 2.193971425294876099e-01 2.133922129869461060e-01 7.646688222885131836e-01 -4.697832837700843811e-02 -6.076487302780151367e-01 2.682731449604034424e-01 4.385188817977905273e-01 -1.912957429885864258e-01 -4.468316435813903809e-01 -1.665994226932525635e-01 3.023917675018310547e-01 6.679318845272064209e-03 2.845924496650695801e-01 5.629607439041137695e-01 4.102055430412292480e-01 -1.375853270292282104e-02 1.303358376026153564e-01 7.438024878501892090e-02 1.766526997089385986e-01 1.040217876434326172e-01
-5.387087464332580566e-01 -3.130612373352050781e-01 9.628005325794219971e-03 -7.392665147781372070e-01 -1.192795485258102417e-01 3.698426857590675354e-02 9.487093985080718994e-02 -3.255873322486877441e-01 -4.171629250049591064e-01 4.880601763725280762e-01 -4.146476686000823975e-01 7.423150539398193359e-02 6.604489684104919434e-02 3.154876828193664551e-01 -9.824442118406295776e-02 -7.249799557030200958e-03 4.233050048351287842e-01 -2.363565564155578613e-01 -4.663366079330444336e-02 1.125304326415061951e-01 5.354779958724975586e-01 1.050894521176815033e-02 -4.081044793128967285e-01 3.670261055231094360e-02 3.867958784103393555e-01 -5.486847162246704102e-01 -2.044123262166976929e-01 -1.824618130922317505e-01 -2.195973247289657593e-01 -4.289373010396957397e-02 4.386014044284820557e-01 4.274981617927551270e-01 3.960060179233551025e-01 2.485492825508117676e-01 -6.767807602882385254e-01 5.611218810081481934e-01 -1.258979439735412598e-01 1.873473972082138062e-01 1.583062857389450073e-02 2.231439054012298584e-01 -7.244119793176651001e-02 -2.183403819799423218e-01 1.623133718967437744e-01 -2.035001665353775024e-01 2.226331830024719238e-01 2.926585078239440918e-01 7.320436239242553711e-01 -6.809724867343902588e-02 -6.452269554138183594e-01 1.419093608856201172e-01 1.216758936643600464e-01 4.400015622377395630e-02 -1.131087914109230042e-02 -1.142880618572235107e-01 3.840522766113281250e-01 -9.446523338556289673e-02 1.884476095438003540e-01 4.912990331649780273e-01 6.728795170783996582e-01 -1.142577528953552246e-01 2.022043168544769287e-01 1.959182024002075195e-01 2.689015865325927734e-01 1.697113811969757080e-01
-4.815082848072052002e-01 -3.137637972831726074e-01 -7.389193028211593628e-02 -5.062392950057983398e-01 -6.124114990234375000e-02 1.259168833494186401e-01 3.224072456359863281e-01 -3.679904043674468994e-01 -7.738068699836730957e-01 3.167421817779541016e-01 -5.463284254074096680e-01 1.209196448326110840e-01 -3.578056097030639648e-01 7.058469206094741821e-02 -2.545170485973358154e-03 -7.412423193454742432e-02 2.214266955852508545e-01 1.613282263278961182e-01 -2.761316597461700439e-01 3.243965283036231995e-02 1.350897848606109619e-01 4.140679910778999329e-02 -3.226724267005920410e-02 1.002066805958747864e-01 2.148492038249969482e-01 -3.834887444972991943e-01 -3.195058703422546387e-01 -4.722323715686798096e-01 2.056177556514739990e-01 1.693815290927886963e-01 5.935881733894348145e-01 4.789455533027648926e-01 4.793447256088256836e-01 7.276706397533416748e-02 -2.198021858930587769e-01 4.224848151206970215e-01 3.074600696563720703e-01 -5.281375721096992493e-02 -2.133473157882690430e-01 -7.370062917470932007e-02 1.281933635473251343e-01 -3.850719630718231201e-01 9.603895246982574463e-02 -3.667734861373901367e-01 1.203391999006271362e-01 7.937408983707427979e-02 6.306933164596557617e-01 2.171371728181838989e-01 -4.254701435565948486e-01 1.599237024784088135e-01 2.523158788681030273e-01 -3.251063823699951172e-01 -3.568165600299835205e-01 -3.461088836193084717e-01 2.636823058128356934e-01 3.082851171493530273e-01 2.617631554603576660e-01 5.243710279464721680e-01 3.171283304691314697e-01 -6.900230050086975098e-02 -4.194891080260276794e-02 -5.602521076798439026e-02 1.635404974222183228e-01 3.258138895034790039e-01
-3.875457346439361572e-01 -3.788520395755767822e-01 3.068234622478485107e-01 -1.575318723917007446e-01 2.064492851495742798e-01 2.303885668516159058e-02 7.755473256111145020e-02 -6.910395622253417969e-02 -4.451116323471069336e-01 2.413647472858428955e-01 -3.655928373336791992e-01 4.239328205585479736e-02 -4.156014025211334229e-01 2.215675711631774902e-01 -1.160918995738029480e-01 -3.701197206974029541e-01 4.885675907135009766e-01 3.849323987960815430e-01 -6.328424811363220215e-02 7.334366440773010254e-02 3.176041245460510254e-01 -1.038951352238655090e-01 -4.154189229011535645e-01 -5.595288276672363281e-01 1.399384737014770508e-01 -4.843716025352478027e-01 -3.868357539176940918e-01 -3.252599388360977173e-02 -4.053248465061187744e-01 4.372633099555969238e-01 5.241724848747253418e-01 2.637112140655517578e-01 5.203877687454223633e-01 -5.376890301704406738e-03 -2.915502786636352539e-01 1.986334919929504395e-01 2.446319609880447388e-01 1.778276115655899048e-01 -4.919788539409637451e-01 3.837582170963287354e-01 -1.577787846326828003e-01 -1.411835253238677979e-01 3.434219360351562500e-01 -5.359724760055541992e-01 -1.798212528228759766e-01 2.997665405273437500e-01 3.383189141750335693e-01 -1.750451624393463135e-01 -3.034859895706176758e-01 4.022945761680603027e-01 1.772517412900924683e-01 -5.649621039628982544e-02 -4.678659737110137939e-01 -1.641691327095031738e-01 7.198926806449890137e-01 6.921190768480300903e-02 1.516763120889663696e-01 5.030525922775268555e-01 7.677169442176818848e-01 2.165599763393402100e-01 2.379764914512634277e-01 2.548628747463226318e-01 3.804370164871215820e-01 3.833090364933013916e-01
-5.200205445289611816e-01 -3.472919464111328125e-01 -2.188165783882141113e-01 -4.979803562164306641e-01 -1.244941353797912598e-01 7.179640233516693115e-03 2.703574895858764648e-01 -3.901832103729248047e-01 -5.404687523841857910e-01 3.703781962394714355e-01 -5.502070188522338867e-01 1.635350435972213745e-01 -2.432390749454498291e-01 1.322706937789916992e-01 -6.299618631601333618e-02 -4.988161846995353699e-02 1.521942913532257080e-01 2.085942029953002930e-01 -1.698134839534759521e-01 1.453240811824798584e-01 2.685896456241607666e-01 -2.780332043766975403e-02 -2.224854081869125366e-01 5.122801661491394043e-02 3.809977769851684570e-01 -4.151352047920227051e-01 -2.449093014001846313e-01 -3.784530162811279297e-01 -4.684381186962127686e-02 1.853764057159423828e-01 5.637949109077453613e-01 3.703576326370239258e-01 3.790167272090911865e-01 5.964508652687072754e-02 -3.473781943321228027e-01 4.447591304779052734e-01 2.664579749107360840e-01 -1.081610918045043945e-01 -1.003234088420867920e-01 -1.022214516997337341e-01 2.109823971986770630e-01 -3.955684602260589600e-01 1.097503900527954102e-01 -2.813630104064941406e-01 1.863845884799957275e-01 2.343075722455978394e-02 5.441558361053466797e-01 1.774432212114334106e-01 -4.123961031436920166e-01 4.850097000598907471e-02 7.834419608116149902e-02 -1.939637362957000732e-01 -5.264604464173316956e-02 -3.625699877738952637e-01 2.223242074251174927e-01 2.467949688434600830e-01 3.847156167030334473e-01 5.553815960884094238e-01 3.148593008518218994e-01 -5.055389553308486938e-02 -9.420061856508255005e-02 3.079488873481750488e-03 3.031575381755828857e-01 3.045872151851654053e-01
-6.295858621597290039e-01 -4.648064374923706055e-01 3.945129513740539551e-01 -6.553211212158203125e-01 6.408847868442535400e-03 -2.594498917460441589e-02 1.059477403759956360e-01 -9.306547045707702637e-02 -5.766543149948120117e-01 6.888067722320556641e-01 -4.681500792503356934e-01 2.808589935302734375e-01 4.219874739646911621e-03 8.670053631067276001e-02 -2.841771394014358521e-02 -2.092698067426681519e-01 4.047565162181854248e-01 -2.898828685283660889e-02 2.303351014852523804e-01 3.553674370050430298e-02 7.703784704208374023e-01 -1.163148507475852966e-01 -5.952467322349548340e-01 -2.565762400627136230e-01 3.805768191814422607e-01 -4.944641590118408203e-01 -3.222013115882873535e-01 -2.079692184925079346e-01 -3.437475860118865967e-01 2.247340977191925049e-01 3.357693254947662354e-01 2.473257482051849365e-01 6.764591336250305176e-01 -1.083118990063667297e-01 -3.217144012451171875e-01 7.915444970130920410e-01 1.453089416027069092e-01 4.011978209018707275e-01 -2.818406224250793457e-01 2.650727331638336182e-01 -4.023009836673736572e-01 -2.693771012127399445e-02 1.380493491888046265e-01 -3.005437254905700684e-01 3.961575217545032501e-03 7.388308644294738770e-03 8.279368877410888672e-01 -5.360640883445739746e-01 -5.952983498573303223e-01 4.576738178730010986e-02 3.431782722473144531e-01 -4.901314526796340942e-02 -3.359803259372711182e-01 -3.238952457904815674e-01 4.852420687675476074e-01 -1.656019687652587891e-01 2.363131567835807800e-02 3.877635598182678223e-01 5.154842734336853027e-01 2.726863622665405273e-01 3.693870604038238525e-01 3.867154717445373535e-01 3.905799686908721924e-01 4.994669929146766663e-03
-4.731815755367279053e-01 -2.169966399669647217e-01 -1.127752289175987244e-01 -1.305092126131057739e-01 1.682882905006408691e-01 1.739345192909240723e-01 2.931996583938598633e-01 -3.118957877159118652e-01 -5.035345554351806641e-01 3.097668290138244629e-01 -5.166948437690734863e-01 -4.104350507259368896e-02 -3.827528357505798340e-01 6.069419533014297485e-02 -2.346920371055603027e-01 -1.183940470218658447e-01 2.057897895574569702e-01 3.517990410327911377e-01 -2.760552763938903809e-01 9.818886965513229370e-02 2.803893387317657471e-01 1.462135314941406250e-01 -2.402540296316146851e-01 -1.206782981753349304e-01 3.441831171512603760e-01 -2.449402511119842529e-01 -2.598010599613189697e-01 -2.854795157909393311e-01 -2.937161624431610107e-01 2.488902211189270020e-01 5.477946400642395020e-01 2.230650782585144043e-01 3.956713378429412842e-01 -6.256608664989471436e-02 -1.946198493242263794e-01 1.855813264846801758e-01 4.754656553268432617e-01 -9.522292762994766235e-02 -3.747054338455200195e-01 2.859436720609664917e-02 6.292472779750823975e-02 -3.780591189861297607e-01 1.272695809602737427e-01 -4.381706118583679199e-01 -1.093350276350975037e-01 5.992539227008819580e-02 3.265132904052734375e-01 -1.253973692655563354e-02 -2.024833261966705322e-01 2.926529198884963989e-02 2.837425470352172852e-02 -1.164902225136756897e-01 -3.414798676967620850e-01 -5.830795168876647949e-01 4.869282841682434082e-01 2.365010678768157959e-01 7.640720903873443604e-02 3.417516350746154785e-01 5.399711132049560547e-01 -7.759939134120941162e-02 -7.631490007042884827e-04 1.707594096660614014e-02 3.032567501068115234e-01 3.438364863395690918e-01
-5.731411576271057129e-01 -3.130117356777191162e-01 -1.043765023350715637e-01 -4.745506048202514648e-01 6.701649725437164307e-02 9.871057420969009399e-02 3.127453327178955078e-01 -2.898435890674591064e-01 -5.324075222015380859e-01 3.147685825824737549e-01 -4.650153815746307373e-01 1.287034153938293457e-02 -4.159163832664489746e-01 -3.113780170679092407e-02 -1.204863116145133972e-01 -9.463069029152393341e-03 1.377157866954803467e-01 -6.086140871047973633e-03 -1.077139675617218018e-01 2.335602231323719025e-02 2.336672246456146240e-01 -2.283315360546112061e-01 -5.995309352874755859e-02 4.183243215084075928e-02 1.119083836674690247e-01 -5.688397288322448730e-01 -2.761324644088745117e-01 -1.545764654874801636e-01 9.443185478448867798e-02 6.308101117610931396e-03 5.611804723739624023e-01 1.571182012557983398e-01 2.463431805372238159e-01 1.511733233928680420e-02 -1.760797053575515747e-01 2.996649146080017090e-01 3.246478438377380371e-01 -3.773964941501617432e-02 -2.126886546611785889e-01 -5.631367862224578857e-02 7.062415778636932373e-02 -2.726047337055206299e-01 2.344970852136611938e-01 -6.805996596813201904e-02 6.566438078880310059e-02 7.707487046718597412e-02 4.412598907947540283e-01 2.152703702449798584e-03 -5.357416868209838867e-01 1.686740219593048096e-01 2.153506726026535034e-01 1.934611648321151733e-01 -1.276831179857254028e-01 -4.987157583236694336e-01 6.298276782035827637e-01 -9.288109093904495239e-02 4.522087574005126953e-01 6.814563274383544922e-01 4.612152576446533203e-01 1.926182806491851807e-01 -1.869447678327560425e-01 -2.266310900449752808e-02 4.075737595558166504e-01 1.658856272697448730e-01
-5.592462420463562012e-01 -3.488737940788269043e-01 -3.100531697273254395e-01 -5.181732177734375000e-01 -7.352918386459350586e-02 -1.457003653049468994e-01 9.444601833820343018e-02 -5.622481703758239746e-01 -4.794666171073913574e-01 2.972431480884552002e-01 -4.548347294330596924e-01 1.476517021656036377e-01 -1.815812587738037109e-01 1.778653562068939209e-01 -2.136778086423873901e-02 5.549019947648048401e-02 1.217300072312355042e-01 -8.481390774250030518e-02 -1.609043776988983154e-01 1.340410709381103516e-01 2.219806313514709473e-01 -1.841889619827270508e-01 -1.835869103670120239e-01 -3.147336095571517944e-02 4.320652484893798828e-01 -5.498632192611694336e-01 -2.079046219587326050e-01 -3.519112467765808105e-01 1.130126714706420898e-01 1.661254763603210449e-01 5.734406709671020508e-01 2.481898963451385498e-01 3.884703814983367920e-01 -2.390500158071517944e-02 -3.479725718498229980e-01 5.439925193786621094e-01 -3.450797870755195618e-02 -1.035319492220878601e-01 -2.070340663194656372e-01 -6.584022194147109985e-02 2.709815800189971924e-01 -3.995793461799621582e-01 2.738651037216186523e-01 -2.132557183504104614e-01 2.103929072618484497e-01 8.752043545246124268e-02 5.149479508399963379e-01 6.040981411933898926e-02 -6.980649232864379883e-01 1.052107438445091248e-01 3.423295915126800537e-02 -1.422085165977478027e-01 2.059197276830673218e-01 -1.942002475261688232e-01 2.610863447189331055e-01 2.342183887958526611e-01 5.343436002731323242e-01 5.933028459548950195e-01 1.031219363212585449e-01 -6.770282238721847534e-02 -1.221792120486497879e-02 -7.104076445102691650e-03 2.315731644630432129e-01 2.672006189823150635e-01
-2.118993997573852539e-01 -3.114025294780731201e-01 -6.320961117744445801e-01 -7.981132268905639648e-01 -5.951312780380249023e-01 4.416520521044731140e-02 5.617225170135498047e-01 -3.756638169288635254e-01 -5.929790735244750977e-01 4.185581803321838379e-01 -6.949185132980346680e-01 4.256504774093627930e-02 -1.394524723291397095e-01 -5.395994335412979126e-02 -7.867021113634109497e-02 6.194877251982688904e-02 1.235124170780181885e-01 1.611342132091522217e-01 -3.296314477920532227e-01 2.713812291622161865e-01 2.600404322147369385e-01 3.121160864830017090e-01 1.888241618871688843e-01 6.192909479141235352e-01 4.504841566085815430e-01 -2.065901458263397217e-01 -2.035927325487136841e-01 -6.842067837715148926e-01 4.534582793712615967e-01 -1.038851514458656311e-01 3.953408896923065186e-01 5.499524474143981934e-01 1.250690966844558716e-01 2.103185653686523438e-01 -1.328210830688476562e-01 3.392630815505981445e-01 1.581280380487442017e-01 -8.345832675695419312e-02 4.000875651836395264e-01 -4.221298992633819580e-01 4.420995712280273438e-01 -3.722273111343383789e-01 -2.215992063283920288e-01 -2.422489672899246216e-01 1.767931878566741943e-01 1.116340607404708862e-01 7.204067707061767578e-01 5.493966937065124512e-01 -3.560752570629119873e-01 -1.146423667669296265e-01 -2.398088574409484863e-02 -2.082155346870422363e-01 1.465808749198913574e-01 -3.510968983173370361e-01 9.374196827411651611e-02 5.047686696052551270e-01 3.302301168441772461e-01 5.522499084472656250e-01 2.302895486354827881e-01 -1.509597003459930420e-01 -4.172634482383728027e-01 -3.646274209022521973e-01 -1.738717034459114075e-02 4.656296372413635254e-01
-5.059515833854675293e-01 -3.783333301544189453e-01 1.857383251190185547e-01 -1.315370947122573853e-01 1.793559938669204712e-01 5.637098103761672974e-03 -1.999139785766601562e-02 -1.636545062065124512e-01 -4.662309288978576660e-01 1.204726323485374451e-01 -3.186078965663909912e-01 4.587039351463317871e-02 -4.287227094173431396e-01 2.448603510856628418e-01 -1.385062932968139648e-01 -3.563360571861267090e-01 4.369181692600250244e-01 1.628447175025939941e-01 -3.350083529949188232e-02 8.710233122110366821e-02 2.489943504333496094e-01 -2.822679877281188965e-01 -4.283602833747863770e-01 -5.108113288879394531e-01 6.581673771142959595e-02 -5.210490822792053223e-01 -3.793646693229675293e-01 2.177559584379196167e-02 -2.881698012351989746e-01 3.518770933151245117e-01 6.268622279167175293e-01 2.450293898582458496e-01 5.232098698616027832e-01 6.015191972255706787e-02 -2.825891375541687012e-01 2.244344055652618408e-01 -3.364285454154014587e-02 4.809240624308586121e-02 -5.546704530715942383e-01 4.255512952804565430e-01 -1.300892978906631470e-01 -7.898300886154174805e-02 5.999878048896789551e-01 -3.692909479141235352e-01 1.475602854043245316e-03 3.029443621635437012e-01 3.344647884368896484e-01 -2.207082360982894897e-01 -4.296612143516540527e-01 5.740974545478820801e-01 7.250523567199707031e-02 7.028158754110336304e-02 -3.010522425174713135e-01 -9.434820711612701416e-02 7.187029123306274414e-01 3.722117096185684204e-02 2.752891182899475098e-01 5.125920772552490234e-01 7.863536477088928223e-01 2.312106490135192871e-01 1.771072000265121460e-01 2.966668903827667236e-01 4.030415415763854980e-01 2.261976152658462524e-01
-5.477489233016967773e-01 -2.085567712783813477e-01 1.313151717185974121e-01 -4.093517065048217773e-01 -1.470576226711273193e-02 2.587288618087768555e-02 1.550734043121337891e-02 -4.034054577350616455e-01 -5.799504518508911133e-01 5.195609331130981445e-01 -4.817568063735961914e-01 7.374778389930725098e-02 -1.712397187948226929e-01 2.859761118888854980e-01 -2.964921295642852783e-02 -2.672399207949638367e-02 3.070532977581024170e-01 1.381027102470397949e-01 -2.186969816684722900e-01 -8.865606039762496948e-02 2.167957425117492676e-01 1.341180801391601562e-01 -3.160506188869476318e-01 -1.507388651371002197e-01 3.837249279022216797e-01 -5.693425536155700684e-01 -3.060771822929382324e-01 -3.817439079284667969e-01 -1.198136210441589355e-01 3.795489668846130371e-01 4.601224064826965332e-01 3.173358142375946045e-01 4.282678663730621338e-01 -7.786758244037628174e-03 -4.930258393287658691e-01 4.229606986045837402e-01 2.339994460344314575e-01 2.036999762058258057e-01 -1.407815515995025635e-01 9.383179247379302979e-03 1.461171209812164307e-01 -3.057297468185424805e-01 4.749350249767303467e-02 -4.389657974243164062e-01 -2.945499680936336517e-02 2.128140777349472046e-01 5.918115377426147461e-01 -2.017234265804290771e-02 -4.628979861736297607e-01 9.079470485448837280e-02 1.583097726106643677e-01 -2.400627136230468750e-01 -2.403831034898757935e-01 -2.205798625946044922e-01 4.160923361778259277e-01 2.487237155437469482e-01 1.337030977010726929e-01 4.188625812530517578e-01 4.177573025226593018e-01 -1.232402846217155457e-01 1.874985545873641968e-01 1.272175163030624390e-01 2.186214327812194824e-01 3.502942919731140137e-01
-5.987027287483215332e-01 -2.565216124057769775e-01 2.030380666255950928e-01 -4.169476330280303955e-01 6.585416197776794434e-02 2.488512732088565826e-02 1.234729588031768799e-01 -3.156809210777282715e-01 -5.693629980087280273e-01 4.682848453521728516e-01 -4.528848826885223389e-01 1.656139045953750610e-01 -2.609877586364746094e-01 2.933354079723358154e-01 -6.530021876096725464e-02 -1.724793165922164917e-01 3.303357660770416260e-01 1.730597615242004395e-01 -1.655980944633483887e-01 4.856371320784091949e-03 3.342885673046112061e-01 2.022404223680496216e-03 -4.215694665908813477e-01 -1.513032913208007812e-01 3.449607491493225098e-01 -4.930717945098876953e-01 -2.434179782867431641e-01 -2.948506474494934082e-01 -1.630016565322875977e-01 4.209780693054199219e-01 5.108415484428405762e-01 3.958632051944732666e-01 5.405203700065612793e-01 -6.622609496116638184e-02 -3.855389952659606934e-01 4.503319263458251953e-01 2.574592232704162598e-01 1.747535616159439087e-01 -3.795029222965240479e-01 1.700932681560516357e-01 -5.220742896199226379e-03 -2.703384160995483398e-01 1.885907202959060669e-01 -4.759997725486755371e-01 1.657694764435291290e-02 1.576961427927017212e-01 6.988608241081237793e-01 -4.213323444128036499e-02 -4.704645574092864990e-01 1.735928654670715332e-01 2.741605639457702637e-01 -2.102801650762557983e-01 -4.110187292098999023e-01 -2.458402812480926514e-01 4.104498624801635742e-01 1.298485100269317627e-01 6.233742460608482361e-02 4.569090008735656738e-01 5.567366480827331543e-01 -5.113859474658966064e-02 2.907452583312988281e-01 1.399841904640197754e-01 2.499421834945678711e-01 2.959414720535278320e-01
-4.281996488571166992e-01 -3.825085163116455078e-01 3.558653593063354492e-01 -1.935895532369613647e-01 2.229026407003402710e-01 9.397745132446289062e-02 1.416837424039840698e-01 -8.728766441345214844e-02 -6.700714230537414551e-01 2.796608507633209229e-01 -3.647686243057250977e-01 -5.483534932136535645e-02 -3.937253057956695557e-01 2.877067774534225464e-02 -1.147568151354789734e-01 -2.913364171981811523e-01 3.846243321895599365e-01 2.608911693096160889e-01 -1.625936031341552734e-01 -7.633917778730392456e-02 2.820390760898590088e-01 3.479234129190444946e-02 -2.566562294960021973e-01 -4.695000052452087402e-01 1.018818691372871399e-01 -3.251494169235229492e-01 -3.777605295181274414e-01 -2.585333883762359619e-01 -1.109075546264648438e-01 4.253572523593902588e-01 5.623400807380676270e-01 2.657797932624816895e-01 5.248133540153503418e-01 -1.961414515972137451e-02 -1.757014542818069458e-01 2.470316439867019653e-01 3.058579564094543457e-01 2.169006913900375366e-01 -4.847589433193206787e-01 3.147020041942596436e-01 -1.212086603045463562e-01 -9.956099092960357666e-02 3.261092901229858398e-01 -5.259754061698913574e-01 -2.970083951950073242e-01 2.771935462951660156e-01 4.116322100162506104e-01 -9.786555171012878418e-02 -2.532951831817626953e-01 3.332895040512084961e-01 1.593687981367111206e-01 -1.658566594123840332e-01 -5.506649017333984375e-01 -3.864374160766601562e-01 6.917868256568908691e-01 1.751848012208938599e-01 8.590795099735260010e-03 3.467831015586853027e-01 7.461197972297668457e-01 1.106651350855827332e-01 2.454744875431060791e-01 2.424397170543670654e-01 2.619372010231018066e-01 3.729683756828308105e-01
-5.066663026809692383e-01 -4.066702723503112793e-01 -3.173065483570098877e-01 -7.267978787422180176e-01 -3.153761625289916992e-01 3.120503202080726624e-02 3.998363018035888672e-01 -3.495210111141204834e-01 -5.924371480941772461e-01 2.284379452466964722e-01 -4.914636909961700439e-01 7.748275995254516602e-02 -2.367245256900787354e-01 -1.187313273549079895e-01 -1.151323989033699036e-01 7.935065031051635742e-02 5.119743943214416504e-02 -2.287504076957702637e-01 -5.596746504306793213e-02 1.791191250085830688e-01 2.987049221992492676e-01 -2.214466035366058350e-01 7.825796306133270264e-02 2.361302077770233154e-01 1.830969750881195068e-01 -3.300604820251464844e-01 -2.358255833387374878e-01 -4.240555167198181152e-01 5.436353683471679688e-01 -1.474690139293670654e-01 7.092081904411315918e-01 3.351174592971801758e-01 1.304671913385391235e-01 1.557091325521469116e-01 -1.702643483877182007e-01 4.981403946876525879e-01 -1.166986525058746338e-01 -3.131238743662834167e-02 2.598274499177932739e-02 -9.975149482488632202e-02 9.859492629766464233e-02 -2.944382131099700928e-01 3.604594469070434570e-01 -5.275930464267730713e-02 2.539988458156585693e-01 2.923594415187835693e-02 5.372544527053833008e-01 3.111693263053894043e-01 -6.814068555831909180e-01 2.233905792236328125e-01 1.496613025665283203e-02 4.008833691477775574e-02 9.554648399353027344e-02 -3.051260709762573242e-01 2.766525745391845703e-01 1.024582684040069580e-01 4.898306727409362793e-01 5.999253392219543457e-01 3.157982230186462402e-01 8.984297513961791992e-03 -1.645189523696899414e-01 -6.882889568805694580e-02 3.019470870494842529e-01 2.168891727924346924e-01
-6.349166631698608398e-01 -3.289812803268432617e-01 -1.229062154889106750e-01 -6.062707304954528809e-01 1.017107069492340088e-02 -7.532338052988052368e-02 3.825476765632629395e-01 -3.170507550239562988e-01 -6.027266383171081543e-01 2.699909806251525879e-01 -5.145981311798095703e-01 1.956939548254013062e-01 -3.179905414581298828e-01 1.478571444749832153e-02 -1.177971735596656799e-01 2.847400680184364319e-02 1.801143139600753784e-01 -2.718169987201690674e-02 -1.104942560195922852e-01 1.923407465219497681e-01 2.232251763343811035e-01 -3.200140595436096191e-01 2.944006025791168213e-02 2.771547436714172363e-02 2.900174558162689209e-01 -4.243890941143035889e-01 -2.275272905826568604e-01 -3.496406972408294678e-01 2.879241406917572021e-01 6.024117767810821533e-02 5.722057819366455078e-01 2.150189131498336792e-01 4.366038441658020020e-01 3.148372471332550049e-02 -1.031957715749740601e-01 5.508164763450622559e-01 2.167907506227493286e-01 -7.044031471014022827e-02 -4.264899194240570068e-01 -6.936649233102798462e-02 1.073645278811454773e-01 -3.978856503963470459e-01 2.893616557121276855e-01 -1.312637478113174438e-01 1.650440692901611328e-01 -2.635828405618667603e-02 4.940458536148071289e-01 1.221556961536407471e-02 -5.439373850822448730e-01 1.046938225626945496e-01 2.482545524835586548e-01 -8.880648761987686157e-02 -1.571185886859893799e-01 -4.472300410270690918e-01 2.851997613906860352e-01 6.946316361427307129e-02 5.576770901679992676e-01 6.636981964111328125e-01 2.396554052829742432e-01 9.840670973062515259e-02 -7.082435488700866699e-02 -6.953334808349609375e-02 2.130188345909118652e-01 3.099802732467651367e-01
-5.081526637077331543e-01 -3.251194357872009277e-01 -1.408943533897399902e-01 -5.616322159767150879e-01 -1.587410569190979004e-01 8.064295351505279541e-02 2.295611202716827393e-01 -4.304322600364685059e-01 -5.511303544044494629e-01 4.653792083263397217e-01 -5.302289724349975586e-01 6.689220666885375977e-02 -1.912405490875244141e-01 1.541964411735534668e-01 -9.680903702974319458e-02 1.851967349648475647e-02 2.600784003734588623e-01 4.205866903066635132e-02 -3.211855590343475342e-01 1.103330254554748535e-01 3.306266069412231445e-01 8.795180916786193848e-02 -1.166227608919143677e-01 1.217950209975242615e-01 2.746933698654174805e-01 -5.674838423728942871e-01 -2.175411731004714966e-01 -3.249395787715911865e-01 1.709706708788871765e-02 1.536059677600860596e-01 5.094246268272399902e-01 4.537870883941650391e-01 3.074070215225219727e-01 8.898012340068817139e-02 -3.691900968551635742e-01 3.447240889072418213e-01 1.109594851732254028e-01 1.151486858725547791e-01 -3.369710594415664673e-02 -1.288437098264694214e-02 1.365541070699691772e-01 -3.423729836940765381e-01 6.511543691158294678e-02 -3.208568096160888672e-01 6.648970395326614380e-02 2.790213227272033691e-01 5.512369275093078613e-01 7.286860048770904541e-02 -4.146182835102081299e-01 1.068067178130149841e-01 1.266111880540847778e-01 6.239041686058044434e-02 -5.715552717447280884e-03 -2.115204632282257080e-01 4.613491296768188477e-01 1.502942591905593872e-01 2.396110445261001587e-01 5.006106495857238770e-01 5.953473448753356934e-01 -9.477344155311584473e-02 -2.020113542675971985e-02 8.202446997165679932e-02 2.213590443134307861e-01 4.102078974246978760e-01
-6.636252403259277344e-01 -3.523380160331726074e-01 -1.009719520807266235e-01 -6.210496425628662109e-01 -2.341415137052536011e-01 -3.701177239418029785e-02 -9.490847587585449219e-04 -2.869628965854644775e-01 -5.731966495513916016e-01 6.588285565376281738e-01 -4.062176644802093506e-01 1.727049946784973145e-01 -8.541472256183624268e-02 1.914355158805847168e-01 -1.470729112625122070e-01 9.127707779407501221e-02 1.982092410326004028e-01 -4.439131915569305420e-01 5.366017669439315796e-02 -1.241764873266220093e-01 4.168368875980377197e-01 -1.126586422324180603e-01 -3.796635270118713379e-01 3.919599577784538269e-02 5.707970261573791504e-01 -6.924764513969421387e-01 -2.316482216119766235e-01 -3.490762114524841309e-01 -4.192043095827102661e-02 7.199375331401824951e-02 4.562220871448516846e-01 3.361613154411315918e-01 3.139644861221313477e-01 8.182768523693084717e-02 -4.530946612358093262e-01 7.261272072792053223e-01 -2.300125211477279663e-01 3.299604356288909912e-01 1.419846117496490479e-01 -4.436887055635452271e-02 -1.954659260809421539e-02 -1.828216463327407837e-01 1.721575111150741577e-01 -7.514296472072601318e-02 2.524782717227935791e-01 2.490653842687606812e-01 7.745462656021118164e-01 -2.375752180814743042e-01 -7.287546396255493164e-01 1.012839749455451965e-01 1.836601346731185913e-01 9.626274555921554565e-02 2.190630435943603516e-01 -3.732377663254737854e-02 4.496310949325561523e-01 -1.040756925940513611e-01 2.966989278793334961e-01 5.730946063995361328e-01 5.161999464035034180e-01 -7.065600156784057617e-02 2.201245725154876709e-01 2.082375884056091309e-01 2.037921547889709473e-01 2.016010284423828125e-01
-6.105247139930725098e-01 -3.774605393409729004e-01 1.740726530551910400e-01 -4.519093036651611328e-01 1.053956896066665649e-01 -5.057056993246078491e-02 -8.135117590427398682e-03 -2.245693951845169067e-01 -4.526509940624237061e-01 4.905059933662414551e-01 -3.260543644428253174e-01 1.105716973543167114e-01 -1.457219570875167847e-01 3.209460079669952393e-01 -1.242273375391960144e-01 -1.146680265665054321e-01 4.526825249195098877e-01 -4.377843439579010010e-02 4.389629140496253967e-02 4.709029570221900940e-02 4.302756190299987793e-01 -1.329624056816101074e-01 -4.662299156188964844e-01 -2.532091438770294189e-01 3.627962172031402588e-01 -5.551531314849853516e-01 -2.327451854944229126e-01 -1.141585558652877808e-01 -3.675155937671661377e-01 2.603812813758850098e-01 4.261308908462524414e-01 2.463177442550659180e-01 4.913109540939331055e-01 1.705232709646224976e-01 -5.234060883522033691e-01 6.400632262229919434e-01 -3.545025736093521118e-02 1.590834259986877441e-01 -2.837189435958862305e-01 2.960505485534667969e-01 -9.756408631801605225e-02 -2.137961089611053467e-01 2.187237590551376343e-01 -2.468145936727523804e-01 1.416238397359848022e-01 1.777973771095275879e-01 6.058271527290344238e-01 -3.558337092399597168e-01 -5.601810216903686523e-01 1.476762592792510986e-01 2.402904182672500610e-01 -4.694703593850135803e-02 -1.706626266241073608e-01 -1.585478037595748901e-01 3.804930448532104492e-01 -1.171262487769126892e-01 2.541688978672027588e-01 5.436538457870483398e-01 6.415492296218872070e-01 1.531548500061035156e-01 2.802423238754272461e-01 2.710952758789062500e-01 2.289413809776306152e-01 1.907648146152496338e-01
-4.709990024566650391e-01 -3.818054199218750000e-01 -2.651282250881195068e-01 -8.381517529487609863e-01 -3.172112107276916504e-01 -3.002695739269256592e-03 1.567495763301849365e-01 -4.142736792564392090e-01 -4.467368721961975098e-01 1.950623989105224609e-01 -4.410893023014068604e-01 1.537630856037139893e-01 -2.343996167182922363e-01 1.909568607807159424e-01 1.202379614114761353e-01 1.564324349164962769e-01 3.287795186042785645e-01 -3.352250754833221436e-01 -2.144273370504379272e-02 2.981392741203308105e-01 1.040658354759216309e-02 -3.576935529708862305e-01 6.951768696308135986e-02 2.736634910106658936e-01 7.796543091535568237e-02 -6.847061514854431152e-01 -2.943626046180725098e-01 -3.107189238071441650e-01 4.761922657489776611e-01 -2.136687338352203369e-01 5.452208518981933594e-01 4.546580612659454346e-01 2.065212875604629517e-01 4.036067426204681396e-01 -3.364514112472534180e-01 4.941732883453369141e-01 -3.339181542396545410e-01 -7.011116296052932739e-02 3.608100861310958862e-02 -1.132862195372581482e-01 1.338425427675247192e-01 -2.720592319965362549e-01 4.039838910102844238e-01 3.193060308694839478e-02 4.490343630313873291e-01 1.338315159082412720e-01 6.469147801399230957e-01 1.833677440881729126e-01 -8.215320706367492676e-01 3.946905434131622314e-01 6.850565969944000244e-02 1.651261001825332642e-01 8.672288060188293457e-02 2.009021639823913574e-01 1.411469280719757080e-01 4.830352216958999634e-02 6.408922672271728516e-01 7.051131129264831543e-01 2.584252655506134033e-01 -1.455157250165939331e-02 -1.482650637626647949e-01 6.661704182624816895e-02 2.427749633789062500e-01 1.120363995432853699e-01
-3.862499892711639404e-01 -2.566069662570953369e-01 -2.931635379791259766e-01 -7.175506353378295898e-01 -2.821255326271057129e-01 5.279406905174255371e-02 3.817990422248840332e-01 -4.194776117801666260e-01 -4.640566706657409668e-01 4.155751168727874756e-01 -6.686428785324096680e-01 2.258613705635070801e-01 -1.549477130174636841e-01 2.031576037406921387e-01 -2.080262452363967896e-02 5.465539172291755676e-02 3.211758434772491455e-01 4.496311396360397339e-02 -1.881664693355560303e-01 1.986364871263504028e-01 2.888571619987487793e-01 2.430959045886993408e-01 -1.250226348638534546e-01 3.159648776054382324e-01 4.902467131614685059e-01 -3.471629023551940918e-01 -1.451294273138046265e-01 -4.847926199436187744e-01 1.407400369644165039e-01 1.644541323184967041e-02 4.900203347206115723e-01 5.406934618949890137e-01 2.651981115341186523e-01 5.417146533727645874e-02 -4.431220293045043945e-01 6.579957604408264160e-01 1.722198873758316040e-01 -8.018812537193298340e-02 8.035741001367568970e-02 -2.147743105888366699e-01 3.478094637393951416e-01 -4.092386066913604736e-01 -1.490930467844009399e-01 -2.603055238723754883e-01 2.990732192993164062e-01 9.886747598648071289e-02 8.151255846023559570e-01 2.479422837495803833e-01 -5.272108912467956543e-01 -1.561290919780731201e-01 1.398430913686752319e-01 -4.302271902561187744e-01 -1.029412001371383667e-01 -2.945838868618011475e-01 9.267777204513549805e-04 3.610338270664215088e-01 4.189695715904235840e-01 5.090208649635314941e-01 1.180392652750015259e-01 -1.495182216167449951e-01 -5.650935694575309753e-02 -1.912422478199005127e-01 7.914074510335922241e-02 3.082231879234313965e-01
-5.888135433197021484e-01 -3.283157050609588623e-01 -3.812007606029510498e-03 -5.939950942993164062e-01 2.900248765945434570e-02 1.725072264671325684e-01 2.784616947174072266e-01 -3.421122431755065918e-01 -7.306914925575256348e-01 3.929193317890167236e-01 -5.483514070510864258e-01 6.851434707641601562e-02 -2.581416368484497070e-01 2.534995228052139282e-02 -7.837564498186111450e-02 -3.313003107905387878e-02 1.489394009113311768e-01 3.308182209730148315e-02 -6.693279743194580078e-02 5.115089565515518188e-02 1.770520210266113281e-01 -6.271361559629440308e-02 -1.270519196987152100e-02 1.809720396995544434e-01 1.430251449346542358e-01 -4.975085556507110596e-01 -3.344823718070983887e-01 -2.850770652294158936e-01 1.833238750696182251e-01 1.981410384178161621e-02 5.041268467903137207e-01 2.884485721588134766e-01 2.954643368721008301e-01 1.454071700572967529e-01 -2.285915166139602661e-01 4.305521845817565918e-01 2.813122868537902832e-01 -1.511167641729116440e-02 -5.986348167061805725e-02 -8.361835032701492310e-02 4.210928827524185181e-02 -3.754239082336425781e-01 1.011444181203842163e-01 -1.734112650156021118e-01 1.195190623402595520e-01 3.091251105070114136e-02 6.317058205604553223e-01 3.704665601253509521e-02 -6.368852853775024414e-01 1.724367588758468628e-02 3.810902237892150879e-01 -1.179621890187263489e-01 -2.984635531902313232e-01 -4.511395394802093506e-01 3.318920135498046875e-01 1.208831369876861572e-02 3.453693389892578125e-01 5.452145338058471680e-01 2.966967821121215820e-01 9.184635430574417114e-02 -9.041132777929306030e-02 -7.834427058696746826e-02 1.993826031684875488e-01 1.012360453605651855e-01
-4.566903412342071533e-01 -4.737009704113006592e-01 2.818554043769836426e-01 -5.170804858207702637e-01 2.545101195573806763e-02 3.404375016689300537e-01 1.458487212657928467e-01 -2.150023281574249268e-01 -7.568432092666625977e-01 3.737141788005828857e-01 -4.544463753700256348e-01 -5.184063315391540527e-02 -1.859173327684402466e-01 -2.507026493549346924e-02 -1.835331320762634277e-03 -1.845809072256088257e-01 2.793123424053192139e-01 -2.650893479585647583e-02 -6.855455040931701660e-02 -7.158850133419036865e-02 2.639318704605102539e-01 6.279824674129486084e-02 -2.370970994234085083e-01 -8.759579807519912720e-02 -1.442008167505264282e-01 -3.419696390628814697e-01 -4.098880887031555176e-01 -2.336838543415069580e-01 8.844422549009323120e-02 8.377660810947418213e-02 5.830023288726806641e-01 4.365719556808471680e-01 4.006968736648559570e-01 1.873206496238708496e-01 -3.853526711463928223e-01 3.935178518295288086e-01 3.549231588840484619e-02 1.325584203004837036e-01 -7.043366134166717529e-02 3.139484524726867676e-01 -2.462463527917861938e-01 -1.200376898050308228e-01 2.895997166633605957e-01 -3.864058256149291992e-01 2.221575472503900528e-03 2.096817940473556519e-01 6.561303138732910156e-01 9.249742329120635986e-02 -6.468204855918884277e-01 3.158223032951354980e-01 3.201205730438232422e-01 -1.734959483146667480e-01 -5.156124234199523926e-01 -1.992688477039337158e-01 4.216486811637878418e-01 2.477476745843887329e-02 1.721676811575889587e-02 3.002822101116180420e-01 5.761473178863525391e-01 7.115505635738372803e-03 1.813198328018188477e-01 2.061093151569366455e-01 3.346962332725524902e-01 5.385333299636840820e-02
-5.868554711341857910e-01 -3.929381966590881348e-01 6.753661483526229858e-02 -1.225527375936508179e-01 2.140736430883407593e-01 9.723354130983352661e-02 8.318388462066650391e-02 -2.495880424976348877e-01 -5.240207910537719727e-01 2.690335512161254883e-01 -4.166640639305114746e-01 8.324128389358520508e-02 -4.305312633514404297e-01 1.175362393260002136e-01 -8.353295177221298218e-02 -1.758387088775634766e-01 3.359684050083160400e-01 9.919085353612899780e-02 -4.436144232749938965e-02 4.393837973475456238e-02 1.726684272289276123e-01 -2.503110766410827637e-01 -4.395052790641784668e-01 -4.417670965194702148e-01 1.315904259681701660e-01 -3.853130340576171875e-01 -3.354099988937377930e-01 -1.424998790025711060e-01 -2.393017113208770752e-01 2.645391225814819336e-01 6.894354224205017090e-01 1.933241188526153564e-01 5.435364246368408203e-01 5.805522203445434570e-03 -3.157624602317810059e-01 4.063366055488586426e-01 5.862268805503845215e-02 -2.444740384817123413e-02 -5.597241520881652832e-01 3.057421445846557617e-01 -9.714051336050033569e-02 -1.823831945657730103e-01 4.959018826484680176e-01 -3.185453414916992188e-01 8.824009448289871216e-02 1.389128416776657104e-01 3.636615574359893799e-01 -1.893957704305648804e-01 -4.612391293048858643e-01 4.056351184844970703e-01 1.860204786062240601e-01 -3.110264986753463745e-02 -3.748331069946289062e-01 -2.625803947448730469e-01 4.515916705131530762e-01 4.136889427900314331e-02 2.894466817378997803e-01 4.824402928352355957e-01 5.504830479621887207e-01 1.456119716167449951e-01 1.598603874444961548e-01 2.095417380332946777e-01 4.207177460193634033e-01 1.848794221878051758e-01
-5.606701970100402832e-01 -3.642594218254089355e-01 -1.547324955463409424e-01 -6.447687149047851562e-01 -2.189206629991531372e-01 6.995054334402084351e-02 2.774861454963684082e-01 -3.390465974807739258e-01 -5.967787504196166992e-01 3.760442733764648438e-01 -5.639086961746215820e-01 1.076172888278961182e-01 -2.363821268081665039e-01 2.777086943387985229e-02 -1.345869302749633789e-01 2.771379426121711731e-02 1.796645969152450562e-01 -3.005255013704299927e-02 -1.588881015777587891e-01 6.131791323423385620e-02 2.085524499416351318e-01 -1.315318644046783447e-01 -1.018368750810623169e-01 1.732335239648818970e-01 1.126223281025886536e-01 -3.774740397930145264e-01 -2.705247998237609863e-01 -3.488309383392333984e-01 2.990953624248504639e-01 3.560727462172508240e-02 5.877171754837036133e-01 3.100038468837738037e-01 2.297463864088058472e-01 1.753277182579040527e-01 -3.451279401779174805e-01 4.917023777961730957e-01 7.524006068706512451e-03 -7.039687782526016235e-02 -8.495354652404785156e-02 -2.190849930047988892e-02 1.016579493880271912e-01 -2.516916692256927490e-01 2.573237419128417969e-01 -1.357297450304031372e-01 3.080914616584777832e-01 7.706473767757415771e-02 6.233296394348144531e-01 1.785126477479934692e-01 -6.712873578071594238e-01 1.961297690868377686e-01 1.005781441926956177e-01 -8.352137356996536255e-02 -1.597160547971725464e-01 -2.752065360546112061e-01 3.043488860130310059e-01 1.181242614984512329e-01 3.821300268173217773e-01 4.842442274093627930e-01 4.003553390502929688e-01 -4.399950802326202393e-02 -9.009636193513870239e-02 -5.576834082603454590e-04 3.108759522438049316e-01 1.950468868017196655e-01
-5.201117992401123047e-01 -2.389163374900817871e-01 -1.303355246782302856e-01 -4.378075301647186279e-01 -7.220433652400970459e-02 -6.610257178544998169e-02 2.519900798797607422e-01 -3.348169624805450439e-01 -5.068964362144470215e-01 5.864324569702148438e-01 -5.588349103927612305e-01 1.508044749498367310e-01 -1.986097097396850586e-01 1.237401291728019714e-01 -2.448078095912933350e-01 1.050377637147903442e-02 2.074201554059982300e-01 1.947825551033020020e-01 -2.823154628276824951e-01 6.170854717493057251e-02 4.961096048355102539e-01 1.529134213924407959e-01 -2.975766062736511230e-01 2.276946604251861572e-02 5.227831602096557617e-01 -4.617523252964019775e-01 -1.688928157091140747e-01 -4.234129488468170166e-01 -1.644441336393356323e-01 3.286574184894561768e-01 4.360257089138031006e-01 3.319066166877746582e-01 3.354628384113311768e-01 -8.259350061416625977e-02 -2.995190620422363281e-01 4.010323286056518555e-01 3.641061186790466309e-01 1.926419585943222046e-01 -1.486616879701614380e-01 -1.441014707088470459e-01 1.613644212484359741e-01 -3.983190357685089111e-01 -1.217164248228073120e-01 -3.408688902854919434e-01 -7.104232907295227051e-02 1.581301689147949219e-01 4.559086859226226807e-01 -2.848634123802185059e-02 -2.388484776020050049e-01 -9.868834912776947021e-02 4.685828089714050293e-02 -3.067197278141975403e-02 -7.889112830162048340e-02 -4.276583492755889893e-01 5.070467591285705566e-01 2.396483719348907471e-01 7.322962582111358643e-02 4.491025805473327637e-01 6.052413582801818848e-01 -7.339426875114440918e-02 8.971292525529861450e-02 7.647754251956939697e-02 2.153367847204208374e-01 4.924355745315551758e-01
-5.980817079544067383e-01 -3.332699835300445557e-01 -9.421356022357940674e-03 -4.365386962890625000e-01 -1.259164512157440186e-02 4.248384386301040649e-03 2.988363802433013916e-02 -3.805875182151794434e-01 -5.692736506462097168e-01 5.069020390510559082e-01 -4.541120529174804688e-01 8.333546668291091919e-02 -2.331912219524383545e-01 2.039707899093627930e-01 -3.084578365087509155e-02 5.461377277970314026e-02 2.724182605743408203e-01 -9.936279803514480591e-02 -9.941957890987396240e-02 -9.598165750503540039e-02 1.855005025863647461e-01 -1.275175809860229492e-01 -3.068106174468994141e-01 -1.450731754302978516e-01 3.645391166210174561e-01 -5.734116435050964355e-01 -3.017834722995758057e-01 -3.071192800998687744e-01 -4.641879349946975708e-02 1.823140084743499756e-01 4.835567772388458252e-01 2.006123214960098267e-01 4.461218118667602539e-01 8.301100134849548340e-02 -4.713286757469177246e-01 5.137610435485839844e-01 3.057254850864410400e-02 1.517964154481887817e-01 -1.768755018711090088e-01 7.089976966381072998e-02 2.160812169313430786e-02 -1.947506517171859741e-01 2.762901186943054199e-01 -2.254561036825180054e-01 1.588883101940155029e-01 2.227399796247482300e-01 6.914906501770019531e-01 -1.234689503908157349e-01 -6.798130869865417480e-01 2.431523501873016357e-01 2.028249055147171021e-01 -1.671380549669265747e-02 -8.299578726291656494e-02 -1.848615407943725586e-01 4.440396428108215332e-01 -2.442814409732818604e-03 3.105782568454742432e-01 5.346852540969848633e-01 4.144071340560913086e-01 -1.646707206964492798e-02 1.376923620700836182e-01 1.063815653324127197e-01 2.914441227912902832e-01 2.076357305049896240e-01
-4.870965480804443359e-01 -4.339647591114044189e-01 2.134064137935638428e-01 -3.820235729217529297e-01 1.031993031501770020e-01 4.020785391330718994e-01 2.117065340280532837e-01 -1.809937357902526855e-01 -7.696340084075927734e-01 1.588796675205230713e-01 -3.527000546455383301e-01 -1.753681898117065430e-02 -3.172590434551239014e-01 -4.507050663232803345e-02 -9.186118841171264648e-04 -2.233270257711410522e-01 4.153901338577270508e-01 -1.261390298604965210e-01 -8.350105583667755127e-02 9.443173557519912720e-02 4.581419378519058228e-02 -2.679860293865203857e-01 -9.844228625297546387e-02 -1.539301574230194092e-01 -2.929835319519042969e-01 -3.936223387718200684e-01 -5.493699908256530762e-01 -8.002723753452301025e-02 2.544052600860595703e-01 -1.228779479861259460e-01 7.099518775939941406e-01 3.378085494041442871e-01 3.995187878608703613e-01 3.149708509445190430e-01 -2.600722312927246094e-01 1.171285733580589294e-01 -9.674027562141418457e-02 1.210809871554374695e-01 -2.588884830474853516e-01 4.683179557323455811e-01 -3.334673345088958740e-01 -1.167543753981590271e-01 6.219739317893981934e-01 -1.563984304666519165e-01 1.198596432805061340e-01 3.200836777687072754e-01 3.863054215908050537e-01 9.748370945453643799e-02 -5.616121888160705566e-01 6.621481180191040039e-01 3.462372422218322754e-01 9.284517914056777954e-02 -4.886561334133148193e-01 -1.242007389664649963e-01 5.299232006072998047e-01 -1.115470752120018005e-01 2.328656166791915894e-01 5.537658929824829102e-01 7.222121953964233398e-01 1.902657449245452881e-01 -3.313846886157989502e-02 1.931976974010467529e-01 3.573288023471832275e-01 5.509871989488601685e-03
-5.676845908164978027e-01 -2.970203161239624023e-01 2.002204060554504395e-01 -4.836300909519195557e-01 6.850998103618621826e-02 -2.917940914630889893e-02 9.063153713941574097e-02 -2.749639749526977539e-01 -6.089923381805419922e-01 4.870266020298004150e-01 -4.023038446903228760e-01 8.844958245754241943e-02 -2.673892974853515625e-01 2.619156241416931152e-01 -9.762450307607650757e-02 -7.478804886341094971e-02 3.286580443382263184e-01 -2.912542223930358887e-02 -4.609581828117370605e-02 -2.579171583056449890e-02 3.671889007091522217e-01 -1.006276980042457581e-01 -3.051191568374633789e-01 -7.718207687139511108e-02 3.051491081714630127e-01 -5.506792664527893066e-01 -2.641308009624481201e-01 -2.800417244434356689e-01 -4.832079261541366577e-02 2.503701746463775635e-01 4.856611788272857666e-01 3.100017607212066650e-01 4.818985164165496826e-01 9.155026078224182129e-02 -4.295125007629394531e-01 5.374215841293334961e-01 1.221347004175186157e-01 1.888446062803268433e-01 -2.815164923667907715e-01 1.003471091389656067e-01 -6.175361573696136475e-02 -2.455157786607742310e-01 1.587553918361663818e-01 -3.045365214347839355e-01 9.056285768747329712e-02 1.208101361989974976e-01 7.357782125473022461e-01 -1.398159861564636230e-01 -6.123813390731811523e-01 2.475315034389495850e-01 3.230788707733154297e-01 -9.485430270433425903e-02 -2.805353701114654541e-01 -2.016743421554565430e-01 4.215355515480041504e-01 -5.035465210676193237e-02 1.490963548421859741e-01 5.337998270988464355e-01 5.154327154159545898e-01 5.268675833940505981e-02 2.451158165931701660e-01 1.446030437946319580e-01 2.066999375820159912e-01 2.065439671277999878e-01
-4.411110281944274902e-01 -3.291611969470977783e-01 -2.973378598690032959e-01 -6.250811219215393066e-01 -8.446143567562103271e-02 -6.621753424406051636e-02 2.399841696023941040e-01 -4.357328414916992188e-01 -6.012970209121704102e-01 3.553934097290039062e-01 -5.640189647674560547e-01 2.506107687950134277e-01 -1.862469911575317383e-01 1.591165363788604736e-01 4.812531173229217529e-03 -6.186789646744728088e-02 2.780589163303375244e-01 4.994960874319076538e-02 -1.576284170150756836e-01 1.412539631128311157e-01 2.276452779769897461e-01 2.251015231013298035e-02 -8.077390491962432861e-02 1.034388542175292969e-01 5.134692788124084473e-01 -4.587122797966003418e-01 -2.729966044425964355e-01 -4.632712006568908691e-01 1.845951378345489502e-01 1.080473363399505615e-01 4.486836791038513184e-01 4.149966835975646973e-01 4.372326731681823730e-01 1.935867220163345337e-02 -3.035590052604675293e-01 6.037917733192443848e-01 1.542670577764511108e-01 -1.135151907801628113e-01 -1.224513873457908630e-01 -1.570094823837280273e-01 3.101399540901184082e-01 -3.830999433994293213e-01 -4.003674909472465515e-02 -2.607732415199279785e-01 2.222476452589035034e-01 1.174555867910385132e-01 6.749652624130249023e-01 7.106532156467437744e-02 -5.880178213119506836e-01 -3.340923413634300232e-02 1.765132099390029907e-01 -4.256710112094879150e-01 -5.265865102410316467e-02 -2.707675695419311523e-01 1.204489022493362427e-01 3.686047792434692383e-01 5.130735039710998535e-01 6.318502426147460938e-01 5.017685890197753906e-02 -2.331901341676712036e-02 -1.182270422577857971e-01 -1.323073208332061768e-01 3.568870015442371368e-03 2.500326633453369141e-01
-5.607485771179199219e-01 -3.309633731842041016e-01 1.333478689193725586e-01 -4.832529127597808838e-01 8.215321600437164307e-02 5.883020907640457153e-02 1.443868279457092285e-01 -3.231420218944549561e-01 -7.245392799377441406e-01 3.774565160274505615e-01 -4.033814072608947754e-01 1.201917678117752075e-01 -2.930991649627685547e-01 1.966274380683898926e-01 3.300011157989501953e-03 -9.320851415395736694e-02 3.253155052661895752e-01 -2.581530064344406128e-02 -1.114932596683502197e-01 -4.729072004556655884e-02 2.565360665321350098e-01 -6.691228598356246948e-02 -1.971880644559860229e-01 -1.084782406687736511e-01 2.823845744132995605e-01 -5.699256658554077148e-01 -3.758519589900970459e-01 -2.959830164909362793e-01 4.150798916816711426e-02 2.044697105884552002e-01 5.500618219375610352e-01 3.256391584873199463e-01 4.824001789093017578e-01 -1.067132502794265747e-02 -3.643567562103271484e-01 4.375585317611694336e-01 2.534785270690917969e-01 1.299058496952056885e-01 -2.496455311775207520e-01 2.554475516080856323e-02 2.318774536252021790e-02 -3.001784086227416992e-01 1.682811826467514038e-01 -2.710704803466796875e-01 7.432328164577484131e-02 1.256782859563827515e-01 6.273239850997924805e-01 -5.134280771017074585e-02 -5.505878925323486328e-01 1.721897125244140625e-01 2.956197857856750488e-01 -2.293916940689086914e-01 -2.813639044761657715e-01 -2.909122705459594727e-01 4.264300465583801270e-01 6.858013570308685303e-02 2.884756922721862793e-01 5.754727125167846680e-01 3.641851544380187988e-01 1.842796057462692261e-02 1.353501379489898682e-01 1.102908551692962646e-01 2.387138903141021729e-01 2.025512009859085083e-01
-4.714786708354949951e-01 -3.373784124851226807e-01 -1.145955547690391541e-02 -8.344420194625854492e-01 -1.137566268444061279e-01 2.497594803571701050e-02 4.993837699294090271e-02 -3.362275958061218262e-01 -4.391193091869354248e-01 5.874116420745849609e-01 -4.344106018543243408e-01 1.462722271680831909e-01 1.297103464603424072e-01 1.825765669345855713e-01 9.962670505046844482e-03 6.304218433797359467e-03 4.322490096092224121e-01 -3.392415642738342285e-01 -2.910156548023223877e-02 2.238747030496597290e-01 3.932387828826904297e-01 -9.130931645631790161e-02 -2.383273243904113770e-01 7.474366575479507446e-02 2.919061779975891113e-01 -7.006171941757202148e-01 -2.651828527450561523e-01 -2.460565268993377686e-01 4.217240214347839355e-02 -1.753611564636230469e-01 3.578103184700012207e-01 4.037756919860839844e-01 3.472391664981842041e-01 3.583296239376068115e-01 -5.271399617195129395e-01 5.641175508499145508e-01 -2.796601653099060059e-01 3.071000576019287109e-01 8.797731250524520874e-02 1.448285728693008423e-01 -1.161688640713691711e-01 -1.165691986680030823e-01 1.231485605239868164e-01 -9.928175806999206543e-02 1.867732703685760498e-01 3.320318460464477539e-01 6.497288942337036133e-01 -1.889549493789672852e-01 -7.422329187393188477e-01 2.360120415687561035e-01 1.247696727514266968e-01 2.743624746799468994e-01 5.613871663808822632e-02 3.930300474166870117e-02 3.809167146682739258e-01 -5.443478375673294067e-02 2.695253193378448486e-01 5.303767323493957520e-01 6.391009688377380371e-01 2.848906069993972778e-02 3.726420924067497253e-03 2.759674489498138428e-01 1.369673609733581543e-01 6.102629750967025757e-02
-4.249153435230255127e-01 -3.412058949470520020e-01 -2.276917546987533569e-02 -4.095165133476257324e-01 -8.267896622419357300e-02 1.597960591316223145e-01 2.897301316261291504e-01 -3.220874369144439697e-01 -7.268749475479125977e-01 4.425589144229888916e-01 -4.677771329879760742e-01 3.346078097820281982e-03 -3.418630361557006836e-01 9.116581827402114868e-02 -2.364903688430786133e-02 -1.327240914106369019e-01 3.089390099048614502e-01 1.138206645846366882e-01 -2.860291600227355957e-01 1.632123067975044250e-02 1.639560759067535400e-01 9.856767207384109497e-02 -1.482749730348587036e-01 2.971694618463516235e-02 2.035969793796539307e-01 -5.378451347351074219e-01 -3.877158164978027344e-01 -3.589534759521484375e-01 1.508997939527034760e-02 1.801312565803527832e-01 5.363870859146118164e-01 3.679529428482055664e-01 3.777319192886352539e-01 7.064700126647949219e-02 -2.677711248397827148e-01 2.660418748855590820e-01 2.929270267486572266e-01 1.400235593318939209e-01 -6.802176684141159058e-02 -2.363055199384689331e-02 1.632901728153228760e-01 -3.129654824733734131e-01 8.818760514259338379e-02 -3.093231916427612305e-01 2.047228999435901642e-02 2.131281048059463501e-01 5.392774939537048340e-01 1.270233839750289917e-01 -3.974511921405792236e-01 1.566137969493865967e-01 2.880001068115234375e-01 -5.743901059031486511e-02 -2.131771296262741089e-01 -3.337094187736511230e-01 4.980192780494689941e-01 2.145854532718658447e-01 2.492104619741439819e-01 5.706082582473754883e-01 5.370833277702331543e-01 -7.561989128589630127e-03 -8.480339497327804565e-02 6.848685443401336670e-02 1.958890855312347412e-01 3.767462372779846191e-01
-5.635620355606079102e-01 -3.529533743858337402e-01 -2.503265440464019775e-02 -3.302297294139862061e-01 -1.248989850282669067e-01 -1.583201810717582703e-02 1.794478446245193481e-01 -3.453393578529357910e-01 -3.657441735267639160e-01 3.452441394329071045e-01 -4.798535108566284180e-01 6.677383184432983398e-02 -3.083109855651855469e-01 1.431464850902557373e-01 -1.942666172981262207e-01 -5.429993197321891785e-02 1.742723286151885986e-01 2.409266531467437744e-01 -2.015011310577392578e-01 -3.948114812374114990e-02 3.788069784641265869e-01 -1.509524136781692505e-02 -4.325979948043823242e-01 -1.732219755649566650e-01 2.476843595504760742e-01 -4.043054282665252686e-01 -1.353940963745117188e-01 -2.443088889122009277e-01 -2.559885680675506592e-01 4.266710877418518066e-01 5.923035144805908203e-01 2.422330379486083984e-01 2.988446950912475586e-01 -6.433653086423873901e-02 -4.230443835258483887e-01 4.931598901748657227e-01 1.090911477804183960e-01 -1.406597346067428589e-02 -2.949366867542266846e-01 1.549984514713287354e-01 9.441877901554107666e-02 -3.263441324234008789e-01 2.371996492147445679e-01 -4.338365793228149414e-01 1.740972548723220825e-01 1.220783293247222900e-01 4.984886944293975830e-01 2.723535895347595215e-02 -4.981392323970794678e-01 9.409660845994949341e-02 3.758873045444488525e-02 -1.544601917266845703e-01 -2.267975062131881714e-01 -2.609648704528808594e-01 5.237389802932739258e-01 1.838938891887664795e-01 1.945265829563140869e-01 4.125150442123413086e-01 5.604377388954162598e-01 -1.266980171203613281e-01 1.983502209186553955e-01 1.149313896894454956e-01 4.254325628280639648e-01 4.859480857849121094e-01
-6.186210513114929199e-01 -4.213145971298217773e-01 3.025628030300140381e-01 -5.436216592788696289e-01 5.211465060710906982e-02 6.928696483373641968e-02 8.826141059398651123e-02 -4.773820936679840088e-02 -3.026717603206634521e-01 4.615750908851623535e-01 -4.554843008518218994e-01 2.342156618833541870e-01 -1.323708519339561462e-02 1.427608728408813477e-01 -8.740458637475967407e-02 -2.900453209877014160e-01 5.616365075111389160e-01 -3.765307366847991943e-02 1.472499668598175049e-01 1.831649094820022583e-01 7.126028537750244141e-01 -1.311962902545928955e-01 -6.400635242462158203e-01 -3.525463342666625977e-01 1.843098551034927368e-01 -3.768754303455352783e-01 -2.810802459716796875e-01 1.505382955074310303e-01 -5.018904209136962891e-01 9.430755674839019775e-02 3.141651451587677002e-01 1.520728915929794312e-01 6.187244057655334473e-01 -1.970578357577323914e-02 -3.785970807075500488e-01 5.338397622108459473e-01 9.553650021553039551e-02 2.834179997444152832e-01 -4.066930711269378662e-01 5.168800354003906250e-01 -4.027463197708129883e-01 -2.426118217408657074e-02 4.177148342132568359e-01 -1.223493069410324097e-01 -9.927500784397125244e-02 2.428390830755233765e-01 5.001162290573120117e-01 -4.126875400543212891e-01 -3.724454939365386963e-01 1.937238872051239014e-01 1.251213997602462769e-01 1.182731762528419495e-01 -3.327985703945159912e-01 -3.124488592147827148e-01 5.640911459922790527e-01 -1.620352268218994141e-01 7.790085673332214355e-02 4.205120801925659180e-01 7.401645183563232422e-01 3.125035166740417480e-01 3.425234556198120117e-01 4.465523362159729004e-01 5.280734300613403320e-01 1.900431513786315918e-02
-5.849657654762268066e-01 -2.518708109855651855e-01 2.783748507499694824e-01 -2.155217081308364868e-01 2.493110746145248413e-01 -7.607568055391311646e-02 9.536370635032653809e-03 -1.946514844894409180e-01 -4.374314546585083008e-01 3.286771178245544434e-01 -3.881075084209442139e-01 1.462290883064270020e-01 -3.254902362823486328e-01 3.319799005985260010e-01 -1.294085085391998291e-01 -1.932138949632644653e-01 5.043982863426208496e-01 2.666178643703460693e-01 -8.935511112213134766e-02 7.129634171724319458e-02 3.004792332649230957e-01 -1.925157010555267334e-01 -4.348694086074829102e-01 -5.033242106437683105e-01 3.356824219226837158e-01 -5.243235826492309570e-01 -3.083297014236450195e-01 -1.047238484025001526e-01 -3.809545040130615234e-01 4.414534568786621094e-01 5.137016177177429199e-01 1.841505616903305054e-01 5.932199358940124512e-01 -4.467917978763580322e-02 -3.923401236534118652e-01 3.742463588714599609e-01 2.248910218477249146e-01 1.463743597269058228e-01 -6.194436550140380859e-01 3.057424426078796387e-01 -8.416116237640380859e-02 -2.103773802518844604e-01 3.130767941474914551e-01 -4.149780869483947754e-01 -3.963240236043930054e-02 1.727072149515151978e-01 3.963818848133087158e-01 -3.188894987106323242e-01 -3.208690881729125977e-01 3.020891547203063965e-01 1.806022375822067261e-01 -1.248127743601799011e-01 -3.773906528949737549e-01 -2.401574850082397461e-01 5.483390688896179199e-01 2.485813945531845093e-02 2.543793022632598877e-01 5.122454762458801270e-01 6.163097620010375977e-01 1.820168197154998779e-01 2.842621803283691406e-01 2.225201725959777832e-01 3.398837149143218994e-01 3.249167203903198242e-01
-3.673161268234252930e-01 -3.439280688762664795e-01 -3.505071997642517090e-01 -1.032763600349426270e+00 -3.864222764968872070e-01 4.478994756937026978e-02 3.736594915390014648e-01 -3.339122533798217773e-01 -5.478473305702209473e-01 1.760850846767425537e-01 -5.558501482009887695e-01 1.833526790142059326e-01 -3.495099768042564392e-02 2.015663385391235352e-01 2.842698991298675537e-02 -4.034977033734321594e-02 2.751919031143188477e-01 -1.762793660163879395e-01 4.037094116210937500e-02 3.712193965911865234e-01 2.479188442230224609e-01 -1.630689799785614014e-01 1.448476165533065796e-01 4.485993385314941406e-01 3.570274710655212402e-01 -4.261564314365386963e-01 -3.444958627223968506e-01 -3.587120175361633301e-01 3.746361136436462402e-01 -3.283482193946838379e-01 4.253499507904052734e-01 5.486677289009094238e-01 3.307216167449951172e-01 3.442957401275634766e-01 -3.610270023345947266e-01 5.818678736686706543e-01 -3.702849149703979492e-02 -2.403450608253479004e-01 1.976772844791412354e-01 -1.821862161159515381e-01 1.989393234252929688e-01 -3.229971230030059814e-01 1.380144208669662476e-01 -8.717714250087738037e-02 4.751974642276763916e-01 2.769533544778823853e-02 8.230990171432495117e-01 2.763856649398803711e-01 -7.805944085121154785e-01 1.013123914599418640e-01 1.594374030828475952e-01 -2.841643691062927246e-01 1.034781336784362793e-01 -7.351267337799072266e-02 -3.014119714498519897e-02 1.651813834905624390e-01 6.513630747795104980e-01 7.019565701484680176e-01 -3.366538882255554199e-02 -6.861459463834762573e-02 -2.689572870731353760e-01 -1.551830470561981201e-01 1.325426548719406128e-01 9.679991006851196289e-02
-6.052386760711669922e-01 -2.032557129859924316e-01 5.322688072919845581e-02 -2.785450816154479980e-01 2.160551697015762329e-01 8.694173395633697510e-02 1.409372836351394653e-01 -3.260582685470581055e-01 -4.857643246650695801e-01 4.140328168869018555e-01 -4.453487098217010498e-01 8.983059227466583252e-02 -3.497865796089172363e-01 1.997020840644836426e-01 -8.711984008550643921e-02 -1.168769299983978271e-01 3.553071618080139160e-01 9.427746385335922241e-02 -2.050440609455108643e-01 7.341139018535614014e-02 2.074874043464660645e-01 -1.132381632924079895e-01 -3.087825179100036621e-01 -2.246717214584350586e-01 2.516688108444213867e-01 -5.061541199684143066e-01 -2.749922275543212891e-01 -1.358283758163452148e-01 -1.801187843084335327e-01 2.305362820625305176e-01 5.747365951538085938e-01 1.861475855112075806e-01 4.635372161865234375e-01 -1.378588229417800903e-01 -2.937063574790954590e-01 3.217049241065979004e-01 2.905881404876708984e-01 5.410205945372581482e-02 -5.007088780403137207e-01 1.551152169704437256e-01 3.202145919203758240e-02 -2.589058578014373779e-01 2.719053030014038086e-01 -2.948423027992248535e-01 -2.805694751441478729e-02 1.245451122522354126e-01 4.003171920776367188e-01 -1.729432493448257446e-01 -4.287704527378082275e-01 1.971813440322875977e-01 2.044896334409713745e-01 8.754513226449489594e-03 -3.025209307670593262e-01 -3.926985859870910645e-01 5.046297907829284668e-01 4.704894870519638062e-02 2.762645483016967773e-01 5.009503960609436035e-01 5.006967186927795410e-01 8.846265822649002075e-02 8.069068193435668945e-02 1.062294989824295044e-01 3.395217657089233398e-01 1.980677843093872070e-01
-5.862244367599487305e-01 -2.658580839633941650e-01 -1.050100401043891907e-01 -2.853440344333648682e-01 7.919837534427642822e-02 -7.411532104015350342e-02 1.942850053310394287e-01 -4.060152173042297363e-01 -6.181478500366210938e-01 3.211245238780975342e-01 -4.997507035732269287e-01 1.403970718383789062e-01 -4.478473067283630371e-01 2.268970906734466553e-01 -1.884249448776245117e-01 8.432495407760143280e-03 1.718420833349227905e-01 2.198969125747680664e-01 -2.319781482219696045e-01 6.691019237041473389e-02 1.727747619152069092e-01 -1.249058619141578674e-01 -1.248797029256820679e-01 -4.572003334760665894e-02 3.698067963123321533e-01 -5.120117068290710449e-01 -2.745085060596466064e-01 -3.591826260089874268e-01 8.475109934806823730e-03 3.880123198032379150e-01 5.442723035812377930e-01 2.448461204767227173e-01 3.978163301944732666e-01 -1.068159192800521851e-02 -2.554041147232055664e-01 3.350900113582611084e-01 3.697838187217712402e-01 -6.930164247751235962e-02 -3.694375753402709961e-01 -1.958341002464294434e-01 2.330725044012069702e-01 -4.338957369327545166e-01 1.307779997587203979e-01 -2.791549563407897949e-01 1.053660437464714050e-01 1.796414703130722046e-02 4.571289122104644775e-01 -3.261147812008857727e-02 -3.903749883174896240e-01 1.021622642874717712e-01 1.276372820138931274e-01 -1.505172848701477051e-01 -1.337636858224868774e-01 -3.641918599605560303e-01 3.990846872329711914e-01 1.904613077640533447e-01 3.721107244491577148e-01 5.633351802825927734e-01 3.536952733993530273e-01 3.513581305742263794e-02 8.679660968482494354e-03 -1.573674380779266357e-03 2.493177652359008789e-01 3.814007043838500977e-01
-4.816545546054840088e-01 -3.293229937553405762e-01 -1.534138619899749756e-01 -4.717800915241241455e-01 -1.179670095443725586e-01 -9.284958243370056152e-03 3.663781881332397461e-01 -3.296940326690673828e-01 -6.049221158027648926e-01 2.574436366558074951e-01 -5.242246389389038086e-01 9.346874058246612549e-02 -3.833771944046020508e-01 -6.939877569675445557e-02 -1.135849729180335999e-01 1.578879728913307190e-02 1.337491422891616821e-01 1.205762475728988647e-02 -1.993967592716217041e-01 1.827935874462127686e-02 2.884204685688018799e-01 -9.353265911340713501e-02 -1.283386349678039551e-01 -5.035474896430969238e-04 3.174650669097900391e-01 -4.004756212234497070e-01 -2.458481937646865845e-01 -4.899974763393402100e-01 2.701743841171264648e-01 1.247742250561714172e-01 6.908885836601257324e-01 3.392935395240783691e-01 3.287693560123443604e-01 -6.629180908203125000e-02 -1.604764461517333984e-01 4.290372729301452637e-01 1.771884113550186157e-01 3.689299523830413818e-02 -2.462278902530670166e-01 -8.189251273870468140e-02 1.247408390045166016e-01 -3.256399929523468018e-01 2.560037374496459961e-01 -2.856622338294982910e-01 9.055957198143005371e-02 9.668953716754913330e-02 5.652186274528503418e-01 2.422433346509933472e-01 -5.105511546134948730e-01 2.083954811096191406e-01 1.029476374387741089e-01 -1.026396304368972778e-01 -1.387523412704467773e-01 -3.932291567325592041e-01 4.921922087669372559e-01 2.149690836668014526e-01 3.519492745399475098e-01 5.686640739440917969e-01 3.918071091175079346e-01 -8.496905863285064697e-02 3.358675166964530945e-04 -3.635211288928985596e-02 2.966842055320739746e-01 3.983794152736663818e-01
-5.233161449432373047e-01 -3.712805509567260742e-01 -4.588892459869384766e-01 -3.117341697216033936e-01 -1.157910972833633423e-01 8.626031130552291870e-02 2.727678418159484863e-01 -5.217701196670532227e-01 -6.396678090095520020e-01 2.995126247406005859e-01 -6.062557697296142578e-01 1.252098232507705688e-01 -3.600729107856750488e-01 -2.636015415191650391e-03 -2.234535515308380127e-01 -2.682472392916679382e-02 -6.443336606025695801e-02 1.929047703742980957e-01 -3.237273395061492920e-01 2.028707712888717651e-01 1.068115681409835815e-01 1.143489032983779907e-02 7.161910831928253174e-02 2.441284954547882080e-01 3.620606660842895508e-01 -3.683782517910003662e-01 -2.207052558660507202e-01 -4.802963733673095703e-01 1.380299925804138184e-01 2.873986363410949707e-01 5.267218947410583496e-01 3.922476172447204590e-01 2.859400808811187744e-01 4.361124336719512939e-02 -3.084809333086013794e-02 4.017361998558044434e-01 1.711314171552658081e-01 -2.819403409957885742e-01 -1.183777377009391785e-01 -2.532819807529449463e-01 3.503050804138183594e-01 -5.205737948417663574e-01 9.283891320228576660e-02 -3.106514215469360352e-01 1.292364895343780518e-01 -4.747799038887023926e-02 4.401204586029052734e-01 1.288865506649017334e-01 -4.492681324481964111e-01 -4.625098779797554016e-02 8.067251741886138916e-02 -1.843255311250686646e-01 1.510615050792694092e-01 -3.148889243602752686e-01 1.373954862356185913e-01 4.054359793663024902e-01 4.492169022560119629e-01 4.384014010429382324e-01 1.559380739927291870e-01 -7.885506004095077515e-02 -2.091344445943832397e-01 -4.147438704967498779e-02 9.774564951658248901e-02 3.645771145820617676e-01
-4.539914429187774658e-01 -3.770496249198913574e-01 2.800376415252685547e-01 -3.251132667064666748e-01 9.309823811054229736e-02 -4.476602375507354736e-02 3.157489001750946045e-02 -1.697455048561096191e-01 -4.148239791393280029e-01 4.361115097999572754e-01 -3.796191215515136719e-01 1.320265531539916992e-01 -3.028924167156219482e-01 3.574702441692352295e-01 -3.900406509637832642e-02 -3.123974800109863281e-01 5.109615325927734375e-01 1.885913312435150146e-01 1.793987303972244263e-02 1.694520264863967896e-01 3.575209677219390869e-01 -8.695232123136520386e-02 -4.590412378311157227e-01 -4.536235928535461426e-01 2.899490892887115479e-01 -6.462486386299133301e-01 -3.341958522796630859e-01 -5.066969245672225952e-02 -4.656284153461456299e-01 4.251499772071838379e-01 4.371719956398010254e-01 2.634513378143310547e-01 5.291885733604431152e-01 -2.067211270332336426e-02 -3.721448183059692383e-01 4.655975103378295898e-01 1.535185724496841431e-01 2.876316010951995850e-01 -3.527947366237640381e-01 2.702710926532745361e-01 -3.313730657100677490e-02 -2.199733108282089233e-01 2.391480654478073120e-01 -4.541684985160827637e-01 -1.140910461544990540e-01 2.320180982351303101e-01 4.331649243831634521e-01 -3.246914744377136230e-01 -4.377894997596740723e-01 2.016829848289489746e-01 2.955300807952880859e-01 -8.445584215223789215e-03 -2.696502506732940674e-01 -7.688061147928237915e-02 5.367031097412109375e-01 7.655326277017593384e-02 2.345871180295944214e-01 5.544610023498535156e-01 5.875763297080993652e-01 2.414763867855072021e-01 2.974692285060882568e-01 3.246668279170989990e-01 2.972355484962463379e-01 3.849386572837829590e-01
-5.950292348861694336e-01 -4.517481625080108643e-01 2.331953346729278564e-01 -1.810014694929122925e-01 1.834519356489181519e-01 9.270176291465759277e-02 4.991734027862548828e-02 -1.487891674041748047e-01 -4.301707446575164795e-01 2.123598009347915649e-01 -4.102320969104766846e-01 1.457894444465637207e-01 -2.892967164516448975e-01 1.989696323871612549e-01 -6.169614940881729126e-02 -2.966587543487548828e-01 4.313837587833404541e-01 1.710583269596099854e-01 -3.154927492141723633e-02 1.540177017450332642e-01 2.430649399757385254e-01 -2.253429889678955078e-01 -5.574717521667480469e-01 -5.154234766960144043e-01 6.450316309928894043e-02 -2.641606330871582031e-01 -3.105911314487457275e-01 1.955786347389221191e-02 -3.278546631336212158e-01 3.362079560756683350e-01 5.737580657005310059e-01 2.539620995521545410e-01 6.594759225845336914e-01 4.311125725507736206e-02 -2.944480180740356445e-01 3.108299374580383301e-01 4.237428307533264160e-02 4.345752298831939697e-02 -6.332665085792541504e-01 5.476281046867370605e-01 -2.575138211250305176e-01 -1.511244475841522217e-01 7.204476594924926758e-01 -3.798649311065673828e-01 -5.860205739736557007e-02 2.946619391441345215e-01 4.116619527339935303e-01 -7.809570431709289551e-02 -3.571808338165283203e-01 4.555808901786804199e-01 1.426817923784255981e-01 -7.230075448751449585e-02 -4.595167934894561768e-01 -1.552032530307769775e-01 3.991298079490661621e-01 2.548645436763763428e-02 1.746440231800079346e-01 4.104048609733581543e-01 7.126711606979370117e-01 1.010292395949363708e-01 3.699962794780731201e-01 3.143296837806701660e-01 4.573374390602111816e-01 2.128592580556869507e-01
-7.166796922683715820e-01 -4.669065475463867188e-01 1.052474454045295715e-01 -2.337584197521209717e-01 1.861592680215835571e-01 1.951978206634521484e-01 1.057069748640060425e-01 -2.271446883678436279e-01 -5.435006022453308105e-01 2.490558028221130371e-01 -3.798007965087890625e-01 1.607491225004196167e-01 -4.332718551158905029e-01 8.496425300836563110e-02 -2.238044142723083496e-02 -3.007047176361083984e-01 2.958092093467712402e-01 1.033011749386787415e-01 -2.304793894290924072e-02 7.252170145511627197e-02 1.390473246574401855e-01 -3.994808197021484375e-01 -3.295898437500000000e-01 -3.253002166748046875e-01 -8.258979767560958862e-02 -4.390602409839630127e-01 -3.911533057689666748e-01 1.266719400882720947e-01 -2.860564887523651123e-01 2.304194271564483643e-01 5.150218009948730469e-01 7.522641122341156006e-02 6.054192185401916504e-01 2.585162222385406494e-02 -1.540350764989852905e-01 3.660072684288024902e-01 1.764055937528610229e-01 -9.953244775533676147e-02 -6.111975908279418945e-01 4.137358963489532471e-01 -2.086704373359680176e-01 -2.104687243700027466e-01 6.422955393791198730e-01 -1.417601555585861206e-01 9.719483554363250732e-02 7.992620766162872314e-02 3.376560211181640625e-01 -2.707357406616210938e-01 -5.123376846313476562e-01 3.674493432044982910e-01 2.895101904869079590e-01 7.340272516012191772e-02 -3.996967971324920654e-01 -2.914970815181732178e-01 4.799843430519104004e-01 -8.325722068548202515e-02 3.515355288982391357e-01 5.849817395210266113e-01 5.007500648498535156e-01 3.065291941165924072e-01 6.781874597072601318e-02 2.968035936355590820e-01 5.157458186149597168e-01 5.020087957382202148e-02
-6.265897154808044434e-01 -2.097619771957397461e-01 -8.494497090578079224e-02 -4.442057013511657715e-01 2.742846310138702393e-02 -5.427300930023193359e-02 2.921918034553527832e-01 -3.900361061096191406e-01 -6.384125947952270508e-01 3.774305582046508789e-01 -5.801018476486206055e-01 2.579897046089172363e-01 -3.904833197593688965e-01 1.493411064147949219e-01 -1.087196245789527893e-01 1.601227000355720520e-02 1.827510446310043335e-01 1.565574705600738525e-01 -2.342454195022583008e-01 3.483233600854873657e-02 1.720486879348754883e-01 -7.010315358638763428e-02 -1.597461998462677002e-01 5.231492966413497925e-02 3.671432137489318848e-01 -3.917873501777648926e-01 -1.614315360784530640e-01 -4.548551440238952637e-01 2.023958116769790649e-01 2.874954044818878174e-01 5.956451296806335449e-01 3.614193201065063477e-01 4.521104097366333008e-01 -5.515239387750625610e-02 -2.272517234086990356e-01 5.257042050361633301e-01 2.991744279861450195e-01 -2.139398455619812012e-02 -4.192651808261871338e-01 -1.152830347418785095e-01 1.646948307752609253e-01 -4.317356348037719727e-01 9.933000802993774414e-02 -2.989445924758911133e-01 1.627048403024673462e-01 2.517772465944290161e-02 6.357069611549377441e-01 1.173049807548522949e-01 -4.490467607975006104e-01 9.030964225530624390e-02 2.546763420104980469e-01 -3.111769556999206543e-01 -3.675655424594879150e-01 -4.096864461898803711e-01 2.185629457235336304e-01 2.317116260528564453e-01 3.046558499336242676e-01 5.520475506782531738e-01 2.997949719429016113e-01 -3.025933355093002319e-02 8.349196612834930420e-02 -1.599179804325103760e-01 1.381291002035140991e-01 3.384854495525360107e-01
-6.290068030357360840e-01 -4.193097352981567383e-01 -2.808243334293365479e-01 -6.769993901252746582e-01 -2.080470919609069824e-01 4.072349146008491516e-02 1.530128121376037598e-01 -4.111056327819824219e-01 -4.964818954467773438e-01 2.464269101619720459e-01 -4.996505081653594971e-01 2.586876749992370605e-01 -1.689323186874389648e-01 7.648009806871414185e-02 1.012410372495651245e-01 -2.518972381949424744e-02 1.381852924823760986e-01 -3.260230720043182373e-01 -1.599295437335968018e-02 1.645709872245788574e-01 1.207346767187118530e-01 -3.264412581920623779e-01 -6.815491616725921631e-02 2.375955134630203247e-02 2.475385665893554688e-01 -5.069655776023864746e-01 -1.978081464767456055e-01 -1.808895915746688843e-01 2.245040982961654663e-01 -1.742302775382995605e-01 6.033447384834289551e-01 2.907166182994842529e-01 4.422115087509155273e-01 1.309338510036468506e-01 -2.996034026145935059e-01 6.919142603874206543e-01 -2.827291488647460938e-01 -9.333816915750503540e-02 -1.465169638395309448e-01 6.569535285234451294e-02 -1.448939554393291473e-02 -2.891333401203155518e-01 4.850825667381286621e-01 -4.151055216789245605e-02 3.985212743282318115e-01 1.234799921512603760e-01 5.758013725280761719e-01 2.376686781644821167e-02 -8.010110855102539062e-01 3.043421208858489990e-01 1.333906203508377075e-01 -8.939185738563537598e-02 6.946223974227905273e-02 -3.690407425165176392e-02 1.361142843961715698e-01 9.876181185245513916e-02 6.964094042778015137e-01 6.820868849754333496e-01 1.343496739864349365e-01 -2.333232760429382324e-02 -5.628787726163864136e-02 4.603295028209686279e-02 2.537308931350708008e-01 1.363073289394378662e-01
-6.251563429832458496e-01 -2.106277644634246826e-01 -1.006788387894630432e-01 -5.396187305450439453e-01 -6.129509583115577698e-02 -9.440825879573822021e-02 2.023353874683380127e-01 -3.981443643569946289e-01 -4.778261184692382812e-01 4.270444512367248535e-01 -5.454941987991333008e-01 2.115044891834259033e-01 -2.745753228664398193e-01 1.482506394386291504e-01 -1.092292293906211853e-01 6.799764931201934814e-02 2.078461945056915283e-01 -3.202732652425765991e-02 -1.459755599498748779e-01 -1.746394112706184387e-02 2.705279290676116943e-01 -1.460861265659332275e-01 -2.621204853057861328e-01 1.828446239233016968e-02 4.091918468475341797e-01 -4.958462119102478027e-01 -1.650511771440505981e-01 -3.856492638587951660e-01 1.941467970609664917e-01 1.740992069244384766e-01 5.795849561691284180e-01 2.472501397132873535e-01 3.302969038486480713e-01 -6.827488541603088379e-02 -3.892320394515991211e-01 5.716277956962585449e-01 1.275543123483657837e-01 5.439921841025352478e-02 -2.846043407917022705e-01 -5.084528028964996338e-02 1.674869954586029053e-01 -3.172025382518768311e-01 1.752274483442306519e-01 -1.860273629426956177e-01 2.091004401445388794e-01 1.156761497259140015e-01 6.607630848884582520e-01 9.117509424686431885e-02 -6.261672973632812500e-01 1.592131853103637695e-01 1.686599999666213989e-01 -1.636403799057006836e-01 -1.675546020269393921e-01 -3.226821124553680420e-01 3.626177906990051270e-01 1.232425197958946228e-01 3.713722825050354004e-01 5.986298918724060059e-01 2.982568144798278809e-01 -6.127860024571418762e-02 7.507057487964630127e-02 -7.264538109302520752e-02 2.477048933506011963e-01 2.677874565124511719e-01
-5.262026190757751465e-01 -5.210058093070983887e-01 5.706989020109176636e-02 -3.131477832794189453e-01 2.325477153062820435e-01 2.965662479400634766e-01 1.579429954290390015e-01 -7.202088832855224609e-02 -5.816977024078369141e-01 2.035779058933258057e-01 -3.744984865188598633e-01 5.388964712619781494e-02 -3.343818187713623047e-01 -9.538508951663970947e-03 -8.933470398187637329e-02 -4.459851682186126709e-01 3.729911446571350098e-01 -4.514256119728088379e-02 1.280918121337890625e-01 1.211285516619682312e-01 3.242129683494567871e-01 -1.864912509918212891e-01 -3.534908890724182129e-01 -2.643946409225463867e-01 -3.903239220380783081e-02 -2.784479856491088867e-01 -4.767079353332519531e-01 1.530472040176391602e-01 -3.541580140590667725e-01 -4.568691551685333252e-02 4.450053572654724121e-01 1.291080713272094727e-01 5.574638843536376953e-01 1.640755534172058105e-01 -1.657245308160781860e-01 3.575447201728820801e-01 1.990635842084884644e-01 -9.108605235815048218e-02 -3.996365666389465332e-01 4.121357202529907227e-01 -2.706989645957946777e-01 -1.918866187334060669e-01 5.478445291519165039e-01 -6.689770519733428955e-02 -5.147818475961685181e-02 1.835701018571853638e-01 3.173023462295532227e-01 -2.199598550796508789e-01 -5.025269985198974609e-01 2.759119868278503418e-01 2.230529040098190308e-01 3.273390978574752808e-02 -4.632207453250885010e-01 -3.986274600028991699e-01 5.011153817176818848e-01 -2.772950381040573120e-02 1.747926473617553711e-01 5.188556909561157227e-01 5.715091228485107422e-01 2.483954727649688721e-01 8.413413912057876587e-02 3.598490059375762939e-01 4.067420959472656250e-01 -6.688481569290161133e-02
-6.032740473747253418e-01 -3.192574977874755859e-01 2.908261120319366455e-01 -2.845970392227172852e-01 2.008043974637985229e-01 6.820163875818252563e-02 -5.437383055686950684e-02 -9.844614565372467041e-02 -5.812933444976806641e-01 5.238398909568786621e-01 -3.806012868881225586e-01 6.203052029013633728e-02 -1.762640625238418579e-01 2.219299077987670898e-01 -1.588577032089233398e-01 -2.111376672983169556e-01 3.624977469444274902e-01 5.227051675319671631e-02 8.441561460494995117e-02 2.381306514143943787e-02 3.606716692447662354e-01 -1.669845581054687500e-01 -5.109423398971557617e-01 -4.404731988906860352e-01 3.307043015956878662e-01 -3.737684190273284912e-01 -3.981119692325592041e-01 -1.031746417284011841e-01 -3.875293433666229248e-01 2.899426519870758057e-01 5.028734803199768066e-01 1.323773413896560669e-01 6.131674647331237793e-01 -6.407856196165084839e-02 -3.316872715950012207e-01 4.743481278419494629e-01 1.438802629709243774e-01 2.307535707950592041e-01 -3.735450208187103271e-01 3.424469828605651855e-01 -2.903489172458648682e-01 -1.287944465875625610e-01 4.006810784339904785e-01 -3.975526690483093262e-01 -1.002469286322593689e-01 1.667260378599166870e-01 4.844903349876403809e-01 -4.060500264167785645e-01 -4.741598367691040039e-01 2.358281314373016357e-01 2.507423758506774902e-01 -1.498967707157135010e-01 -3.259377181529998779e-01 -2.319164276123046875e-01 5.417655110359191895e-01 -6.422350555658340454e-02 3.682864084839820862e-02 3.928799629211425781e-01 5.214365720748901367e-01 2.225224971771240234e-01 3.660371899604797363e-01 2.609365582466125488e-01 3.815681636333465576e-01 1.158210113644599915e-01
-5.376025438308715820e-01 -3.323009908199310303e-01 3.440422415733337402e-01 -4.061598479747772217e-01 1.812264174222946167e-01 3.156890273094177246e-01 2.456635683774948120e-01 -3.942218795418739319e-02 -6.759473681449890137e-01 4.255852699279785156e-01 -4.216170608997344971e-01 -2.157732844352722168e-03 -3.125649094581604004e-01 -4.715847969055175781e-02 -1.147375628352165222e-01 -2.141519486904144287e-01 3.940314650535583496e-01 8.658606559038162231e-02 -6.226423382759094238e-02 -4.882397875189781189e-02 2.515254616737365723e-01 -1.264204978942871094e-01 -2.142536342144012451e-01 -2.395231723785400391e-01 -1.251386851072311401e-01 -3.295648992061614990e-01 -4.357639551162719727e-01 -1.119419261813163757e-01 -3.705219179391860962e-02 8.947139233350753784e-02 5.286695361137390137e-01 2.332587540149688721e-01 4.638713598251342773e-01 8.661158382892608643e-02 -2.028504461050033569e-01 2.895012795925140381e-01 2.475918382406234741e-01 2.019347846508026123e-01 -3.857540786266326904e-01 4.054679274559020996e-01 -3.661525845527648926e-01 -1.559598650783300400e-02 3.436371684074401855e-01 -3.343083262443542480e-01 -4.881709814071655273e-02 2.162534147500991821e-01 5.000799894332885742e-01 -2.123015671968460083e-01 -4.929893314838409424e-01 3.541930913925170898e-01 3.342264294624328613e-01 5.645120888948440552e-02 -6.838034987449645996e-01 -3.807392418384552002e-01 6.967228055000305176e-01 -1.403805017471313477e-01 1.333856210112571716e-02 4.114781022071838379e-01 7.892317771911621094e-01 2.754591405391693115e-01 7.121459394693374634e-02 1.620101034641265869e-01 4.008350968360900879e-01 6.093867868185043335e-02
-7.016089558601379395e-01 -1.824557185173034668e-01 -3.125181049108505249e-02 -5.431927442550659180e-01 -5.246534198522567749e-02 -1.577865481376647949e-01 9.144531190395355225e-02 -4.458050429821014404e-01 -4.401724636554718018e-01 5.422417521476745605e-01 -5.075696706771850586e-01 2.879949212074279785e-01 -1.463529467582702637e-01 4.200958013534545898e-01 -9.549964219331741333e-02 9.557946026325225830e-02 3.497879207134246826e-01 9.158462285995483398e-03 -1.503256559371948242e-01 6.378923356533050537e-02 3.257101476192474365e-01 -7.411714643239974976e-02 -3.667778968811035156e-01 -1.163756102323532104e-02 5.641816854476928711e-01 -5.444066524505615234e-01 -1.586159914731979370e-01 -3.559674322605133057e-01 -1.445915699005126953e-01 3.431105017662048340e-01 3.978312313556671143e-01 2.567615509033203125e-01 5.111306309700012207e-01 -2.910876646637916565e-02 -5.318450927734375000e-01 6.935834288597106934e-01 1.940300911664962769e-01 3.725320473313331604e-02 -3.469730317592620850e-01 -1.012349352240562439e-01 2.284987270832061768e-01 -3.617016971111297607e-01 3.834361582994461060e-02 -2.069873958826065063e-01 2.713257074356079102e-01 9.138830006122589111e-03 6.922442913055419922e-01 -1.979355514049530029e-01 -5.246866941452026367e-01 -4.330053180456161499e-02 1.266279816627502441e-01 -2.504967153072357178e-01 -1.034679859876632690e-01 -2.557220757007598877e-01 1.670996397733688354e-01 1.475887894630432129e-01 3.535470068454742432e-01 5.164183378219604492e-01 2.570942342281341553e-01 -6.444387137889862061e-02 1.818269193172454834e-01 8.494922518730163574e-02 2.224076688289642334e-01 2.872190475463867188e-01
-5.512402057647705078e-01 -2.664224505424499512e-01 -2.691488862037658691e-01 -4.124351143836975098e-01 1.801485568284988403e-02 -9.211473166942596436e-03 2.557024359703063965e-01 -4.276143610477447510e-01 -4.720014929771423340e-01 3.049653768539428711e-01 -5.146341323852539062e-01 1.309228539466857910e-01 -3.043553531169891357e-01 5.897168070077896118e-02 -1.681019663810729980e-01 9.032222442328929901e-03 1.966475546360015869e-01 6.190934777259826660e-02 -2.616482377052307129e-01 1.573791056871414185e-01 1.888889819383621216e-01 -1.326652169227600098e-01 -1.892644017934799194e-01 2.613365650177001953e-04 3.289762735366821289e-01 -3.629181683063507080e-01 -2.446805685758590698e-01 -3.437781035900115967e-01 7.882032543420791626e-02 1.593417376279830933e-01 5.709584355354309082e-01 1.910442560911178589e-01 3.248260915279388428e-01 -1.459942758083343506e-02 -2.113678008317947388e-01 3.923563957214355469e-01 2.286214679479598999e-01 -1.305810958147048950e-01 -3.731765449047088623e-01 -3.006372600793838501e-02 2.231482416391372681e-01 -3.593908846378326416e-01 3.115547299385070801e-01 -1.632657796144485474e-01 1.083449646830558777e-01 4.810148477554321289e-02 4.080629944801330566e-01 9.580449759960174561e-02 -5.182468295097351074e-01 8.833571523427963257e-02 -4.630191624164581299e-02 -2.680554240942001343e-02 -7.439970970153808594e-02 -4.495253562927246094e-01 3.786164522171020508e-01 2.565018236637115479e-01 3.733827769756317139e-01 4.797960519790649414e-01 3.618396818637847900e-01 -5.099974200129508972e-02 -6.165203079581260681e-02 4.128377139568328857e-02 3.169298768043518066e-01 2.507535517215728760e-01
-5.741995573043823242e-01 -3.922986984252929688e-01 -2.670081704854965210e-02 -4.424058496952056885e-01 7.658749818801879883e-02 -3.774022310972213745e-02 2.511062622070312500e-01 -3.295569121837615967e-01 -6.123003959655761719e-01 3.156430125236511230e-01 -5.348062515258789062e-01 2.405718415975570679e-01 -3.766029477119445801e-01 7.380194216966629028e-02 -6.111440807580947876e-02 -2.992568537592887878e-02 2.283335924148559570e-01 6.845484673976898193e-02 -1.038932800292968750e-01 8.792829513549804688e-02 2.378037571907043457e-01 -2.282856702804565430e-01 -2.836528420448303223e-01 -9.285777062177658081e-02 2.495866417884826660e-01 -4.413573145866394043e-01 -2.412469983100891113e-01 -3.148237764835357666e-01 9.568639844655990601e-02 1.723810136318206787e-01 6.763350367546081543e-01 3.068115115165710449e-01 4.591457843780517578e-01 -1.223460584878921509e-02 -2.999243140220642090e-01 5.460684895515441895e-01 1.810313612222671509e-01 -2.302127331495285034e-02 -3.988609611988067627e-01 3.229296952486038208e-02 1.846555620431900024e-02 -4.011171162128448486e-01 2.669235467910766602e-01 -2.035351842641830444e-01 1.990457922220230103e-01 1.990763098001480103e-02 5.617506504058837891e-01 1.019399464130401611e-01 -5.392242074012756348e-01 2.100391685962677002e-01 3.109295368194580078e-01 -2.178271859884262085e-01 -2.852194905281066895e-01 -3.347882330417633057e-01 2.708915472030639648e-01 7.589872181415557861e-02 4.044191837310791016e-01 5.907825231552124023e-01 2.902685999870300293e-01 3.785174340009689331e-02 1.394180059432983398e-01 3.477036952972412109e-04 3.032991588115692139e-01 2.513853907585144043e-01
-5.907674431800842285e-01 -3.345453739166259766e-01 1.441347897052764893e-01 -2.368772774934768677e-01 2.372443228960037231e-01 1.140510663390159607e-01 1.435276269912719727e-01 -2.842924296855926514e-01 -7.769864201545715332e-01 2.996991574764251709e-01 -4.684800207614898682e-01 1.331578195095062256e-02 -3.462879955768585205e-01 3.928891569375991821e-02 -1.909211874008178711e-01 -1.559626609086990356e-01 1.391297578811645508e-01 1.515427529811859131e-01 -8.546675741672515869e-02 7.227522879838943481e-02 2.657673954963684082e-01 -2.544018030166625977e-01 -2.187342494726181030e-01 -1.705878376960754395e-01 8.712545782327651978e-02 -3.583005070686340332e-01 -4.059176146984100342e-01 -2.306739985942840576e-01 -2.147365361452102661e-03 1.736985445022583008e-01 6.795096993446350098e-01 2.030331194400787354e-01 5.281844735145568848e-01 7.080344855785369873e-02 -2.240451127290725708e-01 2.251985967159271240e-01 1.998801380395889282e-01 2.326614782214164734e-02 -4.500678181648254395e-01 1.665804386138916016e-01 -2.447596937417984009e-01 -3.007804751396179199e-01 3.882910609245300293e-01 -3.450118303298950195e-01 1.419319212436676025e-02 -4.538729786872863770e-03 4.283291995525360107e-01 -6.183282285928726196e-02 -5.174028873443603516e-01 4.239636361598968506e-01 3.015552163124084473e-01 -4.056567698717117310e-02 -3.825066983699798584e-01 -3.778188526630401611e-01 4.985059499740600586e-01 -5.610161274671554565e-02 1.003345400094985962e-01 4.045052528381347656e-01 4.999314546585083008e-01 1.003847494721412659e-01 1.192878559231758118e-01 9.353244304656982422e-02 3.654716908931732178e-01 1.047430485486984253e-01
-4.996897280216217041e-01 -4.556998014450073242e-01 -2.227341830730438232e-01 -6.437292695045471191e-01 -2.760334908962249756e-01 7.744361460208892822e-02 3.818684220314025879e-01 -3.435044884681701660e-01 -6.735854148864746094e-01 1.768734753131866455e-01 -4.857510030269622803e-01 1.616843938827514648e-01 -2.745409607887268066e-01 9.050146490335464478e-02 -6.232634931802749634e-02 -2.819184586405754089e-02 1.474546641111373901e-01 2.847991883754730225e-02 -1.342949569225311279e-01 1.958093792200088501e-01 2.378977537155151367e-01 -1.986403763294219971e-01 1.103149354457855225e-02 1.312080919742584229e-01 2.012448161840438843e-01 -4.220065176486968994e-01 -3.554348349571228027e-01 -3.554306030273437500e-01 1.577179133892059326e-01 2.604260295629501343e-02 6.118974685668945312e-01 4.480690360069274902e-01 4.051358699798583984e-01 2.240609824657440186e-01 -3.137844204902648926e-01 4.363748431205749512e-01 9.134396910667419434e-02 -1.231962889432907104e-01 -4.524324834346771240e-02 -7.455028593540191650e-02 7.719747722148895264e-02 -4.528975188732147217e-01 2.379271835088729858e-01 -2.159549146890640259e-01 3.676637709140777588e-01 -1.398638635873794556e-02 5.113036036491394043e-01 2.624253630638122559e-01 -5.410478115081787109e-01 1.942986249923706055e-01 1.644209474325180054e-01 -2.056457549333572388e-01 -1.900212094187736511e-02 -1.539395749568939209e-01 1.977437585592269897e-01 1.443197429180145264e-01 5.232924222946166992e-01 6.824051141738891602e-01 2.693771421909332275e-01 -3.135802596807479858e-02 -1.265837103128433228e-01 7.627025246620178223e-03 3.468268811702728271e-01 3.700993955135345459e-01
-4.265438020229339600e-01 -3.752592802047729492e-01 2.353079020977020264e-01 -1.597066372632980347e-01 2.575367689132690430e-01 9.932146966457366943e-02 2.944229245185852051e-01 -4.462099075317382812e-02 -6.740856170654296875e-01 2.095369696617126465e-01 -3.564614951610565186e-01 9.574279189109802246e-03 -5.793828368186950684e-01 -5.738116800785064697e-03 -1.318095922470092773e-01 -2.799167335033416748e-01 4.741299450397491455e-01 1.906157135963439941e-01 -1.394568681716918945e-01 4.808133095502853394e-02 2.738985717296600342e-01 -2.410048246383666992e-01 -1.117463260889053345e-01 -4.654756784439086914e-01 -3.776856511831283569e-02 -3.584800362586975098e-01 -4.546431303024291992e-01 -1.107873246073722839e-01 3.890319913625717163e-02 2.480140924453735352e-01 6.558468937873840332e-01 1.686799824237823486e-01 5.253899693489074707e-01 -1.440423429012298584e-01 -2.157817035913467407e-02 1.303783655166625977e-01 2.422459870576858521e-01 1.668795198202133179e-01 -7.295686602592468262e-01 2.926004528999328613e-01 -2.661029696464538574e-01 -9.296201169490814209e-02 3.837847113609313965e-01 -4.301367402076721191e-01 -1.370882093906402588e-01 1.787958294153213501e-01 2.586263716220855713e-01 -2.673225998878479004e-01 -3.589490950107574463e-01 4.921775460243225098e-01 2.772398591041564941e-01 2.181947976350784302e-02 -6.233987212181091309e-01 -3.173863589763641357e-01 7.738369107246398926e-01 -2.972317487001419067e-02 2.006202489137649536e-01 5.453740954399108887e-01 7.007486224174499512e-01 3.204585611820220947e-01 9.630322456359863281e-02 1.047837883234024048e-01 3.478140234947204590e-01 3.219978213310241699e-01
-5.988095402717590332e-01 -2.987889349460601807e-01 2.153180837631225586e-01 -3.736084699630737305e-01 -3.032818436622619629e-03 -5.813594907522201538e-02 2.106533944606781006e-02 -2.933888435363769531e-01 -6.262068748474121094e-01 4.519293010234832764e-01 -3.583960831165313721e-01 5.748929083347320557e-02 -2.220331728458404541e-01 2.959644198417663574e-01 -1.433706581592559814e-01 -1.115067452192306519e-01 3.470712602138519287e-01 5.020739883184432983e-02 -1.038722544908523560e-01 -9.937323629856109619e-02 3.481672704219818115e-01 -5.958912894129753113e-03 -3.616253137588500977e-01 -2.747783064842224121e-01 4.191165864467620850e-01 -4.827682673931121826e-01 -2.838250696659088135e-01 -3.654844760894775391e-01 -8.720278739929199219e-02 4.657409191131591797e-01 5.265996456146240234e-01 2.821723222732543945e-01 4.477696120738983154e-01 1.455573737621307373e-02 -4.304207563400268555e-01 4.922751784324645996e-01 3.640523552894592285e-02 2.859496474266052246e-01 -2.999660670757293701e-01 1.703271269798278809e-01 5.998650565743446350e-03 -1.938764452934265137e-01 2.481610327959060669e-01 -4.636030197143554688e-01 2.402998879551887512e-02 2.453033179044723511e-01 6.413964033126831055e-01 -1.778448522090911865e-01 -5.159859061241149902e-01 2.055853903293609619e-01 1.536900848150253296e-01 -2.043912112712860107e-01 -3.083885312080383301e-01 -1.838294714689254761e-01 5.083713531494140625e-01 1.414227187633514404e-01 5.498864874243736267e-02 4.055481553077697754e-01 6.272746920585632324e-01 -8.309771865606307983e-02 3.586763739585876465e-01 1.872881054878234863e-01 1.707027852535247803e-01 3.971558511257171631e-01
-3.950379788875579834e-01 -3.932912349700927734e-01 -5.710744112730026245e-02 -3.113878965377807617e-01 1.092596948146820068e-01 6.321106106042861938e-03 3.790710568428039551e-01 -3.030023574829101562e-01 -6.686159372329711914e-01 2.323334515094757080e-01 -5.202920436859130859e-01 1.687306016683578491e-01 -6.046972274780273438e-01 1.144461706280708313e-01 -5.386079102754592896e-02 -9.060202538967132568e-02 3.673365414142608643e-01 2.925692200660705566e-01 -2.353293895721435547e-01 1.702675819396972656e-01 5.610965192317962646e-02 -9.873318672180175781e-02 -5.527520179748535156e-02 -4.587652534246444702e-02 2.220160365104675293e-01 -4.254885017871856689e-01 -3.560811579227447510e-01 -3.762256503105163574e-01 1.132280826568603516e-01 3.466185331344604492e-01 5.091134905815124512e-01 3.075035810470581055e-01 4.681678414344787598e-01 -2.596056461334228516e-02 -5.178605020046234131e-02 3.792864084243774414e-01 4.448487758636474609e-01 -9.221865981817245483e-02 -5.099447369575500488e-01 -1.349089741706848145e-01 2.018798589706420898e-01 -4.675448238849639893e-01 1.246383339166641235e-01 -3.265999555587768555e-01 6.946696341037750244e-02 1.100569218397140503e-02 5.042680501937866211e-01 3.367929160594940186e-02 -4.009028673171997070e-01 6.735929101705551147e-02 3.810104131698608398e-01 -2.947454452514648438e-01 -4.490284919738769531e-01 -3.246684670448303223e-01 2.883253097534179688e-01 2.773171067237854004e-01 3.822402060031890869e-01 6.247426867485046387e-01 1.934004276990890503e-01 1.060426607728004456e-01 5.087632313370704651e-02 -5.840498581528663635e-02 1.454033106565475464e-01 4.553864896297454834e-01
-4.141032993793487549e-01 -4.014536440372467041e-01 2.813302874565124512e-01 -6.800552606582641602e-01 8.136017620563507080e-02 5.823611468076705933e-02 3.387754559516906738e-01 -9.925535321235656738e-02 -5.967414975166320801e-01 1.765786707401275635e-01 -4.658912122249603271e-01 1.601385027170181274e-01 -2.055483311414718628e-01 1.354195475578308105e-01 -6.520690768957138062e-02 -3.028486669063568115e-01 5.800220966339111328e-01 8.684649318456649780e-02 -4.490569233894348145e-02 2.072861790657043457e-01 4.676429033279418945e-01 -1.242993846535682678e-01 -2.383256405591964722e-01 -1.713194847106933594e-01 5.342233926057815552e-02 -5.702462196350097656e-01 -4.478449523448944092e-01 -5.850926786661148071e-02 -1.005070209503173828e-01 3.678113967180252075e-02 4.032914936542510986e-01 3.663502931594848633e-01 5.993539094924926758e-01 1.281618922948837280e-01 -2.986020445823669434e-01 2.871521711349487305e-01 2.937594652175903320e-01 2.138911038637161255e-01 -3.515878915786743164e-01 2.691149413585662842e-01 -1.587926298379898071e-01 -1.994993388652801514e-01 2.020568102598190308e-01 -2.334926277399063110e-01 8.588922210037708282e-03 3.117663860321044922e-01 5.459691882133483887e-01 -7.688285410404205322e-02 -4.500927627086639404e-01 2.406271696090698242e-01 3.636420369148254395e-01 -7.720370590686798096e-02 -4.943596422672271729e-01 -3.032092452049255371e-01 7.190608382225036621e-01 -2.217554301023483276e-02 2.514638602733612061e-01 6.342655420303344727e-01 6.123676300048828125e-01 2.613325417041778564e-01 7.392513006925582886e-02 1.151729822158813477e-01 3.035428524017333984e-01 2.499442100524902344e-01
-4.807747304439544678e-01 -3.113702237606048584e-01 -9.196458011865615845e-02 -5.612579584121704102e-01 2.154421061277389526e-02 1.036155596375465393e-02 2.984813451766967773e-01 -3.513286709785461426e-01 -5.955051779747009277e-01 1.842312514781951904e-01 -5.369682312011718750e-01 2.584235072135925293e-01 -2.947534322738647461e-01 3.292810022830963135e-01 2.362750470638275146e-02 -2.056832760572433472e-01 3.215957880020141602e-01 2.114283740520477295e-01 -1.125849932432174683e-01 2.422697395086288452e-01 1.650646030902862549e-01 2.351126819849014282e-02 -7.416869699954986572e-02 8.014611899852752686e-02 3.500893115997314453e-01 -3.424518108367919922e-01 -2.609537839889526367e-01 -2.178193628787994385e-01 -8.343197405338287354e-03 1.806733608245849609e-01 4.426414966583251953e-01 3.908186554908752441e-01 5.533665418624877930e-01 3.702415525913238525e-02 -3.096185326576232910e-01 5.354347825050354004e-01 4.141998887062072754e-01 -2.340495288372039795e-01 -2.878184914588928223e-01 -7.754280418157577515e-02 2.694664597511291504e-01 -5.392991900444030762e-01 6.695322692394256592e-02 -2.676680088043212891e-01 1.830360144376754761e-01 2.307128161191940308e-02 6.274483799934387207e-01 1.436496973037719727e-01 -4.397385418415069580e-01 -7.435160130262374878e-02 3.104712367057800293e-01 -6.498003602027893066e-01 -3.252926468849182129e-01 -3.474074304103851318e-01 -1.889871060848236084e-02 3.378074467182159424e-01 4.833620190620422363e-01 6.397621631622314453e-01 -3.539226204156875610e-02 3.506333380937576294e-02 2.227237820625305176e-02 -1.564292013645172119e-01 7.064912468194961548e-02 2.717601954936981201e-01
-3.100137114524841309e-01 -4.533293247222900391e-01 4.674905538558959961e-01 -3.498442769050598145e-01 2.175848335027694702e-01 1.270103454589843750e-01 1.068712174892425537e-01 2.795897424221038818e-02 -6.316957473754882812e-01 3.767408430576324463e-01 -2.955611944198608398e-01 -1.266590803861618042e-01 -2.622658312320709229e-01 1.134728863835334778e-01 -1.671251058578491211e-01 -4.082842171192169189e-01 4.867409169673919678e-01 2.906346917152404785e-01 -5.079825222492218018e-02 5.491004511713981628e-02 4.677068591117858887e-01 1.167362183332443237e-02 -1.884737014770507812e-01 -3.728721737861633301e-01 -1.357831247150897980e-02 -5.672270655632019043e-01 -4.957818388938903809e-01 -9.900465607643127441e-03 -1.446533054113388062e-01 3.353269696235656738e-01 4.292460381984710693e-01 3.278902471065521240e-01 4.122858643531799316e-01 6.848050653934478760e-02 -9.935763478279113770e-02 -2.691268920898437500e-03 3.651506304740905762e-01 3.809836804866790771e-01 -1.833081543445587158e-01 3.237727880477905273e-01 -3.011262118816375732e-01 8.280523121356964111e-03 2.686231732368469238e-01 -4.780142307281494141e-01 -5.008969306945800781e-01 5.094151496887207031e-01 3.878587186336517334e-01 -1.851255595684051514e-01 -2.553122341632843018e-01 4.035333991050720215e-01 1.634563654661178589e-01 1.548030525445938110e-01 -4.243646860122680664e-01 -2.359747886657714844e-01 1.029753327369689941e+00 -5.353107303380966187e-02 -3.769816458225250244e-02 4.113769531250000000e-01 1.004211425781250000e+00 3.005807995796203613e-01 9.503117203712463379e-02 3.185937106609344482e-01 3.000552356243133545e-01 2.629964947700500488e-01
-5.422893166542053223e-01 -2.427273094654083252e-01 -3.340703248977661133e-01 -3.903034329414367676e-01 -1.759829670190811157e-01 1.159147173166275024e-01 3.794168829917907715e-01 -5.118723511695861816e-01 -6.499105095863342285e-01 3.903505802154541016e-01 -5.743618011474609375e-01 8.302915096282958984e-02 -3.098842799663543701e-01 -1.802611351013183594e-02 -1.800991892814636230e-01 2.646504715085029602e-02 2.975865826010704041e-02 2.191280424594879150e-01 -4.357423782348632812e-01 8.481719344854354858e-02 1.964993178844451904e-01 8.472712337970733643e-02 7.835745811462402344e-03 2.565974295139312744e-01 3.390595912933349609e-01 -3.122671544551849365e-01 -2.046461254358291626e-01 -5.628964900970458984e-01 2.331089824438095093e-01 2.678529322147369385e-01 5.766396522521972656e-01 3.931512832641601562e-01 2.915798723697662354e-01 -2.586534619331359863e-02 -1.167502254247665405e-01 3.127189278602600098e-01 2.523826360702514648e-01 -9.975938498973846436e-02 -1.722706258296966553e-01 -1.523131430149078369e-01 2.636672258377075195e-01 -4.394852817058563232e-01 5.007103830575942993e-02 -3.799422383308410645e-01 1.220082417130470276e-01 2.203968167304992676e-02 5.128996968269348145e-01 2.395082563161849976e-01 -3.817277848720550537e-01 3.684354573488235474e-02 7.302345335483551025e-02 -1.550041139125823975e-01 -7.871732115745544434e-02 -4.179503321647644043e-01 2.903405427932739258e-01 3.728977143764495850e-01 2.309627383947372437e-01 4.546084403991699219e-01 3.785722553730010986e-01 -1.522974520921707153e-01 -1.876588761806488037e-01 -1.105576753616333008e-01 1.569706350564956665e-01 4.196778535842895508e-01
-4.446270167827606201e-01 -2.600347697734832764e-01 -2.215404808521270752e-01 -4.737254083156585693e-01 -8.755170553922653198e-02 9.519273787736892700e-02 3.605154752731323242e-01 -4.385008811950683594e-01 -6.363017559051513672e-01 3.466970026493072510e-01 -6.670700311660766602e-01 1.702237874269485474e-01 -3.175142705440521240e-01 2.749504894018173218e-02 -4.943096637725830078e-02 4.832196049392223358e-03 2.571848332881927490e-01 2.399446070194244385e-01 -3.515301942825317383e-01 1.034551709890365601e-01 1.469900757074356079e-01 1.476304680109024048e-01 -4.657910764217376709e-02 1.612364202737808228e-01 3.028080463409423828e-01 -4.206273555755615234e-01 -2.883379459381103516e-01 -5.129010081291198730e-01 1.626925766468048096e-01 1.622751951217651367e-01 4.951440989971160889e-01 4.533160924911499023e-01 4.164237678050994873e-01 4.036277532577514648e-03 -1.800349503755569458e-01 3.890467286109924316e-01 3.055005669593811035e-01 -8.110364526510238647e-02 -2.148310840129852295e-01 -1.630444824695587158e-01 2.424254715442657471e-01 -4.461934268474578857e-01 -7.233656197786331177e-02 -3.826547265052795410e-01 1.203600838780403137e-01 1.155091524124145508e-01 6.087377071380615234e-01 1.712793856859207153e-01 -4.272318184375762939e-01 -2.969212830066680908e-03 2.178156822919845581e-01 -2.932195067405700684e-01 -2.905881106853485107e-01 -3.587676584720611572e-01 2.747197747230529785e-01 3.779553472995758057e-01 3.224267065525054932e-01 5.133536458015441895e-01 2.330632209777832031e-01 -8.062907308340072632e-02 -1.419342756271362305e-01 -1.499996483325958252e-01 9.769675880670547485e-02 3.742901682853698730e-01
-4.212139546871185303e-01 -3.269869387149810791e-01 -3.395940661430358887e-01 -5.961317420005798340e-01 -3.387051820755004883e-01 -4.335112124681472778e-02 3.788719773292541504e-01 -4.447841048240661621e-01 -5.267624855041503906e-01 1.899485439062118530e-01 -6.293448209762573242e-01 2.223081886768341064e-01 -3.824040889739990234e-01 1.854720711708068848e-01 -7.534525543451309204e-02 -3.890002891421318054e-02 1.503445059061050415e-01 2.946625053882598877e-01 -2.428399324417114258e-01 2.093612253665924072e-01 2.305585443973541260e-01 2.389756403863430023e-02 2.337414026260375977e-02 3.174244761466979980e-01 2.739135622978210449e-01 -3.368666470050811768e-01 -1.860448867082595825e-01 -3.611224889755249023e-01 2.098098695278167725e-01 2.582377195358276367e-01 4.547275304794311523e-01 4.141042530536651611e-01 3.234909772872924805e-01 1.480009406805038452e-02 -2.002888470888137817e-01 5.033032894134521484e-01 2.598093748092651367e-01 -2.505510151386260986e-01 -1.205326393246650696e-01 -2.716877758502960205e-01 3.318968713283538818e-01 -5.778456926345825195e-01 -2.352584153413772583e-02 -2.850367426872253418e-01 2.698434591293334961e-01 -4.712026193737983704e-02 5.680321455001831055e-01 3.134652376174926758e-01 -4.384613931179046631e-01 -4.202965646982192993e-02 1.615235060453414917e-01 -4.997048377990722656e-01 -1.601281315088272095e-01 -1.957631707191467285e-01 7.649931311607360840e-02 4.545989632606506348e-01 4.275926053524017334e-01 6.482934951782226562e-01 -1.488458365201950073e-02 -1.184269785881042480e-03 -6.518673896789550781e-02 -2.394294440746307373e-01 1.795007288455963135e-01 4.937280416488647461e-01
-6.928555369377136230e-01 -2.966796755790710449e-01 -2.786570042371749878e-02 -5.217909216880798340e-01 1.871924847364425659e-01 1.138658300042152405e-01 1.530165374279022217e-01 -3.440356850624084473e-01 -6.405285596847534180e-01 1.442436873912811279e-01 -5.090931057929992676e-01 1.742012649774551392e-01 -4.317214488983154297e-01 2.969431281089782715e-01 1.383989304304122925e-02 -1.297030895948410034e-01 2.638475894927978516e-01 1.630445569753646851e-02 -1.840643584728240967e-02 2.129973322153091431e-01 -8.377466350793838501e-02 -3.821463584899902344e-01 -3.869834542274475098e-02 1.944989264011383057e-01 -2.321415580809116364e-02 -5.139226913452148438e-01 -3.230683505535125732e-01 -1.612534373998641968e-02 1.727190315723419189e-01 1.464612782001495361e-03 4.622279703617095947e-01 2.125039398670196533e-01 4.722445309162139893e-01 2.006260156631469727e-01 -2.975901961326599121e-01 3.329338133335113525e-01 3.199911117553710938e-01 -3.222235441207885742e-01 -4.141972959041595459e-01 -7.596090435981750488e-03 1.150817722082138062e-01 -4.936123192310333252e-01 4.261479973793029785e-01 -5.089744925498962402e-03 2.311927229166030884e-01 4.347711056470870972e-02 5.548558235168457031e-01 1.331645101308822632e-01 -6.318933963775634766e-01 2.845626175403594971e-01 5.198280811309814453e-01 -2.883358895778656006e-01 -4.378012716770172119e-01 -2.243988811969757080e-01 3.539919853210449219e-02 5.780994892120361328e-03 5.518612265586853027e-01 7.087013125419616699e-01 5.007425695657730103e-02 1.537095606327056885e-01 -8.093644864857196808e-03 -1.292098760604858398e-01 2.396256029605865479e-01 -6.025223433971405029e-02
-4.452533423900604248e-01 -2.557178139686584473e-01 -2.139795422554016113e-01 -4.908667504787445068e-01 -8.099861443042755127e-03 2.623427659273147583e-03 2.501175999641418457e-01 -4.702934026718139648e-01 -5.921890735626220703e-01 4.505047202110290527e-01 -5.941396951675415039e-01 2.896751761436462402e-01 -2.590934932231903076e-01 3.192642331123352051e-01 2.796585112810134888e-02 -9.569915384054183960e-02 3.859745562076568604e-01 2.095741629600524902e-01 -3.167928457260131836e-01 2.310158163309097290e-01 9.385430067777633667e-02 7.187978923320770264e-02 -1.163839846849441528e-01 6.285326927900314331e-02 4.905510544776916504e-01 -5.380708575248718262e-01 -2.844130992889404297e-01 -4.019138514995574951e-01 -1.861910521984100342e-02 2.029175758361816406e-01 4.794106185436248779e-01 4.668262600898742676e-01 4.857171177864074707e-01 1.877387613058090210e-02 -3.702367544174194336e-01 4.694752693176269531e-01 3.231230974197387695e-01 -6.564804911613464355e-02 -2.181180417537689209e-01 -1.109780594706535339e-01 3.515557050704956055e-01 -4.509522616863250732e-01 -3.758591413497924805e-02 -3.401322960853576660e-01 1.999950557947158813e-01 1.815355718135833740e-01 6.113677620887756348e-01 4.759316146373748779e-02 -4.203493595123291016e-01 1.182913780212402344e-03 2.445382624864578247e-01 -3.184913694858551025e-01 -1.227635294198989868e-01 -2.566723227500915527e-01 1.361932456493377686e-01 3.858126699924468994e-01 4.575109481811523438e-01 5.840003490447998047e-01 2.047912031412124634e-01 -8.828216791152954102e-02 -1.085397228598594666e-01 -4.735393822193145752e-02 1.888905465602874756e-02 3.520175814628601074e-01
-6.707734465599060059e-01 -4.735684990882873535e-01 1.505026519298553467e-01 -4.983157813549041748e-01 -9.123605489730834961e-02 1.149524524807929993e-01 1.075845211744308472e-01 -2.354118525981903076e-01 -5.944158434867858887e-01 5.314715504646301270e-01 -4.028948843479156494e-01 1.418929845094680786e-01 -1.642587482929229736e-01 7.868003100156784058e-02 -9.963146597146987915e-02 -1.804834902286529541e-01 2.218069285154342651e-01 -6.802195310592651367e-02 3.238617628812789917e-02 -7.048229128122329712e-02 4.060501456260681152e-01 -9.170447289943695068e-02 -4.142943620681762695e-01 -1.726397573947906494e-01 2.213266491889953613e-01 -5.424095392227172852e-01 -3.197510838508605957e-01 -1.878570914268493652e-01 -2.202125191688537598e-01 2.787404060363769531e-01 4.535869359970092773e-01 2.382990121841430664e-01 3.956015706062316895e-01 5.202774703502655029e-02 -3.425982594490051270e-01 6.043674349784851074e-01 3.621352463960647583e-02 2.358628809452056885e-01 -1.120560169219970703e-01 2.261904478073120117e-01 -1.109415814280509949e-01 -1.663666814565658569e-01 2.989267110824584961e-01 -2.437614351511001587e-01 1.035787612199783325e-01 1.358802914619445801e-01 6.192999482154846191e-01 -2.270814925432205200e-01 -6.649793386459350586e-01 8.215799182653427124e-02 2.330458909273147583e-01 2.869736403226852417e-02 -1.926421672105789185e-01 -2.530174553394317627e-01 5.086222290992736816e-01 -2.209926396608352661e-02 2.053676992654800415e-01 4.578319191932678223e-01 6.231071352958679199e-01 7.990083843469619751e-02 1.861209869384765625e-01 3.376333415508270264e-01 3.664682507514953613e-01 1.802645921707153320e-01
-5.395324826240539551e-01 -3.623304069042205811e-01 -1.814420223236083984e-01 -4.812982380390167236e-01 -1.923566162586212158e-01 4.513856023550033569e-02 3.629593253135681152e-01 -2.791879177093505859e-01 -6.040081977844238281e-01 2.119307667016983032e-01 -5.320928692817687988e-01 1.115911751985549927e-01 -4.364347159862518311e-01 -8.326550573110580444e-02 -1.464454531669616699e-01 -1.838576421141624451e-02 9.793964773416519165e-02 -6.968854367733001709e-02 -1.030558645725250244e-01 5.182024091482162476e-02 2.351171374320983887e-01 -1.797789037227630615e-01 -9.165547788143157959e-02 6.148966401815414429e-02 1.835367679595947266e-01 -3.361943960189819336e-01 -2.140955477952957153e-01 -3.774186968803405762e-01 2.867741584777832031e-01 3.085209056735038757e-02 7.580735087394714355e-01 3.278448581695556641e-01 2.593943476676940918e-01 1.379558444023132324e-02 -1.099309474229812622e-01 5.473741292953491211e-01 -1.632466912269592285e-03 -5.567589402198791504e-02 -2.527256309986114502e-01 -2.655074745416641235e-02 3.809399902820587158e-02 -3.619266450405120850e-01 3.955210447311401367e-01 -2.116159945726394653e-01 2.205483913421630859e-01 2.430473268032073975e-02 5.337410569190979004e-01 2.048887461423873901e-01 -6.053838729858398438e-01 2.432273328304290771e-01 1.361121982336044312e-01 -7.601929455995559692e-02 -2.044945508241653442e-01 -3.221382498741149902e-01 3.755661845207214355e-01 1.627330183982849121e-01 3.932330608367919922e-01 5.327488183975219727e-01 3.846555650234222412e-01 -9.257227927446365356e-02 4.547266289591789246e-02 -1.488573849201202393e-02 3.034208714962005615e-01 3.517464697360992432e-01
-3.781401216983795166e-01 -3.264160752296447754e-01 -1.940506398677825928e-01 -6.542724370956420898e-01 -1.323177814483642578e-01 1.585297659039497375e-02 4.238640069961547852e-01 -3.181970119476318359e-01 -5.718436837196350098e-01 2.834981679916381836e-01 -6.136301755905151367e-01 1.691923886537551880e-01 -4.195639491081237793e-01 -6.707102060317993164e-03 -3.862263262271881104e-02 -1.935664936900138855e-02 3.438226580619812012e-01 7.864333689212799072e-03 -1.723850965499877930e-01 2.310482859611511230e-01 1.459322869777679443e-01 -1.541167497634887695e-01 -4.516094923019409180e-04 1.976089477539062500e-01 1.479459106922149658e-01 -6.027238965034484863e-01 -3.080137670040130615e-01 -3.754463791847229004e-01 3.927502036094665527e-01 -5.887038260698318481e-02 6.050783395767211914e-01 4.166244268417358398e-01 2.282746583223342896e-01 9.173838794231414795e-02 -1.353918164968490601e-01 4.281603097915649414e-01 1.555814296007156372e-01 -9.771091863512992859e-04 -1.479389965534210205e-01 -1.649770736694335938e-01 2.346186935901641846e-01 -3.333069980144500732e-01 1.247802674770355225e-01 -1.085460036993026733e-01 1.829537153244018555e-01 1.557440310716629028e-01 5.573167204856872559e-01 2.036792486906051636e-01 -5.557872056961059570e-01 1.980681717395782471e-01 2.978491783142089844e-01 4.672024399042129517e-02 -1.865497082471847534e-01 -2.849923968315124512e-01 4.275323748588562012e-01 1.913938522338867188e-01 5.357990264892578125e-01 7.046471834182739258e-01 3.218672573566436768e-01 1.112563982605934143e-01 -2.075458317995071411e-01 -1.011457890272140503e-01 1.797753274440765381e-01 3.115323781967163086e-01
-6.094020009040832520e-01 -3.565812110900878906e-01 -2.355752140283584595e-02 -4.784598946571350098e-01 4.414096474647521973e-02 1.087505370378494263e-04 2.201562672853469849e-01 -3.765315413475036621e-01 -5.490666627883911133e-01 3.299553096294403076e-01 -4.881532192230224609e-01 2.096034884452819824e-01 -2.944765090942382812e-01 2.267315089702606201e-01 -1.655165106058120728e-02 -1.144849136471748352e-01 2.673349082469940186e-01 1.203739568591117859e-01 -1.013282537460327148e-01 1.663000434637069702e-01 2.922992706298828125e-01 -1.106790676712989807e-01 -2.514754533767700195e-01 -4.567021876573562622e-02 2.053100764751434326e-01 -4.489628076553344727e-01 -2.474744766950607300e-01 -1.464872956275939941e-01 -1.618306040763854980e-01 2.241830527782440186e-01 4.478459954261779785e-01 2.510806024074554443e-01 5.867342352867126465e-01 4.040038585662841797e-02 -2.978229522705078125e-01 5.282521843910217285e-01 3.019191026687622070e-01 -6.717810034751892090e-02 -3.852739334106445312e-01 4.507579654455184937e-02 5.997858196496963501e-02 -4.682268798351287842e-01 1.883182078599929810e-01 -2.171951681375503540e-01 1.169264689087867737e-01 1.494947820901870728e-02 5.015073418617248535e-01 -5.354428291320800781e-02 -4.797756075859069824e-01 4.624495655298233032e-02 2.711165547370910645e-01 -2.015632987022399902e-01 -2.774453461170196533e-01 -3.365794122219085693e-01 2.371153384447097778e-01 1.340308189392089844e-01 3.325622975826263428e-01 6.245899200439453125e-01 2.740232348442077637e-01 1.623671948909759521e-01 8.561505377292633057e-02 5.722945928573608398e-02 2.933757901191711426e-01 2.469989657402038574e-01
-5.240854024887084961e-01 -4.314734339714050293e-01 -4.094531387090682983e-02 -3.975375294685363770e-01 -6.060924753546714783e-02 -5.945617705583572388e-02 2.082243859767913818e-01 -2.871650159358978271e-01 -5.175597071647644043e-01 4.162243604660034180e-01 -4.772495925426483154e-01 7.490079104900360107e-02 -4.366340935230255127e-01 8.220183104276657104e-02 -2.019131183624267578e-01 -5.479549989104270935e-02 1.943522542715072632e-01 1.161604747176170349e-01 -1.400662511587142944e-01 5.151485651731491089e-02 2.815275192260742188e-01 -2.182244658470153809e-01 -3.309551477432250977e-01 -8.052950352430343628e-02 2.256499230861663818e-01 -5.241137742996215820e-01 -2.545105814933776855e-01 -3.342321515083312988e-01 2.345534414052963257e-02 3.622290492057800293e-01 6.075401306152343750e-01 2.599883079528808594e-01 2.514781057834625244e-01 1.591974496841430664e-02 -2.556558847427368164e-01 4.469485878944396973e-01 1.264848411083221436e-01 3.799191862344741821e-02 -2.891160249710083008e-01 -9.150944650173187256e-03 1.171273589134216309e-01 -2.523607611656188965e-01 3.214359879493713379e-01 -2.857961654663085938e-01 1.207375526428222656e-01 7.573743164539337158e-02 5.362354516983032227e-01 2.478799223899841309e-02 -5.776790380477905273e-01 2.195594608783721924e-01 1.508419066667556763e-01 9.629894793033599854e-02 -1.576656401157379150e-01 -2.330868244171142578e-01 5.357907414436340332e-01 9.759198874235153198e-02 2.734835445880889893e-01 5.015339255332946777e-01 5.774522423744201660e-01 -2.371031790971755981e-02 1.292352974414825439e-01 1.943079233169555664e-01 3.849681913852691650e-01 3.918516635894775391e-01
-5.705555677413940430e-01 -2.442436218261718750e-01 -2.922416925430297852e-01 -6.819106340408325195e-01 -3.675374984741210938e-01 -1.595079302787780762e-01 3.012596964836120605e-01 -4.979962408542633057e-01 -3.813752830028533936e-01 3.441860377788543701e-01 -5.712532997131347656e-01 2.693361937999725342e-01 -1.352912187576293945e-01 1.287849545478820801e-01 -1.160023286938667297e-01 8.983300626277923584e-02 2.300788462162017822e-02 1.061599478125572205e-01 -2.330940961837768555e-01 2.342160791158676147e-02 3.499480485916137695e-01 3.076415136456489563e-02 -2.156435847282409668e-01 2.029564678668975830e-01 4.735262691974639893e-01 -4.304161965847015381e-01 -1.215067692101001740e-02 -5.086508989334106445e-01 1.731942594051361084e-01 2.507645487785339355e-01 5.619486570358276367e-01 4.240347445011138916e-01 2.258696407079696655e-01 -1.984534412622451782e-02 -4.183827042579650879e-01 7.132371664047241211e-01 2.375680208206176758e-02 -9.063431620597839355e-02 -4.936540126800537109e-02 -1.143283322453498840e-01 3.330111503601074219e-01 -5.070661902427673340e-01 5.844980478286743164e-03 -3.290141224861145020e-01 3.870492875576019287e-01 2.813511341810226440e-02 6.948872804641723633e-01 3.563573360443115234e-01 -6.452442407608032227e-01 -8.107363432645797729e-02 1.504619419574737549e-02 -3.951761126518249512e-01 1.752740517258644104e-02 -2.374934256076812744e-01 1.608421206474304199e-01 3.627995252609252930e-01 4.441981315612792969e-01 5.754914879798889160e-01 2.108010798692703247e-01 -2.596425414085388184e-01 -2.423494122922420502e-03 -1.686005443334579468e-01 1.768377721309661865e-01 4.796743690967559814e-01
-6.031430959701538086e-01 -2.999874949455261230e-01 1.437880843877792358e-02 -3.113062381744384766e-01 2.213462740182876587e-01 9.921334683895111084e-02 2.095185816287994385e-01 -3.866575956344604492e-01 -6.382992863655090332e-01 3.124426305294036865e-01 -4.052374064922332764e-01 5.726431310176849365e-02 -4.282072782516479492e-01 1.839715242385864258e-01 -9.511012583971023560e-02 -9.072908759117126465e-02 2.709057927131652832e-01 1.417083740234375000e-01 -1.949705779552459717e-01 1.099910810589790344e-01 1.476198732852935791e-01 -2.267263829708099365e-01 -1.599912196397781372e-01 -7.108085602521896362e-02 1.441000401973724365e-01 -5.084475278854370117e-01 -3.053206801414489746e-01 -1.842534542083740234e-01 -5.965355783700942993e-02 2.356152534484863281e-01 5.824505090713500977e-01 2.394628673791885376e-01 4.956955909729003906e-01 6.510305404663085938e-02 -2.506416440010070801e-01 3.221724629402160645e-01 2.777152657508850098e-01 -6.269565969705581665e-02 -4.718213379383087158e-01 1.142140701413154602e-01 8.225183933973312378e-03 -3.765489161014556885e-01 2.587181329727172852e-01 -2.696574926376342773e-01 1.173262670636177063e-01 3.008283674716949463e-02 4.535726904869079590e-01 -9.750133007764816284e-02 -4.901807606220245361e-01 2.434999942779541016e-01 3.618216514587402344e-01 -3.485304117202758789e-02 -3.259713947772979736e-01 -3.512415587902069092e-01 4.104737043380737305e-01 -1.241798698902130127e-02 3.017265796661376953e-01 6.142247915267944336e-01 4.471271038055419922e-01 1.761816143989562988e-01 7.820731960237026215e-03 1.166048645973205566e-02 2.799209058284759521e-01 2.079243957996368408e-01
-4.291841685771942139e-01 -4.606364369392395020e-01 -1.579409539699554443e-01 -7.250542640686035156e-01 -1.228940635919570923e-01 8.837851881980895996e-02 2.117471247911453247e-01 -3.371916115283966064e-01 -6.136541962623596191e-01 2.685689628124237061e-01 -4.534978270530700684e-01 1.121608763933181763e-01 -2.799784243106842041e-01 9.182811528444290161e-02 1.148912757635116577e-01 -1.129962503910064697e-01 3.038684725761413574e-01 -1.668240129947662354e-01 -4.563823342323303223e-03 2.427647411823272705e-01 1.520941406488418579e-01 -2.328322231769561768e-01 -1.161461472511291504e-01 1.715579330921173096e-01 1.344049535691738129e-02 -6.093065738677978516e-01 -3.938810825347900391e-01 -2.464771270751953125e-01 2.683843374252319336e-01 -1.527104675769805908e-01 6.101558208465576172e-01 4.943024516105651855e-01 3.192862868309020996e-01 2.708998322486877441e-01 -2.784180045127868652e-01 4.498907923698425293e-01 -5.352322757244110107e-02 -1.162100210785865784e-01 -3.884600847959518433e-02 -1.848756149411201477e-02 9.641136229038238525e-02 -2.987355291843414307e-01 3.401600122451782227e-01 -9.780935943126678467e-02 2.462431192398071289e-01 1.164367049932479858e-01 5.994083881378173828e-01 2.077302783727645874e-01 -7.279539704322814941e-01 3.220380842685699463e-01 2.298066765069961548e-01 8.863247931003570557e-02 -9.859620034694671631e-02 -6.327486783266067505e-02 2.145067006349563599e-01 8.953589946031570435e-02 4.701399803161621094e-01 6.709999442100524902e-01 3.194491863250732422e-01 2.201915532350540161e-02 -1.305222660303115845e-01 1.543838083744049072e-01 2.735979259014129639e-01 3.779555857181549072e-02
-4.835051596164703369e-01 -4.044988453388214111e-01 1.941455602645874023e-01 -3.939169645309448242e-01 5.776970088481903076e-02 1.301847696304321289e-01 1.916218101978302002e-01 -2.425670027732849121e-01 -8.097623586654663086e-01 3.925510644912719727e-01 -3.742164373397827148e-01 3.321069478988647461e-02 -3.951000869274139404e-01 1.127562299370765686e-01 5.264967679977416992e-03 -2.102707177400588989e-01 3.893067538738250732e-01 8.051682263612747192e-03 -1.735417246818542480e-01 1.878567412495613098e-02 1.609269678592681885e-01 -9.207022935152053833e-02 -1.668097823858261108e-01 -1.965713202953338623e-01 1.711218655109405518e-01 -5.635933876037597656e-01 -4.613159298896789551e-01 -3.758060038089752197e-01 1.521298587322235107e-01 2.839884757995605469e-01 6.289777159690856934e-01 4.119972288608551025e-01 4.786610603332519531e-01 1.104386150836944580e-02 -1.937419027090072632e-01 2.957601547241210938e-01 1.633025556802749634e-01 2.605589032173156738e-01 -3.031649589538574219e-01 1.187962517142295837e-01 4.981853067874908447e-03 -2.041224241256713867e-01 3.126308917999267578e-01 -4.116465449333190918e-01 -8.345339447259902954e-02 2.488590627908706665e-01 5.380221605300903320e-01 -1.912765204906463623e-03 -4.524997472763061523e-01 3.571122288703918457e-01 3.775554299354553223e-01 -5.504663288593292236e-02 -3.786579668521881104e-01 -1.747830212116241455e-01 5.133348107337951660e-01 1.394384503364562988e-01 1.665630787611007690e-01 5.416002273559570312e-01 5.642722845077514648e-01 -6.425984203815460205e-03 1.482058316469192505e-01 2.248644828796386719e-01 1.833340525627136230e-01 3.538415431976318359e-01
-6.429067254066467285e-01 -2.726229727268218994e-01 3.292121291160583496e-01 -2.765510678291320801e-01 3.103330135345458984e-01 1.986377537250518799e-01 9.497094154357910156e-02 -1.754816472530364990e-01 -6.131286025047302246e-01 3.781516849994659424e-01 -4.211730062961578369e-01 8.651047945022583008e-02 -3.563745319843292236e-01 2.035581171512603760e-01 -5.581390112638473511e-02 -1.972183585166931152e-01 3.858775198459625244e-01 1.291818916797637939e-01 -8.468540012836456299e-02 5.502346903085708618e-04 2.225368022918701172e-01 -1.947722733020782471e-01 -3.536005616188049316e-01 -3.383624553680419922e-01 5.444721877574920654e-02 -4.388075768947601318e-01 -3.625133931636810303e-01 -7.337266951799392700e-02 -1.767511218786239624e-01 2.589192390441894531e-01 5.758720040321350098e-01 2.861774265766143799e-01 6.155812144279479980e-01 -1.963300630450248718e-02 -3.467673063278198242e-01 2.490472942590713501e-01 3.161102533340454102e-01 1.260517984628677368e-01 -5.369076132774353027e-01 3.155089616775512695e-01 -2.383027821779251099e-01 -1.120939254760742188e-01 3.716732263565063477e-01 -3.534618616104125977e-01 -7.230652868747711182e-02 1.759167462587356567e-01 4.796895980834960938e-01 -1.873689740896224976e-01 -3.541331887245178223e-01 4.193801879882812500e-01 3.318406343460083008e-01 -3.666133433580398560e-02 -5.604088306427001953e-01 -3.101474940776824951e-01 5.204289555549621582e-01 -1.204381361603736877e-01 1.146650463342666626e-01 4.801899790763854980e-01 6.560395359992980957e-01 2.134758532047271729e-01 2.001624852418899536e-01 1.778064668178558350e-01 4.396857023239135742e-01 7.938399910926818848e-02
-5.642287135124206543e-01 -2.822189927101135254e-01 1.207204535603523254e-01 -2.856791913509368896e-01 7.223667204380035400e-02 -1.535098552703857422e-01 4.315154254436492920e-02 -3.222560882568359375e-01 -4.176044166088104248e-01 4.667138457298278809e-01 -4.509758949279785156e-01 9.814341366291046143e-02 -2.815134823322296143e-01 2.333008348941802979e-01 -1.685684323310852051e-01 -7.170745730400085449e-02 3.183726966381072998e-01 2.330769300460815430e-01 -1.845606267452239990e-01 5.852631106972694397e-02 3.078089654445648193e-01 -1.075155511498451233e-01 -4.287400245666503906e-01 -3.287542760372161865e-01 3.309078216552734375e-01 -5.610808134078979492e-01 -2.001507133245468140e-01 -2.719965279102325439e-01 -2.257540225982666016e-01 4.801534414291381836e-01 5.339292883872985840e-01 2.000269889831542969e-01 4.287546277046203613e-01 -2.389270067214965820e-02 -3.705916404724121094e-01 4.301961660385131836e-01 9.899923205375671387e-02 1.895042806863784790e-01 -4.285137057304382324e-01 1.696331501007080078e-01 6.939489394426345825e-02 -2.319145649671554565e-01 2.388990372419357300e-01 -4.295920729637145996e-01 -1.695178821682929993e-02 1.766967624425888062e-01 4.691089391708374023e-01 -1.711531579494476318e-01 -4.531889855861663818e-01 2.196946740150451660e-01 1.038500815629959106e-01 3.430008143186569214e-02 -1.718072295188903809e-01 -2.374751269817352295e-01 5.641863942146301270e-01 1.134014725685119629e-01 2.121616452932357788e-01 4.354110956192016602e-01 6.408345699310302734e-01 8.396000415086746216e-02 2.039074897766113281e-01 1.719396114349365234e-01 2.966764867305755615e-01 4.098603725433349609e-01
-6.112150549888610840e-01 -4.291255474090576172e-01 4.922511428594589233e-02 -3.733223676681518555e-01 2.149669378995895386e-01 3.028046339750289917e-02 2.172891646623611450e-01 -2.334189414978027344e-01 -4.564033746719360352e-01 4.637702703475952148e-01 -5.479238629341125488e-01 1.256313025951385498e-01 -3.614617586135864258e-01 3.045115619897842407e-02 -2.093580961227416992e-01 -3.130867704749107361e-02 2.409545630216598511e-01 7.483818382024765015e-02 4.132091626524925232e-02 1.251385211944580078e-01 3.660837113857269287e-01 -1.952427327632904053e-01 -3.867423534393310547e-01 -1.603806316852569580e-01 1.706692576408386230e-01 -4.117859005928039551e-01 -2.131279110908508301e-01 -1.516879796981811523e-01 -1.490865200757980347e-01 2.227486670017242432e-01 5.174568295478820801e-01 1.148858740925788879e-01 2.999023497104644775e-01 -1.002082228660583496e-02 -2.556940913200378418e-01 5.386746525764465332e-01 2.875642776489257812e-01 1.548203546553850174e-02 -4.002571702003479004e-01 4.392694681882858276e-02 -3.360469639301300049e-02 -2.714590132236480713e-01 2.549800872802734375e-01 -1.526172906160354614e-01 1.299689058214426041e-03 2.642525732517242432e-02 4.449188113212585449e-01 -2.353300899267196655e-01 -5.352970957756042480e-01 1.114304363727569580e-02 2.500484585762023926e-01 1.066824048757553101e-01 -3.581234812736511230e-01 -4.840636253356933594e-01 4.378004670143127441e-01 -6.213391572237014771e-02 2.463796287775039673e-01 4.292936325073242188e-01 5.146882534027099609e-01 1.945284307003021240e-01 1.895550489425659180e-01 1.634101867675781250e-01 4.135977327823638916e-01 1.535168737173080444e-01
-4.635984599590301514e-01 -4.817690849304199219e-01 -2.237876653671264648e-01 -6.574645042419433594e-01 -3.282874226570129395e-01 1.494912505149841309e-01 4.466685056686401367e-01 -2.918860018253326416e-01 -8.355695009231567383e-01 1.585742235183715820e-01 -5.603758096694946289e-01 3.211519122123718262e-02 -2.997842431068420410e-01 -1.805918812751770020e-01 -1.723673641681671143e-01 -9.383632242679595947e-02 -4.231561720371246338e-02 2.147391438484191895e-03 -1.006227582693099976e-01 2.195149958133697510e-01 1.426035463809967041e-01 -2.028831541538238525e-01 2.335033863782882690e-01 3.463342785835266113e-01 5.204392224550247192e-02 -3.101083934307098389e-01 -4.087688326835632324e-01 -4.886676669120788574e-01 5.728563070297241211e-01 -5.479655414819717407e-02 6.310084462165832520e-01 4.041253328323364258e-01 2.173152267932891846e-01 3.500117361545562744e-01 -2.159894257783889771e-02 3.361509442329406738e-01 5.688790977001190186e-02 -1.068911775946617126e-01 1.085241511464118958e-01 -1.557015478610992432e-01 1.168241873383522034e-01 -3.976272344589233398e-01 3.561967015266418457e-01 -1.314951330423355103e-01 1.824489235877990723e-01 1.517564058303833008e-03 5.239890217781066895e-01 4.545898437500000000e-01 -5.718807578086853027e-01 2.778359651565551758e-01 2.018836885690689087e-01 -8.259444683790206909e-02 -1.874790713191032410e-02 -2.959834039211273193e-01 2.444932013750076294e-01 2.231308817863464355e-01 4.239229261875152588e-01 5.703464150428771973e-01 2.706273198127746582e-01 -1.564646512269973755e-02 -2.716477811336517334e-01 -2.179659903049468994e-02 2.014171630144119263e-01 2.958635389804840088e-01
-4.284278452396392822e-01 -2.430227398872375488e-01 -4.807194769382476807e-01 -4.780917465686798096e-01 -2.613810896873474121e-01 1.670902073383331299e-01 4.008936882019042969e-01 -4.886283874511718750e-01 -4.971562623977661133e-01 4.111250042915344238e-01 -6.050934791564941406e-01 7.957783341407775879e-02 -2.789820730686187744e-01 5.483997613191604614e-02 -7.367704063653945923e-02 1.986122503876686096e-02 1.453151553869247437e-01 1.093562319874763489e-01 -3.416742384433746338e-01 1.489451825618743896e-01 2.048414200544357300e-01 1.664505004882812500e-01 -1.715125143527984619e-02 2.870723307132720947e-01 3.637881577014923096e-01 -2.270615398883819580e-01 -1.399091035127639771e-01 -3.984003067016601562e-01 1.054565459489822388e-01 3.037929907441139221e-02 5.598185062408447266e-01 3.612591624259948730e-01 2.548838257789611816e-01 -5.464824289083480835e-02 -2.390532642602920532e-01 4.975509643554687500e-01 1.513224393129348755e-01 -1.988443583250045776e-01 -5.595465004444122314e-02 -1.177096441388130188e-01 2.614195048809051514e-01 -4.258426427841186523e-01 -4.255555570125579834e-03 -3.105642795562744141e-01 2.439939975738525391e-01 1.751919835805892944e-02 5.364258885383605957e-01 1.896993368864059448e-01 -4.839568436145782471e-01 -5.379663780331611633e-02 8.173471689224243164e-02 -2.580097317695617676e-01 -5.526072904467582703e-02 -3.671555817127227783e-01 1.215763390064239502e-01 3.779376149177551270e-01 3.684772253036499023e-01 4.987017512321472168e-01 1.942697167396545410e-01 -1.104339435696601868e-01 -1.956002116203308105e-01 -2.226644456386566162e-01 1.668020039796829224e-01 3.478462100028991699e-01
-4.604209363460540771e-01 -2.983378469944000244e-01 -5.290620923042297363e-01 -4.620464146137237549e-01 -2.516488432884216309e-01 1.023235321044921875e-01 4.425800442695617676e-01 -4.333385527133941650e-01 -6.439601778984069824e-01 2.330846190452575684e-01 -6.547064781188964844e-01 1.711867153644561768e-01 -2.957946360111236572e-01 2.816534787416458130e-02 -1.200535073876380920e-01 -9.392619132995605469e-02 1.650071889162063599e-02 1.925886869430541992e-01 -2.180598080158233643e-01 2.275803685188293457e-01 5.967315286397933960e-02 1.154260933399200439e-01 1.273837536573410034e-01 3.505924940109252930e-01 4.090094566345214844e-01 -1.979462802410125732e-01 -2.477410286664962769e-01 -4.297276139259338379e-01 2.208122313022613525e-01 8.197414129972457886e-02 4.464944899082183838e-01 3.039814829826354980e-01 3.002277612686157227e-01 2.695416659116744995e-02 -5.751183629035949707e-02 4.383419156074523926e-01 3.123756647109985352e-01 -3.231070041656494141e-01 7.616467773914337158e-03 -3.510908782482147217e-01 4.634645879268646240e-01 -5.629625320434570312e-01 -2.908816933631896973e-02 -1.640692800283432007e-01 2.155282795429229736e-01 -6.077741086483001709e-02 4.748662710189819336e-01 2.870123386383056641e-01 -4.024597704410552979e-01 -2.113108634948730469e-01 1.639583855867385864e-01 -5.153092145919799805e-01 -1.857323572039604187e-02 -4.801603853702545166e-01 -5.894476175308227539e-02 5.162389874458312988e-01 5.648108720779418945e-01 5.844819545745849609e-01 -1.358614265918731689e-01 -2.059421688318252563e-02 -3.271824121475219727e-01 -3.434327542781829834e-01 6.865608505904674530e-03 3.458404541015625000e-01
-3.796226382255554199e-01 -4.792617559432983398e-01 -8.978981524705886841e-02 -6.100026369094848633e-01 -3.046396970748901367e-01 -1.167521998286247253e-01 2.817430496215820312e-01 -3.132632076740264893e-01 -5.403518080711364746e-01 4.430878758430480957e-01 -5.452789068222045898e-01 1.593054383993148804e-01 -2.772957384586334229e-01 1.460826694965362549e-01 -1.196703389286994934e-01 1.835994794964790344e-02 3.009496033191680908e-01 1.351170539855957031e-01 -1.148692369461059570e-01 1.041883304715156555e-01 4.412426650524139404e-01 1.450950279831886292e-02 -2.525600194931030273e-01 9.231358766555786133e-02 3.162896633148193359e-01 -5.616493225097656250e-01 -2.899951934814453125e-01 -4.180689156055450439e-01 3.645527735352516174e-02 2.821167707443237305e-01 4.447227120399475098e-01 3.695899248123168945e-01 2.418804913759231567e-01 1.351390630006790161e-01 -4.190243482589721680e-01 5.318676829338073730e-01 1.630751341581344604e-01 1.240053102374076843e-01 5.774381011724472046e-02 -2.047813236713409424e-01 2.152877300977706909e-01 -3.596844971179962158e-01 -4.506576806306838989e-02 -2.137476056814193726e-01 2.034607678651809692e-01 1.041129231452941895e-01 6.229248642921447754e-01 1.067836135625839233e-01 -4.873602390289306641e-01 2.395984530448913574e-02 1.322716325521469116e-01 -1.144131794571876526e-01 -2.355227991938591003e-02 -1.639511287212371826e-01 3.986773490905761719e-01 2.155534923076629639e-01 3.331494033336639404e-01 6.017184853553771973e-01 4.226239621639251709e-01 3.709865361452102661e-02 4.571948572993278503e-02 1.267854869365692139e-01 2.930394411087036133e-01 4.819368124008178711e-01
-5.138947367668151855e-01 -2.831702828407287598e-01 5.568110197782516479e-02 -2.769559025764465332e-01 1.493921875953674316e-01 7.527879625558853149e-02 1.991310119628906250e-01 -3.234748840332031250e-01 -5.863817930221557617e-01 3.836195766925811768e-01 -5.014966726303100586e-01 7.013660669326782227e-02 -4.152658879756927490e-01 2.108182609081268311e-01 -9.001965075731277466e-02 -6.662395596504211426e-02 3.417565524578094482e-01 2.604874968528747559e-01 -2.377610206604003906e-01 6.792552024126052856e-02 1.168224439024925232e-01 -1.017254367470741272e-01 -2.581163048744201660e-01 -1.911066770553588867e-01 1.975799798965454102e-01 -4.504951238632202148e-01 -3.058096170425415039e-01 -2.545892000198364258e-01 -6.193090230226516724e-02 3.084648847579956055e-01 6.242046356201171875e-01 2.712941467761993408e-01 4.097208976745605469e-01 -1.456272602081298828e-02 -3.614768385887145996e-01 2.719350457191467285e-01 3.116111159324645996e-01 3.559815511107444763e-02 -4.034475386142730713e-01 7.751227170228958130e-02 6.400425732135772705e-02 -2.995971739292144775e-01 2.122433036565780640e-01 -3.794916272163391113e-01 5.949570983648300171e-02 1.527341753244400024e-01 4.390701651573181152e-01 -3.260895609855651855e-03 -3.752513825893402100e-01 2.416601479053497314e-01 2.790530920028686523e-01 -1.237663403153419495e-01 -4.128069579601287842e-01 -3.159354627132415771e-01 4.352895021438598633e-01 1.112491935491561890e-01 2.386001497507095337e-01 4.974529147148132324e-01 4.988374114036560059e-01 3.350303322076797485e-02 1.030853465199470520e-01 -2.596013247966766357e-03 3.163982927799224854e-01 3.500226736068725586e-01
-5.215096473693847656e-01 -3.534180521965026855e-01 -2.122484147548675537e-01 -6.425815224647521973e-01 -2.360317111015319824e-01 6.958180665969848633e-02 3.718593120574951172e-01 -4.030227959156036377e-01 -6.055703163146972656e-01 3.196385204792022705e-01 -5.513039827346801758e-01 1.133455783128738403e-01 -1.225832849740982056e-01 9.352587908506393433e-02 -7.230401784181594849e-02 -1.206256169825792313e-02 1.202394291758537292e-01 1.525649428367614746e-01 -2.273650765419006348e-01 1.729516983032226562e-01 2.535220384597778320e-01 4.860459268093109131e-02 2.844041585922241211e-02 1.473644077777862549e-01 2.258957922458648682e-01 -2.164768874645233154e-01 -2.455905526876449585e-01 -3.443089127540588379e-01 1.308138668537139893e-01 1.028804928064346313e-01 4.753200709819793701e-01 2.848113477230072021e-01 3.785364031791687012e-01 1.300887018442153931e-01 -3.328880667686462402e-01 4.700031280517578125e-01 2.453457564115524292e-01 -1.233201101422309875e-01 -7.010461390018463135e-02 -6.249494105577468872e-02 1.751979738473892212e-01 -5.123645067214965820e-01 8.441354334354400635e-02 -2.803441286087036133e-01 1.801248341798782349e-01 1.444065570831298828e-02 4.421010613441467285e-01 2.540263533592224121e-01 -4.588100016117095947e-01 -6.672839075326919556e-02 1.039860993623733521e-01 -3.923130929470062256e-01 -1.576242595911026001e-01 -3.672766089439392090e-01 8.729438483715057373e-02 3.202829658985137939e-01 3.506070077419281006e-01 5.221561193466186523e-01 1.713006645441055298e-01 -7.785846292972564697e-02 -9.504774212837219238e-02 -1.090143397450447083e-01 2.241103947162628174e-01 4.079896211624145508e-01
-5.642155408859252930e-01 -2.360688447952270508e-01 -2.974855303764343262e-01 -6.227036118507385254e-01 -1.374177932739257812e-01 9.215985983610153198e-02 3.004708886146545410e-01 -4.187275767326354980e-01 -5.767502784729003906e-01 2.348294705152511597e-01 -5.617758035659790039e-01 1.199246197938919067e-01 -1.599054932594299316e-01 1.472278535366058350e-01 -1.303889453411102295e-01 -3.436234220862388611e-02 1.730565726757049561e-01 -2.923538163304328918e-02 -8.040422201156616211e-02 1.766781806945800781e-01 1.956496238708496094e-01 -9.568285197019577026e-02 5.120843648910522461e-03 2.655962109565734863e-01 3.461014628410339355e-01 -2.640455365180969238e-01 -2.616635262966156006e-01 -2.878046035766601562e-01 1.984448879957199097e-01 -1.005420461297035217e-01 5.180030465126037598e-01 2.163119316101074219e-01 3.253903985023498535e-01 1.966122686862945557e-01 -3.800921440124511719e-01 5.252021551132202148e-01 1.765821427106857300e-01 -2.365896254777908325e-01 -4.925334826111793518e-02 -8.995907753705978394e-02 2.430087625980377197e-01 -4.064476191997528076e-01 1.778454631567001343e-01 -2.396538853645324707e-03 3.226521611213684082e-01 2.832901477813720703e-02 5.625157356262207031e-01 1.786205917596817017e-01 -5.509960055351257324e-01 6.463468819856643677e-02 1.296358257532119751e-01 -3.614135980606079102e-01 -8.002249896526336670e-02 -4.654545783996582031e-01 1.100867092609405518e-01 2.290918529033660889e-01 4.803006649017333984e-01 5.926583409309387207e-01 6.008082628250122070e-02 1.660786569118499756e-02 -2.051768302917480469e-01 -1.926115751266479492e-01 1.713313013315200806e-01 1.183115541934967041e-01
-6.809244751930236816e-01 -3.293068706989288330e-01 2.406833320856094360e-02 -4.078372418880462646e-01 1.089115291833877563e-01 2.628776431083679199e-01 1.295734047889709473e-01 -3.736210465431213379e-01 -6.630572676658630371e-01 2.864899933338165283e-01 -4.404331743717193604e-01 5.067551136016845703e-02 -3.250735700130462646e-01 1.007443293929100037e-01 1.713492721319198608e-02 -3.416803665459156036e-03 2.855223417282104492e-01 -8.285997062921524048e-02 -1.918611526489257812e-01 -2.152667567133903503e-02 1.096585392951965332e-02 -2.668618857860565186e-01 -1.227878481149673462e-01 -7.405041903257369995e-02 -9.510912746191024780e-02 -4.309482574462890625e-01 -3.786655068397521973e-01 -1.157986521720886230e-01 1.037060767412185669e-01 6.613112986087799072e-03 6.248771548271179199e-01 2.192793935537338257e-01 4.938762784004211426e-01 1.233403980731964111e-01 -3.793707489967346191e-01 3.274430334568023682e-01 6.356929242610931396e-02 -1.214570701122283936e-01 -4.069511592388153076e-01 2.339950799942016602e-01 -1.230629161000251770e-01 -2.420085519552230835e-01 4.562931656837463379e-01 -1.539316326379776001e-01 2.497633099555969238e-01 1.035157591104507446e-01 4.802726507186889648e-01 -2.189756557345390320e-02 -6.325714588165283203e-01 4.102118015289306641e-01 2.823054790496826172e-01 -7.059846073389053345e-02 -3.740839064121246338e-01 -2.247803807258605957e-01 3.285239338874816895e-01 -8.023222535848617554e-02 3.739155828952789307e-01 5.205023288726806641e-01 3.718712031841278076e-01 5.327615886926651001e-02 -1.569933816790580750e-02 6.729692220687866211e-02 4.257244169712066650e-01 1.676999218761920929e-02
-4.353680610656738281e-01 -5.501381754875183105e-01 4.389152526855468750e-01 -6.792114973068237305e-01 -1.073772236704826355e-01 1.493237912654876709e-01 2.108279168605804443e-01 1.715650409460067749e-01 -3.602530658245086670e-01 2.512604296207427979e-01 -3.111867308616638184e-01 9.027913957834243774e-02 -8.243519067764282227e-02 4.905135184526443481e-02 -1.661459207534790039e-01 -3.456249535083770752e-01 6.336424350738525391e-01 -8.490301668643951416e-02 2.321059703826904297e-01 9.976731985807418823e-02 8.052990436553955078e-01 -5.591391772031784058e-02 -4.201896786689758301e-01 -2.064222395420074463e-01 -1.257261186838150024e-01 -4.930936396121978760e-01 -4.414083659648895264e-01 2.627421021461486816e-01 -2.575486302375793457e-01 1.787775009870529175e-02 1.922745257616043091e-01 2.889367341995239258e-01 4.105129241943359375e-01 1.927095353603363037e-01 -2.192834764719009399e-01 2.416510283946990967e-01 8.934089541435241699e-02 4.113815128803253174e-01 -7.680995017290115356e-02 3.785965144634246826e-01 -4.788102805614471436e-01 5.267252027988433838e-02 3.152489066123962402e-01 3.285814821720123291e-02 -2.752643227577209473e-01 4.156282544136047363e-01 4.869513809680938721e-01 -1.814307421445846558e-01 -3.716922700405120850e-01 2.632611691951751709e-01 1.106807589530944824e-01 2.561253607273101807e-01 -3.888216018676757812e-01 -1.874299049377441406e-01 8.413567543029785156e-01 -2.790397405624389648e-01 1.105647534132003784e-01 5.803192257881164551e-01 9.564012289047241211e-01 4.367099702358245850e-01 1.869186609983444214e-01 4.282773137092590332e-01 5.014610290527343750e-01 8.850764483213424683e-02
-5.051304697990417480e-01 -3.666191697120666504e-01 -2.556081861257553101e-02 -4.573384523391723633e-01 -3.591668605804443359e-02 -5.338907241821289062e-03 2.927624583244323730e-01 -3.053798675537109375e-01 -4.323335886001586914e-01 3.758936524391174316e-01 -5.411527156829833984e-01 1.072522699832916260e-01 -3.226003646850585938e-01 7.336505502462387085e-02 -1.518374979496002197e-01 3.735734894871711731e-02 2.361149787902832031e-01 1.937738955020904541e-01 -1.382942795753479004e-01 1.049231290817260742e-01 4.584112465381622314e-01 -1.106419935822486877e-01 -3.595255613327026367e-01 -5.135171115398406982e-03 2.537592947483062744e-01 -5.003502368927001953e-01 -2.493897527456283569e-01 -2.968410551548004150e-01 -1.398089826107025146e-01 2.355189621448516846e-01 5.031507015228271484e-01 2.998246550559997559e-01 3.670849204063415527e-01 1.199712604284286499e-02 -3.560489416122436523e-01 3.734576106071472168e-01 3.430150151252746582e-01 1.387947890907526016e-02 -2.439464628696441650e-01 -6.437519192695617676e-02 3.863235563039779663e-02 -3.754035532474517822e-01 8.975748717784881592e-02 -2.539461255073547363e-01 7.933894544839859009e-02 8.355908095836639404e-03 5.121226310729980469e-01 8.611232042312622070e-02 -3.947338759899139404e-01 1.127898618578910828e-01 1.697939783334732056e-01 1.971945911645889282e-02 -1.720744669437408447e-01 -3.291300535202026367e-01 4.774910807609558105e-01 2.091427892446517944e-02 2.484229356050491333e-01 5.928576588630676270e-01 4.859446883201599121e-01 4.719037562608718872e-02 7.518807053565979004e-02 1.294721662998199463e-01 4.953868687152862549e-01 3.517115116119384766e-01
-5.263658761978149414e-01 -2.230827510356903076e-01 -2.868198156356811523e-01 -6.151440739631652832e-01 -2.197088450193405151e-01 1.334827393293380737e-01 4.367083311080932617e-01 -3.861365914344787598e-01 -6.510839462280273438e-01 3.531233072280883789e-01 -6.712787151336669922e-01 1.467795670032501221e-01 -3.120438158512115479e-01 -2.885331213474273682e-02 -7.740942388772964478e-02 3.242733888328075409e-03 8.613321185111999512e-02 5.159115046262741089e-02 -2.141225337982177734e-01 1.540967226028442383e-01 1.020982563495635986e-01 -2.371915057301521301e-02 1.268667280673980713e-01 3.432196676731109619e-01 2.583673000335693359e-01 -4.012348055839538574e-01 -2.664072215557098389e-01 -4.174160063266754150e-01 4.297732710838317871e-01 -3.000163286924362183e-02 5.656341314315795898e-01 3.284272253513336182e-01 2.152178883552551270e-01 -2.042385190725326538e-02 -9.911850094795227051e-02 3.780602812767028809e-01 3.065590262413024902e-01 -7.487768679857254028e-02 -6.610617041587829590e-03 -2.918873429298400879e-01 2.988528609275817871e-01 -3.962415158748626709e-01 6.502918899059295654e-02 -1.168210655450820923e-01 1.313237249851226807e-01 1.975484192371368408e-02 5.551986098289489746e-01 2.904488444328308105e-01 -4.708018004894256592e-01 2.399419993162155151e-02 2.462616711854934692e-01 -1.781743317842483521e-01 -1.056870967149734497e-01 -4.752005934715270996e-01 2.254706472158432007e-01 2.672709524631500244e-01 5.019902586936950684e-01 6.033324003219604492e-01 9.396495670080184937e-02 2.301380783319473267e-02 -2.886393070220947266e-01 -2.519199550151824951e-01 1.740000993013381958e-01 2.564416825771331787e-01
-6.272140741348266602e-01 -2.961036264896392822e-01 1.376007497310638428e-02 -5.282933712005615234e-01 4.943248629570007324e-02 1.403383314609527588e-01 2.492360174655914307e-01 -3.537898659706115723e-01 -6.884789466857910156e-01 2.752093374729156494e-01 -5.184410810470581055e-01 2.068393528461456299e-01 -3.590746521949768066e-01 6.894429773092269897e-02 -8.799247443675994873e-03 -8.771342225372791290e-03 2.712794840335845947e-01 -6.688244640827178955e-02 -2.087268829345703125e-01 7.396849244832992554e-02 2.851133048534393311e-02 -2.514019012451171875e-01 -1.162245869636535645e-01 6.991737335920333862e-02 5.440013855695724487e-02 -6.175051927566528320e-01 -3.768720626831054688e-01 -2.894857525825500488e-01 2.721507549285888672e-01 2.550185844302177429e-02 6.112328767776489258e-01 4.061469435691833496e-01 4.451286792755126953e-01 1.406630724668502808e-01 -2.532360553741455078e-01 2.998771667480468750e-01 1.777477711439132690e-01 2.250817418098449707e-02 -3.076455891132354736e-01 2.396999299526214600e-02 3.018162399530410767e-02 -3.645441830158233643e-01 3.315171599388122559e-01 -9.647761285305023193e-02 1.799566447734832764e-01 1.467793881893157959e-01 5.580426454544067383e-01 2.105985730886459351e-01 -5.492544174194335938e-01 3.487739562988281250e-01 3.570517897605895996e-01 9.085899218916893005e-04 -2.897115051746368408e-01 -2.338053584098815918e-01 3.613131642341613770e-01 2.635143697261810303e-03 4.246532917022705078e-01 6.543582081794738770e-01 3.894362449645996094e-01 2.692811191082000732e-03 -4.881278052926063538e-02 4.591901600360870361e-02 2.960635423660278320e-01 1.497957110404968262e-01
-4.228338003158569336e-01 -3.583480417728424072e-01 2.895101308822631836e-01 -1.410288959741592407e-01 3.168945312500000000e-01 7.605800032615661621e-02 7.889503240585327148e-02 -1.367850601673126221e-02 -6.373953223228454590e-01 2.460953593254089355e-01 -2.584186792373657227e-01 6.750583648681640625e-03 -5.089088082313537598e-01 1.611358821392059326e-01 -8.573203533887863159e-02 -2.838977277278900146e-01 5.280265808105468750e-01 1.710239648818969727e-01 -9.217748045921325684e-02 -2.331845462322235107e-05 1.387256532907485962e-01 -2.726900875568389893e-01 -1.520845890045166016e-01 -6.245531439781188965e-01 1.146017238497734070e-01 -4.713522791862487793e-01 -4.679537713527679443e-01 -6.702481955289840698e-02 -1.987127661705017090e-01 2.734909057617187500e-01 6.071503758430480957e-01 2.017098069190979004e-01 5.953920483589172363e-01 4.759422689676284790e-02 -2.058688849210739136e-01 2.165093868970870972e-01 1.903256326913833618e-01 2.144392132759094238e-01 -5.822402238845825195e-01 4.258017539978027344e-01 -2.593884170055389404e-01 -5.470822751522064209e-02 4.518449902534484863e-01 -4.239798784255981445e-01 -1.304663568735122681e-01 3.381155133247375488e-01 2.644975483417510986e-01 -3.486476540565490723e-01 -2.845858335494995117e-01 5.636741518974304199e-01 2.342953830957412720e-01 3.913522697985172272e-03 -4.289495646953582764e-01 -1.797930449247360229e-01 7.737482190132141113e-01 -5.031960457563400269e-02 2.471392005681991577e-01 5.955427885055541992e-01 7.668538093566894531e-01 3.550881743431091309e-01 1.413099020719528198e-01 2.155411839485168457e-01 3.067499697208404541e-01 3.253364861011505127e-01
-3.346191644668579102e-01 -3.372063934803009033e-01 4.975408911705017090e-01 -3.396584689617156982e-01 2.510673403739929199e-01 1.449999660253524780e-01 1.752643585205078125e-01 -1.683173701167106628e-02 -6.596596240997314453e-01 4.751669764518737793e-01 -3.608589768409729004e-01 -6.082941591739654541e-02 -2.815559506416320801e-01 1.131070926785469055e-01 -1.329636275768280029e-01 -3.162072300910949707e-01 4.721048772335052490e-01 3.458739817142486572e-01 -1.092240363359451294e-01 -1.221988815814256668e-02 3.533366024494171143e-01 4.878250509500503540e-02 -2.900229990482330322e-01 -3.726666867733001709e-01 9.960905462503433228e-02 -3.846843540668487549e-01 -4.258860945701599121e-01 -2.434000968933105469e-01 -1.367331892251968384e-01 4.052258431911468506e-01 4.678163230419158936e-01 3.411864638328552246e-01 4.769820570945739746e-01 5.390230566263198853e-02 -2.347903698682785034e-01 2.084212601184844971e-01 4.418126344680786133e-01 3.684148490428924561e-01 -3.219881355762481689e-01 3.318999707698822021e-01 -2.460522502660751343e-01 -5.619654804468154907e-02 1.623232662677764893e-01 -5.823227167129516602e-01 -3.634013831615447998e-01 3.118159174919128418e-01 4.926370382308959961e-01 -9.126779437065124512e-02 -3.011302053928375244e-01 3.179142177104949951e-01 3.006842136383056641e-01 -8.744286000728607178e-02 -6.753433346748352051e-01 -3.222095072269439697e-01 7.403643727302551270e-01 6.071349978446960449e-02 -1.555710732936859131e-01 3.544547557830810547e-01 8.701161742210388184e-01 1.764031648635864258e-01 2.467727810144424438e-01 2.218640446662902832e-01 2.636309564113616943e-01 3.157689571380615234e-01
-3.953213989734649658e-01 -3.072245121002197266e-01 -2.486492097377777100e-01 -3.715047538280487061e-01 -2.460913509130477905e-01 9.735770523548126221e-03 3.036767840385437012e-01 -4.275085330009460449e-01 -6.123408079147338867e-01 3.544451594352722168e-01 -6.027024984359741211e-01 1.461576968431472778e-01 -3.751552104949951172e-01 1.899123191833496094e-01 -9.729770570993423462e-02 -3.326880559325218201e-02 1.957134753465652466e-01 3.635976612567901611e-01 -2.866640388965606689e-01 9.873699396848678589e-02 1.483726203441619873e-01 1.782099604606628418e-01 -1.108560562133789062e-01 1.247332990169525146e-01 4.127568304538726807e-01 -3.595354259014129639e-01 -2.664868235588073730e-01 -5.364686846733093262e-01 -1.320856437087059021e-02 3.808507323265075684e-01 4.797601997852325439e-01 4.247941374778747559e-01 3.665285706520080566e-01 5.687728524208068848e-02 -2.633427977561950684e-01 4.690892100334167480e-01 2.764613032341003418e-01 -9.900397062301635742e-02 -1.001536399126052856e-01 -2.416695356369018555e-01 3.328942954540252686e-01 -5.040004849433898926e-01 -8.288163691759109497e-02 -4.623081088066101074e-01 2.047905623912811279e-01 2.029708772897720337e-02 5.946370363235473633e-01 1.676880270242691040e-01 -3.925413787364959717e-01 -5.590292066335678101e-02 1.388510614633560181e-01 -4.226086437702178955e-01 -2.038236707448959351e-01 -2.320488989353179932e-01 1.584072262048721313e-01 4.939589798450469971e-01 2.715175747871398926e-01 4.830160140991210938e-01 1.938669383525848389e-01 -1.292148232460021973e-01 -2.429949119687080383e-02 -1.046697348356246948e-01 1.105709001421928406e-01 5.489072799682617188e-01
-5.282476544380187988e-01 -4.064809978008270264e-01 -3.628320097923278809e-01 -7.339627742767333984e-01 -2.680599689483642578e-01 -1.328284442424774170e-01 2.269138097763061523e-01 -4.499236643314361572e-01 -4.902682304382324219e-01 3.833524584770202637e-01 -5.790135860443115234e-01 2.787430882453918457e-01 -7.629974186420440674e-02 1.592707633972167969e-01 -7.297792285680770874e-02 5.942547693848609924e-02 1.363450437784194946e-01 -1.387647166848182678e-02 -4.895871877670288086e-02 2.516509294509887695e-01 3.977319300174713135e-01 -6.692746281623840332e-02 -1.443470865488052368e-01 2.241665124893188477e-01 5.059309005737304688e-01 -4.084032177925109863e-01 -1.970107257366180420e-01 -4.650327861309051514e-01 9.430406242609024048e-02 7.469432055950164795e-02 4.596490263938903809e-01 4.204134643077850342e-01 3.661279976367950439e-01 1.570108532905578613e-01 -3.914762139320373535e-01 7.514017224311828613e-01 2.931202948093414307e-02 -2.127413004636764526e-01 -4.402704536914825439e-03 -2.365735173225402832e-01 2.702817618846893311e-01 -4.881220161914825439e-01 1.987625658512115479e-02 -1.711765676736831665e-01 3.489662408828735352e-01 -9.459742903709411621e-02 6.483814716339111328e-01 1.155197769403457642e-01 -6.244370341300964355e-01 -9.193590283393859863e-02 4.479706287384033203e-03 -3.001180887222290039e-01 1.832374632358551025e-01 -1.949892044067382812e-01 -7.297912985086441040e-02 2.847740948200225830e-01 5.337756872177124023e-01 5.746006965637207031e-01 5.092930793762207031e-02 -1.068582162261009216e-01 -7.179677486419677734e-02 5.986647307872772217e-02 1.819501370191574097e-01 2.423054575920104980e-01
